진료년도,표시과목,주상병코드,환자수,명세서 청구건수,요양급여비용총액,보험자부담금
2018,일반의,A01,5,9,255220,179120
2018,일반의,A02,203,322,36903410,30074850
2018,일반의,A03,5,6,94380,66480
2018,일반의,A04,125981,174086,3390257280,2532840120
2018,일반의,A05,7261,9892,206556600,156198400
2018,일반의,A06,725,932,15189340,11159040
2018,일반의,A07,617,780,11194660,8462160
2018,일반의,A08,63055,82461,1549937180,1166862930
2018,일반의,A09,810592,1143585,21619192250,16114755410
2018,일반의,A15,429,3240,151934700,146495230
2018,일반의,A16,585,2195,110969150,96583470
2018,일반의,A17,6,28,374970,291670
2018,일반의,A18,134,557,16517560,13737250
2018,일반의,A19,9,11,189830,155930
2018,일반의,A21,1,1,15310,10810
2018,일반의,A25,4,6,61930,51230
2018,일반의,A26,79,139,2292680,1753880
2018,일반의,A27,1,1,345800,271950
2018,일반의,A28,40,50,1128240,812440
2018,일반의,A30,94,131,6672210,5156860
2018,일반의,A31,691,1985,69745510,50427610
2018,일반의,A35,72,97,2789720,1995720
2018,일반의,A36,3,3,50480,35480
2018,일반의,A37,47,61,20159460,17561360
2018,일반의,A38,501,933,34128880,28333340
2018,일반의,A39,4,5,147600,103500
2018,일반의,A40,72,134,2100050,1574950
2018,일반의,A41,155,276,29874920,23228350
2018,일반의,A42,51,79,1492110,1056710
2018,일반의,A43,1,2,25230,17730
2018,일반의,A44,2,2,67740,50540
2018,일반의,A46,354,759,19075610,14505310
2018,일반의,A48,579,1229,23053690,17151330
2018,일반의,A49,11084,20053,744436240,528925340
2018,일반의,A50,4,4,85290,64590
2018,일반의,A51,541,944,63753210,44840540
2018,일반의,A52,38,99,3629330,2583430
2018,일반의,A53,833,1269,62624560,47558360
2018,일반의,A54,1476,2765,109102460,77003660
2018,일반의,A55,51,83,2094750,1470050
2018,일반의,A56,5301,8798,348207540,246284840
2018,일반의,A57,31,69,1897830,1375630
2018,일반의,A58,3,4,68490,48290
2018,일반의,A59,12120,20789,740987300,522495020
2018,일반의,A60,18614,32481,709142520,513121540
2018,일반의,A63,27497,47722,3165639830,2223985610
2018,일반의,A64,3851,6142,368751870,259414570
2018,일반의,A65,2,2,42060,29460
2018,일반의,A66,52,73,1816770,1304670
2018,일반의,A67,2,2,30620,21620
2018,일반의,A69,3588,5408,97928990,73718990
2018,일반의,A71,12,17,332470,254070
2018,일반의,A74,402,549,13068750,9185850
2018,일반의,A75,791,1498,84357310,64326110
2018,일반의,A77,66,76,1070370,797770
2018,일반의,A79,44,79,1583650,1177750
2018,일반의,A81,1,128,2083840,1469440
2018,일반의,A82,5,13,250490,183690
2018,일반의,A85,2,3,124550,97850
2018,일반의,A86,57,83,7832910,6904820
2018,일반의,A87,800,1093,30803780,24089810
2018,일반의,A88,412,684,11071730,8719730
2018,일반의,A92,2,3,36500,25700
2018,일반의,A93,5,5,189070,135570
2018,일반의,A95,1,1,99120,69420
2018,일반의,A97,2,2,30630,21630
2018,일반의,A98,1,1,76110,75110
2018,일반의,B00,216735,306390,4810946440,3563782720
2018,일반의,B01,11925,22608,395693550,301332460
2018,일반의,B02,200412,470617,9423625500,7069230810
2018,일반의,B05,23,34,651950,482150
2018,일반의,B06,21,28,590050,436550
2018,일반의,B07,105437,228695,11428007300,8074266900
2018,일반의,B08,56826,87674,2095276310,1604078890
2018,일반의,B09,2187,2834,43845390,33523230
2018,일반의,B15,151,235,19478970,15069110
2018,일반의,B16,344,529,19653470,13972080
2018,일반의,B17,3175,4840,263718820,187855330
2018,일반의,B18,22680,61055,3946662490,2795454140
2018,일반의,B19,953,1378,70064520,50323200
2018,일반의,B20,1,1,17480,12280
2018,일반의,B21,1,1,21020,14720
2018,일반의,B24,17,21,338670,266370
2018,일반의,B25,7,57,4068390,3512290
2018,일반의,B26,1609,2578,53980750,40469370
2018,일반의,B27,66,109,5618750,4666860
2018,일반의,B30,5550,8899,144809720,108448640
2018,일반의,B33,3265,4586,79796810,58338310
2018,일반의,B34,2049,2993,99287570,83861570
2018,일반의,B35,758899,1595839,23763066630,17731915340
2018,일반의,B36,20256,29227,456974200,333143360
2018,일반의,B37,104528,191870,5805287150,4120168620
2018,일반의,B38,4,8,120120,91520
2018,일반의,B39,2,2,28650,22650
2018,일반의,B40,2,2,25680,22680
2018,일반의,B43,739,1057,29567880,21313520
2018,일반의,B44,12,34,550170,405370
2018,일반의,B45,1,1,15310,13810
2018,일반의,B46,25,32,493610,365110
2018,일반의,B47,103,153,2208770,1683170
2018,일반의,B48,653,1356,19532980,14612480
2018,일반의,B49,1914,4209,69169080,51170580
2018,일반의,B50,2,2,30060,21160
2018,일반의,B51,5,5,68440,50040
2018,일반의,B53,4,4,56390,41490
2018,일반의,B54,115,120,1963110,1454410
2018,일반의,B56,4,6,65830,46630
2018,일반의,B58,48,104,1518690,1076390
2018,일반의,B60,29,35,663350,481450
2018,일반의,B64,19,22,340980,250480
2018,일반의,B65,16,20,301890,231590
2018,일반의,B66,822,1001,16500370,12123370
2018,일반의,B67,2,2,529780,370980
2018,일반의,B68,17,18,432400,307100
2018,일반의,B69,16,35,1167650,857450
2018,일반의,B71,2,4,54350,42050
2018,일반의,B73,2,2,31520,22220
2018,일반의,B75,1,1,16200,12800
2018,일반의,B76,26,30,544460,418760
2018,일반의,B77,27,27,658250,482850
2018,일반의,B78,1,1,19110,13410
2018,일반의,B79,25,25,1178050,828050
2018,일반의,B80,120,143,2401880,1856180
2018,일반의,B81,36,42,6071400,4266000
2018,일반의,B82,67,71,2559550,1833650
2018,일반의,B83,288,329,5774950,4237850
2018,일반의,B85,3806,4508,76598270,55878570
2018,일반의,B86,8978,13927,215311350,162919850
2018,일반의,B87,6,11,162210,140010
2018,일반의,B88,3388,4988,124676320,91012320
2018,일반의,B89,118,129,2701360,1969560
2018,일반의,B90,474,714,40762810,29445910
2018,일반의,B91,19,132,4440620,3114920
2018,일반의,B92,1,1,15310,13810
2018,일반의,B94,35,50,3305010,2347810
2018,일반의,B96,28,55,1777540,1339750
2018,일반의,B97,1159,2001,106455270,75101450
2018,일반의,B98,2638,3318,68244650,48637550
2018,일반의,B99,330,436,8097100,6266710
2018,일반의,C00,9,12,1163500,1047830
2018,일반의,C01,17,145,9051860,8305940
2018,일반의,C02,80,396,51359330,45938690
2018,일반의,C03,15,155,50414490,47273760
2018,일반의,C04,6,10,4254520,3959630
2018,일반의,C05,15,122,34997830,32785880
2018,일반의,C06,47,309,62474390,58068610
2018,일반의,C07,18,42,13090240,12052240
2018,일반의,C08,45,321,67796150,62979520
2018,일반의,C09,69,278,38356720,35542660
2018,일반의,C10,33,195,46461580,43490870
2018,일반의,C11,76,363,39098380,35877290
2018,일반의,C12,3,14,488120,436150
2018,일반의,C13,41,297,80741000,75768740
2018,일반의,C14,10,32,2511820,2293610
2018,일반의,C15,445,2449,339966920,315075990
2018,일반의,C16,4417,24635,1911183760,1777221160
2018,일반의,C17,75,458,52460230,49447840
2018,일반의,C18,2442,14802,1537075600,1432201290
2018,일반의,C19,268,1823,170835180,158319350
2018,일반의,C20,1139,6439,890278450,820284750
2018,일반의,C21,73,398,16902090,15205920
2018,일반의,C22,2054,9877,1595222490,1482954570
2018,일반의,C23,266,1312,354363410,330753550
2018,일반의,C24,479,2715,623533000,582367230
2018,일반의,C25,1047,6720,1544016700,1445042200
2018,일반의,C26,64,421,9172640,8271150
2018,일반의,C30,22,95,3090140,2758440
2018,일반의,C31,33,532,40754940,38000470
2018,일반의,C32,144,846,65357430,60359040
2018,일반의,C33,10,53,2462370,2157970
2018,일반의,C34,3211,19354,2879844940,2672404450
2018,일반의,C37,74,410,222063750,208336840
2018,일반의,C38,25,180,10917870,9949280
2018,일반의,C39,27,137,2550690,2376190
2018,일반의,C40,29,85,64008800,59400520
2018,일반의,C41,71,582,101671510,94521490
2018,일반의,C43,250,900,64857330,59452590
2018,일반의,C44,677,3557,166233450,148122710
2018,일반의,C45,11,60,22664270,21137760
2018,일반의,C46,24,264,6392860,5863340
2018,일반의,C47,10,40,3335490,2991150
2018,일반의,C48,61,406,47404560,44245610
2018,일반의,C49,148,1198,114749130,106402900
2018,일반의,C50,5256,30552,2157824270,1950673100
2018,일반의,C51,10,139,3721930,3401560
2018,일반의,C52,14,27,1050470,928580
2018,일반의,C53,606,3835,352176380,321286880
2018,일반의,C54,481,2512,260961820,231993760
2018,일반의,C55,85,721,29890960,27782900
2018,일반의,C56,978,5332,571305160,510735710
2018,일반의,C57,92,745,48123030,44262830
2018,일반의,C58,4,16,508690,457190
2018,일반의,C60,4,5,9701000,9149550
2018,일반의,C61,1920,11885,848515110,788599400
2018,일반의,C62,31,120,3721940,3169640
2018,일반의,C63,16,41,2386530,1959500
2018,일반의,C64,470,2942,470805500,439685910
2018,일반의,C65,77,351,61222470,56625630
2018,일반의,C66,63,396,92821820,86265890
2018,일반의,C67,658,3789,348281410,319404620
2018,일반의,C68,37,187,15501170,14657270
2018,일반의,C69,10,198,14882760,13826220
2018,일반의,C70,25,196,11082450,10412110
2018,일반의,C71,332,2236,381964050,355460090
2018,일반의,C72,46,203,9669950,8618460
2018,일반의,C73,7896,23123,1746647650,1533688880
2018,일반의,C74,23,210,37119720,34729620
2018,일반의,C75,37,298,9559730,8663200
2018,일반의,C76,73,268,12072190,10940660
2018,일반의,C77,148,398,44805660,39281650
2018,일반의,C78,263,1536,118719040,109089480
2018,일반의,C79,139,1277,84366410,78147470
2018,일반의,C80,162,702,158641050,147682970
2018,일반의,C81,42,188,9122070,8045460
2018,일반의,C82,49,334,9121930,8530640
2018,일반의,C83,155,834,162800800,151328680
2018,일반의,C84,29,180,27345740,25747480
2018,일반의,C85,201,1149,83987750,78442660
2018,일반의,C86,22,100,16582690,15317830
2018,일반의,C88,69,393,8002830,7440030
2018,일반의,C90,172,1028,136786420,127768210
2018,일반의,C91,76,457,54605960,50806380
2018,일반의,C92,181,915,35959790,33351050
2018,일반의,C93,16,31,928190,869490
2018,일반의,C94,23,92,2299460,2134660
2018,일반의,C95,47,196,5107530,4642790
2018,일반의,C96,39,221,4008660,3744260
2018,일반의,C97,2,28,309270,264170
2018,일반의,D00,68,255,11057840,10263840
2018,일반의,D01,422,1693,98008940,90182010
2018,일반의,D02,68,506,11569390,10790760
2018,일반의,D03,86,209,4363190,3526490
2018,일반의,D04,131,666,21719510,19892070
2018,일반의,D05,525,1716,91635740,82064350
2018,일반의,D06,436,1668,94086270,84455580
2018,일반의,D07,323,592,26452290,20849510
2018,일반의,D09,136,833,22736400,21371580
2018,일반의,D10,518,733,29587240,21301660
2018,일반의,D11,206,303,12729400,9273020
2018,일반의,D12,18463,21615,5817740170,4125996460
2018,일반의,D13,8657,9783,1232118800,869681890
2018,일반의,D14,2068,2349,273742580,193459410
2018,일반의,D15,133,163,14614000,10670380
2018,일반의,D16,265,396,26338870,18953070
2018,일반의,D17,28575,71622,3673893650,2642471640
2018,일반의,D18,5900,7597,847185540,596434350
2018,일반의,D19,25,50,2459570,1729770
2018,일반의,D20,20,39,3062910,2233160
2018,일반의,D21,12278,34689,1721455450,1243412740
2018,일반의,D22,2059,2481,52001310,37870510
2018,일반의,D23,55908,112280,5581453180,3989929660
2018,일반의,D24,21119,31547,1828385680,1307788180
2018,일반의,D25,25689,34645,3239608250,2503686950
2018,일반의,D26,744,817,28611870,20512190
2018,일반의,D27,5770,7432,676697520,515259500
2018,일반의,D28,1917,3463,497618220,349500270
2018,일반의,D29,1206,2029,193473090,136607940
2018,일반의,D30,1631,1923,247020940,175611900
2018,일반의,D31,112,158,11189180,8095180
2018,일반의,D32,335,1831,95870510,85339800
2018,일반의,D33,389,1410,154169270,133380120
2018,일반의,D34,15725,19929,1196477300,847389740
2018,일반의,D35,603,1393,83482850,61993630
2018,일반의,D36,3014,5924,314493060,224891300
2018,일반의,D37,2166,3126,326360460,240727360
2018,일반의,D38,1711,2100,204033130,145317640
2018,일반의,D39,1298,1824,171601750,122019520
2018,일반의,D40,178,584,14197560,12000600
2018,일반의,D41,354,488,51654560,37208020
2018,일반의,D42,31,137,7153840,6354910
2018,일반의,D43,142,344,38063870,32292950
2018,일반의,D44,2713,3626,306580140,220069880
2018,일반의,D45,49,296,7660520,7047020
2018,일반의,D46,77,633,14668730,13578150
2018,일반의,D47,174,615,21027380,18789640
2018,일반의,D48,1999,2977,263245870,189078240
2018,일반의,D50,51310,93774,2611866110,1901232420
2018,일반의,D51,566,1751,29067360,23150660
2018,일반의,D52,414,746,11324460,8661140
2018,일반의,D53,668,1325,29783190,22251260
2018,일반의,D55,12,32,572350,426250
2018,일반의,D56,5,9,236930,204130
2018,일반의,D58,14,44,766980,579580
2018,일반의,D59,88,167,2475360,1889660
2018,일반의,D60,7,14,213620,163820
2018,일반의,D61,50,159,4333650,3601500
2018,일반의,D62,78,122,4270490,3062500
2018,일반의,D63,146,380,12905530,10880230
2018,일반의,D64,22099,31255,1191387000,861913470
2018,일반의,D65,4,6,163930,123030
2018,일반의,D66,1049,19856,74766800160,67714393460
2018,일반의,D67,253,4247,28331264270,25614855970
2018,일반의,D68,407,975,788609920,706826920
2018,일반의,D69,4336,6481,133112410,100109760
2018,일반의,D70,38,70,1843740,1525130
2018,일반의,D71,1,1,15310,10810
2018,일반의,D72,1544,1892,53669760,38308420
2018,일반의,D73,128,159,16077760,11313360
2018,일반의,D74,1,1,10950,7750
2018,일반의,D75,437,535,20457700,14696540
2018,일반의,D76,23,50,2281930,1630130
2018,일반의,D77,5,12,207560,154960
2018,일반의,D80,6,18,678620,576920
2018,일반의,D81,4,10,359260,301560
2018,일반의,D82,18,311,18542950,17275620
2018,일반의,D83,2,10,161350,145950
2018,일반의,D84,30,103,2079420,1742920
2018,일반의,D86,16,88,4665050,4037650
2018,일반의,D89,11,18,1074590,804840
2018,일반의,E00,23,47,1163450,833450
2018,일반의,E01,54,73,2823640,2047940
2018,일반의,E02,523,2525,78074610,58286410
2018,일반의,E03,58550,202017,5757501890,4174726320
2018,일반의,E04,27556,34861,1945436600,1376846570
2018,일반의,E05,19537,64988,2476418160,1767674900
2018,일반의,E06,9979,18202,944308660,670115330
2018,일반의,E07,21576,29734,1568215460,1117611170
2018,일반의,E10,9138,39424,832840930,647103890
2018,일반의,E11,485871,3184870,64744012420,50404403040
2018,일반의,E12,187,1002,18225420,14571600
2018,일반의,E13,18141,95994,1973389030,1528268500
2018,일반의,E14,76774,378756,7735865100,5973875070
2018,일반의,E15,18,21,1110350,865170
2018,일반의,E16,2401,3695,94770420,74435040
2018,일반의,E20,285,618,16684890,12296590
2018,일반의,E21,1061,1891,139115160,98190660
2018,일반의,E22,1764,3292,124918550,89795050
2018,일반의,E23,455,1980,37315150,28588620
2018,일반의,E24,118,411,18274700,14877030
2018,일반의,E25,37,139,2103820,1737820
2018,일반의,E26,18,36,2358730,2084930
2018,일반의,E27,594,1230,47241280,35822060
2018,일반의,E28,9311,19833,1072665900,753208910
2018,일반의,E29,868,1982,72201190,51336490
2018,일반의,E30,5007,22128,2020608620,1419522920
2018,일반의,E31,3,11,134210,94810
2018,일반의,E32,18,19,1070550,762350
2018,일반의,E34,884,1846,35223430,25210730
2018,일반의,E35,278,398,30624960,21573360
2018,일반의,E40,2,2,27150,20550
2018,일반의,E41,185,382,6164460,4917460
2018,일반의,E42,1,1,15610,14110
2018,일반의,E43,2,3,76280,59480
2018,일반의,E44,62,115,2436160,1804060
2018,일반의,E45,4,4,65930,51630
2018,일반의,E46,320,687,9079860,7166250
2018,일반의,E50,6417,10451,146111590,109200990
2018,일반의,E51,109,212,10865430,8181090
2018,일반의,E53,753,1122,14287220,11012220
2018,일반의,E54,109,220,3941120,2827920
2018,일반의,E55,22499,33835,649189170,471511950
2018,일반의,E56,1260,1714,32345340,24260540
2018,일반의,E58,1970,4272,63487600,48758900
2018,일반의,E59,2,3,48530,34230
2018,일반의,E60,40,52,1813260,1284160
2018,일반의,E61,1053,1509,25773760,19423860
2018,일반의,E63,1709,3136,63964550,51181190
2018,일반의,E64,56,98,1275850,961450
2018,일반의,E65,40,49,964030,701930
2018,일반의,E66,5063,9323,137028760,96970310
2018,일반의,E67,115,198,2926350,2081650
2018,일반의,E68,1,1,46610,32710
2018,일반의,E70,28,123,3256940,2851640
2018,일반의,E71,25,163,49584440,43002810
2018,일반의,E72,10,102,8623350,8070700
2018,일반의,E73,175,230,3386590,2727490
2018,일반의,E74,17,89,3057580,2719680
2018,일반의,E75,53,371,13870710,12003810
2018,일반의,E76,11,22,797110,627610
2018,일반의,E77,5,84,1264380,1135180
2018,일반의,E78,419039,1192779,24553560160,17965049210
2018,일반의,E79,1258,2030,54272090,39796190
2018,일반의,E80,190,239,6956540,4967140
2018,일반의,E83,3724,6894,133998790,103874000
2018,일반의,E84,14,23,825690,631290
2018,일반의,E85,14,100,2545720,2261920
2018,일반의,E86,39833,62762,1882428910,1425094700
2018,일반의,E87,8355,15587,657941880,516697920
2018,일반의,E88,1173,2481,81932730,61819330
2018,일반의,E89,1526,4559,101479820,74240870
2018,일반의,E90,35,45,750690,554790
2018,일반의,F00,36342,208775,7533733310,5735296300
2018,일반의,F01,3289,13312,476103820,363162640
2018,일반의,F02,379,1440,73787010,57313900
2018,일반의,F03,5285,15466,644776730,505576910
2018,일반의,F04,22,66,999650,812550
2018,일반의,F05,193,502,13954640,10735010
2018,일반의,F06,53661,159997,3075854440,2483990260
2018,일반의,F07,678,1710,127114540,95049370
2018,일반의,F09,103,521,10869040,8412140
2018,일반의,F10,2388,10597,3071048300,2320789190
2018,일반의,F11,3,8,5635440,4018960
2018,일반의,F12,1,1,59340,41540
2018,일반의,F13,32,153,2830980,2189680
2018,일반의,F14,3,5,63970,56470
2018,일반의,F15,2,7,365920,264720
2018,일반의,F16,4,6,224290,177090
2018,일반의,F17,579,1094,15731280,11247280
2018,일반의,F18,4,4,154410,111310
2018,일반의,F19,22,52,3468080,2572670
2018,일반의,F20,4178,44828,6764910100,5554733700
2018,일반의,F21,24,261,10807370,9664270
2018,일반의,F22,284,2068,200949340,154976990
2018,일반의,F23,231,1490,144566920,111362040
2018,일반의,F24,1,1,29070,20370
2018,일반의,F25,420,5881,692957860,570912320
2018,일반의,F28,159,975,162518100,130223670
2018,일반의,F29,665,7307,624128630,503043210
2018,일반의,F30,133,624,22362640,16962180
2018,일반의,F31,6603,50711,3648808090,2768648550
2018,일반의,F32,48654,284467,13590969230,10322147560
2018,일반의,F33,6550,41216,1829873940,1375580110
2018,일반의,F34,2971,18297,770120310,582928590
2018,일반의,F38,2636,6577,198989780,150041080
2018,일반의,F39,1408,3595,79412000,62688100
2018,일반의,F40,3918,15762,635490700,481750520
2018,일반의,F41,85087,305352,9112199560,6950145350
2018,일반의,F42,1547,11591,602049610,451023350
2018,일반의,F43,9740,33211,1625371290,1239722700
2018,일반의,F44,104,345,19668150,14771150
2018,일반의,F45,10876,28397,737671870,563674030
2018,일반의,F48,19287,40431,888399930,673550370
2018,일반의,F50,2203,8429,438171850,338872010
2018,일반의,F51,69199,253644,5104429150,3903421430
2018,일반의,F52,1227,1812,21377160,15807160
2018,일반의,F53,9,41,2784460,2225660
2018,일반의,F54,198,277,4239860,3179160
2018,일반의,F55,5,11,137500,99400
2018,일반의,F59,562,988,13601760,10142060
2018,일반의,F60,126,703,76394890,56847750
2018,일반의,F62,9,38,28357630,21667410
2018,일반의,F63,321,1092,61818540,46482530
2018,일반의,F64,749,5270,84507890,60358890
2018,일반의,F65,34,205,10950270,8453970
2018,일반의,F66,53,122,2324530,1797330
2018,일반의,F68,9,15,571490,404990
2018,일반의,F69,3,13,689440,592140
2018,일반의,F70,655,3576,297642640,230462410
2018,일반의,F71,275,2010,136319920,103616560
2018,일반의,F72,165,1480,97620760,75108300
2018,일반의,F73,24,182,35219240,25901810
2018,일반의,F78,87,640,48640250,40526610
2018,일반의,F79,98,746,78223320,62594670
2018,일반의,F80,654,4632,285421370,253986310
2018,일반의,F81,78,388,15875250,12136250
2018,일반의,F82,11,78,1931540,1584040
2018,일반의,F83,25,1174,44687520,33797020
2018,일반의,F84,908,10009,661955580,535765510
2018,일반의,F88,6,6,93640,68840
2018,일반의,F89,34,77,4518600,3501100
2018,일반의,F90,6455,58760,2969823280,2233717850
2018,일반의,F91,240,1431,64793050,49274770
2018,일반의,F92,485,1801,96945050,77226440
2018,일반의,F93,513,2139,124029650,94026120
2018,일반의,F94,87,405,24061480,18696480
2018,일반의,F95,1238,7866,454930230,340014400
2018,일반의,F98,547,1533,147073670,117005730
2018,일반의,F99,550,3730,157738650,118009450
2018,일반의,G00,46,60,12961380,11300950
2018,일반의,G02,12,19,681260,502460
2018,일반의,G03,204,251,20739030,18006130
2018,일반의,G04,63,435,31086550,26205350
2018,일반의,G05,1085,1384,26893780,19676730
2018,일반의,G06,12,21,3852000,2893520
2018,일반의,G08,2,3,46390,34690
2018,일반의,G09,5,78,1152330,909330
2018,일반의,G10,4,20,945890,764590
2018,일반의,G11,71,1112,60533220,52849100
2018,일반의,G12,135,2038,71222250,62416840
2018,일반의,G13,11,19,368590,336590
2018,일반의,G14,70,243,4690780,3563980
2018,일반의,G20,4216,24098,634645940,554127550
2018,일반의,G21,605,2213,48008640,38852250
2018,일반의,G22,233,1080,18947280,15472080
2018,일반의,G23,67,239,7740720,6184120
2018,일반의,G24,2951,4823,92525380,70357680
2018,일반의,G25,11590,30245,622078280,479030360
2018,일반의,G26,15,26,485630,383130
2018,일반의,G30,1737,8109,134886050,106326050
2018,일반의,G31,60287,172922,2645339660,2184125640
2018,일반의,G32,111,320,4709620,3824920
2018,일반의,G35,60,812,15283800,13601500
2018,일반의,G36,12,51,1016230,896430
2018,일반의,G37,58,488,21775420,16319680
2018,일반의,G40,5254,27788,779320760,624409630
2018,일반의,G41,358,2195,73757180,65634740
2018,일반의,G43,94131,178374,3167130970,2344321340
2018,일반의,G44,84648,141642,3401104070,2502533470
2018,일반의,G45,2911,8465,203304930,159131230
2018,일반의,G46,999,3073,108057170,82941710
2018,일반의,G47,174477,541748,11963146090,9338538060
2018,일반의,G50,8179,22482,565200830,426160720
2018,일반의,G51,4145,13256,302744180,222943040
2018,일반의,G52,265,505,13077720,9918040
2018,일반의,G53,38247,130444,2434570430,1934761560
2018,일반의,G54,5636,17047,928881630,689253360
2018,일반의,G55,1909,7905,319686710,235403970
2018,일반의,G56,25819,62155,2259540120,1631683090
2018,일반의,G57,22761,70431,2588487220,1880437200
2018,일반의,G58,11991,25398,851278620,628624570
2018,일반의,G59,617,1593,26625580,21103840
2018,일반의,G60,31,406,14737130,13509730
2018,일반의,G61,103,921,37817540,32749260
2018,일반의,G62,1473,4335,105183580,80907830
2018,일반의,G63,3980,14142,285627600,226774020
2018,일반의,G64,3838,7830,153872840,119331640
2018,일반의,G70,180,782,14668360,12826680
2018,일반의,G71,184,3645,149638220,135174270
2018,일반의,G72,144,174,3627430,2864030
2018,일반의,G73,52,74,1221560,911960
2018,일반의,G80,1381,62927,4341417090,3671470440
2018,일반의,G81,1123,18942,1063465620,807533380
2018,일반의,G82,347,6694,368559270,286156350
2018,일반의,G83,390,1388,52691760,41219160
2018,일반의,G90,2992,5516,134491320,100333240
2018,일반의,G91,272,962,42464880,33982530
2018,일반의,G93,1343,3975,219515810,179741830
2018,일반의,G94,9,81,905060,782060
2018,일반의,G95,993,4047,89091720,67606140
2018,일반의,G96,70,271,11496960,9365860
2018,일반의,G97,6,8,353860,289120
2018,일반의,G98,64,104,3551280,2559680
2018,일반의,G99,749,1688,29730700,23057450
2018,일반의,H00,79975,107548,1955556380,1408387090
2018,일반의,H01,33215,41373,654018580,485752750
2018,일반의,H02,8050,19641,616766080,458195390
2018,일반의,H03,870,1972,41284550,32634300
2018,일반의,H04,87897,152563,2414129020,1812271060
2018,일반의,H05,934,1130,19860640,14677700
2018,일반의,H06,114,171,4009780,2955750
2018,일반의,H10,235886,331035,5350436420,4060224470
2018,일반의,H11,21770,33994,599017640,444933360
2018,일반의,H13,234,314,4834200,3624600
2018,일반의,H15,567,895,16010020,11913620
2018,일반의,H16,32883,52591,894865540,676707100
2018,일반의,H17,197,522,12317150,9535850
2018,일반의,H18,1002,1866,30794330,23474530
2018,일반의,H19,5547,10541,197211800,149075500
2018,일반의,H20,1002,2933,55223210,41327120
2018,일반의,H21,64,98,1947610,1433710
2018,일반의,H22,2,3,79960,56160
2018,일반의,H25,14355,36451,985651010,772580920
2018,일반의,H26,2639,4629,130373370,97745550
2018,일반의,H27,313,1127,24228930,19869930
2018,일반의,H28,27,46,723050,575250
2018,일반의,H30,241,308,6093980,4823280
2018,일반의,H31,136,284,13590670,9885270
2018,일반의,H32,3,8,110480,92380
2018,일반의,H33,63,74,2324160,1655360
2018,일반의,H34,253,615,10527550,8190650
2018,일반의,H35,3177,6171,161806370,124469720
2018,일반의,H36,4609,12957,233637000,185947900
2018,일반의,H40,7073,16204,315471750,245046360
2018,일반의,H42,134,318,4145480,3482480
2018,일반의,H43,2018,3183,89977580,65774280
2018,일반의,H44,321,437,8144650,6364300
2018,일반의,H45,16,21,398660,300260
2018,일반의,H46,21,31,1589670,1124670
2018,일반의,H47,131,214,8486030,6195530
2018,일반의,H48,2,2,57640,43740
2018,일반의,H49,34,96,2889990,2197450
2018,일반의,H50,324,389,11880280,9084260
2018,일반의,H51,7,8,197410,143310
2018,일반의,H52,20320,25711,899974630,639859130
2018,일반의,H53,1058,1467,46997360,33967150
2018,일반의,H54,319,695,13060590,10622190
2018,일반의,H55,80,82,4840130,3510030
2018,일반의,H57,715,911,18267810,13493910
2018,일반의,H58,2,2,53290,41190
2018,일반의,H59,60,107,1440960,1145660
2018,일반의,H60,102589,173574,2788536330,2089494150
2018,일반의,H61,18713,28044,714209160,526236030
2018,일반의,H62,1499,3300,55907180,42284280
2018,일반의,H65,51617,120649,2025948180,1530721550
2018,일반의,H66,141804,360887,6270640070,4821210890
2018,일반의,H67,2572,4215,73764450,54171750
2018,일반의,H68,5684,10361,167733930,123468220
2018,일반의,H69,1166,1534,39942460,28899960
2018,일반의,H70,169,231,4573700,3363900
2018,일반의,H71,262,1312,99434220,76850840
2018,일반의,H72,740,1603,99715080,75785240
2018,일반의,H73,1411,3548,56723370,42438640
2018,일반의,H74,121,423,90790030,70103410
2018,일반의,H75,3,3,53080,37280
2018,일반의,H80,20,43,4480010,3427070
2018,일반의,H81,121730,227529,4724215500,3636221170
2018,일반의,H82,1045,1569,26038240,20605990
2018,일반의,H83,587,841,15788410,11866510
2018,일반의,H90,6933,14677,2525788310,1979273460
2018,일반의,H91,4588,7716,323048670,232279940
2018,일반의,H92,3485,4570,78574050,58191050
2018,일반의,H93,16256,30207,818835320,606424310
2018,일반의,H94,5,6,97010,71410
2018,일반의,H95,16,44,908340,660640
2018,일반의,I00,191,477,9305490,7244920
2018,일반의,I01,44,69,1332450,1008150
2018,일반의,I02,2,2,30620,21620
2018,일반의,I05,260,738,25067480,18356880
2018,일반의,I06,78,231,11558690,8365390
2018,일반의,I07,155,224,4446680,3274480
2018,일반의,I08,156,420,37463560,32238650
2018,일반의,I09,18,32,554590,403990
2018,일반의,I10,1559672,10824037,1.78432E+11,1.40812E+11
2018,일반의,I11,20686,132138,2269847840,1822895690
2018,일반의,I12,869,3806,76503870,58766850
2018,일반의,I13,2661,16727,297274440,238114580
2018,일반의,I15,1897,8662,131198710,103879300
2018,일반의,I20,25658,76444,1498570910,1177687680
2018,일반의,I21,1369,3674,112867750,85099730
2018,일반의,I22,141,852,14488300,12065110
2018,일반의,I23,124,430,7115740,5551780
2018,일반의,I24,834,2391,47452670,37668420
2018,일반의,I25,4044,11023,241387680,187516730
2018,일반의,I26,90,256,14286870,10809050
2018,일반의,I27,58,193,6309430,5317240
2018,일반의,I28,15,18,635790,469790
2018,일반의,I30,24,35,960010,711410
2018,일반의,I31,154,360,14549580,10576580
2018,일반의,I32,2,3,32850,23250
2018,일반의,I33,10,19,665030,488520
2018,일반의,I34,325,750,26128070,19029270
2018,일반의,I35,426,1323,44959470,34379520
2018,일반의,I36,15,35,1133090,881490
2018,일반의,I37,25,63,2415950,1932950
2018,일반의,I38,18,27,400930,307030
2018,일반의,I39,32,68,1394600,1029800
2018,일반의,I40,30,41,1556060,1129580
2018,일반의,I41,22,26,492270,354990
2018,일반의,I42,432,1810,59454900,48572820
2018,일반의,I43,2,2,21900,17200
2018,일반의,I44,137,200,5222640,3887660
2018,일반의,I45,326,464,9127980,6920880
2018,일반의,I46,13,13,3216570,2369340
2018,일반의,I47,1901,4284,79644670,60683730
2018,일반의,I48,3634,12390,276415800,215249070
2018,일반의,I49,10575,19615,425593700,322072990
2018,일반의,I50,6919,23364,457591730,366760910
2018,일반의,I51,2021,3447,73247910,55883210
2018,일반의,I52,25,39,524200,409700
2018,일반의,I60,127,657,215293840,164968470
2018,일반의,I61,418,3250,203762510,161656910
2018,일반의,I62,74,293,78241230,65088110
2018,일반의,I63,12780,55388,1575039950,1226159810
2018,일반의,I64,670,2079,58869190,45669290
2018,일반의,I65,5047,11256,399911960,293618590
2018,일반의,I66,896,2191,96871130,71835960
2018,일반의,I67,10651,26938,1016283680,775019300
2018,일반의,I68,363,1171,41273180,31042160
2018,일반의,I69,4636,23796,473534100,380400510
2018,일반의,I70,10034,25996,510578430,392898720
2018,일반의,I71,260,570,21760560,16456790
2018,일반의,I72,193,368,10678670,8037450
2018,일반의,I73,63350,139975,2132493490,1684366490
2018,일반의,I74,920,2196,33826450,27384850
2018,일반의,I77,154,276,11957390,8977490
2018,일반의,I78,1461,2290,37882660,28591460
2018,일반의,I79,617,1513,26440820,21025100
2018,일반의,I80,2142,4309,75703910,58164640
2018,일반의,I81,7,7,97160,68560
2018,일반의,I82,609,1511,19694850,15404310
2018,일반의,I83,23400,55460,3622439380,2791492320
2018,일반의,I84,4,15,1067980,764480
2018,일반의,I85,44,64,4059160,2967360
2018,일반의,I86,1342,2426,173134380,122735730
2018,일반의,I87,24551,51978,781451170,590431690
2018,일반의,I88,5074,7162,151485830,112259860
2018,일반의,I89,5424,11403,202355910,151597140
2018,일반의,I95,4368,6160,124187510,94612890
2018,일반의,I97,64,377,7515320,6162630
2018,일반의,I98,100,218,2727040,2054540
2018,일반의,I99,745,1490,27732480,21477080
2018,일반의,J00,913943,1682185,25623885310,19264155630
2018,일반의,J01,400454,850120,12800265280,9543543150
2018,일반의,J02,842423,1483366,22861539490,16953701060
2018,일반의,J03,1240525,2182640,35208712340,26009775790
2018,일반의,J04,482724,915126,14177794130,10635326690
2018,일반의,J05,9086,14430,307551440,244342040
2018,일반의,J06,1307249,2392866,36709790980,27412547480
2018,일반의,J09,29042,41735,902952940,684007130
2018,일반의,J10,207999,293202,7299828880,5677045840
2018,일반의,J11,195082,278167,5204336340,3882855300
2018,일반의,J12,786,1182,104185970,89296080
2018,일반의,J13,205,249,145532840,133007780
2018,일반의,J14,50,62,14180900,11557020
2018,일반의,J15,35148,78442,2166248560,1704543630
2018,일반의,J16,1045,2245,42574850,33593830
2018,일반의,J17,354,773,17943150,13828360
2018,일반의,J18,94685,210117,8068716660,6461785260
2018,일반의,J20,4195069,9944092,1.53143E+11,1.15263E+11
2018,일반의,J21,167474,403526,6566860280,5041909040
2018,일반의,J22,180283,364910,5640967210,4238597960
2018,일반의,J30,1334488,2598652,39994446770,29851841960
2018,일반의,J31,45558,120439,1777197310,1343366230
2018,일반의,J32,80739,187855,3271379950,2412755040
2018,일반의,J33,410,759,26131830,18891430
2018,일반의,J34,25818,47209,1636410550,1235158600
2018,일반의,J35,25630,47617,803614510,590725260
2018,일반의,J36,183979,326912,5229087960,3863997390
2018,일반의,J37,16568,31289,504518160,378382900
2018,일반의,J38,10238,18318,413837820,299019760
2018,일반의,J39,60557,112657,1911035270,1407246860
2018,일반의,J40,464138,938190,14518014760,11040783910
2018,일반의,J41,105448,246322,3643183920,2848895350
2018,일반의,J42,94142,214998,3514507000,2749743200
2018,일반의,J43,1676,2364,167059660,119620490
2018,일반의,J44,18534,58901,1035800360,839956420
2018,일반의,J45,235896,620258,10477032200,8176770140
2018,일반의,J46,3804,11277,202673080,156930790
2018,일반의,J47,3874,9290,266918360,199802920
2018,일반의,J60,51,80,1286750,1062750
2018,일반의,J61,20,108,2385010,1887110
2018,일반의,J62,5,7,141570,101270
2018,일반의,J63,4,11,47280,33280
2018,일반의,J64,47,129,3150940,2428340
2018,일반의,J65,4,5,81840,66540
2018,일반의,J66,9,11,186840,151940
2018,일반의,J67,4,12,143780,112980
2018,일반의,J68,28,39,836900,624900
2018,일반의,J69,44,123,4543020,3506780
2018,일반의,J70,17,19,406500,301400
2018,일반의,J80,37,51,4625550,3661850
2018,일반의,J81,96,144,13741030,10838290
2018,일반의,J82,69,110,4915340,3698790
2018,일반의,J84,997,1873,78264030,58545740
2018,일반의,J85,52,138,8158150,6247410
2018,일반의,J86,18,155,9361350,6952440
2018,일반의,J90,412,578,35138020,27486580
2018,일반의,J91,40,65,4063220,2925490
2018,일반의,J92,31,33,2059660,1471460
2018,일반의,J93,1038,1493,55858790,41926200
2018,일반의,J94,212,257,12205580,8836630
2018,일반의,J95,2,2,35510,25010
2018,일반의,J96,79,119,2661790,2113860
2018,일반의,J98,11812,13659,1234460400,872444730
2018,일반의,J99,17,20,1902880,1335980
2018,일반의,K00,28,32,508720,383020
2018,일반의,K01,31,36,552350,400450
2018,일반의,K02,188,226,3486080,2712180
2018,일반의,K03,85,122,1951930,1563730
2018,일반의,K04,3363,5893,93486630,72926190
2018,일반의,K05,39515,69385,995386050,785414260
2018,일반의,K06,165,227,3746940,2828840
2018,일반의,K07,7005,12435,239073810,177557700
2018,일반의,K08,2265,2833,44835950,33983550
2018,일반의,K09,142,168,4026090,2946690
2018,일반의,K10,288,412,7367800,5582300
2018,일반의,K11,9218,13858,260173810,192145060
2018,일반의,K12,93580,149718,2345469500,1804024080
2018,일반의,K13,6417,8754,138469080,103173540
2018,일반의,K14,8047,12091,182969210,143020210
2018,일반의,K20,4156,6764,151683810,110807380
2018,일반의,K21,736988,1343496,26283427190,19472925650
2018,일반의,K22,945,1667,53825490,39957330
2018,일반의,K23,328,461,7343260,5384160
2018,일반의,K25,159358,289575,6795398740,5014685370
2018,일반의,K26,40998,61562,1902097020,1364220960
2018,일반의,K27,74197,144434,2316339840,1769032690
2018,일반의,K28,656,1140,28986600,21275020
2018,일반의,K29,1267840,2133480,40283899430,29937086360
2018,일반의,K30,132951,197430,3304563030,2480153910
2018,일반의,K31,24331,36190,1268299260,926151910
2018,일반의,K35,4238,5487,1263805500,1016230410
2018,일반의,K36,594,675,22790880,16358840
2018,일반의,K37,1763,1901,48198170,34979040
2018,일반의,K38,262,299,10835550,8117290
2018,일반의,K40,2140,3041,210605960,168168010
2018,일반의,K41,94,120,2485320,1931420
2018,일반의,K42,184,255,9523100,7313640
2018,일반의,K43,264,376,19107100,14964020
2018,일반의,K44,25,33,878470,662670
2018,일반의,K45,61,76,2035030,1570500
2018,일반의,K46,310,346,7788920,6086560
2018,일반의,K50,686,1675,42538490,35005830
2018,일반의,K51,1072,2919,105738190,83342520
2018,일반의,K52,433553,614466,10706769390,7984629930
2018,일반의,K55,120,142,12962990,9568660
2018,일반의,K56,7440,11208,295485370,223987220
2018,일반의,K57,1812,2649,228112990,165684410
2018,일반의,K58,281948,429781,9827155170,7283774790
2018,일반의,K59,304376,491295,9863700100,7411610470
2018,일반의,K60,5917,15024,1257556350,995665020
2018,일반의,K61,3552,10569,899301450,726395970
2018,일반의,K62,5087,6945,507422080,367370000
2018,일반의,K63,99240,111560,34525637650,24311680190
2018,일반의,K64,38214,79548,6056713620,4753248980
2018,일반의,K65,363,477,31035220,23451510
2018,일반의,K66,102,185,14879010,11357470
2018,일반의,K67,9,15,242500,181500
2018,일반의,K70,13800,26857,840740050,609807870
2018,일반의,K71,6808,13292,393254250,286193170
2018,일반의,K72,970,1825,53849870,39183440
2018,일반의,K73,27513,55039,1746710840,1261332010
2018,일반의,K74,2238,5428,279968600,205741280
2018,일반의,K75,42684,73832,2388787850,1710398190
2018,일반의,K76,124860,181908,8627977090,6140448470
2018,일반의,K77,1455,2522,115933420,83371220
2018,일반의,K80,9308,15800,840275110,615489790
2018,일반의,K81,2137,3100,252640210,189281060
2018,일반의,K82,11083,12187,1182233540,833209580
2018,일반의,K83,3448,4765,151962590,109504250
2018,일반의,K85,1344,2374,159442430,118299600
2018,일반의,K86,2362,3818,223803150,160768200
2018,일반의,K87,267,328,20636560,14776960
2018,일반의,K90,265,512,7547960,5731260
2018,일반의,K91,324,892,19903830,15519920
2018,일반의,K92,6260,8505,229342710,170191620
2018,일반의,K93,1023,1404,24695220,17927620
2018,일반의,L00,39,60,8281130,7405480
2018,일반의,L01,74133,122947,2099055690,1564655710
2018,일반의,L02,387834,788692,15049839270,11028652070
2018,일반의,L03,364926,687926,12750705010,9581368480
2018,일반의,L04,107258,177004,2834688030,2077194050
2018,일반의,L05,9539,20124,373786270,266660560
2018,일반의,L08,151911,263967,4813325870,3573756920
2018,일반의,L10,260,745,11697680,9623260
2018,일반의,L11,619,712,12329530,8805630
2018,일반의,L12,211,442,6149310,4988710
2018,일반의,L13,5695,9379,153219190,112872110
2018,일반의,L14,53,106,1689920,1247920
2018,일반의,L20,200887,408959,7724578580,5724731480
2018,일반의,L21,224589,401665,6157255720,4592360010
2018,일반의,L22,1665,2160,33922500,26592200
2018,일반의,L23,1496211,2739277,43930585360,33109643590
2018,일반의,L24,296852,488606,7730661600,5787499390
2018,일반의,L25,170341,292771,4518131570,3445493560
2018,일반의,L26,1027,1576,23821320,17781120
2018,일반의,L27,15190,26875,452070770,339934890
2018,일반의,L28,63781,116885,2332407660,1718872810
2018,일반의,L29,82338,151182,2663919940,2065717270
2018,일반의,L30,362859,603358,9612196640,7172202430
2018,일반의,L40,40838,116074,1918644670,1411998010
2018,일반의,L41,662,1347,21189160,15638960
2018,일반의,L42,5798,9498,161672890,114987190
2018,일반의,L43,2682,4610,96518780,70223680
2018,일반의,L44,1062,1511,24332380,18030480
2018,일반의,L45,41,71,1121470,851870
2018,일반의,L50,702243,1261877,22336213780,16641791520
2018,일반의,L51,2016,3619,60596890,45227250
2018,일반의,L52,746,1422,23124060,17849860
2018,일반의,L53,4516,7738,119903340,89886830
2018,일반의,L54,87,108,1522650,1132850
2018,일반의,L55,3681,4507,91177030,65061030
2018,일반의,L56,2656,3588,56911330,41513130
2018,일반의,L57,2440,3627,104084950,76303550
2018,일반의,L58,20,24,378960,291960
2018,일반의,L59,281,327,5490980,3969180
2018,일반의,L60,45032,111399,2775759880,2022785990
2018,일반의,L62,72,106,2032880,1529880
2018,일반의,L63,46542,175574,5226219250,3675095750
2018,일반의,L64,4837,7801,116896100,82755400
2018,일반의,L65,3273,4967,84486970,60194970
2018,일반의,L66,6133,10997,186252950,132725750
2018,일반의,L67,40,46,872440,631140
2018,일반의,L68,36,37,868730,609130
2018,일반의,L70,40130,78918,1361032750,960504150
2018,일반의,L71,9879,19022,287280560,207302660
2018,일반의,L72,45115,100105,4274146990,3041497870
2018,일반의,L73,52623,105092,1690046580,1208197750
2018,일반의,L74,4323,5434,86726580,64789080
2018,일반의,L75,543,1315,124961900,95607400
2018,일반의,L80,4873,21857,860151260,613459660
2018,일반의,L81,9385,11660,167790480,122731280
2018,일반의,L82,1669,2061,38482240,29072640
2018,일반의,L83,276,380,11419110,8081410
2018,일반의,L84,111713,235289,9730688780,6920968420
2018,일반의,L85,37141,55898,886322140,675890000
2018,일반의,L86,862,1037,17414740,12920540
2018,일반의,L87,216,244,3856170,2795070
2018,일반의,L88,173,558,12146420,9546730
2018,일반의,L89,4583,26758,1039154780,836386040
2018,일반의,L90,3081,5506,140587960,99845870
2018,일반의,L91,34337,80949,2486111330,1750518530
2018,일반의,L92,3243,5356,202640740,146411440
2018,일반의,L93,116,288,6545590,4857390
2018,일반의,L94,278,448,10329350,7417650
2018,일반의,L95,503,853,16845130,12690810
2018,일반의,L97,342,2276,165650460,123788130
2018,일반의,L98,3359,7874,193684590,146877780
2018,일반의,L99,106,134,2998540,2185940
2018,일반의,M00,1616,10922,267648100,219430940
2018,일반의,M01,822,1226,24278780,18316650
2018,일반의,M02,1518,4794,83395930,65536210
2018,일반의,M03,269,354,7287860,5398270
2018,일반의,M05,2467,16894,464765560,404250590
2018,일반의,M06,22835,82672,1587347450,1258782160
2018,일반의,M07,1370,3144,53444310,42473250
2018,일반의,M08,150,924,23239450,20380940
2018,일반의,M09,12,19,357720,261220
2018,일반의,M10,83501,272770,4692983690,3490706590
2018,일반의,M11,997,2080,38418130,28903090
2018,일반의,M12,4087,12266,261473380,196004640
2018,일반의,M13,280861,1059627,19597320840,15633886400
2018,일반의,M14,1421,5739,101639100,83690540
2018,일반의,M15,66835,247524,3853129030,3200338270
2018,일반의,M16,18681,74863,1633896800,1295064800
2018,일반의,M17,686084,4047771,1.06123E+11,82001105810
2018,일반의,M18,1976,5968,98680190,74442420
2018,일반의,M19,148553,518291,10729726880,8355506930
2018,일반의,M20,2353,7024,256115490,190130780
2018,일반의,M21,4255,15454,335072750,252477810
2018,일반의,M22,5883,21390,472803140,355097150
2018,일반의,M23,13444,45385,1410703510,1060426510
2018,일반의,M24,22048,92360,1870595350,1443909740
2018,일반의,M25,224068,650203,13022404100,9959197060
2018,일반의,M30,135,229,23226280,21153990
2018,일반의,M31,90,176,3982030,3225960
2018,일반의,M32,229,1068,30081460,25672790
2018,일반의,M33,57,142,2170310,1838010
2018,일반의,M34,45,243,4069340,3590340
2018,일반의,M35,1844,6194,118741460,99522720
2018,일반의,M36,6,21,312700,260200
2018,일반의,M40,3895,18311,444317790,333291800
2018,일반의,M41,6658,36253,813597440,605217380
2018,일반의,M42,2321,14284,250296570,214540370
2018,일반의,M43,13526,71111,2267960440,1706983570
2018,일반의,M45,2880,16681,314533550,265405440
2018,일반의,M46,9992,48916,1214469510,948411340
2018,일반의,M47,248211,1663038,40359886870,32071562840
2018,일반의,M48,288858,2102024,52402550340,41749271680
2018,일반의,M49,12970,82793,2951422100,2267714530
2018,일반의,M50,96314,483041,14454742170,10789981280
2018,일반의,M51,255158,1734910,48097600910,37209569310
2018,일반의,M53,107446,381996,10921098830,8067921070
2018,일반의,M54,1542149,8564662,1.85153E+11,1.45872E+11
2018,일반의,M60,29082,65355,1228285870,954608160
2018,일반의,M61,437,1421,35723360,26220410
2018,일반의,M62,91887,256564,5045543490,3825992970
2018,일반의,M63,309,598,9406240,8180240
2018,일반의,M65,178423,478804,10397162800,7804556550
2018,일반의,M66,1175,4015,92408260,70113880
2018,일반의,M67,21217,42053,1086067030,796371400
2018,일반의,M68,45,65,1270200,941700
2018,일반의,M70,20739,55930,1421008520,1050861180
2018,일반의,M71,11240,28531,717466440,531861190
2018,일반의,M72,54101,159787,3194960540,2402837100
2018,일반의,M73,32,45,2293630,1679100
2018,일반의,M75,448197,1803581,46511954480,35034166650
2018,일반의,M76,34573,88366,1958792250,1463856540
2018,일반의,M77,160838,482044,10921642450,7916334780
2018,일반의,M79,974257,2451188,47117058580,35915555110
2018,일반의,M80,5538,21029,711389620,537025000
2018,일반의,M81,184739,591278,20076106500,14890188040
2018,일반의,M82,1145,3434,94569200,72105500
2018,일반의,M83,3765,6588,126152700,93257070
2018,일반의,M84,382,1305,49962620,37898070
2018,일반의,M85,5028,6881,175716940,126240680
2018,일반의,M86,321,2106,200603050,151663170
2018,일반의,M87,592,2321,154094360,115017870
2018,일반의,M88,4,4,136420,132420
2018,일반의,M89,1877,6251,146252340,121726300
2018,일반의,M90,31,257,5470170,4325810
2018,일반의,M91,71,130,7502430,5785500
2018,일반의,M92,1568,3797,95948620,69015650
2018,일반의,M93,143,521,22075410,16156360
2018,일반의,M94,4036,6531,152383030,112219950
2018,일반의,M95,453,1033,20772650,15418680
2018,일반의,M96,4844,35280,1359558110,1032951130
2018,일반의,M99,12101,72971,1759147040,1350699370
2018,일반의,N00,2152,4593,88964550,68248950
2018,일반의,N01,46,82,1379010,1057110
2018,일반의,N02,1873,2483,96387790,70221370
2018,일반의,N03,366,738,16227960,12242380
2018,일반의,N04,413,877,22422050,16503650
2018,일반의,N05,643,1125,28578150,20955590
2018,일반의,N06,614,755,15842300,11720980
2018,일반의,N07,3,11,130620,92020
2018,일반의,N08,157,203,5364970,3952670
2018,일반의,N10,26707,53193,1641210200,1229452920
2018,일반의,N11,2312,4736,112241130,82651140
2018,일반의,N12,3993,7204,207583250,153392050
2018,일반의,N13,1216,2165,92590940,67576890
2018,일반의,N14,18,45,1439420,1032620
2018,일반의,N15,66,128,8115110,6138430
2018,일반의,N16,6,6,122090,85890
2018,일반의,N17,393,642,26209450,20096990
2018,일반의,N18,9845,680071,1.23352E+11,1.11752E+11
2018,일반의,N19,900,1593,59341320,46420530
2018,일반의,N20,19189,40423,14745041410,10357953660
2018,일반의,N21,3738,5580,513926740,364580070
2018,일반의,N22,119,156,4925010,3535550
2018,일반의,N23,282,358,8629760,6274560
2018,일반의,N25,36,244,31753840,28389910
2018,일반의,N26,13,14,288830,211530
2018,일반의,N27,15,16,519010,366910
2018,일반의,N28,3651,4992,242235400,173620620
2018,일반의,N29,53,79,2104040,1507840
2018,일반의,N30,353656,703117,14340716800,10607524890
2018,일반의,N31,57496,133618,2797583650,2172069050
2018,일반의,N32,6486,12551,219730520,172433820
2018,일반의,N33,159,314,5399040,4035040
2018,일반의,N34,80664,167677,7225972870,5120086560
2018,일반의,N35,110,286,18552990,13870100
2018,일반의,N36,410,717,22939560,16634380
2018,일반의,N37,449,712,17705750,13017950
2018,일반의,N39,53715,106070,5307555140,4098251750
2018,일반의,N40,204639,788489,14774494580,11438941130
2018,일반의,N41,37254,106222,3662856310,2613978070
2018,일반의,N42,1746,3843,76483190,58736360
2018,일반의,N43,908,1429,64658590,47987450
2018,일반의,N44,174,204,3988370,2872570
2018,일반의,N45,7663,16650,447673940,320102990
2018,일반의,N46,25863,40554,2544473110,1783618580
2018,일반의,N47,553,725,26222630,18960950
2018,일반의,N48,18904,26908,622728680,458153380
2018,일반의,N49,1315,2182,50478610,36218650
2018,일반의,N50,1195,1941,40525370,29613970
2018,일반의,N51,749,1295,53700720,38294320
2018,일반의,N60,12532,14750,594515180,423168690
2018,일반의,N61,1540,3148,73699660,53031580
2018,일반의,N62,1293,2131,140110360,103243920
2018,일반의,N63,14630,18958,904892720,649567160
2018,일반의,N64,38541,44256,1516412770,1077641570
2018,일반의,N70,1774,3827,388332710,295430040
2018,일반의,N71,11476,20256,759087030,535705800
2018,일반의,N72,138996,230455,8391962450,5943176590
2018,일반의,N73,23573,46094,2259575070,1599563000
2018,일반의,N74,3143,5504,219596610,155034840
2018,일반의,N75,2203,5148,302269110,214486630
2018,일반의,N76,161988,302527,9229544950,6552953330
2018,일반의,N77,7854,16742,430298880,304116610
2018,일반의,N80,5189,8597,855098580,650284280
2018,일반의,N81,739,1366,178155570,139536400
2018,일반의,N82,7,9,412510,299210
2018,일반의,N83,5878,7553,615573330,471782900
2018,일반의,N84,11089,18146,2381305100,1707785410
2018,일반의,N85,3611,6536,770863990,551723960
2018,일반의,N86,21323,43494,2257162100,1589170820
2018,일반의,N87,12379,21766,1505789830,1065969770
2018,일반의,N88,387,473,34807330,26314530
2018,일반의,N89,1412,1503,25399060,18195380
2018,일반의,N90,653,820,33812010,24011060
2018,일반의,N91,30442,42977,1580677120,1113150610
2018,일반의,N92,24381,36015,1153920360,812352830
2018,일반의,N93,37752,56652,2389716940,1690080530
2018,일반의,N94,37089,59550,1085088590,768308850
2018,일반의,N95,92435,264936,4317576070,3124301420
2018,일반의,N96,1237,2099,153277560,107708460
2018,일반의,N97,54913,347130,42770201620,29967517230
2018,일반의,N98,941,1812,89019370,63421820
2018,일반의,N99,16,26,1762260,1359970
2018,일반의,O00,1158,3055,212403010,163801130
2018,일반의,O01,61,210,8144800,6041150
2018,일반의,O02,4542,10163,1168351580,967095710
2018,일반의,O03,888,1706,101982770,82458280
2018,일반의,O04,40,59,5391840,4121620
2018,일반의,O05,57,89,4456240,3682850
2018,일반의,O06,92,142,5262740,4113290
2018,일반의,O08,724,1049,31053330,23321050
2018,일반의,O10,28,58,1058160,903760
2018,일반의,O11,1,1,15310,10810
2018,일반의,O12,34,40,1644680,1435980
2018,일반의,O13,81,144,31205990,28758460
2018,일반의,O14,37,70,29991580,27529390
2018,일반의,O15,2,2,131710,104250
2018,일반의,O16,37,67,4870500,4359000
2018,일반의,O20,2907,5269,438420090,384251090
2018,일반의,O21,1003,1703,64408520,55725340
2018,일반의,O22,272,330,37061610,33214410
2018,일반의,O23,397,569,39303020,34856210
2018,일반의,O24,1664,3211,202051110,184700390
2018,일반의,O25,2,2,30060,21160
2018,일반의,O26,644,1219,60108760,53425470
2018,일반의,O28,410,437,13436050,11727990
2018,일반의,O29,1,1,22570,20370
2018,일반의,O30,1932,6313,539137630,486643440
2018,일반의,O31,40,116,10173820,9163420
2018,일반의,O32,264,368,397190620,368997740
2018,일반의,O33,812,834,1590925560,1479203040
2018,일반의,O34,1045,1987,1292842790,1197345000
2018,일반의,O35,33,48,1048250,945450
2018,일반의,O36,123,221,71971630,62946380
2018,일반의,O40,3,3,214150,192950
2018,일반의,O41,63,101,41564680,38503200
2018,일반의,O42,390,435,329307070,309165190
2018,일반의,O43,2,6,295000,206800
2018,일반의,O44,335,611,151040420,137024070
2018,일반의,O45,19,19,37496630,35029690
2018,일반의,O46,44,51,13154660,11926550
2018,일반의,O47,499,797,144029390,126117160
2018,일반의,O48,3,7,101550,71250
2018,일반의,O60,1368,2063,798563040,702203230
2018,일반의,O61,147,158,200562060,186359770
2018,일반의,O62,19,30,9700380,9179180
2018,일반의,O63,39,39,76000180,70927940
2018,일반의,O64,20,20,35749000,33259300
2018,일반의,O65,385,392,735298220,685243810
2018,일반의,O66,87,93,160105240,149545430
2018,일반의,O68,212,218,427980750,399165020
2018,일반의,O69,4,4,4956990,4785760
2018,일반의,O70,10,12,8039850,7877850
2018,일반의,O71,19,35,1226720,864020
2018,일반의,O72,231,293,14908320,11300410
2018,일반의,O73,32,71,5523070,3909030
2018,일반의,O74,2,2,310120,217950
2018,일반의,O75,28,40,47098780,45574700
2018,일반의,O80,3885,4077,5106144910,5021773820
2018,일반의,O81,446,473,731709190,722604720
2018,일반의,O82,2628,3019,3746417510,3475708810
2018,일반의,O83,661,687,973135580,959801660
2018,일반의,O84,29,29,58391770,54344180
2018,일반의,O85,3,3,330600,255460
2018,일반의,O86,1423,2232,41948190,29860110
2018,일반의,O87,15,16,563980,447980
2018,일반의,O90,1167,1701,33556800,23689320
2018,일반의,O91,1048,1414,24160470,17167590
2018,일반의,O92,410,488,8844570,6261530
2018,일반의,O94,1,1,10950,7750
2018,일반의,O95,1,1,0,0
2018,일반의,O98,12,14,524940,435290
2018,일반의,O99,1076,1803,40306510,32754130
2018,일반의,P00,1,1,13340,9340
2018,일반의,P01,8,10,467080,389880
2018,일반의,P02,3,3,68920,54520
2018,일반의,P03,148,161,40998280,40077010
2018,일반의,P05,38,122,3059330,2555530
2018,일반의,P07,144,900,61060860,55847800
2018,일반의,P08,2,2,28650,23450
2018,일반의,P10,2,2,18930,15930
2018,일반의,P11,3,3,40720,31420
2018,일반의,P12,4,4,76730,59630
2018,일반의,P13,38,43,955990,757690
2018,일반의,P14,22,72,10924680,9444230
2018,일반의,P15,4,4,58550,44450
2018,일반의,P20,4,4,5189250,5134160
2018,일반의,P21,10,10,926680,742680
2018,일반의,P22,218,4793,370347890,341827400
2018,일반의,P23,80,281,4668510,3320810
2018,일반의,P24,3,3,94610,87410
2018,일반의,P25,1,2,23000,18200
2018,일반의,P27,3,84,1004020,718620
2018,일반의,P28,163,205,10635130,7917330
2018,일반의,P29,1,1,17470,13870
2018,일반의,P35,153,189,2974180,2158980
2018,일반의,P36,5,5,80800,67400
2018,일반의,P37,9,9,231410,174910
2018,일반의,P38,878,1521,30138760,23897060
2018,일반의,P39,222,247,4131810,3288210
2018,일반의,P50,1,1,10940,9940
2018,일반의,P51,46,59,1283480,1015780
2018,일반의,P52,28,581,21902990,19216090
2018,일반의,P54,7,7,116580,92580
2018,일반의,P55,1,1,17470,13870
2018,일반의,P57,1,1,17470,13870
2018,일반의,P58,3,3,530970,515480
2018,일반의,P59,2086,6491,261257080,238247920
2018,일반의,P61,4,4,55070,41770
2018,일반의,P70,9,10,2052190,1993290
2018,일반의,P71,5,114,14910480,13955590
2018,일반의,P72,2,2,36450,27950
2018,일반의,P74,38,38,4166020,3291820
2018,일반의,P77,1,1,20380,16180
2018,일반의,P78,32,41,4221920,4025000
2018,일반의,P80,3,3,47730,33630
2018,일반의,P81,17,23,802860,705480
2018,일반의,P83,377,645,17034340,14076040
2018,일반의,P90,6,12,327320,285520
2018,일반의,P91,67,2623,140482670,125777030
2018,일반의,P92,224,237,4974640,4115660
2018,일반의,P94,2,96,4280570,3855570
2018,일반의,P95,4,7,1294310,1250890
2018,일반의,P96,118,124,1982110,1590610
2018,일반의,Q00,2,2,103740,82740
2018,일반의,Q01,1,1,10950,9450
2018,일반의,Q02,6,46,418380,324980
2018,일반의,Q03,13,671,29265080,26787410
2018,일반의,Q04,34,908,38758790,33477190
2018,일반의,Q05,26,123,3341910,2904610
2018,일반의,Q06,9,10,155080,123080
2018,일반의,Q07,11,162,7763440,7465140
2018,일반의,Q10,43,79,2756750,1977650
2018,일반의,Q11,4,13,260760,219460
2018,일반의,Q14,2,2,36580,27280
2018,일반의,Q15,9,9,135840,111340
2018,일반의,Q16,304,1308,204489540,176484560
2018,일반의,Q17,140,241,22404440,18597690
2018,일반의,Q18,265,651,19223400,14399760
2018,일반의,Q20,9,97,1914050,1843950
2018,일반의,Q21,239,532,18155730,14962330
2018,일반의,Q22,12,58,2752720,2449420
2018,일반의,Q23,56,195,9524170,8392270
2018,일반의,Q24,35,56,2651840,2165060
2018,일반의,Q25,52,93,4286700,3696300
2018,일반의,Q26,5,8,125330,114330
2018,일반의,Q27,46,74,1402400,1003800
2018,일반의,Q28,48,116,4944610,3537540
2018,일반의,Q30,3,4,72640,58840
2018,일반의,Q31,18,19,321880,256180
2018,일반의,Q32,3,3,271820,190420
2018,일반의,Q33,5,10,572300,435000
2018,일반의,Q34,16,19,1270020,901420
2018,일반의,Q35,10,13,205230,155030
2018,일반의,Q36,74,85,1301310,952510
2018,일반의,Q37,2,2,28150,19850
2018,일반의,Q38,1062,1382,55020390,43589920
2018,일반의,Q39,16,21,757590,544990
2018,일반의,Q40,12,13,219850,175550
2018,일반의,Q41,1,2,25090,21890
2018,일반의,Q42,1,14,174260,160260
2018,일반의,Q43,18,21,667970,495140
2018,일반의,Q44,859,1032,96095780,68025860
2018,일반의,Q45,8,12,998530,699630
2018,일반의,Q50,50,59,4399360,3333310
2018,일반의,Q51,173,330,75288590,54000890
2018,일반의,Q52,45,72,2624660,1997400
2018,일반의,Q53,317,358,7469500,5724900
2018,일반의,Q54,44,52,929770,678870
2018,일반의,Q55,201,249,7165450,5231150
2018,일반의,Q56,10,51,646090,463290
2018,일반의,Q60,19,22,1213590,870090
2018,일반의,Q61,589,695,30923670,22263670
2018,일반의,Q62,28,34,2408000,1700200
2018,일반의,Q63,18,20,1523810,1073710
2018,일반의,Q64,12,20,546120,407020
2018,일반의,Q65,113,145,4143060,3165290
2018,일반의,Q66,599,1084,23669400,17230170
2018,일반의,Q67,204,260,4576200,3434400
2018,일반의,Q68,162,1185,20449050,16265550
2018,일반의,Q69,25,41,1066050,836650
2018,일반의,Q70,11,24,1666570,1295710
2018,일반의,Q71,4,7,227700,181600
2018,일반의,Q72,7,7,579080,483140
2018,일반의,Q74,167,435,11976000,8693360
2018,일반의,Q75,25,143,4107500,3667800
2018,일반의,Q76,93,185,3602420,2727620
2018,일반의,Q77,6,14,291090,245690
2018,일반의,Q78,31,154,5601010,4622280
2018,일반의,Q79,41,210,8008150,6881250
2018,일반의,Q80,95,178,2615790,1947790
2018,일반의,Q81,88,123,2359040,1751040
2018,일반의,Q82,1935,2920,115061910,82236210
2018,일반의,Q83,442,916,217187600,169414380
2018,일반의,Q84,76,138,2679830,2056430
2018,일반의,Q85,791,2409,450290670,393906380
2018,일반의,Q86,1,2,105840,94640
2018,일반의,Q87,102,2246,134233770,123485830
2018,일반의,Q89,83,192,10551070,8894200
2018,일반의,Q90,124,3097,157520150,144468940
2018,일반의,Q92,1,1,17470,13870
2018,일반의,Q93,32,1080,56910300,52668620
2018,일반의,Q96,20,68,1367720,1131620
2018,일반의,Q98,26,199,5644290,4928190
2018,일반의,Q99,23,591,28781580,22866280
2018,일반의,R00,18123,25862,781086470,562202970
2018,일반의,R01,389,446,10037950,7654750
2018,일반의,R02,34,166,5602130,4338520
2018,일반의,R03,18866,21403,363066070,283213180
2018,일반의,R04,9279,12246,332318180,244468290
2018,일반의,R05,21955,36269,625979650,475761600
2018,일반의,R06,8490,10468,412764980,303496830
2018,일반의,R07,59019,71073,2321969840,1679421760
2018,일반의,R09,2040,2703,50315540,37692540
2018,일반의,R10,206651,291952,7463872700,5474902970
2018,일반의,R11,108342,140905,2400395650,1798930480
2018,일반의,R12,13342,21475,399238480,295075160
2018,일반의,R13,1610,7000,458225650,366271750
2018,일반의,R14,2646,3390,62381830,46525270
2018,일반의,R15,206,342,9718570,7357770
2018,일반의,R16,142,183,12273690,8697090
2018,일반의,R17,1113,1426,67421720,48391460
2018,일반의,R18,285,437,16225580,11883750
2018,일반의,R19,8384,9633,454570640,323270310
2018,일반의,R20,1541,1789,42565100,31144400
2018,일반의,R21,5872,10233,151970390,112288190
2018,일반의,R22,5465,8226,312895220,224325980
2018,일반의,R23,7327,14267,260479400,189452400
2018,일반의,R25,5343,8391,153700520,116734920
2018,일반의,R26,689,1777,42130590,31543790
2018,일반의,R27,48,196,23480550,18923280
2018,일반의,R29,715,1318,28550250,20829250
2018,일반의,R30,4440,9910,455894390,359228030
2018,일반의,R31,17444,24452,1262486890,900373630
2018,일반의,R32,7958,17567,305619920,251393690
2018,일반의,R33,1146,2221,102300180,76300490
2018,일반의,R34,72,94,1673940,1286940
2018,일반의,R35,8602,16662,265665390,208096720
2018,일반의,R36,79,103,3403930,2460930
2018,일반의,R39,2313,5794,265841570,210393650
2018,일반의,R40,104,202,7452600,5645300
2018,일반의,R41,4720,11306,221611010,174950590
2018,일반의,R42,115162,175083,3979166640,3025785090
2018,일반의,R43,469,693,14954240,11036940
2018,일반의,R44,256,311,8455690,6201390
2018,일반의,R45,2121,3310,59367430,44890260
2018,일반의,R46,28,35,748370,546170
2018,일반의,R47,387,3224,35297030,27201930
2018,일반의,R48,3,24,214500,152100
2018,일반의,R49,321,361,7607910,5623810
2018,일반의,R50,85082,126784,3695128050,2969880830
2018,일반의,R51,129025,190328,3953476700,2917973920
2018,일반의,R52,37664,73475,1731225520,1286592170
2018,일반의,R53,9713,13677,337829160,254036930
2018,일반의,R54,491,877,36461890,29501670
2018,일반의,R55,3227,3947,121763160,88810480
2018,일반의,R56,895,1550,39120290,30854530
2018,일반의,R57,693,3215,67513370,50995960
2018,일반의,R58,266,325,6040690,4620080
2018,일반의,R59,3463,4731,219558620,155450890
2018,일반의,R60,35926,64265,1382476400,1028618630
2018,일반의,R61,1758,2623,48447430,35544970
2018,일반의,R62,3432,70777,2650754820,2335836190
2018,일반의,R63,24388,42628,1147478360,908218420
2018,일반의,R64,67,113,2276400,1976800
2018,일반의,R65,12,18,416600,292400
2018,일반의,R68,37249,43809,733640980,526744900
2018,일반의,R69,287,331,8617150,6435020
2018,일반의,R70,28,39,1009770,715970
2018,일반의,R71,82,93,3211640,2307640
2018,일반의,R72,930,1061,30160540,21592840
2018,일반의,R73,65760,97006,1896055680,1476582820
2018,일반의,R74,773,1026,32123670,22956970
2018,일반의,R76,2417,4689,153362990,109385390
2018,일반의,R77,178,228,7570250,5453450
2018,일반의,R78,67,101,2765930,1953530
2018,일반의,R79,2990,3586,131168210,93031490
2018,일반의,R80,5744,6959,142973640,103283460
2018,일반의,R81,8343,14551,236833550,190287190
2018,일반의,R82,3728,4229,93185010,67871810
2018,일반의,R83,4,4,131520,94820
2018,일반의,R84,84,98,2407610,1763110
2018,일반의,R85,7,7,293740,216340
2018,일반의,R86,341,466,17139080,12187780
2018,일반의,R87,13257,19895,1509517810,1061559400
2018,일반의,R89,135,218,5497040,4050140
2018,일반의,R90,434,466,9461840,7022740
2018,일반의,R91,8557,9626,580657010,415513660
2018,일반의,R92,16742,17406,409643590,292854540
2018,일반의,R93,5057,5455,637424570,450258470
2018,일반의,R94,19517,24212,961054850,683144370
2018,일반의,R96,1,1,13340,11840
2018,일반의,R98,1,1,19110,17210
2018,일반의,R99,10,10,474350,351250
2018,일반의,S00,71989,125880,2665465840,1994968980
2018,일반의,S01,106600,255689,6131936880,4566712950
2018,일반의,S02,1941,3268,199767570,147673690
2018,일반의,S03,4889,8333,165787200,122478130
2018,일반의,S04,287,607,25509430,18112330
2018,일반의,S05,2789,4197,94199480,69030300
2018,일반의,S06,3722,6059,703201500,527819720
2018,일반의,S07,1883,5033,125191870,93034210
2018,일반의,S08,60,100,2635840,1955940
2018,일반의,S09,1391,2480,81010960,58836350
2018,일반의,S10,2273,3697,81121850,60348590
2018,일반의,S11,2347,4976,105830080,79669970
2018,일반의,S12,111,659,38338080,28644030
2018,일반의,S13,170504,451848,11389818260,8300695670
2018,일반의,S14,616,2740,126734030,95699580
2018,일반의,S15,30,66,2225070,1636620
2018,일반의,S16,440,803,16880420,12418320
2018,일반의,S17,36,74,1577860,1275060
2018,일반의,S18,1,4,66640,60240
2018,일반의,S19,62,158,3449810,2503810
2018,일반의,S20,37355,62792,1468352970,1109089450
2018,일반의,S21,4374,11964,244503690,188967420
2018,일반의,S22,25208,66984,4289759010,3192346970
2018,일반의,S23,103076,188370,4761673050,3555071230
2018,일반의,S24,74,210,8190230,5841230
2018,일반의,S25,14,23,1136120,823850
2018,일반의,S27,75,140,8425050,6457470
2018,일반의,S28,40,80,1641670,1292870
2018,일반의,S29,344,551,16149800,12107130
2018,일반의,S30,12848,24319,553435380,422157370
2018,일반의,S31,9784,24532,505711200,391382040
2018,일반의,S32,8012,26097,2198374130,1642755230
2018,일반의,S33,436603,1297826,33464765160,24912833320
2018,일반의,S34,209,601,15996230,12013940
2018,일반의,S35,45,88,7163420,5417020
2018,일반의,S36,22,46,3309710,2545610
2018,일반의,S37,142,229,8288330,6107560
2018,일반의,S38,18,43,2285250,1686110
2018,일반의,S39,510,1012,23107720,18090570
2018,일반의,S40,10213,21498,494839580,372382480
2018,일반의,S41,5361,13533,288929840,218744090
2018,일반의,S42,4078,15410,696518810,522940410
2018,일반의,S43,142296,404185,8847365680,6558159430
2018,일반의,S44,349,800,28085630,20035720
2018,일반의,S45,68,147,3474230,2562560
2018,일반의,S46,18964,77312,2149226380,1592430780
2018,일반의,S47,50,92,1947800,1418500
2018,일반의,S48,2,3,57070,40170
2018,일반의,S49,506,1335,38605940,28824680
2018,일반의,S50,20665,39932,894577250,671499010
2018,일반의,S51,22718,65408,1484539060,1131208290
2018,일반의,S52,12956,64442,2624304540,1949063010
2018,일반의,S53,46462,112054,2661137550,1944394520
2018,일반의,S54,473,1169,62393640,44547160
2018,일반의,S55,96,235,5606180,4183670
2018,일반의,S56,1913,6067,206986760,149893080
2018,일반의,S57,389,1343,33166740,25494850
2018,일반의,S58,15,46,746380,541670
2018,일반의,S59,338,714,16388050,12246600
2018,일반의,S60,63257,100566,2441629790,1790161920
2018,일반의,S61,193222,517180,12085121280,8892853930
2018,일반의,S62,23191,80028,2889478560,2090250060
2018,일반의,S63,175427,333832,8435665280,6073374390
2018,일반의,S64,450,1058,45027490,32698180
2018,일반의,S65,1403,3157,76218950,55438700
2018,일반의,S66,6153,21460,847862410,619512870
2018,일반의,S67,4689,12163,325581620,237245830
2018,일반의,S68,347,1970,71644600,52779550
2018,일반의,S69,1543,3222,97127330,69480320
2018,일반의,S70,14265,27411,600128980,457866520
2018,일반의,S71,7259,19438,439667180,331804150
2018,일반의,S72,1609,6138,443000740,336162050
2018,일반의,S73,17978,42998,931446680,701724350
2018,일반의,S74,752,1606,51979280,37600000
2018,일반의,S75,92,345,10804670,8099960
2018,일반의,S76,5123,15160,432638640,318063380
2018,일반의,S77,102,227,15678940,12025660
2018,일반의,S78,19,43,1169840,871640
2018,일반의,S79,296,787,16073820,12015250
2018,일반의,S80,59716,122767,2715867340,2027306900
2018,일반의,S81,54716,161518,3629961330,2728516380
2018,일반의,S82,10022,44053,2710142570,2013331440
2018,일반의,S83,97860,261249,7071933010,5207382800
2018,일반의,S84,422,1283,41114590,31042530
2018,일반의,S85,172,500,14988950,11368520
2018,일반의,S86,6660,20001,679165700,498566730
2018,일반의,S87,1435,4554,121786880,92121940
2018,일반의,S88,40,58,3590070,2692010
2018,일반의,S89,1773,3332,106359200,77463350
2018,일반의,S90,49797,81381,1948813500,1428151070
2018,일반의,S91,60041,147816,3264072560,2444776750
2018,일반의,S92,24102,82980,4204367860,3058288020
2018,일반의,S93,224252,471923,13254724790,9558174610
2018,일반의,S94,227,683,17407250,12566020
2018,일반의,S95,179,332,7597660,5564460
2018,일반의,S96,5535,15126,522348850,379331370
2018,일반의,S97,2016,4544,119890680,87981850
2018,일반의,S98,28,148,3481340,2621120
2018,일반의,S99,1092,1871,52409620,38595480
2018,일반의,T00,9809,18736,401620740,299849080
2018,일반의,T01,3178,7165,165073780,123569150
2018,일반의,T02,14,41,930740,689840
2018,일반의,T03,1104,2286,107703420,76754280
2018,일반의,T04,122,287,8455810,6355850
2018,일반의,T05,8,11,179720,146420
2018,일반의,T06,31,76,1530440,1252440
2018,일반의,T07,75,143,2254880,1630680
2018,일반의,T08,129,693,16751660,13243220
2018,일반의,T09,3173,7422,170198430,132251760
2018,일반의,T10,58,159,3621480,2758780
2018,일반의,T11,1896,4175,77271090,56655430
2018,일반의,T12,37,149,2400890,1831590
2018,일반의,T13,3152,8408,152846580,113109830
2018,일반의,T14,46531,85355,1773291640,1309952880
2018,일반의,T15,15498,20811,681583750,484194650
2018,일반의,T16,12027,14437,383622300,277849500
2018,일반의,T17,11227,12935,332312530,242199730
2018,일반의,T18,808,904,29573260,21617360
2018,일반의,T19,877,1052,60497680,42877990
2018,일반의,T20,10430,25390,1020037330,730948500
2018,일반의,T21,9391,29591,1024064780,740252190
2018,일반의,T22,24109,74016,2511807000,1789280900
2018,일반의,T23,52406,137800,5391481350,3871810390
2018,일반의,T24,19341,74730,2616448610,1879037490
2018,일반의,T25,13780,53997,2141068310,1552889290
2018,일반의,T26,457,803,25374350,18055050
2018,일반의,T27,22,35,613500,436800
2018,일반의,T28,134,198,5078470,3720770
2018,일반의,T29,1028,2828,115259380,82244050
2018,일반의,T30,24713,62948,2288880930,1641765680
2018,일반의,T31,2490,6659,226087290,161719050
2018,일반의,T32,12,59,1369260,1064660
2018,일반의,T33,1943,2955,53900610,39489790
2018,일반의,T34,58,191,5240730,3854030
2018,일반의,T35,632,881,15496460,11372960
2018,일반의,T36,4,4,66410,46710
2018,일반의,T37,160,667,25197700,18436000
2018,일반의,T38,3,4,43840,31040
2018,일반의,T39,2,2,29230,20530
2018,일반의,T41,2,2,34420,24220
2018,일반의,T42,3,3,45370,33670
2018,일반의,T43,1,1,15310,10810
2018,일반의,T44,2,2,24290,18790
2018,일반의,T45,9,20,556110,413410
2018,일반의,T46,15,15,209130,160630
2018,일반의,T47,5,5,181060,136790
2018,일반의,T48,8,8,136770,99070
2018,일반의,T49,14,15,240180,173180
2018,일반의,T50,25,32,637950,463750
2018,일반의,T51,32,43,739260,565730
2018,일반의,T52,32,33,1133640,870700
2018,일반의,T53,1,8,105750,93550
2018,일반의,T54,3,3,45930,32430
2018,일반의,T55,12,13,201180,151780
2018,일반의,T56,121,331,11283810,7981610
2018,일반의,T57,3,13,158170,110970
2018,일반의,T58,8,9,308400,219900
2018,일반의,T59,4,4,82580,57980
2018,일반의,T60,275,399,10742610,8241600
2018,일반의,T61,14,15,239710,177110
2018,일반의,T62,376,457,8955860,6525860
2018,일반의,T63,12158,14841,268408950,204785690
2018,일반의,T65,75,133,2075500,1487180
2018,일반의,T66,2,4,64330,45330
2018,일반의,T67,9298,16433,381804720,288946930
2018,일반의,T68,24,26,462830,350330
2018,일반의,T69,2503,3266,52145520,38094620
2018,일반의,T70,1335,3717,79510750,59585950
2018,일반의,T71,1,5,62100,43600
2018,일반의,T73,1827,3035,55636270,41056100
2018,일반의,T74,1,1,15310,10810
2018,일반의,T75,349,415,6213690,4652990
2018,일반의,T78,21019,36134,703842810,526548020
2018,일반의,T79,13490,23768,499859420,370994540
2018,일반의,T80,55,74,1594060,1139050
2018,일반의,T81,2168,5518,130852120,98961050
2018,일반의,T82,11,36,262440,207140
2018,일반의,T83,786,948,50628380,35587700
2018,일반의,T84,57,338,14856590,11549520
2018,일반의,T85,14,19,633190,467690
2018,일반의,T86,1,1,15310,10810
2018,일반의,T87,14,221,3484750,2989450
2018,일반의,T88,423,812,16206590,12483660
2018,일반의,T90,55,267,5627830,4223990
2018,일반의,T91,1001,6099,155948840,125117070
2018,일반의,T92,500,3485,58678580,46220970
2018,일반의,T93,490,2708,51079430,40134070
2018,일반의,T94,2,3,61720,48720
2018,일반의,T95,268,657,18742930,13410530
2018,일반의,T96,2,2,34420,24220
2018,일반의,T97,2,2,30620,24620
2018,일반의,T98,41,52,867520,664620
2018,일반의,U06,2,2,30620,21620
2018,일반의,U82,1,5,270490,189690
2018,일반의,U84,6,196,2194380,2190980
2018,일반의,U99,2,2,145330,119060
2018,일반의,Z00,9130,11733,414306330,300735570
2018,일반의,Z01,4843,5543,124414940,93012540
2018,일반의,Z02,282,323,2959900,2100200
2018,일반의,Z03,6523,7791,273290780,198308530
2018,일반의,Z04,928,1098,39546860,29509160
2018,일반의,Z08,12,31,760030,583530
2018,일반의,Z09,80,127,3234740,2331840
2018,일반의,Z10,127,147,2128970,1516470
2018,일반의,Z11,154,180,3016120,2163120
2018,일반의,Z12,232,259,23889780,17629580
2018,일반의,Z13,969,1220,40793310,30447310
2018,일반의,Z20,2222,2769,120334260,85458040
2018,일반의,Z22,243,270,13863380,9990580
2018,일반의,Z23,432,510,16165370,11404270
2018,일반의,Z24,578,643,5235910,3784810
2018,일반의,Z25,2440,2805,37809540,28908140
2018,일반의,Z26,3646,5167,55470390,42157690
2018,일반의,Z27,133,139,1457850,1087950
2018,일반의,Z28,14,15,113080,79480
2018,일반의,Z29,537,653,11868190,8743290
2018,일반의,Z30,4677,5594,154017360,108388150
2018,일반의,Z31,47524,247790,71350197570,49962110520
2018,일반의,Z32,9760,15706,340157770,253357780
2018,일반의,Z33,54,97,2257710,1749210
2018,일반의,Z34,43007,200861,16597953530,14904014190
2018,일반의,Z35,13831,55162,3136021670,2819174940
2018,일반의,Z36,20,20,1748630,1390630
2018,일반의,Z37,3,5,372740,295620
2018,일반의,Z38,3041,10075,2271375390,2224338210
2018,일반의,Z39,5308,8655,155446650,109644870
2018,일반의,Z40,11,15,636740,446140
2018,일반의,Z41,215,262,3959220,2799520
2018,일반의,Z42,27,39,883530,623730
2018,일반의,Z43,25,245,14508440,12085240
2018,일반의,Z44,13,26,357700,272700
2018,일반의,Z45,10,20,325160,278360
2018,일반의,Z46,3,3,33320,30120
2018,일반의,Z47,201,455,39865530,30317690
2018,일반의,Z48,14668,31349,612511540,461701590
2018,일반의,Z49,15,51,873010,771810
2018,일반의,Z50,87,210,2668140,1928840
2018,일반의,Z51,16,41,1147090,919320
2018,일반의,Z52,26,55,1065270,753240
2018,일반의,Z54,1073,2677,74660270,56659140
2018,일반의,Z55,2,2,26260,18560
2018,일반의,Z56,4,4,64210,45110
2018,일반의,Z57,10,11,177000,126800
2018,일반의,Z58,4,4,88240,65840
2018,일반의,Z59,914,933,27436100,22004900
2018,일반의,Z60,5,34,384240,273240
2018,일반의,Z61,2,2,229850,162750
2018,일반의,Z62,93,145,2379890,1807890
2018,일반의,Z63,71,145,5846230,4403430
2018,일반의,Z64,49,53,804590,576490
2018,일반의,Z65,3,3,67110,52510
2018,일반의,Z70,569,998,19796140,14543260
2018,일반의,Z71,34330,43850,797399290,599423490
2018,일반의,Z72,121,215,3096850,2294350
2018,일반의,Z73,792,1248,37160560,27586310
2018,일반의,Z74,5,5,197200,149300
2018,일반의,Z75,58,65,674060,487560
2018,일반의,Z76,236,308,3522510,2497910
2018,일반의,Z80,44,49,1740340,1224240
2018,일반의,Z81,3,3,115040,93440
2018,일반의,Z82,130,401,6569210,5074210
2018,일반의,Z83,332,445,8885810,6882230
2018,일반의,Z84,4,4,60380,45780
2018,일반의,Z85,22,39,1070690,789990
2018,일반의,Z86,16,21,285450,222250
2018,일반의,Z87,28,38,1183310,836410
2018,일반의,Z88,58,81,1539690,1136090
2018,일반의,Z89,5,6,103010,82810
2018,일반의,Z90,4,15,206350,162250
2018,일반의,Z91,9,9,220790,155290
2018,일반의,Z92,57,101,1859800,1356800
2018,일반의,Z93,78,386,24354790,19115890
2018,일반의,Z94,138,484,12032820,9342420
2018,일반의,Z95,181,610,12034950,9544020
2018,일반의,Z96,730,3081,105528400,81069350
2018,일반의,Z97,297,353,12995350,9174950
2018,일반의,Z98,9093,23804,515465310,389179900
2018,일반의,Z99,14,157,2760130,2427330
2018,내과,A00,11,12,335050,240050
2018,내과,A01,14,20,436090,311990
2018,내과,A02,2701,4087,94355390,68601390
2018,내과,A03,19,23,401060,292160
2018,내과,A04,389106,538660,10034690430,7319472270
2018,내과,A05,20051,26525,462491940,339807880
2018,내과,A06,2041,2822,50439720,37326420
2018,내과,A07,218,248,6148960,4411560
2018,내과,A08,99471,129503,2292000680,1667315480
2018,내과,A09,1231398,1702766,35166786110,25629252380
2018,내과,A15,799,5228,162958730,148334310
2018,내과,A16,1033,3482,146209920,127082770
2018,내과,A17,11,30,1094340,1020440
2018,내과,A18,168,685,29286220,24068520
2018,내과,A19,7,40,784930,690430
2018,내과,A20,2,4,43800,31000
2018,내과,A22,1,1,17210,12110
2018,내과,A24,1,1,13340,9340
2018,내과,A26,26,36,1869290,1410460
2018,내과,A27,2,2,125810,88110
2018,내과,A28,19,22,605460,428860
2018,내과,A30,6,6,237000,207200
2018,내과,A31,537,1829,43820470,32572920
2018,내과,A35,79,84,2735380,1944080
2018,내과,A36,1,1,15310,10810
2018,내과,A37,11,13,478480,337680
2018,내과,A38,94,178,2510770,1910770
2018,내과,A39,16,17,223480,157580
2018,내과,A40,26,36,918190,672090
2018,내과,A41,2321,3449,151855360,109317770
2018,내과,A42,8,10,222000,158500
2018,내과,A46,108,178,3704760,2786390
2018,내과,A48,188,265,4470180,3385480
2018,내과,A49,4161,6372,119264810,86842470
2018,내과,A50,5,7,177120,124420
2018,내과,A51,36,66,2639320,1931230
2018,내과,A52,25,44,856360,632360
2018,내과,A53,200,255,7195250,5170050
2018,내과,A54,47,80,2451940,1744140
2018,내과,A55,6,9,371180,271780
2018,내과,A56,116,216,7079860,4995560
2018,내과,A57,2,3,231320,162120
2018,내과,A58,3,4,60070,46570
2018,내과,A59,232,301,4902030,3598330
2018,내과,A60,1636,2847,45454330,33517230
2018,내과,A63,250,425,16522220,11628120
2018,내과,A64,168,210,14459360,10144260
2018,내과,A65,2,3,173770,123870
2018,내과,A66,74,96,1662490,1185790
2018,내과,A67,1,1,17080,11980
2018,내과,A68,4,4,475240,332940
2018,내과,A69,2270,3317,62751380,46307640
2018,내과,A70,1,2,26260,18560
2018,내과,A71,9,9,129480,94680
2018,내과,A74,15,16,372020,263720
2018,내과,A75,1046,2027,99696540,74317860
2018,내과,A77,44,75,1414000,1077500
2018,내과,A79,92,156,3838290,2796390
2018,내과,A81,1,1,15310,10810
2018,내과,A82,1,1,10950,7750
2018,내과,A83,1,1,15310,10810
2018,내과,A86,7,8,158490,114990
2018,내과,A87,100,124,4911870,3601370
2018,내과,A88,408,585,14964290,10900590
2018,내과,A92,2,3,154650,108450
2018,내과,A93,13,16,539310,378310
2018,내과,A97,5,5,136460,95960
2018,내과,A98,10,12,378900,281900
2018,내과,A99,6,7,126460,96260
2018,내과,B00,78484,103262,1591977920,1175525730
2018,내과,B01,3558,6510,99674100,73212190
2018,내과,B02,134223,269643,4564174820,3432792760
2018,내과,B05,19,28,899950,665750
2018,내과,B06,25,30,781490,556290
2018,내과,B07,845,1049,27887700,20180500
2018,내과,B08,4664,7453,107042720,82655290
2018,내과,B09,386,476,8354370,6196170
2018,내과,B15,543,924,43476790,30830740
2018,내과,B16,710,913,49196680,34864970
2018,내과,B17,12159,17676,964399340,681255830
2018,내과,B18,162698,588017,38838872570,27459438930
2018,내과,B19,1969,2821,135668150,96267800
2018,내과,B20,4,6,80350,63350
2018,내과,B23,1,1,47320,33220
2018,내과,B24,5,5,186690,133290
2018,내과,B25,13,25,5954370,5764870
2018,내과,B26,1034,1602,33621120,24106210
2018,내과,B27,131,190,5022480,3549980
2018,내과,B30,824,1032,14659100,11017160
2018,내과,B33,1652,2269,36159980,27165380
2018,내과,B34,1166,1938,30725890,22973990
2018,내과,B35,144218,299061,4355789110,3264485650
2018,내과,B36,2082,3142,47401250,35324510
2018,내과,B37,10128,14305,356742050,259929720
2018,내과,B38,1,1,10950,7750
2018,내과,B39,1,1,18400,14600
2018,내과,B40,2,3,37210,29310
2018,내과,B43,120,164,3663370,2649370
2018,내과,B44,19,40,573320,451920
2018,내과,B45,4,4,116360,102860
2018,내과,B46,20,50,665250,492750
2018,내과,B47,36,62,1126690,820290
2018,내과,B48,209,547,8478570,6256370
2018,내과,B49,334,637,9496390,7087090
2018,내과,B50,9,10,151390,110990
2018,내과,B51,7,11,244200,171600
2018,내과,B52,2,2,289560,202760
2018,내과,B53,4,5,60920,44720
2018,내과,B54,79,83,1911790,1382990
2018,내과,B56,2,2,34420,31020
2018,내과,B59,1,1,136860,95860
2018,내과,B60,7,8,102130,75530
2018,내과,B64,3,3,37210,29710
2018,내과,B65,6,6,82580,58280
2018,내과,B66,964,1151,25559540,18621440
2018,내과,B67,1,5,83730,58730
2018,내과,B68,21,25,532150,383050
2018,내과,B69,13,23,351910,254010
2018,내과,B70,2,2,135710,95110
2018,내과,B71,6,6,158540,111340
2018,내과,B76,15,17,244220,177820
2018,내과,B77,18,20,1708980,1221480
2018,내과,B78,1,1,15310,10810
2018,내과,B79,6,6,843670,590770
2018,내과,B80,57,60,1715620,1247820
2018,내과,B81,261,305,42721180,29977380
2018,내과,B82,92,113,4418540,3162440
2018,내과,B83,104,118,2059110,1505810
2018,내과,B85,327,356,4900680,3603680
2018,내과,B86,866,1046,13486700,10183700
2018,내과,B88,4367,5743,388775750,276331220
2018,내과,B89,137,152,4151140,3014140
2018,내과,B90,1211,1784,46772710,33890810
2018,내과,B91,4,9,228110,161310
2018,내과,B94,5,5,84600,65500
2018,내과,B95,11,27,577690,410690
2018,내과,B96,43,54,3394780,2593810
2018,내과,B97,30,39,2126370,1493870
2018,내과,B98,3009,3834,93940330,66896540
2018,내과,B99,75,120,1647000,1258800
2018,내과,C00,11,51,4152730,3908450
2018,내과,C01,12,216,3230770,3069870
2018,내과,C02,91,408,18917370,17807580
2018,내과,C03,13,71,1988590,1892890
2018,내과,C04,8,52,2466700,2288400
2018,내과,C05,21,85,4431120,4182120
2018,내과,C06,64,291,9417830,8957950
2018,내과,C07,26,308,13391660,12350170
2018,내과,C08,50,254,7496950,7055450
2018,내과,C09,75,458,58775160,55736880
2018,내과,C10,39,206,13736580,12962150
2018,내과,C11,94,497,53939030,49706420
2018,내과,C12,4,16,511650,486450
2018,내과,C13,34,261,38259650,36041160
2018,내과,C14,17,46,1038980,966580
2018,내과,C15,833,3732,178049380,164239580
2018,내과,C16,11067,46324,1791524040,1655033340
2018,내과,C17,162,736,39292380,36870990
2018,내과,C18,5838,23766,1350234590,1238541730
2018,내과,C19,465,2142,120631530,111460030
2018,내과,C20,1888,7537,530724150,490285560
2018,내과,C21,108,381,13214680,11621180
2018,내과,C22,4447,18722,1114327410,1025581980
2018,내과,C23,454,1773,125894190,116518770
2018,내과,C24,873,3574,275402990,254499980
2018,내과,C25,1858,7257,447029650,401905420
2018,내과,C26,89,286,10077610,8821310
2018,내과,C30,24,139,56471630,52689440
2018,내과,C31,15,33,1213630,1138230
2018,내과,C32,231,1143,51412610,48362790
2018,내과,C33,24,70,2771040,2628940
2018,내과,C34,5318,24276,1498739590,1390295240
2018,내과,C37,112,815,23091570,21686170
2018,내과,C38,35,165,5668320,5267120
2018,내과,C39,53,196,4423220,4052130
2018,내과,C40,15,60,2198650,1956350
2018,내과,C41,39,151,4680650,4375750
2018,내과,C43,134,859,53165180,50180160
2018,내과,C44,450,2468,105212740,99537910
2018,내과,C45,12,99,9225860,8677660
2018,내과,C46,41,124,3783370,3576470
2018,내과,C47,11,44,10509790,9777290
2018,내과,C48,55,206,11112800,10041300
2018,내과,C49,114,564,50680230,47591120
2018,내과,C50,4691,20272,1026229600,955188010
2018,내과,C51,4,12,23534560,22006420
2018,내과,C52,4,7,3931110,3668780
2018,내과,C53,648,3241,194317430,183052830
2018,내과,C54,331,1987,90169520,83698430
2018,내과,C55,73,316,9095810,8491810
2018,내과,C56,701,3869,253584550,233018130
2018,내과,C57,104,489,16662330,15134610
2018,내과,C58,2,12,63310,54410
2018,내과,C60,3,17,416170,396270
2018,내과,C61,2899,15364,623372210,584054470
2018,내과,C62,29,118,2710960,2437860
2018,내과,C63,7,45,1475990,1309190
2018,내과,C64,887,4986,407190490,382009790
2018,내과,C65,132,624,60760610,57319330
2018,내과,C66,86,718,38967670,36785090
2018,내과,C67,916,5398,380161990,357425460
2018,내과,C68,25,193,3905920,3610720
2018,내과,C69,19,158,3136970,2859370
2018,내과,C70,34,229,9868300,9316090
2018,내과,C71,320,1997,84371140,79430120
2018,내과,C72,100,725,25376140,23960580
2018,내과,C73,15578,71621,3674754130,3158400640
2018,내과,C74,32,120,4091710,3674210
2018,내과,C75,42,267,7609740,6984040
2018,내과,C76,65,207,21820840,19924710
2018,내과,C77,91,363,10993710,9730910
2018,내과,C78,198,927,32800970,30146890
2018,내과,C79,141,1264,119485060,112609820
2018,내과,C80,107,318,60863000,55845130
2018,내과,C81,78,246,7991790,7555020
2018,내과,C82,66,370,14425980,13642540
2018,내과,C83,275,1122,48999530,46042380
2018,내과,C84,37,187,5742700,5437900
2018,내과,C85,391,1617,74467540,69883440
2018,내과,C86,22,107,28877150,26974350
2018,내과,C88,124,412,19013380,17794780
2018,내과,C90,331,1940,210074610,198081440
2018,내과,C91,125,474,18857280,17770450
2018,내과,C92,353,1630,69912100,65670030
2018,내과,C93,26,110,6828900,6345500
2018,내과,C94,38,186,4572730,4295630
2018,내과,C95,111,339,8967110,8418010
2018,내과,C96,43,122,5855360,5515550
2018,내과,D00,284,1068,48727190,45580940
2018,내과,D01,1006,2915,275436440,253767370
2018,내과,D02,51,146,4496440,3913840
2018,내과,D03,17,35,1045740,967740
2018,내과,D04,76,462,16790280,15957680
2018,내과,D05,251,734,31149100,29487600
2018,내과,D06,301,962,57354380,54340140
2018,내과,D07,55,232,8405470,7876950
2018,내과,D09,109,395,17324350,15467310
2018,내과,D10,149,207,10116120,7296220
2018,내과,D11,130,181,9059980,6575070
2018,내과,D12,82537,108495,27138093830,19136918060
2018,내과,D13,14451,18929,2104003020,1497488330
2018,내과,D14,3629,4434,523000460,369433940
2018,내과,D15,131,163,15356660,10916660
2018,내과,D16,80,98,4936810,3550210
2018,내과,D17,2844,4668,247033660,175892880
2018,내과,D18,3689,4449,506812140,357041400
2018,내과,D19,14,14,779750,553350
2018,내과,D20,26,40,4211890,2971590
2018,내과,D21,799,1242,55548630,40538030
2018,내과,D22,40,44,898470,664470
2018,내과,D23,883,1727,67643480,48744080
2018,내과,D24,8136,10218,396668150,283194440
2018,내과,D25,1549,1718,97043100,68490100
2018,내과,D26,190,241,17858820,12680020
2018,내과,D27,668,811,76850580,54277340
2018,내과,D28,41,60,6209630,4367510
2018,내과,D29,91,131,4619370,3418670
2018,내과,D30,1742,2171,236936110,167716980
2018,내과,D31,6,6,920170,648770
2018,내과,D32,368,1457,65047000,60342810
2018,내과,D33,352,1419,59964650,53530640
2018,내과,D34,20123,28223,1371732620,973915500
2018,내과,D35,643,1859,111455120,90522750
2018,내과,D36,197,256,10667930,7674930
2018,내과,D37,4286,6446,783849360,597511130
2018,내과,D38,732,1064,97889890,70806910
2018,내과,D39,230,360,30164990,22634790
2018,내과,D40,112,214,8859940,6708840
2018,내과,D41,345,581,69616430,54187330
2018,내과,D42,29,125,5215190,4746890
2018,내과,D43,115,317,16296450,14396870
2018,내과,D44,2307,3787,262245140,191203280
2018,내과,D45,130,405,12868040,11768840
2018,내과,D46,217,1042,36943630,34194030
2018,내과,D47,354,1368,75819560,70609090
2018,내과,D48,740,1061,62083220,46859920
2018,내과,D50,138793,264807,8615507310,6168249600
2018,내과,D51,1761,7099,136962510,106788090
2018,내과,D52,795,1526,35837740,28248440
2018,내과,D53,657,1365,39157410,28859910
2018,내과,D55,82,119,4788110,3395710
2018,내과,D56,4,5,252280,179880
2018,내과,D58,28,43,900030,665030
2018,내과,D59,40,152,4658880,3840380
2018,내과,D60,3,9,203310,150210
2018,내과,D61,120,333,12451280,10704880
2018,내과,D62,67,88,2966080,2135080
2018,내과,D63,565,2381,163703400,139337690
2018,내과,D64,46219,63389,2942951590,2093220650
2018,내과,D65,2,5,383040,268540
2018,내과,D66,102,1937,8531772630,7705654830
2018,내과,D67,16,312,2594229790,2334836290
2018,내과,D68,399,839,1816447470,1631561070
2018,내과,D69,5120,7582,238388310,173664070
2018,내과,D70,49,111,1805470,1407370
2018,내과,D71,2,3,57590,40490
2018,내과,D72,2683,3719,102650720,74023410
2018,내과,D73,177,215,21865090,15478580
2018,내과,D75,1461,1845,130214830,92663430
2018,내과,D76,6,16,2077760,1710850
2018,내과,D77,15,28,510800,359200
2018,내과,D80,4,11,358510,278410
2018,내과,D81,5,7,2063720,1853820
2018,내과,D82,12,25,534630,460230
2018,내과,D83,1,7,625920,563720
2018,내과,D84,23,89,2675570,1951470
2018,내과,D86,57,302,12546090,11082290
2018,내과,D89,34,78,3915880,2889170
2018,내과,E00,11,23,685970,496570
2018,내과,E01,110,165,6606630,4682230
2018,내과,E02,522,1004,58678290,41861390
2018,내과,E03,206729,869068,27173852030,19644065160
2018,내과,E04,65861,129416,7077845460,5047743920
2018,내과,E05,83390,375879,15414565630,10965893080
2018,내과,E06,39435,114005,5522987470,3924350480
2018,내과,E07,68862,104035,6009959120,4261394310
2018,내과,E10,13083,61288,1686185600,1268647760
2018,내과,E11,1303161,9848081,2.26351E+11,1.72471E+11
2018,내과,E12,106,462,10263130,7939830
2018,내과,E13,18832,109932,2570571340,1938155560
2018,내과,E14,100195,543086,13166291660,9880846650
2018,내과,E15,30,48,1422060,1171760
2018,내과,E16,2304,3223,74759200,57415790
2018,내과,E20,222,640,17716380,12999780
2018,내과,E21,442,1097,98070770,78641040
2018,내과,E22,571,1425,49282240,38843590
2018,내과,E23,1030,4355,145313270,115334370
2018,내과,E24,423,1181,49469890,41158290
2018,내과,E25,23,64,1098390,919790
2018,내과,E26,60,147,4799970,3572590
2018,내과,E27,874,2369,77009330,61025260
2018,내과,E28,492,892,30738320,21732220
2018,내과,E29,159,586,9562900,7724300
2018,내과,E30,505,1549,36904840,26021740
2018,내과,E32,21,23,700440,516040
2018,내과,E34,200,427,11719090,8540640
2018,내과,E35,1116,1340,114411780,81154580
2018,내과,E40,2,2,35530,27030
2018,내과,E41,149,265,3448520,2858620
2018,내과,E42,11,22,663640,492540
2018,내과,E43,12,29,409820,314320
2018,내과,E44,87,148,2942560,2298760
2018,내과,E45,5,5,78660,59960
2018,내과,E46,338,461,7540400,5972200
2018,내과,E50,1954,3448,48511960,36595160
2018,내과,E51,46,123,4645430,3608170
2018,내과,E53,762,1485,26537420,20690720
2018,내과,E54,15,25,509640,370840
2018,내과,E55,33256,49239,1047479300,757255050
2018,내과,E56,1934,2976,70896410,52770210
2018,내과,E58,1546,3155,67288710,50109210
2018,내과,E59,2,15,271990,211990
2018,내과,E60,28,35,1043560,738160
2018,내과,E61,1635,2460,48782110,36433210
2018,내과,E63,1344,2075,35466510,27378830
2018,내과,E64,112,145,2368570,1839870
2018,내과,E65,51,55,1082450,777250
2018,내과,E66,1642,2499,48622430,34392330
2018,내과,E67,38,48,1498150,1070550
2018,내과,E70,2,2,123310,109210
2018,내과,E71,16,37,454960,380960
2018,내과,E72,23,41,1478410,1103610
2018,내과,E73,82,118,1732590,1343490
2018,내과,E74,311,470,8812320,7014210
2018,내과,E75,37,107,2216760,1800060
2018,내과,E76,7,7,94890,80190
2018,내과,E77,22,25,300740,243140
2018,내과,E78,968944,3251734,70823183180,51589436840
2018,내과,E79,4068,6921,322692050,246204350
2018,내과,E80,291,414,15496840,11056590
2018,내과,E83,2951,5510,120282630,91269230
2018,내과,E84,11,25,553410,445010
2018,내과,E85,26,77,5268910,4585510
2018,내과,E86,20191,31640,1264698070,947346690
2018,내과,E87,5556,8610,293633520,221443560
2018,내과,E88,380,508,12536150,9117350
2018,내과,E89,3732,14134,483883030,349173350
2018,내과,E90,377,574,13259670,9679870
2018,내과,F00,15009,75460,1277248120,1002517630
2018,내과,F01,2819,10324,190698800,152820620
2018,내과,F02,229,678,10960260,8787600
2018,내과,F03,3992,10349,335592060,267132320
2018,내과,F04,2,2,28400,23000
2018,내과,F05,105,202,2501220,2050820
2018,내과,F06,47698,133660,2116898950,1721911710
2018,내과,F07,533,980,17000190,13461250
2018,내과,F09,13,52,659800,559100
2018,내과,F10,490,1000,21517650,16224770
2018,내과,F11,2,2,30620,24620
2018,내과,F12,1,1,10950,9450
2018,내과,F13,18,23,512160,370760
2018,내과,F14,1,4,103020,79320
2018,내과,F15,1,1,10370,8870
2018,내과,F17,426,662,11105980,8010680
2018,내과,F18,6,6,150410,108810
2018,내과,F19,9,9,131980,100080
2018,내과,F20,399,1589,33541370,29224870
2018,내과,F21,4,4,53580,47480
2018,내과,F22,20,60,860350,743350
2018,내과,F23,26,117,1549450,1188550
2018,내과,F24,1,1,10950,9450
2018,내과,F25,17,113,1082820,868720
2018,내과,F28,10,29,841410,714510
2018,내과,F29,14,18,213150,177150
2018,내과,F30,84,181,2583910,2060110
2018,내과,F31,1125,2855,36299850,28812800
2018,내과,F32,25618,69403,1128140220,880546960
2018,내과,F33,2080,5907,86710890,68813940
2018,내과,F34,1185,2973,64006700,48266700
2018,내과,F38,2784,6425,98571750,76540150
2018,내과,F39,1717,3500,61303470,46405670
2018,내과,F40,2071,5034,75737580,58913380
2018,내과,F41,86705,206496,3225539680,2509916690
2018,내과,F42,151,375,5101180,4018760
2018,내과,F43,4741,8476,144284430,109567090
2018,내과,F44,16,32,452630,376330
2018,내과,F45,18660,37756,626736640,482219470
2018,내과,F48,24867,46943,921857190,698178580
2018,내과,F50,784,1186,18866250,14685880
2018,내과,F51,75194,229122,3198845050,2467564160
2018,내과,F52,274,405,4784930,3594630
2018,내과,F53,3,3,43960,30960
2018,내과,F54,159,254,5472410,4066210
2018,내과,F55,2,2,32450,22750
2018,내과,F59,59,73,1037570,735770
2018,내과,F60,16,16,351400,256700
2018,내과,F63,5,5,75990,56590
2018,내과,F64,6,15,199540,140740
2018,내과,F66,27,34,485640,369740
2018,내과,F68,4,6,59210,48510
2018,내과,F69,1,2,10940,7940
2018,내과,F70,3,15,272510,191310
2018,내과,F72,1,1,10950,7750
2018,내과,F78,3,5,67830,47930
2018,내과,F79,6,11,111200,83900
2018,내과,F80,90,131,1977900,1582200
2018,내과,F81,14,15,221190,167090
2018,내과,F83,1,2,29450,24950
2018,내과,F84,52,142,2391780,1838580
2018,내과,F88,4,4,62120,46120
2018,내과,F89,11,13,190910,153710
2018,내과,F90,158,463,6558520,4735820
2018,내과,F91,8,8,129850,95350
2018,내과,F92,160,340,4892520,3782620
2018,내과,F93,6,7,103410,81210
2018,내과,F94,1,8,132640,93440
2018,내과,F95,143,225,3621510,2630310
2018,내과,F98,55,81,1241000,896600
2018,내과,F99,10,11,294620,228320
2018,내과,G00,31,52,1723420,1216620
2018,내과,G01,2,3,44390,35690
2018,내과,G02,4,4,62430,43930
2018,내과,G03,302,361,6480970,4671270
2018,내과,G04,17,24,400270,288870
2018,내과,G05,945,1289,25175450,18315400
2018,내과,G06,4,18,472980,342280
2018,내과,G08,2,6,94870,72670
2018,내과,G09,1,6,77520,68520
2018,내과,G10,2,3,299380,269580
2018,내과,G11,41,156,4295000,3585300
2018,내과,G12,69,337,5351450,4729950
2018,내과,G13,3,3,186090,164590
2018,내과,G14,12,36,646180,511580
2018,내과,G20,2992,14055,300291460,264062750
2018,내과,G21,408,1361,21903060,18113260
2018,내과,G22,184,612,11182250,9227280
2018,내과,G23,47,84,1970730,1535530
2018,내과,G24,1605,2197,38881740,29280460
2018,내과,G25,7085,15517,257687460,200267160
2018,내과,G26,16,48,776740,630340
2018,내과,G30,1073,3787,72931170,58361370
2018,내과,G31,52584,150906,2314618940,1889991040
2018,내과,G32,55,146,2368620,1880920
2018,내과,G35,46,206,4674950,4173350
2018,내과,G36,7,9,863250,766750
2018,내과,G37,11,60,1078420,849720
2018,내과,G40,2974,10458,151582280,116187300
2018,내과,G41,167,575,9912670,8073000
2018,내과,G43,129043,234388,3988014210,2916438600
2018,내과,G44,89669,128906,2400067810,1779405280
2018,내과,G45,2768,7613,169205820,129954560
2018,내과,G46,877,2786,62478940,48886910
2018,내과,G47,170218,497056,7050634850,5409994270
2018,내과,G50,3960,7368,115820200,90110420
2018,내과,G51,1990,3445,72230100,54202400
2018,내과,G52,428,758,19002630,14104230
2018,내과,G53,30674,75252,1153439500,914328530
2018,내과,G54,421,1201,47188850,34094550
2018,내과,G55,405,1417,32055100,24585070
2018,내과,G56,3915,8942,257085470,191226790
2018,내과,G57,2521,7740,249644590,185287490
2018,내과,G58,5244,10810,249766160,189818660
2018,내과,G59,568,1865,34060440,26609240
2018,내과,G60,19,41,714690,603890
2018,내과,G61,108,330,9799280,8474810
2018,내과,G62,862,1779,31015710,24232270
2018,내과,G63,6333,25316,537383670,415252730
2018,내과,G64,2615,4846,88520630,67760530
2018,내과,G70,181,765,20921780,18399520
2018,내과,G71,89,295,5012270,4232970
2018,내과,G72,62,114,3419270,2467270
2018,내과,G73,70,171,4535920,3443520
2018,내과,G80,31,206,3342220,2493720
2018,내과,G81,128,936,30308120,24141220
2018,내과,G82,58,563,15763600,11248200
2018,내과,G83,58,97,1950880,1500880
2018,내과,G90,2538,4348,80079410,60659210
2018,내과,G91,96,151,6859410,4950830
2018,내과,G93,2259,2863,174661820,125064020
2018,내과,G94,10,16,579390,424290
2018,내과,G95,356,839,17581510,13980160
2018,내과,G96,18,41,989730,738530
2018,내과,G97,1,9,60190,46690
2018,내과,G98,98,139,2123990,1691290
2018,내과,G99,440,1018,18441200,14603200
2018,내과,H00,12170,14549,219237630,159008450
2018,내과,H01,4374,5215,75949130,56430730
2018,내과,H02,414,530,15401380,11459480
2018,내과,H03,51,80,1223510,891110
2018,내과,H04,14783,25181,346375400,261770830
2018,내과,H05,208,262,8146320,5920960
2018,내과,H06,34,88,2604570,1845770
2018,내과,H10,38981,50248,730197630,552187450
2018,내과,H11,4397,6964,96368920,71721820
2018,내과,H13,43,47,637690,484590
2018,내과,H15,52,64,1879320,1342520
2018,내과,H16,3779,5404,75441430,56927630
2018,내과,H17,7,7,84840,67740
2018,내과,H18,66,93,1367090,1019890
2018,내과,H19,333,463,6896730,5184330
2018,내과,H20,240,357,26363040,18524640
2018,내과,H21,12,13,177670,135970
2018,내과,H22,21,43,4276850,3000150
2018,내과,H25,4856,6807,171679310,129824510
2018,내과,H26,2471,3105,116015980,84148080
2018,내과,H27,10,11,298570,220570
2018,내과,H28,55,71,1372780,1070980
2018,내과,H30,15,22,1211300,856200
2018,내과,H31,2,3,32850,28350
2018,내과,H32,3,15,167910,142410
2018,내과,H33,31,34,1533910,1123270
2018,내과,H34,130,359,7540000,5689400
2018,내과,H35,476,1585,51548710,44144410
2018,내과,H36,1084,3788,63001950,50657150
2018,내과,H40,1286,2547,33062550,26906850
2018,내과,H42,50,117,1544610,1261110
2018,내과,H43,17,24,760690,545990
2018,내과,H44,151,238,6394640,4637340
2018,내과,H45,4,4,93250,65550
2018,내과,H46,3,13,152400,125300
2018,내과,H47,24,30,1305090,940490
2018,내과,H48,5,5,823040,576440
2018,내과,H49,8,17,300300,237400
2018,내과,H50,77,88,2852820,2075320
2018,내과,H51,6,9,114080,98380
2018,내과,H52,47,59,829970,619670
2018,내과,H53,219,261,7227010,5410310
2018,내과,H54,221,251,9273230,6681030
2018,내과,H55,11,14,256460,184860
2018,내과,H57,171,185,3913940,2839140
2018,내과,H58,4,4,52520,38820
2018,내과,H59,28,34,856450,623650
2018,내과,H60,23409,35106,540538620,404168720
2018,내과,H61,1932,2356,60207210,43928010
2018,내과,H62,401,554,9433110,7002810
2018,내과,H65,15538,31402,462669550,344495350
2018,내과,H66,37930,87854,1252227390,951055290
2018,내과,H67,281,442,6917730,5124730
2018,내과,H68,3980,5483,90054010,64914510
2018,내과,H69,100,119,1846540,1392540
2018,내과,H70,48,65,1360120,1014420
2018,내과,H71,46,47,4946230,3489530
2018,내과,H72,110,142,2965200,2186000
2018,내과,H73,266,469,7248600,5345400
2018,내과,H74,20,26,514020,376320
2018,내과,H80,4,4,57620,46620
2018,내과,H81,150406,246568,4621523790,3538131520
2018,내과,H82,3444,5683,93375480,72365980
2018,내과,H83,1575,2431,44894140,34480340
2018,내과,H90,219,311,5875080,4724880
2018,내과,H91,1206,1765,52937810,38239510
2018,내과,H92,1092,1230,19101910,14224610
2018,내과,H93,4648,7116,160429940,120099440
2018,내과,H94,5,5,67550,54950
2018,내과,H95,7,15,424230,301730
2018,내과,I00,936,4099,225357080,171152080
2018,내과,I01,57,77,1618930,1209130
2018,내과,I05,948,4310,105387770,79241550
2018,내과,I06,270,1425,35800710,27424010
2018,내과,I07,151,459,13855150,10141960
2018,내과,I08,463,1348,34681580,26278180
2018,내과,I09,30,143,2319220,1820320
2018,내과,I10,3021789,21756126,3.9391E+11,3.0446E+11
2018,내과,I11,67487,442148,8835242310,6897650770
2018,내과,I12,5096,26996,678749970,519184570
2018,내과,I13,11363,63977,1630926950,1232550530
2018,내과,I15,2631,11511,271447840,202190540
2018,내과,I20,89128,332678,9160472940,7136511030
2018,내과,I21,2498,8991,233060680,180774990
2018,내과,I22,192,911,17185690,13828490
2018,내과,I23,99,584,12375030,9467350
2018,내과,I24,1002,2767,62807880,47689280
2018,내과,I25,11183,44355,970376950,747682250
2018,내과,I26,199,712,16659610,13020380
2018,내과,I27,155,433,20250330,15385730
2018,내과,I28,15,32,1695680,1261780
2018,내과,I30,27,45,3674430,2692710
2018,내과,I31,189,382,15961960,11825560
2018,내과,I32,7,8,155530,122530
2018,내과,I33,24,74,3476170,2654630
2018,내과,I34,1100,4656,116091530,86904130
2018,내과,I35,1699,7090,198258310,150955460
2018,내과,I36,54,177,4276760,3333260
2018,내과,I37,53,134,5154320,3654020
2018,내과,I38,24,57,904380,696680
2018,내과,I39,45,86,2867370,2130170
2018,내과,I40,22,51,1436650,1023050
2018,내과,I41,15,24,476450,400650
2018,내과,I42,2110,9677,419071600,354226730
2018,내과,I43,118,322,5096750,3966950
2018,내과,I44,539,1020,34777710,25748310
2018,내과,I45,2079,2965,76996040,56707440
2018,내과,I46,4,7,115690,86890
2018,내과,I47,8351,20197,464317660,345116910
2018,내과,I48,20199,93061,2176646420,1679557850
2018,내과,I49,40410,82004,2477287090,1819063610
2018,내과,I50,19357,85398,1874826880,1474955640
2018,내과,I51,5251,7765,332207330,240000980
2018,내과,I52,31,75,1674910,1267310
2018,내과,I60,78,251,5361000,4051500
2018,내과,I61,249,715,24197750,17760250
2018,내과,I62,32,117,4313320,3215920
2018,내과,I63,14905,66470,1319036510,1047416290
2018,내과,I64,542,2077,46910440,37030070
2018,내과,I65,7070,24614,642313620,480304450
2018,내과,I66,692,2887,82794680,62629700
2018,내과,I67,9039,32587,669758480,524304250
2018,내과,I68,729,2158,36814950,28593550
2018,내과,I69,3933,14080,243141480,197098460
2018,내과,I70,22970,65214,1452885410,1089907200
2018,내과,I71,461,1366,45620220,34266570
2018,내과,I72,101,209,6471730,4758270
2018,내과,I73,65909,142940,2543537440,1949449140
2018,내과,I74,1140,3174,57163290,44625390
2018,내과,I77,221,403,7829490,5903890
2018,내과,I78,570,1103,18198850,13784540
2018,내과,I79,1037,2747,50722930,38636730
2018,내과,I80,1478,3236,54824690,41656590
2018,내과,I81,13,20,1039570,731470
2018,내과,I82,522,1369,25700300,19483700
2018,내과,I83,4615,8860,266712810,202869760
2018,내과,I85,91,183,8383170,6011370
2018,내과,I86,333,497,11448400,8543340
2018,내과,I87,15669,29824,500317570,379295070
2018,내과,I88,7209,9893,251817890,180803880
2018,내과,I89,4002,7276,135232480,101300880
2018,내과,I95,6962,9409,223258310,164920900
2018,내과,I97,40,82,1755280,1332880
2018,내과,I98,49,131,5727900,4133800
2018,내과,I99,347,618,11609060,8739160
2018,내과,J00,1012811,1671161,25497927330,18937154900
2018,내과,J01,263107,456227,7477645380,5467737660
2018,내과,J02,724596,1128556,17416996000,12820147210
2018,내과,J03,874045,1379465,21706679460,15832457180
2018,내과,J04,420917,704636,10741109040,7988855690
2018,내과,J05,1571,2359,37277100,27985060
2018,내과,J06,1397754,2287493,35308715430,26083883880
2018,내과,J09,36251,48243,934912480,686924360
2018,내과,J10,264437,354645,6467728640,4743559140
2018,내과,J11,222641,296936,5108595600,3728851310
2018,내과,J12,191,319,12053740,8834770
2018,내과,J13,49,68,1541630,1145830
2018,내과,J14,11,15,234670,177970
2018,내과,J15,70662,146454,3279980180,2459305050
2018,내과,J16,1311,2610,67197950,51046380
2018,내과,J17,825,1402,65618480,50291680
2018,내과,J18,136599,274489,6707947310,5050132960
2018,내과,J20,4700246,9474928,1.47045E+11,1.09418E+11
2018,내과,J21,165181,323715,5182268150,3882580890
2018,내과,J22,257472,478327,7208211980,5367264250
2018,내과,J30,1144690,1991691,31391825140,23206960770
2018,내과,J31,24022,38576,582946550,430761310
2018,내과,J32,97400,188058,3081332870,2266744350
2018,내과,J33,648,1044,57028240,40353540
2018,내과,J34,5321,7499,180419520,128353810
2018,내과,J35,16094,25341,435837600,317846760
2018,내과,J36,179872,295428,4639891290,3387088720
2018,내과,J37,7392,12330,201229290,151002330
2018,내과,J38,1122,1448,50605330,36276210
2018,내과,J39,37793,63143,990776040,727184240
2018,내과,J40,653376,1212705,19705786560,14758128230
2018,내과,J41,187937,366446,5800612160,4403818970
2018,내과,J42,114817,232191,3709207290,2855237190
2018,내과,J43,2384,4052,252856840,181786790
2018,내과,J44,32060,110359,2161012610,1702839880
2018,내과,J45,364683,989664,19040033710,14348795850
2018,내과,J46,7403,22947,420075860,321564050
2018,내과,J47,9567,24946,569590450,432949410
2018,내과,J60,143,185,5524250,4106050
2018,내과,J61,29,48,659940,520840
2018,내과,J62,17,21,398640,299740
2018,내과,J63,32,56,1012470,795970
2018,내과,J64,602,693,22752440,16204040
2018,내과,J65,9,9,562240,397340
2018,내과,J66,14,25,398560,293960
2018,내과,J67,60,118,3425660,2441060
2018,내과,J68,66,99,2901260,2140960
2018,내과,J69,34,51,7119940,5499380
2018,내과,J70,35,57,1339150,1014250
2018,내과,J80,70,140,2276000,1770000
2018,내과,J81,205,371,37912700,32455950
2018,내과,J82,181,373,16272710,11550410
2018,내과,J84,1528,3875,151923650,118962690
2018,내과,J85,103,210,9783420,7315230
2018,내과,J86,28,69,3673490,2848290
2018,내과,J90,917,1204,52680580,39591980
2018,내과,J91,64,108,7301710,5514240
2018,내과,J92,56,68,4009950,2838850
2018,내과,J93,2581,3298,89375660,64324680
2018,내과,J94,965,1106,47012840,33836540
2018,내과,J95,13,13,728920,516320
2018,내과,J96,258,369,16332790,12173060
2018,내과,J98,9480,11904,877939520,623764840
2018,내과,J99,20,40,1542670,1208870
2018,내과,K00,16,17,532300,379200
2018,내과,K01,55,64,1308780,922980
2018,내과,K02,141,175,2818260,2180960
2018,내과,K03,34,44,603660,468460
2018,내과,K04,2134,3043,48033430,36933130
2018,내과,K05,13579,21492,321207900,250535220
2018,내과,K06,70,94,1334450,1051550
2018,내과,K07,1006,1557,31678060,23672460
2018,내과,K08,736,880,14126640,10596840
2018,내과,K09,56,65,1441120,1041020
2018,내과,K10,113,155,2914390,2160690
2018,내과,K11,3778,5103,123815450,89547150
2018,내과,K12,52561,78826,1331210680,993588390
2018,내과,K13,1107,1404,28672630,23300130
2018,내과,K14,3891,5482,90129660,69584460
2018,내과,K20,6202,11024,213062740,158494440
2018,내과,K21,2273038,4794951,1.30427E+11,94692388510
2018,내과,K22,3686,8256,316802300,230472760
2018,내과,K23,15,16,491710,357410
2018,내과,K25,444971,950649,30736387590,22290656540
2018,내과,K26,93937,177755,7065936660,5041068140
2018,내과,K27,205020,392733,7524492630,5611592590
2018,내과,K28,721,1513,27249940,20582840
2018,내과,K29,2453843,4181242,1.033E+11,75256905880
2018,내과,K30,177589,254876,6253717990,4562557500
2018,내과,K31,38597,56991,2880816910,2065440740
2018,내과,K35,7655,8113,254253020,181813610
2018,내과,K36,850,926,26120870,18678510
2018,내과,K37,3305,3520,94908390,67813910
2018,내과,K38,573,650,16601680,11969880
2018,내과,K40,1200,1524,66634580,54344120
2018,내과,K41,104,122,3330500,2642310
2018,내과,K42,127,200,10870780,8252810
2018,내과,K43,237,269,6350800,4866190
2018,내과,K44,39,94,2461340,1873440
2018,내과,K45,80,89,2733600,2086190
2018,내과,K46,295,338,8330910,6449400
2018,내과,K50,2317,5270,238684800,197569000
2018,내과,K51,5750,23453,1031790250,860304590
2018,내과,K52,629134,863693,20447195270,14813180510
2018,내과,K55,651,882,61878810,44895520
2018,내과,K56,11400,17552,458520640,335664440
2018,내과,K57,7829,10679,949732440,671110900
2018,내과,K58,842611,1309810,58294745120,41735396340
2018,내과,K59,560621,870294,31704601380,22920253250
2018,내과,K60,824,1360,109743950,87801870
2018,내과,K61,500,1077,78606690,64179480
2018,내과,K62,15119,19425,2199470870,1553287310
2018,내과,K63,273221,368878,1.03895E+11,73166463050
2018,내과,K64,22802,31144,1517839390,1100338080
2018,내과,K65,790,1026,37831880,27704010
2018,내과,K66,201,346,11189730,8109970
2018,내과,K67,18,38,1275790,904090
2018,내과,K70,27971,62546,2323946860,1662672330
2018,내과,K71,22574,43910,1888991580,1348192450
2018,내과,K72,1668,3162,123747210,88424320
2018,내과,K73,83810,188046,6793913280,4878301880
2018,내과,K74,8887,32107,1869323040,1350785150
2018,내과,K75,126921,235814,10043533300,7145932900
2018,내과,K76,353441,528109,32420100730,22931128420
2018,내과,K77,4157,5787,300543000,213388800
2018,내과,K80,31291,56060,3098835490,2214148330
2018,내과,K81,5619,7682,604193470,431832410
2018,내과,K82,20170,24248,2398311440,1688335250
2018,내과,K83,5077,8119,435126790,311425710
2018,내과,K85,3945,5782,435276020,313847670
2018,내과,K86,6780,10587,680068350,487216370
2018,내과,K87,1060,1353,125180220,89200390
2018,내과,K90,184,307,17655110,12472710
2018,내과,K91,906,2337,68443050,51118700
2018,내과,K92,16131,21855,1262652580,903718620
2018,내과,K93,169,222,4520130,3389130
2018,내과,L00,7,12,155600,113300
2018,내과,L01,12540,17992,278956590,210141650
2018,내과,L02,52055,82677,1381504940,1045588910
2018,내과,L03,122907,189223,3249829180,2445635170
2018,내과,L04,65773,97387,1653395690,1196403360
2018,내과,L05,1436,1903,32972380,24004280
2018,내과,L08,23399,33674,544684910,409941010
2018,내과,L10,47,97,2567430,1947730
2018,내과,L11,9,10,154310,112010
2018,내과,L12,42,95,2101520,1792400
2018,내과,L13,1104,1535,23453970,17401410
2018,내과,L14,5,6,76810,60610
2018,내과,L20,42886,71638,1262380030,945092820
2018,내과,L21,17255,26332,381945800,293779860
2018,내과,L22,224,265,3198430,2499030
2018,내과,L23,211617,349703,5494530680,4214058970
2018,내과,L24,15618,23218,354468950,271252550
2018,내과,L25,28293,44317,681153140,523234430
2018,내과,L26,26,41,541530,406030
2018,내과,L27,4308,5765,107714110,79181850
2018,내과,L28,7379,10531,192868680,143829750
2018,내과,L29,21030,31890,552792500,419551860
2018,내과,L30,53324,78245,1228416240,935169740
2018,내과,L40,4109,8043,126382030,94977630
2018,내과,L41,55,84,2172140,1677040
2018,내과,L42,139,172,2756380,1981180
2018,내과,L43,93,169,3367360,2552960
2018,내과,L44,14,15,211660,152360
2018,내과,L45,2,2,32630,22930
2018,내과,L50,330619,536919,9943812400,7394570760
2018,내과,L51,154,271,6083500,4485500
2018,내과,L52,160,358,16090180,11481280
2018,내과,L53,308,400,6751240,5029440
2018,내과,L54,8,10,153900,120300
2018,내과,L55,191,243,5296720,3875320
2018,내과,L56,75,90,1649550,1232650
2018,내과,L57,78,93,1454670,1115670
2018,내과,L58,20,26,520660,414960
2018,내과,L59,18,21,323330,237930
2018,내과,L60,2454,4817,109883320,80462420
2018,내과,L62,4,4,72640,54840
2018,내과,L63,1178,2367,50681800,35846500
2018,내과,L64,264,456,6499150,4607350
2018,내과,L65,592,897,15794510,11246610
2018,내과,L66,200,342,5642140,4069440
2018,내과,L67,2,2,30620,21620
2018,내과,L68,2,7,138270,97170
2018,내과,L70,3175,5867,81935260,57974160
2018,내과,L71,282,519,8413860,6096260
2018,내과,L72,1064,2742,94507390,68237180
2018,내과,L73,360,575,8559010,6218610
2018,내과,L74,310,362,5577430,4227030
2018,내과,L75,51,93,2904510,2165910
2018,내과,L80,156,208,3764140,2840640
2018,내과,L81,385,475,7591860,5568060
2018,내과,L82,63,74,966730,750930
2018,내과,L83,6,8,345150,244150
2018,내과,L84,1861,3210,114317490,81845990
2018,내과,L85,1193,1554,22653450,17490750
2018,내과,L86,62,83,1065480,821880
2018,내과,L87,11,13,170900,134800
2018,내과,L88,6,11,416320,315120
2018,내과,L89,533,2916,146470160,117659410
2018,내과,L90,78,150,4026640,2854240
2018,내과,L91,168,276,7291810,5189610
2018,내과,L92,142,165,3860980,2800280
2018,내과,L93,165,282,13780700,10070700
2018,내과,L94,64,102,6615790,4833290
2018,내과,L95,305,615,24182600,17150100
2018,내과,L97,14,72,1327180,1066980
2018,내과,L98,626,911,16022540,12138340
2018,내과,L99,9,9,157350,116750
2018,내과,M00,335,906,33248780,25301480
2018,내과,M01,1400,1841,33008980,23795380
2018,내과,M02,5264,8259,150008240,111365370
2018,내과,M03,55,114,2113460,1568160
2018,내과,M05,30234,204093,10361361480,9094349690
2018,내과,M06,44411,123123,5395520620,3882656910
2018,내과,M07,531,1996,118690990,102185290
2018,내과,M08,230,779,94161000,83112730
2018,내과,M09,4,4,537940,378440
2018,내과,M10,89730,308625,8499555970,6084347710
2018,내과,M11,243,588,12937080,9672780
2018,내과,M12,9105,19303,461348970,335594170
2018,내과,M13,237593,547389,11589515100,8864179760
2018,내과,M14,389,736,15903870,11982070
2018,내과,M15,88621,215263,4117674290,3174618640
2018,내과,M16,3195,7359,135064510,106607650
2018,내과,M17,117116,441122,11434301450,8735191100
2018,내과,M18,289,1095,16344020,12281820
2018,내과,M19,100489,253596,6701238400,4938839220
2018,내과,M20,221,358,9501550,7028080
2018,내과,M21,67,134,2707170,2164010
2018,내과,M22,120,256,5359920,3878220
2018,내과,M23,858,2605,55963620,42887800
2018,내과,M24,5199,10218,196449470,151009520
2018,내과,M25,129592,235617,4810510110,3623871740
2018,내과,M30,82,302,9612770,8271870
2018,내과,M31,205,732,36283510,28434410
2018,내과,M32,4523,15253,1192032220,966559770
2018,내과,M33,144,637,34639890,29702140
2018,내과,M34,411,2218,119294880,102787680
2018,내과,M35,7130,29790,1480058880,1241720640
2018,내과,M36,12,82,1649450,1171250
2018,내과,M40,1067,2573,101586640,73578330
2018,내과,M41,681,1887,56532320,41283890
2018,내과,M42,19,127,2185530,1900730
2018,내과,M43,1566,4599,185277330,139449000
2018,내과,M45,6090,25892,2755151590,2403748980
2018,내과,M46,2003,6006,180725970,132606140
2018,내과,M47,28725,118993,2649673460,2107574290
2018,내과,M48,39254,184351,4404537780,3508048520
2018,내과,M49,3230,11300,196778770,158690670
2018,내과,M50,9023,33698,1127989320,838528380
2018,내과,M51,22451,103996,3063345750,2351561700
2018,내과,M53,12668,31512,758035510,577880950
2018,내과,M54,359290,937077,17957508690,14147217560
2018,내과,M60,7120,10297,203593260,150562810
2018,내과,M61,53,115,2404950,1806950
2018,내과,M62,34735,57591,991332570,745446400
2018,내과,M63,145,284,4313410,3469910
2018,내과,M65,14167,28916,667086870,493663880
2018,내과,M66,38,90,3394790,2533070
2018,내과,M67,1088,1693,50535460,37325700
2018,내과,M68,11,12,168470,128270
2018,내과,M70,1509,2792,58236980,43618620
2018,내과,M71,1259,3169,92442740,66836080
2018,내과,M72,5612,12562,264552400,197695800
2018,내과,M73,5,5,147770,107070
2018,내과,M75,46621,126878,3234703960,2433072020
2018,내과,M76,1083,2327,60240710,43562650
2018,내과,M77,11175,28795,702427870,508537730
2018,내과,M79,573807,982341,16834419730,12683368420
2018,내과,M80,7785,25077,869360080,642415320
2018,내과,M81,225096,717778,23667120420,17359533170
2018,내과,M82,1505,3905,114811830,84857230
2018,내과,M83,1176,2277,44879160,33077060
2018,내과,M84,81,177,6893760,5163930
2018,내과,M85,1501,2534,67881920,49202120
2018,내과,M86,43,222,4136240,3188440
2018,내과,M87,72,486,10612510,8037380
2018,내과,M88,6,22,1195370,1073070
2018,내과,M89,3938,10645,162390880,132119680
2018,내과,M90,11,18,638450,491850
2018,내과,M91,18,23,357730,285830
2018,내과,M92,71,116,2892010,2050910
2018,내과,M93,221,333,4993820,3650020
2018,내과,M94,4665,5946,136887000,100223600
2018,내과,M95,27,39,674490,508990
2018,내과,M96,745,2777,101610580,76395500
2018,내과,M99,1245,4687,101654570,81062040
2018,내과,N00,4803,8402,263182110,191182800
2018,내과,N01,214,308,7814450,5702850
2018,내과,N02,5990,8787,280432600,201784600
2018,내과,N03,2918,8365,347050250,246808650
2018,내과,N04,1547,4056,132727740,95532640
2018,내과,N05,3485,5510,207232160,148453760
2018,내과,N06,2329,3351,87506220,62639420
2018,내과,N07,3,4,413900,290000
2018,내과,N08,716,1407,43142030,31481590
2018,내과,N10,64744,121462,3002300440,2203304330
2018,내과,N11,2803,5094,111368170,82622200
2018,내과,N12,6550,14382,347458500,253945540
2018,내과,N13,2465,4197,157940020,114224210
2018,내과,N14,25,109,11330570,9820570
2018,내과,N15,656,1172,28791430,21778430
2018,내과,N16,59,106,2680920,2221020
2018,내과,N17,943,1599,75934000,56239280
2018,내과,N18,32434,2631787,4.76463E+11,4.32022E+11
2018,내과,N19,2693,4557,148914670,111755000
2018,내과,N20,11250,14720,652933710,467040240
2018,내과,N21,4772,5724,220277520,157766080
2018,내과,N22,230,299,10310380,7369980
2018,내과,N23,489,568,13470050,9805450
2018,내과,N25,124,248,19229990,16170690
2018,내과,N26,16,22,1359470,953070
2018,내과,N27,132,514,37392380,30017180
2018,내과,N28,6136,8441,378555390,274338420
2018,내과,N29,514,750,33814270,24096370
2018,내과,N30,252720,436287,8144917790,6053908840
2018,내과,N31,32598,64793,1075188230,864645180
2018,내과,N32,6136,11069,173840050,137097950
2018,내과,N33,76,116,2089320,1604020
2018,내과,N34,10743,17683,345516130,256020030
2018,내과,N35,10,17,208180,172180
2018,내과,N36,40,60,962420,765820
2018,내과,N37,165,281,4961730,3643430
2018,내과,N39,51384,90838,1813048930,1358518210
2018,내과,N40,83441,268447,4177639580,3345850620
2018,내과,N41,2170,4246,79779790,60877140
2018,내과,N42,621,964,22319320,16827320
2018,내과,N43,76,87,2732500,2033300
2018,내과,N44,19,20,308000,227700
2018,내과,N45,331,574,11639460,8719660
2018,내과,N46,30,45,2034740,1434840
2018,내과,N47,7,8,116490,93790
2018,내과,N48,1210,1738,25790210,19771310
2018,내과,N49,46,60,1060270,775470
2018,내과,N50,261,426,9147210,6913410
2018,내과,N51,58,81,1199110,914510
2018,내과,N60,3556,4334,112053080,80968160
2018,내과,N61,534,772,16254260,11682360
2018,내과,N62,745,872,36070480,26631180
2018,내과,N63,7621,9339,336862640,239756540
2018,내과,N64,18651,20653,614534520,437440540
2018,내과,N70,129,209,8800470,6205370
2018,내과,N71,833,1284,40244990,28392290
2018,내과,N72,2930,3976,143860370,102107370
2018,내과,N73,3759,6350,202378920,143828780
2018,내과,N74,118,171,3938410,2837710
2018,내과,N75,75,173,6486900,4555500
2018,내과,N76,9484,16694,418963250,299269850
2018,내과,N77,297,402,8380680,6113780
2018,내과,N80,300,415,17306200,12248000
2018,내과,N81,50,70,1161170,934870
2018,내과,N83,400,499,23101580,16420690
2018,내과,N84,455,562,51064100,36061940
2018,내과,N85,127,159,6707450,4773850
2018,내과,N86,886,941,29971250,21136650
2018,내과,N87,505,678,43350400,30777000
2018,내과,N88,81,88,1535810,1156610
2018,내과,N89,10,13,227500,169000
2018,내과,N90,13,16,232340,179140
2018,내과,N91,1577,2122,97116820,68251220
2018,내과,N92,1094,1477,44313040,31220140
2018,내과,N93,1341,1839,70187350,49447250
2018,내과,N94,26654,43464,626923030,444331430
2018,내과,N95,36116,104581,1642930910,1195708210
2018,내과,N96,82,349,4386150,3088850
2018,내과,N97,2418,6576,232402200,163343300
2018,내과,N98,23,100,1394740,983140
2018,내과,N99,9,16,632560,451360
2018,내과,O00,35,47,1527550,1189550
2018,내과,O01,4,4,91030,63930
2018,내과,O02,11,24,1813460,1340660
2018,내과,O03,1,1,15310,10810
2018,내과,O06,2,2,110970,81970
2018,내과,O07,1,1,16720,11720
2018,내과,O08,1,1,60680,42480
2018,내과,O10,26,95,1608100,1275500
2018,내과,O11,1,1,10950,7750
2018,내과,O12,45,62,1468730,1049230
2018,내과,O13,114,263,5190120,4105320
2018,내과,O14,2,4,59210,41710
2018,내과,O16,42,129,1837580,1570780
2018,내과,O20,24,66,999750,735850
2018,내과,O21,70,90,2753540,2132000
2018,내과,O22,2,3,41570,29370
2018,내과,O23,3,4,52620,42620
2018,내과,O24,3833,11529,300071980,259909280
2018,내과,O26,86,231,3433640,2507640
2018,내과,O28,9,9,203210,179510
2018,내과,O30,5,8,187790,152990
2018,내과,O32,86,87,2693540,1890840
2018,내과,O33,2,2,45140,31740
2018,내과,O34,15,34,1632470,1289290
2018,내과,O36,1,1,15310,10810
2018,내과,O41,2,9,137090,104390
2018,내과,O42,1,2,26260,18560
2018,내과,O44,2,3,43590,39090
2018,내과,O48,5,5,88120,62020
2018,내과,O60,1,10,131330,92130
2018,내과,O62,1,1,15310,10810
2018,내과,O66,1,1,15310,10810
2018,내과,O72,1,1,23090,16190
2018,내과,O75,5,6,185860,130460
2018,내과,O82,34,34,802520,703120
2018,내과,O85,1,1,15310,10810
2018,내과,O86,6,6,130080,91380
2018,내과,O87,1,1,15310,10810
2018,내과,O90,108,158,8083240,5685340
2018,내과,O91,224,325,5040220,3559020
2018,내과,O92,65,78,1905180,1367580
2018,내과,O94,1,1,15310,10810
2018,내과,O99,25,37,2031480,1769480
2018,내과,P01,2,2,26260,18560
2018,내과,P05,11,13,376580,267980
2018,내과,P07,8,17,266410,231310
2018,내과,P12,2,2,25640,19140
2018,내과,P21,3,5,60200,44100
2018,내과,P22,8,13,228660,204260
2018,내과,P23,61,72,1399720,999820
2018,내과,P25,1,1,129200,90500
2018,내과,P28,197,248,11804470,8644250
2018,내과,P35,6,9,128090,97990
2018,내과,P38,9,17,320720,254120
2018,내과,P39,3,3,50250,38550
2018,내과,P51,2,2,40650,32250
2018,내과,P52,2,9,195250,140450
2018,내과,P54,2,2,34530,25830
2018,내과,P57,4,4,387070,271070
2018,내과,P59,466,604,15636280,12375280
2018,내과,P61,1,7,92380,83580
2018,내과,P72,2,3,76000,53400
2018,내과,P74,1,1,19110,13410
2018,내과,P78,2,2,33670,26670
2018,내과,P80,4,5,113930,80030
2018,내과,P81,2,2,32780,24680
2018,내과,P83,4,4,180050,131350
2018,내과,P90,1,1,11500,9100
2018,내과,P91,1,1,17480,12280
2018,내과,P92,33,44,725870,572670
2018,내과,P96,3,3,45930,32430
2018,내과,Q01,2,16,83950,61650
2018,내과,Q02,2,2,31510,23610
2018,내과,Q03,2,3,119990,90190
2018,내과,Q04,10,18,1056380,788580
2018,내과,Q05,5,23,324230,258330
2018,내과,Q06,1,1,17470,13870
2018,내과,Q07,1,1,15310,13810
2018,내과,Q10,8,9,434250,311250
2018,내과,Q15,4,4,58340,51140
2018,내과,Q16,5,6,139340,100740
2018,내과,Q17,8,9,136340,105940
2018,내과,Q18,52,63,3154340,2269840
2018,내과,Q20,24,52,1604710,1326400
2018,내과,Q21,352,749,24687270,18643370
2018,내과,Q22,15,33,1594020,1312220
2018,내과,Q23,93,439,16791160,14992960
2018,내과,Q24,35,149,4935600,4318100
2018,내과,Q25,61,139,4000740,3074240
2018,내과,Q26,5,6,784090,549190
2018,내과,Q27,12,15,736840,540040
2018,내과,Q28,19,25,1296450,917650
2018,내과,Q31,29,42,791790,576790
2018,내과,Q32,3,3,44050,32750
2018,내과,Q33,9,19,748700,561200
2018,내과,Q34,33,35,2010700,1431300
2018,내과,Q35,3,3,41560,30260
2018,내과,Q36,8,11,245960,178460
2018,내과,Q38,44,52,2998980,2343080
2018,내과,Q39,34,55,1745880,1274280
2018,내과,Q40,8,11,210320,156620
2018,내과,Q43,17,21,1340190,942190
2018,내과,Q44,2297,2781,267318410,189316000
2018,내과,Q45,10,10,773090,543390
2018,내과,Q50,5,7,314280,237680
2018,내과,Q51,7,7,309560,217060
2018,내과,Q52,5,6,438010,344910
2018,내과,Q53,20,35,511140,381440
2018,내과,Q54,1,1,10950,7750
2018,내과,Q55,8,20,684510,487810
2018,내과,Q60,38,69,3135870,2230970
2018,내과,Q61,1566,3121,195119080,149203300
2018,내과,Q62,28,41,1770160,1286060
2018,내과,Q63,19,40,2370380,1665880
2018,내과,Q64,8,9,839650,588350
2018,내과,Q65,48,279,12247580,9841580
2018,내과,Q66,11,18,268220,198320
2018,내과,Q67,56,64,1229350,892150
2018,내과,Q68,20,22,369890,294290
2018,내과,Q69,1,1,21310,15010
2018,내과,Q70,3,3,45640,39040
2018,내과,Q71,2,4,52520,37120
2018,내과,Q72,2,15,413080,316880
2018,내과,Q74,12,25,822820,605720
2018,내과,Q75,12,24,381890,328090
2018,내과,Q76,23,41,1218170,894370
2018,내과,Q77,18,57,1820740,1599740
2018,내과,Q78,92,416,19096840,15293040
2018,내과,Q79,27,48,2850400,2467700
2018,내과,Q80,2,18,211280,174380
2018,내과,Q81,9,15,260880,200980
2018,내과,Q82,35,38,661320,511020
2018,내과,Q83,67,75,1835440,1324640
2018,내과,Q84,9,11,291330,208330
2018,내과,Q85,80,273,11306660,9220170
2018,내과,Q86,2,4,58550,41250
2018,내과,Q87,77,365,13367980,11649980
2018,내과,Q89,65,81,2769380,1987180
2018,내과,Q90,41,225,6102360,5247760
2018,내과,Q93,4,26,416130,376230
2018,내과,Q95,1,1,15310,10810
2018,내과,Q96,29,84,3651040,3148540
2018,내과,Q98,10,45,438830,364830
2018,내과,Q99,3,3,49730,38830
2018,내과,R00,67239,89519,2773697500,1991272620
2018,내과,R01,200,236,6146350,4575150
2018,내과,R02,14,15,436820,316720
2018,내과,R03,38111,45809,990539000,738733720
2018,내과,R04,7227,9257,283359480,207303440
2018,내과,R05,38119,52940,1057024070,775358260
2018,내과,R06,22891,28852,1066625420,769712740
2018,내과,R07,225700,270221,10477609970,7498282470
2018,내과,R09,3145,3902,87779740,64493610
2018,내과,R10,330892,443681,20291306720,14491009150
2018,내과,R11,126578,160531,3173010900,2321002550
2018,내과,R12,14372,20799,479723900,348709170
2018,내과,R13,597,1866,113902130,90150030
2018,내과,R14,6851,10229,571954230,409181630
2018,내과,R15,173,227,4984630,3947630
2018,내과,R16,945,1079,72371010,51300110
2018,내과,R17,2852,3691,188036200,133689450
2018,내과,R18,506,853,42379530,31304570
2018,내과,R19,16188,20701,1526909560,1080732380
2018,내과,R20,1243,1523,42860020,31313620
2018,내과,R21,2437,3006,68031920,50165820
2018,내과,R22,1449,1643,39934180,28767080
2018,내과,R23,1876,2423,89991540,64518350
2018,내과,R25,5834,8225,161559790,120327210
2018,내과,R26,142,175,3452000,2745800
2018,내과,R27,24,28,538530,425830
2018,내과,R29,334,506,9012630,6926830
2018,내과,R30,3244,3857,104548470,76510870
2018,내과,R31,21551,27956,712491870,515975230
2018,내과,R32,3384,6566,95371680,77873880
2018,내과,R33,113,128,2463170,1851570
2018,내과,R34,46,51,1551780,1170280
2018,내과,R35,4553,6844,123524940,95223140
2018,내과,R36,12,13,213190,155990
2018,내과,R39,1390,1737,50046800,36468180
2018,내과,R40,89,106,2789580,2051480
2018,내과,R41,3444,8332,122316340,99887440
2018,내과,R42,166578,231858,6343241890,4657384570
2018,내과,R43,197,248,4409970,3276770
2018,내과,R44,114,126,1995700,1514000
2018,내과,R45,3569,5446,88703170,67485270
2018,내과,R46,9,11,158270,118370
2018,내과,R47,116,154,6313960,4777760
2018,내과,R49,313,382,7373080,5439880
2018,내과,R50,71182,96121,2167312820,1576619740
2018,내과,R51,167458,222131,3695991140,2725242520
2018,내과,R52,47764,76869,1348567610,1003131310
2018,내과,R53,10136,12929,475082630,338172830
2018,내과,R54,236,351,5456320,4697220
2018,내과,R55,6232,8111,299753830,213916100
2018,내과,R56,581,884,14598390,11055090
2018,내과,R57,526,1170,28685960,21032160
2018,내과,R58,246,289,8671680,6313580
2018,내과,R59,3362,4166,97912520,70139220
2018,내과,R60,60851,98290,3338797150,2425974220
2018,내과,R61,954,1248,30577470,22198770
2018,내과,R62,288,406,12136740,8984740
2018,내과,R63,24070,32497,977254610,725307670
2018,내과,R64,41,82,2921550,2524890
2018,내과,R65,6,6,225850,158350
2018,내과,R68,26375,30876,557553340,403160420
2018,내과,R69,62,96,1924690,1364490
2018,내과,R70,6,11,223490,158890
2018,내과,R71,67,81,2033830,1456830
2018,내과,R72,753,980,30166120,21530620
2018,내과,R73,116966,182082,4644076690,3577427220
2018,내과,R74,2781,3288,154617340,109302240
2018,내과,R75,3,3,160650,114250
2018,내과,R76,4141,10599,316485310,223150590
2018,내과,R77,118,165,9618980,6855280
2018,내과,R78,87,180,6190400,4399700
2018,내과,R79,2400,2828,175475330,124799630
2018,내과,R80,13347,18407,446554270,319471100
2018,내과,R81,9427,15095,262304610,209084050
2018,내과,R82,4178,5060,129574490,93480990
2018,내과,R84,98,116,3042730,2216530
2018,내과,R85,10,12,279390,209990
2018,내과,R86,18,30,646960,487860
2018,내과,R87,476,694,39266920,27667620
2018,내과,R89,21,42,794150,565250
2018,내과,R90,6,8,561380,393580
2018,내과,R91,5771,6905,300710940,216762890
2018,내과,R92,5872,6358,162587150,116099150
2018,내과,R93,1730,2123,175335740,124022640
2018,내과,R94,32799,42979,2355351180,1688302790
2018,내과,R99,1,1,17940,16240
2018,내과,S00,6018,8615,177511750,135378750
2018,내과,S01,6589,11786,243861150,184003480
2018,내과,S02,443,537,41013060,29464890
2018,내과,S03,526,749,12060400,9311900
2018,내과,S04,37,127,2137960,1648560
2018,내과,S05,160,186,9436360,6836860
2018,내과,S06,550,892,51473370,38286080
2018,내과,S07,74,142,2829900,2163200
2018,내과,S08,2,4,74800,62600
2018,내과,S09,316,489,11838990,8736890
2018,내과,S10,226,285,5455710,4074610
2018,내과,S11,186,295,6270570,4661370
2018,내과,S12,7,9,1543530,1124950
2018,내과,S13,18188,35169,757344050,564684690
2018,내과,S14,89,239,8854250,6338650
2018,내과,S15,13,19,286750,209750
2018,내과,S16,11,43,860410,611610
2018,내과,S17,2,2,33870,31170
2018,내과,S19,20,29,522250,403450
2018,내과,S20,4152,6212,132545100,101358120
2018,내과,S21,374,772,15080820,11742120
2018,내과,S22,3442,6197,344466540,256183570
2018,내과,S23,29365,40391,871553990,654035180
2018,내과,S24,26,57,1156260,894260
2018,내과,S25,11,22,396320,312720
2018,내과,S26,1,1,22300,17900
2018,내과,S27,27,30,2732910,2004400
2018,내과,S28,80,91,2621080,1892980
2018,내과,S29,103,125,3514910,2617210
2018,내과,S30,889,1518,31176450,24090460
2018,내과,S31,764,1568,30367500,23744400
2018,내과,S32,666,1704,134709930,101441150
2018,내과,S33,57025,146758,2845717540,2220742450
2018,내과,S34,363,847,27719670,20473070
2018,내과,S35,15,19,858290,610890
2018,내과,S36,18,21,1420410,1014010
2018,내과,S37,16,26,784980,571580
2018,내과,S39,28,35,625460,458160
2018,내과,S40,863,1515,29378770,22193480
2018,내과,S41,450,902,19918640,15076840
2018,내과,S42,200,451,19907920,14509920
2018,내과,S43,15627,37039,675344340,517234490
2018,내과,S44,59,164,7403230,5207230
2018,내과,S45,10,14,235580,186280
2018,내과,S46,1924,5307,159429970,117697230
2018,내과,S48,1,1,21110,14810
2018,내과,S49,34,58,1684780,1229480
2018,내과,S50,1627,2570,52556600,39931000
2018,내과,S51,1628,3624,90820990,71002290
2018,내과,S52,494,1570,72175460,53666220
2018,내과,S53,2459,5018,108970650,79700390
2018,내과,S54,70,121,5789470,4219470
2018,내과,S55,19,33,623640,449940
2018,내과,S56,92,279,9972310,7268820
2018,내과,S57,9,12,270620,208420
2018,내과,S58,8,15,251520,176720
2018,내과,S59,55,73,1341110,1013910
2018,내과,S60,5836,9064,192992630,144713730
2018,내과,S61,14022,27100,597669120,441006990
2018,내과,S62,821,2316,86977640,62852070
2018,내과,S63,7898,12741,325238280,234769920
2018,내과,S64,76,109,2682240,1981940
2018,내과,S65,295,435,9561460,6948860
2018,내과,S66,288,736,23617160,17216710
2018,내과,S67,181,455,11073060,7938560
2018,내과,S68,4,12,261780,187980
2018,내과,S69,350,518,10618860,7870860
2018,내과,S70,909,1504,31027190,23900260
2018,내과,S71,416,899,20584640,16006990
2018,내과,S72,110,268,13031820,9979290
2018,내과,S73,1119,2153,46120950,34781020
2018,내과,S74,45,160,9835140,7009140
2018,내과,S75,9,14,266070,196670
2018,내과,S76,235,437,12456200,9430430
2018,내과,S77,6,6,147780,109280
2018,내과,S78,11,20,365640,273640
2018,내과,S79,28,44,714840,536140
2018,내과,S80,3941,7216,150750390,114145280
2018,내과,S81,4120,9125,196458370,148878090
2018,내과,S82,414,1180,72419210,53594360
2018,내과,S83,4318,9713,274528950,203817450
2018,내과,S84,89,232,5985660,4437160
2018,내과,S85,29,60,1148430,847830
2018,내과,S86,344,762,20689670,15056930
2018,내과,S87,50,130,2511860,1863460
2018,내과,S88,20,36,632670,481670
2018,내과,S89,79,133,2592510,2033010
2018,내과,S90,3538,5741,123502610,92670530
2018,내과,S91,5067,9748,208498020,156950840
2018,내과,S92,943,2199,114923840,83700640
2018,내과,S93,10116,18276,475203590,345631730
2018,내과,S94,36,73,3649370,2585570
2018,내과,S95,43,94,1693420,1222520
2018,내과,S96,164,255,7081480,5313710
2018,내과,S97,75,162,4319980,3179820
2018,내과,S98,7,14,250240,201440
2018,내과,S99,209,305,7140660,5231560
2018,내과,T00,1081,1632,33344830,25187780
2018,내과,T01,1030,2134,56982030,44978110
2018,내과,T02,13,13,1505670,1056270
2018,내과,T03,567,1233,18952890,15573990
2018,내과,T04,7,15,333650,247750
2018,내과,T06,23,49,895320,686220
2018,내과,T07,8,10,245650,179650
2018,내과,T08,26,92,2400210,1877310
2018,내과,T09,395,832,18354230,14355130
2018,내과,T10,6,7,178950,135350
2018,내과,T11,368,590,11853220,8894620
2018,내과,T12,13,18,534590,382690
2018,내과,T13,597,1159,22996620,17526810
2018,내과,T14,7618,11784,252709910,190696720
2018,내과,T15,223,270,7688460,5478660
2018,내과,T16,2088,2377,63287320,45455020
2018,내과,T17,1956,2035,59815650,42858850
2018,내과,T18,1217,1359,113197770,80438210
2018,내과,T19,12,13,404180,287280
2018,내과,T20,376,675,21729530,15648260
2018,내과,T21,893,2370,69354540,50953090
2018,내과,T22,1737,4430,134667780,96745610
2018,내과,T23,4119,9140,300924560,217012630
2018,내과,T24,1298,4271,136045830,98603370
2018,내과,T25,1020,2844,93054010,67755910
2018,내과,T26,21,25,507370,397770
2018,내과,T27,8,9,301060,260960
2018,내과,T28,22,31,468000,345100
2018,내과,T29,211,425,11827140,8751640
2018,내과,T30,2543,5466,157186450,114932050
2018,내과,T31,97,240,6431750,4717250
2018,내과,T33,166,204,3653110,2631410
2018,내과,T34,3,4,62590,47090
2018,내과,T35,55,61,990640,731240
2018,내과,T38,7,8,116530,85830
2018,내과,T39,2,5,105240,74040
2018,내과,T40,1,1,10950,7750
2018,내과,T42,5,9,155870,121670
2018,내과,T43,2,2,45870,33970
2018,내과,T44,1,1,10950,7750
2018,내과,T45,4,9,110880,85180
2018,내과,T46,5,26,354050,300850
2018,내과,T47,1,1,10950,7750
2018,내과,T48,3,3,41570,32370
2018,내과,T49,7,8,152920,107520
2018,내과,T50,18,21,555180,400280
2018,내과,T51,21,45,804250,602950
2018,내과,T52,8,10,157880,118880
2018,내과,T53,1,1,10950,9450
2018,내과,T54,9,10,143820,107920
2018,내과,T56,24,44,775960,547960
2018,내과,T57,20,45,1234480,891080
2018,내과,T58,2,2,30620,21620
2018,내과,T59,14,14,268560,198060
2018,내과,T60,43,65,1051690,810090
2018,내과,T61,5,7,272740,199340
2018,내과,T62,9,9,236440,168840
2018,내과,T63,1383,1672,27952980,21352710
2018,내과,T65,110,200,3084070,2217870
2018,내과,T66,5,6,115710,81410
2018,내과,T67,7636,11097,246712850,182994280
2018,내과,T68,4,5,88630,62230
2018,내과,T69,65,78,1614850,1160450
2018,내과,T70,49,55,799550,578650
2018,내과,T73,718,843,17490890,12977190
2018,내과,T75,140,210,3371890,2582090
2018,내과,T78,13868,21724,478322660,351339310
2018,내과,T79,2569,3972,80812460,60222960
2018,내과,T80,27,35,940990,693590
2018,내과,T81,229,451,21533370,16252580
2018,내과,T82,33,101,2513280,1931680
2018,내과,T83,3,4,74670,58370
2018,내과,T84,10,36,567250,464850
2018,내과,T85,12,36,607050,474850
2018,내과,T86,10,26,1466750,1299350
2018,내과,T87,3,9,142320,100120
2018,내과,T88,172,223,4029350,3009150
2018,내과,T90,21,49,1056240,772040
2018,내과,T91,50,176,3186010,2505110
2018,내과,T92,15,18,292750,219450
2018,내과,T93,58,109,1983280,1514780
2018,내과,T94,2,2,26260,20260
2018,내과,T95,40,77,1361530,1096330
2018,내과,T96,1,1,19110,17210
2018,내과,T98,12,12,360480,259880
2018,내과,U06,1,1,132040,92440
2018,내과,U84,20,452,5486250,5375850
2018,내과,U85,1,1,7980,6480
2018,내과,Z00,18012,19747,1160032550,821814680
2018,내과,Z01,4577,5115,94162140,70201740
2018,내과,Z02,151,160,1797220,1353620
2018,내과,Z03,10591,12354,469104070,337298470
2018,내과,Z04,5108,6353,145306430,106530020
2018,내과,Z08,33,47,3383040,2395440
2018,내과,Z09,217,234,7561480,5406180
2018,내과,Z10,511,542,10498670,7590570
2018,내과,Z11,539,594,12868520,9119720
2018,내과,Z12,14,14,642300,453400
2018,내과,Z13,1887,2459,55522650,42023150
2018,내과,Z20,1852,2449,75752120,53878320
2018,내과,Z21,1,2,21900,15500
2018,내과,Z22,77,109,7331870,5163370
2018,내과,Z23,182,197,6699170,4730870
2018,내과,Z24,130,144,2082360,1477360
2018,내과,Z25,1919,2175,36197750,27992390
2018,내과,Z26,1079,1376,25751680,19436180
2018,내과,Z27,134,144,1899670,1426970
2018,내과,Z28,5,5,10950,9450
2018,내과,Z29,290,318,5138760,3881960
2018,내과,Z30,205,233,3705410,2611610
2018,내과,Z31,59,223,2871490,2079290
2018,내과,Z32,283,331,9292430,7311430
2018,내과,Z33,54,103,2283750,1836650
2018,내과,Z34,1614,1918,61255340,53473840
2018,내과,Z35,66,310,3955160,2802160
2018,내과,Z36,410,415,13183480,11672580
2018,내과,Z39,9,9,117090,89290
2018,내과,Z40,1,1,15310,10810
2018,내과,Z41,34,42,701750,519150
2018,내과,Z42,3,3,932410,699840
2018,내과,Z43,3,4,125300,93300
2018,내과,Z45,3,14,390970,298170
2018,내과,Z46,1,1,2970,2170
2018,내과,Z47,2,2,125700,99920
2018,내과,Z48,1075,1854,36429590,27458490
2018,내과,Z49,13,156,29586940,26617940
2018,내과,Z50,3,5,63470,49970
2018,내과,Z51,20,25,417030,321130
2018,내과,Z52,53,80,2503100,1762700
2018,내과,Z54,15,51,904140,772940
2018,내과,Z56,4,5,70450,53850
2018,내과,Z57,20,24,511160,359360
2018,내과,Z58,5,7,124900,87900
2018,내과,Z59,33,36,952980,669380
2018,내과,Z60,1,1,10950,9450
2018,내과,Z63,2,2,28650,20150
2018,내과,Z64,2,2,26260,18560
2018,내과,Z70,61,71,1401790,1025890
2018,내과,Z71,27381,31261,484195910,358092400
2018,내과,Z72,82,106,2508220,1788420
2018,내과,Z73,526,770,14415170,10569770
2018,내과,Z74,2,2,21900,17200
2018,내과,Z75,3,3,65780,49980
2018,내과,Z76,5,5,158690,111490
2018,내과,Z80,30,47,1611520,1226920
2018,내과,Z81,1,1,21010,14710
2018,내과,Z82,371,672,11082530,8477930
2018,내과,Z83,330,424,7726760,5797960
2018,내과,Z84,9,9,285310,200210
2018,내과,Z85,35,142,3364510,2587510
2018,내과,Z86,22,23,416560,317760
2018,내과,Z87,11,11,202060,151260
2018,내과,Z88,40,41,1708970,1211370
2018,내과,Z89,1,2,27990,19690
2018,내과,Z90,29,199,23615570,20629370
2018,내과,Z91,48,107,1367980,1068980
2018,내과,Z92,169,399,6487570,5034470
2018,내과,Z93,6,114,2314780,1852280
2018,내과,Z94,532,1676,86434340,72754290
2018,내과,Z95,465,1833,43287550,33242750
2018,내과,Z96,11,12,207110,166310
2018,내과,Z97,14,16,615290,433290
2018,내과,Z98,560,1178,26004220,20235130
2018,내과,Z99,62,2581,455944530,412426030
2018,신경과,A04,150,178,6289950,4681500
2018,신경과,A05,6,15,311820,237120
2018,신경과,A06,1,1,15160,10660
2018,신경과,A08,271,322,6574770,4794870
2018,신경과,A09,2481,3013,54517570,39972130
2018,신경과,A15,3,8,1334800,1292900
2018,신경과,A16,5,7,785220,672820
2018,신경과,A17,1,2,585780,585780
2018,신경과,A18,3,5,945820,666620
2018,신경과,A20,1,1,15310,10810
2018,신경과,A31,1,1,17080,11980
2018,신경과,A35,1,1,15310,10810
2018,신경과,A41,5,5,2297390,1706810
2018,신경과,A49,36,59,950470,717470
2018,신경과,A52,3,4,159200,134900
2018,신경과,A59,8,10,184940,138140
2018,신경과,A60,13,31,679860,500960
2018,신경과,A69,46,67,1014340,801940
2018,신경과,A75,4,6,123400,92800
2018,신경과,A85,3,3,69230,51730
2018,신경과,A86,2,5,54750,47250
2018,신경과,A87,67,99,6759890,4743290
2018,신경과,A88,1,3,118470,83070
2018,신경과,B00,769,1166,23790830,17480500
2018,신경과,B01,4,6,90250,63650
2018,신경과,B02,2892,6941,198031420,146916970
2018,신경과,B07,20,20,392970,279570
2018,신경과,B08,10,14,318180,233380
2018,신경과,B09,1,1,20000,15800
2018,신경과,B15,1,1,10950,7750
2018,신경과,B16,1,2,36760,25860
2018,신경과,B17,11,16,536710,385510
2018,신경과,B18,331,1064,60194300,42908600
2018,신경과,B19,1,1,14140,14140
2018,신경과,B24,1,1,74430,52130
2018,신경과,B26,2,2,38440,27040
2018,신경과,B27,321,525,8541300,6071000
2018,신경과,B30,6,10,80430,56830
2018,신경과,B34,13,18,503150,367450
2018,신경과,B35,1504,2980,45019190,34103590
2018,신경과,B36,68,114,1807570,1351470
2018,신경과,B37,26,39,1274730,1002130
2018,신경과,B43,1,1,15310,10810
2018,신경과,B47,1,1,10950,9450
2018,신경과,B48,2,9,129040,114540
2018,신경과,B49,2,5,71630,50530
2018,신경과,B66,3,5,71710,55310
2018,신경과,B85,5,6,83130,59630
2018,신경과,B86,71,113,819240,603740
2018,신경과,B88,7,7,151380,109580
2018,신경과,B90,2,2,55790,42190
2018,신경과,B91,40,45,2236990,1622590
2018,신경과,B94,1,12,591910,579910
2018,신경과,B99,1,1,56050,39250
2018,신경과,C03,1,2,225810,214610
2018,신경과,C06,3,3,34820,32220
2018,신경과,C11,2,15,187890,177590
2018,신경과,C15,5,25,1173730,1112330
2018,신경과,C16,66,435,21677480,20473380
2018,신경과,C18,47,229,12478070,11479470
2018,신경과,C19,2,8,280680,267080
2018,신경과,C20,18,46,3316890,3024290
2018,신경과,C22,36,140,12105470,10357570
2018,신경과,C23,13,16,3004290,2205890
2018,신경과,C24,9,51,1592320,1249020
2018,신경과,C25,31,94,10766330,8736220
2018,신경과,C26,4,9,1328870,1204270
2018,신경과,C30,1,22,556610,529610
2018,신경과,C32,2,4,541230,514330
2018,신경과,C34,91,492,26185180,21957600
2018,신경과,C37,5,7,1089170,1035070
2018,신경과,C38,3,3,441360,309060
2018,신경과,C41,1,1,400920,280720
2018,신경과,C43,2,8,253070,240770
2018,신경과,C44,5,13,1129300,1056500
2018,신경과,C48,3,4,446940,374040
2018,신경과,C49,4,7,751000,614200
2018,신경과,C50,47,194,9791610,9220780
2018,신경과,C53,4,159,3138490,2987390
2018,신경과,C54,3,45,1079480,1027580
2018,신경과,C56,7,12,1393260,1067560
2018,신경과,C57,1,5,42250,40450
2018,신경과,C61,35,249,14622410,13755910
2018,신경과,C64,18,43,4869260,4328160
2018,신경과,C66,2,3,441530,313330
2018,신경과,C67,13,126,4552070,4329570
2018,신경과,C70,2,28,444960,424160
2018,신경과,C71,34,60,3657190,3243580
2018,신경과,C72,15,68,2359280,2085280
2018,신경과,C73,54,315,20591780,19170230
2018,신경과,C74,2,2,429360,300660
2018,신경과,C75,4,9,1248970,1034570
2018,신경과,C76,1,1,429570,400170
2018,신경과,C77,2,3,520900,495000
2018,신경과,C78,2,2,32070,31270
2018,신경과,C79,11,30,1685150,1601850
2018,신경과,C80,2,54,767670,731770
2018,신경과,C81,3,3,462320,439320
2018,신경과,C82,1,2,10940,10540
2018,신경과,C83,3,11,345030,329030
2018,신경과,C85,4,5,788740,747540
2018,신경과,C90,3,17,744070,707870
2018,신경과,C91,2,3,26250,23550
2018,신경과,C95,3,7,316530,286930
2018,신경과,C96,1,1,15310,14610
2018,신경과,D00,3,21,1283510,1220510
2018,신경과,D01,4,51,944990,854290
2018,신경과,D02,1,4,384350,365450
2018,신경과,D03,3,6,362670,340670
2018,신경과,D05,2,2,28010,26710
2018,신경과,D06,3,9,764460,726760
2018,신경과,D09,1,5,537870,511270
2018,신경과,D10,1,1,14140,14140
2018,신경과,D11,4,4,256720,184220
2018,신경과,D12,111,168,53190600,37539520
2018,신경과,D13,47,70,4933850,3626150
2018,신경과,D14,15,18,1318520,938820
2018,신경과,D15,1,1,15310,13810
2018,신경과,D16,7,9,1340240,978690
2018,신경과,D17,59,115,3480380,2470180
2018,신경과,D18,43,50,6004340,4392080
2018,신경과,D21,8,13,614490,442090
2018,신경과,D22,3,3,45930,38430
2018,신경과,D23,51,62,3081600,2237300
2018,신경과,D24,14,17,545760,397360
2018,신경과,D25,4,6,595390,434090
2018,신경과,D27,1,1,29670,20770
2018,신경과,D29,3,4,77710,57010
2018,신경과,D30,10,12,2351880,1646980
2018,신경과,D32,80,383,23940490,20923640
2018,신경과,D33,98,328,28404720,22873120
2018,신경과,D34,13,14,456030,330630
2018,신경과,D35,78,165,15458420,11331220
2018,신경과,D36,6,11,751240,536840
2018,신경과,D37,22,23,4087240,2868140
2018,신경과,D38,4,4,467670,332370
2018,신경과,D39,1,3,290460,203460
2018,신경과,D40,1,1,17480,16680
2018,신경과,D41,6,6,1168770,848170
2018,신경과,D42,5,179,3905490,3624590
2018,신경과,D43,47,135,12989720,9829870
2018,신경과,D44,28,41,7101590,5089200
2018,신경과,D45,3,17,593070,564270
2018,신경과,D46,1,1,15310,14610
2018,신경과,D47,5,25,982360,932260
2018,신경과,D48,7,8,1038690,763410
2018,신경과,D50,688,1239,47096160,33768570
2018,신경과,D51,31,121,3409090,2600090
2018,신경과,D52,14,22,1511720,1071020
2018,신경과,D53,11,49,1089450,779250
2018,신경과,D61,1,1,10950,7750
2018,신경과,D62,1,1,29880,20980
2018,신경과,D63,2,2,21900,18900
2018,신경과,D64,156,209,11135470,7911070
2018,신경과,D68,9,13,469010,354610
2018,신경과,D69,31,37,1265860,939460
2018,신경과,D70,2,4,50180,43780
2018,신경과,D72,22,32,678260,510760
2018,신경과,D73,2,13,556650,390250
2018,신경과,D75,6,10,216920,165020
2018,신경과,D80,1,4,279540,251840
2018,신경과,D86,2,6,84290,76090
2018,신경과,E03,760,2886,89695170,65587570
2018,신경과,E04,187,322,16674840,12008640
2018,신경과,E05,372,1167,47908920,33978620
2018,신경과,E06,330,470,38971890,27552090
2018,신경과,E07,290,391,27855790,19624090
2018,신경과,E10,85,533,14906950,11690540
2018,신경과,E11,8372,49955,1281370830,972718140
2018,신경과,E12,2,3,427780,303080
2018,신경과,E13,232,1169,35837950,26846550
2018,신경과,E14,1361,7961,194295540,148085640
2018,신경과,E16,14,20,1671910,1182510
2018,신경과,E20,4,17,646010,461710
2018,신경과,E21,2,10,143020,100820
2018,신경과,E22,14,29,957810,732310
2018,신경과,E23,30,58,5335790,3868590
2018,신경과,E24,5,28,1471680,1167480
2018,신경과,E27,10,15,679040,602340
2018,신경과,E28,3,5,126120,88520
2018,신경과,E29,1,2,47390,35590
2018,신경과,E30,4,30,342000,241800
2018,신경과,E32,1,1,10950,7750
2018,신경과,E34,3,4,261300,187200
2018,신경과,E35,8,8,510490,357490
2018,신경과,E41,1,3,26250,23750
2018,신경과,E44,31,48,770290,624990
2018,신경과,E46,2,2,31040,24840
2018,신경과,E50,36,59,818440,631040
2018,신경과,E51,13,41,1524580,1116480
2018,신경과,E53,48,119,3892760,2854660
2018,신경과,E54,1,1,10950,7750
2018,신경과,E55,838,1303,40699970,29206170
2018,신경과,E56,25,28,3038340,2148840
2018,신경과,E58,19,28,520220,412120
2018,신경과,E61,10,17,1142060,805760
2018,신경과,E63,26,31,533720,405520
2018,신경과,E66,20,37,1428590,1001890
2018,신경과,E78,7583,24008,532086760,390385640
2018,신경과,E79,28,39,1115860,875760
2018,신경과,E80,3,3,37210,29710
2018,신경과,E83,51,100,6476110,4622010
2018,신경과,E84,1,1,38900,27300
2018,신경과,E85,2,7,110970,93370
2018,신경과,E86,136,212,5325420,3904520
2018,신경과,E87,39,57,3789550,2755630
2018,신경과,E88,12,12,447300,320400
2018,신경과,E89,15,44,1065010,748010
2018,신경과,F00,20016,118952,4198858240,3190814620
2018,신경과,F01,1066,5375,217919360,164386340
2018,신경과,F02,61,241,10409540,8449440
2018,신경과,F03,643,1443,82438210,59856110
2018,신경과,F05,89,240,8771530,6568030
2018,신경과,F06,10150,35112,1630619400,1204360310
2018,신경과,F07,64,110,3368070,2446870
2018,신경과,F09,4,18,499470,369570
2018,신경과,F10,96,287,13131780,9937780
2018,신경과,F11,1,1,15310,13810
2018,신경과,F13,2,20,703200,521200
2018,신경과,F17,4,6,119710,86610
2018,신경과,F19,1,1,21080,14780
2018,신경과,F20,526,6492,315691050,254230250
2018,신경과,F21,66,708,34766430,27365130
2018,신경과,F22,121,834,29727570,23465870
2018,신경과,F23,22,207,6712120,5189820
2018,신경과,F25,112,1559,75767080,60768080
2018,신경과,F28,7,47,1396650,1055950
2018,신경과,F29,16,99,4602470,3472670
2018,신경과,F30,24,219,7887730,5931630
2018,신경과,F31,945,9170,473014000,353075800
2018,신경과,F32,10397,53573,1675445320,1269803350
2018,신경과,F33,1509,11201,452811020,339568120
2018,신경과,F34,880,7260,332495350,254709050
2018,신경과,F38,95,354,9298980,7146480
2018,신경과,F39,606,2413,89100200,66949500
2018,신경과,F40,261,1078,35532780,26961780
2018,신경과,F41,16207,71031,1820255020,1386512020
2018,신경과,F42,141,1102,55746620,42295320
2018,신경과,F43,863,2272,88934770,66909770
2018,신경과,F44,20,115,5682540,4207240
2018,신경과,F45,2432,10010,273652170,210679270
2018,신경과,F48,2250,7138,187071650,143114850
2018,신경과,F50,10,105,6280560,4977160
2018,신경과,F51,3636,13488,320648520,244344940
2018,신경과,F52,7,23,1088020,794420
2018,신경과,F60,11,20,534550,417250
2018,신경과,F63,5,21,285800,222100
2018,신경과,F64,2,18,717760,532860
2018,신경과,F68,1,2,242280,172180
2018,신경과,F70,15,79,2599710,1958810
2018,신경과,F71,11,55,2101680,1807880
2018,신경과,F72,4,19,298150,218250
2018,신경과,F78,3,10,406680,301580
2018,신경과,F79,3,10,93560,66060
2018,신경과,F80,30,220,9610140,7132240
2018,신경과,F81,2,20,313050,222450
2018,신경과,F82,1,1,15310,10810
2018,신경과,F84,30,342,13754860,10252560
2018,신경과,F89,3,26,1053020,774720
2018,신경과,F90,124,1615,61468280,45753780
2018,신경과,F91,6,42,1694780,1295280
2018,신경과,F92,51,138,2419650,1795150
2018,신경과,F93,10,154,6088020,4427420
2018,신경과,F95,97,702,28435760,20799960
2018,신경과,F98,5,23,800950,582350
2018,신경과,F99,2,2,75120,61620
2018,신경과,G01,1,1,114520,80220
2018,신경과,G02,2,2,326890,228990
2018,신경과,G03,34,38,1963200,1412470
2018,신경과,G04,18,83,1620310,1196810
2018,신경과,G05,18,45,746530,568630
2018,신경과,G06,2,6,1197840,902560
2018,신경과,G09,1,2,21900,18900
2018,신경과,G10,6,28,567710,500010
2018,신경과,G11,144,630,20068340,16240530
2018,신경과,G12,99,251,15304000,11780600
2018,신경과,G13,8,33,1586280,1440280
2018,신경과,G14,23,27,2333810,1663510
2018,신경과,G20,5666,40161,1256713210,1095865740
2018,신경과,G21,820,3714,101926150,79184750
2018,신경과,G22,426,1656,52244580,39821080
2018,신경과,G23,439,1863,42637840,33922880
2018,신경과,G24,3059,7654,263825970,190498790
2018,신경과,G25,19458,75179,2069813480,1536181570
2018,신경과,G26,15,37,722850,559050
2018,신경과,G30,3662,19817,789941640,594990140
2018,신경과,G31,2221,8104,168408170,132814630
2018,신경과,G32,23,111,3876450,2983250
2018,신경과,G35,275,499,51365820,37090100
2018,신경과,G36,10,25,1066920,894520
2018,신경과,G37,28,89,5467690,3920100
2018,신경과,G40,7495,39545,1581883760,1151083800
2018,신경과,G41,43,306,12042700,9802400
2018,신경과,G43,57069,160764,5667411470,4040102220
2018,신경과,G44,49746,106703,4374813170,3139785330
2018,신경과,G45,5663,20445,852265630,624407040
2018,신경과,G46,1290,6032,235596540,173672480
2018,신경과,G47,16559,60352,1235446490,933999100
2018,신경과,G50,5899,14377,541665810,391175720
2018,신경과,G51,12940,42237,1927632970,1374203680
2018,신경과,G52,718,1241,87247990,61799240
2018,신경과,G53,2445,8084,169764130,130965170
2018,신경과,G54,11153,34354,2728959040,1947076490
2018,신경과,G55,1884,5592,372969060,268504560
2018,신경과,G56,19295,41182,3538707810,2503186840
2018,신경과,G57,4591,9822,676478700,482513500
2018,신경과,G58,1340,3633,167035000,120043700
2018,신경과,G59,95,338,9704620,7387320
2018,신경과,G60,50,121,5661790,4378790
2018,신경과,G61,105,414,21840400,17353300
2018,신경과,G62,7148,18283,1615657340,1160238610
2018,신경과,G63,4360,19025,870112680,647393480
2018,신경과,G64,2546,6927,362965330,265475490
2018,신경과,G70,1449,5856,374376960,325470720
2018,신경과,G71,70,165,8664370,6771870
2018,신경과,G72,95,143,12130300,8774200
2018,신경과,G73,15,35,2707820,1966320
2018,신경과,G80,45,110,2669220,1917020
2018,신경과,G81,79,342,10148860,8147210
2018,신경과,G82,46,89,3846280,2779580
2018,신경과,G83,111,250,13572050,9600850
2018,신경과,G90,1435,2608,152351500,108776200
2018,신경과,G91,109,333,24659450,17813750
2018,신경과,G92,1,1,13340,9340
2018,신경과,G93,3701,6103,613100730,435529360
2018,신경과,G94,3,13,728970,529770
2018,신경과,G95,178,326,21452100,15382860
2018,신경과,G96,60,67,4068290,2900190
2018,신경과,G97,18,66,7753240,5486010
2018,신경과,G98,3,3,99470,69770
2018,신경과,G99,165,336,26701010,18869210
2018,신경과,H00,62,72,1015800,721700
2018,신경과,H01,115,138,1992700,1491900
2018,신경과,H02,199,267,14739710,10514350
2018,신경과,H03,1,1,15310,10810
2018,신경과,H04,217,418,6854230,4956230
2018,신경과,H05,10,12,556850,390650
2018,신경과,H10,353,559,7808900,6044500
2018,신경과,H11,119,287,3419920,2563820
2018,신경과,H15,2,2,30620,21620
2018,신경과,H16,49,80,1067480,794480
2018,신경과,H17,1,1,10960,7760
2018,신경과,H18,2,2,167560,117460
2018,신경과,H19,19,69,758880,542780
2018,신경과,H21,1,1,19110,17210
2018,신경과,H25,23,38,463840,401540
2018,신경과,H26,12,14,486410,352210
2018,신경과,H28,2,2,21900,18900
2018,신경과,H31,1,1,15310,13810
2018,신경과,H33,2,5,468850,328450
2018,신경과,H34,12,33,1455290,1038790
2018,신경과,H35,8,27,2328650,1692250
2018,신경과,H36,17,74,965420,838720
2018,신경과,H40,37,79,4004660,2869260
2018,신경과,H42,1,1,22280,17880
2018,신경과,H43,4,5,192060,139960
2018,신경과,H44,3,3,73810,51810
2018,신경과,H45,1,1,28940,23040
2018,신경과,H46,12,17,586150,411450
2018,신경과,H47,32,52,2345610,1715110
2018,신경과,H48,9,11,1195070,841370
2018,신경과,H49,53,147,6254750,4552480
2018,신경과,H50,5,7,137180,107980
2018,신경과,H51,1,1,10950,9450
2018,신경과,H52,8,16,1706020,1201920
2018,신경과,H53,434,849,63427750,45172360
2018,신경과,H54,12,15,494800,360700
2018,신경과,H55,4,5,306860,215160
2018,신경과,H57,25,34,2244850,1588350
2018,신경과,H60,89,114,2714970,1984670
2018,신경과,H61,9,9,139500,110300
2018,신경과,H62,1,2,30060,21160
2018,신경과,H65,32,83,1311290,955690
2018,신경과,H66,108,206,3432050,2550350
2018,신경과,H67,4,20,393180,279880
2018,신경과,H68,7,9,319420,229720
2018,신경과,H69,17,23,1543050,1088650
2018,신경과,H70,1,1,10950,7750
2018,신경과,H71,1,6,78560,55360
2018,신경과,H72,2,3,550700,385600
2018,신경과,H73,2,2,30620,24620
2018,신경과,H74,3,6,458630,321430
2018,신경과,H80,1,1,443410,310410
2018,신경과,H81,66547,175492,10344905250,7397054000
2018,신경과,H82,401,4442,104644900,78501300
2018,신경과,H83,141,389,15085150,11006150
2018,신경과,H90,345,613,42833620,30487520
2018,신경과,H91,828,2111,98344140,70274740
2018,신경과,H92,56,87,2849110,2036410
2018,신경과,H93,8023,24127,873424840,629929330
2018,신경과,H94,1,1,15310,13810
2018,신경과,H95,1,1,83430,58430
2018,신경과,I00,5,5,244180,177280
2018,신경과,I01,1,1,15310,10810
2018,신경과,I02,1,4,50560,35660
2018,신경과,I05,9,44,2088980,1760880
2018,신경과,I06,2,3,146750,106950
2018,신경과,I07,2,22,453470,335370
2018,신경과,I08,5,32,1439340,1039440
2018,신경과,I10,30434,196589,3655632310,2820073320
2018,신경과,I11,302,2185,43695000,34065240
2018,신경과,I12,15,56,1107810,854510
2018,신경과,I13,36,265,5284910,4097910
2018,신경과,I15,24,85,2644980,1892080
2018,신경과,I20,726,2626,63777630,48718930
2018,신경과,I21,15,42,1120670,871670
2018,신경과,I23,2,7,94070,83470
2018,신경과,I24,4,5,403640,288740
2018,신경과,I25,64,269,5892730,4563730
2018,신경과,I26,6,18,305170,249470
2018,신경과,I30,1,2,70660,49560
2018,신경과,I31,2,4,225590,165090
2018,신경과,I35,8,25,478760,384460
2018,신경과,I37,1,1,15310,10810
2018,신경과,I38,1,2,45770,36770
2018,신경과,I39,2,4,160360,115960
2018,신경과,I42,17,61,1789480,1565180
2018,신경과,I44,19,21,3924680,2760080
2018,신경과,I45,4,14,1025850,727450
2018,신경과,I46,2,7,70020,51620
2018,신경과,I47,133,435,18036890,13116750
2018,신경과,I48,205,899,24937550,18909850
2018,신경과,I49,485,1082,40513390,29703990
2018,신경과,I50,119,388,9039810,7130010
2018,신경과,I51,30,51,1624540,1169440
2018,신경과,I60,90,271,11829290,8646190
2018,신경과,I61,295,1860,56977580,42841610
2018,신경과,I62,49,105,6722830,4952190
2018,신경과,I63,15587,98582,2416483280,1862752490
2018,신경과,I64,513,1995,44283310,35020140
2018,신경과,I65,2748,12812,355597140,265188830
2018,신경과,I66,1344,7392,192176260,145882900
2018,신경과,I67,5455,22473,579206880,436729660
2018,신경과,I68,67,659,18670850,14034650
2018,신경과,I69,3157,17716,393752650,309213400
2018,신경과,I70,1064,3499,110793320,81325120
2018,신경과,I71,2,4,84640,66140
2018,신경과,I72,34,92,4725090,3396990
2018,신경과,I73,2473,6776,146489120,109592200
2018,신경과,I74,16,49,1064760,816560
2018,신경과,I77,24,66,2345990,1713090
2018,신경과,I78,3,10,216770,158870
2018,신경과,I79,19,46,1256690,939790
2018,신경과,I80,39,81,1611600,1249700
2018,신경과,I81,1,5,50790,35590
2018,신경과,I82,3,10,443830,311430
2018,신경과,I83,84,197,3163260,2390260
2018,신경과,I85,1,2,295280,209280
2018,신경과,I86,7,30,711160,520860
2018,신경과,I87,488,965,18019250,13877250
2018,신경과,I88,46,61,1699630,1204830
2018,신경과,I89,55,79,1579340,1205040
2018,신경과,I95,1251,2597,115701470,84887170
2018,신경과,I99,10,22,358480,255680
2018,신경과,J00,5105,8295,126389700,96071700
2018,신경과,J01,749,1121,21546750,15807270
2018,신경과,J02,2349,4598,68543820,52498920
2018,신경과,J03,2659,3851,62600950,45532800
2018,신경과,J04,2257,3683,58972280,43899180
2018,신경과,J05,2,2,29210,20610
2018,신경과,J06,5097,8018,120781550,90899850
2018,신경과,J09,26,31,1322400,989160
2018,신경과,J10,298,347,15372710,12339750
2018,신경과,J11,407,502,9138530,6719800
2018,신경과,J13,1,6,68090,59090
2018,신경과,J14,6,10,778970,610580
2018,신경과,J15,33,67,2019990,1535190
2018,신경과,J16,1,1,115560,80960
2018,신경과,J17,1,1,16030,14430
2018,신경과,J18,179,373,11383320,8372190
2018,신경과,J20,11348,21095,338512820,256661110
2018,신경과,J21,62,136,3617280,2719670
2018,신경과,J22,43,104,1481200,1178200
2018,신경과,J30,4475,7528,124217770,92292040
2018,신경과,J31,17,22,301990,227690
2018,신경과,J32,123,176,5997980,4332170
2018,신경과,J34,16,19,280180,202280
2018,신경과,J35,4,4,64780,48580
2018,신경과,J36,192,277,4491920,3395760
2018,신경과,J37,9,13,181570,133570
2018,신경과,J38,5,15,221690,159290
2018,신경과,J39,472,927,13585530,10206230
2018,신경과,J40,2362,4477,71672320,54401820
2018,신경과,J41,188,411,5936980,4803780
2018,신경과,J42,299,689,12012830,9507180
2018,신경과,J43,12,15,1483160,1052160
2018,신경과,J44,170,354,6609480,5338580
2018,신경과,J45,772,2109,39347780,30105780
2018,신경과,J46,16,26,1162120,885700
2018,신경과,J47,31,46,4130800,2914400
2018,신경과,J60,1,1,15240,10740
2018,신경과,J64,1,5,84370,66870
2018,신경과,J70,1,1,24610,17310
2018,신경과,J81,3,10,197560,155260
2018,신경과,J84,13,16,2221190,1716090
2018,신경과,J90,5,6,550140,385440
2018,신경과,J91,1,1,22570,18070
2018,신경과,J93,11,15,842180,590280
2018,신경과,J96,1,1,10950,7750
2018,신경과,J98,173,188,25785370,18132870
2018,신경과,K02,1,2,32300,22700
2018,신경과,K04,18,18,300080,227480
2018,신경과,K05,95,175,2634920,2030520
2018,신경과,K06,2,2,30550,24850
2018,신경과,K07,249,494,12140110,8882810
2018,신경과,K08,18,22,318480,241180
2018,신경과,K09,1,1,29240,20540
2018,신경과,K10,2,2,30620,21620
2018,신경과,K11,36,57,1666290,1190590
2018,신경과,K12,223,370,5537810,4316810
2018,신경과,K13,34,42,702020,531320
2018,신경과,K14,87,182,3293530,2633230
2018,신경과,K20,20,41,611790,466890
2018,신경과,K21,3697,6750,174445210,127715710
2018,신경과,K22,10,56,1540050,1095050
2018,신경과,K25,1036,2337,64353490,47142570
2018,신경과,K26,99,170,8401250,5968850
2018,신경과,K27,99,180,3710280,2886390
2018,신경과,K28,8,11,175950,135850
2018,신경과,K29,7029,11815,241796970,180914580
2018,신경과,K30,1021,1437,27611000,20430900
2018,신경과,K31,71,95,4880450,3513250
2018,신경과,K35,12,12,618910,434010
2018,신경과,K36,4,5,1204750,845350
2018,신경과,K37,5,5,72190,57190
2018,신경과,K38,6,6,92790,71790
2018,신경과,K40,8,9,124630,101230
2018,신경과,K43,1,1,15310,10810
2018,신경과,K45,1,1,15310,10810
2018,신경과,K46,1,1,10950,9450
2018,신경과,K50,8,17,991940,768140
2018,신경과,K51,22,57,2898860,2539460
2018,신경과,K52,886,1159,21753300,16199910
2018,신경과,K55,1,1,410890,287690
2018,신경과,K56,4,5,360870,256070
2018,신경과,K57,41,65,5498340,3858540
2018,신경과,K58,2889,4300,217104310,155715010
2018,신경과,K59,1892,3164,46964310,36534240
2018,신경과,K60,1,1,12060,10560
2018,신경과,K62,29,39,2897750,2042450
2018,신경과,K63,1408,1928,490669110,346822930
2018,신경과,K64,110,204,8106280,5880180
2018,신경과,K65,5,6,804850,567950
2018,신경과,K66,1,1,116940,81940
2018,신경과,K70,101,174,7076250,5040920
2018,신경과,K71,64,107,3175370,2292270
2018,신경과,K72,131,222,23232540,16691940
2018,신경과,K73,116,204,5883090,4371390
2018,신경과,K74,37,94,2628370,1939300
2018,신경과,K75,365,656,19031540,13753140
2018,신경과,K76,882,1361,65191810,46405510
2018,신경과,K80,100,233,9547710,6888610
2018,신경과,K81,16,30,2559380,1818580
2018,신경과,K82,74,84,11878770,8480970
2018,신경과,K83,9,15,818580,577280
2018,신경과,K85,24,43,2125950,1574350
2018,신경과,K86,19,22,1771530,1271150
2018,신경과,K87,1,1,190690,133490
2018,신경과,K91,8,34,659010,490810
2018,신경과,K92,55,92,6927170,4931070
2018,신경과,L01,86,182,2972880,2224980
2018,신경과,L02,1155,2209,39445090,29245000
2018,신경과,L03,893,1416,29796610,22186790
2018,신경과,L04,133,183,3195510,2332710
2018,신경과,L05,6,7,95420,69020
2018,신경과,L08,180,337,6910380,5123180
2018,신경과,L10,1,1,15310,10810
2018,신경과,L13,19,25,338960,258060
2018,신경과,L20,206,340,6330240,4675540
2018,신경과,L21,221,372,5534390,4252990
2018,신경과,L23,2100,3711,59170480,45422880
2018,신경과,L24,31,47,554060,425660
2018,신경과,L25,218,361,5816210,4497810
2018,신경과,L27,106,122,2234580,1630980
2018,신경과,L28,370,584,10450860,7680060
2018,신경과,L29,149,210,4022780,3049480
2018,신경과,L30,990,1473,22978940,17378480
2018,신경과,L40,54,114,1595360,1199160
2018,신경과,L50,1647,2513,42424650,32043850
2018,신경과,L51,1,3,32850,28350
2018,신경과,L53,3,3,42670,36070
2018,신경과,L54,1,1,15310,10810
2018,신경과,L55,6,7,123760,87060
2018,신경과,L56,4,10,127210,89610
2018,신경과,L57,5,5,954970,668770
2018,신경과,L59,1,1,19110,13410
2018,신경과,L60,146,347,7942900,5929800
2018,신경과,L63,17,55,1987980,1394980
2018,신경과,L64,4,5,177910,124910
2018,신경과,L65,13,16,543690,385490
2018,신경과,L66,4,5,63470,44870
2018,신경과,L70,26,53,601160,423960
2018,신경과,L71,16,17,251650,185050
2018,신경과,L72,11,13,446230,326130
2018,신경과,L74,9,10,160850,130350
2018,신경과,L75,1,1,19110,13410
2018,신경과,L80,5,7,92920,69820
2018,신경과,L81,10,10,140010,111310
2018,신경과,L82,5,6,83140,63440
2018,신경과,L84,49,99,2645060,1885060
2018,신경과,L85,51,78,1342400,1105100
2018,신경과,L86,2,2,34420,24220
2018,신경과,L89,19,65,769180,608980
2018,신경과,L90,9,9,216480,152280
2018,신경과,L91,9,9,138120,98820
2018,신경과,L92,2,2,30620,24620
2018,신경과,L93,6,8,262870,187570
2018,신경과,L95,17,24,401450,309450
2018,신경과,L98,11,20,644940,460640
2018,신경과,M00,17,31,3574020,2694950
2018,신경과,M01,3,3,146600,105800
2018,신경과,M02,374,798,24423570,17846270
2018,신경과,M03,7,10,211490,158290
2018,신경과,M05,139,862,30140310,26704010
2018,신경과,M06,331,970,29657250,21663150
2018,신경과,M07,3,14,213470,179070
2018,신경과,M08,1,2,37160,33560
2018,신경과,M10,1101,3305,61943700,45979600
2018,신경과,M11,4,10,151440,111740
2018,신경과,M12,392,1132,47968020,34113120
2018,신경과,M13,6345,15587,426330890,313628110
2018,신경과,M14,2,2,30620,21620
2018,신경과,M15,1612,6072,105695130,84430930
2018,신경과,M16,314,845,24952040,18669710
2018,신경과,M17,23298,81539,2463330680,1823376670
2018,신경과,M18,36,87,2969230,2140830
2018,신경과,M19,3827,10602,270326570,200352360
2018,신경과,M20,26,32,3454270,2550080
2018,신경과,M21,30,139,4846130,3649950
2018,신경과,M22,117,353,8588770,6151210
2018,신경과,M23,291,1087,37338140,27131580
2018,신경과,M24,1297,4358,97630370,71631630
2018,신경과,M25,5416,18365,550421130,400167630
2018,신경과,M30,3,10,323540,286740
2018,신경과,M31,49,150,8947140,6500940
2018,신경과,M32,15,26,1759300,1516000
2018,신경과,M33,22,60,3833240,3118540
2018,신경과,M34,4,8,532050,424850
2018,신경과,M35,50,143,5914960,5149560
2018,신경과,M40,47,147,5980900,4356100
2018,신경과,M41,109,706,20454030,14982960
2018,신경과,M43,331,1573,78049040,56335350
2018,신경과,M45,36,225,7055640,6227740
2018,신경과,M46,33,67,4110190,2980100
2018,신경과,M47,21049,69647,2626563570,1920567990
2018,신경과,M48,7799,36259,1288697170,962039960
2018,신경과,M49,145,363,22782630,16159530
2018,신경과,M50,9527,33608,1560731840,1121136530
2018,신경과,M51,14263,65026,2509424620,1844884220
2018,신경과,M53,9420,22839,765901380,551092940
2018,신경과,M54,54595,197493,7402236010,5383737950
2018,신경과,M60,33,83,3116300,2256600
2018,신경과,M61,4,4,123910,90810
2018,신경과,M62,2610,7941,150357370,122382680
2018,신경과,M65,5675,13380,300961010,221798550
2018,신경과,M66,13,25,904950,643550
2018,신경과,M67,308,613,14126060,10110380
2018,신경과,M70,191,512,22373090,16024090
2018,신경과,M71,146,390,18381920,13330690
2018,신경과,M72,1659,5878,134467870,98525870
2018,신경과,M75,14493,56192,1754345380,1271959530
2018,신경과,M76,686,1968,39727590,28697590
2018,신경과,M77,5350,17043,488828970,348106560
2018,신경과,M79,24121,56602,1795593060,1312176290
2018,신경과,M80,81,295,13043450,9618750
2018,신경과,M81,3253,11034,417616800,309280600
2018,신경과,M82,41,139,6096960,4503760
2018,신경과,M83,7,18,307630,219730
2018,신경과,M84,1,1,18700,16900
2018,신경과,M85,9,12,603020,438920
2018,신경과,M86,4,6,196520,140320
2018,신경과,M87,7,31,1385260,1060210
2018,신경과,M89,84,304,7117980,5967680
2018,신경과,M90,1,1,15310,10810
2018,신경과,M92,82,201,6468950,4539050
2018,신경과,M94,22,40,1238950,916750
2018,신경과,M95,1,1,15350,10750
2018,신경과,M96,175,958,29898330,21990330
2018,신경과,M99,831,2682,110743460,79569140
2018,신경과,N00,15,20,1657800,1213100
2018,신경과,N02,9,23,421230,329530
2018,신경과,N04,3,4,189510,171210
2018,신경과,N05,2,2,26260,18560
2018,신경과,N06,3,3,104970,76170
2018,신경과,N10,74,131,5559130,4087370
2018,신경과,N11,10,16,332930,240130
2018,신경과,N12,22,38,940180,670580
2018,신경과,N13,2,2,330520,231520
2018,신경과,N15,3,4,203230,142430
2018,신경과,N17,1,8,106170,106170
2018,신경과,N18,65,192,12219120,10750620
2018,신경과,N19,17,25,551100,446100
2018,신경과,N20,23,28,1139070,810470
2018,신경과,N21,68,80,6767610,4752810
2018,신경과,N22,1,1,17060,16060
2018,신경과,N28,55,56,8426530,5905530
2018,신경과,N30,1189,1910,31263650,23770950
2018,신경과,N31,242,625,9449090,7831590
2018,신경과,N32,28,51,767840,603340
2018,신경과,N33,1,1,7980,5680
2018,신경과,N34,43,68,985670,742270
2018,신경과,N35,2,2,30080,21180
2018,신경과,N39,203,354,6010850,4666440
2018,신경과,N40,652,2227,33192470,26812470
2018,신경과,N41,11,22,287450,222950
2018,신경과,N42,10,22,446160,338160
2018,신경과,N43,2,3,403320,282520
2018,신경과,N45,3,5,75360,62860
2018,신경과,N48,15,27,383570,292770
2018,신경과,N50,3,3,56370,41870
2018,신경과,N51,4,5,73480,53480
2018,신경과,N60,1,1,88870,62270
2018,신경과,N61,3,5,66790,53190
2018,신경과,N62,2,3,36340,30040
2018,신경과,N63,2,2,15310,10810
2018,신경과,N64,38,41,1071960,760460
2018,신경과,N73,5,7,208400,148700
2018,신경과,N76,18,24,286150,210250
2018,신경과,N77,4,4,38210,27610
2018,신경과,N80,1,2,26260,18560
2018,신경과,N81,1,1,30240,21240
2018,신경과,N82,1,1,14140,14140
2018,신경과,N83,2,2,535790,375090
2018,신경과,N85,1,1,10950,7750
2018,신경과,N87,1,1,10950,7750
2018,신경과,N88,1,1,10950,7750
2018,신경과,N91,1,1,15310,10810
2018,신경과,N92,3,5,176260,123660
2018,신경과,N93,2,9,167710,117910
2018,신경과,N94,94,134,1920220,1369720
2018,신경과,N95,251,725,12520260,9107760
2018,신경과,N97,2,2,35830,25230
2018,신경과,O00,1,2,56160,39360
2018,신경과,O21,1,1,15310,10810
2018,신경과,O24,4,10,371550,324050
2018,신경과,O26,1,1,15310,10810
2018,신경과,O89,1,1,15310,10810
2018,신경과,P28,5,5,480230,336530
2018,신경과,P57,1,1,10950,9950
2018,신경과,P91,1,3,100130,70330
2018,신경과,Q01,2,3,232510,162910
2018,신경과,Q02,2,16,152160,112360
2018,신경과,Q03,1,2,106570,96070
2018,신경과,Q04,7,16,669160,571860
2018,신경과,Q07,6,18,2403100,1789800
2018,신경과,Q20,1,2,23870,21670
2018,신경과,Q21,3,8,106740,75140
2018,신경과,Q23,3,8,269990,212890
2018,신경과,Q25,1,1,199200,139500
2018,신경과,Q27,3,3,44760,38760
2018,신경과,Q28,34,91,9445100,6722110
2018,신경과,Q34,2,2,33520,23620
2018,신경과,Q39,1,1,7660,6160
2018,신경과,Q44,8,9,480570,339270
2018,신경과,Q45,1,1,10950,9950
2018,신경과,Q61,25,28,3017050,2132950
2018,신경과,Q65,1,1,66140,46340
2018,신경과,Q67,17,25,1055970,756370
2018,신경과,Q68,4,5,124900,92000
2018,신경과,Q74,1,1,10950,9450
2018,신경과,Q75,1,1,17470,13870
2018,신경과,Q76,1,1,196810,137810
2018,신경과,Q77,1,1,65150,45650
2018,신경과,Q82,2,2,34420,24220
2018,신경과,Q83,1,1,18720,13120
2018,신경과,Q85,11,35,1586210,1315010
2018,신경과,Q87,1,1,15310,10810
2018,신경과,Q89,1,1,15310,10810
2018,신경과,Q90,1,7,577510,520210
2018,신경과,Q99,1,4,103200,93100
2018,신경과,R00,939,1613,46061530,33148730
2018,신경과,R01,2,2,35410,24910
2018,신경과,R03,275,347,10655320,7791920
2018,신경과,R04,53,59,2613430,1903130
2018,신경과,R05,226,273,6831080,4987180
2018,신경과,R06,260,351,15047440,10916540
2018,신경과,R07,1185,1414,48658310,35560350
2018,신경과,R09,28,36,1229180,879980
2018,신경과,R10,1457,1904,53028280,38868480
2018,신경과,R11,645,916,25535040,18664940
2018,신경과,R12,50,70,3313790,2363790
2018,신경과,R13,12,14,477020,354620
2018,신경과,R14,12,14,225810,171710
2018,신경과,R15,8,8,110670,92670
2018,신경과,R16,1,1,218410,152910
2018,신경과,R17,8,11,527700,383400
2018,신경과,R18,2,7,286960,205560
2018,신경과,R19,29,33,840370,619070
2018,신경과,R20,1339,1940,177753820,125560120
2018,신경과,R21,20,21,359790,263290
2018,신경과,R22,113,115,2845120,2061620
2018,신경과,R23,112,150,3606880,2587480
2018,신경과,R25,4394,9324,383492940,277978250
2018,신경과,R26,233,355,18309190,13379190
2018,신경과,R27,62,114,11231420,8111220
2018,신경과,R29,126,202,15506960,11418040
2018,신경과,R30,10,13,356410,257610
2018,신경과,R31,83,105,5588600,3986400
2018,신경과,R32,46,103,1609280,1320580
2018,신경과,R33,2,2,73160,54360
2018,신경과,R35,25,53,977820,748320
2018,신경과,R36,1,1,15310,10810
2018,신경과,R39,5,5,99000,69600
2018,신경과,R40,19,23,766800,550100
2018,신경과,R41,1456,2610,252693880,180058520
2018,신경과,R42,14623,28016,2241951370,1601417050
2018,신경과,R43,47,59,2336110,1676210
2018,신경과,R44,91,125,8050200,5749600
2018,신경과,R45,392,1195,23150740,17142640
2018,신경과,R46,2,4,470060,329360
2018,신경과,R47,144,261,18158710,13234210
2018,신경과,R48,11,49,2872260,2081160
2018,신경과,R49,10,26,1031160,762960
2018,신경과,R50,154,192,7526750,5372850
2018,신경과,R51,15409,23569,1067107020,761545150
2018,신경과,R52,580,859,26686200,19285400
2018,신경과,R53,128,173,7728140,5521440
2018,신경과,R55,1894,2973,321942600,228144830
2018,신경과,R56,326,555,44069010,31651210
2018,신경과,R57,7,7,113600,80100
2018,신경과,R58,2,3,69690,48990
2018,신경과,R59,17,24,431120,303720
2018,신경과,R60,430,734,19774870,14762770
2018,신경과,R61,74,109,2305010,1679110
2018,신경과,R62,18,40,2120240,1789840
2018,신경과,R63,81,111,2648100,2012600
2018,신경과,R68,38,41,617200,456400
2018,신경과,R69,5,5,80350,59650
2018,신경과,R70,5,9,781510,553110
2018,신경과,R72,15,20,530330,388830
2018,신경과,R73,483,651,16011430,12056420
2018,신경과,R76,6,9,307410,219910
2018,신경과,R78,2,5,83460,58860
2018,신경과,R79,4,4,57600,44000
2018,신경과,R80,41,46,1054010,798910
2018,신경과,R81,258,378,36632350,25877250
2018,신경과,R82,13,16,426760,304760
2018,신경과,R85,1,1,15310,10810
2018,신경과,R86,2,4,160640,112640
2018,신경과,R90,16,17,814020,587920
2018,신경과,R91,35,37,2333250,1662950
2018,신경과,R92,2,2,26260,20260
2018,신경과,R93,9,9,738450,519250
2018,신경과,R94,120,141,6904320,4931520
2018,신경과,S00,423,579,14980090,11093590
2018,신경과,S01,370,815,20316970,15163170
2018,신경과,S02,22,30,2508720,1815570
2018,신경과,S03,43,89,1721890,1283890
2018,신경과,S04,36,87,3816620,2785420
2018,신경과,S05,11,15,565910,406310
2018,신경과,S06,1065,1582,126647030,91608800
2018,신경과,S07,3,3,103450,72550
2018,신경과,S08,2,3,45370,35770
2018,신경과,S09,33,39,2747060,2005000
2018,신경과,S10,15,18,434240,309040
2018,신경과,S11,16,60,1133020,905520
2018,신경과,S12,9,11,2174410,1672360
2018,신경과,S13,4171,8543,494615180,352591990
2018,신경과,S14,87,199,15979760,11356460
2018,신경과,S20,234,372,8287040,6197140
2018,신경과,S21,11,30,599490,501590
2018,신경과,S22,235,495,50207740,37314620
2018,신경과,S23,1187,2037,62998470,45753940
2018,신경과,S24,1,1,134690,94290
2018,신경과,S29,6,6,174580,122580
2018,신경과,S30,62,129,2755870,2072770
2018,신경과,S31,30,78,1484010,1165810
2018,신경과,S32,93,240,28558150,21253410
2018,신경과,S33,5167,14337,461292130,331297340
2018,신경과,S34,38,88,8797970,6303640
2018,신경과,S35,1,1,15310,10810
2018,신경과,S37,1,1,24060,19260
2018,신경과,S39,2,2,35660,28360
2018,신경과,S40,75,172,6476780,4806780
2018,신경과,S41,13,45,901120,724820
2018,신경과,S42,45,182,7648130,5928140
2018,신경과,S43,1002,2588,83228130,60153520
2018,신경과,S44,89,189,16925690,12054090
2018,신경과,S45,1,1,197980,138680
2018,신경과,S46,475,1760,58915000,42273580
2018,신경과,S49,23,54,2772050,1976150
2018,신경과,S50,116,207,5023300,3722100
2018,신경과,S51,81,187,4002450,2999850
2018,신경과,S52,126,258,15067220,10889490
2018,신경과,S53,705,1760,53440610,38262220
2018,신경과,S54,185,336,28849620,20395120
2018,신경과,S55,2,2,200130,140230
2018,신경과,S56,7,18,414520,298020
2018,신경과,S57,5,6,213600,149700
2018,신경과,S59,2,4,98030,68930
2018,신경과,S60,281,387,10469470,7555370
2018,신경과,S61,913,2039,49216450,35720450
2018,신경과,S62,185,406,16334190,11748330
2018,신경과,S63,2572,5177,154072240,109542890
2018,신경과,S64,100,154,15643370,11105350
2018,신경과,S65,18,35,734600,526100
2018,신경과,S66,49,115,2258350,1616950
2018,신경과,S67,12,12,292400,213200
2018,신경과,S68,2,3,55380,38880
2018,신경과,S69,4,5,234540,169940
2018,신경과,S70,97,296,5914230,4428630
2018,신경과,S71,35,149,3271210,2553410
2018,신경과,S72,21,72,3960740,2992150
2018,신경과,S73,124,257,6646840,4893170
2018,신경과,S74,31,89,4595790,3226090
2018,신경과,S76,70,183,4373800,3156830
2018,신경과,S78,1,2,26260,18560
2018,신경과,S79,2,3,225200,157800
2018,신경과,S80,310,542,14310020,10511570
2018,신경과,S81,162,463,10057920,7384220
2018,신경과,S82,92,196,20051940,14857550
2018,신경과,S83,1297,3273,105530870,76704750
2018,신경과,S84,107,193,18617020,13203770
2018,신경과,S85,3,3,65450,49750
2018,신경과,S86,115,269,12907570,9524680
2018,신경과,S87,15,25,678670,476470
2018,신경과,S88,11,11,596530,429330
2018,신경과,S89,2,2,62730,46230
2018,신경과,S90,256,385,9512410,6861610
2018,신경과,S91,278,667,14434650,10875450
2018,신경과,S92,195,395,25886910,18976160
2018,신경과,S93,2250,4645,129096800,93126630
2018,신경과,S94,50,70,6213620,4372720
2018,신경과,S95,2,3,45790,38490
2018,신경과,S96,777,2066,57153470,40353570
2018,신경과,S97,9,32,699840,504540
2018,신경과,S98,2,2,131290,91990
2018,신경과,S99,6,8,326730,237930
2018,신경과,T00,9,43,878740,674840
2018,신경과,T01,38,63,1327680,1069280
2018,신경과,T03,4,11,381200,267400
2018,신경과,T04,3,55,964590,851590
2018,신경과,T05,1,1,15310,13810
2018,신경과,T08,9,21,848550,635550
2018,신경과,T09,59,146,2632560,2052460
2018,신경과,T10,1,1,36070,25270
2018,신경과,T11,3,3,45930,32430
2018,신경과,T12,1,1,10950,9450
2018,신경과,T13,5,5,150130,105330
2018,신경과,T14,235,339,8426570,6182970
2018,신경과,T15,2,2,46560,32660
2018,신경과,T16,3,3,70450,49450
2018,신경과,T17,4,4,68770,52170
2018,신경과,T20,11,25,562670,414570
2018,신경과,T21,26,97,3105040,2239940
2018,신경과,T22,42,116,4912020,3574490
2018,신경과,T23,118,256,8868760,6301460
2018,신경과,T24,60,234,7027040,5102840
2018,신경과,T25,26,130,4895710,3462910
2018,신경과,T26,1,1,15310,10810
2018,신경과,T28,1,1,15310,10810
2018,신경과,T29,2,3,127790,89590
2018,신경과,T30,33,78,1910240,1381640
2018,신경과,T31,2,9,469730,329330
2018,신경과,T32,3,4,203710,142810
2018,신경과,T33,5,8,124630,108230
2018,신경과,T35,3,4,69500,56700
2018,신경과,T41,1,1,213810,149710
2018,신경과,T51,1,1,19110,13410
2018,신경과,T58,1,11,632080,462080
2018,신경과,T60,1,1,13340,11840
2018,신경과,T63,2,2,37020,28020
2018,신경과,T67,24,30,1249190,896990
2018,신경과,T69,2,2,30620,21620
2018,신경과,T73,10,11,270260,197860
2018,신경과,T75,6,8,114980,94280
2018,신경과,T78,129,237,4021870,3014070
2018,신경과,T79,5,7,110600,88400
2018,신경과,T80,1,2,29450,24950
2018,신경과,T88,2,2,26060,23060
2018,신경과,T90,5,7,142880,100580
2018,신경과,T91,13,43,1199200,852600
2018,신경과,T92,5,5,215340,156240
2018,신경과,T93,4,8,188020,147820
2018,신경과,Z00,89,92,1981230,1486330
2018,신경과,Z01,23,24,441450,310950
2018,신경과,Z02,1,1,10950,7750
2018,신경과,Z03,91,111,2715380,2051080
2018,신경과,Z04,25,30,582400,427500
2018,신경과,Z09,1,1,10950,9450
2018,신경과,Z10,1,2,0,0
2018,신경과,Z13,33,46,2587410,1832510
2018,신경과,Z23,1,1,17170,15470
2018,신경과,Z24,9,16,26260,18560
2018,신경과,Z25,38,40,508560,380860
2018,신경과,Z26,32,36,827000,631700
2018,신경과,Z27,1,1,0,0
2018,신경과,Z29,4,4,49270,39070
2018,신경과,Z30,2,2,36520,25620
2018,신경과,Z31,4,4,66450,46850
2018,신경과,Z32,1,1,10950,7750
2018,신경과,Z34,14,15,693570,624870
2018,신경과,Z39,1,1,15310,10810
2018,신경과,Z48,50,112,1971340,1575840
2018,신경과,Z49,1,10,54700,39700
2018,신경과,Z70,6,6,87500,67800
2018,신경과,Z71,364,654,28540490,22146790
2018,신경과,Z72,2,2,34420,24220
2018,신경과,Z73,6,6,353900,273400
2018,신경과,Z75,5,5,76550,57050
2018,신경과,Z82,10,15,288700,215700
2018,신경과,Z83,2,3,71610,50310
2018,신경과,Z85,1,1,10950,7750
2018,신경과,Z88,1,1,10950,7750
2018,신경과,Z94,5,6,452740,392240
2018,신경과,Z95,2,14,84450,63450
2018,신경과,Z98,15,24,432270,341670
2018,정신건강의학과,A02,1,1,15310,10810
2018,정신건강의학과,A04,5,8,63470,44870
2018,정신건강의학과,A05,443,543,8109410,5754510
2018,정신건강의학과,A08,19,39,538860,450160
2018,정신건강의학과,A09,46,73,1341340,987040
2018,정신건강의학과,A16,2,3,59370,45170
2018,정신건강의학과,A17,1,3,86420,60620
2018,정신건강의학과,A18,1,11,304090,274290
2018,정신건강의학과,A32,5,22,806480,601680
2018,정신건강의학과,A41,1,1,60470,51270
2018,정신건강의학과,A48,1,2,49220,34620
2018,정신건강의학과,A49,2,5,21970,15470
2018,정신건강의학과,A53,1,1,142620,128420
2018,정신건강의학과,A59,1,2,0,0
2018,정신건강의학과,A67,1,1,48980,34380
2018,정신건강의학과,A69,1,2,29450,24950
2018,정신건강의학과,A71,3,3,153470,110370
2018,정신건강의학과,A75,1,1,10950,7750
2018,정신건강의학과,A77,1,2,30340,26940
2018,정신건강의학과,B00,99,133,1567660,1170960
2018,정신건강의학과,B02,92,157,2672150,2016650
2018,정신건강의학과,B07,5,5,108640,79440
2018,정신건강의학과,B17,6,9,385140,279740
2018,정신건강의학과,B18,8,23,142730,100830
2018,정신건강의학과,B30,7,15,89400,66900
2018,정신건강의학과,B35,191,395,4587140,3507940
2018,정신건강의학과,B36,7,10,157670,119070
2018,정신건강의학과,B37,11,13,143410,111610
2018,정신건강의학과,B43,1,2,26260,18560
2018,정신건강의학과,B45,1,1,132050,118850
2018,정신건강의학과,B49,1,1,0,0
2018,정신건강의학과,B66,2,5,124530,96730
2018,정신건강의학과,B70,1,6,241720,169620
2018,정신건강의학과,B71,1,1,0,0
2018,정신건강의학과,B86,5,6,91860,67860
2018,정신건강의학과,B88,1,1,15310,13810
2018,정신건강의학과,C00,1,104,2467880,2350580
2018,정신건강의학과,C03,1,2,37280,35480
2018,정신건강의학과,C07,1,1,15310,14610
2018,정신건강의학과,C15,2,2,94900,84400
2018,정신건강의학과,C16,10,84,5261940,5001940
2018,정신건강의학과,C18,3,20,1168010,1110910
2018,정신건강의학과,C20,1,52,2653300,2522300
2018,정신건강의학과,C22,6,16,1007630,944430
2018,정신건강의학과,C25,1,17,671360,637960
2018,정신건강의학과,C34,14,76,5821130,5341530
2018,정신건강의학과,C40,1,5,301930,287030
2018,정신건강의학과,C44,4,18,2678200,2545200
2018,정신건강의학과,C50,19,157,10416180,9831080
2018,정신건강의학과,C53,1,3,343140,326140
2018,정신건강의학과,C54,4,23,1354090,1213590
2018,정신건강의학과,C55,1,3,91580,64280
2018,정신건강의학과,C56,2,2,581610,552610
2018,정신건강의학과,C61,11,73,4197260,3966760
2018,정신건강의학과,C67,3,38,2687850,2555150
2018,정신건강의학과,C69,1,2,137660,130860
2018,정신건강의학과,C71,7,36,1607950,1450450
2018,정신건강의학과,C73,19,124,13578630,12518930
2018,정신건강의학과,C78,1,1,54260,51560
2018,정신건강의학과,C81,1,1,147250,139950
2018,정신건강의학과,C92,3,21,798300,764100
2018,정신건강의학과,D01,2,8,1284220,1220520
2018,정신건강의학과,D05,1,2,151340,143940
2018,정신건강의학과,D06,1,3,462290,439290
2018,정신건강의학과,D07,1,14,385830,360130
2018,정신건강의학과,D11,1,5,327650,249450
2018,정신건강의학과,D17,8,23,569180,408480
2018,정신건강의학과,D18,1,1,42530,35230
2018,정신건강의학과,D21,5,7,317200,233800
2018,정신건강의학과,D23,9,15,342800,259400
2018,정신건강의학과,D24,1,2,29450,27950
2018,정신건강의학과,D25,1,2,29450,24950
2018,정신건강의학과,D26,2,4,58900,49900
2018,정신건강의학과,D27,1,2,29450,24950
2018,정신건강의학과,D28,1,2,29450,24950
2018,정신건강의학과,D29,2,4,51350,43850
2018,정신건강의학과,D31,1,1,59480,41680
2018,정신건강의학과,D32,6,11,204650,168450
2018,정신건강의학과,D33,2,15,614950,584650
2018,정신건강의학과,D35,4,34,789150,692750
2018,정신건강의학과,D36,1,1,15310,10810
2018,정신건강의학과,D38,1,9,261500,248900
2018,정신건강의학과,D41,1,1,32370,22670
2018,정신건강의학과,D42,3,4,734120,696620
2018,정신건강의학과,D43,4,18,542690,470390
2018,정신건강의학과,D44,3,7,390080,366180
2018,정신건강의학과,D46,1,14,673440,640340
2018,정신건강의학과,D47,1,6,153700,146300
2018,정신건강의학과,D48,1,1,132610,126010
2018,정신건강의학과,D50,58,121,1692480,1228180
2018,정신건강의학과,D51,2,4,242430,170030
2018,정신건강의학과,D61,1,26,628360,566660
2018,정신건강의학과,D64,13,19,1015910,751110
2018,정신건강의학과,D82,1,1,42630,29930
2018,정신건강의학과,E03,59,221,5646800,4172600
2018,정신건강의학과,E04,3,15,245910,177410
2018,정신건강의학과,E05,17,53,1317410,1009610
2018,정신건강의학과,E07,8,19,355470,250170
2018,정신건강의학과,E10,14,52,984570,769770
2018,정신건강의학과,E11,192,954,16613420,13253740
2018,정신건강의학과,E12,1,1,46630,32730
2018,정신건강의학과,E13,34,131,2168280,1703380
2018,정신건강의학과,E14,73,421,13296460,9832930
2018,정신건강의학과,E20,4,5,307000,215200
2018,정신건강의학과,E23,2,3,32850,26650
2018,정신건강의학과,E28,1,1,15310,10810
2018,정신건강의학과,E34,2,11,258990,204390
2018,정신건강의학과,E35,18,22,758390,532390
2018,정신건강의학과,E46,2,3,218060,155560
2018,정신건강의학과,E50,37,79,864490,643790
2018,정신건강의학과,E51,16,46,5349830,3950180
2018,정신건강의학과,E53,12,29,1211580,917680
2018,정신건강의학과,E55,13,45,1433680,1162080
2018,정신건강의학과,E56,3,3,151770,106370
2018,정신건강의학과,E58,3,5,158970,121470
2018,정신건강의학과,E63,9,23,2858640,2009040
2018,정신건강의학과,E66,76,153,5087640,3844640
2018,정신건강의학과,E71,2,5,72100,65300
2018,정신건강의학과,E78,198,769,24705580,18085880
2018,정신건강의학과,E79,1,1,0,0
2018,정신건강의학과,E86,22,33,801940,608540
2018,정신건강의학과,E89,2,4,60680,45780
2018,정신건강의학과,F00,33544,232322,13971698450,10381673000
2018,정신건강의학과,F01,1716,10834,581314010,433724340
2018,정신건강의학과,F02,151,683,40261130,30859930
2018,정신건강의학과,F03,1134,5199,417417690,314187840
2018,정신건강의학과,F04,66,189,9504840,7048880
2018,정신건강의학과,F05,304,1219,59726460,44798840
2018,정신건강의학과,F06,9449,41980,2411107110,1799585060
2018,정신건강의학과,F07,479,3263,224998270,172945930
2018,정신건강의학과,F09,116,569,24653140,18464140
2018,정신건강의학과,F10,12342,69912,6188098810,4673101210
2018,정신건강의학과,F11,11,53,2531930,1886230
2018,정신건강의학과,F12,7,14,686560,571560
2018,정신건강의학과,F13,50,458,20223710,15147210
2018,정신건강의학과,F14,3,16,499500,369800
2018,정신건강의학과,F15,71,319,13930090,10888490
2018,정신건강의학과,F16,23,122,5382240,4100440
2018,정신건강의학과,F17,64,185,7168110,5410410
2018,정신건강의학과,F18,17,144,9664000,7291110
2018,정신건강의학과,F19,62,246,12767390,9543300
2018,정신건강의학과,F20,32665,440670,35076310890,28963551070
2018,정신건강의학과,F21,693,6829,363663810,286375960
2018,정신건강의학과,F22,3261,29601,1599896000,1245896000
2018,정신건강의학과,F23,1974,17362,1070244460,833161470
2018,정신건강의학과,F24,29,227,11647490,8922090
2018,정신건강의학과,F25,4618,58526,4383126580,3588528570
2018,정신건강의학과,F28,699,7005,400598280,316183460
2018,정신건강의학과,F29,4674,46568,3270770360,2602832160
2018,정신건강의학과,F30,903,7234,397131820,300711110
2018,정신건강의학과,F31,39788,419396,22392249710,16821168230
2018,정신건강의학과,F32,383926,3137337,1.47922E+11,1.11523E+11
2018,정신건강의학과,F33,48994,445036,20306976800,15237977370
2018,정신건강의학과,F34,34747,277518,10977748540,8270336550
2018,정신건강의학과,F38,5106,37107,1450601760,1084812350
2018,정신건강의학과,F39,3035,21271,948718630,717505980
2018,정신건강의학과,F40,24456,145198,6588550260,4956944150
2018,정신건강의학과,F41,284862,2085391,91311242230,68741939480
2018,정신건강의학과,F42,19107,174169,8526022480,6408478150
2018,정신건강의학과,F43,71070,320026,15909240350,12064899730
2018,정신건강의학과,F44,613,4228,184543090,139538340
2018,정신건강의학과,F45,35517,220103,8498878780,6392671770
2018,정신건강의학과,F48,8278,45958,1726896530,1303005040
2018,정신건강의학과,F50,1686,11108,730793160,556538420
2018,정신건강의학과,F51,105082,677209,26103200350,19665357150
2018,정신건강의학과,F52,71,175,6979520,5211320
2018,정신건강의학과,F53,75,405,21216600,16054800
2018,정신건강의학과,F54,53,228,7276440,5432240
2018,정신건강의학과,F55,1,1,78540,67640
2018,정신건강의학과,F59,25,164,9003760,6742460
2018,정신건강의학과,F60,1437,9918,519037180,396258700
2018,정신건강의학과,F61,6,51,2935910,2127010
2018,정신건강의학과,F62,17,117,4561710,3408610
2018,정신건강의학과,F63,2368,13669,799541700,606752300
2018,정신건강의학과,F64,640,1920,98159700,73330700
2018,정신건강의학과,F65,170,1068,55067620,42066720
2018,정신건강의학과,F66,29,198,16803540,13654920
2018,정신건강의학과,F68,76,299,17375840,13294240
2018,정신건강의학과,F69,10,26,1406570,1075070
2018,정신건강의학과,F70,4317,23818,1334166580,1024764310
2018,정신건강의학과,F71,1926,13139,731196650,564243130
2018,정신건강의학과,F72,858,7426,450816150,339888130
2018,정신건강의학과,F73,240,1665,105735780,82400300
2018,정신건강의학과,F78,351,1813,109538550,84096470
2018,정신건강의학과,F79,745,3753,204442520,154912620
2018,정신건강의학과,F80,3250,10132,579430930,466974460
2018,정신건강의학과,F81,733,3565,197211040,150827830
2018,정신건강의학과,F82,23,96,4093850,3120350
2018,정신건강의학과,F83,50,419,23972150,17818750
2018,정신건강의학과,F84,7827,70565,3724996760,2852286140
2018,정신건강의학과,F88,49,359,125444450,98116490
2018,정신건강의학과,F89,129,521,26480610,20291250
2018,정신건강의학과,F90,41166,393371,20730863450,15637296870
2018,정신건강의학과,F91,1123,7136,553618100,432922360
2018,정신건강의학과,F92,1252,8591,478001120,366248170
2018,정신건강의학과,F93,5119,25781,1471278870,1120790030
2018,정신건강의학과,F94,453,2716,180513430,143136040
2018,정신건강의학과,F95,8994,72685,3597779110,2689584740
2018,정신건강의학과,F98,1781,6823,453813040,343585070
2018,정신건강의학과,F99,1047,2267,122072010,91444530
2018,정신건강의학과,G04,1,1,15310,10810
2018,정신건강의학과,G05,1,1,15310,10810
2018,정신건강의학과,G10,1,1,30640,27640
2018,정신건강의학과,G11,6,51,2266550,1950950
2018,정신건강의학과,G12,1,1,10950,9450
2018,정신건강의학과,G20,514,3611,294736050,258609920
2018,정신건강의학과,G21,283,1651,113285770,90637720
2018,정신건강의학과,G22,7,21,624310,479510
2018,정신건강의학과,G23,4,10,306710,231510
2018,정신건강의학과,G24,51,126,2954000,2267300
2018,정신건강의학과,G25,900,4548,191989110,143070410
2018,정신건강의학과,G30,107,774,42997320,31709020
2018,정신건강의학과,G31,687,2633,76671880,59080880
2018,정신건강의학과,G32,4,12,477690,356590
2018,정신건강의학과,G35,3,19,509820,406320
2018,정신건강의학과,G40,5059,47385,2022786790,1507333260
2018,정신건강의학과,G41,75,740,43354930,35566930
2018,정신건강의학과,G43,2277,6957,236224520,177182020
2018,정신건강의학과,G44,2283,6053,188762820,141588850
2018,정신건강의학과,G45,34,62,1699570,1320070
2018,정신건강의학과,G46,2,3,88890,67890
2018,정신건강의학과,G47,2396,10015,459497720,349880920
2018,정신건강의학과,G50,178,443,9337720,7075520
2018,정신건강의학과,G51,95,329,6113940,4742940
2018,정신건강의학과,G52,7,12,250370,190370
2018,정신건강의학과,G53,69,207,6100880,4740980
2018,정신건강의학과,G54,8,22,817360,576460
2018,정신건강의학과,G55,1,1,0,0
2018,정신건강의학과,G56,54,174,4548660,3411960
2018,정신건강의학과,G57,17,31,1104270,796070
2018,정신건강의학과,G58,33,71,2535450,1815250
2018,정신건강의학과,G59,31,83,1233130,1068030
2018,정신건강의학과,G62,10,38,1086180,820480
2018,정신건강의학과,G63,21,165,2627800,2115420
2018,정신건강의학과,G64,60,115,2498720,1934520
2018,정신건강의학과,G70,6,24,701560,593560
2018,정신건강의학과,G71,3,5,74210,60710
2018,정신건강의학과,G73,2,3,71530,57430
2018,정신건강의학과,G80,37,756,51091060,37400260
2018,정신건강의학과,G82,2,36,2487410,1781010
2018,정신건강의학과,G83,2,12,1137640,801440
2018,정신건강의학과,G90,40,207,7839230,6266530
2018,정신건강의학과,G91,2,8,103780,75880
2018,정신건강의학과,G93,234,403,53342810,38627910
2018,정신건강의학과,G95,1,3,35240,24840
2018,정신건강의학과,G96,6,21,1511180,1170880
2018,정신건강의학과,G98,3,11,173950,156550
2018,정신건강의학과,G99,2,4,60070,46570
2018,정신건강의학과,H00,17,22,186400,133800
2018,정신건강의학과,H01,14,21,196770,145170
2018,정신건강의학과,H02,4,6,91940,77340
2018,정신건강의학과,H04,80,144,2131980,1588180
2018,정신건강의학과,H10,55,92,995410,774010
2018,정신건강의학과,H11,24,42,477510,353910
2018,정신건강의학과,H15,1,1,15310,10810
2018,정신건강의학과,H16,18,51,590700,479300
2018,정신건강의학과,H17,1,1,10370,8870
2018,정신건강의학과,H18,1,1,0,0
2018,정신건강의학과,H25,5,9,115720,103320
2018,정신건강의학과,H26,2,5,0,0
2018,정신건강의학과,H35,3,25,1248270,1124770
2018,정신건강의학과,H36,1,3,31730,27230
2018,정신건강의학과,H40,11,19,135070,101370
2018,정신건강의학과,H43,1,2,29450,27950
2018,정신건강의학과,H44,2,4,58900,52900
2018,정신건강의학과,H47,1,1,15310,13810
2018,정신건강의학과,H50,1,2,29450,24950
2018,정신건강의학과,H53,3,3,45930,35430
2018,정신건강의학과,H54,6,11,162560,147560
2018,정신건강의학과,H60,5,23,176380,131180
2018,정신건강의학과,H65,5,24,170620,140020
2018,정신건강의학과,H66,7,10,142280,102980
2018,정신건강의학과,H81,514,1639,39562360,30654860
2018,정신건강의학과,H82,1,1,31570,22170
2018,정신건강의학과,H90,1,1,15310,13810
2018,정신건강의학과,H91,5,8,164800,133600
2018,정신건강의학과,H92,1,1,19110,17210
2018,정신건강의학과,H93,231,974,36566710,27522310
2018,정신건강의학과,I00,1,2,29450,24950
2018,정신건강의학과,I10,2115,13001,201617580,160082680
2018,정신건강의학과,I11,15,65,1207750,900250
2018,정신건강의학과,I12,5,40,361700,302800
2018,정신건강의학과,I13,13,115,1269910,1063410
2018,정신건강의학과,I15,17,113,2015600,1591400
2018,정신건강의학과,I20,18,82,961150,801750
2018,정신건강의학과,I21,3,29,392810,349310
2018,정신건강의학과,I23,1,11,0,0
2018,정신건강의학과,I24,1,15,1100,1100
2018,정신건강의학과,I25,9,14,515770,368070
2018,정신건강의학과,I27,2,13,767530,609230
2018,정신건강의학과,I42,2,10,553830,499130
2018,정신건강의학과,I44,2,3,137150,108850
2018,정신건강의학과,I45,1,8,382340,287240
2018,정신건강의학과,I47,18,40,2444670,1973970
2018,정신건강의학과,I48,6,20,452410,363330
2018,정신건강의학과,I49,49,91,3155500,2440700
2018,정신건강의학과,I50,3,18,355590,254190
2018,정신건강의학과,I51,1,1,15310,10810
2018,정신건강의학과,I60,1,2,59810,42010
2018,정신건강의학과,I61,5,37,502750,386550
2018,정신건강의학과,I63,291,1653,47068680,36681960
2018,정신건강의학과,I64,169,1359,20996010,17607110
2018,정신건강의학과,I65,8,52,703800,598200
2018,정신건강의학과,I66,4,23,441090,348290
2018,정신건강의학과,I67,63,249,9829320,7414520
2018,정신건강의학과,I68,1,9,116280,82080
2018,정신건강의학과,I69,44,199,7427950,5668790
2018,정신건강의학과,I70,7,13,370300,302400
2018,정신건강의학과,I71,1,31,3033070,2124970
2018,정신건강의학과,I72,1,1,28930,23030
2018,정신건강의학과,I73,352,989,14782030,12125630
2018,정신건강의학과,I74,2,7,79880,58780
2018,정신건강의학과,I80,6,27,226120,188720
2018,정신건강의학과,I82,1,2,29450,27950
2018,정신건강의학과,I83,9,16,323810,250910
2018,정신건강의학과,I86,8,23,261230,212830
2018,정신건강의학과,I87,21,36,493230,424530
2018,정신건강의학과,I88,1,1,13120,9220
2018,정신건강의학과,I95,16,22,443760,353960
2018,정신건강의학과,I99,1,18,840770,624970
2018,정신건강의학과,J00,1778,2862,42524000,31676700
2018,정신건강의학과,J01,20,28,243260,182460
2018,정신건강의학과,J02,143,305,3845980,2852780
2018,정신건강의학과,J03,537,886,12263980,9229780
2018,정신건강의학과,J04,969,1628,24440430,18133930
2018,정신건강의학과,J06,522,832,12126910,9248650
2018,정신건강의학과,J10,21,27,318790,234990
2018,정신건강의학과,J11,19,22,460940,367610
2018,정신건강의학과,J15,2,3,45980,41980
2018,정신건강의학과,J18,17,22,290520,226820
2018,정신건강의학과,J20,430,794,11683400,9123600
2018,정신건강의학과,J21,17,46,551150,444050
2018,정신건강의학과,J22,44,77,1032250,808150
2018,정신건강의학과,J30,323,686,8563270,6324570
2018,정신건강의학과,J31,13,21,280980,204080
2018,정신건강의학과,J32,16,33,545950,393650
2018,정신건강의학과,J35,2,2,10950,9450
2018,정신건강의학과,J36,7,10,94350,72550
2018,정신건강의학과,J37,2,4,30060,26660
2018,정신건강의학과,J38,2,3,44760,38760
2018,정신건강의학과,J39,13,28,281820,213420
2018,정신건강의학과,J40,552,1038,14317250,11539250
2018,정신건강의학과,J41,12,15,183830,144030
2018,정신건강의학과,J42,15,39,309320,227120
2018,정신건강의학과,J44,3,29,1951550,1373450
2018,정신건강의학과,J45,108,318,3604700,2907800
2018,정신건강의학과,J46,13,27,373850,266650
2018,정신건강의학과,J84,2,3,87040,78440
2018,정신건강의학과,K04,6,11,122920,92220
2018,정신건강의학과,K05,4,11,37680,26480
2018,정신건강의학과,K07,4,7,82960,69060
2018,정신건강의학과,K08,2,2,24290,17090
2018,정신건강의학과,K10,1,1,24820,17420
2018,정신건강의학과,K11,1,1,0,0
2018,정신건강의학과,K12,13,17,284120,217820
2018,정신건강의학과,K13,1,1,15310,10810
2018,정신건강의학과,K14,1,2,29450,27950
2018,정신건강의학과,K20,3,4,30050,21350
2018,정신건강의학과,K21,131,332,6192530,4573330
2018,정신건강의학과,K25,77,142,3519510,2773310
2018,정신건강의학과,K26,6,9,97370,71470
2018,정신건강의학과,K27,16,51,1378300,1039600
2018,정신건강의학과,K29,1353,3040,101118560,77073570
2018,정신건강의학과,K30,658,2368,127032620,97175670
2018,정신건강의학과,K31,8,37,1172760,858260
2018,정신건강의학과,K36,1,1,15310,10810
2018,정신건강의학과,K41,3,17,699730,548630
2018,정신건강의학과,K50,4,21,1351720,1214820
2018,정신건강의학과,K51,4,28,724460,652860
2018,정신건강의학과,K52,11,19,174550,130350
2018,정신건강의학과,K57,2,2,10950,7750
2018,정신건강의학과,K58,374,610,10085400,7802500
2018,정신건강의학과,K59,223,700,27021270,20921740
2018,정신건강의학과,K62,3,6,88350,74850
2018,정신건강의학과,K63,3,3,39010,32210
2018,정신건강의학과,K64,6,11,102750,79650
2018,정신건강의학과,K65,1,1,0,0
2018,정신건강의학과,K70,14,20,629800,496800
2018,정신건강의학과,K72,1,1,13340,11840
2018,정신건강의학과,K73,217,360,4888100,3468400
2018,정신건강의학과,K74,8,30,440610,333910
2018,정신건강의학과,K75,4,7,262100,192100
2018,정신건강의학과,K76,43,115,10435680,8505410
2018,정신건강의학과,K80,7,10,259030,201730
2018,정신건강의학과,K81,1,2,21900,15500
2018,정신건강의학과,K90,1,1,15310,13810
2018,정신건강의학과,K92,1,1,0,0
2018,정신건강의학과,K93,1,2,21900,15500
2018,정신건강의학과,L01,1,5,54750,38750
2018,정신건강의학과,L02,27,46,565260,427060
2018,정신건강의학과,L03,44,104,1679110,1234070
2018,정신건강의학과,L08,13,23,182960,138860
2018,정신건강의학과,L12,1,2,74380,66980
2018,정신건강의학과,L13,6,7,101140,73440
2018,정신건강의학과,L20,62,92,1647330,1198330
2018,정신건강의학과,L21,40,93,1663840,1293720
2018,정신건강의학과,L22,1,1,19190,13490
2018,정신건강의학과,L23,220,316,4604850,3464050
2018,정신건강의학과,L24,19,31,341500,263200
2018,정신건강의학과,L25,30,53,760800,627000
2018,정신건강의학과,L26,1,1,15310,10810
2018,정신건강의학과,L27,3,4,56880,40180
2018,정신건강의학과,L28,10,15,192220,155420
2018,정신건강의학과,L29,105,153,2566640,2062440
2018,정신건강의학과,L30,55,91,1448280,1062080
2018,정신건강의학과,L40,13,33,421150,335750
2018,정신건강의학과,L42,1,1,17060,11960
2018,정신건강의학과,L50,233,377,5317670,4041470
2018,정신건강의학과,L51,1,1,17130,15430
2018,정신건강의학과,L56,1,1,15310,10810
2018,정신건강의학과,L60,2,3,46630,40030
2018,정신건강의학과,L63,15,16,312480,225280
2018,정신건강의학과,L64,6,7,71370,50270
2018,정신건강의학과,L65,6,8,122170,90170
2018,정신건강의학과,L66,4,9,131250,93450
2018,정신건강의학과,L70,44,90,2674900,2007400
2018,정신건강의학과,L71,1,1,0,0
2018,정신건강의학과,L72,4,6,167910,129610
2018,정신건강의학과,L73,2,2,28230,19930
2018,정신건강의학과,L80,2,3,44760,35760
2018,정신건강의학과,L81,2,2,15310,10810
2018,정신건강의학과,L84,12,15,369230,272130
2018,정신건강의학과,L85,7,10,144780,110480
2018,정신건강의학과,L86,1,1,10950,9450
2018,정신건강의학과,L89,3,97,6290680,6065880
2018,정신건강의학과,L91,2,3,48560,41360
2018,정신건강의학과,L92,1,1,15310,10810
2018,정신건강의학과,L95,1,1,15310,10810
2018,정신건강의학과,L98,2,3,44760,41760
2018,정신건강의학과,M00,1,1,0,0
2018,정신건강의학과,M02,1,1,10950,9450
2018,정신건강의학과,M05,6,33,1594130,1435130
2018,정신건강의학과,M06,12,76,948240,794640
2018,정신건강의학과,M07,1,1,15310,10810
2018,정신건강의학과,M08,1,3,58020,40820
2018,정신건강의학과,M10,30,72,888790,643490
2018,정신건강의학과,M12,5,10,133130,98630
2018,정신건강의학과,M13,439,1871,28733530,24182830
2018,정신건강의학과,M14,1,1,15310,13810
2018,정신건강의학과,M15,106,333,4215120,3582120
2018,정신건강의학과,M16,8,15,475810,350010
2018,정신건강의학과,M17,714,3305,57139410,47751810
2018,정신건강의학과,M18,4,4,56880,43180
2018,정신건강의학과,M19,809,5118,99310120,81793020
2018,정신건강의학과,M20,2,4,58900,52900
2018,정신건강의학과,M23,1,1,13340,9340
2018,정신건강의학과,M24,10,13,175770,147970
2018,정신건강의학과,M25,153,355,4766870,3786870
2018,정신건강의학과,M31,1,1,15310,10810
2018,정신건강의학과,M32,3,37,1460100,1312500
2018,정신건강의학과,M35,9,95,4152410,3742210
2018,정신건강의학과,M41,2,4,55710,51210
2018,정신건강의학과,M43,4,18,305400,218200
2018,정신건강의학과,M45,3,21,527400,445400
2018,정신건강의학과,M47,495,2494,37740430,30971130
2018,정신건강의학과,M48,239,1539,27667540,22947240
2018,정신건강의학과,M50,43,194,2423270,1937270
2018,정신건강의학과,M51,276,1452,18076420,14490760
2018,정신건강의학과,M53,13,17,578960,419060
2018,정신건강의학과,M54,2121,8825,156439000,130324100
2018,정신건강의학과,M60,1,1,65250,45750
2018,정신건강의학과,M62,675,1873,32165190,25798690
2018,정신건강의학과,M65,10,21,585940,411540
2018,정신건강의학과,M72,30,43,626750,507350
2018,정신건강의학과,M75,637,1968,36724570,29700370
2018,정신건강의학과,M77,24,60,1181860,861460
2018,정신건강의학과,M79,425,1456,31563050,23609350
2018,정신건강의학과,M80,1,11,120450,103950
2018,정신건강의학과,M81,47,207,3822670,3060470
2018,정신건강의학과,M89,7,41,1616900,1449900
2018,정신건강의학과,M91,1,2,24290,17090
2018,정신건강의학과,M96,1,1,36590,25690
2018,정신건강의학과,M99,2,3,40400,32700
2018,정신건강의학과,N00,9,15,797590,645190
2018,정신건강의학과,N01,1,17,508120,378120
2018,정신건강의학과,N03,1,1,27130,19030
2018,정신건강의학과,N10,2,2,30620,24620
2018,정신건강의학과,N17,1,1,10950,9450
2018,정신건강의학과,N18,36,389,21786200,19813340
2018,정신건강의학과,N19,3,8,55250,45250
2018,정신건강의학과,N30,84,164,3135550,2345050
2018,정신건강의학과,N31,52,363,17781600,12676800
2018,정신건강의학과,N32,4,13,161700,136300
2018,정신건강의학과,N34,5,10,143690,129790
2018,정신건강의학과,N39,27,66,1106580,892980
2018,정신건강의학과,N40,135,431,5824780,4660180
2018,정신건강의학과,N41,6,17,594850,443450
2018,정신건강의학과,N42,2,3,15310,13810
2018,정신건강의학과,N45,1,4,118530,94850
2018,정신건강의학과,N48,9,13,217950,179050
2018,정신건강의학과,N50,3,4,134640,109140
2018,정신건강의학과,N51,2,2,30620,24620
2018,정신건강의학과,N64,2,3,140720,111820
2018,정신건강의학과,N76,6,8,113180,86580
2018,정신건강의학과,N80,1,2,29450,24950
2018,정신건강의학과,N84,1,2,29450,27950
2018,정신건강의학과,N85,1,2,29450,24950
2018,정신건강의학과,N89,1,2,29450,27950
2018,정신건강의학과,N91,2,2,73830,51830
2018,정신건강의학과,N92,3,4,104570,86570
2018,정신건강의학과,N93,1,2,29450,24950
2018,정신건강의학과,N94,113,243,7607320,5665120
2018,정신건강의학과,N95,58,228,5387720,4055420
2018,정신건강의학과,O21,1,1,21150,14850
2018,정신건강의학과,O92,1,11,1281800,951300
2018,정신건강의학과,O99,1,1,15310,10810
2018,정신건강의학과,P81,1,3,150830,129130
2018,정신건강의학과,Q04,1,4,343560,309560
2018,정신건강의학과,Q05,1,21,630490,568390
2018,정신건강의학과,Q67,2,24,883310,793810
2018,정신건강의학과,Q68,1,1,24570,19970
2018,정신건강의학과,Q85,7,59,3370540,2957340
2018,정신건강의학과,Q87,10,58,4803860,4537760
2018,정신건강의학과,Q90,11,65,2740270,2309970
2018,정신건강의학과,Q93,5,37,1688530,1454430
2018,정신건강의학과,Q96,3,28,800410,721410
2018,정신건강의학과,Q98,3,34,1493010,1345010
2018,정신건강의학과,Q99,1,1,25290,22790
2018,정신건강의학과,R00,169,490,27607690,20631390
2018,정신건강의학과,R04,2,3,42780,35620
2018,정신건강의학과,R05,12,32,633110,504710
2018,정신건강의학과,R06,7,7,153700,113900
2018,정신건강의학과,R07,13,18,265370,217170
2018,정신건강의학과,R09,2,5,254660,217460
2018,정신건강의학과,R10,33,72,1542860,1224360
2018,정신건강의학과,R11,108,401,13665420,10319620
2018,정신건강의학과,R12,35,152,8060790,6028490
2018,정신건강의학과,R14,3,15,697760,490760
2018,정신건강의학과,R15,3,4,86040,76040
2018,정신건강의학과,R17,1,2,29450,24950
2018,정신건강의학과,R19,2,4,63590,57890
2018,정신건강의학과,R20,11,16,265310,219810
2018,정신건강의학과,R22,7,15,506850,381490
2018,정신건강의학과,R23,3,4,58100,48100
2018,정신건강의학과,R25,186,512,25679210,19492610
2018,정신건강의학과,R26,6,7,133220,118420
2018,정신건강의학과,R27,1,1,15310,13810
2018,정신건강의학과,R29,1,1,15310,10810
2018,정신건강의학과,R30,4,29,1792950,1270650
2018,정신건강의학과,R31,5,15,732770,532630
2018,정신건강의학과,R32,6,23,735510,563710
2018,정신건강의학과,R33,1,1,10370,7270
2018,정신건강의학과,R35,8,27,1414520,1091320
2018,정신건강의학과,R39,5,10,141090,131290
2018,정신건강의학과,R40,16,28,1304110,1006510
2018,정신건강의학과,R41,265,777,35835000,26792500
2018,정신건강의학과,R42,771,2107,60238880,47113680
2018,정신건강의학과,R43,3,16,207820,177020
2018,정신건강의학과,R44,16,65,2130130,1629330
2018,정신건강의학과,R45,310,476,57520380,41204780
2018,정신건강의학과,R46,164,335,27144140,20144940
2018,정신건강의학과,R47,376,2029,52579500,41948960
2018,정신건강의학과,R48,2,3,188750,132350
2018,정신건강의학과,R50,1,2,30340,26940
2018,정신건강의학과,R51,357,584,15166140,11432240
2018,정신건강의학과,R52,33,63,1947700,1484000
2018,정신건강의학과,R53,35,86,2109490,1552190
2018,정신건강의학과,R55,12,14,349380,269580
2018,정신건강의학과,R56,22,95,2799600,2120200
2018,정신건강의학과,R57,1,2,29450,27950
2018,정신건강의학과,R60,42,97,1538430,1201730
2018,정신건강의학과,R61,1,1,15310,13810
2018,정신건강의학과,R62,587,2628,87166180,70127480
2018,정신건강의학과,R63,15,42,1538560,1147360
2018,정신건강의학과,R68,2,6,164370,137070
2018,정신건강의학과,R73,13,22,334390,284190
2018,정신건강의학과,R81,2,8,249050,185650
2018,정신건강의학과,R94,2,3,44760,35760
2018,정신건강의학과,S00,7,8,122590,92890
2018,정신건강의학과,S01,2,2,58490,44090
2018,정신건강의학과,S02,1,1,31520,25220
2018,정신건강의학과,S06,20,189,9275750,6610350
2018,정신건강의학과,S13,108,574,9083540,6765540
2018,정신건강의학과,S20,4,5,83260,67960
2018,정신건강의학과,S22,2,45,3457800,2425700
2018,정신건강의학과,S23,5,12,163160,144760
2018,정신건강의학과,S30,4,6,90390,79490
2018,정신건강의학과,S32,1,1,15310,13810
2018,정신건강의학과,S33,136,516,9069980,6915380
2018,정신건강의학과,S34,3,4,200160,140360
2018,정신건강의학과,S40,2,21,323580,236480
2018,정신건강의학과,S43,12,18,320310,240510
2018,정신건강의학과,S44,1,10,427840,300040
2018,정신건강의학과,S50,1,2,29450,24950
2018,정신건강의학과,S52,1,2,1222010,896820
2018,정신건강의학과,S53,5,17,326450,229350
2018,정신건강의학과,S60,2,2,38310,26910
2018,정신건강의학과,S61,3,4,109820,80320
2018,정신건강의학과,S62,2,4,58900,49900
2018,정신건강의학과,S63,5,19,693830,494830
2018,정신건강의학과,S66,1,1,17190,12090
2018,정신건강의학과,S70,6,14,246400,222600
2018,정신건강의학과,S72,1,1,5470,3970
2018,정신건강의학과,S76,1,1,20910,14710
2018,정신건강의학과,S80,7,22,371330,318230
2018,정신건강의학과,S83,4,4,61240,46240
2018,정신건강의학과,S84,3,4,105800,74400
2018,정신건강의학과,S86,4,5,104650,83250
2018,정신건강의학과,S90,3,9,168950,121750
2018,정신건강의학과,S91,2,3,56180,46680
2018,정신건강의학과,S93,28,83,1204650,917950
2018,정신건강의학과,T01,1,1,15310,10810
2018,정신건강의학과,T09,2,44,2714940,2643940
2018,정신건강의학과,T14,1,1,28610,20110
2018,정신건강의학과,T20,1,2,29450,24950
2018,정신건강의학과,T21,2,2,58270,40870
2018,정신건강의학과,T22,1,1,15310,10810
2018,정신건강의학과,T25,1,1,15310,10810
2018,정신건강의학과,T30,4,4,56880,40180
2018,정신건강의학과,T31,1,14,515290,490390
2018,정신건강의학과,T33,2,3,48560,38360
2018,정신건강의학과,T43,1,1,95220,69420
2018,정신건강의학과,T46,1,1,15310,10810
2018,정신건강의학과,T51,1,3,169310,118710
2018,정신건강의학과,T67,1,2,101510,83810
2018,정신건강의학과,T73,5,17,258880,188480
2018,정신건강의학과,T74,8,25,1320380,1069980
2018,정신건강의학과,T78,2,5,75320,55420
2018,정신건강의학과,T79,3,3,55450,39050
2018,정신건강의학과,T95,1,1,21020,14720
2018,정신건강의학과,Z00,3896,5771,562313170,419811140
2018,정신건강의학과,Z01,4,23,832230,619230
2018,정신건강의학과,Z02,75,87,848400,663200
2018,정신건강의학과,Z03,1803,2661,163331260,123417660
2018,정신건강의학과,Z04,892,2350,124450730,96603930
2018,정신건강의학과,Z09,4,11,398510,287810
2018,정신건강의학과,Z13,96,210,16472160,12859160
2018,정신건강의학과,Z20,1,1,42630,29930
2018,정신건강의학과,Z25,9,11,17550,12350
2018,정신건강의학과,Z26,9,10,45930,32430
2018,정신건강의학과,Z29,4,28,745740,560140
2018,정신건강의학과,Z30,1,1,10950,7750
2018,정신건강의학과,Z34,1,2,29450,24950
2018,정신건강의학과,Z41,91,106,3650360,2793460
2018,정신건강의학과,Z45,1,1,62030,52330
2018,정신건강의학과,Z50,152,221,9228400,7176400
2018,정신건강의학과,Z51,11,11,655190,543690
2018,정신건강의학과,Z55,40,175,10630900,7936700
2018,정신건강의학과,Z56,117,200,10113370,7772170
2018,정신건강의학과,Z59,4,5,247220,176120
2018,정신건강의학과,Z60,267,690,42287970,32826970
2018,정신건강의학과,Z61,20,114,5166610,4204910
2018,정신건강의학과,Z62,717,1600,89408860,70845760
2018,정신건강의학과,Z63,957,3050,156912560,124281760
2018,정신건강의학과,Z64,3,4,266220,203420
2018,정신건강의학과,Z65,571,1209,65123260,49284260
2018,정신건강의학과,Z70,23,30,1442580,1088180
2018,정신건강의학과,Z71,38000,66671,3602703760,2808814080
2018,정신건강의학과,Z72,24,52,2846430,2183230
2018,정신건강의학과,Z73,303,459,26822700,20231200
2018,정신건강의학과,Z74,6,7,399820,334020
2018,정신건강의학과,Z75,9,9,303110,215710
2018,정신건강의학과,Z76,12,19,821490,608790
2018,정신건강의학과,Z81,24,43,1777730,1401530
2018,정신건강의학과,Z83,1,2,29450,24950
2018,정신건강의학과,Z86,4,19,805380,662180
2018,정신건강의학과,Z91,10,16,1058900,802600
2018,정신건강의학과,Z92,7,7,255370,200870
2018,정신건강의학과,Z94,2,13,199150,139650
2018,정신건강의학과,Z96,1,1,15310,10810
2018,정신건강의학과,Z99,1,1,192590,134890
2018,외과,A03,2,2,18280,12980
2018,외과,A04,8431,11832,265530830,200990900
2018,외과,A05,484,656,14171490,10894890
2018,외과,A06,383,686,11108810,8730510
2018,외과,A08,1773,2478,46245310,35629020
2018,외과,A09,29356,42266,1208377300,898735970
2018,외과,A15,13,109,2121050,1830050
2018,외과,A16,43,69,3792830,2944230
2018,외과,A18,27,102,3194600,2992350
2018,외과,A26,2,3,56730,39930
2018,외과,A28,10,30,760810,540710
2018,외과,A31,8,39,800420,621720
2018,외과,A35,1,1,36500,25600
2018,외과,A40,13,29,905360,657160
2018,외과,A41,10,25,460300,334000
2018,외과,A42,1,23,687430,503570
2018,외과,A43,1,1,10950,9450
2018,외과,A46,5,17,226170,196470
2018,외과,A48,2,2,26260,20260
2018,외과,A49,131,289,9970370,7134870
2018,외과,A51,141,450,25986280,19344930
2018,외과,A53,20,25,616900,450400
2018,외과,A54,20,43,1159170,837570
2018,외과,A55,1,1,15310,10810
2018,외과,A56,34,58,1784460,1261160
2018,외과,A58,1,1,15310,10810
2018,외과,A59,107,166,9330390,6560190
2018,외과,A60,1354,2023,54931700,39609250
2018,외과,A63,1481,4885,296785170,216180460
2018,외과,A64,8,13,693610,486010
2018,외과,A66,1,1,10950,7750
2018,외과,A69,124,253,3583300,2751300
2018,외과,A74,8,12,150110,105910
2018,외과,A75,53,126,4044160,3082110
2018,외과,A77,1,2,11300,8100
2018,외과,A79,3,11,266750,192450
2018,외과,A87,5,13,1472330,1139480
2018,외과,A88,1,1,19340,17440
2018,외과,A98,1,1,12680,8880
2018,외과,B00,10115,15103,235582440,177488720
2018,외과,B01,150,312,6034610,4651740
2018,외과,B02,13737,36442,764120040,589107440
2018,외과,B07,3007,7091,263316460,188112130
2018,외과,B08,424,600,16551840,12217820
2018,외과,B09,16,23,388320,287620
2018,외과,B15,4,5,166790,116990
2018,외과,B16,23,32,1797220,1261320
2018,외과,B17,221,377,15553030,11007150
2018,외과,B18,1489,4240,248413790,175627910
2018,외과,B19,70,145,3542440,2527540
2018,외과,B20,1,1,10950,9950
2018,외과,B24,1,3,41570,29370
2018,외과,B25,1,1,15310,13810
2018,외과,B26,42,64,2039710,1659990
2018,외과,B27,2,3,57230,40230
2018,외과,B30,74,122,1784940,1330240
2018,외과,B33,1,1,15310,10810
2018,외과,B34,9,13,803660,599880
2018,외과,B35,38097,83489,1166765940,889055240
2018,외과,B36,648,926,14318580,10731580
2018,외과,B37,2039,3925,162713240,115449040
2018,외과,B43,50,101,3039720,2174720
2018,외과,B46,2,6,76170,53770
2018,외과,B47,24,24,573500,404800
2018,외과,B48,165,535,7675610,5889810
2018,외과,B49,78,106,2175460,1560370
2018,외과,B64,2,4,46660,36260
2018,외과,B66,53,86,1362830,1020630
2018,외과,B68,2,2,67140,48840
2018,외과,B69,1,1,10950,9450
2018,외과,B72,1,1,61350,42950
2018,외과,B79,1,1,935350,654750
2018,외과,B80,15,17,407710,303910
2018,외과,B81,3,3,296910,208010
2018,외과,B82,5,5,75990,53590
2018,외과,B83,6,7,200250,143650
2018,외과,B85,100,110,1733800,1278400
2018,외과,B86,175,212,2942870,2297670
2018,외과,B88,47,57,1317630,964330
2018,외과,B89,8,9,176530,129730
2018,외과,B90,4,4,71400,53300
2018,외과,B91,1,1,15310,13810
2018,외과,B94,1,2,20780,14680
2018,외과,B97,5,7,217500,152500
2018,외과,B98,87,91,1259640,906740
2018,외과,B99,1,1,10950,7750
2018,외과,C00,1,1,15310,13810
2018,외과,C01,2,4,97950,93250
2018,외과,C02,13,96,1500510,1379890
2018,외과,C03,2,4,87340,83140
2018,외과,C05,2,13,257700,242320
2018,외과,C06,3,7,279530,265930
2018,외과,C07,8,47,1397090,1287980
2018,외과,C08,5,17,492240,468440
2018,외과,C09,10,45,2879300,2498470
2018,외과,C10,1,4,125030,87830
2018,외과,C11,12,125,3962790,3606960
2018,외과,C12,2,2,26260,23260
2018,외과,C13,3,53,1076960,1023260
2018,외과,C15,37,250,6798130,6223190
2018,외과,C16,668,2625,86566580,79891580
2018,외과,C17,18,68,1753520,1617560
2018,외과,C18,1147,3327,177397230,156772420
2018,외과,C19,135,323,22373970,17780710
2018,외과,C20,1018,2995,196886830,168117180
2018,외과,C21,65,167,5919080,4912160
2018,외과,C22,254,1259,43073900,39110440
2018,외과,C23,36,191,7557660,7069030
2018,외과,C24,90,519,13825660,12848400
2018,외과,C25,128,483,14704790,13467340
2018,외과,C26,6,26,718650,663750
2018,외과,C30,2,5,148450,138050
2018,외과,C31,3,4,75670,72170
2018,외과,C32,17,81,5130650,4788890
2018,외과,C33,1,1,21020,20020
2018,외과,C34,358,2016,65923410,60226760
2018,외과,C37,11,24,451230,388830
2018,외과,C38,3,4,122870,110570
2018,외과,C39,5,20,2803020,2239520
2018,외과,C40,3,6,100480,83180
2018,외과,C41,5,19,424680,403780
2018,외과,C43,34,121,5172920,4314840
2018,외과,C44,115,742,43426220,38568050
2018,외과,C45,3,5,173480,137380
2018,외과,C46,7,49,904010,855610
2018,외과,C47,1,2,28230,25230
2018,외과,C48,13,28,1969320,1799090
2018,외과,C49,52,549,34238610,30723360
2018,외과,C50,10437,28348,3711940020,3338189570
2018,외과,C52,1,3,78090,74290
2018,외과,C53,56,225,7799440,7309740
2018,외과,C54,25,71,2107000,1981500
2018,외과,C55,17,35,945920,859420
2018,외과,C56,92,607,22293910,20531010
2018,외과,C57,13,45,2519920,2257890
2018,외과,C61,250,1208,38540740,36079260
2018,외과,C62,2,9,883270,837650
2018,외과,C63,4,21,376800,350800
2018,외과,C64,58,329,11339570,10384020
2018,외과,C65,9,19,2295270,2172170
2018,외과,C66,5,14,1176660,943640
2018,외과,C67,46,268,11161910,10349340
2018,외과,C68,1,3,56730,54030
2018,외과,C70,3,5,197570,189170
2018,외과,C71,27,196,5014240,4724840
2018,외과,C72,5,16,301690,268090
2018,외과,C73,11228,34389,2681675700,2278411860
2018,외과,C74,4,92,1906870,1805070
2018,외과,C75,11,31,3624640,3377960
2018,외과,C76,8,32,1023310,860710
2018,외과,C77,61,195,16031780,14515330
2018,외과,C78,34,90,5958440,5407360
2018,외과,C79,15,69,4362570,3899310
2018,외과,C80,14,83,1620340,1543670
2018,외과,C81,11,25,462610,395410
2018,외과,C82,14,43,1750050,1574850
2018,외과,C83,30,93,6157170,5615110
2018,외과,C84,3,3,119100,112500
2018,외과,C85,49,123,4327190,3796770
2018,외과,C86,2,5,98280,93580
2018,외과,C88,11,44,2116580,1944600
2018,외과,C90,38,138,5265080,4972380
2018,외과,C91,24,63,6188000,5854000
2018,외과,C92,31,130,4747160,4483100
2018,외과,C93,3,7,319670,304070
2018,외과,C94,6,22,674650,613250
2018,외과,C95,8,13,277680,252080
2018,외과,C96,6,33,1400440,1316240
2018,외과,C97,2,4,366480,318110
2018,외과,D00,8,17,1374080,1305280
2018,외과,D01,131,360,34385580,30830010
2018,외과,D02,5,110,3165420,2758720
2018,외과,D03,32,81,4289230,3234730
2018,외과,D04,21,51,4575510,4003470
2018,외과,D05,2028,4963,772954570,708447020
2018,외과,D06,39,144,4207120,3914320
2018,외과,D07,4,13,1329890,1222990
2018,외과,D09,3,6,119410,107110
2018,외과,D10,90,197,9976310,7125110
2018,외과,D11,117,234,16855580,12589690
2018,외과,D12,26117,38037,10360883690,7386918670
2018,외과,D13,600,782,128796830,94479490
2018,외과,D14,44,51,2542290,1812290
2018,외과,D15,9,10,283310,210010
2018,외과,D16,64,138,7517760,5699230
2018,외과,D17,18910,67363,4344532640,3138309480
2018,외과,D18,851,2022,149879020,107069260
2018,외과,D19,10,59,2390760,1845870
2018,외과,D20,7,13,1613200,1253070
2018,외과,D21,14994,55299,2986624650,2142332630
2018,외과,D22,131,292,12957460,9251980
2018,외과,D23,24806,86006,3883566860,2780252530
2018,외과,D24,74206,127517,8055961060,5865116090
2018,외과,D25,1935,2921,178789610,125909210
2018,외과,D26,14,17,489540,359340
2018,외과,D27,175,267,18728300,13742380
2018,외과,D28,14,28,1530350,1072950
2018,외과,D29,89,256,14487140,10376680
2018,외과,D30,78,107,9004820,6358620
2018,외과,D31,3,3,165360,115960
2018,외과,D32,30,129,6908800,6093730
2018,외과,D33,27,61,3518930,2980180
2018,외과,D34,21903,32991,1871874140,1328750760
2018,외과,D35,71,140,8107350,6026620
2018,외과,D36,1245,3170,182938820,129700220
2018,외과,D37,223,440,33916660,27027750
2018,외과,D38,21,63,2360800,1791600
2018,외과,D39,68,97,6676440,4818440
2018,외과,D40,8,54,1585390,1351190
2018,외과,D41,13,15,2568550,2052420
2018,외과,D42,4,10,341720,322320
2018,외과,D43,10,24,695860,604360
2018,외과,D44,1144,1922,131910200,93537480
2018,외과,D45,6,42,8232740,7807940
2018,외과,D46,11,70,1632460,1533320
2018,외과,D47,20,50,1301340,1119940
2018,외과,D48,567,816,80144500,59539650
2018,외과,D50,2722,5234,141273180,102461030
2018,외과,D51,38,208,2987680,2406580
2018,외과,D52,9,26,442680,316280
2018,외과,D53,31,110,1476640,1131840
2018,외과,D59,2,4,192630,142930
2018,외과,D61,11,22,881380,748980
2018,외과,D62,13,26,1289170,971470
2018,외과,D63,5,12,301060,230260
2018,외과,D64,1339,2075,67586530,49240230
2018,외과,D65,2,3,43140,35540
2018,외과,D66,2,63,499250,440450
2018,외과,D68,12,14,268170,199070
2018,외과,D69,200,293,8356540,6169950
2018,외과,D70,2,3,158710,152910
2018,외과,D71,2,3,53900,42600
2018,외과,D72,75,106,2595770,1862470
2018,외과,D73,9,10,1641530,1261590
2018,외과,D75,9,22,658220,477520
2018,외과,D76,4,10,425280,301480
2018,외과,D77,2,3,104960,73660
2018,외과,D80,1,2,27990,19690
2018,외과,D81,1,1,10940,7740
2018,외과,D83,2,2,30620,21620
2018,외과,D84,4,4,243240,170640
2018,외과,D86,3,4,187550,165950
2018,외과,D89,10,153,2529790,1782190
2018,외과,E00,3,3,89010,66410
2018,외과,E02,16,53,1174800,841400
2018,외과,E03,16517,54902,2150403890,1531175290
2018,외과,E04,26422,47571,2703382110,1918012580
2018,외과,E05,6893,26442,1350603130,954513110
2018,외과,E06,9455,19628,1026625650,724563190
2018,외과,E07,9849,17743,853345740,602376840
2018,외과,E10,2132,6660,182272890,136149180
2018,외과,E11,34845,228586,4327338310,3408429000
2018,외과,E12,8,22,1048040,787610
2018,외과,E13,2333,11795,232260100,181306360
2018,외과,E14,7005,39430,818582860,640014340
2018,외과,E15,2,2,42710,30010
2018,외과,E16,129,220,5130060,3898090
2018,외과,E20,41,111,2993410,2183210
2018,외과,E21,32,66,2142590,1507390
2018,외과,E22,126,300,9115340,6815940
2018,외과,E23,33,163,3188730,2466330
2018,외과,E24,13,61,1617560,1380760
2018,외과,E25,2,3,42980,30280
2018,외과,E27,20,71,1342600,1130000
2018,외과,E28,86,215,6138550,4388950
2018,외과,E29,11,25,277520,217720
2018,외과,E30,53,149,2074230,1488430
2018,외과,E32,2,4,58230,41130
2018,외과,E34,10,20,446590,319190
2018,외과,E35,43,63,3504510,2462110
2018,외과,E40,2,2,30620,24620
2018,외과,E41,12,63,364860,300660
2018,외과,E43,1,1,10950,9450
2018,외과,E44,28,32,1257150,973230
2018,외과,E45,2,2,35310,26210
2018,외과,E46,16,23,323870,260270
2018,외과,E50,290,529,7070790,5262030
2018,외과,E53,92,223,3252770,2579370
2018,외과,E54,1,1,10950,7750
2018,외과,E55,1650,2662,57242770,41867070
2018,외과,E56,51,86,2056410,1488890
2018,외과,E58,209,482,8187660,6358560
2018,외과,E60,3,4,90540,63540
2018,외과,E61,63,115,2764860,2055800
2018,외과,E63,95,208,3776440,2982460
2018,외과,E64,4,16,428260,389860
2018,외과,E65,5,6,87500,61800
2018,외과,E66,532,873,12724700,8984200
2018,외과,E67,2,2,30620,27620
2018,외과,E70,3,5,275790,197790
2018,외과,E71,2,4,112160,80360
2018,외과,E73,1,1,16200,12800
2018,외과,E75,28,84,1366720,1003320
2018,외과,E77,5,9,149100,122300
2018,외과,E78,26903,82370,1636372700,1203564490
2018,외과,E79,40,75,1233690,923190
2018,외과,E80,10,16,499040,355440
2018,외과,E83,274,709,11376740,8701140
2018,외과,E84,5,10,253620,195920
2018,외과,E85,1,1,59680,53780
2018,외과,E86,579,757,20193190,15261770
2018,외과,E87,136,235,5624800,4209860
2018,외과,E88,180,430,114715470,85745960
2018,외과,E89,559,1791,64497510,46612920
2018,외과,E90,2,2,30620,27620
2018,외과,F00,1337,6400,99795100,80102570
2018,외과,F01,180,619,8975860,7216860
2018,외과,F02,18,57,778870,657270
2018,외과,F03,250,616,11389390,8852520
2018,외과,F04,2,4,19860,14260
2018,외과,F05,2,5,65020,55020
2018,외과,F06,4536,13164,198224050,163891500
2018,외과,F07,40,122,2479190,1945410
2018,외과,F09,10,26,502290,374190
2018,외과,F10,69,117,2218530,1765070
2018,외과,F13,1,1,10950,9950
2018,외과,F17,53,131,2237170,1610470
2018,외과,F19,1,1,66640,46740
2018,외과,F20,61,305,1971560,1559660
2018,외과,F21,1,6,76390,67390
2018,외과,F22,2,12,49780,33680
2018,외과,F23,4,20,296380,254640
2018,외과,F25,4,15,303820,240020
2018,외과,F28,1,6,62610,44210
2018,외과,F30,5,11,126170,107770
2018,외과,F31,65,256,2384120,1849620
2018,외과,F32,1080,2997,41319660,33339730
2018,외과,F33,51,199,2557080,2034180
2018,외과,F34,22,62,695560,539960
2018,외과,F38,124,366,5393690,4460990
2018,외과,F39,48,83,1153430,907230
2018,외과,F40,92,140,1949590,1508990
2018,외과,F41,3537,7958,112065610,89460160
2018,외과,F42,3,4,29760,23560
2018,외과,F43,233,368,5894700,4526760
2018,외과,F45,492,945,15103970,11985390
2018,외과,F48,1911,4076,69917360,54880690
2018,외과,F50,53,75,1741460,1352270
2018,외과,F51,4306,12743,170580770,134566130
2018,외과,F52,94,137,1120830,856330
2018,외과,F54,19,23,303370,251370
2018,외과,F59,3,7,98960,69760
2018,외과,F60,1,3,46410,41910
2018,외과,F61,1,1,21020,14720
2018,외과,F62,1,3,8900,6500
2018,외과,F63,1,1,15310,14310
2018,외과,F64,1,4,74590,52490
2018,외과,F66,1,1,19110,13410
2018,외과,F68,1,5,54850,47350
2018,외과,F78,1,2,73460,51460
2018,외과,F79,2,2,100100,97600
2018,외과,F80,6,6,173400,129600
2018,외과,F81,1,1,19110,13410
2018,외과,F84,3,3,120860,102960
2018,외과,F89,1,1,16200,12800
2018,외과,F90,4,5,180850,126950
2018,외과,F92,15,45,532570,385270
2018,외과,F93,2,2,30060,21160
2018,외과,F95,12,15,218450,155950
2018,외과,F98,23,33,700130,538730
2018,외과,F99,2,2,27970,21970
2018,외과,G00,1,1,10950,7750
2018,외과,G03,4,4,60680,42780
2018,외과,G04,4,22,470700,339500
2018,외과,G05,77,121,3061910,2332200
2018,외과,G06,1,1,27280,19180
2018,외과,G11,1,1,15310,10810
2018,외과,G12,6,72,2529230,2269030
2018,외과,G14,14,16,287980,207680
2018,외과,G20,259,1503,29389060,25600550
2018,외과,G21,44,173,2894820,2559520
2018,외과,G22,10,33,389170,326170
2018,외과,G23,4,9,179480,161680
2018,외과,G24,165,270,5493350,4150950
2018,외과,G25,520,1472,26991020,20746320
2018,외과,G26,1,1,10950,9450
2018,외과,G30,118,527,4683450,3775650
2018,외과,G31,5165,14672,205521030,171058630
2018,외과,G32,5,22,270020,215420
2018,외과,G35,7,37,1036870,910370
2018,외과,G36,1,7,98000,88700
2018,외과,G37,1,1,1090050,822270
2018,외과,G40,256,977,16240270,12452450
2018,외과,G41,27,97,1232540,977240
2018,외과,G43,6457,12281,201854650,153395340
2018,외과,G44,4641,7779,170800070,127677250
2018,외과,G45,232,597,12694260,9964700
2018,외과,G46,24,90,1124970,962470
2018,외과,G47,10885,31536,420736970,329448490
2018,외과,G50,773,2742,49188250,39289250
2018,외과,G51,321,753,16900010,12811350
2018,외과,G52,5,5,166600,122800
2018,외과,G53,3076,10438,157566040,128766400
2018,외과,G54,636,1787,58211450,42347340
2018,외과,G55,264,1623,49487180,37765080
2018,외과,G56,2396,5655,172752410,125937770
2018,외과,G57,1983,5939,176124780,128815080
2018,외과,G58,1384,2509,61261140,46756760
2018,외과,G59,28,84,1204860,959860
2018,외과,G60,3,3,62270,51170
2018,외과,G61,9,15,1647440,1373370
2018,외과,G62,72,317,4693510,3569010
2018,외과,G63,299,1608,27372580,22846700
2018,외과,G64,416,742,11480980,9034340
2018,외과,G70,16,103,6236810,5575010
2018,외과,G71,11,55,1474640,1055540
2018,외과,G72,5,12,149920,111920
2018,외과,G73,5,24,1770150,1588750
2018,외과,G80,19,38,585750,421050
2018,외과,G81,184,593,9907720,8071720
2018,외과,G82,24,84,1516850,1316750
2018,외과,G83,74,263,4665800,3762000
2018,외과,G90,101,219,10626510,7944910
2018,외과,G91,4,4,672740,501270
2018,외과,G93,49,110,6153080,4419830
2018,외과,G94,1,1,26740,18740
2018,외과,G95,9,29,558790,422900
2018,외과,G96,2,6,27970,20070
2018,외과,G97,28,43,1570550,1128670
2018,외과,G98,7,7,126070,95870
2018,외과,G99,7,23,353270,314870
2018,외과,H00,2562,3541,66820780,48484680
2018,외과,H01,1170,1535,24863950,18907750
2018,외과,H02,148,247,5029430,3859230
2018,외과,H03,3,3,744360,558140
2018,외과,H04,1659,2913,39055380,30170450
2018,외과,H05,37,64,2201630,1648760
2018,외과,H06,10,28,380090,279890
2018,외과,H10,4487,6000,86584980,67102030
2018,외과,H11,621,1013,14437820,10962920
2018,외과,H13,3,5,51780,40080
2018,외과,H15,2,3,41570,34070
2018,외과,H16,686,927,12894520,9939410
2018,외과,H17,2,2,45280,33580
2018,외과,H18,11,14,184810,139210
2018,외과,H19,58,96,1259290,973690
2018,외과,H20,6,6,79070,65370
2018,외과,H21,1,2,26260,18560
2018,외과,H25,338,672,9340230,7777130
2018,외과,H26,250,431,8279300,6199440
2018,외과,H27,1,1,15310,13810
2018,외과,H28,4,6,73860,61860
2018,외과,H30,1,4,41280,29280
2018,외과,H31,2,7,79040,63440
2018,외과,H33,2,3,1546380,1097480
2018,외과,H34,9,22,235360,191260
2018,외과,H35,60,216,2924830,2461630
2018,외과,H36,118,323,4250660,3628060
2018,외과,H40,179,535,6835570,5798370
2018,외과,H42,5,13,160020,140820
2018,외과,H43,2,3,39570,30870
2018,외과,H44,30,49,561450,421950
2018,외과,H45,1,1,15310,10810
2018,외과,H46,1,1,15310,10810
2018,외과,H47,3,4,66830,52230
2018,외과,H50,4,4,51990,38990
2018,외과,H52,5,6,84970,69270
2018,외과,H53,17,20,263130,213330
2018,외과,H54,5,5,75990,63390
2018,외과,H55,2,4,138080,104280
2018,외과,H57,13,13,169550,124350
2018,외과,H59,2,3,28720,24720
2018,외과,H60,2461,3954,73048480,53731680
2018,외과,H61,317,486,12626290,9050090
2018,외과,H62,87,118,1792180,1351380
2018,외과,H65,468,916,13679880,10376380
2018,외과,H66,1544,3117,48347620,37088230
2018,외과,H67,5,9,163890,123990
2018,외과,H68,42,54,783460,568760
2018,외과,H69,3,3,39600,27900
2018,외과,H70,7,9,152250,110250
2018,외과,H71,2,2,147710,104910
2018,외과,H72,19,24,1127070,834360
2018,외과,H73,193,370,5603370,4270870
2018,외과,H75,1,1,15310,10810
2018,외과,H80,2,2,27420,21420
2018,외과,H81,6239,10952,193294120,153269800
2018,외과,H82,129,190,8384490,6371640
2018,외과,H83,160,341,6791050,5356740
2018,외과,H90,5,6,103600,72900
2018,외과,H91,41,51,747820,593280
2018,외과,H92,66,75,1211260,885760
2018,외과,H93,785,1407,21702550,16957960
2018,외과,H94,1,1,10950,7750
2018,외과,I00,2,4,64400,45300
2018,외과,I01,2,2,21320,18320
2018,외과,I05,7,31,646930,482370
2018,외과,I08,6,29,581100,464700
2018,외과,I10,128293,914879,14454096190,11550608910
2018,외과,I11,1896,13803,194645100,162767880
2018,외과,I12,165,1544,28257600,22370880
2018,외과,I13,75,387,7390930,5903900
2018,외과,I15,134,625,8676520,6937620
2018,외과,I20,1689,4898,82905150,66444630
2018,외과,I21,104,297,6230540,4924390
2018,외과,I22,9,31,374220,312320
2018,외과,I23,3,7,87400,71600
2018,외과,I24,49,122,2083390,1707730
2018,외과,I25,314,1153,21490360,17307090
2018,외과,I26,5,20,145060,122260
2018,외과,I27,2,5,76790,63690
2018,외과,I28,1,5,27350,19850
2018,외과,I31,1,1,10950,9450
2018,외과,I34,4,4,113350,93850
2018,외과,I35,11,31,1151610,925260
2018,외과,I36,1,1,17940,12640
2018,외과,I38,3,11,135240,99940
2018,외과,I39,2,3,36790,27690
2018,외과,I40,2,2,40520,28520
2018,외과,I41,1,1,19110,13410
2018,외과,I42,20,68,1737080,1521370
2018,외과,I44,7,10,544880,405560
2018,외과,I45,27,42,535680,410480
2018,외과,I46,1,1,135810,95110
2018,외과,I47,117,252,3928840,3031040
2018,외과,I48,159,433,6769130,5389160
2018,외과,I49,939,1624,48447500,36056540
2018,외과,I50,524,1680,28385300,23435220
2018,외과,I51,153,293,5652560,4436460
2018,외과,I60,13,35,4352570,3245730
2018,외과,I61,27,96,2514050,1898430
2018,외과,I62,8,14,792250,635240
2018,외과,I63,813,3838,68268410,55545110
2018,외과,I64,64,132,3693390,2766280
2018,외과,I65,382,691,70303990,49846460
2018,외과,I66,21,95,1284090,1084390
2018,외과,I67,779,2069,90120640,67828990
2018,외과,I68,32,89,5445110,3942310
2018,외과,I69,234,819,16598470,13439560
2018,외과,I70,476,1308,26046900,20585240
2018,외과,I71,29,58,2142380,1649890
2018,외과,I72,21,28,425810,336810
2018,외과,I73,5415,10815,163185210,129793450
2018,외과,I74,64,180,3489650,2710510
2018,외과,I77,28,79,1582880,1215480
2018,외과,I78,343,397,6679720,4873020
2018,외과,I79,95,186,2845860,2351660
2018,외과,I80,1013,2042,50231270,38631430
2018,외과,I81,2,17,239310,185510
2018,외과,I82,96,183,6862210,5364250
2018,외과,I83,58489,153577,13708193710,10561022270
2018,외과,I84,1,1,10950,7750
2018,외과,I85,3,3,37630,26430
2018,외과,I86,208,336,16548100,12221830
2018,외과,I87,6456,9737,205834140,152353910
2018,외과,I88,1249,1758,55257460,39654880
2018,외과,I89,716,1217,28584370,21472110
2018,외과,I95,256,353,6682210,5107440
2018,외과,I97,28,46,1612740,1394040
2018,외과,I98,7,23,291650,226350
2018,외과,I99,17,61,728670,565370
2018,외과,J00,50107,99222,1477359150,1144378330
2018,외과,J01,8666,15281,232549600,173294570
2018,외과,J02,42357,74069,1128684510,842214860
2018,외과,J03,54983,103631,1598490660,1195761950
2018,외과,J04,22373,44177,654850820,507413460
2018,외과,J05,1222,2449,40258840,30239780
2018,외과,J06,66704,127061,1895239850,1461661720
2018,외과,J09,778,985,32151040,25114550
2018,외과,J10,7461,11281,290225160,223769470
2018,외과,J11,6453,9196,187130200,139143920
2018,외과,J12,37,69,5570260,4181490
2018,외과,J13,2,2,31390,29890
2018,외과,J14,1,1,585060,442630
2018,외과,J15,2074,3661,112095100,84765000
2018,외과,J16,10,17,426160,316270
2018,외과,J17,17,28,718740,541790
2018,외과,J18,5291,10621,310174350,237074170
2018,외과,J20,172969,346863,5298600670,4041775640
2018,외과,J21,11044,21838,343310620,263137140
2018,외과,J22,4275,8074,122114930,93383230
2018,외과,J30,50828,90332,1333939570,1015770550
2018,외과,J31,1393,2188,34830120,25876070
2018,외과,J32,743,1573,23556140,17816140
2018,외과,J33,4,5,70210,49510
2018,외과,J34,295,561,9457570,7130680
2018,외과,J35,471,830,13530280,10004880
2018,외과,J36,11589,21473,365546080,274158940
2018,외과,J37,1961,3571,49470320,37151020
2018,외과,J38,42,54,2123380,1574930
2018,외과,J39,6965,13024,199930810,153625920
2018,외과,J40,46361,94195,1435235240,1108009970
2018,외과,J41,11866,24080,355727880,280902110
2018,외과,J42,10966,25796,387789670,307588210
2018,외과,J43,65,142,6124510,4520670
2018,외과,J44,1219,3895,64523010,52796390
2018,외과,J45,15978,43353,709717420,563492230
2018,외과,J46,314,1004,14769380,11826150
2018,외과,J47,174,389,9564940,7313430
2018,외과,J60,4,5,76090,57090
2018,외과,J63,4,6,249030,185130
2018,외과,J64,7,11,180620,141720
2018,외과,J67,1,1,19110,13410
2018,외과,J68,8,12,845140,613430
2018,외과,J69,4,6,149160,108260
2018,외과,J70,8,8,245290,172090
2018,외과,J80,3,5,78740,61840
2018,외과,J81,6,9,299080,237900
2018,외과,J82,2,7,1814600,1362470
2018,외과,J84,43,69,3123280,2371490
2018,외과,J85,4,11,202710,146010
2018,외과,J86,1,1,21020,14720
2018,외과,J90,57,86,4733770,3552210
2018,외과,J91,4,7,130560,113560
2018,외과,J92,2,4,297910,213310
2018,외과,J93,148,232,6223440,4570150
2018,외과,J94,14,16,731730,526630
2018,외과,J95,1,1,17210,12110
2018,외과,J96,14,20,423580,320280
2018,외과,J98,179,208,14143470,10038370
2018,외과,K00,2,2,34350,24150
2018,외과,K01,1,1,19110,13410
2018,외과,K02,10,10,131290,104790
2018,외과,K03,3,3,41900,33000
2018,외과,K04,285,502,7999400,6399180
2018,외과,K05,2605,4734,70541930,55995620
2018,외과,K06,10,19,767670,555870
2018,외과,K07,748,1341,25363800,18956900
2018,외과,K08,130,167,2638730,1959730
2018,외과,K09,19,26,769790,551590
2018,외과,K10,170,279,5504180,4247580
2018,외과,K11,528,824,15712650,11564450
2018,외과,K12,6058,10239,156582430,120812430
2018,외과,K13,187,275,4243950,3406350
2018,외과,K14,357,546,8512710,6723110
2018,외과,K20,186,327,11157190,7968180
2018,외과,K21,41488,77935,2010536340,1473855440
2018,외과,K22,68,149,5125450,3792600
2018,외과,K23,3,9,117300,85100
2018,외과,K25,14021,28820,808642820,593930120
2018,외과,K26,2474,4255,147971740,106787020
2018,외과,K27,6262,11891,207061650,157919020
2018,외과,K28,26,33,652110,488410
2018,외과,K29,80639,139237,4056970320,2987131830
2018,외과,K30,7010,11284,224253420,168380220
2018,외과,K31,2258,3925,186036990,136697690
2018,외과,K35,4420,11164,7298410860,5998454590
2018,외과,K36,388,778,435496000,355396410
2018,외과,K37,280,417,39832780,31125120
2018,외과,K38,38,68,8560630,6772190
2018,외과,K40,5512,15131,3198828090,2607953640
2018,외과,K41,47,67,4555250,3666510
2018,외과,K42,441,1055,127201040,100972580
2018,외과,K43,207,601,40867170,31755960
2018,외과,K44,3,3,202410,143510
2018,외과,K45,36,49,875840,656140
2018,외과,K46,84,120,7770040,6046680
2018,외과,K50,616,1798,235993900,203985670
2018,외과,K51,3691,12877,825213910,680121840
2018,외과,K52,30581,44541,1300143160,950902270
2018,외과,K55,69,115,18576110,14090150
2018,외과,K56,1890,4360,191678010,145036810
2018,외과,K57,2082,3380,563176400,408267170
2018,외과,K58,64782,103179,6119094730,4371584540
2018,외과,K59,55366,100522,4455456340,3239102460
2018,외과,K60,87452,238082,30002148150,24074165880
2018,외과,K61,31638,121232,16769965380,13708092240
2018,외과,K62,47492,74844,4769947370,3530213390
2018,외과,K63,33177,46019,13250161820,9452060950
2018,외과,K64,365969,992357,1.27671E+11,1.01695E+11
2018,외과,K65,78,146,22624410,17681870
2018,외과,K66,30,54,2188160,1594270
2018,외과,K67,3,6,649920,507000
2018,외과,K70,1033,2190,81353470,59134050
2018,외과,K71,617,1018,43196170,31229930
2018,외과,K72,81,142,3046880,2149580
2018,외과,K73,1506,3555,87628420,63938820
2018,외과,K74,209,635,26347990,19538950
2018,외과,K75,3220,5729,187443540,134814350
2018,외과,K76,8396,12234,556913840,394830960
2018,외과,K77,94,202,5951100,4315000
2018,외과,K80,2048,4705,1511609440,1191424800
2018,외과,K81,446,987,215012080,168932610
2018,외과,K82,910,1210,264948370,201573480
2018,외과,K83,683,898,36918270,26332250
2018,외과,K85,172,330,22369700,17143170
2018,외과,K86,124,320,11242700,8154200
2018,외과,K87,50,63,8843420,6472840
2018,외과,K90,1,3,115880,81380
2018,외과,K91,45,107,9392140,7444120
2018,외과,K92,3462,4823,388872420,276058490
2018,외과,K93,5,8,920390,644690
2018,외과,L00,3,3,49810,35110
2018,외과,L01,958,1925,35760410,27338910
2018,외과,L02,52666,165582,3701980540,2729322570
2018,외과,L03,57552,131786,2662736810,2005351400
2018,외과,L04,8772,13880,295887600,215865760
2018,외과,L05,1781,9666,490495270,367740490
2018,외과,L08,4488,9828,215798610,158784200
2018,외과,L10,7,13,192210,142810
2018,외과,L11,2,2,30720,21620
2018,외과,L12,7,15,154960,128960
2018,외과,L13,111,162,2847700,2080800
2018,외과,L14,2,2,44370,34670
2018,외과,L20,4488,8248,132623400,99620720
2018,외과,L21,5122,8687,127575260,99285360
2018,외과,L22,12,13,201880,155680
2018,외과,L23,60385,113438,1709086660,1340910680
2018,외과,L24,8284,14643,217117970,169180430
2018,외과,L25,9166,16514,248373770,193639170
2018,외과,L26,7,12,197420,142320
2018,외과,L27,789,1198,19674070,14904390
2018,외과,L28,1129,1779,31388490,23968690
2018,외과,L29,24652,32689,871491970,626705490
2018,외과,L30,14832,24223,391459700,301528070
2018,외과,L40,1536,3470,52584180,40114980
2018,외과,L41,19,39,515800,393600
2018,외과,L42,26,32,547020,394420
2018,외과,L43,76,236,7708060,5469760
2018,외과,L44,7,14,217630,156430
2018,외과,L50,25937,48038,762326090,588206500
2018,외과,L51,32,50,1914620,1429310
2018,외과,L52,36,97,1427010,1077010
2018,외과,L53,462,819,12400530,9769030
2018,외과,L54,1,1,17240,15540
2018,외과,L55,171,255,10763750,7741520
2018,외과,L56,21,28,432320,335420
2018,외과,L57,142,181,6905130,4999630
2018,외과,L58,2,3,41570,29370
2018,외과,L59,15,15,251090,185390
2018,외과,L60,16597,52202,1400354710,1019449070
2018,외과,L62,2,2,30620,21620
2018,외과,L63,589,1524,39675740,27939540
2018,외과,L64,108,227,3302580,2343780
2018,외과,L65,90,155,2392430,1726130
2018,외과,L66,85,178,2861110,2127410
2018,외과,L68,1,1,0,0
2018,외과,L70,739,1395,19941080,14087780
2018,외과,L71,39,87,1397040,995340
2018,외과,L72,32173,116278,5998150040,4253027300
2018,외과,L73,1980,7912,332308600,242027390
2018,외과,L74,79,116,2634110,1943030
2018,외과,L75,404,1187,78905550,60308590
2018,외과,L80,65,78,1413100,1064400
2018,외과,L81,441,499,7644310,5717710
2018,외과,L82,55,89,3274220,2379020
2018,외과,L83,2,2,34430,24230
2018,외과,L84,14563,42606,1474255940,1063925670
2018,외과,L85,631,1058,22183500,16786900
2018,외과,L86,9,9,121680,91580
2018,외과,L87,8,13,203280,150080
2018,외과,L88,11,193,5504830,3987830
2018,외과,L89,1162,7453,227300340,179933180
2018,외과,L90,603,1398,78812000,62003080
2018,외과,L91,1263,2358,71162780,51366230
2018,외과,L92,739,1566,88487230,63532220
2018,외과,L93,15,23,1070210,756510
2018,외과,L94,11,14,570230,406030
2018,외과,L95,74,130,2516950,1851750
2018,외과,L97,66,651,11907710,9438310
2018,외과,L98,498,2685,90596510,68637710
2018,외과,L99,1,1,15310,10810
2018,외과,M00,158,506,21259960,16197220
2018,외과,M01,16,88,1273210,1048910
2018,외과,M02,29,91,1835850,1307850
2018,외과,M03,1,2,26260,23260
2018,외과,M05,189,1470,37780260,32108960
2018,외과,M06,3097,10909,203524370,157758280
2018,외과,M07,27,66,1613400,1148200
2018,외과,M08,8,10,206160,173360
2018,외과,M10,10963,37881,628001110,472861810
2018,외과,M11,53,82,2578710,1968210
2018,외과,M12,530,1742,38434690,29026040
2018,외과,M13,30635,112631,2180495680,1720112600
2018,외과,M14,507,2635,36116210,29885310
2018,외과,M15,5675,20586,316035970,265180480
2018,외과,M16,1944,5960,118013280,95614020
2018,외과,M17,90781,511002,13390795080,10313824500
2018,외과,M18,288,656,12000330,8961530
2018,외과,M19,19511,64504,1318751040,1017826890
2018,외과,M20,340,632,23241330,17241500
2018,외과,M21,114,168,7864960,5909600
2018,외과,M22,497,1336,29743970,21562690
2018,외과,M23,1328,3506,113260350,85347750
2018,외과,M24,3410,15111,282609030,215538440
2018,외과,M25,21160,62383,1340637080,1012902730
2018,외과,M31,5,67,1797220,1587320
2018,외과,M32,16,81,5068410,4359850
2018,외과,M33,4,4,68480,54580
2018,외과,M34,6,27,599340,540840
2018,외과,M35,119,508,16511150,13784740
2018,외과,M40,215,939,22587090,17781540
2018,외과,M41,536,2549,60309880,46069340
2018,외과,M42,651,1553,29016300,23716700
2018,외과,M43,1465,11315,316001310,242997680
2018,외과,M45,447,2158,36291100,31261210
2018,외과,M46,838,6598,139422930,118397660
2018,외과,M47,30304,180638,4038433020,3241906040
2018,외과,M48,34565,241066,5663436480,4532951850
2018,외과,M49,1342,7098,180384520,136763520
2018,외과,M50,14667,77391,2092356080,1560274090
2018,외과,M51,31072,232428,5646045060,4397766160
2018,외과,M53,9356,27747,781404570,576272520
2018,외과,M54,132053,618823,13048952500,10241234090
2018,외과,M60,3614,8160,159839140,123518600
2018,외과,M61,30,80,3229350,2367020
2018,외과,M62,6526,15184,295018960,221505720
2018,외과,M63,6,7,320680,232680
2018,외과,M65,39131,100481,1938457800,1476513040
2018,외과,M66,99,320,11662810,8417230
2018,외과,M67,8381,18905,494860070,367865600
2018,외과,M68,3,5,80750,56750
2018,외과,M70,2670,6815,176244500,128831950
2018,외과,M71,2345,6055,168914400,125970180
2018,외과,M72,7382,21105,459859230,343237170
2018,외과,M73,16,29,1634660,1281870
2018,외과,M75,50683,183923,4470728900,3384912130
2018,외과,M76,3930,9958,218166770,161750940
2018,외과,M77,21266,55310,1176666230,854268590
2018,외과,M79,80524,192373,3854938800,2919270670
2018,외과,M80,611,2573,87586160,66566240
2018,외과,M81,15899,55193,1863157050,1376927050
2018,외과,M82,21,50,1545310,1223510
2018,외과,M83,171,464,9496180,7247580
2018,외과,M84,47,153,10361640,7825930
2018,외과,M85,159,234,12760780,9665690
2018,외과,M86,82,675,26126140,20681260
2018,외과,M87,84,423,21351430,16565200
2018,외과,M88,1,5,113900,79900
2018,외과,M89,204,727,18900800,16083960
2018,외과,M90,3,3,43960,30960
2018,외과,M91,13,20,337650,260850
2018,외과,M92,200,454,13360270,9766420
2018,외과,M93,21,46,3301700,2541810
2018,외과,M94,338,556,14777240,10946420
2018,외과,M95,8,12,300820,225820
2018,외과,M96,251,3515,117060790,89606880
2018,외과,M99,658,3398,81726500,63696240
2018,외과,N00,160,292,11179190,8327840
2018,외과,N02,167,223,7702120,5537720
2018,외과,N03,20,43,1237450,883850
2018,외과,N04,78,149,2676680,2123380
2018,외과,N05,188,314,5995080,4376280
2018,외과,N06,14,15,299950,212950
2018,외과,N08,2,2,29670,26670
2018,외과,N10,1650,3422,110380160,82875610
2018,외과,N11,49,120,3539420,2656380
2018,외과,N12,200,390,9852390,7323000
2018,외과,N13,32,45,2933800,2145010
2018,외과,N14,2,4,115820,89420
2018,외과,N15,5,8,1094440,788260
2018,외과,N17,36,47,1365400,1051630
2018,외과,N18,4544,15790,10211898440,8869549920
2018,외과,N19,95,181,6583340,4854780
2018,외과,N20,708,956,45727240,33127690
2018,외과,N21,331,481,15732850,11701240
2018,외과,N22,3,3,617700,462650
2018,외과,N23,10,14,349940,250740
2018,외과,N28,153,211,8877150,6460490
2018,외과,N29,2,2,37930,30430
2018,외과,N30,18157,37644,645574860,493809540
2018,외과,N31,2554,5592,79837970,65021560
2018,외과,N32,358,705,10822230,8695330
2018,외과,N33,10,12,190980,147680
2018,외과,N34,3542,7942,153346330,113473630
2018,외과,N35,5,48,912540,654440
2018,외과,N36,9,10,167230,128530
2018,외과,N37,9,22,387050,272350
2018,외과,N39,2587,4853,82735750,64754260
2018,외과,N40,13701,50532,714752620,577794400
2018,외과,N41,695,1731,31191160,23204260
2018,외과,N42,92,186,3494380,2650780
2018,외과,N43,201,443,36663020,29402450
2018,외과,N44,6,6,152370,107070
2018,외과,N45,383,868,15155280,11210740
2018,외과,N46,8,9,186410,130810
2018,외과,N47,102,170,4480680,3318080
2018,외과,N48,716,1133,20426700,15392740
2018,외과,N49,40,136,3074800,2231380
2018,외과,N50,64,143,2873920,2236830
2018,외과,N51,31,61,1016990,759790
2018,외과,N60,55271,74601,3959917560,2828411720
2018,외과,N61,8116,24388,720877090,515812970
2018,외과,N62,4357,8614,1273956550,991883140
2018,외과,N63,52124,92274,6150419780,4429429190
2018,외과,N64,120180,144654,6655479970,4740541640
2018,외과,N70,18,28,385380,274980
2018,외과,N71,48,77,1508170,1084270
2018,외과,N72,2802,4853,341482310,239891820
2018,외과,N73,836,1317,64926420,46431260
2018,외과,N74,11,19,358400,251700
2018,외과,N75,58,128,4631140,3286140
2018,외과,N76,1740,2879,113206440,80258800
2018,외과,N77,43,70,2021820,1502220
2018,외과,N80,756,1185,73556510,51592030
2018,외과,N81,584,1492,93980640,68201020
2018,외과,N82,13,49,3319090,2557540
2018,외과,N83,363,511,29365530,20822130
2018,외과,N84,319,461,30676320,21587430
2018,외과,N85,131,188,8667090,6110930
2018,외과,N86,603,1212,47129010,33472110
2018,외과,N87,107,236,13467230,9483290
2018,외과,N88,5,8,293550,207750
2018,외과,N89,4,4,576640,441360
2018,외과,N90,8,9,355950,251450
2018,외과,N91,414,707,34495740,24295360
2018,외과,N92,249,401,17563400,12344400
2018,외과,N93,600,1030,48861770,34869350
2018,외과,N94,813,1229,24337200,17193200
2018,외과,N95,3653,10260,176409110,128355750
2018,외과,N96,6,21,354530,248730
2018,외과,N97,144,328,14478090,10205590
2018,외과,N98,1,4,48160,34060
2018,외과,N99,1,1,7980,6480
2018,외과,O00,12,30,3047340,2547920
2018,외과,O02,2,3,495600,446100
2018,외과,O06,1,1,12360,8660
2018,외과,O08,6,7,210490,147690
2018,외과,O12,1,4,43800,31000
2018,외과,O13,1,1,98310,68910
2018,외과,O20,6,6,293630,264630
2018,외과,O21,9,24,353450,262550
2018,외과,O22,92,111,6835870,5646510
2018,외과,O24,5,21,445960,370060
2018,외과,O26,7,24,421360,308930
2018,외과,O30,2,3,227810,205210
2018,외과,O33,2,2,47790,43190
2018,외과,O43,1,1,19110,13410
2018,외과,O70,2,2,175550,122950
2018,외과,O75,1,1,13000,9100
2018,외과,O82,16,17,399290,284890
2018,외과,O87,12,32,4097590,3095760
2018,외과,O90,4,5,67830,47930
2018,외과,O91,1788,3066,59750030,42232960
2018,외과,O92,288,346,7337960,5164960
2018,외과,O99,1,5,175210,122910
2018,외과,P12,2,2,32400,25600
2018,외과,P28,5,6,91330,67730
2018,외과,P38,23,38,966220,756520
2018,외과,P57,2,3,77250,54250
2018,외과,P83,41,86,2272820,1784720
2018,외과,P91,1,1,42770,29970
2018,외과,P92,3,5,67830,47930
2018,외과,P96,1,1,55000,38500
2018,외과,Q05,6,123,3223300,2873100
2018,외과,Q06,1,6,108440,98040
2018,외과,Q17,34,41,1523740,1120240
2018,외과,Q18,92,350,19195000,15383220
2018,외과,Q20,3,8,277200,245400
2018,외과,Q21,5,6,120250,90050
2018,외과,Q22,1,1,11500,9100
2018,외과,Q23,2,2,77460,66760
2018,외과,Q25,1,1,15310,13810
2018,외과,Q26,1,1,21020,14720
2018,외과,Q27,12,32,1578200,1200150
2018,외과,Q28,1,1,406290,307260
2018,외과,Q30,1,1,10950,7750
2018,외과,Q36,3,3,41150,31950
2018,외과,Q38,47,75,4924170,4135010
2018,외과,Q39,1,1,10950,7750
2018,외과,Q40,4,6,471380,371480
2018,외과,Q41,1,1,15310,10810
2018,외과,Q42,6,31,2397530,2271090
2018,외과,Q43,15,21,7006900,6150030
2018,외과,Q44,85,101,9162390,6450690
2018,외과,Q45,1,7,127730,89830
2018,외과,Q50,2,2,24290,17090
2018,외과,Q52,3,3,34430,24330
2018,외과,Q53,239,600,159778140,150393770
2018,외과,Q54,4,4,68980,53280
2018,외과,Q55,74,78,1293740,1012440
2018,외과,Q61,49,63,4013600,2838500
2018,외과,Q63,1,1,106580,74680
2018,외과,Q64,13,26,527180,386580
2018,외과,Q65,7,20,788160,586090
2018,외과,Q66,26,28,617400,475800
2018,외과,Q67,9,12,229070,161270
2018,외과,Q68,8,11,282270,227170
2018,외과,Q69,3,3,70340,56240
2018,외과,Q70,1,1,17470,13870
2018,외과,Q71,1,1,88140,69640
2018,외과,Q74,11,15,1211200,901280
2018,외과,Q75,2,2,34950,31550
2018,외과,Q76,6,11,258080,198380
2018,외과,Q78,3,4,680530,565390
2018,외과,Q79,26,43,1643540,1263290
2018,외과,Q80,1,3,51560,36160
2018,외과,Q81,3,6,123540,90440
2018,외과,Q82,57,113,3975050,2813150
2018,외과,Q83,2602,5267,531122500,409077440
2018,외과,Q84,66,211,5012630,3580630
2018,외과,Q85,473,2586,1945152310,1744017660
2018,외과,Q87,6,7,155290,116590
2018,외과,Q89,54,88,3215080,2331680
2018,외과,Q90,1,4,158260,142660
2018,외과,Q96,2,4,216410,195110
2018,외과,Q98,3,17,583100,462100
2018,외과,Q99,1,1,15310,10810
2018,외과,R00,678,893,21660940,16023860
2018,외과,R01,2,3,30340,26940
2018,외과,R02,16,154,2901750,2237950
2018,외과,R03,801,954,18429270,13751640
2018,외과,R04,335,394,11120760,8308280
2018,외과,R05,1838,3100,47643760,36954860
2018,외과,R06,559,805,18679720,14286610
2018,외과,R07,6179,7495,400325790,304456780
2018,외과,R09,86,111,3234450,2433650
2018,외과,R10,30960,45457,2107254310,1530069000
2018,외과,R11,5200,7326,176516290,135595190
2018,외과,R12,1047,1559,44713890,32417660
2018,외과,R13,32,37,1342190,972190
2018,외과,R14,1215,1764,71786300,51584260
2018,외과,R15,2692,6332,360817580,266267100
2018,외과,R16,54,56,1828700,1282600
2018,외과,R17,78,100,3712980,2651010
2018,외과,R18,22,28,789800,593900
2018,외과,R19,14671,19490,1611111620,1163286200
2018,외과,R20,159,178,2729990,2106890
2018,외과,R21,109,155,3036340,2198540
2018,외과,R22,4429,11973,550592730,396973480
2018,외과,R23,185,237,5189320,3780120
2018,외과,R25,315,513,7835630,6128230
2018,외과,R26,38,82,1273120,1077920
2018,외과,R27,3,3,45370,36670
2018,외과,R29,137,263,5226160,3729160
2018,외과,R30,445,682,11849140,9010340
2018,외과,R31,701,943,24387710,17941750
2018,외과,R32,564,1163,16875970,14048970
2018,외과,R33,27,53,1266100,972100
2018,외과,R34,12,16,249900,199400
2018,외과,R35,413,755,10809300,8697500
2018,외과,R36,7,7,136230,95630
2018,외과,R39,152,266,4512000,3394200
2018,외과,R40,1,1,16420,11520
2018,외과,R41,304,689,10324350,8406050
2018,외과,R42,8340,13391,248663670,192880700
2018,외과,R43,11,13,191900,151100
2018,외과,R44,9,10,151180,135180
2018,외과,R45,101,131,2074400,1600800
2018,외과,R46,4,4,108760,76460
2018,외과,R47,4,4,57210,43410
2018,외과,R49,27,28,1149990,812090
2018,외과,R50,3728,5823,103683680,78696440
2018,외과,R51,10276,16368,257878850,197778480
2018,외과,R52,2374,3424,63102760,47191700
2018,외과,R53,822,1069,21031790,15498280
2018,외과,R54,25,79,1839730,1340630
2018,외과,R55,93,134,3261260,2358960
2018,외과,R56,35,101,1646230,1245230
2018,외과,R57,31,40,1461700,1087070
2018,외과,R58,150,188,8626420,6184630
2018,외과,R59,1405,1887,72618110,51762400
2018,외과,R60,4109,6786,139765790,103333660
2018,외과,R61,128,196,7594730,5763660
2018,외과,R62,26,31,876550,620450
2018,외과,R63,1722,2388,44214700,34862040
2018,외과,R64,2,5,51780,48280
2018,외과,R68,555,665,11045240,7892640
2018,외과,R69,8,9,334730,258400
2018,외과,R71,2,2,23970,16870
2018,외과,R72,31,37,768850,556050
2018,외과,R73,3640,5230,91451630,71965750
2018,외과,R74,84,108,3671550,2614150
2018,외과,R76,35,59,1167030,828530
2018,외과,R77,1,1,12770,11270
2018,외과,R79,22,23,425220,314720
2018,외과,R80,235,279,6508660,4668760
2018,외과,R81,700,1201,16775120,13655340
2018,외과,R82,47,53,1395430,1013330
2018,외과,R83,1,1,35530,24930
2018,외과,R84,4,5,88180,76680
2018,외과,R85,1,1,249730,174830
2018,외과,R86,9,9,120350,91450
2018,외과,R87,150,363,23961520,16996320
2018,외과,R89,65,84,3473400,2442900
2018,외과,R91,157,172,9020600,6415400
2018,외과,R92,18683,21745,1219852360,866691640
2018,외과,R93,110,131,10176660,7249480
2018,외과,R94,884,1316,54296320,38678710
2018,외과,S00,8830,15517,367338200,276422530
2018,외과,S01,28652,75051,1909514740,1417797970
2018,외과,S02,302,461,30171790,22321300
2018,외과,S03,1048,1549,32568650,24145190
2018,외과,S04,3,3,48180,39980
2018,외과,S05,71,83,3227230,2352920
2018,외과,S06,720,1107,74526960,55616570
2018,외과,S07,422,1027,24216790,18283170
2018,외과,S08,11,41,1015560,757260
2018,외과,S09,184,633,24032060,17492360
2018,외과,S10,647,2134,70583040,50615540
2018,외과,S11,444,1056,24940440,18511730
2018,외과,S12,19,59,9300400,6874540
2018,외과,S13,20583,48741,1156903790,853716070
2018,외과,S14,10,28,1197370,930970
2018,외과,S15,6,12,304190,231290
2018,외과,S16,3,10,385150,292650
2018,외과,S17,4,5,107730,75530
2018,외과,S19,8,8,139610,102410
2018,외과,S20,8605,14274,333886820,251167360
2018,외과,S21,1373,3670,81745280,61333980
2018,외과,S22,4633,12767,787947990,587326040
2018,외과,S23,14947,25735,627215510,469599690
2018,외과,S24,63,116,2543360,1970260
2018,외과,S25,4,7,128510,91910
2018,외과,S27,11,17,1093060,810980
2018,외과,S28,6,12,226690,163390
2018,외과,S29,19,48,892740,712440
2018,외과,S30,2717,6434,181707480,133659940
2018,외과,S31,2885,7565,167142010,126295690
2018,외과,S32,1135,3981,298612450,224542470
2018,외과,S33,53675,158537,3673020080,2794064620
2018,외과,S34,14,24,2144660,1572030
2018,외과,S35,24,64,1773810,1341870
2018,외과,S36,9,22,1599310,1200000
2018,외과,S37,6,6,1403790,1071210
2018,외과,S38,1,6,183370,128770
2018,외과,S39,29,59,1178870,857370
2018,외과,S40,1921,4499,107424640,79850570
2018,외과,S41,1207,3232,71656290,53155590
2018,외과,S42,699,2159,111218310,83738080
2018,외과,S43,21810,60934,1225822300,928726450
2018,외과,S44,25,45,1440200,1009400
2018,외과,S45,22,40,790650,563550
2018,외과,S46,1604,5397,172204340,127747610
2018,외과,S47,13,35,755370,588070
2018,외과,S48,1,1,15310,13810
2018,외과,S49,16,35,1435180,1081280
2018,외과,S50,3794,8171,187706180,140934770
2018,외과,S51,5993,19172,457647670,343643430
2018,외과,S52,2672,13525,514938140,382651990
2018,외과,S53,7906,17063,416375510,304367750
2018,외과,S54,74,183,6990880,4948980
2018,외과,S55,50,97,2854820,2057920
2018,외과,S56,286,932,40029700,29041030
2018,외과,S57,127,363,8260740,6374540
2018,외과,S58,13,13,216500,174400
2018,외과,S59,25,59,1305730,988530
2018,외과,S60,11335,19363,490608550,358764840
2018,외과,S61,55388,160469,3889310920,2834585160
2018,외과,S62,4592,16698,546362210,394683940
2018,외과,S63,31619,58073,1505212090,1083548020
2018,외과,S64,42,104,3374060,2387560
2018,외과,S65,384,1002,28540350,20575550
2018,외과,S66,1539,7408,312278130,225411920
2018,외과,S67,1947,5044,135924600,99030690
2018,외과,S68,120,637,23985140,17627200
2018,외과,S69,94,210,5617820,4121140
2018,외과,S70,2694,5555,116285940,89425500
2018,외과,S71,2081,6184,147535140,109541910
2018,외과,S72,295,911,108850580,82000310
2018,외과,S73,4616,11012,223083210,173618740
2018,외과,S74,4,15,310270,248970
2018,외과,S75,25,50,1158630,864930
2018,외과,S76,615,1616,61615540,45251320
2018,외과,S77,71,143,2729630,1998430
2018,외과,S78,9,12,212400,160400
2018,외과,S79,30,98,1905120,1388420
2018,외과,S80,11002,25437,553458370,413933460
2018,외과,S81,13855,46687,1077333080,801087560
2018,외과,S82,1964,8439,495876180,369112490
2018,외과,S83,16252,39859,1018174960,753001540
2018,외과,S84,61,145,3954720,2857720
2018,외과,S85,71,194,4210470,3062170
2018,외과,S86,1284,3360,133737020,99368880
2018,외과,S87,675,2085,46659500,34500710
2018,외과,S88,19,35,620130,519330
2018,외과,S89,33,102,2118090,1529490
2018,외과,S90,9591,17645,432398050,316648540
2018,외과,S91,15054,39687,913732300,676582080
2018,외과,S92,4665,16675,753708450,548783700
2018,외과,S93,39880,80408,2197730700,1585339600
2018,외과,S94,6,7,195280,140080
2018,외과,S95,88,189,6734090,4826980
2018,외과,S96,487,1321,56587100,40996180
2018,외과,S97,1355,2865,70352740,51170750
2018,외과,S98,8,77,1543840,1097340
2018,외과,S99,148,259,5848160,4353510
2018,외과,T00,379,855,20157280,15030810
2018,외과,T01,814,1881,50984340,37659070
2018,외과,T02,10,16,413470,308470
2018,외과,T03,108,190,3779440,2846340
2018,외과,T04,36,83,2041670,1530270
2018,외과,T06,3,8,130720,93520
2018,외과,T07,1,1,23000,16100
2018,외과,T08,8,30,571170,458770
2018,외과,T09,561,1271,25961540,19457800
2018,외과,T10,2,4,86280,63680
2018,외과,T11,194,480,11487460,8455260
2018,외과,T12,5,30,547580,426180
2018,외과,T13,400,988,22716080,16488980
2018,외과,T14,5003,9946,238973180,174759720
2018,외과,T15,162,175,4556450,3282350
2018,외과,T16,261,293,7637660,5527360
2018,외과,T17,382,388,9126920,6649520
2018,외과,T18,176,203,11177850,8071860
2018,외과,T19,7,23,930480,656080
2018,외과,T20,4880,22258,1937799910,1596206540
2018,외과,T21,3601,19022,1413804040,1102719660
2018,외과,T22,9744,49093,2449067400,1825844950
2018,외과,T23,19602,92036,5457778300,4359565690
2018,외과,T24,9850,61209,3818346930,2877472150
2018,외과,T25,5856,39210,3280281560,2744859040
2018,외과,T26,77,237,13069960,10079800
2018,외과,T27,13,17,3249820,2471260
2018,외과,T28,39,95,12316660,10587930
2018,외과,T29,143,501,18056810,12941200
2018,외과,T30,1153,3281,123253540,88166220
2018,외과,T31,2911,12683,1560986470,1294609470
2018,외과,T32,4,32,3260050,2360350
2018,외과,T33,455,921,21079360,15797280
2018,외과,T34,25,222,15650250,11808070
2018,외과,T35,109,221,10441240,8039710
2018,외과,T39,1,1,102020,78070
2018,외과,T43,1,1,10950,9450
2018,외과,T48,1,1,17470,13870
2018,외과,T51,1,2,25520,17920
2018,외과,T54,1,2,61390,46290
2018,외과,T56,25,72,4345520,3154120
2018,외과,T60,22,29,418440,345640
2018,외과,T61,1,1,15310,10810
2018,외과,T62,4,4,63500,44600
2018,외과,T63,1694,2142,38307080,29286770
2018,외과,T65,5,6,213360,157030
2018,외과,T66,1,1,22960,16160
2018,외과,T67,408,494,13372240,10267070
2018,외과,T68,1,1,19110,13410
2018,외과,T69,61,86,1609650,1191350
2018,외과,T70,5,5,79800,56300
2018,외과,T73,45,79,1758110,1293310
2018,외과,T75,11,14,230130,170230
2018,외과,T78,1973,3669,60511000,46752090
2018,외과,T79,476,1469,31772540,24295580
2018,외과,T80,5,6,201210,148610
2018,외과,T81,3179,9783,331563900,248306980
2018,외과,T82,5,12,199900,155600
2018,외과,T83,1,2,52760,36960
2018,외과,T84,15,21,1174990,874220
2018,외과,T85,41,53,1837480,1353710
2018,외과,T87,2,13,527660,410060
2018,외과,T88,528,1534,33279280,24632040
2018,외과,T90,12,21,300430,238630
2018,외과,T91,89,278,5665180,4578280
2018,외과,T92,108,679,17707470,13232130
2018,외과,T93,264,1139,21456220,16964220
2018,외과,T94,3,7,103060,83860
2018,외과,T95,50,111,2254070,1661770
2018,외과,T98,51,97,2755130,2068630
2018,외과,U84,1,4,49540,49540
2018,외과,Z00,1147,1411,59185950,42147740
2018,외과,Z01,336,377,7792700,5696400
2018,외과,Z02,19,19,231060,169760
2018,외과,Z03,477,560,13703170,10154370
2018,외과,Z04,239,320,21950280,15610500
2018,외과,Z08,32,59,6578980,4824890
2018,외과,Z09,83,87,4380590,3088790
2018,외과,Z10,62,63,3710430,2611230
2018,외과,Z12,187,260,8270370,5906070
2018,외과,Z13,23,28,554660,413160
2018,외과,Z20,21,22,723210,523210
2018,외과,Z22,10,12,413570,290170
2018,외과,Z23,16,25,814040,583440
2018,외과,Z24,6,8,64730,45530
2018,외과,Z25,80,129,1627510,1192600
2018,외과,Z26,94,97,857100,611700
2018,외과,Z27,1,1,0,0
2018,외과,Z29,16,17,261540,190740
2018,외과,Z30,76,120,3752140,2656110
2018,외과,Z31,10,67,1625300,1233010
2018,외과,Z32,9,19,586490,421690
2018,외과,Z33,6,9,124710,106710
2018,외과,Z34,105,176,9253940,8185840
2018,외과,Z35,3,3,38910,27510
2018,외과,Z39,12,17,722580,506780
2018,외과,Z41,4,4,72170,50870
2018,외과,Z42,14,14,2406150,2142210
2018,외과,Z43,5,129,2475560,2189860
2018,외과,Z46,1,1,15310,10810
2018,외과,Z47,81,194,10720350,8506090
2018,외과,Z48,3711,8567,163709520,122126940
2018,외과,Z51,9,9,136050,97550
2018,외과,Z52,4,6,233760,163760
2018,외과,Z54,145,545,11933440,9325230
2018,외과,Z56,1,2,22700,15900
2018,외과,Z57,1,1,26760,18760
2018,외과,Z64,2,3,266300,186600
2018,외과,Z65,1,1,10950,9450
2018,외과,Z70,21,27,387920,285620
2018,외과,Z71,653,725,11325250,8569950
2018,외과,Z72,7,17,214140,159740
2018,외과,Z73,8,13,240700,195980
2018,외과,Z75,2,3,41570,37070
2018,외과,Z76,6,8,113760,92360
2018,외과,Z80,699,961,105988470,75285320
2018,외과,Z82,6,47,729230,516330
2018,외과,Z83,6,7,447110,313310
2018,외과,Z84,3,4,232680,163080
2018,외과,Z85,53,98,8934160,6816540
2018,외과,Z86,6,6,344190,241190
2018,외과,Z87,5,9,482030,337930
2018,외과,Z88,16,21,1645160,1161360
2018,외과,Z91,4,5,69750,51450
2018,외과,Z92,92,118,14436570,10388070
2018,외과,Z93,6,9,882480,646340
2018,외과,Z94,12,23,414910,323910
2018,외과,Z95,20,61,1015500,816300
2018,외과,Z96,13,29,966080,718220
2018,외과,Z97,1,2,24290,21290
2018,외과,Z98,4990,15260,293475700,217964940
2018,외과,Z99,2,2,36330,32730
2018,정형외과,A02,1,1,27120,19020
2018,정형외과,A04,2800,3884,114985880,85611290
2018,정형외과,A05,168,295,13888940,12113390
2018,정형외과,A06,2,2,80380,58080
2018,정형외과,A07,1,1,46810,32810
2018,정형외과,A08,1153,1623,30352720,22979100
2018,정형외과,A09,18955,24883,666547700,502201140
2018,정형외과,A15,14,188,2818720,2630220
2018,정형외과,A16,15,83,4278570,3714450
2018,정형외과,A17,2,2,26260,22060
2018,정형외과,A18,13,146,2852100,2694100
2018,정형외과,A19,1,1,0,0
2018,정형외과,A22,1,1,21020,16820
2018,정형외과,A25,3,4,99660,69860
2018,정형외과,A26,3,6,85020,73020
2018,정형외과,A28,9,32,1241580,918840
2018,정형외과,A31,5,60,979180,766980
2018,정형외과,A35,12,15,521180,365580
2018,정형외과,A37,1,1,19110,13410
2018,정형외과,A38,3,3,69110,54110
2018,정형외과,A40,3,3,39580,33280
2018,정형외과,A41,6,9,2609430,2040380
2018,정형외과,A42,3,8,263270,184870
2018,정형외과,A46,4,6,144330,103930
2018,정형외과,A48,2,2,40510,30840
2018,정형외과,A49,715,1878,63389150,46008730
2018,정형외과,A51,6,14,459230,346340
2018,정형외과,A52,7,20,5465750,4224280
2018,정형외과,A53,7,10,182320,132820
2018,정형외과,A54,13,24,482050,342950
2018,정형외과,A56,3,5,57850,40750
2018,정형외과,A58,2,2,42170,29570
2018,정형외과,A59,25,46,953840,685840
2018,정형외과,A60,139,287,11525700,8157440
2018,정형외과,A63,238,738,23852580,16839780
2018,정형외과,A64,7,9,302370,213870
2018,정형외과,A65,1,1,15310,10810
2018,정형외과,A66,5,7,147200,112200
2018,정형외과,A68,1,1,20910,14710
2018,정형외과,A69,103,163,2424250,1842150
2018,정형외과,A74,444,1820,63360010,44540710
2018,정형외과,A75,69,87,36359200,28268530
2018,정형외과,A77,6,7,125980,92780
2018,정형외과,A79,1,1,24980,17580
2018,정형외과,A80,1,1,19110,13410
2018,정형외과,A86,1,1,19110,13410
2018,정형외과,A88,11,24,301370,252570
2018,정형외과,B00,4033,6024,100063410,74720630
2018,정형외과,B01,148,282,8985990,7362330
2018,정형외과,B02,10760,26212,817368720,623590350
2018,정형외과,B07,1413,3435,110876920,79607240
2018,정형외과,B08,201,313,6132280,4928420
2018,정형외과,B09,20,34,561990,451390
2018,정형외과,B15,13,18,4580350,3627970
2018,정형외과,B16,10,24,854190,601790
2018,정형외과,B17,147,257,14683140,10618400
2018,정형외과,B18,731,2615,124651450,89580780
2018,정형외과,B19,21,29,841120,613670
2018,정형외과,B25,1,2,43870,30770
2018,정형외과,B26,104,156,3653960,2681750
2018,정형외과,B30,77,113,1792790,1300190
2018,정형외과,B33,9,15,227720,169220
2018,정형외과,B34,7,8,171160,144560
2018,정형외과,B35,29051,63989,942564620,711352320
2018,정형외과,B36,524,877,13794910,10210510
2018,정형외과,B37,1024,1674,80729930,57403490
2018,정형외과,B41,1,6,24000,16800
2018,정형외과,B43,94,223,5447420,4001120
2018,정형외과,B46,55,147,1964020,1463820
2018,정형외과,B47,18,37,809190,593890
2018,정형외과,B48,122,207,2961980,2314180
2018,정형외과,B49,115,339,7845880,5844380
2018,정형외과,B50,2,2,33400,23500
2018,정형외과,B56,1,2,30620,21620
2018,정형외과,B66,27,46,791380,577090
2018,정형외과,B68,3,3,53740,37840
2018,정형외과,B69,1,2,33100,23300
2018,정형외과,B80,4,4,63010,48110
2018,정형외과,B82,2,2,26260,18560
2018,정형외과,B83,13,16,265140,202440
2018,정형외과,B85,23,24,352380,262280
2018,정형외과,B86,91,111,1620580,1255280
2018,정형외과,B87,2,7,169320,119020
2018,정형외과,B88,251,520,15124130,11148120
2018,정형외과,B89,3,3,43620,30720
2018,정형외과,B90,16,26,489250,372750
2018,정형외과,B91,147,228,5155530,3792630
2018,정형외과,B97,1,1,113440,79440
2018,정형외과,B98,6,7,97330,68630
2018,정형외과,B99,1,2,34190,28590
2018,정형외과,C02,8,38,1392710,1298010
2018,정형외과,C03,2,20,351890,334990
2018,정형외과,C04,1,1,10950,10450
2018,정형외과,C05,3,13,372060,354360
2018,정형외과,C06,3,9,219920,209420
2018,정형외과,C07,2,2,57350,54650
2018,정형외과,C08,1,39,698820,664920
2018,정형외과,C09,5,68,2154780,2005720
2018,정형외과,C11,6,12,385160,349810
2018,정형외과,C13,3,6,122190,108490
2018,정형외과,C15,21,48,2050720,1699430
2018,정형외과,C16,346,1221,38557660,34928760
2018,정형외과,C17,4,5,94130,66830
2018,정형외과,C18,202,891,23881010,22371700
2018,정형외과,C19,26,137,6651970,6001340
2018,정형외과,C20,63,331,9337160,8637960
2018,정형외과,C21,5,11,231110,219910
2018,정형외과,C22,168,707,22216340,19789500
2018,정형외과,C23,16,50,1556150,1377340
2018,정형외과,C24,51,202,4529590,4238280
2018,정형외과,C25,76,288,8526900,7421900
2018,정형외과,C26,4,6,107970,101870
2018,정형외과,C31,2,16,279730,262530
2018,정형외과,C32,7,216,5182850,4934150
2018,정형외과,C33,1,4,74800,71200
2018,정형외과,C34,247,1037,29443300,26887180
2018,정형외과,C37,1,1,29700,28300
2018,정형외과,C40,54,581,16935520,14198210
2018,정형외과,C41,25,163,6331070,5612410
2018,정형외과,C43,37,427,13892510,12509830
2018,정형외과,C44,58,234,9321940,8223650
2018,정형외과,C46,6,14,333830,313730
2018,정형외과,C47,2,3,61960,58060
2018,정형외과,C48,7,17,512810,464730
2018,정형외과,C49,80,355,20703980,17951910
2018,정형외과,C50,241,1299,40097470,36575360
2018,정형외과,C53,43,208,6196750,5564250
2018,정형외과,C54,16,86,3702010,3288700
2018,정형외과,C55,7,22,418660,382560
2018,정형외과,C56,38,322,6444930,6043390
2018,정형외과,C57,8,77,1184370,1048670
2018,정형외과,C58,1,1,63640,44640
2018,정형외과,C61,109,656,25649710,23508270
2018,정형외과,C62,2,18,402040,297540
2018,정형외과,C64,38,132,7143910,6202720
2018,정형외과,C65,5,24,370010,342610
2018,정형외과,C66,5,6,940900,741800
2018,정형외과,C67,36,265,6359030,5901020
2018,정형외과,C68,1,2,28230,25230
2018,정형외과,C69,1,1,26240,24940
2018,정형외과,C70,2,5,134660,128160
2018,정형외과,C71,34,263,6096130,5380370
2018,정형외과,C72,7,124,4295730,3949780
2018,정형외과,C73,200,870,26380810,23534970
2018,정형외과,C75,5,46,829310,785810
2018,정형외과,C76,22,62,1916380,1615340
2018,정형외과,C77,6,8,118130,100420
2018,정형외과,C78,31,166,6811320,5957650
2018,정형외과,C79,36,168,7203740,6542440
2018,정형외과,C80,23,45,2191260,1909240
2018,정형외과,C81,8,24,423390,379990
2018,정형외과,C82,12,20,481090,419690
2018,정형외과,C83,13,51,1346720,1208070
2018,정형외과,C84,3,8,157900,150400
2018,정형외과,C85,27,45,989120,892320
2018,정형외과,C88,3,6,81070,76470
2018,정형외과,C90,20,69,1755130,1593330
2018,정형외과,C91,4,9,166860,158860
2018,정형외과,C92,16,112,1853460,1614160
2018,정형외과,C93,2,6,78340,74740
2018,정형외과,C94,4,28,529530,488230
2018,정형외과,C95,7,64,1303540,1226840
2018,정형외과,C96,13,28,529970,488070
2018,정형외과,D00,12,77,3233920,3031570
2018,정형외과,D01,26,230,7227550,6740990
2018,정형외과,D02,8,13,294580,236380
2018,정형외과,D03,13,20,981740,818090
2018,정형외과,D04,11,96,1982720,1927520
2018,정형외과,D05,25,145,3884960,3441860
2018,정형외과,D06,18,138,5601410,5140110
2018,정형외과,D07,3,10,137410,106610
2018,정형외과,D09,7,15,493350,429160
2018,정형외과,D10,23,57,2464430,1831280
2018,정형외과,D11,23,37,726630,533430
2018,정형외과,D12,556,710,216991020,154055420
2018,정형외과,D13,55,82,4899700,3688680
2018,정형외과,D14,26,38,809040,592870
2018,정형외과,D15,8,9,793870,595070
2018,정형외과,D16,1837,3127,166999880,125350530
2018,정형외과,D17,18082,57674,2699433590,1991090700
2018,정형외과,D18,778,2002,102148000,75748000
2018,정형외과,D19,180,540,23608800,17407250
2018,정형외과,D20,5,15,349410,286010
2018,정형외과,D21,13380,41813,1920891220,1417460740
2018,정형외과,D22,26,70,2301230,1797130
2018,정형외과,D23,6807,22852,837317500,612161740
2018,정형외과,D24,68,75,2804790,2103680
2018,정형외과,D25,70,100,4535800,3282170
2018,정형외과,D26,20,33,1741450,1242120
2018,정형외과,D27,32,47,4175540,3135680
2018,정형외과,D29,16,23,393330,297430
2018,정형외과,D30,20,61,2124250,1657650
2018,정형외과,D31,2,2,26000,20800
2018,정형외과,D32,54,302,10692610,9064530
2018,정형외과,D33,78,217,16466550,14138120
2018,정형외과,D34,124,210,7798860,5552930
2018,정형외과,D35,28,116,4707020,4034690
2018,정형외과,D36,1119,3020,134158690,98767120
2018,정형외과,D37,31,74,3152900,2847200
2018,정형외과,D38,3,3,64070,52070
2018,정형외과,D39,8,12,1247850,1107040
2018,정형외과,D41,6,14,594690,497490
2018,정형외과,D42,2,11,139650,123250
2018,정형외과,D43,23,84,5528200,4640620
2018,정형외과,D44,5,21,342810,263510
2018,정형외과,D45,4,6,167610,148410
2018,정형외과,D46,12,54,952050,847050
2018,정형외과,D47,32,96,2553850,2056250
2018,정형외과,D48,380,815,44073360,35409660
2018,정형외과,D50,1375,2631,67253920,48231960
2018,정형외과,D51,25,106,1772920,1365720
2018,정형외과,D52,28,49,897840,673640
2018,정형외과,D53,47,87,2098540,1564340
2018,정형외과,D59,2,4,81680,67380
2018,정형외과,D61,3,3,42980,32480
2018,정형외과,D62,2,2,26260,18560
2018,정형외과,D63,9,29,517860,433960
2018,정형외과,D64,754,1168,39598280,28736810
2018,정형외과,D66,5,92,1712400,1534000
2018,정형외과,D68,17,32,1117870,852270
2018,정형외과,D69,96,201,4975970,3721140
2018,정형외과,D70,2,2,460690,336230
2018,정형외과,D72,47,58,1304320,929420
2018,정형외과,D73,2,3,265550,193550
2018,정형외과,D75,10,15,339770,255070
2018,정형외과,D76,6,12,534760,375060
2018,정형외과,D80,1,1,40290,28290
2018,정형외과,D84,3,16,153760,124960
2018,정형외과,D86,4,16,795670,620160
2018,정형외과,D89,1,1,19110,13410
2018,정형외과,E01,2,3,15310,10810
2018,정형외과,E02,2,4,139310,97710
2018,정형외과,E03,1906,6648,186981130,135717840
2018,정형외과,E04,142,191,6303670,4529160
2018,정형외과,E05,561,2094,72663450,51723520
2018,정형외과,E06,143,256,11104930,7854030
2018,정형외과,E07,320,617,22213590,16123660
2018,정형외과,E10,912,4202,106161110,82078840
2018,정형외과,E11,19244,109310,2374243990,1812364110
2018,정형외과,E12,20,83,1756760,1303160
2018,정형외과,E13,1705,7249,165226700,128664690
2018,정형외과,E14,4818,21799,463264660,355214420
2018,정형외과,E15,3,3,911390,713370
2018,정형외과,E16,53,77,2998400,2184120
2018,정형외과,E20,13,32,763360,537760
2018,정형외과,E21,8,15,356350,264450
2018,정형외과,E22,11,44,1124950,926350
2018,정형외과,E23,32,175,2945480,2281060
2018,정형외과,E24,18,114,2549540,2167440
2018,정형외과,E25,3,32,1289930,1112130
2018,정형외과,E26,2,2,42940,33340
2018,정형외과,E27,10,69,1777970,1576670
2018,정형외과,E28,38,68,1215640,866840
2018,정형외과,E29,4,10,124410,94610
2018,정형외과,E30,65,193,4130330,2908330
2018,정형외과,E32,3,4,65780,50480
2018,정형외과,E34,200,324,11322900,8687190
2018,정형외과,E35,4,4,172600,121100
2018,정형외과,E41,2,2,18280,12980
2018,정형외과,E44,20,47,760280,659280
2018,정형외과,E45,13,14,229190,161390
2018,정형외과,E46,23,32,529350,412950
2018,정형외과,E50,475,956,12483160,9239060
2018,정형외과,E51,3,3,37210,28010
2018,정형외과,E53,16,24,364240,285740
2018,정형외과,E54,3,4,58790,49790
2018,정형외과,E55,4791,8475,164245690,120285320
2018,정형외과,E56,269,407,6958130,5474530
2018,정형외과,E58,543,1189,33940180,25050180
2018,정형외과,E61,56,104,2167270,1611770
2018,정형외과,E63,144,235,3558960,2784810
2018,정형외과,E64,26,38,701860,548960
2018,정형외과,E65,19,19,309290,225490
2018,정형외과,E66,357,713,12138380,8620680
2018,정형외과,E70,7,15,339450,238150
2018,정형외과,E74,1,2,1774740,1441020
2018,정형외과,E75,6,8,167980,121180
2018,정형외과,E77,1,1,27900,19600
2018,정형외과,E78,13908,42506,811312200,596491160
2018,정형외과,E79,123,325,5875150,4309790
2018,정형외과,E80,1,1,27660,19460
2018,정형외과,E83,2329,5315,101341900,76979180
2018,정형외과,E84,2,13,248730,212830
2018,정형외과,E85,1,18,279400,247900
2018,정형외과,E86,695,1082,27613800,20972240
2018,정형외과,E87,262,472,24132810,18373460
2018,정형외과,E88,155,341,14020520,10435650
2018,정형외과,E89,43,144,3125090,2337890
2018,정형외과,E90,1,1,15310,10810
2018,정형외과,F00,983,4818,57522430,44180170
2018,정형외과,F01,127,474,7528500,5970500
2018,정형외과,F02,25,98,1916520,1617120
2018,정형외과,F03,386,783,17126700,13319060
2018,정형외과,F04,2,6,76160,55360
2018,정형외과,F05,16,29,1623860,1208750
2018,정형외과,F06,4317,11161,185765010,149776920
2018,정형외과,F07,198,274,13931540,10341620
2018,정형외과,F09,1,1,10370,8870
2018,정형외과,F10,40,130,9356670,8119800
2018,정형외과,F11,1,1,102640,71940
2018,정형외과,F13,1,2,93430,68730
2018,정형외과,F17,34,46,946120,684220
2018,정형외과,F19,1,1,18190,16390
2018,정형외과,F20,32,290,12626220,10821130
2018,정형외과,F22,6,78,5497650,4776150
2018,정형외과,F23,4,30,2758620,2450020
2018,정형외과,F25,4,37,2122750,1852850
2018,정형외과,F28,2,2,22630,19630
2018,정형외과,F29,1,2,75150,67650
2018,정형외과,F30,5,14,146280,117380
2018,정형외과,F31,93,440,9676390,7600550
2018,정형외과,F32,1033,2614,50647250,38791830
2018,정형외과,F33,105,392,11207930,8865430
2018,정형외과,F34,40,72,1905960,1424760
2018,정형외과,F38,69,157,2672570,1986970
2018,정형외과,F39,56,126,1724210,1308580
2018,정형외과,F40,42,112,2305850,1726250
2018,정형외과,F41,2329,5826,167617010,130505960
2018,정형외과,F42,8,19,481920,365420
2018,정형외과,F43,86,225,10749210,8466840
2018,정형외과,F44,2,2,30620,24620
2018,정형외과,F45,904,2242,37628300,28307460
2018,정형외과,F48,1795,2776,53740730,40335750
2018,정형외과,F50,82,123,1603570,1303200
2018,정형외과,F51,3404,9939,153450830,119809350
2018,정형외과,F52,149,241,1201600,904500
2018,정형외과,F54,3,3,45360,31860
2018,정형외과,F55,1,1,19110,13410
2018,정형외과,F59,4,4,56880,40180
2018,정형외과,F60,7,9,262310,201310
2018,정형외과,F63,2,5,74020,52120
2018,정형외과,F66,2,2,34420,24220
2018,정형외과,F68,1,1,15320,10820
2018,정형외과,F78,1,1,15310,10810
2018,정형외과,F79,4,4,61240,46240
2018,정형외과,F80,5,5,148840,110940
2018,정형외과,F82,3,3,74580,56880
2018,정형외과,F84,17,79,2860930,2273230
2018,정형외과,F88,2,2,93290,81790
2018,정형외과,F89,4,7,159670,121470
2018,정형외과,F90,25,64,1714880,1326150
2018,정형외과,F91,1,1,110100,77100
2018,정형외과,F92,14,77,998580,803880
2018,정형외과,F94,1,2,23000,18200
2018,정형외과,F95,30,36,766100,549000
2018,정형외과,F98,16,23,465060,334660
2018,정형외과,F99,2,5,41610,35710
2018,정형외과,G00,2,2,31030,23230
2018,정형외과,G03,6,7,493140,425920
2018,정형외과,G04,16,36,1184550,886560
2018,정형외과,G05,90,123,4261350,3187240
2018,정형외과,G06,12,25,5309820,4024720
2018,정형외과,G08,1,1,14140,14140
2018,정형외과,G09,7,8,334800,260000
2018,정형외과,G10,1,1,10950,9950
2018,정형외과,G11,12,129,2347670,1838170
2018,정형외과,G12,39,351,6509050,5086150
2018,정형외과,G14,365,697,14504120,10676620
2018,정형외과,G20,510,2487,60418670,53180560
2018,정형외과,G21,125,204,3047110,2521410
2018,정형외과,G22,13,147,2349050,2090350
2018,정형외과,G23,26,92,1523390,1159490
2018,정형외과,G24,447,857,20333730,14845550
2018,정형외과,G25,2071,5450,103852730,79500490
2018,정형외과,G26,1,4,84630,59530
2018,정형외과,G30,111,387,10532580,8076230
2018,정형외과,G31,6478,16046,254797310,205796260
2018,정형외과,G32,11,31,418490,362490
2018,정형외과,G35,17,194,3539760,2945760
2018,정형외과,G36,1,1,20910,18910
2018,정형외과,G37,9,27,4308200,3215340
2018,정형외과,G40,328,1343,22341240,16840210
2018,정형외과,G41,25,77,1017180,805580
2018,정형외과,G43,6386,10796,216459560,160839930
2018,정형외과,G44,5595,10381,293851910,213465430
2018,정형외과,G45,361,953,39682980,30093370
2018,정형외과,G46,145,348,15256960,11239550
2018,정형외과,G47,10871,28862,405121250,312140560
2018,정형외과,G50,536,1263,26378540,20015800
2018,정형외과,G51,996,3622,70952900,52873330
2018,정형외과,G52,43,59,1272200,958300
2018,정형외과,G53,1763,5730,129383120,100748390
2018,정형외과,G54,3262,11274,352256030,257817580
2018,정형외과,G55,3434,14283,537492320,399109870
2018,정형외과,G56,52352,159335,6067591810,4489245160
2018,정형외과,G57,16787,51104,1493736790,1097144720
2018,정형외과,G58,7036,14768,483896210,352528860
2018,정형외과,G59,247,895,18285640,14134360
2018,정형외과,G60,30,168,3266670,2787130
2018,정형외과,G61,27,496,14284610,12605350
2018,정형외과,G62,477,1423,32627700,24497960
2018,정형외과,G63,1269,4450,107212170,81698720
2018,정형외과,G64,2093,4946,98965970,74423260
2018,정형외과,G70,46,297,8422060,7446360
2018,정형외과,G71,44,118,2983470,2511190
2018,정형외과,G72,12,13,456850,323550
2018,정형외과,G73,11,22,1192270,1034370
2018,정형외과,G80,252,697,13075630,10014130
2018,정형외과,G81,600,1494,35982750,28212230
2018,정형외과,G82,289,782,15688330,11844540
2018,정형외과,G83,292,1325,29406060,22431380
2018,정형외과,G90,154,334,9200310,7085590
2018,정형외과,G91,18,34,1564510,1125010
2018,정형외과,G93,287,494,15589980,11428810
2018,정형외과,G94,4,5,82540,62840
2018,정형외과,G95,187,735,31873260,24834730
2018,정형외과,G96,8,9,147170,122870
2018,정형외과,G97,3,5,87930,69030
2018,정형외과,G98,10,14,297880,220480
2018,정형외과,G99,26,66,1767040,1381160
2018,정형외과,H00,1438,1941,32563570,23593840
2018,정형외과,H01,845,1309,27393960,20808020
2018,정형외과,H02,84,130,3475550,2581850
2018,정형외과,H03,4,4,57010,41810
2018,정형외과,H04,4322,10035,293045570,218612170
2018,정형외과,H05,76,97,2681830,2015170
2018,정형외과,H06,6,8,128800,95400
2018,정형외과,H10,3103,4544,72982890,54995610
2018,정형외과,H11,908,1621,23514640,17475240
2018,정형외과,H13,18,28,400250,296450
2018,정형외과,H15,4,6,187520,135120
2018,정형외과,H16,792,1221,25947850,19167150
2018,정형외과,H17,4,4,129450,90750
2018,정형외과,H18,11,16,1159130,856310
2018,정형외과,H19,77,152,2040470,1528870
2018,정형외과,H20,14,41,1076330,759430
2018,정형외과,H21,1,2,126530,88630
2018,정형외과,H22,2,2,34420,24220
2018,정형외과,H25,325,707,64093570,50674650
2018,정형외과,H26,105,167,14251520,10455890
2018,정형외과,H28,16,17,203540,148140
2018,정형외과,H32,1,5,51580,44080
2018,정형외과,H33,9,9,501240,351440
2018,정형외과,H34,13,34,531720,399520
2018,정형외과,H35,97,258,9181920,7368520
2018,정형외과,H36,106,216,6100230,4574130
2018,정형외과,H40,228,430,11701380,8786450
2018,정형외과,H42,4,8,101280,81380
2018,정형외과,H43,7,11,383830,291530
2018,정형외과,H44,29,59,843190,616690
2018,정형외과,H45,1,1,58550,41050
2018,정형외과,H47,6,6,232480,166180
2018,정형외과,H49,4,9,184310,132710
2018,정형외과,H50,16,17,303670,224670
2018,정형외과,H52,759,983,48141030,34082130
2018,정형외과,H53,17,18,330430,239030
2018,정형외과,H54,12,13,310530,239330
2018,정형외과,H55,2,2,34420,31020
2018,정형외과,H57,37,39,1155140,838040
2018,정형외과,H58,1,1,17060,11960
2018,정형외과,H59,6,6,103600,80100
2018,정형외과,H60,1430,2423,46805520,34073210
2018,정형외과,H61,107,211,5155110,3729110
2018,정형외과,H62,21,29,513040,384940
2018,정형외과,H65,295,613,9751870,7440970
2018,정형외과,H66,1179,3025,42093830,32391030
2018,정형외과,H67,22,29,631660,470560
2018,정형외과,H68,6,6,92190,69390
2018,정형외과,H69,8,8,163490,118890
2018,정형외과,H70,18,22,543850,402970
2018,정형외과,H72,5,5,76550,60050
2018,정형외과,H73,4,4,60930,44230
2018,정형외과,H74,2,2,38220,26920
2018,정형외과,H81,4482,7970,193140070,147816460
2018,정형외과,H82,75,93,4703540,3534830
2018,정형외과,H83,10,10,1969940,1493280
2018,정형외과,H90,10,21,187120,140520
2018,정형외과,H91,44,52,802440,651410
2018,정형외과,H92,73,77,1355810,995810
2018,정형외과,H93,320,613,11124290,8603020
2018,정형외과,I00,55,150,5152360,3954760
2018,정형외과,I01,3,3,37830,31130
2018,정형외과,I05,10,48,1365310,976610
2018,정형외과,I07,1,2,198120,138820
2018,정형외과,I08,12,27,1278870,929300
2018,정형외과,I10,85826,474960,7728779230,5993456060
2018,정형외과,I11,702,3360,59519970,46748810
2018,정형외과,I12,1081,1741,88764670,63009470
2018,정형외과,I13,1004,1157,85363540,60147340
2018,정형외과,I15,250,1203,18992990,15075320
2018,정형외과,I20,1231,3528,81842900,62559370
2018,정형외과,I21,62,154,2905350,2241490
2018,정형외과,I22,4,10,138330,113330
2018,정형외과,I23,7,69,404470,313770
2018,정형외과,I24,15,36,615180,485980
2018,정형외과,I25,98,364,7083360,5600960
2018,정형외과,I26,6,18,296410,252710
2018,정형외과,I27,102,213,2751440,2257040
2018,정형외과,I28,3,4,86730,60930
2018,정형외과,I30,2,2,30620,21620
2018,정형외과,I31,7,37,671850,574650
2018,정형외과,I32,1,5,99520,89820
2018,정형외과,I34,8,28,507080,380680
2018,정형외과,I35,36,184,7249660,5350180
2018,정형외과,I36,4,4,56320,39720
2018,정형외과,I37,1,1,15310,14310
2018,정형외과,I39,7,11,200700,142800
2018,정형외과,I40,1,9,303070,212870
2018,정형외과,I41,2,2,10950,7750
2018,정형외과,I42,28,183,5037020,4404170
2018,정형외과,I44,4,18,563490,426390
2018,정형외과,I45,8,13,270050,205750
2018,정형외과,I47,85,140,3562530,2573530
2018,정형외과,I48,203,895,26885070,20452010
2018,정형외과,I49,436,1028,23240150,17475350
2018,정형외과,I50,247,614,17629000,13473440
2018,정형외과,I51,84,152,3014310,2324110
2018,정형외과,I52,1,1,15310,10810
2018,정형외과,I60,13,16,3073750,2285120
2018,정형외과,I61,99,254,4555660,3587150
2018,정형외과,I62,9,20,1192010,898990
2018,정형외과,I63,1211,5199,107090890,84959660
2018,정형외과,I64,70,292,4958490,4031190
2018,정형외과,I65,133,798,15889110,12359980
2018,정형외과,I66,25,84,3038050,2284890
2018,정형외과,I67,438,1675,39101120,31028230
2018,정형외과,I68,36,58,1110160,854760
2018,정형외과,I69,670,2007,45449980,35826870
2018,정형외과,I70,602,1652,31104340,24546370
2018,정형외과,I71,17,47,861180,720380
2018,정형외과,I72,18,35,1511240,1159760
2018,정형외과,I73,6946,15575,293423140,225953290
2018,정형외과,I74,119,333,5992560,4711810
2018,정형외과,I77,34,159,2403120,1966920
2018,정형외과,I78,70,132,3332890,2482110
2018,정형외과,I79,65,315,7611820,5825720
2018,정형외과,I80,800,1521,37518160,28417590
2018,정형외과,I81,1,1,19110,13410
2018,정형외과,I82,64,149,14184310,11158960
2018,정형외과,I83,2410,4537,104392060,79913890
2018,정형외과,I86,171,237,4991560,3850480
2018,정형외과,I87,4109,8110,163029250,123911450
2018,정형외과,I88,280,400,10539530,7712430
2018,정형외과,I89,1401,3172,61155820,46867140
2018,정형외과,I95,134,176,3690410,2794610
2018,정형외과,I97,13,31,579820,445620
2018,정형외과,I98,8,19,288000,211400
2018,정형외과,I99,54,127,1943430,1538030
2018,정형외과,J00,51426,86570,1391741710,1050110840
2018,정형외과,J01,7539,13122,228913390,169380850
2018,정형외과,J02,24266,38490,610420210,452910440
2018,정형외과,J03,36685,59648,983883320,724527350
2018,정형외과,J04,20268,35809,583579170,441387390
2018,정형외과,J05,76,143,2717550,2176670
2018,정형외과,J06,57683,100580,1589123400,1201189780
2018,정형외과,J09,579,856,70619240,57594640
2018,정형외과,J10,4787,6577,395687140,318127830
2018,정형외과,J11,3542,4982,159135980,122069230
2018,정형외과,J12,79,103,4619300,3543060
2018,정형외과,J13,4,10,2854880,2150080
2018,정형외과,J14,16,29,2810460,2140080
2018,정형외과,J15,780,1568,122535670,93313520
2018,정형외과,J16,96,104,2904410,2144980
2018,정형외과,J17,11,28,604940,446640
2018,정형외과,J18,3400,5935,430645290,333493090
2018,정형외과,J20,108062,202598,3257354420,2441768330
2018,정형외과,J21,8227,14618,246166510,186467290
2018,정형외과,J22,6462,10809,225817040,167642180
2018,정형외과,J30,41131,72640,1130843850,850384520
2018,정형외과,J31,314,650,10236320,7670350
2018,정형외과,J32,1716,2535,43032490,31163070
2018,정형외과,J33,6,8,146650,103050
2018,정형외과,J34,241,303,6668220,4882310
2018,정형외과,J35,1087,1389,24166350,17546030
2018,정형외과,J36,7108,12680,233116530,171230330
2018,정형외과,J37,45,122,2045490,1667760
2018,정형외과,J38,67,88,2092490,1543490
2018,정형외과,J39,599,884,16272750,12165170
2018,정형외과,J40,23299,40831,660596230,505820960
2018,정형외과,J41,3318,6013,93930190,73020250
2018,정형외과,J42,2262,4317,71699070,55519550
2018,정형외과,J43,30,45,2393240,1834550
2018,정형외과,J44,606,1682,48496740,37983080
2018,정형외과,J45,7881,17258,305326040,234257340
2018,정형외과,J46,114,356,7625500,5799540
2018,정형외과,J47,166,346,6560180,4911040
2018,정형외과,J60,3,3,52490,40490
2018,정형외과,J61,2,2,68870,48370
2018,정형외과,J63,1,2,37680,26480
2018,정형외과,J64,4,7,106680,81280
2018,정형외과,J67,1,2,41760,29360
2018,정형외과,J68,1,1,31620,22220
2018,정형외과,J69,2,2,33520,30220
2018,정형외과,J70,9,10,227630,165630
2018,정형외과,J80,3,3,39600,30400
2018,정형외과,J81,5,7,216790,154290
2018,정형외과,J84,283,474,12685060,9942140
2018,정형외과,J85,4,4,291910,206610
2018,정형외과,J86,1,1,22570,15870
2018,정형외과,J90,48,53,1944490,1454130
2018,정형외과,J91,3,5,335820,235320
2018,정형외과,J92,3,6,116160,90960
2018,정형외과,J93,347,491,16113280,11588510
2018,정형외과,J94,35,55,2480830,1835790
2018,정형외과,J96,2,2,34520,28120
2018,정형외과,J98,222,267,10653360,7624760
2018,정형외과,J99,3,3,71110,53010
2018,정형외과,K00,3,3,1625070,1271610
2018,정형외과,K01,9,15,228360,160560
2018,정형외과,K02,12,16,327640,238040
2018,정형외과,K03,11,12,201770,155470
2018,정형외과,K04,162,280,4800190,3649190
2018,정형외과,K05,1299,2273,34590840,26476410
2018,정형외과,K06,19,30,792600,592100
2018,정형외과,K07,17291,34637,812604730,589200380
2018,정형외과,K08,369,466,7679560,5883860
2018,정형외과,K09,16,24,589330,420130
2018,정형외과,K10,415,762,19713410,14426010
2018,정형외과,K11,180,257,5120560,3802170
2018,정형외과,K12,2151,3346,53606270,41133980
2018,정형외과,K13,98,121,1910590,1456790
2018,정형외과,K14,248,360,5499050,4342650
2018,정형외과,K20,379,561,9332260,6911660
2018,정형외과,K21,19420,37425,800570590,591168320
2018,정형외과,K22,36,45,1745530,1259530
2018,정형외과,K23,3,5,115620,81120
2018,정형외과,K25,5254,9479,214347420,160110470
2018,정형외과,K26,920,1426,58866150,42261210
2018,정형외과,K27,2461,4872,88667410,67359270
2018,정형외과,K28,47,178,2794730,2215780
2018,정형외과,K29,88467,195550,5035163060,3675229530
2018,정형외과,K30,8488,16191,363814600,270467610
2018,정형외과,K31,598,875,16581440,12329660
2018,정형외과,K35,350,473,16247980,12012410
2018,정형외과,K36,49,60,1176820,841620
2018,정형외과,K37,128,187,4617490,3393000
2018,정형외과,K38,13,25,554300,414700
2018,정형외과,K40,328,458,19263860,15330750
2018,정형외과,K41,19,21,372090,296490
2018,정형외과,K42,13,14,225780,178080
2018,정형외과,K43,62,87,2719870,2090210
2018,정형외과,K44,1,3,149520,107320
2018,정형외과,K45,29,34,617640,477840
2018,정형외과,K46,100,147,2943100,2301580
2018,정형외과,K50,33,57,1098290,882790
2018,정형외과,K51,54,123,3357880,2773460
2018,정형외과,K52,11065,14605,300061880,223410920
2018,정형외과,K55,4,10,1090400,861590
2018,정형외과,K56,140,187,8570630,6480910
2018,정형외과,K57,79,145,7410620,5436830
2018,정형외과,K58,9411,12815,258048590,194292990
2018,정형외과,K59,15185,28720,566976970,429335720
2018,정형외과,K60,87,147,12281530,9893000
2018,정형외과,K61,296,767,24440660,18707600
2018,정형외과,K62,185,221,13173810,9418730
2018,정형외과,K63,762,955,162000190,113838130
2018,정형외과,K64,1009,1721,68266740,52623300
2018,정형외과,K65,31,158,4221580,3333230
2018,정형외과,K66,5,21,557070,402370
2018,정형외과,K67,2,3,58130,43330
2018,정형외과,K70,591,1123,41673430,30318510
2018,정형외과,K71,148,329,9131420,6748460
2018,정형외과,K72,127,349,9306250,6817620
2018,정형외과,K73,627,1273,40033430,28946230
2018,정형외과,K74,108,227,8734620,6498890
2018,정형외과,K75,1280,2275,74971560,53973900
2018,정형외과,K76,3334,5129,172299680,123570930
2018,정형외과,K77,34,54,1702950,1251910
2018,정형외과,K80,437,863,34064250,25414570
2018,정형외과,K81,156,335,12562820,9656820
2018,정형외과,K82,88,148,7116300,5128590
2018,정형외과,K83,27,77,2637240,2082610
2018,정형외과,K85,49,79,9573280,7195080
2018,정형외과,K86,46,95,4108830,3123730
2018,정형외과,K87,4,6,272940,191340
2018,정형외과,K90,14,38,766960,552460
2018,정형외과,K91,19,45,1014780,776480
2018,정형외과,K92,146,192,5932710,4607950
2018,정형외과,K93,6,6,142570,105370
2018,정형외과,L00,1,6,95460,67260
2018,정형외과,L01,432,794,14976040,11363920
2018,정형외과,L02,34128,114138,2813673040,2088454060
2018,정형외과,L03,126391,338365,9278997140,6870113650
2018,정형외과,L04,2244,3440,63161440,45993270
2018,정형외과,L05,188,757,23604130,17748740
2018,정형외과,L08,4827,11675,292217930,219618050
2018,정형외과,L10,20,34,737130,530530
2018,정형외과,L11,1,1,15310,10810
2018,정형외과,L12,4,19,416650,368850
2018,정형외과,L13,181,324,5678000,4429030
2018,정형외과,L14,3,3,156810,112910
2018,정형외과,L20,2236,4164,64727580,49418300
2018,정형외과,L21,2135,3366,50744410,38828390
2018,정형외과,L22,18,25,353860,290360
2018,정형외과,L23,23211,38769,603397190,463781870
2018,정형외과,L24,1673,3042,47032430,37452230
2018,정형외과,L25,4553,7661,122313180,93948570
2018,정형외과,L26,20,43,808870,618870
2018,정형외과,L27,436,627,10853820,8130290
2018,정형외과,L28,1000,1682,27159500,20913820
2018,정형외과,L29,2619,4401,75837590,58370640
2018,정형외과,L30,7317,11656,182586120,141330570
2018,정형외과,L40,541,1139,16628010,12468010
2018,정형외과,L41,9,11,193860,145260
2018,정형외과,L42,14,16,257440,187740
2018,정형외과,L43,12,16,246660,187760
2018,정형외과,L44,4,5,79790,56190
2018,정형외과,L50,17898,29830,491432780,376507870
2018,정형외과,L51,20,30,413980,322080
2018,정형외과,L52,18,37,675290,488390
2018,정형외과,L53,34,49,837030,616430
2018,정형외과,L54,2,2,30610,22510
2018,정형외과,L55,51,103,3832110,2706810
2018,정형외과,L56,35,62,964120,703620
2018,정형외과,L57,34,53,1419040,1049040
2018,정형외과,L58,2,2,31970,25570
2018,정형외과,L60,59332,218501,5590653140,4050283080
2018,정형외과,L62,11,24,2017550,1508990
2018,정형외과,L63,219,423,8112420,5726220
2018,정형외과,L64,66,131,1965350,1397050
2018,정형외과,L65,121,200,3096010,2204210
2018,정형외과,L66,71,110,1826030,1339130
2018,정형외과,L67,2,2,26260,18560
2018,정형외과,L70,473,837,11021150,7803450
2018,정형외과,L71,39,86,1125080,838980
2018,정형외과,L72,7586,29420,999705390,728319440
2018,정형외과,L73,54,115,2105110,1553430
2018,정형외과,L74,55,71,1371720,995720
2018,정형외과,L75,9,19,397150,283450
2018,정형외과,L80,27,30,428330,329330
2018,정형외과,L81,88,106,2117720,1578180
2018,정형외과,L82,14,28,468120,369520
2018,정형외과,L83,4,5,169390,124890
2018,정형외과,L84,16251,50002,1570832000,1145568720
2018,정형외과,L85,324,510,9314790,7170180
2018,정형외과,L86,17,17,255190,192690
2018,정형외과,L87,1,3,134040,98540
2018,정형외과,L88,30,232,5024600,3795100
2018,정형외과,L89,1149,8313,195190660,158126000
2018,정형외과,L90,196,276,7281000,5492360
2018,정형외과,L91,246,374,10541330,7742100
2018,정형외과,L92,358,822,33355770,24286940
2018,정형외과,L93,11,19,365310,267910
2018,정형외과,L94,11,27,1006820,714620
2018,정형외과,L95,74,157,4602550,3363740
2018,정형외과,L97,119,897,23007810,18562480
2018,정형외과,L98,396,2459,61405290,47766130
2018,정형외과,L99,6,12,350600,246000
2018,정형외과,M00,2063,8737,878011380,670070590
2018,정형외과,M01,38,185,23256960,18046070
2018,정형외과,M02,133,458,11092000,8142550
2018,정형외과,M03,10,19,1828530,1394410
2018,정형외과,M05,3312,23388,674791370,573492150
2018,정형외과,M06,17245,57071,1406432180,1034193600
2018,정형외과,M07,885,2787,61848140,47716050
2018,정형외과,M08,199,454,12641910,9536580
2018,정형외과,M09,12,21,364430,256530
2018,정형외과,M10,119988,438332,8579765220,6261608130
2018,정형외과,M11,666,1877,46415220,33927530
2018,정형외과,M12,10854,40074,1016206050,741152980
2018,정형외과,M13,163276,568437,16748971470,12526512050
2018,정형외과,M14,91,619,14957790,11571500
2018,정형외과,M15,15968,60217,1532645770,1161352210
2018,정형외과,M16,13626,45482,1291136940,981443790
2018,정형외과,M17,1028431,5907462,2.15727E+11,1.59903E+11
2018,정형외과,M18,3230,9411,196697610,144079800
2018,정형외과,M19,261440,882414,22691501720,16925519050
2018,정형외과,M20,23568,55252,5145385120,3927117480
2018,정형외과,M21,9470,18547,1415379620,1082122130
2018,정형외과,M22,63774,155826,3871484730,2749856960
2018,정형외과,M23,80721,243608,10517055240,7820666190
2018,정형외과,M24,42223,186589,5154887410,3830899550
2018,정형외과,M25,274348,750880,20751489690,15079898820
2018,정형외과,M30,6,11,137730,103930
2018,정형외과,M31,10,16,311170,252670
2018,정형외과,M32,53,405,8974980,7977880
2018,정형외과,M33,13,39,619910,489410
2018,정형외과,M34,17,185,3776110,3431910
2018,정형외과,M35,201,1000,28908210,24460980
2018,정형외과,M36,14,40,819660,642760
2018,정형외과,M40,11879,37417,1046089150,751072080
2018,정형외과,M41,22646,66642,1720349030,1241682320
2018,정형외과,M42,307,1319,27170340,21074750
2018,정형외과,M43,44859,212634,6123877800,4593672560
2018,정형외과,M45,1657,9272,238826090,196864390
2018,정형외과,M46,8349,33335,877393580,671489220
2018,정형외과,M47,328906,1558676,46844970860,35178188800
2018,정형외과,M48,499595,3169706,92013451190,70888457820
2018,정형외과,M49,5481,32585,1178793030,885889500
2018,정형외과,M50,327153,1629603,46072001910,33739314100
2018,정형외과,M51,488640,2625532,79689069470,58777606010
2018,정형외과,M53,75762,223184,6692514810,4840714520
2018,정형외과,M54,1182496,4379280,1.24523E+11,91259205240
2018,정형외과,M60,24530,59915,1293915880,955523850
2018,정형외과,M61,1665,6126,153838510,111210500
2018,정형외과,M62,73149,169333,3930423950,2868466340
2018,정형외과,M63,38,68,1845100,1314000
2018,정형외과,M65,861706,2359180,57915539610,42006000310
2018,정형외과,M66,1512,8157,255218200,194036870
2018,정형외과,M67,111067,215855,6923564690,5033163550
2018,정형외과,M68,77,243,6817950,5101170
2018,정형외과,M70,60252,153394,3858193910,2793949660
2018,정형외과,M71,54616,148400,4284563590,3131886280
2018,정형외과,M72,168403,540067,11858330760,8596674450
2018,정형외과,M73,423,757,18674040,13696570
2018,정형외과,M75,718841,3224829,92603303300,68058637880
2018,정형외과,M76,161755,409955,9605276280,6904999440
2018,정형외과,M77,543128,1827147,41341101410,29712124030
2018,정형외과,M79,335659,849298,21245409350,15532219930
2018,정형외과,M80,5512,22747,742905840,557830780
2018,정형외과,M81,151456,575302,20131502110,14799876740
2018,정형외과,M82,260,663,25996220,18705420
2018,정형외과,M83,1208,2641,64768460,47437960
2018,정형외과,M84,2391,6266,402524050,304131230
2018,정형외과,M85,1017,2160,72000310,53448040
2018,정형외과,M86,1458,10068,476582110,366173040
2018,정형외과,M87,3640,13862,1062284550,811317620
2018,정형외과,M88,2,7,513950,458250
2018,정형외과,M89,2169,4862,150608480,114004940
2018,정형외과,M90,131,311,14924240,11173260
2018,정형외과,M91,305,815,25835720,19585660
2018,정형외과,M92,16358,38928,1062155970,757344190
2018,정형외과,M93,3529,9726,541032410,414725560
2018,정형외과,M94,9928,21964,656061680,476171130
2018,정형외과,M95,370,643,21628750,16030650
2018,정형외과,M96,3550,21200,784513630,592636680
2018,정형외과,M99,18032,95292,2815086090,2088888650
2018,정형외과,N00,114,215,11250530,8228870
2018,정형외과,N01,1,2,52590,36990
2018,정형외과,N02,48,63,1049050,789550
2018,정형외과,N03,8,28,772720,582470
2018,정형외과,N04,40,59,1308430,1055130
2018,정형외과,N05,32,45,1618140,1187960
2018,정형외과,N06,15,19,392050,278750
2018,정형외과,N08,2,4,110860,84160
2018,정형외과,N10,705,1233,77634890,58864360
2018,정형외과,N11,42,83,2432100,1854320
2018,정형외과,N12,211,437,18534670,13842930
2018,정형외과,N13,37,63,3084780,2373240
2018,정형외과,N15,4,4,184870,131770
2018,정형외과,N16,3,4,46010,32410
2018,정형외과,N17,38,86,3442550,2581800
2018,정형외과,N18,201,942,20807190,18118510
2018,정형외과,N19,48,124,2876300,2313300
2018,정형외과,N20,383,523,17323360,12810160
2018,정형외과,N21,483,847,21225300,15515270
2018,정형외과,N22,8,12,219740,156140
2018,정형외과,N23,9,12,248680,174880
2018,정형외과,N25,3,41,1518790,1357490
2018,정형외과,N26,1,1,33760,23660
2018,정형외과,N28,96,162,4802380,3576340
2018,정형외과,N29,23,26,1295610,947210
2018,정형외과,N30,7930,14376,271026950,204276510
2018,정형외과,N31,884,1981,29529770,23936960
2018,정형외과,N32,124,244,3878970,3097870
2018,정형외과,N33,6,10,122800,105400
2018,정형외과,N34,1105,2158,38518560,28327840
2018,정형외과,N35,5,11,214970,177070
2018,정형외과,N36,3,3,51640,42340
2018,정형외과,N37,16,29,467060,344260
2018,정형외과,N39,1183,2318,51324820,39674210
2018,정형외과,N40,5523,17622,239811600,195048630
2018,정형외과,N41,323,697,9523930,7392710
2018,정형외과,N42,131,287,4045320,3112530
2018,정형외과,N43,8,20,196910,144810
2018,정형외과,N44,3,3,49170,34570
2018,정형외과,N45,87,167,4795450,3540050
2018,정형외과,N47,14,17,270940,194340
2018,정형외과,N48,378,633,10384870,7926470
2018,정형외과,N49,13,22,384600,287800
2018,정형외과,N50,31,61,949820,723920
2018,정형외과,N51,22,33,557900,416200
2018,정형외과,N60,15,20,722580,537510
2018,정형외과,N61,31,78,1459600,1069900
2018,정형외과,N62,52,64,1165260,888160
2018,정형외과,N63,18,22,610180,447860
2018,정형외과,N64,84,108,2291200,1659700
2018,정형외과,N70,2,2,30610,21610
2018,정형외과,N71,7,8,111010,84710
2018,정형외과,N72,1976,4550,218463720,153493120
2018,정형외과,N73,47,77,3869930,2818680
2018,정형외과,N74,1,20,274910,192810
2018,정형외과,N75,98,189,13388820,9411320
2018,정형외과,N76,1070,2405,65302050,46477720
2018,정형외과,N77,22,27,781730,683030
2018,정형외과,N80,32,63,1992320,1433070
2018,정형외과,N81,4,5,76520,60420
2018,정형외과,N83,34,50,4449360,3282150
2018,정형외과,N84,37,52,4219370,2966270
2018,정형외과,N85,18,29,3270890,2467220
2018,정형외과,N86,3,5,146140,106340
2018,정형외과,N87,186,667,55506360,38975660
2018,정형외과,N88,1,6,91520,64520
2018,정형외과,N89,2,2,26260,18560
2018,정형외과,N90,3,4,102000,76400
2018,정형외과,N91,252,387,20158200,14139100
2018,정형외과,N92,170,284,7220020,5071720
2018,정형외과,N93,418,631,53883330,37921310
2018,정형외과,N94,676,1052,16549770,11700570
2018,정형외과,N95,1970,5619,101247560,73563060
2018,정형외과,N96,4,10,247890,173890
2018,정형외과,N97,60,311,4112910,2892610
2018,정형외과,N98,1,1,19100,13400
2018,정형외과,N99,1,1,21020,14720
2018,정형외과,O00,2,4,138680,101480
2018,정형외과,O02,4,7,439760,355760
2018,정형외과,O04,1,1,15310,10810
2018,정형외과,O05,1,1,20520,14420
2018,정형외과,O08,1,4,16000,11200
2018,정형외과,O10,1,4,46180,32680
2018,정형외과,O12,1,1,15310,10810
2018,정형외과,O13,2,2,30620,21620
2018,정형외과,O20,14,25,1505750,1352350
2018,정형외과,O21,1,1,20190,14190
2018,정형외과,O22,1,1,15310,10810
2018,정형외과,O24,18,50,1037650,914350
2018,정형외과,O26,5,20,291470,204570
2018,정형외과,O34,1,1,29570,20770
2018,정형외과,O71,2,2,60260,42260
2018,정형외과,O82,1,1,87340,61140
2018,정형외과,O83,1,1,21020,14720
2018,정형외과,O90,1,1,21320,15020
2018,정형외과,O91,4,11,217840,152940
2018,정형외과,O92,1,1,88190,61790
2018,정형외과,O99,2,2,32030,22530
2018,정형외과,P07,3,6,207300,174600
2018,정형외과,P12,2,2,113560,79560
2018,정형외과,P13,4,4,74910,59410
2018,정형외과,P14,1,1,15310,10810
2018,정형외과,P21,1,1,16200,12800
2018,정형외과,P28,4,4,82790,61090
2018,정형외과,P35,1,1,15310,10810
2018,정형외과,P38,1,3,58810,46710
2018,정형외과,P39,1,1,19110,13410
2018,정형외과,P52,1,1,18050,12650
2018,정형외과,P57,1,1,58700,41100
2018,정형외과,P72,1,1,59740,41840
2018,정형외과,P80,1,1,10950,7750
2018,정형외과,P90,1,1,17470,13870
2018,정형외과,P91,1,1,15310,10810
2018,정형외과,P92,1,1,17470,15770
2018,정형외과,P96,1,1,14140,14140
2018,정형외과,Q02,1,1,15310,10810
2018,정형외과,Q03,1,1,15310,10810
2018,정형외과,Q04,4,6,83140,66440
2018,정형외과,Q05,24,51,2516840,1977020
2018,정형외과,Q06,3,3,50250,38550
2018,정형외과,Q07,5,51,1585960,1318520
2018,정형외과,Q13,3,3,2179970,1640900
2018,정형외과,Q17,4,7,120420,84620
2018,정형외과,Q18,20,42,1339050,1004160
2018,정형외과,Q20,1,2,139000,100400
2018,정형외과,Q21,2,2,390930,289860
2018,정형외과,Q24,2,3,41010,38110
2018,정형외과,Q25,2,4,68860,59160
2018,정형외과,Q26,1,1,15310,13810
2018,정형외과,Q27,9,11,195560,142560
2018,정형외과,Q28,4,6,600110,420310
2018,정형외과,Q30,1,1,15310,10810
2018,정형외과,Q32,1,1,17470,13870
2018,정형외과,Q33,1,1,24480,17180
2018,정형외과,Q38,6,8,617180,555420
2018,정형외과,Q41,1,1,69590,48790
2018,정형외과,Q42,1,1,24450,17150
2018,정형외과,Q43,2,2,48680,34180
2018,정형외과,Q44,4,5,544440,381440
2018,정형외과,Q50,2,6,159380,119880
2018,정형외과,Q53,6,10,180370,139070
2018,정형외과,Q54,1,1,15310,10810
2018,정형외과,Q55,1,1,24820,17420
2018,정형외과,Q61,8,9,783280,554280
2018,정형외과,Q62,1,1,207500,145300
2018,정형외과,Q64,3,3,374750,319160
2018,정형외과,Q65,526,703,21935170,16969640
2018,정형외과,Q66,3078,5172,344209160,264714430
2018,정형외과,Q67,259,300,7094860,5091620
2018,정형외과,Q68,324,703,19452660,14512720
2018,정형외과,Q69,283,532,22196410,16973480
2018,정형외과,Q70,70,199,10200610,7836540
2018,정형외과,Q71,11,14,1056400,817560
2018,정형외과,Q72,58,84,6174440,5113040
2018,정형외과,Q73,5,6,1246670,930410
2018,정형외과,Q74,542,1052,59269760,45693340
2018,정형외과,Q75,5,6,101360,76160
2018,정형외과,Q76,249,598,17144030,12610510
2018,정형외과,Q77,40,157,50643110,47191280
2018,정형외과,Q78,174,503,29338960,23245780
2018,정형외과,Q79,48,81,2158010,1779440
2018,정형외과,Q80,2,3,67930,50830
2018,정형외과,Q81,11,38,798180,614580
2018,정형외과,Q82,66,156,5282400,3847500
2018,정형외과,Q83,3,3,55440,38940
2018,정형외과,Q84,31,46,1004130,723630
2018,정형외과,Q85,55,322,9162080,7442790
2018,정형외과,Q87,20,38,971620,818620
2018,정형외과,Q89,20,33,6388040,5569680
2018,정형외과,Q90,4,15,3475440,3108020
2018,정형외과,Q92,1,2,41770,33070
2018,정형외과,Q93,1,1,15310,10810
2018,정형외과,Q96,5,23,777140,571640
2018,정형외과,Q98,1,1,66880,46880
2018,정형외과,Q99,2,3,41570,29370
2018,정형외과,R00,465,541,15151350,11041290
2018,정형외과,R01,8,9,296410,222310
2018,정형외과,R02,62,389,17582350,13668700
2018,정형외과,R03,417,493,9125130,6682330
2018,정형외과,R04,203,226,5505680,4076480
2018,정형외과,R05,2275,3378,56399080,42680900
2018,정형외과,R06,479,636,14474780,10707500
2018,정형외과,R07,7004,8765,240912940,174380350
2018,정형외과,R09,230,362,12314420,9390860
2018,정형외과,R10,9152,12050,254253170,189147430
2018,정형외과,R11,3938,6772,126622550,94636560
2018,정형외과,R12,1723,3586,96122150,69335030
2018,정형외과,R13,44,69,2612400,1883100
2018,정형외과,R14,189,254,4102870,3137570
2018,정형외과,R15,10,12,163940,148940
2018,정형외과,R16,1,2,27500,19400
2018,정형외과,R17,47,69,4429050,3260930
2018,정형외과,R18,10,35,500870,391270
2018,정형외과,R19,138,251,11839420,8690130
2018,정형외과,R20,240,336,7104780,5298870
2018,정형외과,R21,115,158,2508450,1924650
2018,정형외과,R22,4982,10943,430875240,316466110
2018,정형외과,R23,82,107,2370880,1747480
2018,정형외과,R25,756,1204,23988860,18352370
2018,정형외과,R26,1323,1570,42570870,32374150
2018,정형외과,R27,9,51,840370,599170
2018,정형외과,R29,2006,4744,129576310,92797010
2018,정형외과,R30,98,204,5049600,3860100
2018,정형외과,R31,246,310,6910290,5086790
2018,정형외과,R32,316,610,10850860,8832450
2018,정형외과,R33,20,62,1620390,1157690
2018,정형외과,R34,7,9,170000,128400
2018,정형외과,R35,229,430,7207670,5777220
2018,정형외과,R36,1,2,29450,24950
2018,정형외과,R39,187,292,10558570,8028770
2018,정형외과,R40,8,23,1216250,944740
2018,정형외과,R41,428,928,13734060,10826660
2018,정형외과,R42,5427,8387,184012920,141535560
2018,정형외과,R43,5,5,77360,54560
2018,정형외과,R44,11,12,842460,593460
2018,정형외과,R45,43,76,1247280,967000
2018,정형외과,R46,2,2,26260,18560
2018,정형외과,R47,6,6,96550,69450
2018,정형외과,R48,1,1,21050,14750
2018,정형외과,R49,5,5,76620,58220
2018,정형외과,R50,1340,1702,62665590,48317090
2018,정형외과,R51,6893,9914,200029200,149659000
2018,정형외과,R52,2291,5119,92964590,69154010
2018,정형외과,R53,1238,1655,19222520,14429730
2018,정형외과,R54,34,39,1644980,1281810
2018,정형외과,R55,168,216,7340940,5500750
2018,정형외과,R56,165,329,7881260,6063170
2018,정형외과,R57,93,171,5015090,3828790
2018,정형외과,R58,7,7,101660,80860
2018,정형외과,R59,148,180,3574140,2579240
2018,정형외과,R60,3179,6012,149323950,112053860
2018,정형외과,R61,73,99,1743060,1277760
2018,정형외과,R62,184,214,4310150,3063750
2018,정형외과,R63,663,909,21446470,16584840
2018,정형외과,R64,1,1,5470,3970
2018,정형외과,R65,1,1,10950,9950
2018,정형외과,R68,639,723,12503070,8918970
2018,정형외과,R69,54,64,927470,672270
2018,정형외과,R70,2,2,49190,38290
2018,정형외과,R71,1,1,21020,14720
2018,정형외과,R72,8,9,194700,140800
2018,정형외과,R73,2828,4312,84593950,65322020
2018,정형외과,R74,15,16,312730,240630
2018,정형외과,R76,36,45,1246630,882330
2018,정형외과,R77,3,3,44040,37640
2018,정형외과,R79,42,52,2394170,1729470
2018,정형외과,R80,132,156,3346260,2416810
2018,정형외과,R81,353,938,15450600,11668080
2018,정형외과,R82,26,37,706790,521490
2018,정형외과,R84,11,11,281090,199790
2018,정형외과,R85,1,1,14140,14140
2018,정형외과,R87,6,9,239100,172800
2018,정형외과,R89,2,2,134610,94310
2018,정형외과,R90,3,3,214430,153330
2018,정형외과,R91,29,35,1257000,909900
2018,정형외과,R92,2,2,26260,23260
2018,정형외과,R93,173,232,6084050,4336550
2018,정형외과,R94,1108,1490,80921610,56985060
2018,정형외과,S00,71086,96589,2677524450,1959525730
2018,정형외과,S01,89935,238775,6262070710,4605340350
2018,정형외과,S02,6830,11127,541389950,397747470
2018,정형외과,S03,21076,37678,896026470,647999700
2018,정형외과,S04,30,83,2809900,2049480
2018,정형외과,S05,582,765,23066370,16858620
2018,정형외과,S06,7333,11592,672191580,499102230
2018,정형외과,S07,1025,2507,76987010,57071070
2018,정형외과,S08,54,125,3055500,2263000
2018,정형외과,S09,1001,1744,71789600,53024840
2018,정형외과,S10,989,1565,41907380,30218240
2018,정형외과,S11,1373,3339,76464690,56504190
2018,정형외과,S12,390,1685,109530970,80973910
2018,정형외과,S13,374383,938138,25452158860,18285992580
2018,정형외과,S14,193,818,32769560,24228050
2018,정형외과,S15,3,4,85780,62680
2018,정형외과,S16,588,1487,42506930,30742150
2018,정형외과,S17,10,13,338980,251480
2018,정형외과,S19,105,443,16250700,11466800
2018,정형외과,S20,109385,178361,5039219280,3657239510
2018,정형외과,S21,3911,10502,228251610,172030020
2018,정형외과,S22,114243,389596,20509454230,15231301660
2018,정형외과,S23,238287,426307,11920049250,8643485980
2018,정형외과,S24,29,87,2489550,1787450
2018,정형외과,S25,21,40,2240060,1636890
2018,정형외과,S26,1,1,12670,11170
2018,정형외과,S27,85,170,16994810,12757100
2018,정형외과,S28,27,61,1514670,1116570
2018,정형외과,S29,615,1128,32630540,23333160
2018,정형외과,S30,34170,62528,1688002930,1228028360
2018,정형외과,S31,8799,22315,485282090,368989570
2018,정형외과,S32,37495,162332,11309785190,8509927240
2018,정형외과,S33,833855,2356294,63008758840,45791631610
2018,정형외과,S34,70,263,10486160,7765890
2018,정형외과,S35,48,90,3350890,2509750
2018,정형외과,S36,23,62,2519060,1916600
2018,정형외과,S37,12,13,1221800,889200
2018,정형외과,S38,34,133,3508220,2559750
2018,정형외과,S39,245,606,21606950,15952280
2018,정형외과,S40,21584,45157,1198104300,872793200
2018,정형외과,S41,6991,18383,434335350,318726050
2018,정형외과,S42,26809,150073,7098578740,5357961630
2018,정형외과,S43,264617,741985,19076866650,13871602060
2018,정형외과,S44,346,1286,40760740,29890160
2018,정형외과,S45,44,193,10037860,7518530
2018,정형외과,S46,45045,218359,8741267020,6592018120
2018,정형외과,S47,63,168,5197240,3698450
2018,정형외과,S48,55,113,3593220,2650070
2018,정형외과,S49,977,3180,221210090,171486140
2018,정형외과,S50,46058,82121,2361792520,1702418650
2018,정형외과,S51,22566,75400,1963403780,1441356270
2018,정형외과,S52,84827,595002,27019717540,20041082610
2018,정형외과,S53,153798,358226,11113399820,8142154140
2018,정형외과,S54,737,2778,88142370,65406400
2018,정형외과,S55,97,305,51692130,39924660
2018,정형외과,S56,5940,20460,864162930,635626850
2018,정형외과,S57,773,2420,83853060,61970080
2018,정형외과,S58,115,185,3139620,2349720
2018,정형외과,S59,700,1662,66127630,49269050
2018,정형외과,S60,128383,205538,6272093290,4492023850
2018,정형외과,S61,240986,788797,20296466750,14639073260
2018,정형외과,S62,151268,708319,26997397450,19525564960
2018,정형외과,S63,797074,1657770,50041845620,35667996960
2018,정형외과,S64,1255,4146,238140480,179952320
2018,정형외과,S65,711,2312,171415860,129880270
2018,정형외과,S66,22046,92290,4245161880,3119379310
2018,정형외과,S67,19227,52032,1784724410,1300486960
2018,정형외과,S68,1507,7284,570223760,433685200
2018,정형외과,S69,2518,5928,196796750,143655910
2018,정형외과,S70,43284,79757,2064263320,1507389860
2018,정형외과,S71,7892,23352,603846700,441619020
2018,정형외과,S72,7720,31971,2940891700,2241772570
2018,정형외과,S73,76806,172606,4353737490,3186652640
2018,정형외과,S74,98,312,9894540,7364020
2018,정형외과,S75,141,482,23497940,17389790
2018,정형외과,S76,20384,54914,1712169300,1251580710
2018,정형외과,S77,181,515,25416300,19065890
2018,정형외과,S78,170,326,7305190,5543260
2018,정형외과,S79,604,1250,38722240,28025280
2018,정형외과,S80,152239,300717,8184420530,5932784700
2018,정형외과,S81,63423,219923,5731978360,4186060060
2018,정형외과,S82,66870,397214,24992963610,18666008940
2018,정형외과,S83,383158,1066059,37166191790,27306668490
2018,정형외과,S84,356,1622,38442070,28571590
2018,정형외과,S85,327,1087,58111020,43662220
2018,정형외과,S86,39368,130570,4822125250,3521447390
2018,정형외과,S87,2848,8617,285112180,208804550
2018,정형외과,S88,397,820,27658180,21446530
2018,정형외과,S89,1309,2940,93938960,68847440
2018,정형외과,S90,139080,220853,6617826950,4736136560
2018,정형외과,S91,79477,235576,5839668660,4267817230
2018,정형외과,S92,169771,785674,36819369560,26779101640
2018,정형외과,S93,1061256,2519783,83366879980,59536690990
2018,정형외과,S94,360,1051,29267260,22140210
2018,정형외과,S95,128,341,17203010,12853510
2018,정형외과,S96,15657,42765,1739202650,1264045450
2018,정형외과,S97,9012,20865,685352790,496972700
2018,정형외과,S98,144,519,19734750,15292680
2018,정형외과,S99,2533,4353,146465910,106533040
2018,정형외과,T00,1870,4206,124988550,91406490
2018,정형외과,T01,858,2206,61244370,44851020
2018,정형외과,T02,11,59,2352610,1768540
2018,정형외과,T03,253,407,13167380,9616930
2018,정형외과,T04,44,106,5473050,3993950
2018,정형외과,T05,76,88,2103010,1599060
2018,정형외과,T06,16,21,599890,446990
2018,정형외과,T07,23,32,1727670,1241170
2018,정형외과,T08,126,478,17715220,13556970
2018,정형외과,T09,550,1514,33692590,25447400
2018,정형외과,T10,8,105,1400250,1144550
2018,정형외과,T11,307,754,23694360,17342970
2018,정형외과,T12,13,39,1114340,832440
2018,정형외과,T13,654,1776,44159600,32093080
2018,정형외과,T14,11312,26238,734251490,533375300
2018,정형외과,T15,93,106,3674190,2628290
2018,정형외과,T16,120,155,4662460,3333870
2018,정형외과,T17,205,216,6013760,4361170
2018,정형외과,T18,131,158,4041060,3006860
2018,정형외과,T19,5,5,303440,212740
2018,정형외과,T20,925,2559,109059800,79017130
2018,정형외과,T21,1741,6588,244957060,177888950
2018,정형외과,T22,5506,19404,686726840,490901670
2018,정형외과,T23,12427,38520,1507236010,1080233940
2018,정형외과,T24,5088,22679,858758280,621964630
2018,정형외과,T25,4273,18945,763276660,552390920
2018,정형외과,T26,43,86,3166160,2247260
2018,정형외과,T27,2,5,246220,228420
2018,정형외과,T28,16,20,405350,297450
2018,정형외과,T29,258,1060,40558800,29157070
2018,정형외과,T30,2665,8466,325146220,232883880
2018,정형외과,T31,93,481,14183490,10675290
2018,정형외과,T32,2,3,74930,52630
2018,정형외과,T33,476,862,19001280,14101250
2018,정형외과,T34,23,94,2316770,1838990
2018,정형외과,T35,147,211,5410590,3944800
2018,정형외과,T36,1,1,12680,8880
2018,정형외과,T37,1,1,13510,9510
2018,정형외과,T38,1,1,15310,10810
2018,정형외과,T39,1,1,10950,7750
2018,정형외과,T42,1,1,15310,10810
2018,정형외과,T44,1,1,15310,13810
2018,정형외과,T45,1,2,44220,31120
2018,정형외과,T46,3,4,56880,40180
2018,정형외과,T48,4,7,164430,118630
2018,정형외과,T49,2,3,41570,37070
2018,정형외과,T50,4,5,519880,385220
2018,정형외과,T51,3,3,39600,27900
2018,정형외과,T52,4,4,60680,50480
2018,정형외과,T54,1,1,36220,25420
2018,정형외과,T56,28,124,3017230,2147940
2018,정형외과,T57,1,2,98860,96860
2018,정형외과,T58,2,2,32440,22840
2018,정형외과,T60,18,42,1026440,782970
2018,정형외과,T61,3,3,47880,33780
2018,정형외과,T62,5,5,135910,106410
2018,정형외과,T63,528,723,23469720,17932470
2018,정형외과,T65,3,3,41570,35370
2018,정형외과,T67,338,388,11045040,8222260
2018,정형외과,T68,1,1,10950,7750
2018,정형외과,T69,56,84,1664080,1229480
2018,정형외과,T70,27,203,3541550,3007350
2018,정형외과,T73,84,97,1718800,1278000
2018,정형외과,T75,15,18,1223430,909610
2018,정형외과,T78,960,1549,25882690,19561670
2018,정형외과,T79,1944,6237,176363960,131768720
2018,정형외과,T80,21,23,554100,396500
2018,정형외과,T81,1398,5617,176240630,133187830
2018,정형외과,T82,6,24,385100,314700
2018,정형외과,T83,2,17,472700,403740
2018,정형외과,T84,621,2788,242362440,187835690
2018,정형외과,T85,10,18,3041800,2305530
2018,정형외과,T87,135,543,16466540,12669690
2018,정형외과,T88,47,55,1572470,1168330
2018,정형외과,T90,50,148,2880490,2086290
2018,정형외과,T91,1530,7232,203784460,158977000
2018,정형외과,T92,1510,6800,135761260,103329310
2018,정형외과,T93,4963,12927,249272230,194558430
2018,정형외과,T94,5,12,164380,115980
2018,정형외과,T95,37,246,4364100,3714200
2018,정형외과,T98,26,43,1635440,1168340
2018,정형외과,U84,2,62,595090,505390
2018,정형외과,Z00,896,1006,27366310,19659610
2018,정형외과,Z01,206,212,4111590,3009890
2018,정형외과,Z02,84,94,973370,696270
2018,정형외과,Z03,564,640,15174570,11183570
2018,정형외과,Z04,301,313,6368330,4755680
2018,정형외과,Z08,7,22,540930,405930
2018,정형외과,Z09,152,258,7917380,5786480
2018,정형외과,Z10,50,56,398110,298710
2018,정형외과,Z11,7,7,161320,113420
2018,정형외과,Z13,30,35,822060,615660
2018,정형외과,Z20,29,32,1179410,834910
2018,정형외과,Z22,9,12,750730,526130
2018,정형외과,Z23,128,223,6828070,4830570
2018,정형외과,Z24,26,32,545220,384820
2018,정형외과,Z25,584,721,8386490,6121590
2018,정형외과,Z26,233,287,3604780,2712180
2018,정형외과,Z27,25,27,374120,292620
2018,정형외과,Z28,1,1,19110,13410
2018,정형외과,Z29,76,83,1431250,1051050
2018,정형외과,Z30,25,27,454020,319320
2018,정형외과,Z31,15,61,675830,480530
2018,정형외과,Z32,3,5,183690,154290
2018,정형외과,Z34,119,214,16617020,13957820
2018,정형외과,Z35,6,29,361280,254780
2018,정형외과,Z41,4,4,93230,65330
2018,정형외과,Z42,3,3,74740,52540
2018,정형외과,Z43,1,3,50860,35760
2018,정형외과,Z44,4,6,188720,142590
2018,정형외과,Z46,23,28,458970,379170
2018,정형외과,Z47,1585,3477,251754330,188782830
2018,정형외과,Z48,10968,26767,540367540,398301910
2018,정형외과,Z49,6,11,272060,238160
2018,정형외과,Z50,2,7,120810,106810
2018,정형외과,Z51,4,4,93310,65610
2018,정형외과,Z52,6,18,344510,242210
2018,정형외과,Z54,328,907,22717660,16775390
2018,정형외과,Z57,1,1,3080,2180
2018,정형외과,Z59,3,4,90280,63480
2018,정형외과,Z60,1,1,25720,18020
2018,정형외과,Z61,1,1,21020,14720
2018,정형외과,Z64,2,2,34420,24220
2018,정형외과,Z70,24,36,520020,385120
2018,정형외과,Z71,2580,2872,42626930,31905150
2018,정형외과,Z72,6,6,96610,71110
2018,정형외과,Z73,13,21,485720,376620
2018,정형외과,Z76,23,26,452270,320970
2018,정형외과,Z81,6,6,455940,360040
2018,정형외과,Z82,4,4,67860,52160
2018,정형외과,Z83,11,13,282570,209270
2018,정형외과,Z84,1,1,40610,28510
2018,정형외과,Z86,1,1,59240,46940
2018,정형외과,Z87,1,1,15310,10810
2018,정형외과,Z88,7,9,223710,163110
2018,정형외과,Z89,20,32,558110,431710
2018,정형외과,Z90,1,1,15310,14610
2018,정형외과,Z91,3,17,297660,212960
2018,정형외과,Z92,28,63,766560,590060
2018,정형외과,Z93,3,75,1867160,1337880
2018,정형외과,Z94,33,76,2397930,1813810
2018,정형외과,Z95,14,29,598000,462300
2018,정형외과,Z96,869,3433,114627180,89240580
2018,정형외과,Z97,5,27,540240,431540
2018,정형외과,Z98,11119,34581,877131030,657245550
2018,정형외과,Z99,6,15,1777880,1378080
2018,신경외과,A02,1,1,627640,467420
2018,신경외과,A04,374,483,11808760,8544720
2018,신경외과,A05,22,25,372780,276480
2018,신경외과,A06,7,9,139010,97910
2018,신경외과,A08,571,690,14878480,10931580
2018,신경외과,A09,4326,5960,219103210,164458130
2018,신경외과,A15,3,32,4769040,4095960
2018,신경외과,A16,8,19,715860,579960
2018,신경외과,A18,4,15,1622660,1454400
2018,신경외과,A28,5,5,141150,99050
2018,신경외과,A31,1,1,30620,21520
2018,신경외과,A35,12,14,498230,349530
2018,신경외과,A41,4,9,902430,674140
2018,신경외과,A42,2,2,45510,32010
2018,신경외과,A46,1,3,41150,29050
2018,신경외과,A49,16,22,1643350,1242580
2018,신경외과,A51,1,1,15310,10810
2018,신경외과,A52,1,2,70900,63900
2018,신경외과,A53,1,3,38800,34200
2018,신경외과,A54,2,2,40190,31990
2018,신경외과,A56,1,1,10950,7750
2018,신경외과,A59,277,1179,19397510,14135210
2018,신경외과,A60,40,60,1025960,771060
2018,신경외과,A66,3,3,45930,38430
2018,신경외과,A69,21,33,565430,447830
2018,신경외과,A74,3,6,83150,58650
2018,신경외과,A75,8,9,274940,192940
2018,신경외과,A87,7,10,348420,246720
2018,신경외과,A88,1,1,10950,9450
2018,신경외과,A98,2,2,39680,27880
2018,신경외과,B00,1450,2113,33568030,24913080
2018,신경외과,B01,7,11,160560,118260
2018,신경외과,B02,6372,16739,532943170,399040020
2018,신경외과,B07,185,302,20779440,14976840
2018,신경외과,B08,79,118,3530130,2598030
2018,신경외과,B09,2,2,37230,28130
2018,신경외과,B15,4,6,389110,272810
2018,신경외과,B16,7,9,337270,240580
2018,신경외과,B17,29,40,1346750,961950
2018,신경외과,B18,186,625,30358370,21467220
2018,신경외과,B19,5,8,199520,140120
2018,신경외과,B25,1,19,313070,282770
2018,신경외과,B26,19,24,379850,287250
2018,신경외과,B27,1,1,15310,10810
2018,신경외과,B30,21,35,476640,356340
2018,신경외과,B33,74,106,1634010,1206810
2018,신경외과,B34,5,5,65730,47430
2018,신경외과,B35,5146,11595,170271480,128336610
2018,신경외과,B36,84,136,2130910,1577110
2018,신경외과,B37,528,2062,33894040,24551040
2018,신경외과,B43,11,14,334240,248040
2018,신경외과,B46,3,5,61500,45100
2018,신경외과,B47,5,11,85330,64030
2018,신경외과,B48,1,1,10950,7750
2018,신경외과,B49,2,3,37210,29710
2018,신경외과,B66,27,72,883430,672430
2018,신경외과,B69,8,13,432460,317260
2018,신경외과,B80,2,2,32400,25600
2018,신경외과,B83,4,4,64460,48760
2018,신경외과,B85,10,10,155080,119780
2018,신경외과,B86,11,25,373150,290150
2018,신경외과,B88,17,19,434370,317470
2018,신경외과,B89,1,1,15310,10810
2018,신경외과,B90,4,5,109960,82960
2018,신경외과,B91,3,5,87440,63240
2018,신경외과,B99,2,2,413610,311770
2018,신경외과,C02,1,35,444950,424150
2018,신경외과,C07,1,2,26260,25060
2018,신경외과,C08,2,69,1146740,1091240
2018,신경외과,C09,1,2,96490,91790
2018,신경외과,C10,1,2,37360,35560
2018,신경외과,C12,1,20,1950770,1819850
2018,신경외과,C13,1,1,10950,10450
2018,신경외과,C15,10,103,2373140,2252110
2018,신경외과,C16,95,560,21450970,19747720
2018,신경외과,C17,2,2,30270,28870
2018,신경외과,C18,44,358,15318800,14262470
2018,신경외과,C19,4,5,1478850,1351330
2018,신경외과,C20,24,92,6832270,6184350
2018,신경외과,C21,2,3,141750,134750
2018,신경외과,C22,43,283,12138970,11179060
2018,신경외과,C23,8,69,4158730,3888680
2018,신경외과,C24,10,66,2538130,2392650
2018,신경외과,C25,26,231,6889700,6259380
2018,신경외과,C26,2,6,134780,125280
2018,신경외과,C31,2,2,297060,247060
2018,신경외과,C32,3,22,631060,600160
2018,신경외과,C33,1,3,217340,185340
2018,신경외과,C34,76,654,24439340,22397980
2018,신경외과,C39,2,2,682640,596230
2018,신경외과,C40,7,18,2182710,1910870
2018,신경외과,C41,8,300,8377570,7640360
2018,신경외과,C43,4,5,272430,244030
2018,신경외과,C44,14,53,4271540,3838050
2018,신경외과,C46,3,3,386990,302990
2018,신경외과,C47,1,2,26260,18560
2018,신경외과,C48,2,19,576330,546430
2018,신경외과,C49,3,26,373690,351190
2018,신경외과,C50,59,274,7751410,7102290
2018,신경외과,C53,6,109,1933110,1840410
2018,신경외과,C54,5,24,651760,617060
2018,신경외과,C56,9,30,917840,873140
2018,신경외과,C57,5,41,870280,828180
2018,신경외과,C61,41,365,10217260,9566780
2018,신경외과,C64,3,25,1198160,1117060
2018,신경외과,C66,1,3,689770,650090
2018,신경외과,C67,15,98,4980920,4176460
2018,신경외과,C68,1,1,15310,13810
2018,신경외과,C70,2,2,32500,29800
2018,신경외과,C71,45,302,7270050,6510110
2018,신경외과,C72,15,36,1543500,1244660
2018,신경외과,C73,46,170,6465040,5708750
2018,신경외과,C74,2,20,236550,197250
2018,신경외과,C75,4,21,853310,660210
2018,신경외과,C76,1,1,30160,28660
2018,신경외과,C77,4,5,1106240,956100
2018,신경외과,C78,7,12,2031930,1761800
2018,신경외과,C79,15,36,1909290,1801490
2018,신경외과,C80,7,9,245280,205080
2018,신경외과,C82,1,27,682530,650330
2018,신경외과,C83,5,27,2170940,1890600
2018,신경외과,C85,4,34,673170,636670
2018,신경외과,C90,10,14,897820,698800
2018,신경외과,C92,4,23,885330,839330
2018,신경외과,C96,1,1,12870,12270
2018,신경외과,C97,1,2,56320,53620
2018,신경외과,D00,4,12,393300,374300
2018,신경외과,D01,8,37,1978030,1726260
2018,신경외과,D02,4,38,968560,825630
2018,신경외과,D03,1,1,16660,15860
2018,신경외과,D05,12,205,3164850,2957930
2018,신경외과,D09,2,21,838910,797810
2018,신경외과,D10,6,7,291170,206370
2018,신경외과,D11,4,4,61240,43240
2018,신경외과,D12,21,37,3386020,2471020
2018,신경외과,D13,20,24,1751890,1276370
2018,신경외과,D14,8,13,676910,476210
2018,신경외과,D15,3,3,481010,351990
2018,신경외과,D16,170,206,6776950,4884110
2018,신경외과,D17,2309,6524,253083770,183680420
2018,신경외과,D18,74,207,7937940,5797350
2018,신경외과,D19,3,4,76520,63220
2018,신경외과,D20,1,2,29450,24950
2018,신경외과,D21,803,2339,90497600,66302050
2018,신경외과,D22,3,6,166700,117200
2018,신경외과,D23,944,2780,93795060,68575300
2018,신경외과,D24,16,24,1434820,1055070
2018,신경외과,D25,30,40,2466630,1799060
2018,신경외과,D26,2,2,26260,18560
2018,신경외과,D27,3,3,61440,48840
2018,신경외과,D29,4,9,315430,237130
2018,신경외과,D30,1,1,532790,403490
2018,신경외과,D31,1,1,15310,10810
2018,신경외과,D32,138,419,22519640,18159470
2018,신경외과,D33,180,930,38243780,31392120
2018,신경외과,D34,23,42,945380,701280
2018,신경외과,D35,74,180,8829670,6666990
2018,신경외과,D36,144,311,13462540,9884200
2018,신경외과,D37,10,45,1888760,1594040
2018,신경외과,D40,1,1,22800,18240
2018,신경외과,D41,2,7,194150,184850
2018,신경외과,D42,3,6,103380,82080
2018,신경외과,D43,76,204,13043290,10059010
2018,신경외과,D44,11,29,1310630,1086330
2018,신경외과,D45,1,1,10950,8850
2018,신경외과,D46,2,83,1370790,1266890
2018,신경외과,D47,3,33,1185980,1128180
2018,신경외과,D48,83,171,8420810,6238420
2018,신경외과,D50,564,1176,33291560,23996580
2018,신경외과,D51,3,3,41570,34070
2018,신경외과,D52,1,10,205780,160780
2018,신경외과,D53,8,21,1345570,1008240
2018,신경외과,D59,1,1,15310,10810
2018,신경외과,D62,1,1,10950,9450
2018,신경외과,D63,1,2,45330,33530
2018,신경외과,D64,453,748,25779920,18630360
2018,신경외과,D66,1,1,10950,7750
2018,신경외과,D68,7,10,221140,181540
2018,신경외과,D69,18,28,717050,524050
2018,신경외과,D70,1,12,127240,89840
2018,신경외과,D72,6,9,164680,119080
2018,신경외과,D73,1,2,40440,28440
2018,신경외과,D75,3,5,94070,71570
2018,신경외과,D89,3,11,150840,113140
2018,신경외과,E03,471,1823,49646870,35851970
2018,신경외과,E04,29,42,1124190,807090
2018,신경외과,E05,226,922,34934540,24686940
2018,신경외과,E06,70,195,5950790,4262090
2018,신경외과,E07,198,307,13696680,9663630
2018,신경외과,E10,253,1111,25733130,20033510
2018,신경외과,E11,6350,38366,742139690,573128810
2018,신경외과,E12,8,32,502050,415760
2018,신경외과,E13,311,1640,31614910,25049450
2018,신경외과,E14,1533,7672,160939390,123583940
2018,신경외과,E15,2,2,186790,165430
2018,신경외과,E16,19,22,1196360,924140
2018,신경외과,E20,2,2,86110,69310
2018,신경외과,E21,1,2,16420,11620
2018,신경외과,E22,11,28,426270,350870
2018,신경외과,E23,19,47,2590790,1974110
2018,신경외과,E24,5,30,1433690,1133450
2018,신경외과,E26,1,1,20910,14710
2018,신경외과,E27,21,93,1782990,1329490
2018,신경외과,E28,6,10,327430,229730
2018,신경외과,E29,1,1,10950,9450
2018,신경외과,E30,15,21,1418140,993340
2018,신경외과,E31,1,2,29350,26050
2018,신경외과,E34,10,24,717460,543260
2018,신경외과,E35,2,2,72370,50770
2018,신경외과,E41,7,11,229090,188890
2018,신경외과,E45,2,2,31510,23610
2018,신경외과,E46,1,1,13340,11840
2018,신경외과,E50,137,212,2672830,1950130
2018,신경외과,E51,1,1,5670,3970
2018,신경외과,E53,10,16,204390,150890
2018,신경외과,E54,25,53,1442170,1055870
2018,신경외과,E55,1135,1891,36376560,26503960
2018,신경외과,E56,47,76,1752840,1261740
2018,신경외과,E58,75,215,4014990,3063290
2018,신경외과,E59,1,1,15310,10810
2018,신경외과,E61,103,202,3213380,2435780
2018,신경외과,E63,34,77,1031570,880560
2018,신경외과,E64,1,3,116630,81830
2018,신경외과,E65,1,1,26860,18860
2018,신경외과,E66,95,208,2711640,1920440
2018,신경외과,E71,1,4,481680,399780
2018,신경외과,E72,1,2,44920,33620
2018,신경외과,E75,12,17,404320,284020
2018,신경외과,E76,1,3,48660,34160
2018,신경외과,E78,5606,17696,334299500,247453900
2018,신경외과,E79,32,75,1159710,870110
2018,신경외과,E80,1,2,25640,18040
2018,신경외과,E83,148,277,4485360,3363160
2018,신경외과,E86,164,211,6139660,4639960
2018,신경외과,E87,194,257,10110820,7755760
2018,신경외과,E88,42,61,1174070,844270
2018,신경외과,E89,16,47,751970,566970
2018,신경외과,E90,2,4,52940,37240
2018,신경외과,F00,3671,19224,494722040,382287530
2018,신경외과,F01,467,1806,39376330,30455530
2018,신경외과,F02,24,50,1019140,811740
2018,신경외과,F03,338,736,17099220,13426630
2018,신경외과,F05,18,28,334300,279000
2018,신경외과,F06,3772,12321,242128120,193515660
2018,신경외과,F07,242,443,15622360,11496980
2018,신경외과,F09,1,2,30920,28920
2018,신경외과,F10,32,69,1657650,1240990
2018,신경외과,F17,5,5,68190,51890
2018,신경외과,F19,1,1,15310,10810
2018,신경외과,F20,31,92,1079370,838770
2018,신경외과,F22,2,11,84270,60170
2018,신경외과,F23,5,21,247760,186960
2018,신경외과,F29,7,24,144710,116610
2018,신경외과,F30,4,7,93770,71370
2018,신경외과,F31,89,390,3952070,3165370
2018,신경외과,F32,1784,5792,96058720,76639010
2018,신경외과,F33,137,764,15787200,12663680
2018,신경외과,F34,73,223,3388430,2603630
2018,신경외과,F38,107,300,4644280,3832780
2018,신경외과,F39,21,39,554800,452500
2018,신경외과,F40,201,511,7569550,5953550
2018,신경외과,F41,5876,16330,248048690,194735110
2018,신경외과,F42,7,32,410250,292650
2018,신경외과,F43,350,889,20922430,15767140
2018,신경외과,F44,40,57,802080,641080
2018,신경외과,F45,935,1676,29345220,22466020
2018,신경외과,F48,1863,4771,73975880,56829020
2018,신경외과,F50,71,237,3180900,2271900
2018,신경외과,F51,3367,10137,150603540,116261950
2018,신경외과,F52,23,49,371630,305130
2018,신경외과,F54,9,14,164410,124710
2018,신경외과,F59,2,3,45370,31970
2018,신경외과,F60,6,9,172620,139220
2018,신경외과,F63,1,9,118970,105470
2018,신경외과,F70,1,1,10950,7750
2018,신경외과,F78,1,1,15310,10810
2018,신경외과,F80,11,11,685490,488790
2018,신경외과,F82,1,1,19110,13410
2018,신경외과,F84,5,40,620940,437940
2018,신경외과,F89,2,12,181410,127910
2018,신경외과,F90,9,21,457620,324920
2018,신경외과,F91,4,4,65040,45840
2018,신경외과,F92,11,14,227080,173680
2018,신경외과,F95,93,156,2383820,1765220
2018,신경외과,F98,3,3,45930,32430
2018,신경외과,F99,2,2,30620,24620
2018,신경외과,G00,1,1,71010,49710
2018,신경외과,G03,15,16,851160,596860
2018,신경외과,G04,8,14,552410,421540
2018,신경외과,G05,70,150,5490820,4051720
2018,신경외과,G06,8,41,4402000,3259260
2018,신경외과,G10,3,3,45460,35060
2018,신경외과,G11,20,150,3411330,2755720
2018,신경외과,G12,26,161,2765590,2454890
2018,신경외과,G14,70,145,3328890,2535990
2018,신경외과,G20,1099,5973,118895130,103092980
2018,신경외과,G21,179,599,11866920,9464870
2018,신경외과,G22,121,340,8577770,6559900
2018,신경외과,G23,16,59,1352670,1024670
2018,신경외과,G24,4028,6876,135533130,98242560
2018,신경외과,G25,6569,18477,329837780,254270940
2018,신경외과,G26,1,1,435160,304660
2018,신경외과,G30,117,536,10505580,8349980
2018,신경외과,G31,4255,13392,299933830,235272040
2018,신경외과,G32,10,16,197260,148360
2018,신경외과,G35,8,22,422300,341600
2018,신경외과,G36,3,8,2101470,1716560
2018,신경외과,G37,18,57,5510450,4043240
2018,신경외과,G40,1832,7652,115486070,86445880
2018,신경외과,G41,46,234,3513940,2934940
2018,신경외과,G43,21362,46525,1426818020,1026028280
2018,신경외과,G44,38549,74030,2515027550,1816145720
2018,신경외과,G45,3161,10061,348229360,261223360
2018,신경외과,G46,1607,16809,460103180,382997590
2018,신경외과,G47,8868,24128,354565640,275565850
2018,신경외과,G50,4090,9837,254197930,187284940
2018,신경외과,G51,7253,33277,783520850,571397820
2018,신경외과,G52,440,607,42974140,30441840
2018,신경외과,G53,2907,9807,263509090,200355560
2018,신경외과,G54,2734,10912,439788940,316692080
2018,신경외과,G55,1389,6870,263415540,192064540
2018,신경외과,G56,15702,41580,1300927880,937189740
2018,신경외과,G57,5948,16225,550330580,398236860
2018,신경외과,G58,4556,10805,392488110,285373870
2018,신경외과,G59,113,375,6150910,4846310
2018,신경외과,G60,17,28,1713760,1389060
2018,신경외과,G61,26,299,5196340,4342380
2018,신경외과,G62,827,3244,92136590,70956060
2018,신경외과,G63,489,1757,30840420,24599820
2018,신경외과,G64,2937,6577,188221670,137791950
2018,신경외과,G70,52,147,5492700,4623790
2018,신경외과,G71,16,19,2620620,2009890
2018,신경외과,G72,13,30,404680,292480
2018,신경외과,G73,8,8,628780,467710
2018,신경외과,G80,43,134,2928770,2148370
2018,신경외과,G81,166,1204,25008680,19567010
2018,신경외과,G82,62,180,4343580,3408170
2018,신경외과,G83,203,636,15146220,11259310
2018,신경외과,G90,722,1625,62791780,45734010
2018,신경외과,G91,254,650,39093070,29065470
2018,신경외과,G93,1060,1463,124624120,88664290
2018,신경외과,G94,13,43,1015480,778380
2018,신경외과,G95,86,225,14610930,11141960
2018,신경외과,G96,12,21,1270500,921110
2018,신경외과,G97,3,3,124150,88850
2018,신경외과,G98,7,23,384210,277110
2018,신경외과,G99,29,52,2444860,1745240
2018,신경외과,H00,311,425,7070260,5143440
2018,신경외과,H01,136,324,4706370,3857670
2018,신경외과,H02,114,128,2314490,1707890
2018,신경외과,H03,5,14,179080,153080
2018,신경외과,H04,414,798,10335140,7649540
2018,신경외과,H05,18,22,541040,390840
2018,신경외과,H06,1,1,15310,10810
2018,신경외과,H10,618,876,12036850,9035350
2018,신경외과,H11,178,361,5062480,3749380
2018,신경외과,H13,1,1,16370,11470
2018,신경외과,H15,1,1,10950,7750
2018,신경외과,H16,101,135,1838870,1372570
2018,신경외과,H17,2,2,21320,15020
2018,신경외과,H18,6,6,117080,88580
2018,신경외과,H19,12,17,266580,192980
2018,신경외과,H20,2,6,84110,62710
2018,신경외과,H21,1,2,25320,22320
2018,신경외과,H25,75,133,2188320,1791820
2018,신경외과,H26,20,29,875690,665080
2018,신경외과,H33,1,5,43790,30990
2018,신경외과,H34,12,29,588000,468800
2018,신경외과,H35,14,31,394290,293390
2018,신경외과,H36,16,50,510990,409690
2018,신경외과,H40,52,115,1721410,1392810
2018,신경외과,H43,5,5,81530,57330
2018,신경외과,H44,8,9,118820,92420
2018,신경외과,H46,2,2,30620,21620
2018,신경외과,H47,2,2,28650,20150
2018,신경외과,H49,24,59,2020780,1534080
2018,신경외과,H50,3,3,45930,35430
2018,신경외과,H52,2,2,27970,21970
2018,신경외과,H53,124,168,4538770,3359460
2018,신경외과,H54,13,13,369360,278060
2018,신경외과,H55,3,6,78780,55680
2018,신경외과,H57,22,25,370850,275750
2018,신경외과,H60,339,564,10647760,7684900
2018,신경외과,H61,36,57,1456470,1075970
2018,신경외과,H62,5,6,104260,73360
2018,신경외과,H65,109,157,3037010,2277110
2018,신경외과,H66,162,305,6117320,4711530
2018,신경외과,H67,5,5,75990,55290
2018,신경외과,H68,3,3,51960,38660
2018,신경외과,H70,23,29,1464730,1066920
2018,신경외과,H72,2,2,34420,24220
2018,신경외과,H80,4,12,163640,137540
2018,신경외과,H81,10293,22063,827160590,612113620
2018,신경외과,H82,99,139,2311830,1795830
2018,신경외과,H83,43,102,2023600,1505330
2018,신경외과,H90,13,20,1261160,963970
2018,신경외과,H91,25,55,2066710,1605910
2018,신경외과,H92,50,52,931330,687530
2018,신경외과,H93,786,1627,38936910,29224210
2018,신경외과,I00,20,49,2612500,1869100
2018,신경외과,I05,3,24,376180,290480
2018,신경외과,I08,2,14,505070,358870
2018,신경외과,I10,34555,220966,3558455520,2792803130
2018,신경외과,I11,152,834,11944880,9597410
2018,신경외과,I12,7,8,692510,494610
2018,신경외과,I13,14,67,1075580,870280
2018,신경외과,I15,50,265,3854920,2976820
2018,신경외과,I20,367,1006,19179210,15138200
2018,신경외과,I21,61,190,5322650,4096080
2018,신경외과,I22,5,33,503060,419960
2018,신경외과,I23,2,15,180770,136570
2018,신경외과,I24,14,64,667760,570660
2018,신경외과,I25,54,348,5717440,4784430
2018,신경외과,I26,2,9,181750,144250
2018,신경외과,I28,1,1,15310,10810
2018,신경외과,I31,1,2,134470,96570
2018,신경외과,I34,3,15,383200,269200
2018,신경외과,I36,1,2,24290,17090
2018,신경외과,I39,1,1,15310,13810
2018,신경외과,I42,9,67,1848660,1664560
2018,신경외과,I44,1,1,13130,11630
2018,신경외과,I45,1,1,22300,17900
2018,신경외과,I46,1,1,15310,10810
2018,신경외과,I47,38,53,1572560,1187730
2018,신경외과,I48,38,147,2802340,2175140
2018,신경외과,I49,146,254,5627480,4279580
2018,신경외과,I50,175,697,16104260,12885300
2018,신경외과,I51,36,50,1187310,929610
2018,신경외과,I60,164,360,25913000,18830330
2018,신경외과,I61,336,1522,41219920,31308260
2018,신경외과,I62,49,221,8720420,6431250
2018,신경외과,I63,6323,33957,959353060,752694580
2018,신경외과,I64,169,683,23669630,18021770
2018,신경외과,I65,569,2211,58369520,44142560
2018,신경외과,I66,202,782,33711270,24991310
2018,신경외과,I67,2286,7833,228658640,177003090
2018,신경외과,I68,81,304,5665530,4509230
2018,신경외과,I69,1798,11109,242085940,193247430
2018,신경외과,I70,419,1338,21099740,16490140
2018,신경외과,I71,5,26,375530,321630
2018,신경외과,I72,32,52,1990100,1406700
2018,신경외과,I73,3602,8135,146705890,112653230
2018,신경외과,I74,30,64,1578230,1243570
2018,신경외과,I77,18,40,723880,552980
2018,신경외과,I78,27,170,2973670,2527570
2018,신경외과,I79,61,138,3360160,2502770
2018,신경외과,I80,205,321,5857780,4345080
2018,신경외과,I82,17,36,580320,425120
2018,신경외과,I83,393,720,13735460,10557060
2018,신경외과,I86,34,37,1741570,1290020
2018,신경외과,I87,1141,2392,50570490,38246990
2018,신경외과,I88,99,162,3006580,2152180
2018,신경외과,I89,255,480,9225780,7183720
2018,신경외과,I95,225,277,6848150,5150610
2018,신경외과,I97,5,23,412160,356760
2018,신경외과,I98,1,1,10950,7750
2018,신경외과,I99,12,12,175440,133940
2018,신경외과,J00,15186,27547,423878590,326054370
2018,신경외과,J01,2099,3323,59710930,43971930
2018,신경외과,J02,6515,10355,160461050,120268480
2018,신경외과,J03,6667,10780,175015130,129611850
2018,신경외과,J04,2750,4779,78204710,60862660
2018,신경외과,J06,14592,25146,392366160,298369700
2018,신경외과,J09,111,157,4948650,3724730
2018,신경외과,J10,803,1018,49997640,39043740
2018,신경외과,J11,1015,1537,106343110,83698420
2018,신경외과,J12,4,4,1593920,1202450
2018,신경외과,J13,2,5,100470,84270
2018,신경외과,J15,101,343,12509000,10063690
2018,신경외과,J16,2,2,69110,48510
2018,신경외과,J17,3,5,89510,75410
2018,신경외과,J18,1839,3537,266759230,202599750
2018,신경외과,J20,30405,55923,947231070,717616680
2018,신경외과,J21,1975,3330,60631960,46031320
2018,신경외과,J22,628,930,16573710,12473370
2018,신경외과,J30,9079,15875,248425820,185566430
2018,신경외과,J31,60,90,1538830,1138990
2018,신경외과,J32,367,649,17438690,12744560
2018,신경외과,J33,5,5,287150,204750
2018,신경외과,J34,41,54,1773590,1306210
2018,신경외과,J35,22,36,1155630,891910
2018,신경외과,J36,1167,2161,34355630,25905100
2018,신경외과,J37,5,6,87630,70030
2018,신경외과,J38,22,34,501010,383710
2018,신경외과,J39,457,646,11014560,8062140
2018,신경외과,J40,5856,10566,175633730,134678270
2018,신경외과,J41,1324,2693,42837920,33151120
2018,신경외과,J42,872,1570,27686640,21645240
2018,신경외과,J43,14,24,676710,506010
2018,신경외과,J44,166,610,14603090,11427240
2018,신경외과,J45,1470,3624,67119100,51967100
2018,신경외과,J46,34,160,2904940,2363740
2018,신경외과,J47,17,46,2387600,1848390
2018,신경외과,J60,1,1,34580,24280
2018,신경외과,J62,4,4,91520,71120
2018,신경외과,J64,5,8,144840,104140
2018,신경외과,J68,1,1,10950,7750
2018,신경외과,J69,3,43,1941930,1468810
2018,신경외과,J70,1,1,15310,10810
2018,신경외과,J80,1,1,15310,10810
2018,신경외과,J81,3,4,104280,82480
2018,신경외과,J84,10,44,925450,777450
2018,신경외과,J85,1,1,28050,19650
2018,신경외과,J90,21,36,1065310,835110
2018,신경외과,J91,4,4,103570,74970
2018,신경외과,J93,34,50,1920400,1388830
2018,신경외과,J94,5,12,1406300,1080790
2018,신경외과,J98,125,138,3902090,2802590
2018,신경외과,K01,2,2,861380,629210
2018,신경외과,K02,2,3,42680,33380
2018,신경외과,K03,2,2,39110,29210
2018,신경외과,K04,26,168,4426340,3254840
2018,신경외과,K05,298,492,7185520,5655220
2018,신경외과,K06,1,1,15310,13810
2018,신경외과,K07,2360,4999,109731020,80630620
2018,신경외과,K08,64,86,1497390,1114990
2018,신경외과,K09,1,1,10950,7750
2018,신경외과,K10,52,83,1977940,1472340
2018,신경외과,K11,67,86,2244690,1765130
2018,신경외과,K12,748,1148,18198360,14236660
2018,신경외과,K13,32,51,725900,584100
2018,신경외과,K14,76,109,2035660,1555260
2018,신경외과,K20,344,555,10410260,7798560
2018,신경외과,K21,3953,7568,159383120,117588410
2018,신경외과,K22,7,9,151870,112170
2018,신경외과,K25,699,1391,30586430,22913820
2018,신경외과,K26,118,219,4911660,3641960
2018,신경외과,K27,524,981,18853720,14426720
2018,신경외과,K28,6,18,356680,250780
2018,신경외과,K29,14499,29356,796281930,584549330
2018,신경외과,K30,2369,4614,133405400,97276790
2018,신경외과,K31,91,120,2384400,1736600
2018,신경외과,K35,80,110,6868140,5129920
2018,신경외과,K36,9,14,206470,147070
2018,신경외과,K37,26,31,549700,392400
2018,신경외과,K38,2,2,32160,24360
2018,신경외과,K40,54,74,1942880,1505930
2018,신경외과,K41,9,10,147620,111720
2018,신경외과,K42,2,2,34420,24220
2018,신경외과,K43,10,21,367020,293720
2018,신경외과,K45,3,3,45930,32430
2018,신경외과,K46,19,58,1024750,853650
2018,신경외과,K50,12,19,388730,302030
2018,신경외과,K51,5,34,2372140,2108820
2018,신경외과,K52,3554,5215,94763820,71122670
2018,신경외과,K56,106,142,3647600,2813420
2018,신경외과,K57,15,23,1885270,1406730
2018,신경외과,K58,2364,3448,69308630,52418810
2018,신경외과,K59,2338,3748,59449720,46436750
2018,신경외과,K60,13,19,314480,255880
2018,신경외과,K61,45,88,1979910,1506290
2018,신경외과,K62,19,22,368510,281310
2018,신경외과,K63,97,133,34141940,24284600
2018,신경외과,K64,188,320,5694830,4237530
2018,신경외과,K65,4,8,567110,451830
2018,신경외과,K66,4,5,919660,694750
2018,신경외과,K70,160,327,8114890,5854960
2018,신경외과,K71,90,133,9351420,6810040
2018,신경외과,K72,19,48,642810,476810
2018,신경외과,K73,334,828,29576080,21527470
2018,신경외과,K74,38,135,8976250,6622480
2018,신경외과,K75,156,308,9592350,6955850
2018,신경외과,K76,1083,1901,60256940,43119000
2018,신경외과,K77,1,1,145320,101820
2018,신경외과,K80,84,167,9383880,7012090
2018,신경외과,K81,59,112,6124330,4596380
2018,신경외과,K82,34,67,1565240,1134340
2018,신경외과,K83,16,27,499500,373900
2018,신경외과,K85,11,15,2117510,1558650
2018,신경외과,K86,14,24,1484030,1117410
2018,신경외과,K87,1,4,73390,64090
2018,신경외과,K90,1,2,39540,27840
2018,신경외과,K91,2,7,91640,68640
2018,신경외과,K92,40,51,1367480,994430
2018,신경외과,L01,140,257,5370750,3970550
2018,신경외과,L02,4335,11816,265885390,197972870
2018,신경외과,L03,12158,28323,670478870,499551680
2018,신경외과,L04,673,1008,17776280,12872030
2018,신경외과,L05,37,110,3800340,2726140
2018,신경외과,L08,770,1448,28976020,21991430
2018,신경외과,L10,1,3,42820,30120
2018,신경외과,L11,1,1,15310,10810
2018,신경외과,L13,55,120,2089740,1493840
2018,신경외과,L14,1,1,12920,9120
2018,신경외과,L20,601,1328,23292160,17042060
2018,신경외과,L21,541,871,13310380,10140680
2018,신경외과,L22,4,4,58670,47170
2018,신경외과,L23,6545,11472,183159740,141135850
2018,신경외과,L24,1470,2794,48035820,35849320
2018,신경외과,L25,957,1515,22474170,17686570
2018,신경외과,L26,2,2,15310,10810
2018,신경외과,L27,91,167,3422310,2647480
2018,신경외과,L28,281,484,7601710,5871970
2018,신경외과,L29,603,1084,16987320,13731700
2018,신경외과,L30,1251,1965,33226910,25463580
2018,신경외과,L40,130,252,4308970,3182170
2018,신경외과,L42,42,134,1995940,1408240
2018,신경외과,L43,5,29,357050,310350
2018,신경외과,L50,4601,8083,142437510,108310610
2018,신경외과,L51,15,30,1099310,803270
2018,신경외과,L52,3,9,127490,92890
2018,신경외과,L53,73,123,2382310,1705110
2018,신경외과,L55,11,28,865510,610910
2018,신경외과,L56,3,3,46180,33880
2018,신경외과,L57,4,4,56790,48490
2018,신경외과,L59,2,6,70060,58060
2018,신경외과,L60,3510,10914,276419970,201715460
2018,신경외과,L62,9,21,440850,317950
2018,신경외과,L63,102,282,7565000,5333700
2018,신경외과,L64,32,43,899960,636860
2018,신경외과,L65,41,66,937810,660910
2018,신경외과,L66,31,70,1360610,1012310
2018,신경외과,L67,1,1,19110,13410
2018,신경외과,L68,1,1,0,0
2018,신경외과,L70,104,221,3252420,2303320
2018,신경외과,L71,9,25,269630,203430
2018,신경외과,L72,954,3221,112249740,80984430
2018,신경외과,L73,11,15,258530,183230
2018,신경외과,L74,26,37,561920,418320
2018,신경외과,L75,3,3,54630,39830
2018,신경외과,L80,6,7,119460,102060
2018,신경외과,L81,21,24,250070,184270
2018,신경외과,L82,33,41,1615750,1156650
2018,신경외과,L84,1293,3683,114720570,83825650
2018,신경외과,L85,53,80,1662800,1327580
2018,신경외과,L86,2,2,30620,24620
2018,신경외과,L88,6,11,222690,156590
2018,신경외과,L89,163,893,18023330,14612430
2018,신경외과,L90,11,12,191150,137650
2018,신경외과,L91,32,40,916580,662080
2018,신경외과,L92,35,55,2198550,1558150
2018,신경외과,L93,1,1,15310,10810
2018,신경외과,L94,1,1,15310,13810
2018,신경외과,L95,24,52,739920,553620
2018,신경외과,L97,4,51,920080,813580
2018,신경외과,L98,79,231,4314560,3600460
2018,신경외과,M00,122,391,21147320,15876030
2018,신경외과,M01,10,26,534970,382670
2018,신경외과,M02,168,468,15291200,11197000
2018,신경외과,M03,1,4,43800,31000
2018,신경외과,M05,377,2298,64832420,54107480
2018,신경외과,M06,1589,5103,135221900,101362160
2018,신경외과,M07,213,539,11691150,8674650
2018,신경외과,M08,28,46,1078870,777370
2018,신경외과,M10,11565,37363,712947400,525960510
2018,신경외과,M11,99,269,5974160,4430970
2018,신경외과,M12,2573,8085,181018570,135278580
2018,신경외과,M13,41600,139101,3788180600,2805687560
2018,신경외과,M14,68,199,3886240,3004240
2018,신경외과,M15,719,2474,48378050,37131530
2018,신경외과,M16,2430,7634,201558150,153480550
2018,신경외과,M17,171274,885384,29806202790,22059482580
2018,신경외과,M18,574,1529,30564850,23224230
2018,신경외과,M19,34486,112889,3000230910,2233782430
2018,신경외과,M20,1228,2350,83147600,60989220
2018,신경외과,M21,1346,2950,83297270,61082240
2018,신경외과,M22,2115,5231,142251470,101226480
2018,신경외과,M23,3573,10824,439292580,322687940
2018,신경외과,M24,5548,24713,725870320,530989240
2018,신경외과,M25,41959,116345,3138602280,2289140870
2018,신경외과,M30,2,3,54200,38200
2018,신경외과,M31,7,13,178860,142760
2018,신경외과,M32,9,136,2238640,2014740
2018,신경외과,M33,6,10,267850,224550
2018,신경외과,M34,2,6,224340,187640
2018,신경외과,M35,115,526,11526360,9360160
2018,신경외과,M40,1117,3382,99329740,72679370
2018,신경외과,M41,2239,9255,235490890,171775480
2018,신경외과,M42,19,34,880330,673330
2018,신경외과,M43,14396,75589,3180382380,2359825240
2018,신경외과,M45,303,2052,55557540,46707980
2018,신경외과,M46,1035,4248,136349080,100671110
2018,신경외과,M47,89646,408167,15457458070,11405152160
2018,신경외과,M48,125259,757442,28311055450,21396825210
2018,신경외과,M49,1808,11421,306690110,231730910
2018,신경외과,M50,95860,457022,17610184160,12789669500
2018,신경외과,M51,153488,848732,33568272590,24634828860
2018,신경외과,M53,29518,88634,3272271240,2359508740
2018,신경외과,M54,305313,1169631,41768852710,30487465800
2018,신경외과,M60,2553,5702,152051470,110873800
2018,신경외과,M61,132,521,12017370,8757780
2018,신경외과,M62,8868,21422,556723720,407283090
2018,신경외과,M65,76998,223507,5282316440,3863503860
2018,신경외과,M66,444,1583,42111290,31461990
2018,신경외과,M67,9459,17333,492476250,355534230
2018,신경외과,M68,290,808,18763760,13305160
2018,신경외과,M70,7966,21031,586985930,424999690
2018,신경외과,M71,7420,25856,674015620,497031590
2018,신경외과,M72,20428,63141,1407045470,1024558680
2018,신경외과,M73,50,138,3187300,2333100
2018,신경외과,M75,123099,508680,15505628620,11314327080
2018,신경외과,M76,12205,31692,747625010,542699830
2018,신경외과,M77,77748,253479,6133596180,4398608820
2018,신경외과,M79,91790,256253,6558008470,4823342270
2018,신경외과,M80,2078,10641,302922440,233627040
2018,신경외과,M81,27722,110252,3976125630,2927022250
2018,신경외과,M82,66,181,5225990,3872690
2018,신경외과,M83,76,144,3728960,2774860
2018,신경외과,M84,90,188,8500920,6365100
2018,신경외과,M85,300,615,14115060,10268760
2018,신경외과,M86,63,375,12027530,9369170
2018,신경외과,M87,273,1089,75018670,56599040
2018,신경외과,M88,1,1,10950,7750
2018,신경외과,M89,344,940,20569400,16225130
2018,신경외과,M90,12,22,386740,286640
2018,신경외과,M91,31,49,1468390,1063990
2018,신경외과,M92,522,1057,26569060,18777350
2018,신경외과,M93,46,175,11376330,8661560
2018,신경외과,M94,920,1832,48459240,34949590
2018,신경외과,M95,27,37,1329920,944120
2018,신경외과,M96,3790,23932,871974910,658098530
2018,신경외과,M99,4182,21350,696161240,507169260
2018,신경외과,N00,7,12,208680,163080
2018,신경외과,N01,1,1,15310,10810
2018,신경외과,N02,10,15,272530,191730
2018,신경외과,N03,23,39,1793950,1266650
2018,신경외과,N04,13,35,560970,394770
2018,신경외과,N05,6,8,305090,225900
2018,신경외과,N08,1,2,26680,18680
2018,신경외과,N10,173,298,28067580,21347590
2018,신경외과,N11,13,22,943960,664260
2018,신경외과,N12,39,71,4772520,3607600
2018,신경외과,N13,15,24,619240,447340
2018,신경외과,N15,3,3,99690,75290
2018,신경외과,N16,1,1,17210,15510
2018,신경외과,N17,4,5,110040,77340
2018,신경외과,N18,42,302,10599120,8875230
2018,신경외과,N19,10,20,529500,382300
2018,신경외과,N20,77,114,3256990,2456300
2018,신경외과,N21,69,76,2632880,1880120
2018,신경외과,N23,3,4,85880,60280
2018,신경외과,N28,12,17,732670,525870
2018,신경외과,N30,2193,3985,71533000,54290450
2018,신경외과,N31,295,653,10740600,8726600
2018,신경외과,N32,49,95,1502320,1198120
2018,신경외과,N34,207,333,6771550,5043000
2018,신경외과,N35,1,1,10950,9450
2018,신경외과,N36,5,7,937280,710170
2018,신경외과,N37,2,6,100380,84080
2018,신경외과,N39,386,705,16687970,12920240
2018,신경외과,N40,1622,5148,69486290,56916430
2018,신경외과,N41,64,125,2719990,2070250
2018,신경외과,N42,43,88,1029030,805930
2018,신경외과,N43,1,1,10950,9450
2018,신경외과,N44,1,2,32450,22850
2018,신경외과,N45,17,50,1603220,1201860
2018,신경외과,N48,149,226,3470910,2755910
2018,신경외과,N50,34,77,991040,759940
2018,신경외과,N51,5,11,129770,96870
2018,신경외과,N60,2,2,26260,18560
2018,신경외과,N61,4,8,139430,106030
2018,신경외과,N62,12,12,207630,161330
2018,신경외과,N63,8,9,296290,207990
2018,신경외과,N64,51,62,1294410,933810
2018,신경외과,N70,1,2,49970,35070
2018,신경외과,N71,15,17,281520,198320
2018,신경외과,N72,19,69,1084310,832810
2018,신경외과,N73,6,7,588490,446490
2018,신경외과,N75,5,5,115100,80700
2018,신경외과,N76,131,219,3914570,2914070
2018,신경외과,N77,5,5,60380,44280
2018,신경외과,N80,4,4,485160,357000
2018,신경외과,N81,6,7,100820,83920
2018,신경외과,N83,12,17,351420,246820
2018,신경외과,N84,15,60,1764030,1237930
2018,신경외과,N85,4,4,850370,623850
2018,신경외과,N87,3,3,32850,23250
2018,신경외과,N91,36,47,693770,489270
2018,신경외과,N92,14,16,249400,175600
2018,신경외과,N93,4,4,68630,53730
2018,신경외과,N94,123,176,2573740,1839140
2018,신경외과,N95,554,1747,26647680,19725480
2018,신경외과,N96,2,3,49730,35030
2018,신경외과,N97,12,59,710020,499720
2018,신경외과,O02,1,1,10950,9950
2018,신경외과,O03,1,2,21900,15500
2018,신경외과,O08,1,1,17410,12210
2018,신경외과,O20,5,7,535300,482200
2018,신경외과,O21,4,6,78780,65280
2018,신경외과,O30,2,3,411950,370850
2018,신경외과,O42,1,1,15310,10810
2018,신경외과,O82,1,1,21020,14720
2018,신경외과,O86,1,1,21020,14720
2018,신경외과,O91,3,3,47940,33840
2018,신경외과,O92,1,1,15310,10810
2018,신경외과,O99,1,1,13340,9340
2018,신경외과,P12,2,2,40360,31960
2018,신경외과,P23,1,1,10950,9450
2018,신경외과,P28,1,2,33520,23620
2018,신경외과,Q01,1,1,15310,10810
2018,신경외과,Q02,1,1,29250,20550
2018,신경외과,Q04,8,17,673490,492290
2018,신경외과,Q05,6,31,837630,677930
2018,신경외과,Q06,4,6,1104820,932080
2018,신경외과,Q07,4,5,410090,298690
2018,신경외과,Q15,1,1,10950,9450
2018,신경외과,Q18,3,3,136740,95840
2018,신경외과,Q20,1,1,12920,11720
2018,신경외과,Q25,2,2,36330,27630
2018,신경외과,Q27,2,16,179560,127060
2018,신경외과,Q28,54,219,5184550,3779560
2018,신경외과,Q38,2,4,52520,37120
2018,신경외과,Q44,1,1,142120,99520
2018,신경외과,Q61,1,1,15310,10810
2018,신경외과,Q65,8,17,279860,225460
2018,신경외과,Q66,50,86,2040800,1468700
2018,신경외과,Q67,22,34,740080,523280
2018,신경외과,Q68,11,33,919170,648270
2018,신경외과,Q69,4,11,224840,177940
2018,신경외과,Q72,2,8,292610,229110
2018,신경외과,Q74,14,29,1880860,1373870
2018,신경외과,Q75,12,12,363900,284000
2018,신경외과,Q76,17,36,1376680,992780
2018,신경외과,Q77,2,8,132590,116190
2018,신경외과,Q78,4,5,636660,445860
2018,신경외과,Q81,1,1,21020,14720
2018,신경외과,Q82,18,37,1706370,1213470
2018,신경외과,Q83,1,1,10950,7750
2018,신경외과,Q84,25,101,2296950,1838250
2018,신경외과,Q85,39,99,14071350,12140050
2018,신경외과,Q87,3,171,4343970,3914870
2018,신경외과,Q89,2,2,279590,195890
2018,신경외과,Q90,1,11,120450,85250
2018,신경외과,R00,273,421,9671570,7069870
2018,신경외과,R01,2,5,96330,84630
2018,신경외과,R02,4,25,455860,357760
2018,신경외과,R03,261,288,4910790,3549640
2018,신경외과,R04,70,81,2397290,1719790
2018,신경외과,R05,449,638,11620520,8869460
2018,신경외과,R06,151,182,4295960,3227360
2018,신경외과,R07,2008,2594,78643890,57390430
2018,신경외과,R09,54,69,1107370,839270
2018,신경외과,R10,2447,3292,76118140,57133470
2018,신경외과,R11,1238,1762,36708590,27487900
2018,신경외과,R12,277,406,8684840,6490140
2018,신경외과,R13,4,4,63130,53930
2018,신경외과,R14,30,35,612800,467200
2018,신경외과,R15,7,11,223700,174500
2018,신경외과,R17,17,23,1541290,1111250
2018,신경외과,R18,9,19,1024000,736700
2018,신경외과,R19,63,76,3905660,2854910
2018,신경외과,R20,457,686,14465850,10552950
2018,신경외과,R21,20,23,491350,358050
2018,신경외과,R22,488,919,28930060,21123440
2018,신경외과,R23,48,59,1163630,845430
2018,신경외과,R25,3873,7902,143881810,108047690
2018,신경외과,R26,89,131,3716820,2771520
2018,신경외과,R27,11,14,520420,388220
2018,신경외과,R29,1054,1779,45967290,32851950
2018,신경외과,R30,28,49,762370,600970
2018,신경외과,R31,62,81,1709100,1267100
2018,신경외과,R32,86,156,2463610,2034610
2018,신경외과,R33,3,4,56660,43360
2018,신경외과,R35,97,169,2486640,1963040
2018,신경외과,R39,56,62,1101490,874790
2018,신경외과,R40,13,15,232070,176370
2018,신경외과,R41,430,1095,27248430,20569230
2018,신경외과,R42,10330,18662,534936900,395567960
2018,신경외과,R43,10,10,144380,109680
2018,신경외과,R44,56,60,4054210,2853110
2018,신경외과,R45,211,419,7458660,5809610
2018,신경외과,R47,39,47,1190160,877560
2018,신경외과,R48,1,1,15310,10810
2018,신경외과,R49,4,4,72300,53900
2018,신경외과,R50,471,674,22183400,16764460
2018,신경외과,R51,16211,25700,897563890,648802730
2018,신경외과,R52,872,2794,47103610,39296810
2018,신경외과,R53,293,387,5072460,3750940
2018,신경외과,R54,20,30,490600,397300
2018,신경외과,R55,364,461,20958230,15045600
2018,신경외과,R56,290,485,9090340,6688330
2018,신경외과,R57,74,155,2554500,1909500
2018,신경외과,R58,5,6,127890,89890
2018,신경외과,R59,94,111,1931170,1391170
2018,신경외과,R60,945,1487,31983450,24089470
2018,신경외과,R61,76,121,2491310,1827010
2018,신경외과,R62,19,50,1841980,1297680
2018,신경외과,R63,217,327,6792160,5226160
2018,신경외과,R64,2,2,936830,703350
2018,신경외과,R68,50,58,1421040,1012740
2018,신경외과,R69,4,4,65080,58680
2018,신경외과,R70,1,1,21480,17280
2018,신경외과,R72,5,5,61500,43400
2018,신경외과,R73,946,2089,56420500,43170670
2018,신경외과,R74,6,8,139320,99720
2018,신경외과,R76,5,15,362390,254490
2018,신경외과,R77,3,3,37210,28010
2018,신경외과,R78,2,19,382130,268830
2018,신경외과,R79,13,18,446790,318290
2018,신경외과,R80,24,40,745230,545230
2018,신경외과,R81,160,277,3850640,3085540
2018,신경외과,R82,9,9,137600,103000
2018,신경외과,R83,1,1,17470,13870
2018,신경외과,R84,1,1,52760,36960
2018,신경외과,R85,2,2,26260,23260
2018,신경외과,R86,1,1,32440,22740
2018,신경외과,R90,7,7,305320,227020
2018,신경외과,R91,17,22,685940,488240
2018,신경외과,R92,4,10,170130,121430
2018,신경외과,R93,2,2,43170,35870
2018,신경외과,R94,185,291,7423100,5326900
2018,신경외과,S00,8841,12117,355939420,260354900
2018,신경외과,S01,8095,20686,528426710,390180250
2018,신경외과,S02,560,1049,73287170,53919010
2018,신경외과,S03,1320,2416,56136400,40935210
2018,신경외과,S04,54,126,2589450,1965150
2018,신경외과,S05,81,104,4361130,3205630
2018,신경외과,S06,6837,10483,695688750,507931090
2018,신경외과,S07,92,290,6624510,5127210
2018,신경외과,S08,4,5,158220,111020
2018,신경외과,S09,180,237,8398290,6030990
2018,신경외과,S10,96,133,3461470,2488570
2018,신경외과,S11,96,210,4532730,3320330
2018,신경외과,S12,66,274,10666480,7731630
2018,신경외과,S13,52395,142691,4605005920,3297977210
2018,신경외과,S14,255,1193,68572260,51175000
2018,신경외과,S15,1,1,210090,147090
2018,신경외과,S16,6,13,247920,175820
2018,신경외과,S17,2,4,91640,64440
2018,신경외과,S19,1,1,30040,21040
2018,신경외과,S20,8824,15004,435630750,318104650
2018,신경외과,S21,305,713,16117050,12032230
2018,신경외과,S22,10589,34243,2275993100,1700242860
2018,신경외과,S23,22835,42537,1222954770,893607720
2018,신경외과,S24,13,62,2262020,1698060
2018,신경외과,S25,1,2,75660,56860
2018,신경외과,S27,12,36,1590390,1184580
2018,신경외과,S29,54,176,4182210,3251910
2018,신경외과,S30,2299,4687,127530820,94160020
2018,신경외과,S31,657,1515,33344580,25661850
2018,신경외과,S32,5079,21036,1771783440,1331548160
2018,신경외과,S33,93631,273546,9178651990,6658985150
2018,신경외과,S34,156,630,39796440,29290200
2018,신경외과,S35,9,32,2269640,1659330
2018,신경외과,S36,5,18,2168400,1605260
2018,신경외과,S37,5,24,441700,310900
2018,신경외과,S38,1,3,50990,35890
2018,신경외과,S39,24,42,2369860,1771250
2018,신경외과,S40,1739,4057,103312220,76540650
2018,신경외과,S41,452,1124,26337330,19712320
2018,신경외과,S42,1284,5334,221075140,165109220
2018,신경외과,S43,24717,73199,1931701330,1407819310
2018,신경외과,S44,114,338,8907790,6603310
2018,신경외과,S45,3,9,384790,269690
2018,신경외과,S46,6881,30020,1000290210,737083370
2018,신경외과,S47,3,8,150680,105980
2018,신경외과,S48,3,15,317760,300260
2018,신경외과,S49,20,39,963820,696720
2018,신경외과,S50,3361,6406,174223330,125929010
2018,신경외과,S51,1744,4957,124583150,92492040
2018,신경외과,S52,4260,23675,936955810,692328930
2018,신경외과,S53,12276,32384,846803050,611261430
2018,신경외과,S54,321,841,18847680,13620610
2018,신경외과,S55,13,40,1106750,835150
2018,신경외과,S56,562,1677,45286800,32537140
2018,신경외과,S57,16,37,930930,680930
2018,신경외과,S58,10,18,246480,194880
2018,신경외과,S59,39,76,2128130,1548390
2018,신경외과,S60,9728,15860,460652590,330419350
2018,신경외과,S61,17828,53329,1325835970,958786970
2018,신경외과,S62,7127,27002,926397290,666016920
2018,신경외과,S63,58800,119700,3413213720,2433101490
2018,신경외과,S64,210,586,14377790,10325830
2018,신경외과,S65,122,265,6601910,4716810
2018,신경외과,S66,1536,4876,179448500,129595620
2018,신경외과,S67,592,1747,56383830,40532940
2018,신경외과,S68,72,339,8818250,6520650
2018,신경외과,S69,150,270,7558010,5360710
2018,신경외과,S70,2992,5674,151212740,111683860
2018,신경외과,S71,524,1495,35682160,26563130
2018,신경외과,S72,484,1756,155625310,116952150
2018,신경외과,S73,4913,11575,303542860,223557400
2018,신경외과,S74,24,39,1010500,747100
2018,신경외과,S75,12,18,750200,572870
2018,신경외과,S76,1961,5299,162006300,117992000
2018,신경외과,S77,5,7,187410,133310
2018,신경외과,S78,14,24,531560,407860
2018,신경외과,S79,50,140,3345320,2371120
2018,신경외과,S80,11215,22190,594854870,433481030
2018,신경외과,S81,4267,13713,346521330,255831050
2018,신경외과,S82,3234,14716,937585680,694171030
2018,신경외과,S83,31163,85084,2572228710,1867795510
2018,신경외과,S84,95,277,9353400,6863110
2018,신경외과,S85,20,58,3943840,2981320
2018,신경외과,S86,3126,8945,285830370,206657580
2018,신경외과,S87,58,176,4447670,3252680
2018,신경외과,S88,20,29,831590,613690
2018,신경외과,S89,72,138,4368130,3150910
2018,신경외과,S90,9889,15633,450611280,323633100
2018,신경외과,S91,4626,12650,301165040,221376920
2018,신경외과,S92,8223,32163,1545407560,1124716250
2018,신경외과,S93,72922,165266,5141827370,3677220820
2018,신경외과,S94,60,122,2924480,2123680
2018,신경외과,S95,12,21,507990,363490
2018,신경외과,S96,1213,3691,124562750,90188500
2018,신경외과,S97,244,559,16215130,11652830
2018,신경외과,S98,7,19,776450,606010
2018,신경외과,S99,180,276,7414960,5295860
2018,신경외과,T00,208,420,10917650,8035180
2018,신경외과,T01,58,119,3287260,2400600
2018,신경외과,T02,1,3,46770,41770
2018,신경외과,T03,7,22,496360,394760
2018,신경외과,T04,5,9,220410,154710
2018,신경외과,T05,1,12,131400,113400
2018,신경외과,T06,1,1,15310,13810
2018,신경외과,T07,1,1,15310,10810
2018,신경외과,T08,17,37,3624100,2667790
2018,신경외과,T09,72,150,6547290,4847500
2018,신경외과,T10,1,1,79990,56090
2018,신경외과,T11,47,100,2386220,1728320
2018,신경외과,T12,2,2,177810,124510
2018,신경외과,T13,139,382,9200000,6667700
2018,신경외과,T14,2078,4835,115401140,83717320
2018,신경외과,T15,14,15,438810,307710
2018,신경외과,T16,19,25,727680,510480
2018,신경외과,T17,38,41,1211350,872350
2018,신경외과,T18,23,24,652720,482420
2018,신경외과,T19,5,5,184670,131670
2018,신경외과,T20,125,346,15363010,11066650
2018,신경외과,T21,223,782,27799560,19973060
2018,신경외과,T22,574,2224,76033550,54423790
2018,신경외과,T23,1356,4262,165136260,118236210
2018,신경외과,T24,518,2468,85879480,62451400
2018,신경외과,T25,458,1884,72420160,51897870
2018,신경외과,T26,4,16,428180,321480
2018,신경외과,T28,2,2,35770,25170
2018,신경외과,T29,12,28,786370,588870
2018,신경외과,T30,421,1683,66964540,48347940
2018,신경외과,T31,29,104,3804780,2712280
2018,신경외과,T33,87,133,2507610,1810310
2018,신경외과,T34,6,26,483830,421830
2018,신경외과,T35,10,19,287510,228010
2018,신경외과,T43,1,1,13340,11840
2018,신경외과,T50,1,1,10950,9450
2018,신경외과,T51,2,2,27970,24970
2018,신경외과,T52,2,2,706640,519660
2018,신경외과,T56,4,15,595890,447390
2018,신경외과,T58,1,2,219490,153790
2018,신경외과,T60,2,3,39180,34680
2018,신경외과,T63,155,194,5276440,3881440
2018,신경외과,T67,149,187,4970200,3732630
2018,신경외과,T69,16,20,363660,259560
2018,신경외과,T70,2,8,88990,62990
2018,신경외과,T73,47,55,995340,716140
2018,신경외과,T75,15,15,325050,228450
2018,신경외과,T78,581,1164,19897970,15630470
2018,신경외과,T79,391,788,17344590,13075550
2018,신경외과,T80,8,10,171790,122590
2018,신경외과,T81,175,453,10318780,8057680
2018,신경외과,T82,2,2,27500,22700
2018,신경외과,T84,13,26,6716620,5004590
2018,신경외과,T87,8,60,1010430,884630
2018,신경외과,T88,6,12,168250,129950
2018,신경외과,T90,50,265,4392130,3480230
2018,신경외과,T91,316,1712,40246860,32324910
2018,신경외과,T92,169,1144,24394900,18780440
2018,신경외과,T93,153,808,15549710,11807410
2018,신경외과,T94,1,8,156370,132770
2018,신경외과,T95,6,9,247760,173860
2018,신경외과,T98,1,3,54870,38570
2018,신경외과,U84,1,69,863570,842570
2018,신경외과,Z00,206,215,3732540,2843440
2018,신경외과,Z01,2,6,77750,54750
2018,신경외과,Z02,3,3,0,0
2018,신경외과,Z03,19,20,439760,326460
2018,신경외과,Z04,66,70,1112090,877890
2018,신경외과,Z09,1,1,30810,21610
2018,신경외과,Z13,1,1,21260,16860
2018,신경외과,Z20,2,2,28010,23110
2018,신경외과,Z23,10,10,354810,251010
2018,신경외과,Z24,3,3,0,0
2018,신경외과,Z25,37,39,277080,211180
2018,신경외과,Z26,17,26,601080,430780
2018,신경외과,Z27,2,2,86160,63560
2018,신경외과,Z29,5,5,101450,77550
2018,신경외과,Z30,30,48,1032650,726050
2018,신경외과,Z31,2,2,30620,21620
2018,신경외과,Z32,59,64,981700,780400
2018,신경외과,Z33,1,1,15310,10810
2018,신경외과,Z34,62,103,8219490,7400690
2018,신경외과,Z35,3,8,96320,68120
2018,신경외과,Z47,6,11,1214470,887740
2018,신경외과,Z48,979,2189,42916360,31643860
2018,신경외과,Z49,1,4,64090,44990
2018,신경외과,Z54,23,59,1058410,751810
2018,신경외과,Z58,1,1,30410,21310
2018,신경외과,Z63,2,2,1081010,791630
2018,신경외과,Z70,5,5,81460,69660
2018,신경외과,Z71,1161,1240,18996160,14457190
2018,신경외과,Z73,6,6,108700,79500
2018,신경외과,Z76,2,2,26260,18560
2018,신경외과,Z80,1,1,12820,11320
2018,신경외과,Z82,4,4,48340,35840
2018,신경외과,Z89,2,2,86410,62210
2018,신경외과,Z92,1,1,15310,13810
2018,신경외과,Z93,1,20,342760,309560
2018,신경외과,Z94,2,3,54280,46680
2018,신경외과,Z95,5,9,211560,172560
2018,신경외과,Z96,59,329,6063230,5180530
2018,신경외과,Z98,1331,3585,79934410,59962780
2018,신경외과,Z99,3,5,58220,48420
2018,흉부외과,A04,425,754,37091360,29233050
2018,흉부외과,A05,1,1,17210,12110
2018,흉부외과,A08,23,40,581100,413400
2018,흉부외과,A09,690,951,61215040,46205600
2018,흉부외과,A15,14,68,16397700,15616210
2018,흉부외과,A16,5,58,3451720,3082630
2018,흉부외과,A18,2,3,96960,87360
2018,흉부외과,A19,1,1,1812330,1747080
2018,흉부외과,A35,1,1,15310,10810
2018,흉부외과,A49,2,2,30620,24620
2018,흉부외과,A56,1,1,15310,10810
2018,흉부외과,A59,1,1,20910,14710
2018,흉부외과,A75,4,4,2176290,1640400
2018,흉부외과,B00,209,271,3932410,2935610
2018,흉부외과,B01,15,27,407340,304540
2018,흉부외과,B02,370,1464,61135200,47334220
2018,흉부외과,B07,49,60,1622690,1174190
2018,흉부외과,B08,8,9,286590,201190
2018,흉부외과,B17,3,3,217710,167270
2018,흉부외과,B18,2,5,258000,182600
2018,흉부외과,B26,2,3,39640,27940
2018,흉부외과,B30,17,30,335790,263790
2018,흉부외과,B33,5,5,121300,87600
2018,흉부외과,B35,1241,3210,40074420,29910720
2018,흉부외과,B36,5,5,74020,58920
2018,흉부외과,B37,21,33,497820,415520
2018,흉부외과,B48,1,2,30620,27620
2018,흉부외과,B86,5,6,78580,57680
2018,흉부외과,B88,1,3,35240,24840
2018,흉부외과,C15,3,15,244960,226060
2018,흉부외과,C16,10,29,1855310,1648030
2018,흉부외과,C18,12,65,1335110,1246550
2018,흉부외과,C19,1,2,40070,38170
2018,흉부외과,C20,3,6,951860,844040
2018,흉부외과,C22,7,24,6610220,6114550
2018,흉부외과,C24,1,1,601810,462400
2018,흉부외과,C25,3,5,135550,128950
2018,흉부외과,C34,49,206,45640520,41314550
2018,흉부외과,C37,2,10,174760,160160
2018,흉부외과,C38,1,5,2766390,2387660
2018,흉부외과,C44,2,7,147460,123660
2018,흉부외과,C50,18,54,2225310,2005420
2018,흉부외과,C53,1,1,17830,12530
2018,흉부외과,C64,1,1,87920,83620
2018,흉부외과,C73,4,16,608720,539100
2018,흉부외과,C78,2,30,8254400,7542610
2018,흉부외과,C83,2,24,1541910,1425980
2018,흉부외과,C84,1,10,160890,153190
2018,흉부외과,C85,3,14,1001510,903800
2018,흉부외과,C88,1,4,75780,72180
2018,흉부외과,C90,2,4,138990,132290
2018,흉부외과,C92,2,12,511590,486490
2018,흉부외과,D02,1,1,27710,19410
2018,흉부외과,D09,1,6,65700,46500
2018,흉부외과,D14,1,1,15310,10810
2018,흉부외과,D15,5,9,161110,133010
2018,흉부외과,D17,152,386,17773290,12697570
2018,흉부외과,D18,9,11,643780,451480
2018,흉부외과,D21,57,140,5009360,3679960
2018,흉부외과,D23,133,665,24276080,17651880
2018,흉부외과,D24,3,6,176310,133380
2018,흉부외과,D26,1,1,15310,10810
2018,흉부외과,D27,1,1,24820,19920
2018,흉부외과,D34,1,2,21900,15500
2018,흉부외과,D36,7,21,972730,683830
2018,흉부외과,D47,1,9,329110,230610
2018,흉부외과,D48,3,11,594570,416570
2018,흉부외과,D50,72,113,1980100,1462400
2018,흉부외과,D64,7,7,127610,94710
2018,흉부외과,D66,1,3,37210,33710
2018,흉부외과,D69,2,2,84350,59050
2018,흉부외과,E03,66,198,3777140,2768840
2018,흉부외과,E04,9,16,481330,357030
2018,흉부외과,E05,16,74,1553720,1144020
2018,흉부외과,E10,46,176,14840580,11405850
2018,흉부외과,E11,1076,5055,97207290,74569220
2018,흉부외과,E13,16,72,1028860,797460
2018,흉부외과,E14,89,449,7762990,6792390
2018,흉부외과,E15,1,2,20150,17150
2018,흉부외과,E21,1,3,32850,28350
2018,흉부외과,E28,4,12,136180,101280
2018,흉부외과,E32,1,1,23880,16780
2018,흉부외과,E50,17,26,326130,236830
2018,흉부외과,E53,1,1,10950,9950
2018,흉부외과,E55,22,26,612890,436690
2018,흉부외과,E58,3,3,43830,38930
2018,흉부외과,E66,14,16,134620,95220
2018,흉부외과,E78,782,2565,44436830,32953130
2018,흉부외과,E87,1,1,53430,37430
2018,흉부외과,E89,1,5,54750,38750
2018,흉부외과,F00,98,352,7361750,5770850
2018,흉부외과,F01,1,1,16420,14820
2018,흉부외과,F03,14,87,799260,641560
2018,흉부외과,F06,80,154,2418000,1926500
2018,흉부외과,F10,1,1,5470,3970
2018,흉부외과,F20,5,6,70480,53880
2018,흉부외과,F25,1,1,15310,10810
2018,흉부외과,F31,1,1,19110,13410
2018,흉부외과,F32,43,80,988870,831270
2018,흉부외과,F33,3,3,41010,30610
2018,흉부외과,F34,27,55,741070,570570
2018,흉부외과,F38,33,36,508370,380170
2018,흉부외과,F40,1,1,13340,9340
2018,흉부외과,F41,255,550,7496640,6020040
2018,흉부외과,F43,2,2,26300,18600
2018,흉부외과,F45,3,3,42430,37930
2018,흉부외과,F48,27,29,1905150,1339750
2018,흉부외과,F50,1,1,16230,14630
2018,흉부외과,F51,146,289,3807600,3102300
2018,흉부외과,F52,3,4,13340,9340
2018,흉부외과,F70,1,1,15310,10810
2018,흉부외과,F90,1,9,100940,71340
2018,흉부외과,F95,1,1,15310,10810
2018,흉부외과,G12,1,1,22990,20790
2018,흉부외과,G20,15,62,775540,672740
2018,흉부외과,G23,5,10,136530,111330
2018,흉부외과,G24,15,17,242270,179270
2018,흉부외과,G25,60,117,2351370,1732470
2018,흉부외과,G30,2,4,87490,67090
2018,흉부외과,G31,1427,2855,46864890,37577990
2018,흉부외과,G40,9,41,523710,379410
2018,흉부외과,G41,1,1,5470,3970
2018,흉부외과,G43,402,625,10377940,7855970
2018,흉부외과,G44,97,156,4220190,3025060
2018,흉부외과,G45,1,11,133330,116730
2018,흉부외과,G47,371,1176,15429380,12253480
2018,흉부외과,G50,19,33,566810,443310
2018,흉부외과,G51,11,31,431460,362060
2018,흉부외과,G52,2,2,30620,24620
2018,흉부외과,G53,69,193,3450390,2731060
2018,흉부외과,G54,1,1,17180,12080
2018,흉부외과,G55,2,15,205930,173830
2018,흉부외과,G56,77,177,6778400,4947470
2018,흉부외과,G57,21,67,1606990,1241690
2018,흉부외과,G58,44,72,2004420,1468020
2018,흉부외과,G62,2,2,31440,28140
2018,흉부외과,G63,4,10,166350,136350
2018,흉부외과,G64,3,6,42680,31180
2018,흉부외과,G90,3,3,43340,33540
2018,흉부외과,G99,1,1,19110,13410
2018,흉부외과,H00,54,72,1252540,912240
2018,흉부외과,H01,60,65,1037170,768770
2018,흉부외과,H04,44,68,982080,784480
2018,흉부외과,H05,1,1,15310,13810
2018,흉부외과,H06,1,1,17210,12110
2018,흉부외과,H10,214,254,3931440,2898240
2018,흉부외과,H11,1,1,19110,13410
2018,흉부외과,H16,16,24,708730,497830
2018,흉부외과,H18,1,1,7980,5680
2018,흉부외과,H19,1,1,10950,7750
2018,흉부외과,H25,6,10,116250,97850
2018,흉부외과,H36,8,29,327130,283530
2018,흉부외과,H40,7,14,160320,136920
2018,흉부외과,H57,1,1,19110,17210
2018,흉부외과,H60,117,169,2596380,1938780
2018,흉부외과,H61,6,11,325600,228400
2018,흉부외과,H65,2,3,45620,32020
2018,흉부외과,H66,37,50,751980,551580
2018,흉부외과,H72,1,1,12820,9020
2018,흉부외과,H81,199,291,6353540,5056280
2018,흉부외과,H91,2,2,306430,238420
2018,흉부외과,H92,2,2,30620,24620
2018,흉부외과,H93,15,24,286850,242050
2018,흉부외과,I05,6,13,275730,200730
2018,흉부외과,I08,1,1,22570,15870
2018,흉부외과,I10,3863,24469,405674650,318000990
2018,흉부외과,I11,86,549,7012750,5759650
2018,흉부외과,I12,1,1,15310,13810
2018,흉부외과,I13,2,21,249040,178840
2018,흉부외과,I20,772,3971,95189820,71370920
2018,흉부외과,I21,11,43,986320,755420
2018,흉부외과,I22,1,1,23880,19180
2018,흉부외과,I24,6,6,230240,173800
2018,흉부외과,I25,28,55,798780,623580
2018,흉부외과,I26,1,4,57870,51470
2018,흉부외과,I34,2,3,32850,23250
2018,흉부외과,I35,1,1,15310,13810
2018,흉부외과,I38,1,1,19110,13410
2018,흉부외과,I42,5,18,407300,322900
2018,흉부외과,I47,7,50,821060,603560
2018,흉부외과,I48,13,31,815910,609610
2018,흉부외과,I49,33,73,2283810,1655110
2018,흉부외과,I50,25,90,3479290,2613560
2018,흉부외과,I51,4,4,244570,171370
2018,흉부외과,I63,22,143,2490000,2105450
2018,흉부외과,I64,172,491,10100710,8195080
2018,흉부외과,I65,4,9,339730,253630
2018,흉부외과,I67,474,959,18208960,14386650
2018,흉부외과,I68,1,4,52520,46520
2018,흉부외과,I69,37,134,2228340,1909540
2018,흉부외과,I70,83,192,3120640,2521640
2018,흉부외과,I71,18,53,913850,740550
2018,흉부외과,I73,173,298,8552270,6820770
2018,흉부외과,I74,14,20,261480,205380
2018,흉부외과,I77,2,2,140870,101770
2018,흉부외과,I78,52,85,1304220,924420
2018,흉부외과,I79,15,23,383060,306660
2018,흉부외과,I80,172,354,12961450,9495750
2018,흉부외과,I82,24,50,1251980,887280
2018,흉부외과,I83,34473,86161,4332153960,3242847730
2018,흉부외과,I86,42,57,1081690,770890
2018,흉부외과,I87,3121,4253,111077430,79942190
2018,흉부외과,I88,9,10,693370,535470
2018,흉부외과,I89,61,95,4046880,2930380
2018,흉부외과,I95,4,4,226600,173040
2018,흉부외과,I97,1,1,25600,18000
2018,흉부외과,I99,1,1,23530,16530
2018,흉부외과,J00,1450,2409,34329160,26856360
2018,흉부외과,J01,663,990,19266990,13957370
2018,흉부외과,J02,208,307,4497070,3352370
2018,흉부외과,J03,804,1067,21534240,16086260
2018,흉부외과,J04,164,181,3010260,2240160
2018,흉부외과,J06,4116,6880,105091220,77847520
2018,흉부외과,J10,216,250,13365120,10129130
2018,흉부외과,J11,125,149,2129090,1679390
2018,흉부외과,J12,28,44,586470,432070
2018,흉부외과,J15,172,1300,25057670,19167470
2018,흉부외과,J16,1,1,15310,10810
2018,흉부외과,J18,1037,2351,715767780,546378700
2018,흉부외과,J20,4764,9067,164183470,123491590
2018,흉부외과,J21,221,424,8052340,6333560
2018,흉부외과,J22,439,821,11752500,8657000
2018,흉부외과,J30,1230,2398,35409350,27314150
2018,흉부외과,J31,3,5,115550,86850
2018,흉부외과,J32,13,20,1229020,987430
2018,흉부외과,J34,48,64,1034090,734590
2018,흉부외과,J35,2,2,28650,23150
2018,흉부외과,J36,946,1233,64789800,49980520
2018,흉부외과,J39,133,219,2907970,2240370
2018,흉부외과,J40,9055,17504,328843220,244701430
2018,흉부외과,J41,117,183,3200980,2389380
2018,흉부외과,J42,714,1657,131870270,101094750
2018,흉부외과,J43,6,7,123360,97760
2018,흉부외과,J44,225,1031,40117590,31454570
2018,흉부외과,J45,2285,9571,281217670,213093150
2018,흉부외과,J46,17,30,22100450,17723670
2018,흉부외과,J47,28,50,1227600,903400
2018,흉부외과,J84,10,24,2680660,2080620
2018,흉부외과,J85,2,4,2825320,2187850
2018,흉부외과,J86,1,1,27170,19070
2018,흉부외과,J90,17,39,3618460,2685240
2018,흉부외과,J93,60,111,14212910,10767560
2018,흉부외과,J94,7,9,212040,155540
2018,흉부외과,J96,1,1,15310,13810
2018,흉부외과,J98,8,10,214080,162580
2018,흉부외과,K04,3,4,64490,54190
2018,흉부외과,K05,61,96,1396270,1111670
2018,흉부외과,K07,16,34,1622630,1151430
2018,흉부외과,K08,1,1,15310,10810
2018,흉부외과,K11,8,9,139360,99360
2018,흉부외과,K12,51,62,961010,744810
2018,흉부외과,K13,2,3,134430,94230
2018,흉부외과,K14,47,54,911850,694650
2018,흉부외과,K20,19,43,535230,387530
2018,흉부외과,K21,756,1291,33860280,24917720
2018,흉부외과,K22,5,8,322750,237050
2018,흉부외과,K25,616,1600,62030160,45618240
2018,흉부외과,K26,6,8,306050,222650
2018,흉부외과,K27,30,81,990160,797660
2018,흉부외과,K28,1,1,15310,10810
2018,흉부외과,K29,3245,5471,146627700,118256280
2018,흉부외과,K30,148,173,2595660,2061460
2018,흉부외과,K31,2,2,26260,18560
2018,흉부외과,K35,11,18,409830,287630
2018,흉부외과,K40,3,4,45970,39970
2018,흉부외과,K41,1,2,39120,30920
2018,흉부외과,K42,1,1,15310,10810
2018,흉부외과,K43,2,7,126300,88900
2018,흉부외과,K46,3,3,73940,55040
2018,흉부외과,K52,1489,2018,36805860,27571750
2018,흉부외과,K55,1,5,61920,43520
2018,흉부외과,K56,13,18,5386830,4186860
2018,흉부외과,K58,816,1336,20145680,15677070
2018,흉부외과,K59,561,805,12722030,9811590
2018,흉부외과,K60,5,6,87600,61800
2018,흉부외과,K61,5,9,149310,122410
2018,흉부외과,K63,1,1,65300,45800
2018,흉부외과,K64,123,241,3365230,2626530
2018,흉부외과,K65,1,1,79690,55790
2018,흉부외과,K70,31,67,4289010,3133190
2018,흉부외과,K71,5,11,1737260,1310490
2018,흉부외과,K73,8,32,822870,612710
2018,흉부외과,K74,9,12,350250,245950
2018,흉부외과,K75,192,325,23449470,17204570
2018,흉부외과,K76,165,260,7742300,5649190
2018,흉부외과,K80,11,24,574250,430750
2018,흉부외과,K81,5,9,815560,633390
2018,흉부외과,K82,1,2,33320,30120
2018,흉부외과,K85,3,5,2495420,1954880
2018,흉부외과,K86,8,8,392620,280020
2018,흉부외과,K91,1,1,10950,9450
2018,흉부외과,L01,56,73,1291090,985490
2018,흉부외과,L02,938,3058,63051510,47233810
2018,흉부외과,L03,1183,2338,52472970,39565010
2018,흉부외과,L04,363,486,12501510,9164360
2018,흉부외과,L08,161,295,5660020,4354460
2018,흉부외과,L13,2,3,45410,33710
2018,흉부외과,L20,515,1150,16393480,13092780
2018,흉부외과,L21,63,95,1337410,1030010
2018,흉부외과,L23,2161,3313,52362420,40110260
2018,흉부외과,L24,165,368,5648350,4588550
2018,흉부외과,L25,138,192,2775830,2155430
2018,흉부외과,L27,15,19,601580,448810
2018,흉부외과,L28,1,1,10960,9460
2018,흉부외과,L29,91,117,1679690,1327490
2018,흉부외과,L30,250,477,7537370,5634070
2018,흉부외과,L40,20,77,1115080,872880
2018,흉부외과,L50,331,581,8240310,6141110
2018,흉부외과,L53,5,5,80350,56650
2018,흉부외과,L55,3,3,68690,48190
2018,흉부외과,L59,27,27,491930,346430
2018,흉부외과,L60,190,790,19905940,14510440
2018,흉부외과,L63,6,10,151980,107180
2018,흉부외과,L64,2,6,70080,49580
2018,흉부외과,L65,1,1,19110,13410
2018,흉부외과,L66,1,1,15310,10810
2018,흉부외과,L70,10,12,171910,121210
2018,흉부외과,L71,5,5,72520,57220
2018,흉부외과,L72,140,477,15341700,11007600
2018,흉부외과,L73,5,5,85900,60500
2018,흉부외과,L74,222,361,4615610,3278210
2018,흉부외과,L75,447,942,29177160,21617740
2018,흉부외과,L80,1,1,15310,10810
2018,흉부외과,L81,9,14,301520,212120
2018,흉부외과,L83,1,2,224150,156950
2018,흉부외과,L84,234,1030,28645550,20631650
2018,흉부외과,L85,10,12,179280,139180
2018,흉부외과,L89,10,39,717220,594920
2018,흉부외과,L90,2,12,232690,163890
2018,흉부외과,L91,8,17,423220,300320
2018,흉부외과,L92,21,74,2743750,1955050
2018,흉부외과,L95,3,3,45930,32430
2018,흉부외과,L98,8,19,410610,332410
2018,흉부외과,M00,2,2,41040,28840
2018,흉부외과,M05,6,199,2561300,2293100
2018,흉부외과,M06,62,360,6088840,4991140
2018,흉부외과,M08,2,2,34830,26230
2018,흉부외과,M10,295,742,13456560,9961920
2018,흉부외과,M11,1,4,60620,42720
2018,흉부외과,M12,2,2,34830,28630
2018,흉부외과,M13,718,2054,68720510,51265940
2018,흉부외과,M14,2,6,66810,56110
2018,흉부외과,M15,158,4011,67486920,60656220
2018,흉부외과,M16,17,57,1035680,865180
2018,흉부외과,M17,2389,11615,302598240,231904650
2018,흉부외과,M18,4,4,119490,83790
2018,흉부외과,M19,177,262,5085910,3832310
2018,흉부외과,M20,4,5,87060,66660
2018,흉부외과,M21,1,1,16200,12800
2018,흉부외과,M22,12,15,441090,309590
2018,흉부외과,M23,37,67,1670930,1221070
2018,흉부외과,M24,32,332,5540590,4612990
2018,흉부외과,M25,1727,5064,143777050,102306090
2018,흉부외과,M32,1,2,39850,36050
2018,흉부외과,M35,100,139,2235070,1729870
2018,흉부외과,M41,5,152,2523950,2267250
2018,흉부외과,M43,21,743,13446710,10908970
2018,흉부외과,M45,3,12,155690,127290
2018,흉부외과,M47,892,5288,123286530,100667540
2018,흉부외과,M48,3846,18201,443699570,351054420
2018,흉부외과,M49,4,11,820100,576700
2018,흉부외과,M50,252,1692,34545750,27344630
2018,흉부외과,M51,340,1354,52254800,39972140
2018,흉부외과,M53,240,754,14976050,11863550
2018,흉부외과,M54,4425,19367,432140290,337563640
2018,흉부외과,M60,3,3,90300,63400
2018,흉부외과,M62,110,164,2772120,2108720
2018,흉부외과,M65,502,770,15836410,11751420
2018,흉부외과,M67,149,236,7524550,5417650
2018,흉부외과,M70,19,22,515850,371350
2018,흉부외과,M71,39,85,2189970,1553570
2018,흉부외과,M72,106,199,3389240,2548840
2018,흉부외과,M75,1723,6687,118966370,95172680
2018,흉부외과,M76,69,125,2112350,1509450
2018,흉부외과,M77,429,1099,30419020,21654930
2018,흉부외과,M79,2950,3838,69663340,51061940
2018,흉부외과,M80,48,140,5678760,4160160
2018,흉부외과,M81,1198,7178,189906860,145413430
2018,흉부외과,M84,3,4,81440,57140
2018,흉부외과,M86,3,24,461880,324280
2018,흉부외과,M89,6,12,245940,172740
2018,흉부외과,M92,4,4,87660,61660
2018,흉부외과,M94,93,114,2545230,1810630
2018,흉부외과,M95,10,12,360370,260670
2018,흉부외과,M99,4,84,1092890,946990
2018,흉부외과,N00,18,33,677630,481730
2018,흉부외과,N02,1,1,58350,40850
2018,흉부외과,N03,1,1,10950,9450
2018,흉부외과,N08,1,1,7980,5680
2018,흉부외과,N10,49,85,26685630,20439280
2018,흉부외과,N11,2,2,42130,29630
2018,흉부외과,N12,51,144,3641970,2678270
2018,흉부외과,N13,1,1,249590,196120
2018,흉부외과,N18,960,2574,2378263440,2092298080
2018,흉부외과,N19,2,3,114010,79910
2018,흉부외과,N20,15,17,634200,448900
2018,흉부외과,N21,26,33,1208890,861620
2018,흉부외과,N23,1,1,15790,14290
2018,흉부외과,N30,615,1189,20644540,15389040
2018,흉부외과,N31,56,139,2168670,1770570
2018,흉부외과,N32,12,16,195410,154510
2018,흉부외과,N34,52,85,1693410,1205910
2018,흉부외과,N36,83,129,1787680,1461480
2018,흉부외과,N39,352,815,15249960,11870560
2018,흉부외과,N40,463,1411,21204870,16963170
2018,흉부외과,N41,62,95,5048670,3913220
2018,흉부외과,N43,1,1,11500,9100
2018,흉부외과,N45,8,11,235840,168040
2018,흉부외과,N48,11,12,212630,151330
2018,흉부외과,N60,5,5,76550,57050
2018,흉부외과,N61,2,2,32080,24280
2018,흉부외과,N62,84,310,68193180,51563340
2018,흉부외과,N63,1,1,19110,17210
2018,흉부외과,N64,4,4,66380,48980
2018,흉부외과,N73,2,3,1290860,1007790
2018,흉부외과,N76,6,9,136650,96250
2018,흉부외과,N77,10,14,223830,157130
2018,흉부외과,N94,27,40,553510,398010
2018,흉부외과,N95,44,165,2094330,1587030
2018,흉부외과,N99,1,14,266820,234520
2018,흉부외과,P10,1,1,10950,7750
2018,흉부외과,Q21,4,8,142530,107130
2018,흉부외과,Q25,1,1,19110,13410
2018,흉부외과,Q27,13,26,975590,690190
2018,흉부외과,Q43,1,1,15310,10810
2018,흉부외과,Q67,24,24,535650,382850
2018,흉부외과,Q76,5,8,151470,106470
2018,흉부외과,Q78,1,1,15310,10810
2018,흉부외과,Q83,11,48,3518400,2466200
2018,흉부외과,Q87,2,4,207840,183540
2018,흉부외과,R00,24,24,689020,503420
2018,흉부외과,R03,5,6,150720,105920
2018,흉부외과,R04,9,11,177610,139810
2018,흉부외과,R05,14,14,295830,212730
2018,흉부외과,R06,11,11,336510,239310
2018,흉부외과,R07,923,1081,42039330,29781160
2018,흉부외과,R09,10,11,265310,188410
2018,흉부외과,R10,38,46,1061190,761490
2018,흉부외과,R11,7,7,248130,181730
2018,흉부외과,R17,11,13,622950,439350
2018,흉부외과,R19,1,8,357000,250500
2018,흉부외과,R20,6,6,91300,64400
2018,흉부외과,R22,11,11,173100,126500
2018,흉부외과,R23,20,23,465840,335740
2018,흉부외과,R25,4,4,56880,44880
2018,흉부외과,R26,2,2,36220,28520
2018,흉부외과,R29,1,1,15310,10810
2018,흉부외과,R30,4,4,111890,78590
2018,흉부외과,R31,7,7,134890,101090
2018,흉부외과,R32,2,2,30620,27620
2018,흉부외과,R35,12,14,244660,177860
2018,흉부외과,R36,1,3,32850,23250
2018,흉부외과,R39,2,2,28460,21760
2018,흉부외과,R41,6,7,99310,76410
2018,흉부외과,R42,153,192,4021080,3042920
2018,흉부외과,R50,9,10,444380,329540
2018,흉부외과,R51,39,50,775750,590150
2018,흉부외과,R52,28,35,918900,671000
2018,흉부외과,R53,13,13,163050,118350
2018,흉부외과,R55,125,162,4635660,3516140
2018,흉부외과,R56,2,2,30620,24620
2018,흉부외과,R58,1,1,10950,9450
2018,흉부외과,R59,2,4,64310,45210
2018,흉부외과,R60,314,358,13202630,10411530
2018,흉부외과,R61,1821,3475,1086809290,866837140
2018,흉부외과,R63,70,78,1136320,934720
2018,흉부외과,R73,34,44,737750,566350
2018,흉부외과,R74,1,1,10950,7750
2018,흉부외과,R80,1,2,32260,22760
2018,흉부외과,R81,1,1,16420,11520
2018,흉부외과,R91,1,1,22570,15870
2018,흉부외과,R93,1,1,187140,131040
2018,흉부외과,R94,6,7,301930,214130
2018,흉부외과,S00,208,259,8161740,6035130
2018,흉부외과,S01,454,1435,38581850,28690810
2018,흉부외과,S02,9,9,239030,167630
2018,흉부외과,S03,39,50,954430,697030
2018,흉부외과,S05,9,9,168840,121140
2018,흉부외과,S06,3,3,646440,485540
2018,흉부외과,S07,1,1,15310,13810
2018,흉부외과,S10,3,3,56270,39570
2018,흉부외과,S11,2,4,74800,52700
2018,흉부외과,S13,960,2844,52323680,39275710
2018,흉부외과,S15,1,1,22890,16090
2018,흉부외과,S17,1,1,21070,14770
2018,흉부외과,S20,132,175,5165540,3874790
2018,흉부외과,S21,19,60,1322110,1034110
2018,흉부외과,S22,349,814,59687340,44939860
2018,흉부외과,S23,811,1191,28501090,20818590
2018,흉부외과,S30,39,74,2214470,1782500
2018,흉부외과,S31,42,85,2937380,2244360
2018,흉부외과,S32,73,165,24467480,18646070
2018,흉부외과,S33,1746,4936,90859630,68049330
2018,흉부외과,S40,25,45,980160,754260
2018,흉부외과,S41,18,32,650280,499480
2018,흉부외과,S42,31,77,2366270,1724130
2018,흉부외과,S43,717,3116,52841220,41393700
2018,흉부외과,S46,30,248,6264460,4567720
2018,흉부외과,S49,3,4,91970,68870
2018,흉부외과,S50,62,97,2312770,1685270
2018,흉부외과,S51,100,536,12209400,9804320
2018,흉부외과,S52,129,459,20098130,14621630
2018,흉부외과,S53,317,609,12462300,9202400
2018,흉부외과,S55,1,1,15310,10810
2018,흉부외과,S56,7,14,613390,430190
2018,흉부외과,S57,1,1,21020,16820
2018,흉부외과,S60,142,227,5009380,3611980
2018,흉부외과,S61,940,3055,74220320,54344720
2018,흉부외과,S62,257,867,29158120,21002600
2018,흉부외과,S63,995,1477,37464300,26719100
2018,흉부외과,S64,1,1,55520,38920
2018,흉부외과,S65,4,7,448090,313990
2018,흉부외과,S66,24,138,9171610,6901830
2018,흉부외과,S67,94,146,4004150,2906250
2018,흉부외과,S68,1,1,43700,30600
2018,흉부외과,S69,6,16,377690,291490
2018,흉부외과,S70,40,70,1601150,1249280
2018,흉부외과,S71,23,64,1810390,1305490
2018,흉부외과,S72,6,53,2932620,2305990
2018,흉부외과,S73,23,43,908040,680740
2018,흉부외과,S76,15,58,2122200,1534800
2018,흉부외과,S79,2,2,34010,23910
2018,흉부외과,S80,217,374,8783540,6385060
2018,흉부외과,S81,279,804,19080200,14307400
2018,흉부외과,S82,87,270,17524920,12974890
2018,흉부외과,S83,708,1478,29869110,22051580
2018,흉부외과,S84,1,1,19110,13410
2018,흉부외과,S85,2,2,378500,268100
2018,흉부외과,S86,47,88,2337190,1743800
2018,흉부외과,S87,4,6,129850,108650
2018,흉부외과,S89,5,10,216520,163720
2018,흉부외과,S90,171,228,5338480,3873680
2018,흉부외과,S91,258,654,15022550,11326930
2018,흉부외과,S92,221,737,39760070,29052190
2018,흉부외과,S93,1392,2162,55748620,39994950
2018,흉부외과,S94,1,1,15310,10810
2018,흉부외과,S96,7,31,5108110,4007330
2018,흉부외과,S97,50,78,2039620,1485920
2018,흉부외과,S98,1,1,24100,16900
2018,흉부외과,S99,3,4,79480,55780
2018,흉부외과,T00,1,1,12890,11390
2018,흉부외과,T01,6,18,293400,206400
2018,흉부외과,T05,1,1,23060,16160
2018,흉부외과,T11,1,2,21880,15480
2018,흉부외과,T13,2,2,30620,21620
2018,흉부외과,T14,20,30,1723510,1267210
2018,흉부외과,T15,5,5,114890,80690
2018,흉부외과,T16,6,6,160590,112590
2018,흉부외과,T17,21,21,617730,438230
2018,흉부외과,T18,3,4,95800,75100
2018,흉부외과,T20,18,56,2056790,1481990
2018,흉부외과,T21,25,103,3537230,2497830
2018,흉부외과,T22,75,353,12811810,9010410
2018,흉부외과,T23,155,511,19971980,14306980
2018,흉부외과,T24,64,346,14449610,10354460
2018,흉부외과,T25,60,413,21331460,15629560
2018,흉부외과,T30,33,82,1937970,1417970
2018,흉부외과,T33,13,16,283800,205400
2018,흉부외과,T35,1,2,38220,26820
2018,흉부외과,T60,2,3,53470,42070
2018,흉부외과,T63,37,41,649040,495740
2018,흉부외과,T65,1,1,15310,10810
2018,흉부외과,T67,11,12,657900,484260
2018,흉부외과,T78,3,21,285720,204520
2018,흉부외과,T79,2,2,63800,44800
2018,흉부외과,T80,1,1,65840,46140
2018,흉부외과,T81,13,69,1452510,1027810
2018,흉부외과,Z00,180,184,2904820,2076920
2018,흉부외과,Z03,5,5,123230,91330
2018,흉부외과,Z09,399,740,8401750,6221750
2018,흉부외과,Z11,3,3,58740,43040
2018,흉부외과,Z20,1,1,13340,9340
2018,흉부외과,Z25,1,1,67990,47690
2018,흉부외과,Z29,3,3,40930,31130
2018,흉부외과,Z35,3,14,184150,129050
2018,흉부외과,Z48,312,358,6396970,4771370
2018,흉부외과,Z54,4,4,85660,60160
2018,흉부외과,Z71,19,19,295140,211240
2018,흉부외과,Z94,8,26,7717670,5403970
2018,흉부외과,Z95,1,6,189600,133200
2018,흉부외과,Z98,56,157,3198510,2304610
2018,성형외과,A04,23,30,3098040,2414940
2018,성형외과,A05,1,1,10950,7750
2018,성형외과,A06,1,1,25710,20410
2018,성형외과,A08,4,9,190110,133610
2018,성형외과,A09,154,223,6488710,5002840
2018,성형외과,A15,1,1,21020,14720
2018,성형외과,A22,1,1,15310,10810
2018,성형외과,A26,1,1,19110,13410
2018,성형외과,A35,2,2,138080,96680
2018,성형외과,A46,1,1,21040,14740
2018,성형외과,A49,13,21,445910,313310
2018,성형외과,A60,8,12,177620,135420
2018,성형외과,A63,1,1,19110,13410
2018,성형외과,A69,1,2,84460,59260
2018,성형외과,A77,1,1,23040,16140
2018,성형외과,B00,994,1266,20270230,14744330
2018,성형외과,B01,5,7,104480,76480
2018,성형외과,B02,661,1173,22845130,16546330
2018,성형외과,B07,1342,3177,157317450,111037330
2018,성형외과,B08,171,240,7085060,5201360
2018,성형외과,B09,29,34,1102860,786560
2018,성형외과,B17,2,2,47180,33180
2018,성형외과,B18,5,26,1048810,735910
2018,성형외과,B22,1,2,31820,22420
2018,성형외과,B26,2,4,96550,67850
2018,성형외과,B30,7,7,118570,83470
2018,성형외과,B35,2477,3972,60968770,44719770
2018,성형외과,B36,123,154,2466510,1761510
2018,성형외과,B37,10,16,222750,172950
2018,성형외과,B43,10,16,357960,254660
2018,성형외과,B46,3,3,45930,32430
2018,성형외과,B47,1,1,15310,10810
2018,성형외과,B48,1,4,154080,107980
2018,성형외과,B49,18,24,352120,259120
2018,성형외과,B83,10,11,195360,138360
2018,성형외과,B85,2,2,34420,24220
2018,성형외과,B86,20,22,343380,261680
2018,성형외과,B87,1,1,12660,8960
2018,성형외과,B88,143,196,3710150,2633650
2018,성형외과,C06,1,1,10950,7750
2018,성형외과,C09,1,5,99070,94370
2018,성형외과,C16,4,20,352100,332100
2018,성형외과,C18,3,3,51020,47620
2018,성형외과,C20,1,1,24820,23620
2018,성형외과,C22,1,1,573630,504070
2018,성형외과,C32,1,5,90050,85750
2018,성형외과,C34,2,6,644410,569950
2018,성형외과,C43,6,16,714970,524570
2018,성형외과,C44,27,128,7802860,6579160
2018,성형외과,C49,4,16,675930,628950
2018,성형외과,C50,132,584,64757460,57480800
2018,성형외과,C56,1,1,10950,10450
2018,성형외과,C64,1,2,197350,177720
2018,성형외과,C69,1,7,594790,433590
2018,성형외과,C73,6,17,344390,299890
2018,성형외과,C76,1,1,15310,10810
2018,성형외과,C79,1,1,15310,10810
2018,성형외과,C80,1,1,21020,20020
2018,성형외과,C90,1,3,54340,51740
2018,성형외과,C92,2,2,42040,40040
2018,성형외과,D00,1,4,72100,52800
2018,성형외과,D01,1,2,74900,60000
2018,성형외과,D03,3,3,45930,35430
2018,성형외과,D04,2,3,107990,87790
2018,성형외과,D05,15,37,3285710,3119580
2018,성형외과,D07,2,8,188210,138810
2018,성형외과,D10,22,44,2379060,1771060
2018,성형외과,D11,3,3,45930,32430
2018,성형외과,D12,1,2,30620,21520
2018,성형외과,D13,1,5,676410,513080
2018,성형외과,D14,1,8,487260,365360
2018,성형외과,D16,92,322,20629840,14764990
2018,성형외과,D17,1801,5103,258886430,183920010
2018,성형외과,D18,98,278,11804980,8391510
2018,성형외과,D19,4,12,765750,536750
2018,성형외과,D21,495,1502,80988990,58355700
2018,성형외과,D22,94,161,3945560,2957500
2018,성형외과,D23,2893,8327,355053440,254926030
2018,성형외과,D24,1313,1932,127576270,96756730
2018,성형외과,D27,1,1,21020,14720
2018,성형외과,D28,1,1,232600,162900
2018,성형외과,D29,3,8,655870,496050
2018,성형외과,D30,1,1,15310,10810
2018,성형외과,D31,1,1,15310,13810
2018,성형외과,D32,1,1,21020,20020
2018,성형외과,D34,9,9,338540,237640
2018,성형외과,D36,175,480,26547890,18740310
2018,성형외과,D38,1,3,81940,57640
2018,성형외과,D48,24,80,6385350,4534750
2018,성형외과,D50,14,33,425270,322370
2018,성형외과,D64,1,1,15310,13810
2018,성형외과,D69,19,27,384760,304260
2018,성형외과,D76,1,1,16660,11760
2018,성형외과,D77,1,1,699520,534740
2018,성형외과,E03,28,62,1067490,773790
2018,성형외과,E04,60,89,2706700,1899900
2018,성형외과,E05,6,29,1061640,744340
2018,성형외과,E06,3,4,104400,73300
2018,성형외과,E07,175,192,4521890,3185390
2018,성형외과,E10,19,217,5666870,4092340
2018,성형외과,E11,73,524,11048840,8311260
2018,성형외과,E13,5,6,98580,72380
2018,성형외과,E14,16,136,2897330,2149830
2018,성형외과,E24,1,1,15310,13810
2018,성형외과,E26,1,1,15310,10810
2018,성형외과,E50,83,111,1667510,1214310
2018,성형외과,E55,2,2,28650,23150
2018,성형외과,E56,10,17,271670,195370
2018,성형외과,E58,3,3,39600,27900
2018,성형외과,E61,2,5,132460,93160
2018,성형외과,E66,103,195,2582420,1825620
2018,성형외과,E78,85,179,5611910,3998630
2018,성형외과,E79,1,4,53090,37390
2018,성형외과,E80,1,1,39980,28080
2018,성형외과,E88,6,11,799440,560340
2018,성형외과,E89,1,2,28650,20150
2018,성형외과,F00,3,31,355160,308660
2018,성형외과,F01,1,20,225750,195750
2018,성형외과,F02,1,2,21900,18900
2018,성형외과,F03,11,65,753380,638780
2018,성형외과,F06,5,5,75990,57090
2018,성형외과,F07,1,20,223360,193360
2018,성형외과,F31,2,4,61240,55240
2018,성형외과,F32,3,10,116700,92400
2018,성형외과,F34,1,2,24290,17090
2018,성형외과,F39,1,1,15310,10810
2018,성형외과,F40,5,5,238100,180410
2018,성형외과,F41,14,22,177970,134870
2018,성형외과,F45,2,2,27970,19770
2018,성형외과,F48,19,28,536880,392180
2018,성형외과,F50,36,84,1146400,809500
2018,성형외과,F51,31,63,877300,649100
2018,성형외과,F52,5,7,102810,75610
2018,성형외과,F54,11,12,211470,152670
2018,성형외과,G05,1,1,10950,9450
2018,성형외과,G20,1,20,225750,195750
2018,성형외과,G24,112,163,2351940,1674640
2018,성형외과,G25,1,6,65700,56700
2018,성형외과,G30,1,3,37210,32710
2018,성형외과,G40,1,6,65700,56700
2018,성형외과,G43,25,34,853090,630110
2018,성형외과,G44,25,47,716950,512350
2018,성형외과,G47,124,327,5228040,3905440
2018,성형외과,G50,1,1,15310,10810
2018,성형외과,G51,10,18,598330,440930
2018,성형외과,G53,41,56,887470,700370
2018,성형외과,G54,1,1,15310,10810
2018,성형외과,G56,46,103,7296820,5614070
2018,성형외과,G57,3,6,371240,269440
2018,성형외과,G58,1,1,15310,10810
2018,성형외과,G61,3,3,41570,32370
2018,성형외과,G64,17,52,1416870,994070
2018,성형외과,G70,2,2,36330,25530
2018,성형외과,G72,1,1,21680,15180
2018,성형외과,G93,53,81,1200640,883440
2018,성형외과,H00,291,492,9603520,6816820
2018,성형외과,H01,498,641,10138780,7346280
2018,성형외과,H02,896,2018,318527760,225278180
2018,성형외과,H03,1,1,10950,7750
2018,성형외과,H04,135,209,2941650,2115350
2018,성형외과,H05,17,23,8363370,6666150
2018,성형외과,H06,1,1,16460,11560
2018,성형외과,H10,274,405,6418410,4639410
2018,성형외과,H11,50,79,1289010,925910
2018,성형외과,H16,32,38,491420,350020
2018,성형외과,H18,2,4,41640,29440
2018,성형외과,H25,1,1,74050,51850
2018,성형외과,H26,2,2,89520,62720
2018,성형외과,H27,1,1,74050,51850
2018,성형외과,H33,7,7,511130,358030
2018,성형외과,H34,1,1,74050,51850
2018,성형외과,H35,8,8,424630,300530
2018,성형외과,H36,4,5,278110,195010
2018,성형외과,H40,8,12,330260,244460
2018,성형외과,H43,9,9,670250,469350
2018,성형외과,H44,7,8,114600,83700
2018,성형외과,H49,1,1,68080,47680
2018,성형외과,H50,2,2,93160,65360
2018,성형외과,H52,13,14,214340,163340
2018,성형외과,H53,1,1,15310,10810
2018,성형외과,H55,1,1,15310,10810
2018,성형외과,H57,1,1,19110,13410
2018,성형외과,H59,2,3,57330,40230
2018,성형외과,H60,75,124,2550460,1796060
2018,성형외과,H61,4,6,122500,90800
2018,성형외과,H65,5,8,739470,589320
2018,성형외과,H66,2,3,38310,29010
2018,성형외과,H68,1,1,0,0
2018,성형외과,H81,15,15,503140,367750
2018,성형외과,H92,2,2,45510,31910
2018,성형외과,H93,4,25,978050,740350
2018,성형외과,I08,1,1,20330,14330
2018,성형외과,I10,222,813,10952200,8286010
2018,성형외과,I11,4,68,776270,674070
2018,성형외과,I15,3,9,107270,75870
2018,성형외과,I20,4,13,243920,188420
2018,성형외과,I21,1,3,32850,23250
2018,성형외과,I35,1,2,26260,18560
2018,성형외과,I47,1,2,30620,21620
2018,성형외과,I49,2,2,30620,21620
2018,성형외과,I50,1,1,21020,14720
2018,성형외과,I63,8,51,831440,687210
2018,성형외과,I69,2,2,21900,18900
2018,성형외과,I70,4,5,63470,54270
2018,성형외과,I73,2,4,52520,43520
2018,성형외과,I77,1,1,15310,10810
2018,성형외과,I78,38,46,736240,523140
2018,성형외과,I80,8,8,173710,122110
2018,성형외과,I82,1,1,29080,20380
2018,성형외과,I83,38,61,5253120,3961060
2018,성형외과,I87,3,3,65810,49310
2018,성형외과,I88,5,5,89400,62800
2018,성형외과,I89,7,7,124200,91000
2018,성형외과,J00,338,556,7859550,5664310
2018,성형외과,J01,55,91,1309660,951960
2018,성형외과,J02,429,627,9999710,7220690
2018,성형외과,J03,86,126,2431730,1762100
2018,성형외과,J04,41,56,840910,608610
2018,성형외과,J05,1,2,50630,35530
2018,성형외과,J06,137,199,3234730,2340010
2018,성형외과,J10,31,37,2904460,2235950
2018,성형외과,J11,21,23,322880,229580
2018,성형외과,J15,4,10,1541500,1243980
2018,성형외과,J16,1,1,17470,13870
2018,성형외과,J18,1,1,10950,9450
2018,성형외과,J20,286,527,9276280,6681130
2018,성형외과,J21,10,12,160790,115090
2018,성형외과,J22,10,21,360430,255130
2018,성형외과,J30,564,942,33256060,23630000
2018,성형외과,J31,199,346,71022210,55390850
2018,성형외과,J32,635,923,166288370,125327170
2018,성형외과,J33,960,1394,101703560,71326860
2018,성형외과,J34,4236,10756,2040572760,1587160510
2018,성형외과,J35,5,11,1201070,927070
2018,성형외과,J36,5,7,105130,78830
2018,성형외과,J37,4,5,71630,50530
2018,성형외과,J38,1,1,57700,40400
2018,성형외과,J39,1,2,21900,15500
2018,성형외과,J40,35,49,706560,519960
2018,성형외과,J41,4,11,45440,32040
2018,성형외과,J42,2,2,26260,21560
2018,성형외과,J43,1,1,15310,13810
2018,성형외과,J44,1,1,19110,17210
2018,성형외과,J45,17,44,1038890,782690
2018,성형외과,J47,2,3,392200,295330
2018,성형외과,J81,1,1,31240,21940
2018,성형외과,J90,1,2,40790,31690
2018,성형외과,J93,1,1,21020,20020
2018,성형외과,J98,1,1,15310,10810
2018,성형외과,K00,1,2,24290,17090
2018,성형외과,K05,7,11,118640,83740
2018,성형외과,K07,105,156,2444380,1725880
2018,성형외과,K08,4,4,58240,41040
2018,성형외과,K09,5,12,822880,576980
2018,성형외과,K10,4,4,70300,49400
2018,성형외과,K11,4,5,176660,123860
2018,성형외과,K12,29,43,1256130,897340
2018,성형외과,K13,50,53,821860,599660
2018,성형외과,K14,1,1,20000,15800
2018,성형외과,K20,1,1,15310,10810
2018,성형외과,K21,97,225,3688830,2898030
2018,성형외과,K25,15,20,781410,601820
2018,성형외과,K26,2,5,161210,116510
2018,성형외과,K27,1,2,26260,18560
2018,성형외과,K29,577,966,25516440,18481790
2018,성형외과,K30,39,56,756660,545660
2018,성형외과,K31,1,1,15310,10810
2018,성형외과,K40,1,2,39120,30920
2018,성형외과,K42,2,11,386140,270940
2018,성형외과,K50,1,1,15310,10810
2018,성형외과,K52,11,30,430870,328370
2018,성형외과,K56,2,2,46100,41500
2018,성형외과,K58,17,26,315670,241970
2018,성형외과,K59,34,65,914640,710670
2018,성형외과,K60,1,1,19110,13410
2018,성형외과,K61,4,4,56880,43180
2018,성형외과,K62,1,1,15310,10810
2018,성형외과,K64,4,6,90690,68890
2018,성형외과,K65,1,1,17410,12210
2018,성형외과,K70,10,14,496190,365730
2018,성형외과,K71,4,6,227470,190250
2018,성형외과,K73,1,1,0,0
2018,성형외과,K74,3,5,897820,677740
2018,성형외과,K75,3,6,142210,100010
2018,성형외과,K76,12,20,388200,293270
2018,성형외과,K80,4,26,834510,647510
2018,성형외과,K81,3,8,158240,111240
2018,성형외과,K92,4,4,37210,26310
2018,성형외과,L00,1,1,15310,13810
2018,성형외과,L01,235,383,7370790,5399190
2018,성형외과,L02,3258,6285,145222170,103497970
2018,성형외과,L03,1237,2391,55884720,40809930
2018,성형외과,L04,34,68,1253880,881780
2018,성형외과,L05,18,68,1491740,1048740
2018,성형외과,L08,639,1289,28736410,20817320
2018,성형외과,L10,2,2,35770,25170
2018,성형외과,L11,6,6,99460,73060
2018,성형외과,L12,1,1,15310,10810
2018,성형외과,L13,47,71,1218440,865840
2018,성형외과,L14,1,2,51510,36110
2018,성형외과,L20,1372,2158,34750720,25436320
2018,성형외과,L21,1273,1771,26901410,19717310
2018,성형외과,L23,9199,14265,235723850,170032950
2018,성형외과,L24,1648,2265,38227480,27692680
2018,성형외과,L25,1115,1746,26874220,19578020
2018,성형외과,L27,102,121,2000920,1469220
2018,성형외과,L28,468,840,21521940,15277240
2018,성형외과,L29,263,341,5263070,3900070
2018,성형외과,L30,1698,2376,40410420,29157020
2018,성형외과,L40,198,602,13915390,10000690
2018,성형외과,L41,5,10,156200,109900
2018,성형외과,L42,40,45,706830,514230
2018,성형외과,L43,5,9,177430,130930
2018,성형외과,L44,4,4,66820,49820
2018,성형외과,L45,1,1,15310,10810
2018,성형외과,L50,2634,3865,64712700,46942700
2018,성형외과,L51,16,20,337220,248520
2018,성형외과,L52,3,5,75220,61320
2018,성형외과,L53,18,19,293490,213290
2018,성형외과,L55,69,116,3029400,2157200
2018,성형외과,L56,69,91,1371350,1011650
2018,성형외과,L57,70,102,1907400,1380200
2018,성형외과,L59,3,120,2758340,2184340
2018,성형외과,L60,181,451,10623040,7686160
2018,성형외과,L63,387,1286,39296310,27617010
2018,성형외과,L64,83,133,1941680,1388280
2018,성형외과,L65,30,37,759220,540420
2018,성형외과,L66,32,59,945200,687700
2018,성형외과,L70,298,456,6212550,4394550
2018,성형외과,L71,105,168,2228880,1605580
2018,성형외과,L72,2604,7532,325290630,230083890
2018,성형외과,L73,135,201,3652430,2574730
2018,성형외과,L74,65,72,1206210,891710
2018,성형외과,L75,339,950,126725630,93749610
2018,성형외과,L80,95,768,34599730,24302730
2018,성형외과,L81,147,161,2406080,1739580
2018,성형외과,L82,36,53,1211600,912800
2018,성형외과,L83,3,3,47170,33070
2018,성형외과,L84,818,1945,76712110,54703700
2018,성형외과,L85,499,693,11006270,8426870
2018,성형외과,L86,5,5,80350,56650
2018,성형외과,L89,38,156,4906490,3629340
2018,성형외과,L90,676,890,16678960,12041160
2018,성형외과,L91,957,1971,53733600,38010710
2018,성형외과,L92,71,163,5859920,4165870
2018,성형외과,L94,3,8,290630,203930
2018,성형외과,L95,5,9,103150,82450
2018,성형외과,L97,15,191,7792470,5785050
2018,성형외과,L98,35,154,4639490,3612370
2018,성형외과,M02,1,3,41430,36730
2018,성형외과,M05,1,2,40070,36070
2018,성형외과,M06,5,5,68250,49750
2018,성형외과,M07,1,3,41570,37070
2018,성형외과,M10,20,45,720850,509050
2018,성형외과,M12,1,1,15310,13810
2018,성형외과,M13,22,37,661400,486200
2018,성형외과,M15,2,3,41050,33550
2018,성형외과,M17,72,103,1998200,1522500
2018,성형외과,M19,3,3,43960,36960
2018,성형외과,M20,20,62,17014110,13104110
2018,성형외과,M21,3,4,64480,45380
2018,성형외과,M22,1,2,35480,24980
2018,성형외과,M24,14,32,5526470,4401130
2018,성형외과,M25,48,71,1347230,1026830
2018,성형외과,M33,1,1,12660,11460
2018,성형외과,M35,1,1,10950,9950
2018,성형외과,M36,1,2,26260,18560
2018,성형외과,M45,2,6,97240,87740
2018,성형외과,M46,1,1,0,0
2018,성형외과,M47,2,3,405750,300360
2018,성형외과,M48,8,12,188080,148480
2018,성형외과,M50,4,7,149550,108250
2018,성형외과,M51,5,6,125970,88470
2018,성형외과,M53,1,1,15300,10800
2018,성형외과,M54,35,56,736560,554560
2018,성형외과,M60,25,38,2513060,1865290
2018,성형외과,M61,2,12,232950,163950
2018,성형외과,M62,33,39,703210,515110
2018,성형외과,M65,223,444,20858420,16008760
2018,성형외과,M67,99,296,15218010,11494650
2018,성형외과,M70,23,27,629950,442450
2018,성형외과,M71,11,14,501720,352020
2018,성형외과,M72,57,215,21146060,15657010
2018,성형외과,M75,17,25,483150,348150
2018,성형외과,M76,4,4,83220,58520
2018,성형외과,M77,32,62,1123180,795980
2018,성형외과,M79,366,716,29614870,21052770
2018,성형외과,M81,1,6,95660,67460
2018,성형외과,M84,3,4,2908160,2268780
2018,성형외과,M85,3,10,676940,474540
2018,성형외과,M86,3,28,662290,475490
2018,성형외과,M91,1,1,21020,14720
2018,성형외과,M92,2,2,42360,32760
2018,성형외과,M93,1,2,34360,24160
2018,성형외과,M94,1,1,24530,17230
2018,성형외과,M95,26,29,5205010,4130270
2018,성형외과,N00,1,1,0,0
2018,성형외과,N10,7,7,1864070,1434300
2018,성형외과,N18,4,6,363940,272470
2018,성형외과,N20,2,2,43110,30210
2018,성형외과,N21,2,10,147740,104240
2018,성형외과,N30,40,44,673080,475680
2018,성형외과,N31,3,4,56880,40180
2018,성형외과,N32,5,6,85800,60400
2018,성형외과,N34,4,5,62310,43910
2018,성형외과,N36,1,1,12660,8960
2018,성형외과,N39,50,141,38301710,30292150
2018,성형외과,N40,65,129,1624510,1260510
2018,성형외과,N41,4,8,86360,64360
2018,성형외과,N48,1,1,10950,7750
2018,성형외과,N60,443,493,9934980,7189150
2018,성형외과,N61,21,40,1096400,795000
2018,성형외과,N62,1322,2305,993712580,772428800
2018,성형외과,N63,266,295,7623380,5377750
2018,성형외과,N64,762,821,16212920,11475090
2018,성형외과,N73,1,4,62070,43670
2018,성형외과,N75,10,14,1311290,918790
2018,성형외과,N76,52,69,1025340,725740
2018,성형외과,N81,1,1,15310,10810
2018,성형외과,N91,3,3,96470,67670
2018,성형외과,N92,4,5,63470,44870
2018,성형외과,N93,11,13,181630,128030
2018,성형외과,N94,11,18,233410,168210
2018,성형외과,N95,53,124,1693240,1204340
2018,성형외과,N97,1,1,19110,13410
2018,성형외과,Q10,3,3,275880,193380
2018,성형외과,Q17,284,1503,511553200,456103150
2018,성형외과,Q18,12,22,1008430,729430
2018,성형외과,Q22,1,5,89600,80800
2018,성형외과,Q27,1,1,15310,10810
2018,성형외과,Q35,2,2,30620,21620
2018,성형외과,Q36,2,2,34420,24220
2018,성형외과,Q37,2,2,30620,21620
2018,성형외과,Q38,4,10,287050,212650
2018,성형외과,Q66,3,3,60560,44360
2018,성형외과,Q67,19,20,315350,229150
2018,성형외과,Q69,4,6,309110,242110
2018,성형외과,Q70,2,2,50510,35510
2018,성형외과,Q75,1,1,19110,13410
2018,성형외과,Q78,1,1,15310,10810
2018,성형외과,Q80,1,1,15310,10810
2018,성형외과,Q82,60,121,4251210,3060310
2018,성형외과,Q83,117,324,63039440,49239790
2018,성형외과,Q84,5,13,370510,266710
2018,성형외과,Q85,27,114,15272800,13198400
2018,성형외과,Q87,2,48,8536660,7586070
2018,성형외과,Q89,2,2,37220,28120
2018,성형외과,R00,11,13,191080,143780
2018,성형외과,R04,12,13,348490,256490
2018,성형외과,R05,18,23,293570,208810
2018,성형외과,R06,1,1,15310,10810
2018,성형외과,R07,9,23,355510,281510
2018,성형외과,R09,2,2,10950,7750
2018,성형외과,R10,36,42,695880,498550
2018,성형외과,R11,27,32,673760,479260
2018,성형외과,R12,86,169,4800940,3381100
2018,성형외과,R14,1,1,19140,13440
2018,성형외과,R15,1,4,56880,50880
2018,성형외과,R19,1,1,15310,10810
2018,성형외과,R20,4,8,110620,89620
2018,성형외과,R21,4,4,69730,50830
2018,성형외과,R22,1008,2458,133233760,94133740
2018,성형외과,R23,37,55,876340,624740
2018,성형외과,R25,2,3,41010,28910
2018,성형외과,R30,1,1,15310,10810
2018,성형외과,R31,1,1,25560,17960
2018,성형외과,R32,1,1,15310,10810
2018,성형외과,R35,1,1,15310,13810
2018,성형외과,R42,17,22,489770,351670
2018,성형외과,R43,1,1,302810,237420
2018,성형외과,R45,1,1,0,0
2018,성형외과,R50,15,18,1023420,759120
2018,성형외과,R51,20,25,378110,272010
2018,성형외과,R52,27,34,648670,466370
2018,성형외과,R53,2,2,0,0
2018,성형외과,R55,1,1,30140,21140
2018,성형외과,R59,5,8,350250,245650
2018,성형외과,R60,43,63,2425290,1786250
2018,성형외과,R61,12,23,1517930,1066730
2018,성형외과,R63,7,11,418210,303710
2018,성형외과,R68,2,3,51640,42340
2018,성형외과,R73,1,1,16720,11720
2018,성형외과,R76,1,1,19110,13410
2018,성형외과,R80,1,2,34860,24460
2018,성형외과,R81,1,7,76070,53770
2018,성형외과,R84,2,2,28100,22100
2018,성형외과,R91,3,3,70520,49620
2018,성형외과,R92,170,172,4952310,3479410
2018,성형외과,R94,5,7,183410,128910
2018,성형외과,S00,6522,19187,423503060,314521700
2018,성형외과,S01,33089,107472,3181601950,2339843030
2018,성형외과,S02,828,2519,288760880,221535470
2018,성형외과,S03,3,4,69820,49120
2018,성형외과,S04,4,5,87120,67320
2018,성형외과,S05,45,69,1746240,1260650
2018,성형외과,S06,4,4,73150,53850
2018,성형외과,S07,914,4975,164713870,122444760
2018,성형외과,S08,10,32,7752590,6020670
2018,성형외과,S09,600,2565,132630650,105415680
2018,성형외과,S10,39,105,2090350,1484050
2018,성형외과,S11,37,113,2800690,1976090
2018,성형외과,S13,134,143,3341010,2383510
2018,성형외과,S15,2,3,90030,65030
2018,성형외과,S20,42,115,2538830,1874830
2018,성형외과,S21,27,88,2030870,1457470
2018,성형외과,S22,11,15,1973100,1458980
2018,성형외과,S23,22,22,583830,413930
2018,성형외과,S29,1,4,93880,65780
2018,성형외과,S30,56,142,3245560,2387660
2018,성형외과,S31,48,151,3407060,2477060
2018,성형외과,S32,10,17,1441520,1053140
2018,성형외과,S33,387,425,10055210,7229710
2018,성형외과,S40,59,177,3945490,2878790
2018,성형외과,S41,56,205,6559490,4753200
2018,성형외과,S42,8,13,276520,202920
2018,성형외과,S43,45,61,1295570,917870
2018,성형외과,S44,1,3,58140,40940
2018,성형외과,S45,1,1,21020,14720
2018,성형외과,S46,3,6,167980,119980
2018,성형외과,S49,1,3,824230,577130
2018,성형외과,S50,204,606,16251850,11916240
2018,성형외과,S51,281,1033,41227350,30591360
2018,성형외과,S52,9,24,755920,543820
2018,성형외과,S53,23,35,703950,509750
2018,성형외과,S55,4,12,2347690,1845270
2018,성형외과,S56,19,73,12352850,9556130
2018,성형외과,S57,2,12,469980,354680
2018,성형외과,S59,1,3,62750,44050
2018,성형외과,S60,486,1242,32275460,23555230
2018,성형외과,S61,3022,10370,359875790,264827160
2018,성형외과,S62,194,1482,199116860,152225240
2018,성형외과,S63,206,384,21521660,16166890
2018,성형외과,S64,37,189,43761670,34519910
2018,성형외과,S65,52,242,35907700,27387820
2018,성형외과,S66,288,1748,205853930,158766840
2018,성형외과,S67,220,1657,220284620,171344160
2018,성형외과,S68,241,1680,554495550,433265710
2018,성형외과,S69,77,432,19881750,14694370
2018,성형외과,S70,52,172,4523200,3332200
2018,성형외과,S71,66,255,7161810,5157200
2018,성형외과,S72,5,5,627220,473010
2018,성형외과,S73,7,8,153610,116710
2018,성형외과,S76,3,11,724120,507720
2018,성형외과,S77,2,10,260590,182890
2018,성형외과,S79,1,13,539360,378160
2018,성형외과,S80,528,1912,45981420,33406080
2018,성형외과,S81,777,3363,87691520,62824470
2018,성형외과,S82,23,38,1437390,1010190
2018,성형외과,S83,56,76,1751410,1241310
2018,성형외과,S85,2,2,32550,22950
2018,성형외과,S86,20,128,8195080,6232130
2018,성형외과,S87,6,28,1398410,1132970
2018,성형외과,S89,2,10,907450,800750
2018,성형외과,S90,288,649,16683630,12477900
2018,성형외과,S91,420,1444,37028210,27258300
2018,성형외과,S92,36,97,3255850,2307850
2018,성형외과,S93,158,214,5856340,4152240
2018,성형외과,S94,2,2,537010,505420
2018,성형외과,S95,5,13,908330,669470
2018,성형외과,S96,7,40,2578400,1925290
2018,성형외과,S97,13,74,9612690,7519870
2018,성형외과,S98,3,21,9206530,7126820
2018,성형외과,S99,5,45,979600,688000
2018,성형외과,T00,88,223,4372280,3101180
2018,성형외과,T01,177,490,13899510,10019610
2018,성형외과,T03,1,1,15310,13810
2018,성형외과,T09,14,55,1204070,848670
2018,성형외과,T11,10,17,461190,323590
2018,성형외과,T13,21,71,1991360,1416460
2018,성형외과,T14,1031,2514,67412290,48629850
2018,성형외과,T15,4,4,209500,146900
2018,성형외과,T16,3,7,331000,231900
2018,성형외과,T17,96,183,6233310,4386010
2018,성형외과,T18,1,1,21020,14720
2018,성형외과,T20,906,3342,233250760,174466030
2018,성형외과,T21,314,1549,105196850,79758630
2018,성형외과,T22,786,3435,180552710,132857990
2018,성형외과,T23,1672,6705,391007730,293926130
2018,성형외과,T24,858,4436,283756910,212245460
2018,성형외과,T25,426,2433,198722150,152738610
2018,성형외과,T26,10,26,1177610,826210
2018,성형외과,T28,1,5,214210,150310
2018,성형외과,T29,135,345,14125800,9964500
2018,성형외과,T30,209,557,21520340,15174840
2018,성형외과,T31,42,149,7964830,5690230
2018,성형외과,T33,11,40,848450,601550
2018,성형외과,T34,1,1,53100,37200
2018,성형외과,T35,8,12,215700,151600
2018,성형외과,T48,1,1,10950,7750
2018,성형외과,T63,53,61,1010320,767520
2018,성형외과,T69,16,20,317080,223380
2018,성형외과,T78,485,566,11515230,8396820
2018,성형외과,T79,9,18,535760,375860
2018,성형외과,T81,57,275,7907660,5863620
2018,성형외과,T82,1,1,21020,14720
2018,성형외과,T85,10,10,155240,109540
2018,성형외과,T87,2,11,4287790,3223850
2018,성형외과,T88,25,38,755140,561640
2018,성형외과,T90,2,2,37220,28120
2018,성형외과,T91,1,1,15310,10810
2018,성형외과,T92,22,33,716460,520560
2018,성형외과,T93,2,2,42930,32030
2018,성형외과,T94,51,54,791860,575960
2018,성형외과,T95,5,5,99840,70240
2018,성형외과,T98,2,6,309500,217100
2018,성형외과,Z00,2,2,30620,21620
2018,성형외과,Z04,1,1,29570,26670
2018,성형외과,Z11,1,1,64420,45120
2018,성형외과,Z20,1,1,15310,10810
2018,성형외과,Z29,6,7,95920,67620
2018,성형외과,Z30,2,2,40830,28730
2018,성형외과,Z31,1,2,91640,64240
2018,성형외과,Z36,1,1,29570,20770
2018,성형외과,Z41,56,62,989490,700790
2018,성형외과,Z42,144,151,2416490,1720290
2018,성형외과,Z48,116,192,3685830,2733430
2018,성형외과,Z71,5,6,87830,63330
2018,성형외과,Z88,1,1,15310,10810
2018,성형외과,Z90,140,895,69753910,56772210
2018,성형외과,Z94,1,1,15310,10810
2018,성형외과,Z95,1,2,26260,23260
2018,성형외과,Z97,4,4,105900,74400
2018,성형외과,Z98,165,534,10229670,7435740
2018,마취통증의학과,A04,284,371,6213510,4632880
2018,마취통증의학과,A05,30,37,1369290,1068790
2018,마취통증의학과,A06,1,1,12700,8900
2018,마취통증의학과,A07,1,1,15320,10820
2018,마취통증의학과,A08,131,166,2731370,2004970
2018,마취통증의학과,A09,1779,2414,42848380,31990400
2018,마취통증의학과,A15,1,2,21910,18910
2018,마취통증의학과,A16,2,62,1504440,1492440
2018,마취통증의학과,A18,2,12,1139060,798060
2018,마취통증의학과,A26,1,2,40120,30620
2018,마취통증의학과,A31,1,12,189750,150750
2018,마취통증의학과,A35,4,4,107340,78440
2018,마취통증의학과,A41,1,1,34050,23850
2018,마취통증의학과,A46,2,2,31950,24550
2018,마취통증의학과,A48,1,2,210860,161760
2018,마취통증의학과,A49,58,96,2378670,1825390
2018,마취통증의학과,A53,1,1,15310,10810
2018,마취통증의학과,A54,2,3,46910,38510
2018,마취통증의학과,A56,2,2,15200,13700
2018,마취통증의학과,A59,3,4,48160,34060
2018,마취통증의학과,A60,39,63,1214150,897850
2018,마취통증의학과,A63,5,8,399380,279980
2018,마취통증의학과,A66,1,1,15310,10810
2018,마취통증의학과,A69,36,64,1504770,1166370
2018,마취통증의학과,A75,1,1,0,0
2018,마취통증의학과,A77,1,3,47760,33560
2018,마취통증의학과,A86,1,1,15310,10810
2018,마취통증의학과,A87,2,2,31510,23610
2018,마취통증의학과,A88,6,12,144480,121780
2018,마취통증의학과,B00,1942,2754,50871430,37636440
2018,마취통증의학과,B01,19,30,1100260,825750
2018,마취통증의학과,B02,15635,48064,2700290990,1950952710
2018,마취통증의학과,B07,118,218,7297130,5188230
2018,마취통증의학과,B08,37,51,1112590,822790
2018,마취통증의학과,B09,7,10,133140,105040
2018,마취통증의학과,B16,9,18,311850,244050
2018,마취통증의학과,B17,6,6,139880,110180
2018,마취통증의학과,B18,100,176,6327890,4500190
2018,마취통증의학과,B19,2,2,110300,77400
2018,마취통증의학과,B26,6,10,455770,323370
2018,마취통증의학과,B30,18,31,390160,278760
2018,마취통증의학과,B33,8,16,232710,166910
2018,마취통증의학과,B34,2,4,43800,32700
2018,마취통증의학과,B35,5742,11518,162971930,123778930
2018,마취통증의학과,B36,69,97,1317410,964110
2018,마취통증의학과,B37,98,145,2828910,2137310
2018,마취통증의학과,B43,5,7,182970,128470
2018,마취통증의학과,B44,1,2,122480,85880
2018,마취통증의학과,B46,2,2,30180,24180
2018,마취통증의학과,B47,23,53,700990,548590
2018,마취통증의학과,B48,3,6,109020,82620
2018,마취통증의학과,B49,7,8,141310,99510
2018,마취통증의학과,B66,11,31,359020,259920
2018,마취통증의학과,B81,1,1,286360,200460
2018,마취통증의학과,B83,4,8,121470,105170
2018,마취통증의학과,B85,11,11,154950,112850
2018,마취통증의학과,B86,19,23,319090,237290
2018,마취통증의학과,B87,1,1,16660,15660
2018,마취통증의학과,B88,38,59,1494190,1079890
2018,마취통증의학과,B89,1,1,10950,7750
2018,마취통증의학과,B90,1,1,58370,40870
2018,마취통증의학과,B98,5,5,196600,142400
2018,마취통증의학과,B99,2,2,41620,29320
2018,마취통증의학과,C00,1,6,95340,85440
2018,마취통증의학과,C03,1,22,1165560,1108560
2018,마취통증의학과,C06,2,40,687160,654760
2018,마취통증의학과,C07,1,1,169660,161260
2018,마취통증의학과,C09,1,2,26260,25060
2018,마취통증의학과,C10,1,4,71370,50270
2018,마취통증의학과,C11,2,10,637290,606090
2018,마취통증의학과,C15,5,8,394240,330640
2018,마취통증의학과,C16,39,351,16983530,15612060
2018,마취통증의학과,C17,2,14,234590,221590
2018,마취통증의학과,C18,31,292,26466460,23205420
2018,마취통증의학과,C19,2,101,5387290,5080090
2018,마취통증의학과,C20,10,77,6635790,5758950
2018,마취통증의학과,C21,1,2,24290,21290
2018,마취통증의학과,C22,16,46,4473550,3444390
2018,마취통증의학과,C23,4,8,847970,815720
2018,마취통증의학과,C24,5,28,902730,858930
2018,마취통증의학과,C25,10,73,2684560,2440660
2018,마취통증의학과,C30,2,6,2142310,1830810
2018,마취통증의학과,C32,4,15,793360,754160
2018,마취통증의학과,C34,40,219,16369060,14391200
2018,마취통증의학과,C37,1,8,87600,83600
2018,마취통증의학과,C39,1,1,29170,20470
2018,마취통증의학과,C40,2,3,516020,415020
2018,마취통증의학과,C41,4,4,878000,638200
2018,마취통증의학과,C43,2,19,3305570,2725240
2018,마취통증의학과,C44,8,33,896380,852280
2018,마취통증의학과,C46,1,3,437640,383910
2018,마취통증의학과,C47,1,1,15310,10810
2018,마취통증의학과,C49,4,10,251370,235570
2018,마취통증의학과,C50,172,1133,229921610,193526640
2018,마취통증의학과,C53,14,93,11657740,9999890
2018,마취통증의학과,C54,8,60,3181050,2928200
2018,마취통증의학과,C55,3,18,3507310,3026750
2018,마취통증의학과,C56,18,78,13116810,11589540
2018,마취통증의학과,C57,3,36,1360850,1215250
2018,마취통증의학과,C61,17,236,8763780,7968450
2018,마취통증의학과,C64,5,20,2940770,2469410
2018,마취통증의학과,C65,1,1,15310,15310
2018,마취통증의학과,C66,1,33,497240,473840
2018,마취통증의학과,C67,8,17,984810,949110
2018,마취통증의학과,C69,1,2,75280,60280
2018,마취통증의학과,C70,1,1,39050,31250
2018,마취통증의학과,C71,7,51,7002460,6114650
2018,마취통증의학과,C72,1,1,82230,78130
2018,마취통증의학과,C73,46,349,26185920,22920480
2018,마취통증의학과,C76,2,4,201810,144810
2018,마취통증의학과,C77,1,1,12700,11200
2018,마취통증의학과,C78,4,18,731870,679870
2018,마취통증의학과,C79,3,10,1143820,858720
2018,마취통증의학과,C80,10,51,2158390,1831110
2018,마취통증의학과,C82,1,4,222640,211740
2018,마취통증의학과,C83,1,10,471420,448520
2018,마취통증의학과,C85,2,4,480140,453540
2018,마취통증의학과,C86,1,4,1690300,1322780
2018,마취통증의학과,C88,3,7,506040,450540
2018,마취통증의학과,C90,7,43,955200,907200
2018,마취통증의학과,C92,3,33,1394980,1327280
2018,마취통증의학과,C93,1,1,15310,14610
2018,마취통증의학과,C95,1,1,15310,14610
2018,마취통증의학과,C96,2,2,117570,111770
2018,마취통증의학과,D00,2,41,620100,595600
2018,마취통증의학과,D01,3,9,346340,328540
2018,마취통증의학과,D02,2,5,193740,184240
2018,마취통증의학과,D03,1,2,33320,30120
2018,마취통증의학과,D04,1,1,13340,12740
2018,마취통증의학과,D05,11,72,7608200,6649370
2018,마취통증의학과,D06,4,25,916800,721100
2018,마취통증의학과,D07,1,20,1147050,1090750
2018,마취통증의학과,D09,2,4,221590,210690
2018,마취통증의학과,D10,1,1,10950,7750
2018,마취통증의학과,D11,1,1,15310,10810
2018,마취통증의학과,D12,3,4,58900,52900
2018,마취통증의학과,D13,3,4,81370,66170
2018,마취통증의학과,D14,2,2,29450,24950
2018,마취통증의학과,D16,29,60,4353980,3336390
2018,마취통증의학과,D17,279,452,13755530,10005370
2018,마취통증의학과,D18,30,64,1896150,1363500
2018,마취통증의학과,D21,142,504,32356240,24558930
2018,마취통증의학과,D22,1,1,15310,10810
2018,마취통증의학과,D23,178,412,18758830,13660280
2018,마취통증의학과,D24,12,16,412960,300260
2018,마취통증의학과,D25,7,10,196540,141340
2018,마취통증의학과,D26,1,1,14140,14140
2018,마취통증의학과,D27,1,1,14140,14140
2018,마취통증의학과,D29,3,5,62950,55450
2018,마취통증의학과,D31,1,1,15310,10810
2018,마취통증의학과,D32,9,64,1830280,1618780
2018,마취통증의학과,D33,23,90,8628830,7029280
2018,마취통증의학과,D34,34,44,1406910,995210
2018,마취통증의학과,D35,5,11,413600,304300
2018,마취통증의학과,D36,7,9,330900,244130
2018,마취통증의학과,D37,1,2,31080,29680
2018,마취통증의학과,D39,1,1,110980,88880
2018,마취통증의학과,D41,1,1,19110,15310
2018,마취통증의학과,D43,3,55,1537680,1450880
2018,마취통증의학과,D44,1,2,26260,25060
2018,마취통증의학과,D45,1,31,1677430,1595630
2018,마취통증의학과,D47,2,3,120610,106510
2018,마취통증의학과,D48,24,35,1371260,1155560
2018,마취통증의학과,D50,329,589,18721750,13487250
2018,마취통증의학과,D51,4,12,168200,121100
2018,마취통증의학과,D53,2,2,38740,27140
2018,마취통증의학과,D61,2,11,745810,584010
2018,마취통증의학과,D63,1,1,15310,13810
2018,마취통증의학과,D64,96,114,3960750,2815050
2018,마취통증의학과,D67,1,7,89730,63430
2018,마취통증의학과,D68,1,1,15310,13810
2018,마취통증의학과,D69,16,23,1187850,891190
2018,마취통증의학과,D72,2,10,312720,219420
2018,마취통증의학과,D75,5,7,157830,115130
2018,마취통증의학과,D80,1,1,17520,12320
2018,마취통증의학과,D84,2,20,221390,156590
2018,마취통증의학과,E01,1,1,0,0
2018,마취통증의학과,E02,9,22,944930,663030
2018,마취통증의학과,E03,347,1170,23705280,17417080
2018,마취통증의학과,E04,13,17,340190,239190
2018,마취통증의학과,E05,60,184,4899400,3510100
2018,마취통증의학과,E06,8,18,383400,269200
2018,마취통증의학과,E07,130,139,8904920,6257420
2018,마취통증의학과,E10,332,885,36059840,26563740
2018,마취통증의학과,E11,3895,21821,459511890,359496910
2018,마취통증의학과,E12,3,8,134030,106130
2018,마취통증의학과,E13,139,784,25836550,20826650
2018,마취통증의학과,E14,1178,4816,136986180,105915140
2018,마취통증의학과,E16,7,9,314150,245150
2018,마취통증의학과,E20,2,9,144450,103550
2018,마취통증의학과,E21,1,1,10950,7750
2018,마취통증의학과,E22,14,22,2278140,1736340
2018,마취통증의학과,E23,3,17,281800,248700
2018,마취통증의학과,E24,2,9,572240,515340
2018,마취통증의학과,E25,1,1,57450,40250
2018,마취통증의학과,E27,44,174,6070120,4266120
2018,마취통증의학과,E28,3,5,305080,213780
2018,마취통증의학과,E30,84,208,27644020,19387820
2018,마취통증의학과,E34,42,46,2028710,1457310
2018,마취통증의학과,E44,2,3,39600,35100
2018,마취통증의학과,E46,11,23,393060,300160
2018,마취통증의학과,E50,225,391,5598810,4046810
2018,마취통증의학과,E53,5,10,144520,105720
2018,마취통증의학과,E55,893,1541,32355810,23553110
2018,마취통증의학과,E56,27,38,781730,564730
2018,마취통증의학과,E58,44,111,2002070,1508670
2018,마취통증의학과,E60,5,9,245990,180090
2018,마취통증의학과,E61,42,50,835570,635470
2018,마취통증의학과,E63,23,30,481930,380430
2018,마취통증의학과,E64,1,2,21900,18900
2018,마취통증의학과,E65,1,1,21020,14720
2018,마취통증의학과,E66,164,324,5266010,3712010
2018,마취통증의학과,E70,1,1,53830,37730
2018,마취통증의학과,E75,1,1,16200,14600
2018,마취통증의학과,E76,1,5,171710,120510
2018,마취통증의학과,E78,2335,6794,117468220,87419300
2018,마취통증의학과,E79,58,142,1964290,1438490
2018,마취통증의학과,E80,1,2,21900,15500
2018,마취통증의학과,E83,115,205,3460960,2715860
2018,마취통증의학과,E86,173,411,13603490,10701090
2018,마취통증의학과,E87,111,208,14567090,11652290
2018,마취통증의학과,E88,25,31,922010,699830
2018,마취통증의학과,E89,8,10,193140,137540
2018,마취통증의학과,F00,116,486,8463960,6988560
2018,마취통증의학과,F01,39,200,6515340,5307540
2018,마취통증의학과,F02,3,3,29410,25510
2018,마취통증의학과,F03,42,87,1838430,1476930
2018,마취통증의학과,F05,3,8,194160,164060
2018,마취통증의학과,F06,1429,3718,58837360,47613660
2018,마취통증의학과,F07,24,76,1727120,1241320
2018,마취통증의학과,F09,2,2,26260,20260
2018,마취통증의학과,F10,12,18,240990,184490
2018,마취통증의학과,F17,1,1,12850,9050
2018,마취통증의학과,F18,1,1,17730,12430
2018,마취통증의학과,F20,14,57,1916200,1564000
2018,마취통증의학과,F22,2,4,52520,43520
2018,마취통증의학과,F29,1,1,99160,86260
2018,마취통증의학과,F30,1,1,10950,9450
2018,마취통증의학과,F31,8,22,434780,364080
2018,마취통증의학과,F32,274,771,14705280,11318780
2018,마취통증의학과,F33,74,144,5905420,4325320
2018,마취통증의학과,F34,11,48,657490,542190
2018,마취통증의학과,F38,45,94,3515360,2588260
2018,마취통증의학과,F39,91,137,3925180,2793580
2018,마취통증의학과,F40,21,46,751030,553330
2018,마취통증의학과,F41,824,2002,41497260,32745180
2018,마취통증의학과,F42,4,23,696490,561490
2018,마취통증의학과,F43,50,97,2821040,2174710
2018,마취통증의학과,F44,1,11,122430,86130
2018,마취통증의학과,F45,115,232,6087240,4568740
2018,마취통증의학과,F48,444,646,11832090,8787790
2018,마취통증의학과,F50,32,44,528410,441510
2018,마취통증의학과,F51,1394,4114,57339770,43496870
2018,마취통증의학과,F52,39,65,266820,196920
2018,마취통증의학과,F54,1,3,0,0
2018,마취통증의학과,F55,1,1,15310,14610
2018,마취통증의학과,F60,2,5,65690,53490
2018,마취통증의학과,F63,1,2,157330,110230
2018,마취통증의학과,F64,1,5,59110,41810
2018,마취통증의학과,F78,1,1,15310,10810
2018,마취통증의학과,F79,2,157,1762530,1758030
2018,마취통증의학과,F80,3,3,51510,42410
2018,마취통증의학과,F81,1,1,21210,14910
2018,마취통증의학과,F84,7,568,6070710,5189410
2018,마취통증의학과,F90,1,4,46190,32590
2018,마취통증의학과,F92,5,16,324110,250510
2018,마취통증의학과,F95,7,19,427820,306820
2018,마취통증의학과,F98,1,1,16200,12800
2018,마취통증의학과,G03,2,6,122050,92850
2018,마취통증의학과,G04,6,7,387390,271690
2018,마취통증의학과,G05,136,313,12782560,9089050
2018,마취통증의학과,G06,2,16,183270,159270
2018,마취통증의학과,G10,1,1,15310,10810
2018,마취통증의학과,G11,5,17,581840,507340
2018,마취통증의학과,G12,14,44,1780320,1512120
2018,마취통증의학과,G13,4,125,3238350,2767250
2018,마취통증의학과,G14,7,14,609960,430760
2018,마취통증의학과,G20,131,672,35040290,30896740
2018,마취통증의학과,G21,31,56,1104980,885880
2018,마취통증의학과,G22,18,40,569960,488860
2018,마취통증의학과,G23,7,37,1385850,984950
2018,마취통증의학과,G24,608,1133,42033890,30037730
2018,마취통증의학과,G25,663,1804,42870420,31829450
2018,마취통증의학과,G30,41,138,2817380,2210280
2018,마취통증의학과,G31,2367,5915,107258600,84194600
2018,마취통증의학과,G35,7,34,1391950,1242250
2018,마취통증의학과,G36,2,2,132900,116700
2018,마취통증의학과,G37,6,10,1159080,900600
2018,마취통증의학과,G40,72,403,5805880,4162580
2018,마취통증의학과,G41,5,12,165050,117950
2018,마취통증의학과,G43,3601,8647,360106390,257497660
2018,마취통증의학과,G44,15894,40662,1998500070,1422502060
2018,마취통증의학과,G45,23,145,2794010,2278710
2018,마취통증의학과,G46,49,91,1394830,1167930
2018,마취통증의학과,G47,3133,8614,133410930,102417840
2018,마취통증의학과,G50,2956,9497,468409920,335751190
2018,마취통증의학과,G51,1232,4956,204009320,145292820
2018,마취통증의학과,G52,40,100,4038530,2922830
2018,마취통증의학과,G53,10883,56228,2710661630,1969397100
2018,마취통증의학과,G54,6091,20339,1034960730,740538200
2018,마취통증의학과,G55,7145,32529,1989880610,1429510670
2018,마취통증의학과,G56,30007,75562,3014812240,2133792380
2018,마취통증의학과,G57,34081,94111,4083458300,2904938380
2018,마취통증의학과,G58,11909,29350,1331177180,949225380
2018,마취통증의학과,G59,108,413,10629660,8036660
2018,마취통증의학과,G60,3,3,229540,197640
2018,마취통증의학과,G61,10,90,2051560,1829960
2018,마취통증의학과,G62,468,1877,73167670,52253780
2018,마취통증의학과,G63,487,1886,63989960,47228060
2018,마취통증의학과,G64,308,535,11516010,8561780
2018,마취통증의학과,G70,16,60,2488560,1974560
2018,마취통증의학과,G71,7,9,503820,433820
2018,마취통증의학과,G72,24,124,4759460,3342360
2018,마취통증의학과,G73,16,89,3725780,2612480
2018,마취통증의학과,G80,9,290,5059390,3555590
2018,마취통증의학과,G81,38,470,7400720,6331420
2018,마취통증의학과,G82,11,77,2168990,1560710
2018,마취통증의학과,G83,28,73,2176260,1557260
2018,마취통증의학과,G90,566,2279,84137860,59843980
2018,마취통증의학과,G93,31,58,1023190,758090
2018,마취통증의학과,G95,270,668,54535440,39901840
2018,마취통증의학과,G96,6,8,177730,126430
2018,마취통증의학과,G97,84,91,5773110,4064390
2018,마취통증의학과,G99,44,143,7501520,5289820
2018,마취통증의학과,H00,312,413,6418200,4663200
2018,마취통증의학과,H01,156,212,3695070,2705170
2018,마취통증의학과,H02,29,36,497320,369720
2018,마취통증의학과,H03,7,14,391430,300930
2018,마취통증의학과,H04,650,1157,15253630,11212130
2018,마취통증의학과,H05,15,24,524880,376980
2018,마취통증의학과,H06,1,2,26260,18560
2018,마취통증의학과,H10,1049,1441,20019080,15355680
2018,마취통증의학과,H11,202,363,4905960,3556560
2018,마취통증의학과,H15,1,1,15310,10810
2018,마취통증의학과,H16,142,206,2622640,1963940
2018,마취통증의학과,H18,2,2,10950,7750
2018,마취통증의학과,H19,39,64,1001020,743120
2018,마취통증의학과,H20,2,2,36490,29390
2018,마취통증의학과,H25,108,203,2760040,2329240
2018,마취통증의학과,H26,13,49,491270,417270
2018,마취통증의학과,H30,1,2,30460,27260
2018,마취통증의학과,H31,1,1,19110,13410
2018,마취통증의학과,H33,4,4,45190,34490
2018,마취통증의학과,H34,4,9,114020,89020
2018,마취통증의학과,H35,11,75,2195810,1562710
2018,마취통증의학과,H36,44,81,968420,802720
2018,마취통증의학과,H40,57,130,1617690,1334790
2018,마취통증의학과,H42,6,71,1093020,781720
2018,마취통증의학과,H43,1,4,43800,37800
2018,마취통증의학과,H44,15,26,505850,364750
2018,마취통증의학과,H47,3,4,131470,92270
2018,마취통증의학과,H49,1,1,15310,10810
2018,마취통증의학과,H52,1,1,10950,7750
2018,마취통증의학과,H53,5,6,582880,413280
2018,마취통증의학과,H54,1,1,10950,7750
2018,마취통증의학과,H55,1,1,15310,10810
2018,마취통증의학과,H57,11,15,309980,229280
2018,마취통증의학과,H59,1,3,16410,11910
2018,마취통증의학과,H60,422,673,10458650,7899650
2018,마취통증의학과,H61,25,29,670290,498790
2018,마취통증의학과,H62,3,6,71730,58030
2018,마취통증의학과,H65,59,99,1433400,1137200
2018,마취통증의학과,H66,240,579,8004560,5954060
2018,마취통증의학과,H67,6,6,86420,66220
2018,마취통증의학과,H68,1,1,10950,7750
2018,마취통증의학과,H69,2,2,68960,48460
2018,마취통증의학과,H70,1,1,15310,10810
2018,마취통증의학과,H72,1,1,19110,13410
2018,마취통증의학과,H73,2,7,87200,61500
2018,마취통증의학과,H81,985,1765,30387720,23752080
2018,마취통증의학과,H82,18,33,413370,323470
2018,마취통증의학과,H83,7,7,174120,125420
2018,마취통증의학과,H90,11,30,1037280,743780
2018,마취통증의학과,H91,124,712,28169910,19860300
2018,마취통증의학과,H92,36,42,846670,612470
2018,마취통증의학과,H93,346,1523,61538110,43728150
2018,마취통증의학과,I00,13,72,1894480,1330380
2018,마취통증의학과,I10,16918,96721,1605683210,1268696650
2018,마취통증의학과,I11,124,646,13145350,10562950
2018,마취통증의학과,I12,8,28,582890,451890
2018,마취통증의학과,I13,9,48,647180,490480
2018,마취통증의학과,I15,122,650,11655800,8560700
2018,마취통증의학과,I20,178,554,9421550,7416350
2018,마취통증의학과,I21,11,27,367740,317040
2018,마취통증의학과,I24,6,6,131530,100330
2018,마취통증의학과,I25,28,92,2572680,1921280
2018,마취통증의학과,I42,2,2,33250,26450
2018,마취통증의학과,I44,1,1,19110,13410
2018,마취통증의학과,I45,1,1,13340,9340
2018,마취통증의학과,I47,17,29,427810,323710
2018,마취통증의학과,I48,9,14,206810,171210
2018,마취통증의학과,I49,100,190,3441390,2645610
2018,마취통증의학과,I50,61,136,2487900,1985970
2018,마취통증의학과,I51,12,26,1004820,719320
2018,마취통증의학과,I60,4,24,307930,246430
2018,마취통증의학과,I61,23,137,1956060,1610060
2018,마취통증의학과,I62,2,2,20780,17780
2018,마취통증의학과,I63,190,935,18864530,15270730
2018,마취통증의학과,I64,23,42,878300,699000
2018,마취통증의학과,I65,24,51,950330,729130
2018,마취통증의학과,I66,3,3,35240,29040
2018,마취통증의학과,I67,84,413,8234100,6837690
2018,마취통증의학과,I68,2,2,65470,62270
2018,마취통증의학과,I69,122,844,17091800,14554400
2018,마취통증의학과,I70,54,211,4173070,3221670
2018,마취통증의학과,I71,3,3,63050,47450
2018,마취통증의학과,I72,3,12,205030,144030
2018,마취통증의학과,I73,1640,3530,81623650,61095630
2018,마취통증의학과,I74,28,69,1028940,802540
2018,마취통증의학과,I77,7,8,102810,86310
2018,마취통증의학과,I78,75,134,2704740,2026240
2018,마취통증의학과,I79,27,40,932310,687710
2018,마취통증의학과,I80,110,172,3402120,2532620
2018,마취통증의학과,I82,8,21,222640,181240
2018,마취통증의학과,I83,754,1592,51332160,38948190
2018,마취통증의학과,I85,1,1,10950,9450
2018,마취통증의학과,I86,18,24,371410,274510
2018,마취통증의학과,I87,1117,2381,59724880,43860680
2018,마취통증의학과,I88,16,27,516810,380410
2018,마취통증의학과,I89,124,320,11674280,10038670
2018,마취통증의학과,I95,54,176,7385770,5378970
2018,마취통증의학과,I97,2,5,59110,48610
2018,마취통증의학과,I98,5,11,138820,108420
2018,마취통증의학과,I99,15,16,264620,199320
2018,마취통증의학과,J00,11353,22142,350269780,265480100
2018,마취통증의학과,J01,762,1256,19374870,14356570
2018,마취통증의학과,J02,1599,2563,38666890,29315390
2018,마취통증의학과,J03,7053,12395,184979150,137208130
2018,마취통증의학과,J04,4335,7992,116459220,88201680
2018,마취통증의학과,J05,5,8,107320,75520
2018,마취통증의학과,J06,11572,21124,322387130,242851560
2018,마취통증의학과,J09,80,86,1331770,982870
2018,마취통증의학과,J10,572,880,22410020,16717040
2018,마취통증의학과,J11,329,416,10056690,7458240
2018,마취통증의학과,J12,15,17,433760,335060
2018,마취통증의학과,J13,2,3,13940,9840
2018,마취통증의학과,J15,17,52,1726930,1276130
2018,마취통증의학과,J18,137,347,7033090,5665270
2018,마취통증의학과,J20,19031,35502,540364050,412457350
2018,마취통증의학과,J21,711,1275,20369680,15509150
2018,마취통증의학과,J22,179,372,8078880,5935880
2018,마취통증의학과,J30,9872,20770,330196630,255934730
2018,마취통증의학과,J31,99,202,3460680,2509280
2018,마취통증의학과,J32,368,615,8980750,6671150
2018,마취통증의학과,J33,1,3,40490,35990
2018,마취통증의학과,J34,27,36,616470,441170
2018,마취통증의학과,J35,152,261,3664260,2855760
2018,마취통증의학과,J36,950,1372,20733160,15147960
2018,마취통증의학과,J37,64,121,5626470,4444170
2018,마취통증의학과,J38,25,50,821450,589350
2018,마취통증의학과,J39,125,236,3374130,2645330
2018,마취통증의학과,J40,3620,6598,105310100,78604780
2018,마취통증의학과,J41,311,992,18454250,15178750
2018,마취통증의학과,J42,1145,2346,35459000,28033800
2018,마취통증의학과,J44,141,430,6530490,5387890
2018,마취통증의학과,J45,2151,5279,76307330,61681430
2018,마취통증의학과,J46,13,126,1953700,1724400
2018,마취통증의학과,J47,6,13,176150,132750
2018,마취통증의학과,J60,2,2,20780,17780
2018,마취통증의학과,J70,2,3,37140,26140
2018,마취통증의학과,J84,1,1,15310,13810
2018,마취통증의학과,J90,1,2,40340,32340
2018,마취통증의학과,J91,1,1,70860,49660
2018,마취통증의학과,J93,33,44,1043190,735190
2018,마취통증의학과,J94,1,1,16550,11650
2018,마취통증의학과,J96,1,1,12850,9050
2018,마취통증의학과,J98,6,7,135400,97300
2018,마취통증의학과,K02,5,5,87340,68140
2018,마취통증의학과,K03,3,5,59110,43510
2018,마취통증의학과,K04,31,33,445720,346820
2018,마취통증의학과,K05,492,797,11735070,9124370
2018,마취통증의학과,K06,8,8,107740,81140
2018,마취통증의학과,K07,2378,4952,161922540,115198140
2018,마취통증의학과,K08,174,200,3428200,2605800
2018,마취통증의학과,K09,4,5,189520,133020
2018,마취통증의학과,K10,29,75,2530000,1791500
2018,마취통증의학과,K11,38,45,676590,492590
2018,마취통증의학과,K12,1212,1825,27722760,21306360
2018,마취통증의학과,K13,16,16,229760,178860
2018,마취통증의학과,K14,100,223,3627740,2987640
2018,마취통증의학과,K20,13,34,524340,396940
2018,마취통증의학과,K21,3456,6367,110686330,83279030
2018,마취통증의학과,K22,5,12,160520,124020
2018,마취통증의학과,K23,1,1,12660,8960
2018,마취통증의학과,K25,1463,2870,49182400,37043900
2018,마취통증의학과,K26,106,179,2879000,2132500
2018,마취통증의학과,K27,1524,3796,91777370,65704070
2018,마취통증의학과,K28,36,70,1015060,798760
2018,마취통증의학과,K29,13453,27303,937692130,677096840
2018,마취통증의학과,K30,1498,2356,61181980,44869020
2018,마취통증의학과,K31,23,39,822950,585250
2018,마취통증의학과,K35,8,9,140300,106700
2018,마취통증의학과,K36,3,5,120100,84500
2018,마취통증의학과,K37,1,2,37680,26480
2018,마취통증의학과,K38,3,5,109770,77070
2018,마취통증의학과,K40,22,24,377670,296270
2018,마취통증의학과,K41,5,5,85740,63740
2018,마취통증의학과,K42,3,3,50720,37720
2018,마취통증의학과,K43,9,9,225870,166970
2018,마취통증의학과,K46,6,9,141220,114920
2018,마취통증의학과,K50,76,156,2420030,1959530
2018,마취통증의학과,K51,6,7,94360,68560
2018,마취통증의학과,K52,1656,2257,33276810,25253610
2018,마취통증의학과,K56,4,11,627080,496980
2018,마취통증의학과,K57,1,1,19110,13410
2018,마취통증의학과,K58,3935,6971,113069100,87963880
2018,마취통증의학과,K59,1970,3520,67351170,50588670
2018,마취통증의학과,K60,10,15,218880,157380
2018,마취통증의학과,K61,18,22,456740,328440
2018,마취통증의학과,K62,5,9,105300,77800
2018,마취통증의학과,K63,185,187,81423490,57137900
2018,마취통증의학과,K64,156,237,3466450,2629850
2018,마취통증의학과,K65,2,2,29350,27050
2018,마취통증의학과,K66,1,1,15420,13920
2018,마취통증의학과,K70,57,144,2467440,1836740
2018,마취통증의학과,K71,52,108,2192490,1630290
2018,마취통증의학과,K73,86,167,3022470,2211470
2018,마취통증의학과,K74,19,23,830490,603990
2018,마취통증의학과,K75,169,280,6915770,5007270
2018,마취통증의학과,K76,630,976,30640610,21890110
2018,마취통증의학과,K77,3,3,75600,53200
2018,마취통증의학과,K80,37,55,1653890,1189390
2018,마취통증의학과,K81,10,14,242410,185410
2018,마취통증의학과,K82,25,43,1567940,1125940
2018,마취통증의학과,K83,5,7,114590,92290
2018,마취통증의학과,K85,6,8,239960,168460
2018,마취통증의학과,K86,3,11,122840,86840
2018,마취통증의학과,K87,1,2,37680,26480
2018,마취통증의학과,K90,2,3,50360,35460
2018,마취통증의학과,K91,3,8,143920,117420
2018,마취통증의학과,K92,74,114,1889580,1421080
2018,마취통증의학과,K93,61,91,1166170,1019370
2018,마취통증의학과,L01,171,298,5504360,4193960
2018,마취통증의학과,L02,2300,4978,92507070,69632450
2018,마취통증의학과,L03,8860,19428,399047620,302344480
2018,마취통증의학과,L04,455,702,10464400,7621100
2018,마취통증의학과,L05,18,91,1828240,1506040
2018,마취통증의학과,L08,558,1001,19634850,14917310
2018,마취통증의학과,L10,2,6,88850,73650
2018,마취통증의학과,L12,1,1,10950,9450
2018,마취통증의학과,L13,160,199,3704400,2821400
2018,마취통증의학과,L14,1,1,12670,11170
2018,마취통증의학과,L20,1051,2403,43725040,32577140
2018,마취통증의학과,L21,809,1527,25454780,19496580
2018,마취통증의학과,L22,2,2,32780,26580
2018,마취통증의학과,L23,6998,12381,187189490,146245290
2018,마취통증의학과,L24,655,1060,18281980,13930180
2018,마취통증의학과,L25,1522,2618,37527890,29072550
2018,마취통증의학과,L26,1,2,26260,23260
2018,마취통증의학과,L27,35,60,1304050,1024050
2018,마취통증의학과,L28,400,759,13263440,10211940
2018,마취통증의학과,L29,934,1819,28598020,22345320
2018,마취통증의학과,L30,1690,2894,44817760,35734180
2018,마취통증의학과,L40,177,373,5159410,3880510
2018,마취통증의학과,L41,2,2,27970,22770
2018,마취통증의학과,L42,4,5,74050,52250
2018,마취통증의학과,L43,2,2,47480,36380
2018,마취통증의학과,L44,4,6,87350,64550
2018,마취통증의학과,L50,4217,7284,116427620,88430520
2018,마취통증의학과,L51,3,4,53610,37810
2018,마취통증의학과,L52,1,1,15310,10810
2018,마취통증의학과,L53,2,2,30620,24620
2018,마취통증의학과,L55,13,15,227210,163810
2018,마취통증의학과,L56,6,12,184930,133030
2018,마취통증의학과,L57,5,6,91720,76020
2018,마취통증의학과,L60,1030,2730,71114660,51543280
2018,마취통증의학과,L62,1,1,15310,10810
2018,마취통증의학과,L63,131,418,11669060,8205460
2018,마취통증의학과,L64,38,56,895820,639320
2018,마취통증의학과,L65,27,39,533960,379260
2018,마취통증의학과,L66,41,73,1020280,736880
2018,마취통증의학과,L70,171,324,4356690,3094390
2018,마취통증의학과,L71,5,14,168200,118800
2018,마취통증의학과,L72,114,248,7008940,5022140
2018,마취통증의학과,L73,38,62,956780,705480
2018,마취통증의학과,L74,17,21,379120,273320
2018,마취통증의학과,L75,5,6,89330,65930
2018,마취통증의학과,L80,11,11,172210,132210
2018,마취통증의학과,L81,25,28,381130,277430
2018,마취통증의학과,L82,8,9,141040,116040
2018,마취통증의학과,L84,536,1348,42638830,31330930
2018,마취통증의학과,L85,88,113,1859360,1442160
2018,마취통증의학과,L87,1,1,10950,7750
2018,마취통증의학과,L89,75,761,41537800,35386600
2018,마취통증의학과,L90,5,6,95820,70920
2018,마취통증의학과,L91,27,38,1009580,709080
2018,마취통증의학과,L92,10,12,369430,262330
2018,마취통증의학과,L93,3,3,41570,32370
2018,마취통증의학과,L94,3,3,67030,47130
2018,마취통증의학과,L95,5,5,91500,64400
2018,마취통증의학과,L98,21,34,519080,393880
2018,마취통증의학과,M00,176,423,19726790,14525410
2018,마취통증의학과,M01,7,8,255550,179350
2018,마취통증의학과,M02,1703,6028,235043120,167200220
2018,마취통증의학과,M03,1,1,40890,28690
2018,마취통증의학과,M05,381,2367,102209050,89455120
2018,마취통증의학과,M06,1483,3707,117218680,85905880
2018,마취통증의학과,M07,320,898,33882670,25186670
2018,마취통증의학과,M08,19,60,1363310,1104710
2018,마취통증의학과,M09,1,2,26260,18560
2018,마취통증의학과,M10,9748,26552,568952480,412397580
2018,마취통증의학과,M11,199,510,7890420,6075220
2018,마취통증의학과,M12,1942,5566,203160350,144076760
2018,마취통증의학과,M13,50238,160609,5595623480,4047239520
2018,마취통증의학과,M14,305,1069,33884160,24361160
2018,마취통증의학과,M15,984,3105,55328950,41544600
2018,마취통증의학과,M16,4614,14835,553995670,401530040
2018,마취통증의학과,M17,292207,1304942,52680378870,38078536300
2018,마취통증의학과,M18,693,1962,51031120,36605520
2018,마취통증의학과,M19,69946,204611,8001596180,5719489130
2018,마취통증의학과,M20,971,2456,82903860,59850480
2018,마취통증의학과,M21,535,1990,55319540,40817640
2018,마취통증의학과,M22,5871,16300,573745520,406871060
2018,마취통증의학과,M23,8247,26665,789738920,565807890
2018,마취통증의학과,M24,13583,40945,1280096740,912778300
2018,마취통증의학과,M25,103016,300602,9965281170,7142528980
2018,마취통증의학과,M31,5,14,315580,234180
2018,마취통증의학과,M32,15,213,7894710,7071910
2018,마취통증의학과,M33,8,34,1699920,1441120
2018,마취통증의학과,M34,3,9,247920,205320
2018,마취통증의학과,M35,68,317,12920080,10837580
2018,마취통증의학과,M40,5869,13368,714249890,504254160
2018,마취통증의학과,M41,2712,11438,465934810,334176740
2018,마취통증의학과,M42,32,89,4234160,3028960
2018,마취통증의학과,M43,18793,81436,4658711350,3335275600
2018,마취통증의학과,M45,372,2354,119778700,99882270
2018,마취통증의학과,M46,11204,33575,2130751240,1504603260
2018,마취통증의학과,M47,223209,860281,54891270540,39220325390
2018,마취통증의학과,M48,205822,1069302,61611954580,44768291630
2018,마취통증의학과,M49,6335,31694,2026269750,1473939900
2018,마취통증의학과,M50,79565,313552,18385069680,13095264160
2018,마취통증의학과,M51,171704,734176,44600686680,31827523200
2018,마취통증의학과,M53,110824,341770,17859682180,12670827180
2018,마취통증의학과,M54,761092,2973457,1.57834E+11,1.12951E+11
2018,마취통증의학과,M60,3119,8483,316397450,224716210
2018,마취통증의학과,M61,422,957,32864230,23269030
2018,마취통증의학과,M62,42242,116194,4320209400,3079656200
2018,마취통증의학과,M63,2,10,434350,304650
2018,마취통증의학과,M65,70043,190709,6287616780,4474117480
2018,마취통증의학과,M66,1397,4507,192885550,137519520
2018,마취통증의학과,M67,5738,11689,382868170,272824070
2018,마취통증의학과,M68,8,38,1265760,887760
2018,마취통증의학과,M70,11140,31094,1060330870,756813960
2018,마취통증의학과,M71,5341,12450,427645400,305537080
2018,마취통증의학과,M72,23389,69248,1766389260,1265648680
2018,마취통증의학과,M73,7,9,382730,268330
2018,마취통증의학과,M75,357891,1319054,58335120110,41478902370
2018,마취통증의학과,M76,24161,64059,2746346470,1946633100
2018,마취통증의학과,M77,141230,453895,15395276170,10879229100
2018,마취통증의학과,M79,118920,326158,11020000660,7915642970
2018,마취통증의학과,M80,494,2158,96530390,72080520
2018,마취통증의학과,M81,14822,49704,2110403850,1539481800
2018,마취통증의학과,M82,60,162,4166470,3087570
2018,마취통증의학과,M83,309,577,27419330,19367930
2018,마취통증의학과,M84,100,270,8423800,6171960
2018,마취통증의학과,M85,222,377,12056250,8734180
2018,마취통증의학과,M86,11,93,3827800,2964080
2018,마취통증의학과,M87,144,375,29724700,22333510
2018,마취통증의학과,M88,1,1,10620,10620
2018,마취통증의학과,M89,328,2424,98504250,79693590
2018,마취통증의학과,M90,2,9,117560,99460
2018,마취통증의학과,M91,27,65,2408460,1706560
2018,마취통증의학과,M92,450,1080,25253440,17838330
2018,마취통증의학과,M93,25,49,3256740,2391490
2018,마취통증의학과,M94,842,1803,60382180,42983080
2018,마취통증의학과,M95,53,115,5055840,3757240
2018,마취통증의학과,M96,24322,135238,7511222910,5463619170
2018,마취통증의학과,M99,5742,20758,1080994970,778955250
2018,마취통증의학과,N00,3,3,39110,29310
2018,마취통증의학과,N02,3,13,267920,226220
2018,마취통증의학과,N03,2,7,90150,66150
2018,마취통증의학과,N04,3,15,193060,136260
2018,마취통증의학과,N05,4,8,98900,83900
2018,마취통증의학과,N08,3,3,55410,42010
2018,마취통증의학과,N10,138,248,5439650,4118820
2018,마취통증의학과,N11,2,2,32480,25880
2018,마취통증의학과,N12,9,11,227200,159800
2018,마취통증의학과,N13,1,1,15310,10810
2018,마취통증의학과,N16,2,5,170380,121480
2018,마취통증의학과,N17,13,26,770870,557070
2018,마취통증의학과,N18,100,364,18546380,15970980
2018,마취통증의학과,N19,8,21,780420,571320
2018,마취통증의학과,N20,50,55,1724190,1263610
2018,마취통증의학과,N21,28,32,627970,456370
2018,마취통증의학과,N23,1,1,12840,9040
2018,마취통증의학과,N28,15,19,319120,251020
2018,마취통증의학과,N30,1719,3087,55808390,43371490
2018,마취통증의학과,N31,187,398,5397140,4378540
2018,마취통증의학과,N32,77,117,1623100,1377000
2018,마취통증의학과,N34,215,349,6259360,4732000
2018,마취통증의학과,N36,1,1,15310,10810
2018,마취통증의학과,N39,145,289,4347660,3544960
2018,마취통증의학과,N40,1428,4221,57020110,46230510
2018,마취통증의학과,N41,46,88,1378360,1079260
2018,마취통증의학과,N42,28,51,688420,557820
2018,마취통증의학과,N43,3,16,463740,330140
2018,마취통증의학과,N45,5,11,241780,182080
2018,마취통증의학과,N48,55,84,1230110,933210
2018,마취통증의학과,N49,3,3,43470,30670
2018,마취통증의학과,N50,10,18,564000,408600
2018,마취통증의학과,N51,4,5,401990,281690
2018,마취통증의학과,N60,5,5,279530,197530
2018,마취통증의학과,N61,4,14,217690,153490
2018,마취통증의학과,N62,3,3,69200,53400
2018,마취통증의학과,N64,14,15,1256590,931960
2018,마취통증의학과,N71,12,35,552070,407270
2018,마취통증의학과,N72,14,33,720120,517820
2018,마취통증의학과,N73,19,22,288790,212590
2018,마취통증의학과,N74,1,1,19110,13410
2018,마취통증의학과,N75,5,7,290390,203690
2018,마취통증의학과,N76,61,102,1748090,1312390
2018,마취통증의학과,N77,6,8,149340,108140
2018,마취통증의학과,N80,5,20,452080,317180
2018,마취통증의학과,N81,1,2,21900,15500
2018,마취통증의학과,N83,1,1,30900,21700
2018,마취통증의학과,N84,1,1,0,0
2018,마취통증의학과,N85,1,5,59530,41930
2018,마취통증의학과,N88,1,1,23050,16150
2018,마취통증의학과,N90,1,1,17770,12470
2018,마취통증의학과,N91,8,21,301980,212880
2018,마취통증의학과,N92,11,18,457390,321290
2018,마취통증의학과,N93,6,7,142670,100270
2018,마취통증의학과,N94,184,297,4269680,3021980
2018,마취통증의학과,N95,514,1755,27572670,20056570
2018,마취통증의학과,N97,7,65,803960,565560
2018,마취통증의학과,O00,1,1,13340,9340
2018,마취통증의학과,O03,1,1,21020,14720
2018,마취통증의학과,O10,1,9,115040,81040
2018,마취통증의학과,O22,1,1,15310,10810
2018,마취통증의학과,O36,1,1,15310,10810
2018,마취통증의학과,O71,2,3,86070,60470
2018,마취통증의학과,O74,2,3,216220,165870
2018,마취통증의학과,O89,3,3,133230,93430
2018,마취통증의학과,O99,1,1,15310,13810
2018,마취통증의학과,P00,1,1,10950,7750
2018,마취통증의학과,P71,1,1,15310,10810
2018,마취통증의학과,P80,1,1,35650,25050
2018,마취통증의학과,Q05,2,25,351070,247070
2018,마취통증의학과,Q07,1,1,153090,137790
2018,마취통증의학과,Q18,2,2,38330,26930
2018,마취통증의학과,Q27,2,2,26260,18560
2018,마취통증의학과,Q36,1,1,15310,13810
2018,마취통증의학과,Q42,1,2,35880,25180
2018,마취통증의학과,Q44,7,7,851380,596480
2018,마취통증의학과,Q45,1,1,37530,26330
2018,마취통증의학과,Q61,4,18,1618400,1133800
2018,마취통증의학과,Q62,1,1,21260,16860
2018,마취통증의학과,Q65,6,7,260510,186510
2018,마취통증의학과,Q66,18,30,622730,441830
2018,마취통증의학과,Q67,11,11,259040,182140
2018,마취통증의학과,Q68,9,9,191710,141110
2018,마취통증의학과,Q69,1,3,66240,59640
2018,마취통증의학과,Q74,4,4,166370,116670
2018,마취통증의학과,Q76,9,10,225540,158340
2018,마취통증의학과,Q77,3,28,477050,433250
2018,마취통증의학과,Q78,4,4,190630,156950
2018,마취통증의학과,Q79,2,2,85880,67280
2018,마취통증의학과,Q80,1,1,15310,10810
2018,마취통증의학과,Q81,1,3,136580,95780
2018,마취통증의학과,Q82,3,3,45370,31970
2018,마취통증의학과,Q83,1,1,15310,10810
2018,마취통증의학과,Q84,1,1,15310,13810
2018,마취통증의학과,Q85,2,2,30620,21620
2018,마취통증의학과,Q87,1,8,132050,92650
2018,마취통증의학과,Q89,2,3,54100,38000
2018,마취통증의학과,Q90,2,3,41050,34950
2018,마취통증의학과,R00,67,101,1876650,1382110
2018,마취통증의학과,R02,1,1,10950,7750
2018,마취통증의학과,R03,71,74,1308550,954850
2018,마취통증의학과,R04,38,42,770990,571890
2018,마취통증의학과,R05,297,494,7106330,5612920
2018,마취통증의학과,R06,41,48,856420,679420
2018,마취통증의학과,R07,1097,1847,73280000,52191640
2018,마취통증의학과,R09,28,45,683980,536890
2018,마취통증의학과,R10,1928,3063,80320850,59723480
2018,마취통증의학과,R11,636,832,13398960,10025560
2018,마취통증의학과,R12,300,822,39015550,27681150
2018,마취통증의학과,R13,12,84,6541440,5334740
2018,마취통증의학과,R14,18,29,450930,342430
2018,마취통증의학과,R15,1,5,59110,41810
2018,마취통증의학과,R16,1,1,19270,13570
2018,마취통증의학과,R17,4,5,128360,94860
2018,마취통증의학과,R19,10,13,343910,258050
2018,마취통증의학과,R20,146,195,3221700,2373100
2018,마취통증의학과,R21,16,17,264240,207440
2018,마취통증의학과,R22,177,247,5559100,4001520
2018,마취통증의학과,R23,55,74,1731630,1269630
2018,마취통증의학과,R25,250,391,8416040,6237240
2018,마취통증의학과,R26,26,40,935200,728600
2018,마취통증의학과,R27,2,2,117910,85710
2018,마취통증의학과,R29,51,185,3511040,2488240
2018,마취통증의학과,R30,13,18,221300,175500
2018,마취통증의학과,R31,24,31,699970,536270
2018,마취통증의학과,R32,133,251,3657930,3074170
2018,마취통증의학과,R33,2,2,123100,88700
2018,마취통증의학과,R35,57,103,1752080,1373280
2018,마취통증의학과,R36,26,167,14237600,11463300
2018,마취통증의학과,R39,28,46,2627360,2108460
2018,마취통증의학과,R41,185,450,8871540,7340840
2018,마취통증의학과,R42,1326,2116,43323860,33005110
2018,마취통증의학과,R43,18,131,5211910,3658710
2018,마취통증의학과,R44,1,1,15310,13810
2018,마취통증의학과,R45,11,19,288230,214830
2018,마취통증의학과,R47,2,2,30620,24620
2018,마취통증의학과,R50,463,698,11023870,8160460
2018,마취통증의학과,R51,2944,4973,186815350,134276700
2018,마취통증의학과,R52,466,1147,31470510,24112610
2018,마취통증의학과,R53,495,842,16569750,12133150
2018,마취통증의학과,R54,10,15,239860,215960
2018,마취통증의학과,R55,21,22,512820,366320
2018,마취통증의학과,R56,56,80,3313110,2362510
2018,마취통증의학과,R57,20,61,1213340,994240
2018,마취통증의학과,R58,4,4,57720,40720
2018,마취통증의학과,R59,22,28,601240,432240
2018,마취통증의학과,R60,701,1391,22868490,16959310
2018,마취통증의학과,R61,787,1197,52995830,37630690
2018,마취통증의학과,R62,59,87,2757380,1956880
2018,마취통증의학과,R63,266,359,6265930,4994030
2018,마취통증의학과,R68,207,368,6579550,5142250
2018,마취통증의학과,R73,233,351,8005810,6250310
2018,마취통증의학과,R76,7,37,325290,254490
2018,마취통증의학과,R78,1,1,15310,10810
2018,마취통증의학과,R79,2,3,72250,50750
2018,마취통증의학과,R80,14,18,346470,250170
2018,마취통증의학과,R81,110,339,9645150,7391250
2018,마취통증의학과,R82,2,2,113890,79890
2018,마취통증의학과,R84,1,1,10950,7750
2018,마취통증의학과,R86,1,1,10950,9450
2018,마취통증의학과,R89,3,31,439740,384540
2018,마취통증의학과,R90,1,4,61810,43510
2018,마취통증의학과,R91,1,1,25970,18270
2018,마취통증의학과,R94,40,49,1593700,1129470
2018,마취통증의학과,R96,1,1,26100,18300
2018,마취통증의학과,R98,1,1,13340,11840
2018,마취통증의학과,S00,2142,2988,74230770,54411190
2018,마취통증의학과,S01,1509,3311,79654830,59034030
2018,마취통증의학과,S02,204,417,12806960,9189530
2018,마취통증의학과,S03,679,1266,31906840,23051340
2018,마취통증의학과,S04,116,247,12332800,8703900
2018,마취통증의학과,S05,38,48,1007410,714910
2018,마취통증의학과,S06,158,238,10726340,7953810
2018,마취통증의학과,S07,20,40,1001650,768250
2018,마취통증의학과,S08,1,1,63020,44120
2018,마취통증의학과,S09,87,104,2370390,1730190
2018,마취통증의학과,S10,60,114,3778980,2819900
2018,마취통증의학과,S11,35,79,1668840,1272440
2018,마취통증의학과,S12,23,47,3199190,2279680
2018,마취통증의학과,S13,63166,182417,9077828330,6414259520
2018,마취통증의학과,S14,108,573,48314070,33981420
2018,마취통증의학과,S15,1,1,15310,10810
2018,마취통증의학과,S16,246,542,26187740,18376440
2018,마취통증의학과,S17,2,2,69440,48640
2018,마취통증의학과,S19,4,6,271210,192610
2018,마취통증의학과,S20,3149,5155,171641570,123986240
2018,마취통증의학과,S21,88,196,3888560,2925660
2018,마취통증의학과,S22,4771,13616,637417080,463812350
2018,마취통증의학과,S23,28060,54975,2403880010,1714999030
2018,마취통증의학과,S24,29,176,17137190,12006490
2018,마취통증의학과,S25,2,2,39390,30690
2018,마취통증의학과,S27,3,10,602050,473400
2018,마취통증의학과,S28,8,12,350050,254850
2018,마취통증의학과,S29,161,345,14304520,10055320
2018,마취통증의학과,S30,1091,2177,66758760,48453110
2018,마취통증의학과,S31,153,361,7256040,5574140
2018,마취통증의학과,S32,2323,8411,553830240,406219120
2018,마취통증의학과,S33,165256,467311,25544830070,18091033990
2018,마취통증의학과,S34,653,1824,191107710,134840900
2018,마취통증의학과,S35,6,11,394790,280090
2018,마취통증의학과,S36,9,15,204200,152300
2018,마취통증의학과,S37,3,4,128620,90220
2018,마취통증의학과,S39,46,121,8707640,6254840
2018,마취통증의학과,S40,1210,3081,92093870,66232470
2018,마취통증의학과,S41,179,465,10038400,7431400
2018,마취통증의학과,S42,640,2357,92560810,69439780
2018,마취통증의학과,S43,46738,140635,5642565910,4008722560
2018,마취통증의학과,S44,412,1142,56199450,39629850
2018,마취통증의학과,S45,4,5,138130,96930
2018,마취통증의학과,S46,16940,63930,2822384080,2012369870
2018,마취통증의학과,S49,168,323,13200380,9309540
2018,마취통증의학과,S50,1989,3903,112788740,80831020
2018,마취통증의학과,S51,526,1470,34462180,25631280
2018,마취통증의학과,S52,1598,6892,295400040,218596790
2018,마취통증의학과,S53,19211,54342,1739962020,1232566620
2018,마취통증의학과,S54,211,509,19574560,13895160
2018,마취통증의학과,S55,13,36,792750,566950
2018,마취통증의학과,S56,2173,7405,229924690,162374930
2018,마취통증의학과,S57,40,128,2314890,1765590
2018,마취통증의학과,S58,1,1,21020,14720
2018,마취통증의학과,S59,57,95,3016880,2204680
2018,마취통증의학과,S60,4750,7784,226343250,161624810
2018,마취통증의학과,S61,4788,12123,294267500,214130400
2018,마취통증의학과,S62,3428,11237,427346560,308450760
2018,마취통증의학과,S63,57819,125932,3832118580,2715084500
2018,마취통증의학과,S64,775,1671,54535710,38601040
2018,마취통증의학과,S65,107,281,8280750,6009580
2018,마취통증의학과,S66,1918,5019,177681610,126589960
2018,마취통증의학과,S67,245,904,45289850,34035070
2018,마취통증의학과,S68,14,123,7450330,5659370
2018,마취통증의학과,S69,504,1021,32692550,23127750
2018,마취통증의학과,S70,2034,4058,117187970,84404060
2018,마취통증의학과,S71,160,533,12515180,9549180
2018,마취통증의학과,S72,185,674,70970250,54448670
2018,마취통증의학과,S73,5816,14107,522211460,371614470
2018,마취통증의학과,S74,599,1968,96961220,68283120
2018,마취통증의학과,S75,6,16,584990,419790
2018,마취통증의학과,S76,4730,12048,435145720,308278020
2018,마취통증의학과,S77,12,22,518330,366130
2018,마취통증의학과,S78,5,9,121690,95990
2018,마취통증의학과,S79,216,925,48047640,33906440
2018,마취통증의학과,S80,7077,14548,402983950,290805650
2018,마취통증의학과,S81,1444,4090,98187560,72273170
2018,마취통증의학과,S82,1573,6625,324709270,239337500
2018,마취통증의학과,S83,39024,110598,3421477610,2453576300
2018,마취통증의학과,S84,574,1597,52527390,37310690
2018,마취통증의학과,S85,16,51,1208880,850880
2018,마취통증의학과,S86,4078,11305,331204000,235495810
2018,마취통증의학과,S87,37,110,2433130,1803030
2018,마취통증의학과,S88,14,24,348140,279040
2018,마취통증의학과,S89,85,126,3905270,2795680
2018,마취통증의학과,S90,4498,7196,200137600,143090120
2018,마취통증의학과,S91,1563,3785,90035250,65657790
2018,마취통증의학과,S92,3801,12530,529999190,383841080
2018,마취통증의학과,S93,72160,167046,4862459450,3456161600
2018,마취통증의학과,S94,347,689,21715530,15389330
2018,마취통증의학과,S95,17,60,1251540,928540
2018,마취통증의학과,S96,1861,4557,135092900,96950620
2018,마취통증의학과,S97,73,131,4447090,3220890
2018,마취통증의학과,S98,3,4,136210,99310
2018,마취통증의학과,S99,215,502,12295090,8722320
2018,마취통증의학과,T00,68,137,3123770,2312870
2018,마취통증의학과,T01,112,359,7344310,5832010
2018,마취통증의학과,T02,1,1,19180,17280
2018,마취통증의학과,T03,6,7,290920,205320
2018,마취통증의학과,T04,1,1,21020,14720
2018,마취통증의학과,T08,51,236,17341810,13661410
2018,마취통증의학과,T09,59,114,2416430,1828030
2018,마취통증의학과,T10,7,10,428340,312540
2018,마취통증의학과,T11,22,41,1078250,766950
2018,마취통증의학과,T12,2,4,96580,67780
2018,마취통증의학과,T13,94,242,6211310,4570910
2018,마취통증의학과,T14,1194,2583,56593640,43519340
2018,마취통증의학과,T15,12,13,309320,223120
2018,마취통증의학과,T16,18,19,453090,322990
2018,마취통증의학과,T17,24,25,586860,426860
2018,마취통증의학과,T18,20,22,546110,402610
2018,마취통증의학과,T20,48,123,5358100,4024100
2018,마취통증의학과,T21,89,271,9194930,6629630
2018,마취통증의학과,T22,228,760,27105270,19352470
2018,마취통증의학과,T23,426,1166,45291950,33057850
2018,마취통증의학과,T24,223,886,34050320,24473340
2018,마취통증의학과,T25,138,515,20944270,15048470
2018,마취통증의학과,T28,1,2,30460,27260
2018,마취통증의학과,T29,6,16,378890,266490
2018,마취통증의학과,T30,146,354,11605240,8339040
2018,마취통증의학과,T31,39,166,5676010,4290610
2018,마취통증의학과,T33,21,42,1192200,861900
2018,마취통증의학과,T35,6,14,674680,473280
2018,마취통증의학과,T43,1,5,31310,22010
2018,마취통증의학과,T46,1,1,15310,13810
2018,마취통증의학과,T49,1,1,10950,7750
2018,마취통증의학과,T56,3,12,571830,400830
2018,마취통증의학과,T60,4,8,102510,76110
2018,마취통증의학과,T62,18,19,278910,222510
2018,마취통증의학과,T63,129,143,2281220,1773620
2018,마취통증의학과,T65,2,5,243130,170630
2018,마취통증의학과,T67,31,39,949170,719390
2018,마취통증의학과,T69,8,9,170180,119780
2018,마취통증의학과,T70,1,6,103660,72960
2018,마취통증의학과,T73,25,33,511110,386910
2018,마취통증의학과,T75,2,3,41570,29370
2018,마취통증의학과,T78,266,397,8162530,5885430
2018,마취통증의학과,T79,256,620,12103200,8984500
2018,마취통증의학과,T80,6,9,166400,117100
2018,마취통증의학과,T81,21,38,780670,599770
2018,마취통증의학과,T84,10,46,1398370,1062870
2018,마취통증의학과,T87,4,6,100570,76770
2018,마취통증의학과,T88,78,95,2389090,1745440
2018,마취통증의학과,T90,2,3,41570,29370
2018,마취통증의학과,T91,407,2194,126219250,93504980
2018,마취통증의학과,T92,62,406,8020750,6321250
2018,마취통증의학과,T93,54,190,4679600,3407070
2018,마취통증의학과,T95,6,11,304910,216110
2018,마취통증의학과,T96,1,1,54530,38230
2018,마취통증의학과,Z00,197,210,6709310,4827950
2018,마취통증의학과,Z01,21,21,438740,316440
2018,마취통증의학과,Z02,4,6,10950,9450
2018,마취통증의학과,Z03,283,300,5123710,3948810
2018,마취통증의학과,Z04,43,57,2376450,1715550
2018,마취통증의학과,Z09,3,3,45930,32430
2018,마취통증의학과,Z10,5,6,0,0
2018,마취통증의학과,Z11,1,1,15310,10810
2018,마취통증의학과,Z13,16,16,330000,250800
2018,마취통증의학과,Z20,2,2,153450,107450
2018,마취통증의학과,Z23,13,15,560520,396020
2018,마취통증의학과,Z24,13,13,99950,80250
2018,마취통증의학과,Z25,121,133,2227240,1621840
2018,마취통증의학과,Z26,96,100,362930,265430
2018,마취통증의학과,Z27,3,4,264170,187370
2018,마취통증의학과,Z29,15,15,283750,208350
2018,마취통증의학과,Z30,4,6,99820,70220
2018,마취통증의학과,Z31,2,5,63340,44540
2018,마취통증의학과,Z35,2,2,28650,20150
2018,마취통증의학과,Z47,17,69,13739020,10830410
2018,마취통증의학과,Z48,900,2307,45091880,33675080
2018,마취통증의학과,Z51,1,1,41730,29230
2018,마취통증의학과,Z54,99,307,17447510,12952270
2018,마취통증의학과,Z57,1,1,22920,16120
2018,마취통증의학과,Z70,3,9,106710,87310
2018,마취통증의학과,Z71,519,563,7576830,5698230
2018,마취통증의학과,Z72,3,4,49270,34770
2018,마취통증의학과,Z73,13,15,237740,167440
2018,마취통증의학과,Z85,1,1,15310,10810
2018,마취통증의학과,Z88,3,3,113150,79450
2018,마취통증의학과,Z90,1,4,46190,40190
2018,마취통증의학과,Z91,1,1,64020,44820
2018,마취통증의학과,Z93,2,49,1405970,1331670
2018,마취통증의학과,Z94,2,2,34360,27960
2018,마취통증의학과,Z95,4,25,149610,108010
2018,마취통증의학과,Z96,31,105,2624130,2017830
2018,마취통증의학과,Z97,1,1,15310,13810
2018,마취통증의학과,Z98,739,1840,61218570,45445450
2018,산부인과,A00,3,3,1300660,1118560
2018,산부인과,A01,2,2,37350,30850
2018,산부인과,A02,3,3,890080,687870
2018,산부인과,A04,243,321,8944950,7162150
2018,산부인과,A05,20,27,858930,696310
2018,산부인과,A06,110,125,1695180,1200780
2018,산부인과,A07,3,7,193830,136030
2018,산부인과,A08,5345,8313,159735100,127652800
2018,산부인과,A09,24005,36085,593555290,460601750
2018,산부인과,A15,4,11,335840,313940
2018,산부인과,A16,5,5,170610,123910
2018,산부인과,A18,6,13,284160,202060
2018,산부인과,A28,1,1,13340,9340
2018,산부인과,A30,1,1,12300,9800
2018,산부인과,A31,4971,8591,339721090,243905860
2018,산부인과,A38,52,105,1407760,1078460
2018,산부인과,A40,3,3,57330,47830
2018,산부인과,A41,43,52,913380,708280
2018,산부인과,A42,845,1904,95490130,66969130
2018,산부인과,A43,3,3,139640,97840
2018,산부인과,A46,6,7,123220,99820
2018,산부인과,A48,8973,13113,619828380,436543280
2018,산부인과,A49,47149,79870,3289140770,2316224590
2018,산부인과,A50,4,8,306240,214840
2018,산부인과,A51,471,849,49331660,34927820
2018,산부인과,A52,9,14,570200,416100
2018,산부인과,A53,304,489,18111030,12979030
2018,산부인과,A54,1735,2885,83771070,58988670
2018,산부인과,A55,20,35,1072590,752690
2018,산부인과,A56,21327,37156,1191422250,838819300
2018,산부인과,A57,368,434,7404920,5249970
2018,산부인과,A58,2,2,30620,21620
2018,산부인과,A59,76649,126851,3912943470,2762638840
2018,산부인과,A60,52275,91991,2740204370,1950732340
2018,산부인과,A63,132489,249368,15955821770,11228671490
2018,산부인과,A64,10814,18192,1161404590,817442590
2018,산부인과,A65,2,2,67960,47660
2018,산부인과,A66,4,6,207080,145280
2018,산부인과,A68,24,28,425230,344230
2018,산부인과,A69,73,86,1346530,1019130
2018,산부인과,A74,2990,4281,124242950,87648850
2018,산부인과,A75,4,4,49410,39510
2018,산부인과,A77,2,2,111140,78940
2018,산부인과,A80,1,1,15460,12260
2018,산부인과,A83,2,2,142450,99850
2018,산부인과,A86,2,2,121130,84930
2018,산부인과,A87,14,17,237640,183740
2018,산부인과,A88,22,22,330340,261740
2018,산부인과,A92,8,8,433760,304060
2018,산부인과,B00,12695,20256,480583550,346536750
2018,산부인과,B01,561,1017,15267770,11515870
2018,산부인과,B02,3737,7020,149005190,109171960
2018,산부인과,B05,2,2,320940,226140
2018,산부인과,B06,27,34,1698250,1301450
2018,산부인과,B07,988,1614,82482570,58361900
2018,산부인과,B08,6540,12012,178454910,141362710
2018,산부인과,B09,333,456,6594120,5172320
2018,산부인과,B15,3,4,121550,85250
2018,산부인과,B16,3,4,426270,347070
2018,산부인과,B17,56,71,3475810,2546410
2018,산부인과,B18,746,1475,97039300,72264260
2018,산부인과,B19,18,19,1502540,1069840
2018,산부인과,B20,1,1,2970,2770
2018,산부인과,B24,1,1,14950,10550
2018,산부인과,B25,3,3,54030,38030
2018,산부인과,B26,77,115,2192830,1604930
2018,산부인과,B27,4,8,99470,73570
2018,산부인과,B30,673,817,11569430,9028930
2018,산부인과,B33,64,145,2425820,1749520
2018,산부인과,B34,466,593,8879170,6975770
2018,산부인과,B35,17608,31655,674150230,481189830
2018,산부인과,B36,785,1090,17224120,12919520
2018,산부인과,B37,611275,1187977,33921958990,24037117070
2018,산부인과,B38,4,5,201270,141170
2018,산부인과,B39,7,16,181290,128090
2018,산부인과,B43,12,15,618500,442700
2018,산부인과,B46,2,4,60670,42770
2018,산부인과,B47,14,18,517110,362910
2018,산부인과,B48,19,26,609590,459090
2018,산부인과,B49,578,706,25038400,17656000
2018,산부인과,B54,9,9,133980,95580
2018,산부인과,B55,1,1,15310,10810
2018,산부인과,B56,1,1,15310,10810
2018,산부인과,B58,2,2,24280,19580
2018,산부인과,B60,4,9,397050,278650
2018,산부인과,B66,4,11,58180,41580
2018,산부인과,B72,5,5,89970,66870
2018,산부인과,B73,6,13,297160,221160
2018,산부인과,B76,12,12,419070,297870
2018,산부인과,B80,13,14,220890,169290
2018,산부인과,B83,10,12,185160,143460
2018,산부인과,B85,790,937,27054480,19184280
2018,산부인과,B86,88,110,2241130,1640830
2018,산부인과,B88,563,1409,43497810,30609520
2018,산부인과,B89,3,3,36590,26890
2018,산부인과,B94,1,1,10950,7750
2018,산부인과,B95,9,9,131800,94800
2018,산부인과,B96,171,247,4301650,3042150
2018,산부인과,B97,4308,5809,305549090,214880890
2018,산부인과,B98,166,189,8585620,6023820
2018,산부인과,B99,1,1,19110,13410
2018,산부인과,C03,1,1,15310,14310
2018,산부인과,C05,1,2,24600,19600
2018,산부인과,C11,1,9,263230,250130
2018,산부인과,C13,1,1,160480,112380
2018,산부인과,C14,1,5,57140,52540
2018,산부인과,C15,2,7,127230,121130
2018,산부인과,C16,30,69,2333730,2110430
2018,산부인과,C17,3,3,190210,167510
2018,산부인과,C18,16,41,876250,769350
2018,산부인과,C19,2,2,411300,390800
2018,산부인과,C20,7,10,533450,456550
2018,산부인과,C21,2,2,30620,29120
2018,산부인과,C22,15,44,3682080,2764180
2018,산부인과,C23,1,2,32310,30810
2018,산부인과,C25,14,23,790300,621900
2018,산부인과,C31,1,1,12920,9120
2018,산부인과,C34,15,85,2658590,2229960
2018,산부인과,C37,2,6,77900,60800
2018,산부인과,C43,3,3,49730,42830
2018,산부인과,C44,14,21,1123630,1037930
2018,산부인과,C48,4,6,112770,85870
2018,산부인과,C49,2,5,244030,232730
2018,산부인과,C50,1457,2148,239156670,189555770
2018,산부인과,C51,18,43,2341950,1941250
2018,산부인과,C52,7,10,638150,463450
2018,산부인과,C53,697,1275,125615460,100425940
2018,산부인과,C54,2633,4024,710435380,508544740
2018,산부인과,C55,76,167,17748490,12543790
2018,산부인과,C56,5161,6665,923646170,656031940
2018,산부인과,C57,199,263,38850150,27910450
2018,산부인과,C58,4,4,271350,236750
2018,산부인과,C61,15,43,631540,546240
2018,산부인과,C64,2,7,127970,119870
2018,산부인과,C65,3,3,79580,58880
2018,산부인과,C67,297,428,36833330,26444930
2018,산부인과,C68,2,3,162440,113840
2018,산부인과,C71,1,2,166060,157860
2018,산부인과,C72,1,1,34230,32530
2018,산부인과,C73,441,617,57412210,43072410
2018,산부인과,C75,3,3,115570,99670
2018,산부인과,C76,67,68,2802960,1972060
2018,산부인과,C77,3,3,50610,41810
2018,산부인과,C78,6,146,3227850,2319450
2018,산부인과,C79,26,32,4226740,3054740
2018,산부인과,C80,2,3,43740,41740
2018,산부인과,C81,1,1,15310,10810
2018,산부인과,C82,1,1,16660,15860
2018,산부인과,C83,2,4,53080,40280
2018,산부인과,C85,2,9,113760,80360
2018,산부인과,C86,2,2,275460,261860
2018,산부인과,C90,1,7,83820,80020
2018,산부인과,C91,2,5,166150,116450
2018,산부인과,C92,3,3,185890,176690
2018,산부인과,C94,1,4,51240,36140
2018,산부인과,C96,2,4,93440,65740
2018,산부인과,D00,1,1,15310,10810
2018,산부인과,D01,7,11,879090,817190
2018,산부인과,D02,1,1,19890,13990
2018,산부인과,D03,2,11,534530,408000
2018,산부인과,D05,111,158,13310530,11884630
2018,산부인과,D06,1424,3323,290671030,258925170
2018,산부인과,D07,80,121,16099330,13073130
2018,산부인과,D09,4,6,385470,334470
2018,산부인과,D10,6,6,91480,73580
2018,산부인과,D11,3,7,116250,83450
2018,산부인과,D12,206,236,21808650,15488750
2018,산부인과,D13,30,40,2834670,2017470
2018,산부인과,D14,2,2,34830,27530
2018,산부인과,D15,1,1,19110,13410
2018,산부인과,D16,3,5,65710,57410
2018,산부인과,D17,484,793,56471720,40334640
2018,산부인과,D18,178,208,7145140,5247440
2018,산부인과,D20,2,2,37340,28540
2018,산부인과,D21,90,116,9976600,7333200
2018,산부인과,D22,34,46,939380,691880
2018,산부인과,D23,1791,2554,191275030,135711990
2018,산부인과,D24,8541,12694,695774470,498782830
2018,산부인과,D25,109041,163261,15354370270,11914943630
2018,산부인과,D26,888,1218,260773000,204785420
2018,산부인과,D27,27652,39658,4702287740,3641220230
2018,산부인과,D28,5898,10487,1312463640,934864940
2018,산부인과,D29,9,11,168880,131380
2018,산부인과,D30,58,65,3523240,2537650
2018,산부인과,D31,2,2,51520,37720
2018,산부인과,D32,4,10,446590,424790
2018,산부인과,D33,2,8,516450,487650
2018,산부인과,D34,3246,4044,184692910,131095920
2018,산부인과,D35,26,46,1684660,1328360
2018,산부인과,D36,34,49,3434990,2428090
2018,산부인과,D37,36,40,3406210,2411910
2018,산부인과,D38,2,11,247240,236040
2018,산부인과,D39,3525,4691,392790140,278653480
2018,산부인과,D40,2,2,196010,154110
2018,산부인과,D41,16,32,2275400,1631400
2018,산부인과,D44,384,442,24376540,17386340
2018,산부인과,D46,2,43,803900,762100
2018,산부인과,D47,4,8,180490,167790
2018,산부인과,D48,848,1017,85973760,61210930
2018,산부인과,D50,12666,20175,736844640,550079340
2018,산부인과,D51,10,17,363030,259830
2018,산부인과,D52,171,218,6714090,4942190
2018,산부인과,D53,64,131,8231380,7012780
2018,산부인과,D56,2,2,43070,30270
2018,산부인과,D58,2,3,66740,46940
2018,산부인과,D59,6,8,592440,499990
2018,산부인과,D61,2,2,30620,24620
2018,산부인과,D62,240,389,15851030,11509440
2018,산부인과,D63,2,2,15310,13810
2018,산부인과,D64,5026,7170,311810670,221771070
2018,산부인과,D68,32,56,3656990,3030790
2018,산부인과,D69,202,266,8135590,6558990
2018,산부인과,D70,2,3,61300,48600
2018,산부인과,D72,28,118,2515920,1781120
2018,산부인과,D73,1,1,145310,130810
2018,산부인과,D75,3,3,102120,73120
2018,산부인과,D77,2,3,131480,92180
2018,산부인과,D81,5,11,124810,88310
2018,산부인과,D82,2,2,25640,19440
2018,산부인과,D84,2,2,36240,25540
2018,산부인과,E00,7,12,611110,522310
2018,산부인과,E01,7,7,642830,470430
2018,산부인과,E02,68,92,4854470,4212570
2018,산부인과,E03,6792,15506,824950520,669425920
2018,산부인과,E04,1959,2394,98059640,69563540
2018,산부인과,E05,1243,2754,151302140,120342000
2018,산부인과,E06,1667,2896,138705970,106197670
2018,산부인과,E07,7720,9914,657151700,493004800
2018,산부인과,E10,105,337,7326950,5688350
2018,산부인과,E11,2726,11801,286777280,213677320
2018,산부인과,E12,4,15,42130,30330
2018,산부인과,E13,225,638,26866370,19551270
2018,산부인과,E14,1146,3095,121087730,89008130
2018,산부인과,E16,20,25,464490,341890
2018,산부인과,E20,14,19,904840,677440
2018,산부인과,E21,21,29,991710,729510
2018,산부인과,E22,4165,6571,204026070,144202220
2018,산부인과,E23,104,154,4229030,2981230
2018,산부인과,E24,7,15,1071780,869580
2018,산부인과,E25,4,73,1161940,834040
2018,산부인과,E27,11,15,770040,551640
2018,산부인과,E28,27405,54478,1850849710,1301072500
2018,산부인과,E29,3,6,101600,75700
2018,산부인과,E30,354,817,33576640,23632240
2018,산부인과,E32,1,2,14140,14140
2018,산부인과,E34,45,91,1903290,1365090
2018,산부인과,E35,147,455,8923550,6332850
2018,산부인과,E41,2,4,66080,46580
2018,산부인과,E44,6,6,84050,68150
2018,산부인과,E46,4,9,112050,98550
2018,산부인과,E50,309,483,6406260,4677160
2018,산부인과,E53,81,107,2502690,1865990
2018,산부인과,E54,1,1,21650,15250
2018,산부인과,E55,8629,12574,247168470,177088870
2018,산부인과,E56,164,251,5465990,4090990
2018,산부인과,E58,499,904,14881410,10707710
2018,산부인과,E59,1,1,23290,16390
2018,산부인과,E61,30,36,1067400,760200
2018,산부인과,E63,38,67,1011300,805500
2018,산부인과,E64,9,12,179790,140990
2018,산부인과,E65,10,10,505220,354320
2018,산부인과,E66,793,1706,29712550,21717090
2018,산부인과,E67,4,4,55400,43800
2018,산부인과,E70,4,4,51410,39510
2018,산부인과,E71,2,2,34940,27740
2018,산부인과,E72,12,14,385990,297290
2018,산부인과,E73,139,153,2378600,1879600
2018,산부인과,E74,44,65,2813530,2193930
2018,산부인과,E75,14,16,532920,374120
2018,산부인과,E76,1,1,84130,58930
2018,산부인과,E78,7352,17113,395350080,283585300
2018,산부인과,E79,13,24,387350,284850
2018,산부인과,E80,8,9,153910,113410
2018,산부인과,E83,1078,1877,28012860,20379760
2018,산부인과,E86,530,652,14721530,11203400
2018,산부인과,E87,67,89,2181720,1660500
2018,산부인과,E88,43,62,1919680,1452280
2018,산부인과,E89,34,93,2447110,1730210
2018,산부인과,E90,11,13,214490,159690
2018,산부인과,F00,336,1114,21190180,16964100
2018,산부인과,F01,280,951,30628560,24730260
2018,산부인과,F02,3,26,545170,414570
2018,산부인과,F03,27,102,3136710,2485910
2018,산부인과,F05,8,24,158930,122830
2018,산부인과,F06,1187,2500,40374250,31005450
2018,산부인과,F07,29,31,536210,418110
2018,산부인과,F09,1,1,2970,2170
2018,산부인과,F10,1,1,11060,7760
2018,산부인과,F13,5,9,111630,80630
2018,산부인과,F17,1,1,10950,7750
2018,산부인과,F20,13,85,1923140,1651540
2018,산부인과,F22,1,4,52940,46940
2018,산부인과,F30,1,1,15310,10810
2018,산부인과,F31,52,192,2429440,1936340
2018,산부인과,F32,631,1903,29938810,21712250
2018,산부인과,F33,15,32,407860,316960
2018,산부인과,F34,19,59,723370,543870
2018,산부인과,F38,14,24,448970,321370
2018,산부인과,F39,17,36,664760,473560
2018,산부인과,F40,28,85,2058400,1509300
2018,산부인과,F41,587,1165,24010190,17538050
2018,산부인과,F42,3,15,175750,148450
2018,산부인과,F43,43,60,1535290,1106190
2018,산부인과,F45,173,308,4635660,3343460
2018,산부인과,F48,384,573,10227610,7386000
2018,산부인과,F50,120,243,4399440,3129970
2018,산부인과,F51,1026,2238,34943090,25341050
2018,산부인과,F52,76,109,1466910,1043010
2018,산부인과,F53,12,17,291750,217150
2018,산부인과,F54,4,4,49910,39610
2018,산부인과,F59,40,48,694110,494610
2018,산부인과,F60,4,7,87920,69620
2018,산부인과,F64,42,191,2315800,1633700
2018,산부인과,F66,24,84,1216420,946720
2018,산부인과,F80,46,48,685220,548320
2018,산부인과,F82,3,3,36800,29300
2018,산부인과,F84,18,19,254790,211690
2018,산부인과,F88,2,2,27700,21900
2018,산부인과,F89,5,5,69810,53510
2018,산부인과,F90,11,30,366180,280280
2018,산부인과,F91,1,1,11500,9100
2018,산부인과,F92,17,48,397130,286330
2018,산부인과,F93,2,2,39810,30210
2018,산부인과,F94,1,1,16200,12800
2018,산부인과,F95,6,6,105040,77040
2018,산부인과,F98,20,25,394060,303560
2018,산부인과,G03,7,7,103590,77790
2018,산부인과,G05,86,106,2686680,2053660
2018,산부인과,G10,1,1,13170,9270
2018,산부인과,G11,2,3,21250,18150
2018,산부인과,G12,3,5,38970,31470
2018,산부인과,G13,1,1,14690,11690
2018,산부인과,G20,31,113,3185680,2753880
2018,산부인과,G21,6,82,1190800,1044500
2018,산부인과,G22,1,2,40300,30300
2018,산부인과,G24,12,14,303060,225160
2018,산부인과,G25,29,104,1277800,979700
2018,산부인과,G30,10,75,707830,619630
2018,산부인과,G31,2068,4145,65851580,50852110
2018,산부인과,G32,3,8,118880,89580
2018,산부인과,G35,4,6,544660,483460
2018,산부인과,G37,3,4,49020,38320
2018,산부인과,G40,34,70,1488010,1219810
2018,산부인과,G41,8,25,175600,141100
2018,산부인과,G43,935,1359,22205460,16224360
2018,산부인과,G44,419,603,13273700,9589000
2018,산부인과,G45,13,37,296140,233840
2018,산부인과,G46,4,16,82820,62420
2018,산부인과,G47,3930,10355,150095290,108943700
2018,산부인과,G50,16,21,313230,242530
2018,산부인과,G51,30,34,821640,648330
2018,산부인과,G52,3,15,222370,163070
2018,산부인과,G53,105,256,4756740,3580740
2018,산부인과,G54,57,96,3597680,2616780
2018,산부인과,G55,2,5,42870,34570
2018,산부인과,G56,58,81,2622080,1870780
2018,산부인과,G57,7,8,256590,201290
2018,산부인과,G58,12,17,670940,528340
2018,산부인과,G61,1,1,15310,10810
2018,산부인과,G62,4,8,209260,157960
2018,산부인과,G63,10,24,408670,312670
2018,산부인과,G64,148,226,3587230,2740260
2018,산부인과,G70,4,5,473610,367110
2018,산부인과,G71,4,5,77770,57570
2018,산부인과,G73,5,5,64250,47550
2018,산부인과,G80,1,9,110500,77700
2018,산부인과,G81,4,24,951230,730130
2018,산부인과,G83,2,2,54080,37980
2018,산부인과,G90,171,301,5959620,4330720
2018,산부인과,G91,10,13,263660,197760
2018,산부인과,G93,24,48,831370,610870
2018,산부인과,G95,3,3,47240,37540
2018,산부인과,G96,2,5,54750,47250
2018,산부인과,G97,2,2,224890,175910
2018,산부인과,G99,7,17,259190,189590
2018,산부인과,H00,785,960,15107540,11599240
2018,산부인과,H01,353,456,6144430,4634530
2018,산부인과,H02,55,66,978610,763110
2018,산부인과,H03,5,8,106180,74680
2018,산부인과,H04,909,1327,18058370,13632070
2018,산부인과,H05,27,30,448000,348100
2018,산부인과,H06,2,2,25680,18080
2018,산부인과,H10,8735,11382,163136420,127708510
2018,산부인과,H11,355,562,7142360,5157860
2018,산부인과,H13,5,6,78970,57270
2018,산부인과,H15,1,2,0,0
2018,산부인과,H16,282,422,6062370,4565360
2018,산부인과,H17,1,1,15310,10810
2018,산부인과,H18,8,12,144820,104720
2018,산부인과,H19,21,26,483750,352450
2018,산부인과,H20,6,14,212720,152720
2018,산부인과,H21,4,4,58600,49500
2018,산부인과,H25,72,104,1554670,1330770
2018,산부인과,H26,9,17,213030,162530
2018,산부인과,H28,1,4,43800,37800
2018,산부인과,H30,1,1,10950,7750
2018,산부인과,H33,1,2,21900,18900
2018,산부인과,H34,2,2,30060,26660
2018,산부인과,H35,92,115,1728650,1438950
2018,산부인과,H36,14,44,511620,414520
2018,산부인과,H40,54,110,1171350,954450
2018,산부인과,H42,3,3,32850,23250
2018,산부인과,H44,19,19,271450,201950
2018,산부인과,H45,1,1,17470,13870
2018,산부인과,H47,7,9,137820,100120
2018,산부인과,H50,35,36,524130,423030
2018,산부인과,H52,81,82,2155410,1691810
2018,산부인과,H53,6,7,175480,126380
2018,산부인과,H54,5,8,108350,83450
2018,산부인과,H55,3,3,48500,38400
2018,산부인과,H57,8,8,115410,90610
2018,산부인과,H60,1178,1735,28170280,21670780
2018,산부인과,H61,371,399,9366790,7365890
2018,산부인과,H62,45,68,1351840,1002940
2018,산부인과,H65,2749,7944,106855310,85144590
2018,산부인과,H66,16171,57226,854076680,675597590
2018,산부인과,H67,9,11,156660,117760
2018,산부인과,H68,9,11,124320,90620
2018,산부인과,H69,5,5,76540,57940
2018,산부인과,H70,2,2,158890,112290
2018,산부인과,H71,4,4,54500,43100
2018,산부인과,H72,8,9,142080,109780
2018,산부인과,H73,2,2,25320,18920
2018,산부인과,H74,2,3,39640,27940
2018,산부인과,H81,698,1100,23320190,17150520
2018,산부인과,H82,19,21,717050,529850
2018,산부인과,H83,2,2,32450,22750
2018,산부인과,H90,41,51,1437780,1140180
2018,산부인과,H91,64,83,1657770,1357760
2018,산부인과,H92,139,147,2273910,1758610
2018,산부인과,H93,142,173,3301570,2456070
2018,산부인과,I00,14,51,789580,578820
2018,산부인과,I05,2,3,444140,397740
2018,산부인과,I10,9189,38967,760176980,569135380
2018,산부인과,I11,144,755,11707650,8849750
2018,산부인과,I12,43,240,3508560,2805560
2018,산부인과,I13,11,23,325360,234860
2018,산부인과,I15,193,646,10762150,8135860
2018,산부인과,I20,122,305,7540540,5707340
2018,산부인과,I21,22,53,5401820,3834520
2018,산부인과,I22,1,5,89800,69700
2018,산부인과,I23,1,1,15310,10810
2018,산부인과,I24,6,9,162190,127690
2018,산부인과,I25,19,33,507370,411170
2018,산부인과,I26,1,2,104740,80610
2018,산부인과,I27,1,1,13340,9340
2018,산부인과,I31,2,4,38380,26980
2018,산부인과,I34,1,1,10960,7760
2018,산부인과,I35,2,2,39840,31040
2018,산부인과,I37,1,1,15310,10810
2018,산부인과,I40,1,1,64730,45330
2018,산부인과,I41,1,1,15310,10810
2018,산부인과,I42,2,7,207690,161190
2018,산부인과,I43,1,1,61830,43330
2018,산부인과,I44,1,7,92910,79010
2018,산부인과,I45,10,13,710270,621470
2018,산부인과,I47,22,39,731890,563690
2018,산부인과,I48,23,58,962820,733120
2018,산부인과,I49,146,204,4995640,3931040
2018,산부인과,I50,22,37,830080,648680
2018,산부인과,I51,35,42,1187470,898970
2018,산부인과,I61,3,22,598480,516280
2018,산부인과,I62,1,14,49560,35960
2018,산부인과,I63,66,235,4058800,3260700
2018,산부인과,I65,15,36,608160,468360
2018,산부인과,I66,4,16,190940,163940
2018,산부인과,I67,51,137,3102470,2365570
2018,산부인과,I68,4,13,502430,405530
2018,산부인과,I69,15,53,711150,555550
2018,산부인과,I70,38,90,1091640,810640
2018,산부인과,I72,1,2,241280,171480
2018,산부인과,I73,721,1482,24903560,18372960
2018,산부인과,I74,7,9,662350,592650
2018,산부인과,I77,3,3,77720,57620
2018,산부인과,I78,19,20,383900,291800
2018,산부인과,I79,3,3,116230,81630
2018,산부인과,I80,88,123,2540160,1867760
2018,산부인과,I81,2,2,136360,95560
2018,산부인과,I82,9,14,169570,135170
2018,산부인과,I83,181,312,9608470,6995860
2018,산부인과,I85,2,2,55200,38800
2018,산부인과,I86,42,67,1283620,941420
2018,산부인과,I87,370,726,13482680,9823880
2018,산부인과,I88,198,271,5542320,4016520
2018,산부인과,I89,261,788,14773130,11353030
2018,산부인과,I95,56,67,3374830,2554740
2018,산부인과,I97,3,3,58310,44810
2018,산부인과,I99,24,40,738260,532560
2018,산부인과,J00,39834,93466,1347461810,1059864800
2018,산부인과,J01,16892,42373,597473130,465974990
2018,산부인과,J02,26016,55344,775361690,602745850
2018,산부인과,J03,24508,47068,811265410,623870240
2018,산부인과,J04,2945,4767,91609790,73739610
2018,산부인과,J05,830,1358,23263030,18667690
2018,산부인과,J06,31309,63510,952213940,741090460
2018,산부인과,J09,202,248,6384680,5150940
2018,산부인과,J10,6334,8600,183897710,145193200
2018,산부인과,J11,3366,4420,93095100,74323240
2018,산부인과,J12,17,20,991630,760010
2018,산부인과,J14,1,2,151400,106100
2018,산부인과,J15,988,2196,46584490,36038520
2018,산부인과,J16,3,3,22450,16850
2018,산부인과,J17,52,52,809900,575100
2018,산부인과,J18,2870,5864,183749760,155072660
2018,산부인과,J20,90481,295297,4223644140,3277404700
2018,산부인과,J21,7783,21125,337666550,270001750
2018,산부인과,J22,698,1517,31526180,24220080
2018,산부인과,J30,32557,82778,1214055520,942964690
2018,산부인과,J31,391,558,8115410,6148710
2018,산부인과,J32,1759,4359,73443200,56708800
2018,산부인과,J33,2,2,30000,22500
2018,산부인과,J34,37,44,730980,538380
2018,산부인과,J35,84,118,1739000,1303800
2018,산부인과,J36,1748,5992,81041980,62742720
2018,산부인과,J37,10,22,420630,299130
2018,산부인과,J38,23,26,856350,619750
2018,산부인과,J39,240,361,6162500,4745400
2018,산부인과,J40,2999,4461,71982720,56909910
2018,산부인과,J41,99,181,2060320,1612520
2018,산부인과,J42,196,312,4303590,3252180
2018,산부인과,J43,6,6,187090,131390
2018,산부인과,J44,114,227,4537540,3392240
2018,산부인과,J45,6312,15779,257084490,200512810
2018,산부인과,J46,224,445,8573480,6738880
2018,산부인과,J47,22,36,823800,661800
2018,산부인과,J60,1,1,13890,10990
2018,산부인과,J67,94,123,6670390,4713820
2018,산부인과,J68,1,1,15310,10810
2018,산부인과,J69,2,3,46920,41820
2018,산부인과,J70,1,1,19890,13990
2018,산부인과,J80,3,4,435030,330600
2018,산부인과,J81,1,1,23930,16830
2018,산부인과,J82,1,1,10950,7750
2018,산부인과,J84,1,4,78130,60230
2018,산부인과,J90,8,14,332470,241670
2018,산부인과,J91,1,1,19890,13990
2018,산부인과,J93,3,3,74150,52050
2018,산부인과,J94,1,1,5470,3870
2018,산부인과,J96,3,5,161830,148230
2018,산부인과,J98,63,71,2515790,1792190
2018,산부인과,K00,20,20,307030,243230
2018,산부인과,K01,2,3,49100,42000
2018,산부인과,K02,12,16,247980,185680
2018,산부인과,K03,3,3,37150,28250
2018,산부인과,K04,17,22,647360,529060
2018,산부인과,K05,209,305,4102640,3131840
2018,산부인과,K06,13,13,193480,153080
2018,산부인과,K07,35,57,756830,561130
2018,산부인과,K08,58,70,910340,721540
2018,산부인과,K09,57,62,961020,762120
2018,산부인과,K10,3,3,54820,40520
2018,산부인과,K11,75,105,1498070,1151070
2018,산부인과,K12,1714,2367,36649530,29102830
2018,산부인과,K13,112,133,2192380,1644680
2018,산부인과,K14,109,131,2050080,1585480
2018,산부인과,K20,47,53,1300350,939050
2018,산부인과,K21,6835,10068,237651000,174071180
2018,산부인과,K22,10,15,313600,223800
2018,산부인과,K23,1,1,10900,7700
2018,산부인과,K25,2673,3977,127267210,91127300
2018,산부인과,K26,492,666,19494120,13852720
2018,산부인과,K27,692,861,25152240,19081560
2018,산부인과,K28,7,11,121010,95710
2018,산부인과,K29,52863,91866,3098362720,2206147940
2018,산부인과,K30,15511,23408,1017832850,796652120
2018,산부인과,K31,194,282,9612550,6891230
2018,산부인과,K35,52,53,1270250,933150
2018,산부인과,K36,3,3,70690,49690
2018,산부인과,K37,41,44,1263140,990940
2018,산부인과,K38,2,3,43960,30960
2018,산부인과,K40,132,153,2552130,1974330
2018,산부인과,K41,17,18,299510,225010
2018,산부인과,K42,98,102,1622830,1307230
2018,산부인과,K43,18,28,559170,404270
2018,산부인과,K44,1,2,5940,4340
2018,산부인과,K45,7,8,116790,84890
2018,산부인과,K46,19,24,498080,368680
2018,산부인과,K50,47,63,7823630,5484330
2018,산부인과,K51,24,84,1830340,1531940
2018,산부인과,K52,3715,4585,88892110,67071620
2018,산부인과,K55,3,3,209190,146590
2018,산부인과,K56,37,51,1575350,1179950
2018,산부인과,K57,19,43,1446840,1033340
2018,산부인과,K58,3569,4947,183476830,134426080
2018,산부인과,K59,12052,17030,501829590,375259960
2018,산부인과,K60,67,91,3255230,2501210
2018,산부인과,K61,117,300,16385160,13191060
2018,산부인과,K62,264,319,15164550,11066710
2018,산부인과,K63,1360,1582,331688970,232802660
2018,산부인과,K64,526,808,28906910,21847470
2018,산부인과,K65,375,475,8061560,5949220
2018,산부인과,K66,481,681,54406660,41355880
2018,산부인과,K67,11,14,198880,139780
2018,산부인과,K70,133,343,9926190,7053990
2018,산부인과,K71,99,172,5048700,3777200
2018,산부인과,K72,19,26,1295090,908190
2018,산부인과,K73,154,265,7774630,5643930
2018,산부인과,K74,23,43,1310730,1018630
2018,산부인과,K75,845,1374,56888080,40536040
2018,산부인과,K76,1937,2564,128215950,91583150
2018,산부인과,K77,33,46,1213390,868490
2018,산부인과,K80,95,148,7229080,5195670
2018,산부인과,K81,16,20,735900,531800
2018,산부인과,K82,62,71,5463310,3880410
2018,산부인과,K83,26,30,2533610,1777310
2018,산부인과,K85,11,23,606450,443250
2018,산부인과,K86,17,38,2671440,1904340
2018,산부인과,K87,5,5,466350,326650
2018,산부인과,K90,6,8,344010,248210
2018,산부인과,K91,9,17,245100,179100
2018,산부인과,K92,1280,2391,209773760,147329140
2018,산부인과,K93,7,8,474260,359060
2018,산부인과,L00,3,4,208470,187180
2018,산부인과,L01,4072,5309,87002300,66419800
2018,산부인과,L02,9427,14074,386336820,275424420
2018,산부인과,L03,7521,12662,398456490,286239700
2018,산부인과,L04,601,834,16723100,12345980
2018,산부인과,L05,753,834,23422360,16570960
2018,산부인과,L08,3559,5603,109130760,79190160
2018,산부인과,L10,12,29,1020150,793850
2018,산부인과,L11,4,4,58220,43120
2018,산부인과,L12,2,2,26940,19040
2018,산부인과,L13,346,786,13832180,10136680
2018,산부인과,L14,2,2,32780,27680
2018,산부인과,L20,7877,12049,216938040,162500240
2018,산부인과,L21,2701,3375,52189580,39902880
2018,산부인과,L22,2268,2746,48384910,37132210
2018,산부인과,L23,20659,29580,597281470,436927210
2018,산부인과,L24,4036,5339,100444110,73531410
2018,산부인과,L25,5006,6913,186769200,135193300
2018,산부인과,L26,2,2,49820,36520
2018,산부인과,L27,181,244,4749470,3443970
2018,산부인과,L28,2787,4332,75384040,56046720
2018,산부인과,L29,54024,91273,2690768510,1914500940
2018,산부인과,L30,11503,14776,260873540,196662600
2018,산부인과,L40,2651,5837,135010310,99780810
2018,산부인과,L41,9,14,327120,234820
2018,산부인과,L42,15,16,258630,193730
2018,산부인과,L43,77,131,3297200,2492300
2018,산부인과,L44,8,9,118390,92490
2018,산부인과,L45,1,1,15270,10770
2018,산부인과,L50,16355,24165,455362370,341269660
2018,산부인과,L51,29,39,538320,429820
2018,산부인과,L52,3,6,312140,243140
2018,산부인과,L53,56,59,917040,711940
2018,산부인과,L54,1,1,15310,10810
2018,산부인과,L55,54,98,2815470,2041570
2018,산부인과,L56,16,18,269000,194500
2018,산부인과,L57,14,18,399750,283550
2018,산부인과,L59,1,1,10950,7750
2018,산부인과,L60,146,232,5627090,4108190
2018,산부인과,L63,222,595,17700220,12443220
2018,산부인과,L64,36,66,1012510,720810
2018,산부인과,L65,38,48,794340,575340
2018,산부인과,L66,143,218,3409500,2441500
2018,산부인과,L68,10,18,527150,369550
2018,산부인과,L70,1074,1918,30759660,21774760
2018,산부인과,L71,126,245,2519160,1815360
2018,산부인과,L72,734,1231,52580580,37469800
2018,산부인과,L73,284,428,7729080,5564680
2018,산부인과,L74,670,710,10350360,8213460
2018,산부인과,L75,6,6,95960,74460
2018,산부인과,L80,60,75,2001750,1441250
2018,산부인과,L81,451,772,9799380,7082380
2018,산부인과,L82,903,2770,44294130,33160930
2018,산부인과,L84,657,927,43619160,31008760
2018,산부인과,L85,293,360,6515040,5049440
2018,산부인과,L86,2,2,27150,22250
2018,산부인과,L87,2,3,119620,83920
2018,산부인과,L89,28,182,4440790,3436390
2018,산부인과,L90,122,182,4322050,3176750
2018,산부인과,L91,640,1070,28226230,19850230
2018,산부인과,L92,1272,2286,52521830,40622800
2018,산부인과,L93,4,6,282860,198460
2018,산부인과,L94,1,1,15310,10810
2018,산부인과,L95,9,9,131320,96420
2018,산부인과,L98,456,710,14578950,11390150
2018,산부인과,M00,10,12,182710,135410
2018,산부인과,M01,8,13,402830,291830
2018,산부인과,M02,46,79,1121100,861700
2018,산부인과,M03,4,10,129910,102110
2018,산부인과,M05,26,52,1110790,896990
2018,산부인과,M06,124,289,4236250,3265150
2018,산부인과,M07,3,6,66130,46730
2018,산부인과,M08,3,10,136450,108950
2018,산부인과,M10,172,422,6727790,4904730
2018,산부인과,M11,2,2,26260,18560
2018,산부인과,M12,10,14,206720,157520
2018,산부인과,M13,481,881,13922240,10595240
2018,산부인과,M14,2,3,81400,61900
2018,산부인과,M15,272,631,10299370,7911770
2018,산부인과,M16,47,110,2938820,2125620
2018,산부인과,M17,568,1672,63244750,45582050
2018,산부인과,M19,227,443,7911700,5702300
2018,산부인과,M20,9,10,130330,105330
2018,산부인과,M21,21,21,295750,237950
2018,산부인과,M22,6,18,237960,173060
2018,산부인과,M23,6,18,369850,259950
2018,산부인과,M24,36,59,1228020,881720
2018,산부인과,M25,737,1413,28134570,20478670
2018,산부인과,M30,41,45,996290,807650
2018,산부인과,M31,2,2,47060,32960
2018,산부인과,M32,11,15,892360,743360
2018,산부인과,M34,3,4,192530,164430
2018,산부인과,M35,92,233,5038780,3756380
2018,산부인과,M40,3,4,107730,81730
2018,산부인과,M41,2,2,77390,54290
2018,산부인과,M43,156,205,6061520,4409320
2018,산부인과,M45,71,175,2380350,1841950
2018,산부인과,M46,2,3,37630,26430
2018,산부인과,M47,79,239,10835690,8018890
2018,산부인과,M48,147,612,19631210,14807410
2018,산부인과,M49,3,11,127200,95500
2018,산부인과,M50,15,18,327160,237460
2018,산부인과,M51,61,135,6475270,4610270
2018,산부인과,M53,124,186,4125600,3040840
2018,산부인과,M54,15782,26884,696449810,499297260
2018,산부인과,M60,141,191,7394420,5258610
2018,산부인과,M61,2,2,32130,26030
2018,산부인과,M62,208,432,9685440,7076390
2018,산부인과,M65,30,59,847530,634030
2018,산부인과,M67,13,18,489120,357820
2018,산부인과,M70,9,12,316120,239920
2018,산부인과,M71,3,5,88710,62510
2018,산부인과,M72,46,76,1805330,1297930
2018,산부인과,M73,7,36,2888050,2210880
2018,산부인과,M75,318,743,27954780,19825380
2018,산부인과,M76,31,47,1868010,1313410
2018,산부인과,M77,134,280,8067170,5718470
2018,산부인과,M79,9484,14419,420109960,300306190
2018,산부인과,M80,225,345,10772830,7708530
2018,산부인과,M81,18479,47736,1142031880,824219360
2018,산부인과,M82,113,190,3840670,2801670
2018,산부인과,M83,801,1099,21159510,15084310
2018,산부인과,M84,6,7,114690,90490
2018,산부인과,M85,299,500,9672460,6851360
2018,산부인과,M86,4,7,176250,125450
2018,산부인과,M87,1,1,10950,7750
2018,산부인과,M89,60,80,1135320,857220
2018,산부인과,M91,6,9,111630,80130
2018,산부인과,M92,1,1,15310,10810
2018,산부인과,M93,9,11,346750,243450
2018,산부인과,M94,16,16,334780,242580
2018,산부인과,M95,20,20,408370,302370
2018,산부인과,M96,1,1,15310,10810
2018,산부인과,M99,13,20,418430,310930
2018,산부인과,N00,138,352,10312640,7988140
2018,산부인과,N01,3,3,47520,33420
2018,산부인과,N02,368,543,24750360,17669560
2018,산부인과,N03,6,7,113290,85190
2018,산부인과,N04,5,9,379950,268250
2018,산부인과,N05,20,23,1887720,1338080
2018,산부인과,N06,2,2,29650,20850
2018,산부인과,N08,1,1,15310,10810
2018,산부인과,N10,3861,8069,267908330,197659650
2018,산부인과,N11,110,258,5845040,4261440
2018,산부인과,N12,498,911,34467650,25340250
2018,산부인과,N13,56,151,4519120,3286620
2018,산부인과,N15,4,5,844080,732310
2018,산부인과,N17,6,8,247180,184370
2018,산부인과,N18,22,29,740150,572750
2018,산부인과,N19,11,13,351560,251460
2018,산부인과,N20,101,116,3712510,2849540
2018,산부인과,N21,135,190,5880230,4345960
2018,산부인과,N23,120,154,2944280,2093280
2018,산부인과,N25,2,2,222120,155520
2018,산부인과,N26,2,2,30620,21620
2018,산부인과,N27,4,4,58180,42880
2018,산부인과,N28,113,157,6611900,4655400
2018,산부인과,N29,1,1,179860,161960
2018,산부인과,N30,433785,853222,21846848690,15645719750
2018,산부인과,N31,20638,39873,891205260,657222890
2018,산부인과,N32,4629,8161,183545760,136347730
2018,산부인과,N33,16,26,3200690,2463750
2018,산부인과,N34,37997,61843,2751436800,1942122870
2018,산부인과,N35,42,83,5024650,3729480
2018,산부인과,N36,276,429,18588250,14112920
2018,산부인과,N37,261,384,14492190,10244090
2018,산부인과,N39,33614,74562,10727744900,8260111970
2018,산부인과,N40,863,2623,37010990,29106040
2018,산부인과,N41,634,943,24416840,17354440
2018,산부인과,N42,34,62,838320,657920
2018,산부인과,N43,57,64,1144060,907060
2018,산부인과,N45,43,68,1013190,736590
2018,산부인과,N46,13292,20759,1456720700,1021034150
2018,산부인과,N47,5,6,125080,99080
2018,산부인과,N48,570,704,10644840,8288440
2018,산부인과,N49,295,399,9113740,6406140
2018,산부인과,N50,49,118,1718120,1253020
2018,산부인과,N51,18,21,404380,300380
2018,산부인과,N60,4260,4902,172992130,122577890
2018,산부인과,N61,5103,7035,138733690,98742650
2018,산부인과,N62,105,117,3234330,2292930
2018,산부인과,N63,5255,6763,270959290,191878110
2018,산부인과,N64,51198,57808,1461879940,1038379650
2018,산부인과,N70,11746,25650,1148030250,839555020
2018,산부인과,N71,71930,137570,4290101290,3032903880
2018,산부인과,N72,715900,1348835,46356948370,32815415550
2018,산부인과,N73,132464,280766,10625987980,7525359320
2018,산부인과,N74,16489,32740,1356405180,954910500
2018,산부인과,N75,15329,34844,2017203930,1426952400
2018,산부인과,N76,954786,1944450,60924131880,43080116120
2018,산부인과,N77,40993,77474,2286491200,1615571460
2018,산부인과,N80,18988,33905,3057486900,2340680770
2018,산부인과,N81,4052,7773,977716920,764498530
2018,산부인과,N82,23,46,2789180,2093920
2018,산부인과,N83,19638,28084,2580725450,2040885540
2018,산부인과,N84,40849,66413,5332303080,3830664810
2018,산부인과,N85,12613,24456,1607299630,1157842020
2018,산부인과,N86,151304,264868,11195173210,7917395260
2018,산부인과,N87,55754,113861,8267693790,5841011570
2018,산부인과,N88,2065,2699,184393980,138794900
2018,산부인과,N89,3131,4073,167162550,118622620
2018,산부인과,N90,2072,3034,77688070,56073150
2018,산부인과,N91,230975,322699,10999159710,7757683080
2018,산부인과,N92,133068,188816,6000244150,4225123820
2018,산부인과,N93,258832,402646,17159231890,12138370030
2018,산부인과,N94,87101,125094,2843140440,2004651250
2018,산부인과,N95,314582,974147,16145628350,11627616020
2018,산부인과,N96,993,1940,106304540,78392510
2018,산부인과,N97,47322,255156,18752727530,13156880740
2018,산부인과,N98,643,1317,98869220,73562390
2018,산부인과,N99,72,100,9947810,7770360
2018,산부인과,O00,4606,10110,1016410000,788816930
2018,산부인과,O01,255,835,33110090,24346950
2018,산부인과,O02,22774,53181,5785381150,4807771960
2018,산부인과,O03,5391,9135,486055360,384867790
2018,산부인과,O04,239,388,20791040,16289140
2018,산부인과,O05,363,601,35320820,27636230
2018,산부인과,O06,636,1005,52022620,40927970
2018,산부인과,O07,9,23,1301590,934850
2018,산부인과,O08,1530,2449,85192450,61959780
2018,산부인과,O10,136,302,23914550,21043260
2018,산부인과,O11,18,24,14128720,13067850
2018,산부인과,O12,701,862,59050930,53463310
2018,산부인과,O13,581,1130,415086670,384094580
2018,산부인과,O14,330,449,379885040,354212180
2018,산부인과,O15,6,6,6190990,5734000
2018,산부인과,O16,207,413,82211100,75287300
2018,산부인과,O20,18990,33350,2880159650,2519569130
2018,산부인과,O21,7958,14204,640621490,561093810
2018,산부인과,O22,746,831,67683520,60843280
2018,산부인과,O23,4534,7146,661199890,593933140
2018,산부인과,O24,13850,22521,1494531700,1349242030
2018,산부인과,O25,9,11,695410,586510
2018,산부인과,O26,2614,11216,911792100,817501760
2018,산부인과,O28,1686,1939,120092800,107212950
2018,산부인과,O29,2,2,116700,81800
2018,산부인과,O30,2785,9876,1643685160,1487550470
2018,산부인과,O31,24,72,6907450,6207630
2018,산부인과,O32,2891,4074,3199592160,2976760220
2018,산부인과,O33,5365,6662,8966343520,8367105330
2018,산부인과,O34,10331,26304,12643921440,11707667350
2018,산부인과,O35,307,474,48862210,43817030
2018,산부인과,O36,1747,3086,641482160,577292190
2018,산부인과,O40,186,377,64185770,58047550
2018,산부인과,O41,1344,1864,529442140,489341200
2018,산부인과,O42,2804,3211,2199607550,2079725990
2018,산부인과,O43,21,43,11307650,10382900
2018,산부인과,O44,832,1431,592083960,544699090
2018,산부인과,O45,147,160,250449940,232708980
2018,산부인과,O46,600,721,133203400,119187150
2018,산부인과,O47,4828,7373,1248250540,1121350910
2018,산부인과,O48,203,237,56643530,54189690
2018,산부인과,O60,11466,18282,7186394760,6277340160
2018,산부인과,O61,1005,1058,1123700250,1039837800
2018,산부인과,O62,289,430,247851510,229882820
2018,산부인과,O63,1381,1391,2161629150,2109407070
2018,산부인과,O64,592,673,1059790450,990101150
2018,산부인과,O65,4722,4810,9600897630,8941519540
2018,산부인과,O66,821,867,1618599730,1509154880
2018,산부인과,O67,6,8,5177000,4972990
2018,산부인과,O68,1568,1594,3175096470,2974805110
2018,산부인과,O69,12,12,24495480,22762610
2018,산부인과,O70,246,420,74135290,70767350
2018,산부인과,O71,124,227,19011750,15763210
2018,산부인과,O72,1042,1578,108868890,88082960
2018,산부인과,O73,258,338,26768510,19634850
2018,산부인과,O74,5,12,1923630,1799060
2018,산부인과,O75,359,461,424247610,417925810
2018,산부인과,O80,39332,43213,54064570880,53234752500
2018,산부인과,O81,4100,4670,6765914240,6684837960
2018,산부인과,O82,25330,28550,48998123660,45648569090
2018,산부인과,O83,6901,7157,9863413030,9715702520
2018,산부인과,O84,203,227,394604350,369418190
2018,산부인과,O85,39,76,3607090,2657670
2018,산부인과,O86,10612,18234,333850410,237060230
2018,산부인과,O87,203,217,28348120,26616170
2018,산부인과,O89,8,11,975350,729350
2018,산부인과,O90,3506,6399,146562410,104909800
2018,산부인과,O91,5403,7426,119834920,84823320
2018,산부인과,O92,2468,3255,93186190,65559690
2018,산부인과,O94,231,286,3623400,2554400
2018,산부인과,O98,139,206,17242980,15609140
2018,산부인과,O99,8357,11042,496948240,426685250
2018,산부인과,P00,25,28,4811110,4638130
2018,산부인과,P01,116,160,37749770,36189690
2018,산부인과,P02,2,2,958320,918320
2018,산부인과,P03,131,155,3259400,2643460
2018,산부인과,P05,65,114,10778270,9627310
2018,산부인과,P07,114,126,33295430,32557750
2018,산부인과,P08,26,26,3315330,3204870
2018,산부인과,P10,2,4,58050,51950
2018,산부인과,P12,67,73,1714350,1462780
2018,산부인과,P13,270,312,8067810,6678810
2018,산부인과,P14,1,1,21270,16870
2018,산부인과,P20,1,1,323030,316610
2018,산부인과,P21,6,6,2107950,2084110
2018,산부인과,P22,299,349,78039870,76789920
2018,산부인과,P23,753,1582,60418540,42492840
2018,산부인과,P24,110,126,35564370,34998110
2018,산부인과,P25,1,1,54760,43360
2018,산부인과,P28,113,114,15467490,15064620
2018,산부인과,P29,3,3,44460,35360
2018,산부인과,P35,3,9,315070,220870
2018,산부인과,P36,26,26,469850,391850
2018,산부인과,P37,3,4,51590,41090
2018,산부인과,P38,1600,3389,64730570,51300770
2018,산부인과,P39,1019,1357,24212870,19556120
2018,산부인과,P50,1,1,12300,9800
2018,산부인과,P51,474,587,15243030,12082330
2018,산부인과,P52,2,2,26440,25240
2018,산부인과,P54,45,46,1317600,1154930
2018,산부인과,P55,9,11,162050,128850
2018,산부인과,P57,17,28,362550,288750
2018,산부인과,P58,74,108,2865170,2479950
2018,산부인과,P59,5747,22237,1070088090,988754290
2018,산부인과,P60,1,1,10950,9950
2018,산부인과,P61,3,3,52760,41860
2018,산부인과,P70,38,38,9312050,9143420
2018,산부인과,P71,1,1,15400,12200
2018,산부인과,P72,116,157,7811840,6228130
2018,산부인과,P74,34,37,1828510,1450710
2018,산부인과,P78,104,134,2451650,2022760
2018,산부인과,P80,5,5,651270,621650
2018,산부인과,P81,31,35,965150,828430
2018,산부인과,P83,827,1255,26966160,21793320
2018,산부인과,P90,11,13,302700,268990
2018,산부인과,P91,2,2,23800,18900
2018,산부인과,P92,1078,1357,25735250,20634740
2018,산부인과,P95,41,81,15650740,13651520
2018,산부인과,P96,255,313,5650100,4488400
2018,산부인과,Q00,3,3,668770,519550
2018,산부인과,Q01,2,6,912740,743070
2018,산부인과,Q02,1,2,31610,28010
2018,산부인과,Q03,3,3,293870,261170
2018,산부인과,Q04,5,6,235580,208080
2018,산부인과,Q05,9,10,164110,130310
2018,산부인과,Q06,8,10,470080,410680
2018,산부인과,Q10,13,16,313680,254680
2018,산부인과,Q11,1,1,16200,12800
2018,산부인과,Q13,2,4,60030,49630
2018,산부인과,Q14,2,2,252940,225940
2018,산부인과,Q15,1,1,14140,14140
2018,산부인과,Q17,21,24,832070,721270
2018,산부인과,Q18,21,23,723660,577230
2018,산부인과,Q20,1,1,14470,13070
2018,산부인과,Q21,18,23,1597470,1388770
2018,산부인과,Q22,2,2,34940,29640
2018,산부인과,Q24,7,7,796690,711190
2018,산부인과,Q25,4,4,98400,77730
2018,산부인과,Q27,9,11,452590,368790
2018,산부인과,Q31,15,18,265150,210850
2018,산부인과,Q32,1,1,12300,9800
2018,산부인과,Q33,1,1,14140,14140
2018,산부인과,Q35,11,12,179530,145630
2018,산부인과,Q36,6,7,99440,80740
2018,산부인과,Q37,1,1,103530,93230
2018,산부인과,Q38,1335,1667,78992490,64166480
2018,산부인과,Q39,1,1,12300,9800
2018,산부인과,Q40,7,9,130350,112350
2018,산부인과,Q41,1,2,44010,37810
2018,산부인과,Q42,1,1,40870,39800
2018,산부인과,Q43,3,4,66590,55690
2018,산부인과,Q44,22,24,2423460,1705460
2018,산부인과,Q50,76,85,8934080,6996940
2018,산부인과,Q51,293,490,54976850,41396660
2018,산부인과,Q52,284,412,13543030,10514330
2018,산부인과,Q53,58,64,1249700,1015590
2018,산부인과,Q54,9,11,235610,202340
2018,산부인과,Q55,10,11,147360,119160
2018,산부인과,Q56,2,3,47530,35030
2018,산부인과,Q60,5,6,87930,69930
2018,산부인과,Q61,9,10,402410,341910
2018,산부인과,Q62,25,27,793310,692860
2018,산부인과,Q63,6,6,89540,69840
2018,산부인과,Q64,7,16,505120,367250
2018,산부인과,Q65,63,65,1171950,960550
2018,산부인과,Q66,23,25,359530,286630
2018,산부인과,Q67,101,107,1853100,1474900
2018,산부인과,Q68,69,80,1236040,1021340
2018,산부인과,Q69,18,21,320780,260580
2018,산부인과,Q70,12,15,218530,173730
2018,산부인과,Q71,2,2,507710,495550
2018,산부인과,Q72,2,2,32780,24680
2018,산부인과,Q74,8,12,197690,162390
2018,산부인과,Q75,36,38,781150,656350
2018,산부인과,Q76,58,62,1253420,1041220
2018,산부인과,Q78,1,1,12300,9800
2018,산부인과,Q79,4,9,761100,686800
2018,산부인과,Q80,1,1,12300,9800
2018,산부인과,Q82,88,101,2718330,2036930
2018,산부인과,Q83,51,54,2103290,1658720
2018,산부인과,Q84,2,3,43730,32430
2018,산부인과,Q85,85,173,2278530,1681230
2018,산부인과,Q87,3,3,48880,40880
2018,산부인과,Q89,7,14,936690,805410
2018,산부인과,Q90,5,46,1008330,834010
2018,산부인과,Q91,1,2,343010,278010
2018,산부인과,Q92,1,1,12300,9800
2018,산부인과,Q93,3,3,36900,29400
2018,산부인과,Q96,47,148,2654060,2128660
2018,산부인과,Q97,2,2,163450,116150
2018,산부인과,Q98,4,6,90630,75630
2018,산부인과,Q99,14,16,379630,283330
2018,산부인과,R00,282,334,10708240,8279840
2018,산부인과,R01,740,839,13043100,10447200
2018,산부인과,R03,246,281,6672500,5159800
2018,산부인과,R04,212,231,4789730,3631230
2018,산부인과,R05,1406,1813,31908070,25202070
2018,산부인과,R06,605,711,13612990,10991850
2018,산부인과,R07,1326,2302,50556710,36677760
2018,산부인과,R09,1514,9603,130444840,101030940
2018,산부인과,R10,128431,183614,6567423730,4839286980
2018,산부인과,R11,5947,7353,130938730,99818010
2018,산부인과,R12,2547,3427,105527410,75771810
2018,산부인과,R13,12,22,853930,658430
2018,산부인과,R14,234,258,13077900,9368060
2018,산부인과,R15,10,18,1206000,978940
2018,산부인과,R16,1,1,15310,10810
2018,산부인과,R17,230,344,6363870,5135620
2018,산부인과,R18,82,109,10262400,7361550
2018,산부인과,R19,696,860,56679390,40371060
2018,산부인과,R20,46,56,1317440,955940
2018,산부인과,R21,2421,3168,49685600,37882700
2018,산부인과,R22,374,543,27503890,19522690
2018,산부인과,R23,418,499,14643560,11076390
2018,산부인과,R25,91,114,2247260,1679160
2018,산부인과,R26,21,23,325470,259170
2018,산부인과,R27,2,3,44480,41080
2018,산부인과,R29,7,8,114120,94020
2018,산부인과,R30,6290,8428,259089550,186055880
2018,산부인과,R31,8169,11985,537616060,381765440
2018,산부인과,R32,2012,3447,149429380,112479260
2018,산부인과,R33,123,249,7125200,5384970
2018,산부인과,R34,9,13,281230,205130
2018,산부인과,R35,4850,7743,165502920,123028810
2018,산부인과,R36,5,7,286970,208770
2018,산부인과,R39,1106,1439,40467000,30262130
2018,산부인과,R40,4,5,71200,61700
2018,산부인과,R41,361,670,10212800,7645400
2018,산부인과,R42,2726,3326,147365060,114614750
2018,산부인과,R43,3,4,242410,172110
2018,산부인과,R44,1,1,13340,9340
2018,산부인과,R45,161,275,4034620,2976320
2018,산부인과,R46,7,7,105980,84180
2018,산부인과,R47,12,13,196890,153490
2018,산부인과,R49,40,42,758170,572570
2018,산부인과,R50,9298,11820,250212510,195194220
2018,산부인과,R51,4112,5188,101641580,74033400
2018,산부인과,R52,3783,6057,155726690,111664480
2018,산부인과,R53,671,983,19281480,13859870
2018,산부인과,R54,12,14,211250,165750
2018,산부인과,R55,35,39,1651300,1334400
2018,산부인과,R56,54,66,1247570,1011470
2018,산부인과,R57,4,4,762980,603980
2018,산부인과,R58,103,116,3670480,2617640
2018,산부인과,R59,97,130,3142990,2293290
2018,산부인과,R60,2436,3296,131177860,95338960
2018,산부인과,R61,62,75,3218430,2497450
2018,산부인과,R62,84,101,1903540,1440540
2018,산부인과,R63,237,281,7546780,5634380
2018,산부인과,R64,14,22,405820,327320
2018,산부인과,R65,9,10,187210,147210
2018,산부인과,R68,18300,21264,355470970,254964860
2018,산부인과,R69,1,1,15310,10810
2018,산부인과,R72,24,28,600600,426700
2018,산부인과,R73,602,751,26441500,19914700
2018,산부인과,R74,62,78,2820900,2002200
2018,산부인과,R76,126,236,6586630,4694030
2018,산부인과,R77,7,7,439810,308310
2018,산부인과,R78,4,4,92650,66350
2018,산부인과,R79,31,33,1037400,771900
2018,산부인과,R80,226,258,5705100,4108400
2018,산부인과,R81,152,301,7738780,6102280
2018,산부인과,R82,56,72,2672080,1982080
2018,산부인과,R83,2,5,150890,105690
2018,산부인과,R84,13,17,857860,712360
2018,산부인과,R85,2,2,78010,56810
2018,산부인과,R86,45,56,6224080,4359680
2018,산부인과,R87,52389,87789,6937507340,4879241730
2018,산부인과,R89,122,266,9532360,6695160
2018,산부인과,R90,1,1,15310,10810
2018,산부인과,R91,61,68,2653010,2013910
2018,산부인과,R92,4313,4580,107559460,76502960
2018,산부인과,R93,41,48,2869550,2013550
2018,산부인과,R94,1677,2337,117972350,88723950
2018,산부인과,S00,1036,1233,23346270,18104270
2018,산부인과,S01,526,765,17291060,13087140
2018,산부인과,S02,1,1,15310,10810
2018,산부인과,S03,2,2,26810,19910
2018,산부인과,S04,2,2,22450,18550
2018,산부인과,S05,6,7,126820,98520
2018,산부인과,S06,52,53,1354130,1039330
2018,산부인과,S07,5,7,173910,128910
2018,산부인과,S08,1,1,11500,9100
2018,산부인과,S09,27,32,964920,727920
2018,산부인과,S10,17,18,423550,333450
2018,산부인과,S11,11,13,351410,252310
2018,산부인과,S13,94,176,2298770,1674970
2018,산부인과,S14,2,2,261890,231890
2018,산부인과,S17,3,5,87200,71800
2018,산부인과,S19,1,1,15310,10810
2018,산부인과,S20,56,68,1534910,1100410
2018,산부인과,S21,25,30,726940,549700
2018,산부인과,S22,7,8,460450,371750
2018,산부인과,S23,100,122,3757290,2710890
2018,산부인과,S25,3,5,196490,149730
2018,산부인과,S29,2,2,39710,27810
2018,산부인과,S30,501,627,12390850,9211650
2018,산부인과,S31,2697,4118,116778640,84621050
2018,산부인과,S32,10,23,555650,401470
2018,산부인과,S33,706,1277,23921710,17780210
2018,산부인과,S34,5,7,225900,158400
2018,산부인과,S35,7,14,1750520,1368930
2018,산부인과,S36,1,1,22970,16170
2018,산부인과,S37,24,33,3621420,2720730
2018,산부인과,S38,25,43,1131180,816480
2018,산부인과,S39,6,6,115690,81290
2018,산부인과,S40,82,97,5691940,4011340
2018,산부인과,S41,62,77,4137680,2906980
2018,산부인과,S42,45,47,1008070,803170
2018,산부인과,S43,24,62,1059670,770870
2018,산부인과,S46,3,3,35240,24840
2018,산부인과,S49,3,6,83370,63870
2018,산부인과,S50,78,94,2231710,1690410
2018,산부인과,S51,29,49,1218880,879680
2018,산부인과,S53,41,44,2128490,1696190
2018,산부인과,S56,2,4,93650,65850
2018,산부인과,S59,2,2,27700,21900
2018,산부인과,S60,281,352,7445420,5597020
2018,산부인과,S61,310,571,13840350,10089750
2018,산부인과,S62,6,28,589510,418610
2018,산부인과,S63,22,37,694140,498440
2018,산부인과,S65,37,75,2250210,1673530
2018,산부인과,S66,8,19,565690,408490
2018,산부인과,S67,3,7,163660,116860
2018,산부인과,S69,2,5,160900,113000
2018,산부인과,S70,35,44,872930,646430
2018,산부인과,S71,21,30,557250,396050
2018,산부인과,S72,3,6,70060,58060
2018,산부인과,S73,19,22,2990070,2537420
2018,산부인과,S75,6,22,516800,363300
2018,산부인과,S76,1,1,16660,11760
2018,산부인과,S80,176,229,4992980,3795030
2018,산부인과,S81,73,111,2411250,1765550
2018,산부인과,S82,3,18,352150,247750
2018,산부인과,S83,20,76,1467180,1103880
2018,산부인과,S84,2,2,26260,18560
2018,산부인과,S85,1,1,41530,29130
2018,산부인과,S86,4,5,247150,177150
2018,산부인과,S87,1,1,16660,11760
2018,산부인과,S89,4,6,132700,99400
2018,산부인과,S90,152,210,3929410,2999310
2018,산부인과,S91,65,116,2382610,1761110
2018,산부인과,S92,5,8,242270,177670
2018,산부인과,S93,46,82,1552000,1133370
2018,산부인과,S95,5,10,481600,338600
2018,산부인과,S96,4,6,84420,60920
2018,산부인과,S99,2,3,49710,39310
2018,산부인과,T00,175,262,5394880,3946080
2018,산부인과,T01,39,65,1856140,1347710
2018,산부인과,T03,1,1,12300,9800
2018,산부인과,T06,1,1,15310,10810
2018,산부인과,T09,4,6,250570,175670
2018,산부인과,T11,14,26,528270,383370
2018,산부인과,T12,1,1,55090,38590
2018,산부인과,T13,19,46,1016450,721050
2018,산부인과,T14,2161,2961,69218410,51011650
2018,산부인과,T15,3,3,37760,30660
2018,산부인과,T16,136,145,4002230,3088430
2018,산부인과,T17,89,90,2490420,1867020
2018,산부인과,T18,40,48,973160,742760
2018,산부인과,T19,7992,9139,483720790,341159940
2018,산부인과,T20,55,91,3757660,2651160
2018,산부인과,T21,69,148,4443610,3175210
2018,산부인과,T22,78,165,5450350,3906250
2018,산부인과,T23,330,705,27370280,20108480
2018,산부인과,T24,93,333,11854390,8594390
2018,산부인과,T25,57,137,7037990,5030390
2018,산부인과,T26,2,2,49320,38120
2018,산부인과,T29,4,16,545000,382500
2018,산부인과,T30,135,200,7181830,5186430
2018,산부인과,T31,32,76,2605170,1838070
2018,산부인과,T33,8,8,135620,101120
2018,산부인과,T35,2,2,40140,28240
2018,산부인과,T37,1,1,37900,26600
2018,산부인과,T38,22,28,786130,653030
2018,산부인과,T41,1,1,17210,13610
2018,산부인과,T45,1,1,10950,9950
2018,산부인과,T46,1,5,64600,57100
2018,산부인과,T47,1,2,26260,18560
2018,산부인과,T55,1,1,15310,10810
2018,산부인과,T57,22,50,1095560,771760
2018,산부인과,T62,20,27,758060,547160
2018,산부인과,T63,2,2,33120,24520
2018,산부인과,T67,43,67,1810440,1310570
2018,산부인과,T68,3,4,70310,51410
2018,산부인과,T69,1,1,10950,7750
2018,산부인과,T70,1,1,10950,7750
2018,산부인과,T73,82,118,1940500,1393000
2018,산부인과,T74,2,2,38220,26820
2018,산부인과,T75,5,6,91300,64400
2018,산부인과,T78,808,1145,24587400,17927300
2018,산부인과,T79,351,451,9464580,6846580
2018,산부인과,T80,13,14,1354240,1042070
2018,산부인과,T81,966,1835,63672740,46154520
2018,산부인과,T82,1,2,240020,238020
2018,산부인과,T83,6001,6735,394276640,277945310
2018,산부인과,T84,8,11,981130,687230
2018,산부인과,T85,26,27,1950250,1444710
2018,산부인과,T87,1,1,73560,51560
2018,산부인과,T88,144,176,3769130,2845590
2018,산부인과,T90,1,2,21250,15050
2018,산부인과,T91,4,4,75830,54930
2018,산부인과,T93,3,3,94830,66530
2018,산부인과,T95,1,1,15310,10810
2018,산부인과,T98,43,50,1931230,1353530
2018,산부인과,U06,1,1,79030,55330
2018,산부인과,U83,3,5,317970,224670
2018,산부인과,Z00,5255,6006,223698620,159361710
2018,산부인과,Z01,2464,2564,48691820,35082430
2018,산부인과,Z02,37,38,355590,256790
2018,산부인과,Z03,2964,3563,155798620,111714260
2018,산부인과,Z04,428,563,21589660,15602660
2018,산부인과,Z08,9,11,441500,375800
2018,산부인과,Z09,904,1028,14238720,10054420
2018,산부인과,Z10,787,822,90110710,63397110
2018,산부인과,Z11,49,50,1002660,708760
2018,산부인과,Z12,19,32,1509460,1060960
2018,산부인과,Z13,194,228,15835200,13044800
2018,산부인과,Z20,119,133,5803980,4174180
2018,산부인과,Z21,1,1,19110,17210
2018,산부인과,Z22,524,1519,37552490,26609790
2018,산부인과,Z23,147,162,2508740,1952340
2018,산부인과,Z24,189,200,3431530,2752230
2018,산부인과,Z25,320,360,5178990,4181590
2018,산부인과,Z26,1608,2030,11492100,9262600
2018,산부인과,Z27,146,152,2471960,2061160
2018,산부인과,Z28,3,3,50400,35400
2018,산부인과,Z29,358,423,7872510,5805910
2018,산부인과,Z30,25827,29966,996989690,701528740
2018,산부인과,Z31,18678,76415,18498768500,12962533270
2018,산부인과,Z32,28762,50385,2173677110,1854153170
2018,산부인과,Z33,996,1225,64814970,57979370
2018,산부인과,Z34,273861,1628542,1.41054E+11,1.26405E+11
2018,산부인과,Z35,6001,14234,1455837600,1308920480
2018,산부인과,Z36,651,933,146511180,131406280
2018,산부인과,Z37,41,54,14611480,13615250
2018,산부인과,Z38,14144,103717,23337248490,22857700640
2018,산부인과,Z39,52375,79769,1250347130,882991260
2018,산부인과,Z40,1,1,21020,14720
2018,산부인과,Z41,22,32,458980,326280
2018,산부인과,Z42,9,11,153950,108350
2018,산부인과,Z48,19324,26038,479418090,340190100
2018,산부인과,Z49,2,16,239370,233670
2018,산부인과,Z51,195,206,18931400,14799260
2018,산부인과,Z53,2,2,82510,59710
2018,산부인과,Z54,1685,2753,48765790,35095500
2018,산부인과,Z59,1,1,16200,12800
2018,산부인과,Z63,4,4,294150,205950
2018,산부인과,Z64,43,54,808190,569990
2018,산부인과,Z70,221,242,4111580,2916180
2018,산부인과,Z71,23371,27221,439006270,320122480
2018,산부인과,Z72,18,18,272260,193660
2018,산부인과,Z73,55,87,1602020,1144320
2018,산부인과,Z75,1,1,10950,7750
2018,산부인과,Z76,133,143,1272140,1001940
2018,산부인과,Z80,22,23,586750,417250
2018,산부인과,Z82,8,8,1070130,749430
2018,산부인과,Z83,11,18,1357790,1125370
2018,산부인과,Z84,30,33,548290,392190
2018,산부인과,Z85,9,10,422640,322840
2018,산부인과,Z86,1,3,77160,54160
2018,산부인과,Z87,6,7,101910,71710
2018,산부인과,Z88,17,34,788660,557660
2018,산부인과,Z89,1,1,15310,10810
2018,산부인과,Z91,36,54,1865320,1309520
2018,산부인과,Z92,7,10,127090,89590
2018,산부인과,Z93,3,3,47760,33560
2018,산부인과,Z94,3,3,33990,28990
2018,산부인과,Z95,4,4,71230,52430
2018,산부인과,Z96,4,4,65040,45840
2018,산부인과,Z97,1334,1431,65604170,46060720
2018,산부인과,Z98,8149,13512,244972000,174205230
2018,산부인과,Z99,1,3,132580,92980
2018,소아청소년과,A00,3,3,45600,33200
2018,소아청소년과,A01,2,2,76160,53460
2018,소아청소년과,A02,45,58,14365000,12877990
2018,소아청소년과,A03,18,27,467280,343280
2018,소아청소년과,A04,26963,43266,751189710,576262670
2018,소아청소년과,A05,462,536,11675210,8950250
2018,소아청소년과,A06,11,14,267030,193330
2018,소아청소년과,A07,1,1,17240,12140
2018,소아청소년과,A08,164149,242892,3988142510,3052720040
2018,소아청소년과,A09,982208,1700437,26927472250,20681023730
2018,소아청소년과,A15,5,6,133320,93520
2018,소아청소년과,A16,20,66,985490,816290
2018,소아청소년과,A18,5,10,130090,99190
2018,소아청소년과,A19,1,1,15580,10980
2018,소아청소년과,A21,1,1,46930,37130
2018,소아청소년과,A25,1,1,20000,15800
2018,소아청소년과,A26,14,34,513250,382150
2018,소아청소년과,A28,7,7,172950,126950
2018,소아청소년과,A30,2,2,30620,21620
2018,소아청소년과,A31,37,89,1291000,977200
2018,소아청소년과,A35,10,11,394960,280060
2018,소아청소년과,A36,2,3,52130,41430
2018,소아청소년과,A37,87,133,5739700,4777640
2018,소아청소년과,A38,6273,13608,225606120,174315180
2018,소아청소년과,A39,3,3,49730,35030
2018,소아청소년과,A40,63,96,5005180,4306030
2018,소아청소년과,A41,4181,5908,204992760,165818730
2018,소아청소년과,A42,4,5,136740,97640
2018,소아청소년과,A44,4,14,188650,149350
2018,소아청소년과,A46,55,65,1022580,759480
2018,소아청소년과,A48,4976,16223,341376200,276488130
2018,소아청소년과,A49,22186,58016,1154478100,915652760
2018,소아청소년과,A50,1,1,17470,13870
2018,소아청소년과,A51,2,2,33930,25430
2018,소아청소년과,A53,5,5,192050,146450
2018,소아청소년과,A54,9,17,538710,386910
2018,소아청소년과,A55,1,1,22120,15520
2018,소아청소년과,A56,7,15,357860,252860
2018,소아청소년과,A58,2,3,35790,29890
2018,소아청소년과,A59,47,88,1453700,1055000
2018,소아청소년과,A60,163,281,4429370,3268670
2018,소아청소년과,A63,18,60,2865330,2012430
2018,소아청소년과,A64,2,4,75210,52910
2018,소아청소년과,A66,1,1,13890,10990
2018,소아청소년과,A67,2,2,33670,26670
2018,소아청소년과,A69,2293,3380,49335190,37285690
2018,소아청소년과,A74,2,5,59220,47020
2018,소아청소년과,A75,12,17,399480,287680
2018,소아청소년과,A77,24,25,405060,295560
2018,소아청소년과,A79,9,9,117840,94140
2018,소아청소년과,A80,1,1,25720,20320
2018,소아청소년과,A85,35,51,635930,498830
2018,소아청소년과,A86,63,68,1076640,819840
2018,소아청소년과,A87,2438,3826,91682050,72099820
2018,소아청소년과,A88,1602,2523,35575540,27805700
2018,소아청소년과,A89,22,48,968740,752540
2018,소아청소년과,A92,2,2,26260,18560
2018,소아청소년과,A93,1,1,22790,18090
2018,소아청소년과,A98,1,1,13900,11000
2018,소아청소년과,A99,1,1,26860,18860
2018,소아청소년과,B00,124672,201587,2919351700,2248311690
2018,소아청소년과,B01,43276,88448,1239814800,926543030
2018,소아청소년과,B02,14496,27738,401686150,298085090
2018,소아청소년과,B05,33,39,601950,456750
2018,소아청소년과,B06,18,25,397760,299260
2018,소아청소년과,B07,1894,2498,69718930,50481330
2018,소아청소년과,B08,254561,495491,7457956880,5918383850
2018,소아청소년과,B09,13699,21004,295605170,230879480
2018,소아청소년과,B15,11,13,766840,560880
2018,소아청소년과,B16,28,43,1053400,765700
2018,소아청소년과,B17,669,1008,32490170,23831780
2018,소아청소년과,B18,258,687,20223160,14396260
2018,소아청소년과,B19,198,301,8097230,5855130
2018,소아청소년과,B24,1,1,15310,10810
2018,소아청소년과,B25,6,8,1747500,1587320
2018,소아청소년과,B26,4938,8555,141204200,106363930
2018,소아청소년과,B27,130,217,11170890,9444920
2018,소아청소년과,B30,15115,20703,313337530,243255850
2018,소아청소년과,B33,3498,9209,145607060,106944660
2018,소아청소년과,B34,10920,17591,307747920,245844570
2018,소아청소년과,B35,41182,73012,1071963120,802209520
2018,소아청소년과,B36,11067,13385,200634720,154500520
2018,소아청소년과,B37,31112,43405,659343780,515065460
2018,소아청소년과,B38,1,1,18820,13220
2018,소아청소년과,B42,1,1,12840,9040
2018,소아청소년과,B43,134,155,2325100,1735000
2018,소아청소년과,B44,2,3,40150,34750
2018,소아청소년과,B46,21,25,361310,289410
2018,소아청소년과,B47,39,45,649110,503910
2018,소아청소년과,B48,343,473,6662090,5171390
2018,소아청소년과,B49,353,521,7261720,5486820
2018,소아청소년과,B50,11,11,217660,156660
2018,소아청소년과,B51,1,1,15310,10810
2018,소아청소년과,B53,5,5,80350,56650
2018,소아청소년과,B54,44,44,728560,531760
2018,소아청소년과,B56,1,1,19110,13410
2018,소아청소년과,B58,1,1,10950,7750
2018,소아청소년과,B60,34,59,884580,628480
2018,소아청소년과,B64,1,1,19110,13410
2018,소아청소년과,B65,1,1,15310,10810
2018,소아청소년과,B66,19,21,304050,223950
2018,소아청소년과,B68,1,1,10950,9450
2018,소아청소년과,B69,2,2,50710,35610
2018,소아청소년과,B71,1,1,15310,10810
2018,소아청소년과,B76,16,17,259600,198000
2018,소아청소년과,B77,26,28,434820,323120
2018,소아청소년과,B80,861,910,13743880,10506380
2018,소아청소년과,B81,3,18,236870,180570
2018,소아청소년과,B82,73,78,1179170,906370
2018,소아청소년과,B83,34,38,588560,452060
2018,소아청소년과,B85,1355,1437,21506800,16014600
2018,소아청소년과,B86,253,308,4424320,3322320
2018,소아청소년과,B88,6136,9498,259706740,202516610
2018,소아청소년과,B89,102,111,1820610,1384210
2018,소아청소년과,B90,1,1,15310,10810
2018,소아청소년과,B94,1,1,19110,13410
2018,소아청소년과,B95,4795,14190,191829340,140855140
2018,소아청소년과,B96,811,1860,25920910,19813960
2018,소아청소년과,B97,16,28,360470,280570
2018,소아청소년과,B98,39,58,928810,664510
2018,소아청소년과,B99,3,3,107930,77130
2018,소아청소년과,C00,1,1,15310,10810
2018,소아청소년과,C01,2,39,906520,863320
2018,소아청소년과,C02,3,6,191630,148830
2018,소아청소년과,C04,1,1,15310,13810
2018,소아청소년과,C05,1,1,19110,17210
2018,소아청소년과,C07,1,1,55700,39000
2018,소아청소년과,C09,1,1,10950,10450
2018,소아청소년과,C11,3,13,181910,173410
2018,소아청소년과,C13,1,1,13460,11960
2018,소아청소년과,C15,4,17,402670,383570
2018,소아청소년과,C16,65,298,4875930,4522230
2018,소아청소년과,C17,1,1,19110,18210
2018,소아청소년과,C18,37,259,5630750,5254650
2018,소아청소년과,C19,2,3,37630,35930
2018,소아청소년과,C20,13,39,567230,533830
2018,소아청소년과,C21,1,1,12920,9120
2018,소아청소년과,C22,31,149,2328070,2036070
2018,소아청소년과,C23,5,75,1120540,1058940
2018,소아청소년과,C24,13,63,983140,896740
2018,소아청소년과,C25,22,195,3573900,3384700
2018,소아청소년과,C32,2,3,53070,46170
2018,소아청소년과,C34,53,215,3864340,3543940
2018,소아청소년과,C39,1,1,11500,9100
2018,소아청소년과,C40,2,14,202590,193290
2018,소아청소년과,C41,2,4,57180,54480
2018,소아청소년과,C43,7,7,112470,90470
2018,소아청소년과,C44,4,5,95680,87680
2018,소아청소년과,C46,1,26,301430,287730
2018,소아청소년과,C48,1,2,30060,21160
2018,소아청소년과,C49,6,33,467560,442860
2018,소아청소년과,C50,94,815,12834100,11566600
2018,소아청소년과,C53,8,28,562280,525980
2018,소아청소년과,C54,7,126,1570990,1364590
2018,소아청소년과,C55,2,4,65830,62830
2018,소아청소년과,C56,16,148,2509930,2331630
2018,소아청소년과,C57,4,88,1107880,1044280
2018,소아청소년과,C61,25,112,2656950,2479250
2018,소아청소년과,C64,8,32,673050,630350
2018,소아청소년과,C65,2,2,34810,30410
2018,소아청소년과,C66,2,5,111210,105910
2018,소아청소년과,C67,11,138,2281670,2164570
2018,소아청소년과,C68,1,1,26200,24900
2018,소아청소년과,C70,3,19,353760,336860
2018,소아청소년과,C71,12,133,2127640,1893840
2018,소아청소년과,C72,1,1,15310,13810
2018,소아청소년과,C73,124,333,5176090,4219390
2018,소아청소년과,C74,2,2,31510,28610
2018,소아청소년과,C75,2,2,21900,16600
2018,소아청소년과,C76,3,19,245640,184140
2018,소아청소년과,C77,7,7,121110,100710
2018,소아청소년과,C78,3,25,290080,276780
2018,소아청소년과,C79,1,1,15310,10810
2018,소아청소년과,C80,12,121,1633210,1461210
2018,소아청소년과,C81,4,10,149190,117890
2018,소아청소년과,C82,3,9,134930,120930
2018,소아청소년과,C83,6,30,571360,529760
2018,소아청소년과,C84,2,6,183950,173950
2018,소아청소년과,C85,6,11,176530,156930
2018,소아청소년과,C86,1,1,19110,13410
2018,소아청소년과,C90,1,2,26260,18560
2018,소아청소년과,C91,21,74,1326680,1219280
2018,소아청소년과,C92,11,34,477720,435720
2018,소아청소년과,C93,1,1,65120,45620
2018,소아청소년과,C94,2,18,229790,214890
2018,소아청소년과,C95,4,4,64850,54750
2018,소아청소년과,C96,3,4,60820,52920
2018,소아청소년과,D00,3,7,108690,95090
2018,소아청소년과,D01,9,16,206460,183360
2018,소아청소년과,D02,4,12,133790,125690
2018,소아청소년과,D03,10,11,154040,117940
2018,소아청소년과,D04,1,1,15310,14610
2018,소아청소년과,D05,8,55,763370,720170
2018,소아청소년과,D06,6,89,1627370,1547970
2018,소아청소년과,D07,2,2,24290,23190
2018,소아청소년과,D09,7,20,290460,256760
2018,소아청소년과,D10,48,71,1804880,1299280
2018,소아청소년과,D11,15,29,395620,302320
2018,소아청소년과,D12,11,11,171730,136630
2018,소아청소년과,D13,16,21,393270,294970
2018,소아청소년과,D14,4,4,83220,58620
2018,소아청소년과,D15,4,25,325130,271330
2018,소아청소년과,D16,10,15,214590,174490
2018,소아청소년과,D17,390,552,14647390,10763030
2018,소아청소년과,D18,682,894,13977540,11161340
2018,소아청소년과,D21,116,179,3925860,2971160
2018,소아청소년과,D22,134,165,2477940,1939440
2018,소아청소년과,D23,223,316,7940160,6003860
2018,소아청소년과,D24,47,136,2071740,1768540
2018,소아청소년과,D25,69,122,3835470,2723970
2018,소아청소년과,D26,8,8,116700,85800
2018,소아청소년과,D27,26,47,1409770,989470
2018,소아청소년과,D28,9,20,1327530,935630
2018,소아청소년과,D29,19,20,362660,272960
2018,소아청소년과,D30,5,5,72630,54930
2018,소아청소년과,D31,3,3,40000,31700
2018,소아청소년과,D32,7,14,205800,186700
2018,소아청소년과,D33,14,52,767200,682700
2018,소아청소년과,D34,39,40,1037320,743720
2018,소아청소년과,D35,18,251,3080050,2391250
2018,소아청소년과,D36,36,89,3012420,2162620
2018,소아청소년과,D37,5,7,101170,76470
2018,소아청소년과,D38,2,3,44760,40260
2018,소아청소년과,D39,11,13,675120,475220
2018,소아청소년과,D40,1,1,19110,15310
2018,소아청소년과,D41,1,1,14140,14140
2018,소아청소년과,D43,4,46,593680,513680
2018,소아청소년과,D44,5,19,240440,186440
2018,소아청소년과,D46,8,9,168210,121710
2018,소아청소년과,D47,11,18,474150,379050
2018,소아청소년과,D48,32,57,646620,485020
2018,소아청소년과,D50,20331,30197,773621110,581889610
2018,소아청소년과,D51,25,88,1427470,1106870
2018,소아청소년과,D52,27,40,663330,475730
2018,소아청소년과,D53,333,394,8995050,6679750
2018,소아청소년과,D55,2,2,34420,24220
2018,소아청소년과,D56,1,1,10950,7750
2018,소아청소년과,D57,1,1,10950,7750
2018,소아청소년과,D58,4,6,599760,538560
2018,소아청소년과,D59,11,14,278800,216300
2018,소아청소년과,D60,3,4,120360,103460
2018,소아청소년과,D61,9,74,1079890,970790
2018,소아청소년과,D62,7,14,220610,162510
2018,소아청소년과,D63,11,32,431960,365360
2018,소아청소년과,D64,5689,7307,183952910,139318310
2018,소아청소년과,D66,26,567,7260100,6462600
2018,소아청소년과,D67,4,55,806340,726540
2018,소아청소년과,D68,45,253,3553640,2935540
2018,소아청소년과,D69,1984,2803,51100820,38751410
2018,소아청소년과,D70,8,20,393280,309380
2018,소아청소년과,D71,3,16,309580,254780
2018,소아청소년과,D72,59,77,1655060,1216760
2018,소아청소년과,D74,1,1,16200,12800
2018,소아청소년과,D75,31,39,1044210,750910
2018,소아청소년과,D76,2,5,73410,62510
2018,소아청소년과,D77,1,1,32370,25670
2018,소아청소년과,D80,5,16,244900,216600
2018,소아청소년과,D81,2,2,681390,644740
2018,소아청소년과,D82,5,11,171840,154240
2018,소아청소년과,D84,2,2,36580,27280
2018,소아청소년과,D89,39,153,1951600,1410500
2018,소아청소년과,E00,8,19,384100,277700
2018,소아청소년과,E01,5,8,180700,128000
2018,소아청소년과,E02,33,97,2192590,1615390
2018,소아청소년과,E03,4266,12395,256263430,185255930
2018,소아청소년과,E04,223,311,9428360,6759060
2018,소아청소년과,E05,769,1949,59073870,41985640
2018,소아청소년과,E06,237,468,16407190,11641390
2018,소아청소년과,E07,777,1219,45243840,32069640
2018,소아청소년과,E10,582,1717,36508640,26933440
2018,소아청소년과,E11,11202,60920,1000448300,785365650
2018,소아청소년과,E12,26,68,1008940,744940
2018,소아청소년과,E13,863,4313,71841970,56531570
2018,소아청소년과,E14,3956,17705,284579190,222637480
2018,소아청소년과,E15,5,7,138390,108590
2018,소아청소년과,E16,939,1202,24314620,19026820
2018,소아청소년과,E20,16,29,812300,594900
2018,소아청소년과,E21,12,18,453510,323310
2018,소아청소년과,E22,1878,6713,817365930,579407510
2018,소아청소년과,E23,270,2050,110955890,79558360
2018,소아청소년과,E24,9,9,353130,258730
2018,소아청소년과,E25,11,41,628350,478950
2018,소아청소년과,E26,1,3,43960,30960
2018,소아청소년과,E27,22,52,754100,621400
2018,소아청소년과,E28,63,139,3475550,2768150
2018,소아청소년과,E29,36,81,1145470,852170
2018,소아청소년과,E30,17864,60131,4201286250,2963220550
2018,소아청소년과,E32,3,3,53210,40910
2018,소아청소년과,E34,3066,4574,112709690,82512790
2018,소아청소년과,E35,28,37,788970,563570
2018,소아청소년과,E41,44,63,858390,697090
2018,소아청소년과,E43,1,1,15310,13810
2018,소아청소년과,E44,49,56,882720,682820
2018,소아청소년과,E45,43,47,678880,520480
2018,소아청소년과,E46,17,18,329490,254290
2018,소아청소년과,E50,1037,1684,23809170,17558470
2018,소아청소년과,E51,2,2,27370,19270
2018,소아청소년과,E53,194,399,6163440,4439140
2018,소아청소년과,E54,3,4,61320,43220
2018,소아청소년과,E55,2165,3261,61843760,45008060
2018,소아청소년과,E56,127,136,3268050,2515850
2018,소아청소년과,E58,312,535,7024690,5305890
2018,소아청소년과,E60,8,10,484990,360990
2018,소아청소년과,E61,162,221,6500090,4781090
2018,소아청소년과,E63,69,84,1440910,1092810
2018,소아청소년과,E64,6,6,151050,117550
2018,소아청소년과,E65,7,8,113940,86240
2018,소아청소년과,E66,1619,2470,31292190,22341090
2018,소아청소년과,E67,91,97,1630780,1235580
2018,소아청소년과,E68,2,3,41570,29370
2018,소아청소년과,E70,12,14,239170,204770
2018,소아청소년과,E71,8,65,843510,749510
2018,소아청소년과,E72,12,27,388070,339670
2018,소아청소년과,E73,1253,1925,28883970,23120770
2018,소아청소년과,E74,23,23,389270,306470
2018,소아청소년과,E75,6,33,410530,349230
2018,소아청소년과,E76,6,47,700980,613480
2018,소아청소년과,E78,14885,47714,755996590,561153490
2018,소아청소년과,E79,51,99,1288910,986310
2018,소아청소년과,E80,8,11,206820,162820
2018,소아청소년과,E83,172,285,4454180,3418780
2018,소아청소년과,E84,2,2,39670,31370
2018,소아청소년과,E85,2,6,76810,59110
2018,소아청소년과,E86,12722,17344,449236620,345308800
2018,소아청소년과,E87,2993,3924,113164330,86796850
2018,소아청소년과,E88,148,182,17077340,13475340
2018,소아청소년과,E89,121,339,5318920,3955920
2018,소아청소년과,E90,3,3,54420,40020
2018,소아청소년과,F00,197,698,11492680,9380680
2018,소아청소년과,F01,98,222,3266250,2743750
2018,소아청소년과,F02,15,27,408960,355460
2018,소아청소년과,F03,116,289,3997370,3412870
2018,소아청소년과,F05,5,6,121790,94390
2018,소아청소년과,F06,1873,5157,68211510,57241910
2018,소아청소년과,F07,240,305,4747200,3771000
2018,소아청소년과,F10,17,64,730760,531260
2018,소아청소년과,F11,3,4,59560,43960
2018,소아청소년과,F13,1,1,19110,13410
2018,소아청소년과,F15,2,2,27970,19770
2018,소아청소년과,F17,22,62,832620,586720
2018,소아청소년과,F18,2,3,46540,39740
2018,소아청소년과,F19,1,1,20190,14190
2018,소아청소년과,F20,20,55,617810,470410
2018,소아청소년과,F22,2,2,27030,19030
2018,소아청소년과,F23,2,2,35310,26210
2018,소아청소년과,F25,1,1,16660,15060
2018,소아청소년과,F28,3,3,42120,30720
2018,소아청소년과,F29,1,2,26420,18520
2018,소아청소년과,F30,4,6,88160,69260
2018,소아청소년과,F31,26,95,1280290,1017790
2018,소아청소년과,F32,777,1845,23468430,18362520
2018,소아청소년과,F33,152,459,5729250,4586650
2018,소아청소년과,F34,52,93,1240510,962410
2018,소아청소년과,F38,52,112,1750570,1385870
2018,소아청소년과,F39,9,17,233170,182370
2018,소아청소년과,F40,167,411,5427590,4196390
2018,소아청소년과,F41,2884,6430,85256240,65925840
2018,소아청소년과,F42,33,60,790480,595080
2018,소아청소년과,F43,334,597,8353570,6507570
2018,소아청소년과,F44,8,8,115620,81520
2018,소아청소년과,F45,439,857,12162590,9331090
2018,소아청소년과,F48,603,1073,16084960,12368760
2018,소아청소년과,F50,82,119,1684230,1303330
2018,소아청소년과,F51,7771,21914,290059460,222917500
2018,소아청소년과,F52,27,49,314670,245370
2018,소아청소년과,F53,1,1,15310,13810
2018,소아청소년과,F54,103,120,1942450,1465950
2018,소아청소년과,F59,23,27,386680,272780
2018,소아청소년과,F60,11,19,242300,188200
2018,소아청소년과,F63,22,22,348160,261560
2018,소아청소년과,F66,105,190,2638020,1876120
2018,소아청소년과,F68,1,4,52100,36800
2018,소아청소년과,F70,12,13,184400,141000
2018,소아청소년과,F71,4,4,62640,44140
2018,소아청소년과,F72,2,2,30610,21610
2018,소아청소년과,F78,4,8,113250,85950
2018,소아청소년과,F79,10,11,169450,126950
2018,소아청소년과,F80,1726,1972,28303060,22458160
2018,소아청소년과,F81,71,72,1090890,815790
2018,소아청소년과,F82,56,76,1068270,859970
2018,소아청소년과,F83,14,15,233900,182000
2018,소아청소년과,F84,452,596,8521090,6750390
2018,소아청소년과,F88,25,25,392570,310470
2018,소아청소년과,F89,131,159,2249140,1827940
2018,소아청소년과,F90,430,735,10141920,7355420
2018,소아청소년과,F91,39,42,613760,466160
2018,소아청소년과,F92,51,139,1860140,1436640
2018,소아청소년과,F93,84,87,1314550,994550
2018,소아청소년과,F94,23,25,354130,268830
2018,소아청소년과,F95,878,1013,15076120,11167920
2018,소아청소년과,F98,1270,2811,39643090,29421690
2018,소아청소년과,F99,5,5,88840,69540
2018,소아청소년과,G00,18,19,3456410,3078150
2018,소아청소년과,G01,5,12,178840,128240
2018,소아청소년과,G02,19,23,535740,433150
2018,소아청소년과,G03,713,920,46947770,40145870
2018,소아청소년과,G04,14,17,248460,184260
2018,소아청소년과,G05,86,130,1914910,1403810
2018,소아청소년과,G11,7,86,1006490,789990
2018,소아청소년과,G12,19,107,1414290,1300990
2018,소아청소년과,G13,4,10,136740,118440
2018,소아청소년과,G20,41,85,1221540,1076840
2018,소아청소년과,G21,23,57,766020,658820
2018,소아청소년과,G22,4,4,58530,46630
2018,소아청소년과,G23,5,15,216170,183370
2018,소아청소년과,G24,233,284,4226940,3271740
2018,소아청소년과,G25,196,386,5335090,4122790
2018,소아청소년과,G30,20,67,956050,827550
2018,소아청소년과,G31,3129,8803,116864120,97416320
2018,소아청소년과,G32,1,2,24290,17090
2018,소아청소년과,G35,5,5,77400,66400
2018,소아청소년과,G36,3,4,45930,41430
2018,소아청소년과,G37,1,1,15310,13810
2018,소아청소년과,G40,862,2429,53958980,39789650
2018,소아청소년과,G41,29,83,1105910,873010
2018,소아청소년과,G43,11665,20612,300594240,218213930
2018,소아청소년과,G44,4130,5969,85220150,62152150
2018,소아청소년과,G45,35,78,1050030,863630
2018,소아청소년과,G46,26,56,694460,594660
2018,소아청소년과,G47,10996,29389,384307120,295118730
2018,소아청소년과,G50,175,363,4820490,3792490
2018,소아청소년과,G51,230,277,4148250,3138750
2018,소아청소년과,G52,21,30,413120,315220
2018,소아청소년과,G53,601,1572,21537090,17271990
2018,소아청소년과,G54,32,51,726300,593600
2018,소아청소년과,G55,4,12,143740,104340
2018,소아청소년과,G56,77,152,2583630,1945430
2018,소아청소년과,G57,31,56,1093590,833890
2018,소아청소년과,G58,97,179,2962930,2292630
2018,소아청소년과,G59,10,34,484720,393020
2018,소아청소년과,G60,6,18,239800,175600
2018,소아청소년과,G61,15,28,417650,356350
2018,소아청소년과,G62,23,49,636180,524480
2018,소아청소년과,G63,87,232,3070000,2519300
2018,소아청소년과,G64,102,236,2991080,2375480
2018,소아청소년과,G70,17,57,1041840,833040
2018,소아청소년과,G71,44,141,1866950,1622350
2018,소아청소년과,G72,4,4,53960,43460
2018,소아청소년과,G73,7,10,187350,153550
2018,소아청소년과,G80,35,80,955850,734850
2018,소아청소년과,G81,12,21,308260,250760
2018,소아청소년과,G82,4,4,57990,46290
2018,소아청소년과,G83,195,249,3388170,2671870
2018,소아청소년과,G90,63,137,1705270,1317970
2018,소아청소년과,G91,56,95,1381460,1141460
2018,소아청소년과,G93,67,115,1701810,1308610
2018,소아청소년과,G94,4,8,123860,98460
2018,소아청소년과,G95,9,10,185100,149100
2018,소아청소년과,G96,14,19,264570,220270
2018,소아청소년과,G97,2,2,24290,17090
2018,소아청소년과,G98,15,19,271730,217630
2018,소아청소년과,G99,12,30,403690,331690
2018,소아청소년과,H00,39414,50663,764930450,571985940
2018,소아청소년과,H01,12890,15849,236144160,179400160
2018,소아청소년과,H02,356,435,7136540,5509340
2018,소아청소년과,H03,28,44,630400,488300
2018,소아청소년과,H04,9792,16729,233097980,173833380
2018,소아청소년과,H05,392,484,7559560,5919180
2018,소아청소년과,H06,13,14,240860,180560
2018,소아청소년과,H10,273813,369140,5508801940,4224417000
2018,소아청소년과,H11,2782,4741,66752540,49532540
2018,소아청소년과,H13,986,1180,17618840,13455340
2018,소아청소년과,H15,22,41,425920,319420
2018,소아청소년과,H16,6339,8323,124133210,94973710
2018,소아청소년과,H17,7,10,152920,116220
2018,소아청소년과,H18,24,33,501480,386980
2018,소아청소년과,H19,329,444,6371390,4834690
2018,소아청소년과,H20,95,124,1786220,1346020
2018,소아청소년과,H21,12,25,259170,214370
2018,소아청소년과,H25,534,1294,16984870,14481040
2018,소아청소년과,H26,161,260,3552550,2882150
2018,소아청소년과,H27,2,2,27150,20550
2018,소아청소년과,H28,11,27,345310,280010
2018,소아청소년과,H30,5,7,159230,119730
2018,소아청소년과,H32,1,2,24290,21290
2018,소아청소년과,H33,10,11,164190,125490
2018,소아청소년과,H34,13,26,427010,341210
2018,소아청소년과,H35,61,105,1118600,912900
2018,소아청소년과,H36,54,192,2241800,1912000
2018,소아청소년과,H40,370,815,10092160,8229960
2018,소아청소년과,H42,15,43,557070,455470
2018,소아청소년과,H43,11,11,136110,101010
2018,소아청소년과,H44,70,130,1688090,1298590
2018,소아청소년과,H45,4,7,85250,69550
2018,소아청소년과,H46,1,1,13520,12020
2018,소아청소년과,H47,11,12,158700,123000
2018,소아청소년과,H48,1,1,11500,9100
2018,소아청소년과,H49,8,8,120920,93520
2018,소아청소년과,H50,643,747,11124040,8869040
2018,소아청소년과,H51,4,4,57380,44280
2018,소아청소년과,H52,6721,7631,172207480,135201280
2018,소아청소년과,H53,532,609,11644890,9430890
2018,소아청소년과,H54,80,83,1255780,963780
2018,소아청소년과,H55,21,21,314300,245200
2018,소아청소년과,H57,143,221,3376840,2557840
2018,소아청소년과,H58,4,4,56880,40180
2018,소아청소년과,H59,7,13,190470,165670
2018,소아청소년과,H60,49404,75714,1153712650,867945740
2018,소아청소년과,H61,12183,14556,340006770,261466170
2018,소아청소년과,H62,1343,2197,33671870,25572770
2018,소아청소년과,H65,125336,368931,5121337040,4008544570
2018,소아청소년과,H66,661725,2839805,39412724840,31007839890
2018,소아청소년과,H67,9309,27372,382572510,298229010
2018,소아청소년과,H68,1058,1810,27378920,19996920
2018,소아청소년과,H69,531,695,11740230,8540430
2018,소아청소년과,H70,80,127,1851710,1349010
2018,소아청소년과,H71,143,193,2629730,2080630
2018,소아청소년과,H72,350,740,10984290,8352090
2018,소아청소년과,H73,917,2316,32669570,25574270
2018,소아청소년과,H74,10,14,215340,173640
2018,소아청소년과,H75,3,6,86380,60880
2018,소아청소년과,H80,3,3,62150,47850
2018,소아청소년과,H81,7253,16055,231603900,174553400
2018,소아청소년과,H82,117,171,3039520,2220720
2018,소아청소년과,H83,106,138,2041500,1507800
2018,소아청소년과,H90,384,435,12038090,8673190
2018,소아청소년과,H91,586,757,15625650,11707450
2018,소아청소년과,H92,5766,6362,96943140,73184040
2018,소아청소년과,H93,2245,3235,48681350,37369250
2018,소아청소년과,H94,15,18,269780,213680
2018,소아청소년과,H95,5,7,105140,84040
2018,소아청소년과,I00,10,33,377050,277050
2018,소아청소년과,I01,4,5,77160,60460
2018,소아청소년과,I02,3,7,94840,68140
2018,소아청소년과,I05,14,39,557100,406500
2018,소아청소년과,I07,7,11,156590,127690
2018,소아청소년과,I08,9,16,209990,157490
2018,소아청소년과,I09,5,17,264960,189360
2018,소아청소년과,I10,79957,455325,6360264700,5026985170
2018,소아청소년과,I11,1935,9259,127120220,99449120
2018,소아청소년과,I12,26,74,1172570,903870
2018,소아청소년과,I13,91,416,5581030,4353230
2018,소아청소년과,I15,1219,5841,78150970,61010770
2018,소아청소년과,I20,741,1905,25722760,20828080
2018,소아청소년과,I21,74,141,2100520,1647720
2018,소아청소년과,I22,5,18,276320,207320
2018,소아청소년과,I23,7,17,229330,192730
2018,소아청소년과,I24,35,77,1157230,915330
2018,소아청소년과,I25,80,245,3617080,2932880
2018,소아청소년과,I27,8,26,402320,344820
2018,소아청소년과,I30,2,2,33340,24840
2018,소아청소년과,I34,52,98,2148060,1676840
2018,소아청소년과,I35,15,35,515340,430940
2018,소아청소년과,I36,6,6,122490,86190
2018,소아청소년과,I37,4,5,89220,66520
2018,소아청소년과,I38,2,2,28780,21480
2018,소아청소년과,I39,1,1,15310,13810
2018,소아청소년과,I40,8,9,407500,312800
2018,소아청소년과,I41,1,2,25440,20140
2018,소아청소년과,I42,11,11,268010,201110
2018,소아청소년과,I44,6,11,138530,117230
2018,소아청소년과,I45,19,21,509110,372110
2018,소아청소년과,I47,248,374,5327360,3944760
2018,소아청소년과,I48,91,235,3783740,3103040
2018,소아청소년과,I49,939,1411,21619780,16440880
2018,소아청소년과,I50,145,407,5519910,4579510
2018,소아청소년과,I51,144,223,3418450,2677550
2018,소아청소년과,I52,1,1,17470,13870
2018,소아청소년과,I60,5,16,256450,195350
2018,소아청소년과,I61,9,26,361920,262420
2018,소아청소년과,I62,4,4,69360,55760
2018,소아청소년과,I63,250,909,12384930,10388230
2018,소아청소년과,I64,18,70,1068090,923390
2018,소아청소년과,I65,24,87,1146960,974160
2018,소아청소년과,I66,7,25,363450,277450
2018,소아청소년과,I67,188,409,5430170,4501870
2018,소아청소년과,I68,11,27,345360,274260
2018,소아청소년과,I69,60,199,2572710,2214610
2018,소아청소년과,I70,107,265,3306860,2626360
2018,소아청소년과,I71,6,12,160460,131860
2018,소아청소년과,I72,4,14,168770,119270
2018,소아청소년과,I73,2317,4991,69590210,54507210
2018,소아청소년과,I74,37,95,1276000,1004500
2018,소아청소년과,I77,3,5,82360,60260
2018,소아청소년과,I78,67,89,1189600,946400
2018,소아청소년과,I79,22,39,519150,390350
2018,소아청소년과,I80,76,203,2675800,2188600
2018,소아청소년과,I81,1,7,91130,64330
2018,소아청소년과,I82,25,56,656930,489930
2018,소아청소년과,I83,299,572,7585450,5663550
2018,소아청소년과,I86,43,75,1012260,759460
2018,소아청소년과,I87,541,1464,19054020,14070420
2018,소아청소년과,I88,2464,3707,77779940,61627280
2018,소아청소년과,I89,253,435,6636960,5097290
2018,소아청소년과,I95,544,616,11010560,8001990
2018,소아청소년과,I97,4,4,59270,41770
2018,소아청소년과,I98,9,26,337740,284340
2018,소아청소년과,I99,71,123,1632670,1273570
2018,소아청소년과,J00,723137,1938907,27703228460,21519282390
2018,소아청소년과,J01,687010,2156200,29658255800,22888145390
2018,소아청소년과,J02,1018202,2499132,36764912850,28095140100
2018,소아청소년과,J03,1019763,2210765,34884078130,26624105430
2018,소아청소년과,J04,188108,391505,5878319140,4487889940
2018,소아청소년과,J05,38857,72186,1368591200,1103882020
2018,소아청소년과,J06,833673,2102856,30175514110,23211642890
2018,소아청소년과,J09,26261,42624,627593510,472177660
2018,소아청소년과,J10,180741,304664,6655557350,5356611070
2018,소아청소년과,J11,366547,617830,10193217400,7821045080
2018,소아청소년과,J12,4408,13188,498542350,428622950
2018,소아청소년과,J13,180,199,102107480,93023150
2018,소아청소년과,J14,20,25,8026770,7259600
2018,소아청소년과,J15,57201,146469,3905375110,3243203760
2018,소아청소년과,J16,7340,17172,316556470,244889770
2018,소아청소년과,J17,1243,2443,37707380,28851590
2018,소아청소년과,J18,236693,663794,19832698080,16582135860
2018,소아청소년과,J20,3750671,17601890,2.5236E+11,1.93456E+11
2018,소아청소년과,J21,291537,1181506,18515444550,14708528230
2018,소아청소년과,J22,135472,441817,6320020450,4845745320
2018,소아청소년과,J30,1414725,4165831,59258660870,44969004110
2018,소아청소년과,J31,64202,164961,2309711080,1763111750
2018,소아청소년과,J32,204931,637747,8752104530,6667427820
2018,소아청소년과,J33,107,157,2637180,1963380
2018,소아청소년과,J34,6955,18170,244602750,186749790
2018,소아청소년과,J35,21479,42581,619472890,460857310
2018,소아청소년과,J36,119257,273981,4206709860,3177726270
2018,소아청소년과,J37,2970,6430,90412270,67584370
2018,소아청소년과,J38,361,456,8975350,6673350
2018,소아청소년과,J39,62713,147470,2125033960,1618626230
2018,소아청소년과,J40,151782,403117,5801151690,4384701880
2018,소아청소년과,J41,20689,49742,712563830,542130770
2018,소아청소년과,J42,18785,38581,568621070,427384810
2018,소아청소년과,J43,15,21,258770,205670
2018,소아청소년과,J44,1373,3446,55733880,42737180
2018,소아청소년과,J45,284940,907869,14999312650,11597649820
2018,소아청소년과,J46,4143,12618,231097700,181801550
2018,소아청소년과,J47,113,347,4682510,3735610
2018,소아청소년과,J60,3,3,46290,36090
2018,소아청소년과,J66,1,1,16970,13470
2018,소아청소년과,J67,1,1,11500,9100
2018,소아청소년과,J68,10,15,226360,173160
2018,소아청소년과,J69,21,34,944030,743830
2018,소아청소년과,J70,52,213,2673130,2088830
2018,소아청소년과,J80,10,11,167730,132430
2018,소아청소년과,J81,4,5,79100,65200
2018,소아청소년과,J82,1,2,17530,13930
2018,소아청소년과,J84,29,45,755260,642860
2018,소아청소년과,J85,1,1,15310,10810
2018,소아청소년과,J86,1,14,264370,235470
2018,소아청소년과,J90,13,16,311390,237190
2018,소아청소년과,J91,1,1,23880,19180
2018,소아청소년과,J92,3,4,54610,41910
2018,소아청소년과,J93,68,90,1669930,1210230
2018,소아청소년과,J94,6,7,108940,80940
2018,소아청소년과,J95,1,1,19110,13410
2018,소아청소년과,J96,18,21,374470,290870
2018,소아청소년과,J98,127,265,3608710,2769810
2018,소아청소년과,J99,1,1,17470,13870
2018,소아청소년과,K00,164,176,2629080,2086280
2018,소아청소년과,K01,6,7,107370,78370
2018,소아청소년과,K02,102,109,1654260,1257460
2018,소아청소년과,K03,17,24,320640,245840
2018,소아청소년과,K04,351,541,7945600,5994900
2018,소아청소년과,K05,4706,7696,110551630,84596300
2018,소아청소년과,K06,104,148,2065820,1627920
2018,소아청소년과,K07,370,464,6901190,5104290
2018,소아청소년과,K08,113,125,1957500,1459700
2018,소아청소년과,K09,476,517,8321610,6552810
2018,소아청소년과,K10,33,39,593230,446630
2018,소아청소년과,K11,7867,11750,179193720,132834900
2018,소아청소년과,K12,56187,78667,1225296090,952572540
2018,소아청소년과,K13,2278,2792,41510010,31773210
2018,소아청소년과,K14,4109,4785,72569790,55798590
2018,소아청소년과,K20,262,496,6803920,4948720
2018,소아청소년과,K21,58824,97253,1393047920,1032422990
2018,소아청소년과,K22,319,470,6725000,4884200
2018,소아청소년과,K23,13,17,235520,174620
2018,소아청소년과,K25,17125,29855,427206210,315406180
2018,소아청소년과,K26,2669,4106,61428660,45106460
2018,소아청소년과,K27,9062,16217,230563570,170796470
2018,소아청소년과,K28,866,1544,21635200,16621000
2018,소아청소년과,K29,250235,378952,5658479750,4152239780
2018,소아청소년과,K30,75563,110298,1620955660,1213487140
2018,소아청소년과,K31,6142,8427,127901970,95344010
2018,소아청소년과,K35,1569,1654,26836100,19438480
2018,소아청소년과,K36,97,101,1606680,1157280
2018,소아청소년과,K37,693,733,11911150,8666760
2018,소아청소년과,K38,154,159,2417620,1749020
2018,소아청소년과,K40,1308,1557,23705000,18818700
2018,소아청소년과,K41,58,68,1071080,843880
2018,소아청소년과,K42,647,703,11939900,9633700
2018,소아청소년과,K43,28,31,526760,417560
2018,소아청소년과,K45,10,13,186030,149230
2018,소아청소년과,K46,136,151,2402540,1927040
2018,소아청소년과,K50,43,406,6194850,5498150
2018,소아청소년과,K51,50,114,1669130,1373230
2018,소아청소년과,K52,110392,161700,2398125560,1807285190
2018,소아청소년과,K55,7,10,127480,93880
2018,소아청소년과,K56,2425,2911,51939910,39885750
2018,소아청소년과,K57,35,49,887990,635990
2018,소아청소년과,K58,27571,40861,607755880,454412560
2018,소아청소년과,K59,173868,277913,4207355030,3229307280
2018,소아청소년과,K60,894,1015,15179100,11877600
2018,소아청소년과,K61,553,1077,16952620,13538520
2018,소아청소년과,K62,364,442,6647630,5215730
2018,소아청소년과,K63,997,1397,25803360,19075740
2018,소아청소년과,K64,996,1498,20677470,15705320
2018,소아청소년과,K65,23,34,558390,408590
2018,소아청소년과,K66,3,3,45940,32440
2018,소아청소년과,K70,327,619,11964710,8710210
2018,소아청소년과,K71,327,528,16771720,11944120
2018,소아청소년과,K72,35,52,2105690,1498290
2018,소아청소년과,K73,513,1144,24142590,17472490
2018,소아청소년과,K74,93,180,3280640,2383640
2018,소아청소년과,K75,1136,2071,45200260,32947610
2018,소아청소년과,K76,2218,3594,84228700,60546600
2018,소아청소년과,K77,49,79,1699500,1216700
2018,소아청소년과,K80,311,751,10277140,7651940
2018,소아청소년과,K81,67,90,1578380,1151280
2018,소아청소년과,K82,33,47,704520,510320
2018,소아청소년과,K83,55,63,1427360,1098960
2018,소아청소년과,K85,38,52,1522130,1155710
2018,소아청소년과,K86,27,51,1081500,804500
2018,소아청소년과,K87,50,70,958640,680340
2018,소아청소년과,K90,62,77,1158420,891220
2018,소아청소년과,K91,17,40,498190,386490
2018,소아청소년과,K92,3418,4564,71078700,53449500
2018,소아청소년과,K93,1027,1567,24153440,17922840
2018,소아청소년과,L00,127,188,9916980,8560140
2018,소아청소년과,L01,139345,214833,3253879090,2494222720
2018,소아청소년과,L02,48591,77202,1238125230,932665580
2018,소아청소년과,L03,70294,104100,1674759070,1266177920
2018,소아청소년과,L04,53335,85350,1309465130,976668300
2018,소아청소년과,L05,226,298,5259490,3986810
2018,소아청소년과,L08,42543,59115,963763510,731460520
2018,소아청소년과,L10,59,97,1418610,1122810
2018,소아청소년과,L11,129,140,2307530,1798330
2018,소아청소년과,L12,23,46,1646360,1293660
2018,소아청소년과,L13,909,1378,19336930,14738130
2018,소아청소년과,L14,17,22,340940,265040
2018,소아청소년과,L20,187411,296105,5396250390,4160135480
2018,소아청소년과,L21,20958,27675,430486740,334579840
2018,소아청소년과,L22,10630,12093,184214820,146301420
2018,소아청소년과,L23,180910,244947,3772267090,2895039330
2018,소아청소년과,L24,38302,47843,725277830,558177620
2018,소아청소년과,L25,35398,45203,696549770,536045070
2018,소아청소년과,L26,120,132,1873270,1430270
2018,소아청소년과,L27,433,559,16190760,12511760
2018,소아청소년과,L28,18351,27061,426014590,329800510
2018,소아청소년과,L29,28354,44893,664265450,507371520
2018,소아청소년과,L30,119495,158353,2433312780,1873803270
2018,소아청소년과,L40,1425,2551,37035750,27732350
2018,소아청소년과,L41,59,87,1241900,948000
2018,소아청소년과,L42,445,594,8863830,6496130
2018,소아청소년과,L43,83,125,1752210,1374810
2018,소아청소년과,L44,372,452,6640830,5148030
2018,소아청소년과,L45,1,1,20000,15800
2018,소아청소년과,L50,338271,509237,8354849560,6371508390
2018,소아청소년과,L51,591,851,13415730,10288230
2018,소아청소년과,L52,21,39,515350,383650
2018,소아청소년과,L53,798,952,14556380,11302880
2018,소아청소년과,L54,33,43,727910,557310
2018,소아청소년과,L55,327,368,6336280,4708280
2018,소아청소년과,L56,82,120,1744800,1333200
2018,소아청소년과,L57,50,57,870960,652160
2018,소아청소년과,L58,6,7,122360,92760
2018,소아청소년과,L59,29,49,682350,514650
2018,소아청소년과,L60,1525,2116,40818630,30490030
2018,소아청소년과,L62,13,13,194130,151330
2018,소아청소년과,L63,574,963,15780330,11330330
2018,소아청소년과,L64,138,251,3658510,2587410
2018,소아청소년과,L65,317,434,7777080,5632280
2018,소아청소년과,L66,342,509,7990580,5920680
2018,소아청소년과,L67,14,15,203600,149100
2018,소아청소년과,L68,3,3,0,0
2018,소아청소년과,L70,2359,4033,57294310,41073910
2018,소아청소년과,L71,258,394,5549100,4207100
2018,소아청소년과,L72,650,897,24020670,17386370
2018,소아청소년과,L73,587,915,13211230,9717330
2018,소아청소년과,L74,6622,7268,111895140,88033340
2018,소아청소년과,L75,71,75,1136060,880760
2018,소아청소년과,L80,185,230,3835190,2957590
2018,소아청소년과,L81,576,661,9063390,6878790
2018,소아청소년과,L82,55,68,1136220,885620
2018,소아청소년과,L83,9,12,215470,158970
2018,소아청소년과,L84,2246,3140,94322620,67909720
2018,소아청소년과,L85,4186,6421,99298730,77177730
2018,소아청소년과,L86,35,37,564790,424090
2018,소아청소년과,L87,14,30,443960,374060
2018,소아청소년과,L88,1,1,19110,17210
2018,소아청소년과,L89,61,148,2800840,2190040
2018,소아청소년과,L90,93,107,1587090,1225090
2018,소아청소년과,L91,113,169,3958340,2835340
2018,소아청소년과,L92,1068,1806,41067360,32276460
2018,소아청소년과,L93,8,11,208020,146320
2018,소아청소년과,L94,12,13,204650,156550
2018,소아청소년과,L95,43,59,989270,739470
2018,소아청소년과,L97,5,7,95330,74030
2018,소아청소년과,L98,2255,4866,94191150,74464150
2018,소아청소년과,L99,11,14,237820,177220
2018,소아청소년과,M00,140,224,3276180,2524980
2018,소아청소년과,M01,189,244,3918110,2822510
2018,소아청소년과,M02,517,904,13854740,10467640
2018,소아청소년과,M03,9,10,153430,111430
2018,소아청소년과,M05,103,274,4058480,3321280
2018,소아청소년과,M06,923,2073,30469850,23695650
2018,소아청소년과,M07,30,55,867010,700210
2018,소아청소년과,M08,24,36,565190,446190
2018,소아청소년과,M09,2,2,33810,25110
2018,소아청소년과,M10,2036,5282,78173310,57920410
2018,소아청소년과,M11,16,26,358190,301390
2018,소아청소년과,M12,792,1338,19959190,14930390
2018,소아청소년과,M13,12405,27357,409834280,316670430
2018,소아청소년과,M14,22,72,964810,778010
2018,소아청소년과,M15,4188,9112,127674390,98759590
2018,소아청소년과,M16,254,491,7329070,5863870
2018,소아청소년과,M17,2899,9376,145014350,116226280
2018,소아청소년과,M18,13,15,230430,175930
2018,소아청소년과,M19,2930,6266,89489470,69374170
2018,소아청소년과,M20,108,116,1734060,1341360
2018,소아청소년과,M21,496,628,9845420,7537420
2018,소아청소년과,M22,30,44,679700,507800
2018,소아청소년과,M23,63,92,1482530,1106230
2018,소아청소년과,M24,898,1663,28364240,22259640
2018,소아청소년과,M25,14430,25040,401748340,295951840
2018,소아청소년과,M30,1158,1436,65377840,57626300
2018,소아청소년과,M31,3,3,39180,30280
2018,소아청소년과,M32,19,73,1056390,857790
2018,소아청소년과,M33,1178,1974,27916750,21172150
2018,소아청소년과,M34,3,7,93530,78630
2018,소아청소년과,M35,142,319,4630900,3694900
2018,소아청소년과,M36,7,8,114680,84880
2018,소아청소년과,M40,18,35,494690,392990
2018,소아청소년과,M41,418,612,15220180,11004670
2018,소아청소년과,M42,21,38,478970,406670
2018,소아청소년과,M43,706,845,13400700,10734300
2018,소아청소년과,M45,773,1986,30226110,25183410
2018,소아청소년과,M46,63,147,2150620,1561320
2018,소아청소년과,M47,542,1522,20635960,16191860
2018,소아청소년과,M48,1181,5595,85328040,71680240
2018,소아청소년과,M49,13,32,350560,300360
2018,소아청소년과,M50,708,1556,23455270,17681170
2018,소아청소년과,M51,323,1482,20047700,16165300
2018,소아청소년과,M53,960,2022,34681100,26982600
2018,소아청소년과,M54,20840,45253,705634100,541600930
2018,소아청소년과,M60,3053,4336,78973120,58017770
2018,소아청소년과,M61,12,21,323380,256080
2018,소아청소년과,M62,4866,7229,111721920,82185780
2018,소아청소년과,M63,6,8,115340,97640
2018,소아청소년과,M65,940,1506,23401800,17778500
2018,소아청소년과,M66,4,4,41570,31070
2018,소아청소년과,M67,747,926,14541020,10898710
2018,소아청소년과,M68,1,2,31480,22080
2018,소아청소년과,M70,577,1019,17980980,13660580
2018,소아청소년과,M71,49,78,1273180,986180
2018,소아청소년과,M72,648,1217,18948020,14295420
2018,소아청소년과,M73,19,24,360940,260940
2018,소아청소년과,M75,1507,4026,65746780,50060740
2018,소아청소년과,M76,50,88,1262850,911650
2018,소아청소년과,M77,729,1490,23138510,16868710
2018,소아청소년과,M79,64165,110106,1830425370,1370863150
2018,소아청소년과,M80,144,366,5707760,4464160
2018,소아청소년과,M81,1261,3760,62456820,48533420
2018,소아청소년과,M82,31,85,1728140,1310640
2018,소아청소년과,M83,34,63,880460,724560
2018,소아청소년과,M84,22,32,626670,457970
2018,소아청소년과,M85,39,87,1249430,1007730
2018,소아청소년과,M86,5,5,98010,73010
2018,소아청소년과,M87,5,5,81840,59940
2018,소아청소년과,M88,1,2,24290,21290
2018,소아청소년과,M89,766,1230,21585510,16432010
2018,소아청소년과,M91,23,30,435810,343210
2018,소아청소년과,M92,20,31,431390,334790
2018,소아청소년과,M93,9,17,207790,159290
2018,소아청소년과,M94,144,163,2574230,1907430
2018,소아청소년과,M95,66,71,1231880,969780
2018,소아청소년과,M96,5,20,161020,131020
2018,소아청소년과,M99,76,136,1885120,1529720
2018,소아청소년과,N00,398,746,27182670,22069590
2018,소아청소년과,N01,7,14,268490,190590
2018,소아청소년과,N02,560,717,12457670,8990270
2018,소아청소년과,N03,13,20,289090,216690
2018,소아청소년과,N04,85,148,2961970,2256370
2018,소아청소년과,N05,63,89,1942020,1413020
2018,소아청소년과,N06,181,225,4019020,2869920
2018,소아청소년과,N07,2,2,26260,18560
2018,소아청소년과,N08,20,40,566340,424240
2018,소아청소년과,N10,1665,3016,149276200,127507090
2018,소아청소년과,N11,50,105,1979220,1426920
2018,소아청소년과,N12,276,469,17174940,14251800
2018,소아청소년과,N13,227,342,5538470,4380670
2018,소아청소년과,N14,1,2,58790,41290
2018,소아청소년과,N15,25,45,675860,492160
2018,소아청소년과,N16,2,12,154660,108660
2018,소아청소년과,N17,21,26,619700,477600
2018,소아청소년과,N18,64,162,2438150,2017050
2018,소아청소년과,N19,30,112,1587970,1261470
2018,소아청소년과,N20,91,113,1787990,1363490
2018,소아청소년과,N21,95,110,2394440,1743340
2018,소아청소년과,N22,4,5,86650,60950
2018,소아청소년과,N23,24,27,438930,329730
2018,소아청소년과,N25,9,16,213960,167360
2018,소아청소년과,N27,16,18,276740,210540
2018,소아청소년과,N28,96,112,30311380,27429640
2018,소아청소년과,N29,42,59,980970,769070
2018,소아청소년과,N30,31688,53472,948527020,718304660
2018,소아청소년과,N31,2141,3542,49629530,38603630
2018,소아청소년과,N32,387,563,8117170,6446270
2018,소아청소년과,N33,15,18,283250,220750
2018,소아청소년과,N34,5555,8005,125812080,95180000
2018,소아청소년과,N35,3,3,40470,32070
2018,소아청소년과,N36,16,16,246620,194520
2018,소아청소년과,N37,381,610,10830760,8216920
2018,소아청소년과,N39,50408,78106,1533224830,1189436240
2018,소아청소년과,N40,3533,11241,143307390,117191930
2018,소아청소년과,N41,155,362,4948130,3892330
2018,소아청소년과,N42,80,175,2353650,1911350
2018,소아청소년과,N43,486,563,9798080,7891880
2018,소아청소년과,N44,46,55,900610,683310
2018,소아청소년과,N45,249,319,6870750,5388220
2018,소아청소년과,N46,2,2,30620,21620
2018,소아청소년과,N47,207,309,8916930,6972430
2018,소아청소년과,N48,18578,23108,351181380,272057880
2018,소아청소년과,N49,38,53,774450,592050
2018,소아청소년과,N50,45,68,984760,737160
2018,소아청소년과,N51,300,375,5559110,4303210
2018,소아청소년과,N60,46,53,820000,588300
2018,소아청소년과,N61,460,634,9554640,6747840
2018,소아청소년과,N62,439,515,8801870,6355770
2018,소아청소년과,N63,176,202,2943410,2183710
2018,소아청소년과,N64,664,747,11968270,8630870
2018,소아청소년과,N70,43,83,3524340,2482140
2018,소아청소년과,N71,273,589,25721940,18078840
2018,소아청소년과,N72,67,151,4030040,2889340
2018,소아청소년과,N73,94,233,5764670,4387470
2018,소아청소년과,N74,57,169,6859400,4809400
2018,소아청소년과,N75,8,15,441510,309810
2018,소아청소년과,N76,5990,8728,160484660,119246160
2018,소아청소년과,N77,233,331,4802780,3580580
2018,소아청소년과,N80,22,77,1665690,1193690
2018,소아청소년과,N81,17,22,315260,250760
2018,소아청소년과,N82,1,1,11500,9100
2018,소아청소년과,N83,17,28,503310,366910
2018,소아청소년과,N84,19,31,1791490,1257490
2018,소아청소년과,N85,6,22,336320,241320
2018,소아청소년과,N86,6,9,711840,498840
2018,소아청소년과,N87,116,313,26609980,18745780
2018,소아청소년과,N88,5,6,206900,148300
2018,소아청소년과,N89,35,39,496970,402770
2018,소아청소년과,N90,172,216,3124580,2466580
2018,소아청소년과,N91,342,592,21925480,15400780
2018,소아청소년과,N92,230,357,11049770,7809370
2018,소아청소년과,N93,466,953,52377670,36804970
2018,소아청소년과,N94,13044,20694,302906400,214729500
2018,소아청소년과,N95,2234,7540,101142750,74274350
2018,소아청소년과,N96,5,12,188210,132010
2018,소아청소년과,N97,324,2188,28848360,20286360
2018,소아청소년과,N98,2,4,70060,49160
2018,소아청소년과,O00,4,17,466560,327560
2018,소아청소년과,O01,1,2,175290,122790
2018,소아청소년과,O02,4,6,899600,770200
2018,소아청소년과,O03,2,2,26500,18700
2018,소아청소년과,O04,1,1,20520,14420
2018,소아청소년과,O05,2,7,398970,343970
2018,소아청소년과,O07,1,2,32450,22750
2018,소아청소년과,O08,3,13,180880,127080
2018,소아청소년과,O10,3,3,47340,33340
2018,소아청소년과,O16,1,1,15310,10810
2018,소아청소년과,O20,5,5,667700,547800
2018,소아청소년과,O21,11,16,260890,192590
2018,소아청소년과,O22,1,1,15310,10810
2018,소아청소년과,O23,1,2,30060,21160
2018,소아청소년과,O24,7,12,273450,192350
2018,소아청소년과,O25,1,1,15860,11160
2018,소아청소년과,O26,29,77,1040020,733620
2018,소아청소년과,O28,1,1,15310,10810
2018,소아청소년과,O33,3,4,76960,59760
2018,소아청소년과,O34,1,1,19110,13410
2018,소아청소년과,O35,1,1,15310,13810
2018,소아청소년과,O44,3,7,94480,66680
2018,소아청소년과,O45,1,1,30440,21340
2018,소아청소년과,O86,1,1,19110,13410
2018,소아청소년과,O91,355,476,7027340,4955040
2018,소아청소년과,O92,495,568,8771660,6185160
2018,소아청소년과,O99,6,6,81170,57270
2018,소아청소년과,P00,3,3,44470,35370
2018,소아청소년과,P01,7,7,129240,102540
2018,소아청소년과,P02,8,9,188640,149540
2018,소아청소년과,P03,66,76,1339110,1063210
2018,소아청소년과,P04,1,1,57820,45720
2018,소아청소년과,P05,66,275,38391840,27207540
2018,소아청소년과,P07,377,2177,31183510,27804610
2018,소아청소년과,P08,2,2,34940,27740
2018,소아청소년과,P10,2,2,34940,27740
2018,소아청소년과,P11,2,4,54370,43270
2018,소아청소년과,P12,205,256,4494920,3576320
2018,소아청소년과,P13,207,266,5776220,4578520
2018,소아청소년과,P14,8,12,208640,168440
2018,소아청소년과,P15,65,67,1869890,1483190
2018,소아청소년과,P22,268,1450,20979050,18564550
2018,소아청소년과,P23,2,2,30660,22560
2018,소아청소년과,P24,32,70,1090390,866690
2018,소아청소년과,P27,5,11,154260,136760
2018,소아청소년과,P28,295,482,7535390,6033990
2018,소아청소년과,P29,7,7,124320,98620
2018,소아청소년과,P35,4,4,79160,60060
2018,소아청소년과,P36,127,131,2768980,2291480
2018,소아청소년과,P37,28,37,582590,458290
2018,소아청소년과,P38,5993,13128,259032010,205616610
2018,소아청소년과,P39,1342,1663,28407860,22680440
2018,소아청소년과,P51,81,125,2547090,2022190
2018,소아청소년과,P52,4,4,58740,46640
2018,소아청소년과,P54,66,68,1235290,981290
2018,소아청소년과,P55,2,3,51030,40530
2018,소아청소년과,P57,7,7,513800,491620
2018,소아청소년과,P58,40,53,946520,751520
2018,소아청소년과,P59,9362,25706,497864580,401824480
2018,소아청소년과,P61,11,11,169010,142510
2018,소아청소년과,P70,1,2,253060,249460
2018,소아청소년과,P71,2,2,38740,30740
2018,소아청소년과,P72,64,88,2204870,1733870
2018,소아청소년과,P74,18,19,629640,498540
2018,소아청소년과,P76,7,13,233050,184950
2018,소아청소년과,P78,364,504,8131780,6502580
2018,소아청소년과,P80,3,3,47240,37540
2018,소아청소년과,P81,123,134,2226060,1783760
2018,소아청소년과,P83,2635,4207,82862780,65813580
2018,소아청소년과,P90,37,41,697520,559720
2018,소아청소년과,P91,124,168,2743910,2195210
2018,소아청소년과,P92,2411,2911,49896700,39892900
2018,소아청소년과,P93,1,1,17470,13870
2018,소아청소년과,P94,12,12,222920,181020
2018,소아청소년과,P96,92,95,1780750,1417550
2018,소아청소년과,Q01,1,1,15310,13810
2018,소아청소년과,Q02,39,43,546720,443920
2018,소아청소년과,Q03,55,77,1243330,1036030
2018,소아청소년과,Q04,10,28,381140,330240
2018,소아청소년과,Q05,69,95,1441420,1200320
2018,소아청소년과,Q06,35,44,705000,562900
2018,소아청소년과,Q07,13,14,225500,186800
2018,소아청소년과,Q10,99,109,1745520,1413020
2018,소아청소년과,Q11,5,7,106570,81870
2018,소아청소년과,Q13,4,4,61700,51800
2018,소아청소년과,Q15,5,5,72690,58990
2018,소아청소년과,Q16,10,10,148230,120230
2018,소아청소년과,Q17,448,530,9982680,7971780
2018,소아청소년과,Q18,135,213,3141970,2420670
2018,소아청소년과,Q20,31,55,808100,672100
2018,소아청소년과,Q21,1814,2586,47228630,37609760
2018,소아청소년과,Q22,86,104,2662620,2111720
2018,소아청소년과,Q23,29,52,854830,700830
2018,소아청소년과,Q24,135,157,2531770,2057970
2018,소아청소년과,Q25,569,870,15262040,12183540
2018,소아청소년과,Q26,4,10,153530,129630
2018,소아청소년과,Q27,11,12,199190,155590
2018,소아청소년과,Q28,10,13,211430,169530
2018,소아청소년과,Q30,9,10,204290,158490
2018,소아청소년과,Q31,161,181,3104950,2488750
2018,소아청소년과,Q32,24,27,443290,358990
2018,소아청소년과,Q33,8,16,230560,183960
2018,소아청소년과,Q34,1,1,15310,10810
2018,소아청소년과,Q35,77,124,1795540,1435240
2018,소아청소년과,Q36,19,21,321420,250520
2018,소아청소년과,Q37,7,7,115100,86900
2018,소아청소년과,Q38,14477,20061,873890910,694385050
2018,소아청소년과,Q39,3,4,64280,49180
2018,소아청소년과,Q40,75,101,1580390,1265890
2018,소아청소년과,Q41,2,2,30220,24720
2018,소아청소년과,Q42,8,9,151840,122440
2018,소아청소년과,Q43,40,43,740440,594340
2018,소아청소년과,Q44,12,96,1228940,1094440
2018,소아청소년과,Q45,1,1,20000,15800
2018,소아청소년과,Q50,1,2,37560,29760
2018,소아청소년과,Q51,4,5,150390,107590
2018,소아청소년과,Q52,265,404,5693220,4572320
2018,소아청소년과,Q53,543,638,9423360,7600460
2018,소아청소년과,Q54,44,50,835500,676000
2018,소아청소년과,Q55,131,153,2184920,1723920
2018,소아청소년과,Q56,3,3,37460,29660
2018,소아청소년과,Q60,4,4,93800,73000
2018,소아청소년과,Q61,18,28,376190,279990
2018,소아청소년과,Q62,50,65,1023330,821930
2018,소아청소년과,Q63,4,4,65840,52240
2018,소아청소년과,Q64,7,7,110640,84740
2018,소아청소년과,Q65,692,782,11427860,9252460
2018,소아청소년과,Q66,248,294,4494570,3521170
2018,소아청소년과,Q67,1374,1550,26148970,21049970
2018,소아청소년과,Q68,741,858,15244750,12360340
2018,소아청소년과,Q69,51,54,903460,722760
2018,소아청소년과,Q70,49,54,885090,709490
2018,소아청소년과,Q71,6,8,128260,101760
2018,소아청소년과,Q72,3,4,72860,60660
2018,소아청소년과,Q74,159,178,2573830,2041630
2018,소아청소년과,Q75,268,352,5310400,4416200
2018,소아청소년과,Q76,314,339,5496240,4421440
2018,소아청소년과,Q77,20,90,1315200,1143400
2018,소아청소년과,Q78,4,6,87120,71220
2018,소아청소년과,Q79,61,80,1260280,1028280
2018,소아청소년과,Q80,10,11,165120,120320
2018,소아청소년과,Q81,6,10,169790,133290
2018,소아청소년과,Q82,350,404,6384170,5051370
2018,소아청소년과,Q83,24,25,367200,273800
2018,소아청소년과,Q84,26,33,720700,554700
2018,소아청소년과,Q85,171,286,4540970,3665970
2018,소아청소년과,Q87,41,184,2644310,2372610
2018,소아청소년과,Q89,36,43,643350,506650
2018,소아청소년과,Q90,128,824,11715910,10542310
2018,소아청소년과,Q91,1,9,117800,106600
2018,소아청소년과,Q93,21,151,1971990,1744890
2018,소아청소년과,Q95,1,1,14140,14140
2018,소아청소년과,Q96,3,3,207990,188790
2018,소아청소년과,Q98,5,38,558470,455370
2018,소아청소년과,Q99,12,33,507030,432030
2018,소아청소년과,R00,1084,1346,21787750,16092450
2018,소아청소년과,R01,2989,3550,67019470,53364270
2018,소아청소년과,R03,315,391,6220300,4547000
2018,소아청소년과,R04,5949,7016,123832190,94132090
2018,소아청소년과,R05,5238,12128,169688950,131420250
2018,소아청소년과,R06,4969,10631,164538980,127548580
2018,소아청소년과,R07,7384,9254,150910470,109994970
2018,소아청소년과,R09,4740,11603,161143300,124839000
2018,소아청소년과,R10,100360,137871,2482328760,1899344480
2018,소아청소년과,R11,172712,230800,3493704430,2628352430
2018,소아청소년과,R12,3423,5625,80475170,58526270
2018,소아청소년과,R13,66,83,1231790,930290
2018,소아청소년과,R14,925,1086,17104000,12615000
2018,소아청소년과,R15,39,48,747090,583390
2018,소아청소년과,R16,10,11,218850,164450
2018,소아청소년과,R17,448,553,11708150,9199450
2018,소아청소년과,R18,5,11,129250,112750
2018,소아청소년과,R19,1364,1727,26694220,20929220
2018,소아청소년과,R20,98,106,1584540,1195940
2018,소아청소년과,R21,21406,25969,387267040,301568240
2018,소아청소년과,R22,1066,1207,19497010,14860210
2018,소아청소년과,R23,2041,2703,44004670,33854470
2018,소아청소년과,R25,749,943,14646630,11110130
2018,소아청소년과,R26,650,693,10311980,8154780
2018,소아청소년과,R27,7,10,137740,115040
2018,소아청소년과,R29,933,1415,23007900,17413240
2018,소아청소년과,R30,610,833,14420400,11025200
2018,소아청소년과,R31,3170,3994,70689620,51468020
2018,소아청소년과,R32,798,1372,19329260,15108060
2018,소아청소년과,R33,43,56,854330,644530
2018,소아청소년과,R34,51,55,996460,787060
2018,소아청소년과,R35,2704,4248,62683410,47522310
2018,소아청소년과,R36,21,23,337780,263480
2018,소아청소년과,R39,1125,1380,26493400,20358890
2018,소아청소년과,R40,32,36,555440,439640
2018,소아청소년과,R41,246,522,7117700,5811500
2018,소아청소년과,R42,12451,15899,284814300,211149520
2018,소아청소년과,R43,54,73,1283200,957600
2018,소아청소년과,R44,39,44,994780,748780
2018,소아청소년과,R45,759,1010,15443310,12134810
2018,소아청소년과,R46,56,69,1232610,920510
2018,소아청소년과,R47,909,1106,16328200,12854600
2018,소아청소년과,R48,15,15,252210,183910
2018,소아청소년과,R49,762,929,16519980,12445680
2018,소아청소년과,R50,109295,190311,3214974250,2492644170
2018,소아청소년과,R51,33635,42582,637281040,463576960
2018,소아청소년과,R52,10817,18340,381128050,299250330
2018,소아청소년과,R53,1043,1945,24945500,18110210
2018,소아청소년과,R54,23,31,492300,437800
2018,소아청소년과,R55,607,651,12470950,8963850
2018,소아청소년과,R56,1637,2261,68149450,56698270
2018,소아청소년과,R57,19,66,837390,648890
2018,소아청소년과,R58,29,30,509720,389420
2018,소아청소년과,R59,968,1171,17765780,13353880
2018,소아청소년과,R60,1635,2972,50388760,37638760
2018,소아청소년과,R61,133,180,2592400,1907200
2018,소아청소년과,R62,3325,7040,147551850,113130650
2018,소아청소년과,R63,2552,3206,56343550,44008520
2018,소아청소년과,R64,27,37,491770,415470
2018,소아청소년과,R65,27,35,4590960,4014010
2018,소아청소년과,R68,109532,127244,2102375210,1494796410
2018,소아청소년과,R69,46,48,810280,613480
2018,소아청소년과,R70,1,1,15310,10810
2018,소아청소년과,R71,5,6,177750,127350
2018,소아청소년과,R72,51,75,2917360,2146160
2018,소아청소년과,R73,1307,1678,30696040,23561840
2018,소아청소년과,R74,55,77,1982230,1448230
2018,소아청소년과,R76,94,138,3165800,2278900
2018,소아청소년과,R77,1,1,15310,10810
2018,소아청소년과,R78,296,444,6272590,4969490
2018,소아청소년과,R79,24,30,945230,680130
2018,소아청소년과,R80,1192,1479,25935760,18601660
2018,소아청소년과,R81,264,535,7551810,5868710
2018,소아청소년과,R82,697,825,14268700,10781700
2018,소아청소년과,R83,1,1,15310,10810
2018,소아청소년과,R84,7,7,105880,81180
2018,소아청소년과,R86,1,10,146110,103110
2018,소아청소년과,R87,5,8,108190,78790
2018,소아청소년과,R89,15,16,300750,231750
2018,소아청소년과,R90,2,2,28970,22970
2018,소아청소년과,R91,7,8,111630,88630
2018,소아청소년과,R92,3,3,49730,35030
2018,소아청소년과,R93,10,11,149430,120230
2018,소아청소년과,R94,666,904,32507470,23906670
2018,소아청소년과,S00,27742,33866,585595170,454535450
2018,소아청소년과,S01,10658,15289,281631850,216668160
2018,소아청소년과,S02,159,170,3469510,2639310
2018,소아청소년과,S03,155,187,2772420,2067420
2018,소아청소년과,S04,6,6,93810,73610
2018,소아청소년과,S05,145,163,2601850,2024250
2018,소아청소년과,S06,1088,1198,19118360,15047160
2018,소아청소년과,S07,295,451,8506980,6514980
2018,소아청소년과,S08,17,47,702560,545460
2018,소아청소년과,S09,781,950,16928020,13115220
2018,소아청소년과,S10,433,474,8458980,6405180
2018,소아청소년과,S11,138,190,3567920,2694420
2018,소아청소년과,S13,1569,2794,40158020,30248420
2018,소아청소년과,S14,4,9,78940,57240
2018,소아청소년과,S15,8,9,140190,110590
2018,소아청소년과,S16,50,62,862140,624740
2018,소아청소년과,S17,1,1,13340,9340
2018,소아청소년과,S19,40,62,3053260,2517110
2018,소아청소년과,S20,476,641,11081380,8419180
2018,소아청소년과,S21,111,185,3534250,2715750
2018,소아청소년과,S22,49,83,1420910,1059110
2018,소아청소년과,S23,716,1078,16696810,12869210
2018,소아청소년과,S24,1,1,12760,11260
2018,소아청소년과,S27,10,11,213360,157960
2018,소아청소년과,S28,2,3,49730,35030
2018,소아청소년과,S29,9,15,243290,181090
2018,소아청소년과,S30,1097,1431,24934100,19040800
2018,소아청소년과,S31,470,741,13577540,10388740
2018,소아청소년과,S32,11,25,383730,305930
2018,소아청소년과,S33,3722,9221,130524150,102830650
2018,소아청소년과,S35,3,4,82060,57660
2018,소아청소년과,S36,7,14,215260,151460
2018,소아청소년과,S37,16,19,328030,257630
2018,소아청소년과,S38,3,3,65910,47710
2018,소아청소년과,S39,23,30,586560,445160
2018,소아청소년과,S40,553,709,12548150,9395250
2018,소아청소년과,S41,175,328,6406440,4745840
2018,소아청소년과,S42,93,120,2312180,1787980
2018,소아청소년과,S43,1818,3501,52982030,40567230
2018,소아청소년과,S45,7,9,175330,134430
2018,소아청소년과,S46,142,237,3613210,2714610
2018,소아청소년과,S47,3,3,59190,42990
2018,소아청소년과,S48,2,2,28710,22710
2018,소아청소년과,S49,12,14,215340,161340
2018,소아청소년과,S50,1885,2587,47562270,35720070
2018,소아청소년과,S51,1113,1848,36881160,27420660
2018,소아청소년과,S52,51,83,1996740,1506540
2018,소아청소년과,S53,1937,2393,104331090,82349560
2018,소아청소년과,S54,1,1,13040,9140
2018,소아청소년과,S55,5,7,143810,105810
2018,소아청소년과,S56,11,13,243460,185160
2018,소아청소년과,S57,27,68,1271040,932540
2018,소아청소년과,S59,21,37,662040,514440
2018,소아청소년과,S60,9105,12343,245371490,185297390
2018,소아청소년과,S61,9039,15271,303283770,226711470
2018,소아청소년과,S62,143,210,4638400,3459600
2018,소아청소년과,S63,1114,1524,28812700,21019300
2018,소아청소년과,S64,5,6,78340,64640
2018,소아청소년과,S65,225,321,6231440,4668140
2018,소아청소년과,S66,63,93,1795440,1323740
2018,소아청소년과,S67,210,351,6830380,5182380
2018,소아청소년과,S68,2,2,45350,31850
2018,소아청소년과,S69,266,417,8118530,6080230
2018,소아청소년과,S70,687,820,14969730,11203330
2018,소아청소년과,S71,182,284,5452030,4061230
2018,소아청소년과,S72,11,36,478630,411430
2018,소아청소년과,S73,290,381,5905330,4683830
2018,소아청소년과,S74,1,1,10950,9450
2018,소아청소년과,S75,3,3,42300,31400
2018,소아청소년과,S76,18,25,388430,290930
2018,소아청소년과,S77,2,2,36330,28530
2018,소아청소년과,S79,8,8,138710,109110
2018,소아청소년과,S80,5589,8510,160391710,119431100
2018,소아청소년과,S81,3265,6031,118496780,86567480
2018,소아청소년과,S82,30,64,1342810,982310
2018,소아청소년과,S83,1319,2460,37366460,27965260
2018,소아청소년과,S84,2,3,37330,32830
2018,소아청소년과,S85,19,25,444880,329580
2018,소아청소년과,S86,12,17,359270,270170
2018,소아청소년과,S87,91,162,3074790,2265990
2018,소아청소년과,S88,2,2,35020,26320
2018,소아청소년과,S89,107,200,3821710,2769610
2018,소아청소년과,S90,4952,6781,131693540,99414000
2018,소아청소년과,S91,3286,5365,104459330,78072930
2018,소아청소년과,S92,67,98,2184860,1649160
2018,소아청소년과,S93,1379,1905,33357440,24670760
2018,소아청소년과,S95,27,34,635260,469960
2018,소아청소년과,S96,46,67,1367960,1012460
2018,소아청소년과,S97,82,112,2151360,1600260
2018,소아청소년과,S99,147,441,8688070,6422970
2018,소아청소년과,T00,3560,4852,84231340,64402040
2018,소아청소년과,T01,1855,2742,50635170,38399470
2018,소아청소년과,T02,4,8,160700,125400
2018,소아청소년과,T03,184,257,3963560,3070560
2018,소아청소년과,T04,10,17,333900,241500
2018,소아청소년과,T06,1,3,54020,42720
2018,소아청소년과,T07,7,7,122760,97160
2018,소아청소년과,T08,1,1,16660,15060
2018,소아청소년과,T09,267,476,8725280,6556880
2018,소아청소년과,T10,10,10,176240,138140
2018,소아청소년과,T11,215,373,7624410,5705910
2018,소아청소년과,T12,7,9,255040,195940
2018,소아청소년과,T13,588,1056,19929570,14748170
2018,소아청소년과,T14,28197,38941,717118200,548239520
2018,소아청소년과,T15,167,182,4584720,3322320
2018,소아청소년과,T16,5840,6644,174262680,131667520
2018,소아청소년과,T17,4973,5315,133930650,102427150
2018,소아청소년과,T18,790,857,16720280,13108480
2018,소아청소년과,T19,3,3,76460,56060
2018,소아청소년과,T20,729,1195,35574890,26719090
2018,소아청소년과,T21,889,1773,53156170,39327270
2018,소아청소년과,T22,1374,3327,101867570,74137970
2018,소아청소년과,T23,8448,17241,587495080,442023780
2018,소아청소년과,T24,1499,3985,124033930,90924530
2018,소아청소년과,T25,1153,2809,92634700,68620100
2018,소아청소년과,T26,28,59,1278790,918790
2018,소아청소년과,T27,1,1,12660,8960
2018,소아청소년과,T28,22,26,411710,308410
2018,소아청소년과,T29,372,704,23640980,17816580
2018,소아청소년과,T30,4276,8000,270087100,203078590
2018,소아청소년과,T31,203,368,10679460,8065060
2018,소아청소년과,T33,127,167,2770350,2077150
2018,소아청소년과,T34,2,3,46680,34480
2018,소아청소년과,T35,27,34,492220,354920
2018,소아청소년과,T36,1,3,40190,31890
2018,소아청소년과,T37,4,4,70540,53240
2018,소아청소년과,T38,5,7,111490,84890
2018,소아청소년과,T39,1,1,13900,11000
2018,소아청소년과,T40,4,4,77750,54550
2018,소아청소년과,T42,1,1,20000,15800
2018,소아청소년과,T43,1,3,48260,38360
2018,소아청소년과,T44,1,1,16200,12800
2018,소아청소년과,T45,2,2,33670,26670
2018,소아청소년과,T46,2,2,27700,21900
2018,소아청소년과,T47,4,4,56200,46300
2018,소아청소년과,T48,5,8,112830,92330
2018,소아청소년과,T49,12,13,721570,630400
2018,소아청소년과,T50,23,24,414580,325980
2018,소아청소년과,T51,5,6,85230,64230
2018,소아청소년과,T52,3,3,43010,35710
2018,소아청소년과,T53,2,2,23000,18200
2018,소아청소년과,T54,3,3,47560,37660
2018,소아청소년과,T55,6,8,118700,98400
2018,소아청소년과,T56,1,1,44700,31300
2018,소아청소년과,T57,1,1,11500,9100
2018,소아청소년과,T58,1,1,10950,7750
2018,소아청소년과,T59,1,1,15310,10810
2018,소아청소년과,T60,2,2,40360,31960
2018,소아청소년과,T61,1,1,15320,10820
2018,소아청소년과,T62,5,5,77100,61000
2018,소아청소년과,T63,2009,2329,35267280,27108080
2018,소아청소년과,T65,49,53,845620,653920
2018,소아청소년과,T67,957,1466,24104610,17678590
2018,소아청소년과,T68,54,65,1000080,788480
2018,소아청소년과,T69,44,47,687760,497960
2018,소아청소년과,T70,13,15,234470,165270
2018,소아청소년과,T73,49,57,885650,648350
2018,소아청소년과,T74,4,5,70160,58060
2018,소아청소년과,T75,164,202,2894700,2147800
2018,소아청소년과,T78,5852,8888,204570390,158282020
2018,소아청소년과,T79,3611,5133,100017560,76531520
2018,소아청소년과,T80,8,9,151740,117240
2018,소아청소년과,T81,115,175,2660440,2068540
2018,소아청소년과,T82,4,5,69820,53920
2018,소아청소년과,T83,1,1,19110,13410
2018,소아청소년과,T85,2,2,18930,13430
2018,소아청소년과,T86,1,1,10950,9950
2018,소아청소년과,T87,1,2,26260,18560
2018,소아청소년과,T88,210,245,3788620,2938920
2018,소아청소년과,T90,9,10,148120,115820
2018,소아청소년과,T91,10,14,254170,202170
2018,소아청소년과,T92,8,8,165850,128050
2018,소아청소년과,T93,30,34,519750,392450
2018,소아청소년과,T94,1,1,11500,9100
2018,소아청소년과,T95,23,62,1529380,1159980
2018,소아청소년과,T98,5,5,113340,84040
2018,소아청소년과,U84,1,1,11500,9100
2018,소아청소년과,Z00,4895,5750,77531120,60808320
2018,소아청소년과,Z01,147,167,3330980,2483180
2018,소아청소년과,Z02,64,77,808170,620970
2018,소아청소년과,Z03,1494,1826,28022990,21605590
2018,소아청소년과,Z04,966,1157,17117500,13272600
2018,소아청소년과,Z08,1,2,75960,53260
2018,소아청소년과,Z09,7,9,144830,112230
2018,소아청소년과,Z10,318,326,2779160,2233560
2018,소아청소년과,Z11,6,8,134840,97640
2018,소아청소년과,Z13,119,124,4153850,3290850
2018,소아청소년과,Z20,139,160,4177600,3110300
2018,소아청소년과,Z22,3,3,92060,66160
2018,소아청소년과,Z23,182,192,4506480,3232480
2018,소아청소년과,Z24,60,77,1009920,786920
2018,소아청소년과,Z25,699,851,13471330,10403130
2018,소아청소년과,Z26,5746,8847,134755880,105459180
2018,소아청소년과,Z27,1438,3057,43124380,33552780
2018,소아청소년과,Z28,27,32,298280,219080
2018,소아청소년과,Z29,696,783,11554020,8918920
2018,소아청소년과,Z30,97,124,2063430,1452630
2018,소아청소년과,Z31,22,124,1727010,1223310
2018,소아청소년과,Z32,3,3,49580,34980
2018,소아청소년과,Z33,4,5,80280,56480
2018,소아청소년과,Z34,72,148,13893800,12346700
2018,소아청소년과,Z35,29,175,2355550,1654250
2018,소아청소년과,Z37,1,1,12300,9800
2018,소아청소년과,Z38,21,21,1453340,1149040
2018,소아청소년과,Z39,10,11,156870,114670
2018,소아청소년과,Z40,2,2,39120,30920
2018,소아청소년과,Z47,1,1,15310,10810
2018,소아청소년과,Z48,786,1145,22531560,17130760
2018,소아청소년과,Z50,8,10,145680,115280
2018,소아청소년과,Z51,10,12,122850,97650
2018,소아청소년과,Z52,1,3,43830,30730
2018,소아청소년과,Z53,1,1,17470,13870
2018,소아청소년과,Z54,1,1,16660,15060
2018,소아청소년과,Z55,4,4,54910,38710
2018,소아청소년과,Z56,12,15,219920,158220
2018,소아청소년과,Z57,1,1,18620,13120
2018,소아청소년과,Z62,4,4,74050,56950
2018,소아청소년과,Z65,1,1,10950,7750
2018,소아청소년과,Z70,47,61,1020330,731930
2018,소아청소년과,Z71,2722,3280,53850970,41335470
2018,소아청소년과,Z72,17,17,271950,214050
2018,소아청소년과,Z73,6,6,90430,68630
2018,소아청소년과,Z76,66,169,2991190,2363490
2018,소아청소년과,Z82,12,24,312820,245120
2018,소아청소년과,Z83,16,17,305630,231230
2018,소아청소년과,Z86,1,1,11500,9100
2018,소아청소년과,Z88,6,6,100330,75530
2018,소아청소년과,Z90,1,1,15310,10810
2018,소아청소년과,Z91,8,14,188230,150130
2018,소아청소년과,Z92,19,110,1340830,944730
2018,소아청소년과,Z93,3,10,555770,389570
2018,소아청소년과,Z94,10,40,681480,576580
2018,소아청소년과,Z95,11,66,979330,805230
2018,소아청소년과,Z96,1,2,21900,18900
2018,소아청소년과,Z98,65,151,2808050,2100950
2018,안과,A00,1,1,124890,87490
2018,안과,A04,14,24,301410,213110
2018,안과,A05,3,6,70060,49560
2018,안과,A06,1,1,13540,9540
2018,안과,A08,22,48,693750,491850
2018,안과,A09,127,171,3192850,2404050
2018,안과,A15,13,23,1606090,1512190
2018,안과,A16,5,8,491510,437310
2018,안과,A18,2,6,311820,218520
2018,안과,A20,2,2,57300,45600
2018,안과,A24,1,1,22560,15860
2018,안과,A26,1,5,121920,95020
2018,안과,A49,10,12,267770,201870
2018,안과,A50,1,1,17900,12600
2018,안과,A53,1,2,86270,60570
2018,안과,A59,1,1,10950,7750
2018,안과,A60,1,1,10950,7750
2018,안과,A69,6,11,98310,72910
2018,안과,A71,1,1,13540,12040
2018,안과,A74,25,52,1037660,761260
2018,안과,A87,1,1,18680,13080
2018,안과,B00,26297,51212,1081724100,796209190
2018,안과,B01,4,6,150040,105340
2018,안과,B02,3026,6623,136928820,101723920
2018,안과,B07,155,222,9226680,6528780
2018,안과,B08,149,173,6425350,4581850
2018,안과,B09,1,2,31440,22140
2018,안과,B17,4,4,110610,77610
2018,안과,B18,102,172,4596540,3319440
2018,안과,B19,1,1,22510,15810
2018,안과,B25,5,30,1066230,840530
2018,안과,B26,9,16,667230,467630
2018,안과,B30,332257,700482,12691260520,9311246670
2018,안과,B33,1,1,17900,12600
2018,안과,B35,519,1143,15170260,11444060
2018,안과,B36,31,48,450160,323160
2018,안과,B37,15,21,285610,205310
2018,안과,B39,2,2,36580,25680
2018,안과,B40,1,1,21700,15200
2018,안과,B41,2,2,36230,28830
2018,안과,B43,2,2,40380,28380
2018,안과,B48,4,6,96280,70980
2018,안과,B49,2,2,13540,9540
2018,안과,B58,15,32,2779630,1956130
2018,안과,B60,6,8,181590,127390
2018,안과,B83,10,16,823230,578630
2018,안과,B86,2,2,30620,21620
2018,안과,B88,3,4,317910,222610
2018,안과,B89,1,1,25690,17990
2018,안과,B97,1,1,17900,12600
2018,안과,B98,1,1,15310,10810
2018,안과,C04,1,3,90020,85620
2018,안과,C06,1,1,75660,60560
2018,안과,C08,2,5,108330,103130
2018,안과,C11,2,8,492730,468330
2018,안과,C15,1,1,22820,18320
2018,안과,C16,25,75,4313640,4013040
2018,안과,C17,2,3,277610,263810
2018,안과,C18,10,17,1085660,1032260
2018,안과,C19,1,1,15310,10810
2018,안과,C20,1,1,65420,62220
2018,안과,C22,11,35,1808890,1738790
2018,안과,C24,1,2,105070,99870
2018,안과,C25,3,3,154430,146830
2018,안과,C26,1,1,18680,13080
2018,안과,C31,2,3,214790,204190
2018,안과,C32,1,1,18460,12960
2018,안과,C34,9,23,1488390,1406890
2018,안과,C37,1,14,260930,248630
2018,안과,C38,1,1,22820,16020
2018,안과,C43,6,9,284440,256140
2018,안과,C44,48,90,5903420,4686120
2018,안과,C46,1,3,148960,141660
2018,안과,C49,12,18,691710,577110
2018,안과,C50,22,37,2068910,1963910
2018,안과,C53,2,6,293030,278630
2018,안과,C54,4,10,838200,796600
2018,안과,C56,2,3,175980,167380
2018,안과,C57,1,4,175520,166920
2018,안과,C58,1,1,18680,14980
2018,안과,C61,17,69,3908940,3716540
2018,안과,C64,8,28,1220250,1149650
2018,안과,C67,4,4,230780,219380
2018,안과,C69,90,273,12881330,10697830
2018,안과,C70,2,3,145580,135080
2018,안과,C71,7,27,1281910,1239810
2018,안과,C72,3,7,265210,230510
2018,안과,C73,52,160,9131510,8638810
2018,안과,C74,2,3,151150,143750
2018,안과,C75,4,7,532770,450970
2018,안과,C77,1,1,22970,16170
2018,안과,C79,2,33,1532720,1458120
2018,안과,C80,1,1,131020,91720
2018,안과,C81,2,76,1898560,1806860
2018,안과,C83,3,8,417960,397460
2018,안과,C84,1,4,133720,127320
2018,안과,C85,10,30,1600840,1511340
2018,안과,C88,6,19,529470,503870
2018,안과,C90,5,13,620930,589330
2018,안과,C91,4,4,523040,497040
2018,안과,C92,14,41,2485460,2345760
2018,안과,C95,3,29,712560,678260
2018,안과,C96,1,2,87460,61260
2018,안과,D00,8,19,928090,885290
2018,안과,D01,3,6,308050,292850
2018,안과,D02,2,7,368980,350880
2018,안과,D03,5,8,204440,143440
2018,안과,D04,13,18,1142880,820880
2018,안과,D05,16,59,3849730,3608430
2018,안과,D06,3,7,498300,473600
2018,안과,D09,6,45,1111460,1048060
2018,안과,D10,44,84,3500170,2489610
2018,안과,D11,6,9,178760,125560
2018,안과,D12,53,59,30503690,21494890
2018,안과,D13,2,2,397470,278270
2018,안과,D14,11,21,1312160,919360
2018,안과,D16,11,14,649040,468940
2018,안과,D17,87,122,9620950,6761450
2018,안과,D18,28,41,2154130,1554330
2018,안과,D21,1702,2673,200758320,142907500
2018,안과,D22,126,156,8701700,6131700
2018,안과,D23,5965,9382,709565560,506200680
2018,안과,D24,3,3,59460,41860
2018,안과,D27,1,1,18680,13080
2018,안과,D29,1,1,118860,112960
2018,안과,D31,9553,16678,1318919160,937488620
2018,안과,D32,22,64,7189290,6776990
2018,안과,D33,23,83,3560100,3266700
2018,안과,D34,12,34,1542500,1319300
2018,안과,D35,56,111,12760910,11073510
2018,안과,D36,4,9,490530,418330
2018,안과,D37,4,12,667400,661000
2018,안과,D38,2,3,32850,24950
2018,안과,D39,1,3,142130,135230
2018,안과,D42,1,6,99350,92750
2018,안과,D43,5,16,553340,522840
2018,안과,D44,9,10,1146720,1089820
2018,안과,D46,3,6,369830,351630
2018,안과,D47,4,8,290310,274310
2018,안과,D48,56,86,3663000,2672400
2018,안과,D50,48,76,3258040,2308740
2018,안과,D51,5,18,2419720,1694620
2018,안과,D53,3,9,118350,83350
2018,안과,D61,1,1,19810,17910
2018,안과,D64,3,4,104950,73750
2018,안과,D66,1,2,107710,97110
2018,안과,D68,11,13,918990,654790
2018,안과,D69,4,5,618180,475780
2018,안과,D72,1,1,23230,16330
2018,안과,D73,1,1,7660,5460
2018,안과,D86,16,53,3849210,3245010
2018,안과,E00,2,2,29470,20770
2018,안과,E01,1,2,54990,38590
2018,안과,E03,67,132,3636570,2592170
2018,안과,E04,11,20,814700,577500
2018,안과,E05,58,116,3912950,2794250
2018,안과,E06,67,115,5893210,4153810
2018,안과,E07,11,13,528560,370660
2018,안과,E10,1500,4295,314917350,232108310
2018,안과,E11,2649,6509,505220270,361934800
2018,안과,E12,6,6,626210,438710
2018,안과,E13,1394,3185,185674010,133618610
2018,안과,E14,1322,3157,348531030,250482720
2018,안과,E16,2,5,147470,103570
2018,안과,E20,2,2,51010,35810
2018,안과,E21,3,3,175130,122730
2018,안과,E22,5,13,1241530,1117930
2018,안과,E23,4,5,716870,554870
2018,안과,E24,2,3,76490,68990
2018,안과,E27,1,2,26250,18550
2018,안과,E28,2,2,10950,7750
2018,안과,E41,1,4,58710,52310
2018,안과,E50,8852,12917,287008880,211155880
2018,안과,E53,1,1,17070,15370
2018,안과,E55,10,11,478490,337390
2018,안과,E61,48,64,1247000,920900
2018,안과,E63,3,3,79620,55920
2018,안과,E64,1,3,61840,43440
2018,안과,E66,37,75,1126330,796130
2018,안과,E67,18,22,1966950,1377750
2018,안과,E70,8,10,436130,332030
2018,안과,E71,2,2,101200,77000
2018,안과,E75,1,12,414330,290830
2018,안과,E78,310,875,11416380,8290780
2018,안과,E79,1,2,0,0
2018,안과,E80,1,1,10950,7750
2018,안과,E83,2,6,320510,288810
2018,안과,E85,2,2,125490,109690
2018,안과,E86,1,1,17250,12150
2018,안과,E87,39,62,1478050,1079550
2018,안과,E88,3,3,72380,50880
2018,안과,E89,5,36,229780,163080
2018,안과,F00,19,72,460380,342280
2018,안과,F01,4,7,118570,96570
2018,안과,F03,15,40,610250,477250
2018,안과,F05,1,2,10940,7740
2018,안과,F06,172,488,12278070,9555970
2018,안과,F07,1,2,37360,26160
2018,안과,F10,1,1,5470,3870
2018,안과,F15,1,1,13540,9540
2018,안과,F17,2,3,26260,18560
2018,안과,F20,3,3,32210,22910
2018,안과,F31,1,3,0,0
2018,안과,F32,35,169,5747760,4176360
2018,안과,F33,8,20,147470,107670
2018,안과,F34,6,12,89990,67790
2018,안과,F40,9,25,403310,333610
2018,안과,F41,53,73,934990,709890
2018,안과,F43,4,10,362510,263610
2018,안과,F45,12,19,473410,339510
2018,안과,F48,27,59,1252520,1067220
2018,안과,F51,153,377,6364840,4786140
2018,안과,F52,16,19,488290,350790
2018,안과,F54,2,2,15310,10810
2018,안과,F84,2,2,40490,34090
2018,안과,F90,9,30,226330,161430
2018,안과,F92,3,5,76100,56900
2018,안과,F95,252,280,6131800,4653800
2018,안과,G00,1,1,17900,16200
2018,안과,G05,8,15,352680,250780
2018,안과,G20,41,146,7507560,6539210
2018,안과,G24,2356,3888,108040430,79335030
2018,안과,G25,28,44,887860,652460
2018,안과,G30,1,4,21880,15880
2018,안과,G31,1608,3959,112414140,87935240
2018,안과,G35,6,23,1171700,1055300
2018,안과,G36,8,12,901130,778930
2018,안과,G40,7,12,471760,341860
2018,안과,G43,977,1292,63187510,44484510
2018,안과,G44,167,203,10600580,7628080
2018,안과,G45,254,314,23533030,16989920
2018,안과,G46,2,3,38030,33530
2018,안과,G47,358,862,14603570,11054490
2018,안과,G50,149,209,5495730,3980530
2018,안과,G51,962,1728,44907530,34282030
2018,안과,G52,43,54,3078190,2181590
2018,안과,G53,18,151,8726230,6515530
2018,안과,G56,2,4,43800,34400
2018,안과,G58,1,4,43800,31000
2018,안과,G60,1,1,210090,189090
2018,안과,G61,1,2,47430,33330
2018,안과,G63,18,37,1182480,837880
2018,안과,G64,3,4,43800,37800
2018,안과,G70,58,109,4088140,3169440
2018,안과,G71,4,5,106440,74740
2018,안과,G72,1,1,15310,10810
2018,안과,G73,18,28,507660,380960
2018,안과,G81,4,4,83830,58930
2018,안과,G90,6,11,176000,142900
2018,안과,G93,1,1,54760,38360
2018,안과,G95,1,1,149010,134110
2018,안과,H00,1548578,2617788,61010764420,43628277400
2018,안과,H01,465060,802682,17601412190,13132248520
2018,안과,H02,246980,653131,29061918780,21248687350
2018,안과,H03,7656,13085,248618040,182788440
2018,안과,H04,2136555,3967150,1.00078E+11,74292060440
2018,안과,H05,7236,12461,320404840,231433900
2018,안과,H06,1076,1940,67826360,48499960
2018,안과,H10,3910538,6774466,1.40749E+11,1.04877E+11
2018,안과,H11,503285,741710,25495894480,18453364150
2018,안과,H13,7158,13470,256094100,189019700
2018,안과,H15,63183,104894,2294065060,1667523740
2018,안과,H16,1652650,3129025,70496208260,52335850340
2018,안과,H17,12623,25299,758575340,559811270
2018,안과,H18,29920,68955,1941526910,1413480150
2018,안과,H19,334135,649412,14784875060,11003115370
2018,안과,H20,70784,281818,6979691560,5144965400
2018,안과,H21,5153,11730,441411800,320938120
2018,안과,H22,420,1690,47860590,37822860
2018,안과,H25,905189,2881305,4.0045E+11,3.17591E+11
2018,안과,H26,235011,605401,1.09633E+11,82594259080
2018,안과,H27,14559,50673,2663531000,2059329330
2018,안과,H28,2476,6429,856292740,678495880
2018,안과,H30,7046,16439,1122806230,808461590
2018,안과,H31,10457,16990,1181949600,845475800
2018,안과,H32,352,751,48878240,35394240
2018,안과,H33,44966,95748,10639611660,7709279980
2018,안과,H34,32249,110875,7346286540,5316888860
2018,안과,H35,618411,1315233,93185893410,71966831350
2018,안과,H36,258733,717457,35447055420,26124742320
2018,안과,H40,690618,1973303,93230479450,68162774930
2018,안과,H42,1950,4833,146532710,109716260
2018,안과,H43,201363,311415,16630787750,12163995880
2018,안과,H44,10306,32022,1219130790,902815890
2018,안과,H45,188,593,37513690,28243760
2018,안과,H46,1182,2112,135233250,96650920
2018,안과,H47,19842,41980,2410931730,1722057630
2018,안과,H48,625,1093,80417850,58435350
2018,안과,H49,3641,5913,251784770,184546610
2018,안과,H50,61859,84833,3771503870,2793370680
2018,안과,H51,1751,2056,78371310,58352500
2018,안과,H52,2375848,3262867,1.26116E+11,89957374640
2018,안과,H53,44183,59919,2554546910,1845385040
2018,안과,H54,3595,6471,246029520,181719720
2018,안과,H55,484,682,25856770,18790370
2018,안과,H57,56479,85623,2328367950,1690212460
2018,안과,H58,81,134,5221440,3868310
2018,안과,H59,340,1152,46005670,33734370
2018,안과,H60,1603,2653,61299070,44093170
2018,안과,H61,327,410,29535310,20827210
2018,안과,H62,102,327,5764190,4190090
2018,안과,H65,229,508,14673000,10668500
2018,안과,H66,304,784,30810370,22222070
2018,안과,H67,1,2,25390,20090
2018,안과,H68,73,98,2274090,1612090
2018,안과,H69,57,59,1251100,883000
2018,안과,H70,3,3,91430,66430
2018,안과,H71,11,48,1479810,1050910
2018,안과,H72,38,87,7083920,5071860
2018,안과,H73,397,965,44553130,31526030
2018,안과,H74,10,25,1657460,1163260
2018,안과,H81,1157,3239,311851860,218997560
2018,안과,H83,7,10,458180,321080
2018,안과,H90,280,483,18972540,13753040
2018,안과,H91,416,684,41536490,29288990
2018,안과,H92,253,285,12325390,8716790
2018,안과,H93,966,2115,169849030,119937990
2018,안과,H95,25,78,2385950,1801650
2018,안과,I00,8,10,346480,296080
2018,안과,I05,2,3,33710,26610
2018,안과,I10,1457,3805,84644540,61510340
2018,안과,I11,6,22,84490,69290
2018,안과,I12,3,8,115250,81350
2018,안과,I13,3,6,0,0
2018,안과,I15,6,9,121660,100660
2018,안과,I20,23,45,608940,436440
2018,안과,I21,7,13,469490,336890
2018,안과,I24,1,2,148020,103620
2018,안과,I25,4,4,196680,140880
2018,안과,I35,1,1,13540,12040
2018,안과,I47,8,22,272680,195680
2018,안과,I48,9,19,320520,247520
2018,안과,I49,17,95,1237080,869880
2018,안과,I50,3,4,181490,130990
2018,안과,I51,3,11,794760,703460
2018,안과,I60,1,1,144620,101320
2018,안과,I61,2,7,21070,15170
2018,안과,I63,18,43,2252640,1833440
2018,안과,I64,1,3,32850,28350
2018,안과,I65,1,1,46170,32370
2018,안과,I66,1,1,5470,3970
2018,안과,I67,19,31,987670,813370
2018,안과,I68,3,3,57080,41880
2018,안과,I69,9,19,387930,310930
2018,안과,I70,9,19,507230,361930
2018,안과,I73,1698,4545,121955540,93851140
2018,안과,I74,3,34,191200,156600
2018,안과,I77,2,3,94770,69870
2018,안과,I78,47,114,3793610,2734210
2018,안과,I80,4,12,452820,320920
2018,안과,I82,1,3,0,0
2018,안과,I83,8,21,875260,613460
2018,안과,I86,7,43,522310,396610
2018,안과,I87,26,60,1884460,1345660
2018,안과,I89,249,510,9077640,6972440
2018,안과,I95,6,7,181190,130190
2018,안과,I98,1,1,26780,18780
2018,안과,I99,1,1,15310,10810
2018,안과,J00,844,1570,25276480,18281970
2018,안과,J01,811,1460,43436480,30845250
2018,안과,J02,1423,2144,36268110,25906880
2018,안과,J03,1042,1717,31820320,22881170
2018,안과,J04,6512,10913,206587690,147167480
2018,안과,J05,8,12,340020,244220
2018,안과,J06,625,1377,22534480,16545580
2018,안과,J09,278,419,9075440,6819890
2018,안과,J10,535,772,18344140,13273760
2018,안과,J11,43,46,737220,525220
2018,안과,J12,1,1,5500,4000
2018,안과,J15,7,13,197210,138910
2018,안과,J16,1,2,30620,21620
2018,안과,J18,10,20,276080,198580
2018,안과,J20,1194,2037,31013170,22565670
2018,안과,J21,249,510,10069550,7470550
2018,안과,J22,2,5,82580,58180
2018,안과,J30,30648,46127,925481130,676387100
2018,안과,J31,823,1147,24137740,17449140
2018,안과,J32,1814,4306,212846290,156513950
2018,안과,J33,27,67,5466000,4078460
2018,안과,J34,1771,3432,161039390,115508190
2018,안과,J35,223,510,48722650,41488560
2018,안과,J36,3812,8240,419309410,295971350
2018,안과,J37,4,5,69060,55160
2018,안과,J38,656,1180,36844580,26012660
2018,안과,J39,925,2629,125380440,88125740
2018,안과,J40,46,83,1597020,1146920
2018,안과,J41,25,43,1007840,733940
2018,안과,J42,285,432,7072230,5137830
2018,안과,J43,1,1,0,0
2018,안과,J44,7,30,527030,415730
2018,안과,J45,178,316,6011060,4452160
2018,안과,J46,1,2,21900,15500
2018,안과,J81,1,5,70580,60180
2018,안과,J84,1,1,15310,10810
2018,안과,J98,3,5,96350,80450
2018,안과,K01,1,1,5470,3870
2018,안과,K02,1,1,10950,7750
2018,안과,K04,2,2,45050,31650
2018,안과,K05,15,27,254790,194490
2018,안과,K07,36,51,654020,464020
2018,안과,K08,2,2,26270,18570
2018,안과,K09,2,8,434800,330010
2018,안과,K10,1,1,19050,13350
2018,안과,K11,119,209,7963480,5617080
2018,안과,K12,368,550,11200490,8140720
2018,안과,K13,12,20,776520,556120
2018,안과,K14,65,105,2859260,2076660
2018,안과,K20,1,1,15310,10810
2018,안과,K21,1527,2418,48584820,35396920
2018,안과,K22,1,1,37930,26630
2018,안과,K25,189,289,5330420,3901820
2018,안과,K26,24,59,1295090,986090
2018,안과,K27,104,187,4379670,3255370
2018,안과,K28,2,3,39600,29600
2018,안과,K29,14055,21343,544559960,393324660
2018,안과,K30,8976,13853,304667640,224731840
2018,안과,K31,85,98,12204210,8575710
2018,안과,K35,1,1,10950,7750
2018,안과,K40,3,3,44160,36660
2018,안과,K50,7,15,465860,409460
2018,안과,K51,11,21,1090670,997370
2018,안과,K52,316,431,7120710,5245710
2018,안과,K56,1,2,26740,23740
2018,안과,K57,1,1,0,0
2018,안과,K58,338,493,14137420,10118520
2018,안과,K59,1424,1670,32964050,23838950
2018,안과,K61,1,3,0,0
2018,안과,K63,48,48,11008310,7711010
2018,안과,K64,11,18,227880,184880
2018,안과,K70,5,20,137190,96590
2018,안과,K72,1,3,42960,38460
2018,안과,K73,2,2,42400,29700
2018,안과,K74,5,6,119180,86280
2018,안과,K75,13,26,961520,677120
2018,안과,K76,27,33,908330,650530
2018,안과,K77,1,4,48160,42160
2018,안과,K80,14,23,620080,439380
2018,안과,K81,5,5,745170,521970
2018,안과,K82,4,6,556790,391790
2018,안과,K90,1,1,66970,46970
2018,안과,K92,101,191,4922740,3498940
2018,안과,K93,1,1,18680,13080
2018,안과,L00,18,18,677390,489390
2018,안과,L01,417,648,12751330,9638430
2018,안과,L02,2828,4399,105504810,75211880
2018,안과,L03,6035,11638,248614140,183766540
2018,안과,L04,173,264,6201280,4367080
2018,안과,L08,232,386,5870350,4354850
2018,안과,L10,1,1,209750,188850
2018,안과,L13,28,56,1007140,732240
2018,안과,L14,1,1,186330,130530
2018,안과,L20,3504,5338,100266850,74253050
2018,안과,L21,173,321,4388350,3267250
2018,안과,L23,2082,3940,74086350,56485350
2018,안과,L24,20,75,1072950,793350
2018,안과,L25,28,63,1050600,755600
2018,안과,L27,2,3,41560,36660
2018,안과,L28,73,114,3333510,2360710
2018,안과,L29,5610,7950,146889680,109442280
2018,안과,L30,186,278,4186240,3077040
2018,안과,L40,41,69,803130,573730
2018,안과,L50,2303,3480,95222300,69298100
2018,안과,L51,14,188,3613840,2802240
2018,안과,L55,1,2,26260,23260
2018,안과,L57,26,47,3929560,2832660
2018,안과,L60,1,5,130290,101190
2018,안과,L63,15,38,819970,575670
2018,안과,L64,6,20,249260,175660
2018,안과,L65,9,27,184110,129610
2018,안과,L66,3,7,106400,74900
2018,안과,L67,1,1,10950,7750
2018,안과,L70,70,117,1577910,1126010
2018,안과,L71,856,1917,89238980,62921080
2018,안과,L72,113,161,10167070,7157270
2018,안과,L73,8,24,321080,239380
2018,안과,L74,1,1,29080,20380
2018,안과,L80,4,5,93710,65910
2018,안과,L81,13,14,192260,135260
2018,안과,L82,3,3,209410,146710
2018,안과,L83,14,22,2253340,1578640
2018,안과,L84,49,73,3036910,2137210
2018,안과,L85,6,14,330810,238110
2018,안과,L90,27,39,1007220,722720
2018,안과,L91,33,54,1560020,1095220
2018,안과,L92,28,70,3741330,2622930
2018,안과,L93,6,6,559390,435190
2018,안과,L95,9,18,998300,699800
2018,안과,L98,7,8,228060,161160
2018,안과,M00,2,4,30560,25860
2018,안과,M01,2,2,37010,26010
2018,안과,M03,1,1,31850,22350
2018,안과,M05,129,514,22211320,19967220
2018,안과,M06,27,63,2650110,2219810
2018,안과,M07,5,6,894020,671420
2018,안과,M08,12,51,5608460,5050560
2018,안과,M10,36,84,862640,612740
2018,안과,M12,4,7,31450,26250
2018,안과,M13,58,122,1998670,1519770
2018,안과,M15,18,33,651520,492920
2018,안과,M16,1,1,15310,10810
2018,안과,M17,107,172,3681140,2598840
2018,안과,M19,5,7,56880,41880
2018,안과,M22,1,1,24510,17210
2018,안과,M24,3,5,78380,55180
2018,안과,M25,62,142,2758360,2051060
2018,안과,M30,3,8,121380,100380
2018,안과,M31,2,9,305100,258000
2018,안과,M32,76,236,13944200,12502000
2018,안과,M33,2,3,150540,133540
2018,안과,M34,3,24,4692840,4432440
2018,안과,M35,1919,6699,269865650,235567970
2018,안과,M43,1,3,55530,39030
2018,안과,M45,231,954,36223080,32263080
2018,안과,M46,2,2,0,0
2018,안과,M47,1,1,17900,16200
2018,안과,M48,16,35,398550,307750
2018,안과,M50,5,20,83790,65590
2018,안과,M51,13,38,345290,259690
2018,안과,M53,4,7,1274360,892460
2018,안과,M54,202,405,23807140,16772940
2018,안과,M60,15,46,631150,481950
2018,안과,M62,16,30,464880,330380
2018,안과,M65,4,5,43260,30360
2018,안과,M67,1,2,10950,7750
2018,안과,M70,1,1,0,0
2018,안과,M72,14,62,415110,299410
2018,안과,M75,9,44,425690,298490
2018,안과,M76,3,5,15310,10810
2018,안과,M77,4,7,129250,103350
2018,안과,M79,330,524,10340310,7525210
2018,안과,M80,5,17,417430,305230
2018,안과,M81,41,105,2350160,1655960
2018,안과,M82,2,2,25680,18080
2018,안과,M85,7,8,125710,89410
2018,안과,M89,1,25,209390,190090
2018,안과,M94,5,20,998560,899560
2018,안과,M99,1,1,19110,13410
2018,안과,N02,1,4,0,0
2018,안과,N04,3,3,38580,27180
2018,안과,N10,11,15,206330,158530
2018,안과,N12,2,3,32220,22620
2018,안과,N17,1,2,38490,34790
2018,안과,N18,134,515,47620710,42320010
2018,안과,N19,6,8,645860,475760
2018,안과,N20,19,21,2551320,1788820
2018,안과,N21,2,5,15310,10810
2018,안과,N28,3,3,324100,227100
2018,안과,N30,34,77,1091380,876580
2018,안과,N31,8,16,147870,122670
2018,안과,N32,2,2,13340,11840
2018,안과,N34,4,6,75260,56960
2018,안과,N37,1,1,14320,10120
2018,안과,N39,31,50,886050,652450
2018,안과,N40,153,332,3417250,2686350
2018,안과,N41,7,13,43220,38520
2018,안과,N42,4,7,39460,33760
2018,안과,N45,1,2,32450,29050
2018,안과,N48,2,4,50550,41550
2018,안과,N49,1,1,12660,11160
2018,안과,N50,2,3,44580,31280
2018,안과,N60,2,2,78090,54790
2018,안과,N61,1,1,63850,44750
2018,안과,N64,11,12,283050,199150
2018,안과,N76,13,26,347560,252860
2018,안과,N77,4,18,269960,190260
2018,안과,N80,2,2,124980,87580
2018,안과,N91,2,3,21890,15490
2018,안과,N92,2,2,44910,31610
2018,안과,N94,9,14,177940,125440
2018,안과,N95,30,80,721800,529900
2018,안과,O21,1,1,3990,2890
2018,안과,O92,3,3,95040,66640
2018,안과,P07,2,2,53230,51230
2018,안과,P22,3,7,152280,137180
2018,안과,P38,2,7,122890,111090
2018,안과,P39,638,864,16121950,12667150
2018,안과,P78,2,2,57160,42560
2018,안과,Q07,2,2,60720,42620
2018,안과,Q10,3354,5979,610407510,552911040
2018,안과,Q11,583,936,25855120,18994760
2018,안과,Q12,287,365,20682340,15087250
2018,안과,Q13,95,162,6870120,5092960
2018,안과,Q14,121,185,14395680,10290680
2018,안과,Q15,99,253,11345870,8208370
2018,안과,Q17,21,36,647440,489640
2018,안과,Q18,491,964,51966390,37229310
2018,안과,Q28,2,3,81870,57370
2018,안과,Q38,1,1,10950,9450
2018,안과,Q44,1,7,204900,184600
2018,안과,Q63,1,1,19110,13410
2018,안과,Q67,1,1,18680,13080
2018,안과,Q68,7,7,208260,164860
2018,안과,Q75,5,7,270690,236090
2018,안과,Q81,1,1,17900,12600
2018,안과,Q82,17,20,639360,455460
2018,안과,Q85,54,104,5306070,4426570
2018,안과,Q87,31,66,6959450,6151850
2018,안과,Q89,1,1,15310,10810
2018,안과,Q90,17,40,1398830,1210630
2018,안과,Q91,1,1,18790,16990
2018,안과,Q93,1,1,14890,11790
2018,안과,Q96,2,3,148620,133920
2018,안과,Q98,1,1,21270,16870
2018,안과,R00,28,43,690540,509040
2018,안과,R03,8,44,332700,286400
2018,안과,R04,270,506,14636350,10492270
2018,안과,R05,95,163,2141490,1543990
2018,안과,R06,35,39,1988490,1399690
2018,안과,R07,42,51,1558120,1107820
2018,안과,R09,5,9,98900,69900
2018,안과,R10,138,168,6000740,4233240
2018,안과,R11,120,158,3015540,2240240
2018,안과,R12,3948,6071,128392800,93648120
2018,안과,R14,31,39,655210,461710
2018,안과,R16,1,1,110940,77740
2018,안과,R17,1,8,631270,442170
2018,안과,R19,3,3,45930,32430
2018,안과,R20,3,4,112830,86730
2018,안과,R21,1,1,0,0
2018,안과,R22,15,18,624620,449220
2018,안과,R23,3,5,52880,39080
2018,안과,R25,55,73,1846600,1341700
2018,안과,R26,1,2,127630,89430
2018,안과,R31,2,5,74970,52570
2018,안과,R33,1,1,10950,9450
2018,안과,R35,6,24,224970,163270
2018,안과,R39,1,1,19110,17210
2018,안과,R41,15,33,959990,818490
2018,안과,R42,291,388,14872550,10566150
2018,안과,R43,29,45,885970,644270
2018,안과,R45,2,2,156390,109590
2018,안과,R50,23,29,991030,733970
2018,안과,R51,458,592,16712090,11944690
2018,안과,R52,538,705,15317720,10981520
2018,안과,R53,35,44,1073930,778980
2018,안과,R55,1,1,29570,20770
2018,안과,R56,21,39,1441930,1018930
2018,안과,R57,2,2,24770,21270
2018,안과,R58,6,6,135670,95270
2018,안과,R60,105,187,3606690,2859090
2018,안과,R61,1,1,21270,14970
2018,안과,R62,2,2,45050,31650
2018,안과,R63,3,8,87600,63700
2018,안과,R64,2,3,45370,40470
2018,안과,R69,21,33,780250,552550
2018,안과,R71,1,1,98660,96660
2018,안과,R73,26,31,1058310,797510
2018,안과,R79,2,2,28700,20200
2018,안과,R81,695,889,44640750,32115850
2018,안과,R84,2,8,132330,93330
2018,안과,R94,7,8,259330,184730
2018,안과,S00,22018,27748,942470100,679094040
2018,안과,S01,2206,3858,155697860,112598760
2018,안과,S02,973,1389,51662370,36667070
2018,안과,S03,1,1,15310,10810
2018,안과,S04,304,460,23559170,17185370
2018,안과,S05,116926,200913,4957799400,3587538340
2018,안과,S06,1,1,20500,14400
2018,안과,S09,18,43,1066700,770200
2018,안과,S13,12,20,840700,589500
2018,안과,S16,2,3,38030,26830
2018,안과,S22,1,1,19110,13410
2018,안과,S23,3,7,81010,62410
2018,안과,S25,2,2,82270,57670
2018,안과,S28,1,2,44370,31170
2018,안과,S32,2,2,10950,9450
2018,안과,S33,109,133,2875210,2047910
2018,안과,S40,1,1,20500,16400
2018,안과,S42,1,1,19110,13410
2018,안과,S43,7,15,115790,81390
2018,안과,S44,1,12,7980,5680
2018,안과,S45,1,1,21700,15200
2018,안과,S50,4,8,234250,172350
2018,안과,S51,2,2,62910,44110
2018,안과,S52,1,2,43400,30400
2018,안과,S53,4,8,277190,205690
2018,안과,S56,1,3,88900,62400
2018,안과,S60,2,2,27090,19090
2018,안과,S61,14,29,716910,530310
2018,안과,S63,1,2,24290,17090
2018,안과,S65,2,3,65550,46050
2018,안과,S66,2,6,157770,110770
2018,안과,S76,1,1,0,0
2018,안과,S80,2,2,30060,21160
2018,안과,S81,5,10,214260,163260
2018,안과,S83,1,1,15310,10810
2018,안과,S91,1,1,24820,17420
2018,안과,S92,1,2,33320,23520
2018,안과,S93,4,4,58280,43580
2018,안과,S95,1,1,30510,21410
2018,안과,T00,1,2,27170,21370
2018,안과,T01,5,15,906810,666410
2018,안과,T11,1,1,20580,14480
2018,안과,T13,1,1,16660,11760
2018,안과,T14,156,221,7162430,5118430
2018,안과,T15,454570,661774,24101235110,17134760480
2018,안과,T16,259,322,12021400,8549000
2018,안과,T17,121,151,6605600,4685500
2018,안과,T18,18,19,617710,439010
2018,안과,T20,14,23,593240,424040
2018,안과,T21,2,4,63800,44800
2018,안과,T22,4,6,83930,59130
2018,안과,T23,11,13,267950,210150
2018,안과,T24,4,4,62590,47090
2018,안과,T26,6708,9706,218096860,157379460
2018,안과,T28,1,1,37290,26190
2018,안과,T29,2,2,52800,46500
2018,안과,T30,8,15,344680,265580
2018,안과,T37,1,1,168420,117920
2018,안과,T46,1,2,0,0
2018,안과,T47,1,1,0,0
2018,안과,T50,1,1,35320,24820
2018,안과,T52,1,1,30050,21050
2018,안과,T54,4,5,105690,74290
2018,안과,T55,2,4,91520,64320
2018,안과,T56,2,3,50090,39590
2018,안과,T63,2,2,36690,27490
2018,안과,T67,3,3,69460,48760
2018,안과,T70,1,1,0,0
2018,안과,T75,2,2,115040,80640
2018,안과,T78,160,243,5765830,4173230
2018,안과,T79,8,10,179510,134610
2018,안과,T81,34,76,3801230,3014770
2018,안과,T85,1771,5353,806276860,624540540
2018,안과,T86,10,48,2521130,2084520
2018,안과,T88,10,18,1522330,1108930
2018,안과,T90,10,11,292980,205780
2018,안과,T91,1,1,19050,13350
2018,안과,T93,1,1,10950,7750
2018,안과,T95,2,2,52670,36970
2018,안과,Z00,74,106,6835920,4871020
2018,안과,Z01,35524,47389,1572111810,1152235910
2018,안과,Z02,11,14,195870,143670
2018,안과,Z03,1730,1834,128080680,90039380
2018,안과,Z04,29,42,812740,611840
2018,안과,Z08,2,2,38400,29000
2018,안과,Z09,23,44,1201880,877380
2018,안과,Z10,2,4,57840,40940
2018,안과,Z13,5,6,194890,138490
2018,안과,Z20,1,1,70170,49170
2018,안과,Z24,1,1,18660,13160
2018,안과,Z25,3,3,19110,13410
2018,안과,Z26,3,3,135710,95110
2018,안과,Z29,1,2,80970,60170
2018,안과,Z31,2,2,37010,26010
2018,안과,Z34,1,1,16530,14930
2018,안과,Z37,2,2,35800,32400
2018,안과,Z43,1,1,30150,21150
2018,안과,Z44,4,11,1223240,898380
2018,안과,Z46,62,118,2079270,1462270
2018,안과,Z48,20,26,1316350,953950
2018,안과,Z49,4,7,424330,382130
2018,안과,Z51,1,1,15930,11230
2018,안과,Z52,1,1,243090,170190
2018,안과,Z54,570,3372,49094420,42841620
2018,안과,Z71,173,253,4582790,3887890
2018,안과,Z72,1,1,59480,41680
2018,안과,Z82,1,1,16200,12800
2018,안과,Z87,1,1,18680,13080
2018,안과,Z88,26,26,4461830,3296330
2018,안과,Z90,11,18,378490,289790
2018,안과,Z91,14,39,1916200,1429700
2018,안과,Z94,431,1644,49701810,37159700
2018,안과,Z95,2,7,299690,222190
2018,안과,Z96,184581,665448,19924248480,15023665800
2018,안과,Z97,400,802,19853610,15498610
2018,안과,Z98,57418,250423,6214761810,4795416060
2018,안과,Z99,4,4,306820,258820
2018,이비인후과,A01,1,1,10950,7750
2018,이비인후과,A02,4,6,4620000,4261960
2018,이비인후과,A04,5366,8552,148600920,110218390
2018,이비인후과,A05,144,232,4302580,3103480
2018,이비인후과,A06,1046,2242,33661790,25501990
2018,이비인후과,A07,1,1,13340,9340
2018,이비인후과,A08,5547,8278,140105050,105891610
2018,이비인후과,A09,48383,93970,1474403390,1115313330
2018,이비인후과,A15,5,9,237540,197840
2018,이비인후과,A16,14,36,1043830,846230
2018,이비인후과,A18,19,238,9754170,8271060
2018,이비인후과,A26,17,28,433340,318040
2018,이비인후과,A28,1,1,15310,10810
2018,이비인후과,A31,219,348,5235450,3968150
2018,이비인후과,A35,1,1,36170,25370
2018,이비인후과,A37,10,11,5748600,5018790
2018,이비인후과,A38,95,201,2954940,2236340
2018,이비인후과,A41,10,12,235910,175810
2018,이비인후과,A42,8,11,147800,104300
2018,이비인후과,A43,1,1,33070,23170
2018,이비인후과,A46,144,303,4775590,3537790
2018,이비인후과,A49,795,1196,45474170,32292820
2018,이비인후과,A51,1,1,16460,11560
2018,이비인후과,A53,1,1,10950,7750
2018,이비인후과,A54,4,4,80340,56440
2018,이비인후과,A56,42,60,1602280,1124180
2018,이비인후과,A58,1,2,24290,21290
2018,이비인후과,A59,26,37,1353550,949850
2018,이비인후과,A60,216,333,5492520,4013520
2018,이비인후과,A63,13,25,1694970,1187670
2018,이비인후과,A64,2,2,36220,25420
2018,이비인후과,A65,1,1,23540,16540
2018,이비인후과,A66,48,73,3406900,2394300
2018,이비인후과,A69,7001,11051,225489620,164359720
2018,이비인후과,A75,7,9,125160,88260
2018,이비인후과,A77,1,1,16420,11520
2018,이비인후과,A79,3,3,88880,62380
2018,이비인후과,A85,1,1,17010,16010
2018,이비인후과,A87,303,699,13537570,9951810
2018,이비인후과,A88,4,4,157690,111990
2018,이비인후과,A98,1,1,11500,9100
2018,이비인후과,B00,40861,64424,1084311750,803593050
2018,이비인후과,B01,1122,2194,30013430,21972730
2018,이비인후과,B02,10342,19232,312764570,232695680
2018,이비인후과,B05,1,1,20000,15800
2018,이비인후과,B06,5,6,133250,97150
2018,이비인후과,B07,854,1259,45806130,32613630
2018,이비인후과,B08,8112,14646,227023020,178560570
2018,이비인후과,B09,948,2147,30335510,23567410
2018,이비인후과,B15,4,5,120600,84600
2018,이비인후과,B16,7,7,308330,218030
2018,이비인후과,B17,160,411,18496380,13422550
2018,이비인후과,B18,112,321,13288430,9413230
2018,이비인후과,B19,24,40,1075430,756530
2018,이비인후과,B20,4,4,56100,39600
2018,이비인후과,B25,1,1,12740,11540
2018,이비인후과,B26,1376,2361,50349090,36406470
2018,이비인후과,B27,1071,1439,26668890,19441940
2018,이비인후과,B30,2064,2893,48440350,35833250
2018,이비인후과,B33,488,850,14493880,10602380
2018,이비인후과,B34,209,336,4794040,3669240
2018,이비인후과,B35,11893,23317,349257430,261020190
2018,이비인후과,B36,1457,3358,53871980,41237880
2018,이비인후과,B37,8353,18534,321700880,252404780
2018,이비인후과,B43,6,7,145300,106400
2018,이비인후과,B44,5,6,142260,104760
2018,이비인후과,B46,15,30,671010,484010
2018,이비인후과,B47,17,49,2624470,1961200
2018,이비인후과,B48,65,98,1623950,1208450
2018,이비인후과,B49,157,338,7224390,5495900
2018,이비인후과,B54,6,6,42670,30170
2018,이비인후과,B58,2,2,93110,65210
2018,이비인후과,B66,7,9,126050,91650
2018,이비인후과,B67,3,3,51810,36510
2018,이비인후과,B73,1,1,10950,7750
2018,이비인후과,B80,3,3,38150,29350
2018,이비인후과,B83,4,6,92450,72850
2018,이비인후과,B85,58,63,924250,678950
2018,이비인후과,B86,68,101,1336890,1048890
2018,이비인후과,B88,58,91,3065100,2164200
2018,이비인후과,B89,3,3,56720,39920
2018,이비인후과,B96,1,1,12740,8940
2018,이비인후과,B97,43,55,2773240,1977740
2018,이비인후과,B98,9,14,227180,159780
2018,이비인후과,C00,5,8,681400,599330
2018,이비인후과,C01,23,56,3002430,2772170
2018,이비인후과,C02,133,637,33223410,31104230
2018,이비인후과,C03,11,48,1598210,1460410
2018,이비인후과,C04,10,27,1366330,1282530
2018,이비인후과,C05,17,28,1221820,1070420
2018,이비인후과,C06,35,109,4688540,4359770
2018,이비인후과,C07,65,176,15542500,13236390
2018,이비인후과,C08,139,236,26263430,20291360
2018,이비인후과,C09,126,571,19397500,18107980
2018,이비인후과,C10,21,79,3339050,3102550
2018,이비인후과,C11,157,839,28335090,25864900
2018,이비인후과,C12,8,15,1065890,994890
2018,이비인후과,C13,42,203,7763270,7069270
2018,이비인후과,C14,14,68,1245250,1163550
2018,이비인후과,C15,38,162,4802270,4550670
2018,이비인후과,C16,157,509,18746070,17367650
2018,이비인후과,C17,3,7,334750,291450
2018,이비인후과,C18,80,255,8260620,7638620
2018,이비인후과,C19,9,65,1664430,1584430
2018,이비인후과,C20,20,78,1868250,1768950
2018,이비인후과,C21,2,4,68780,65580
2018,이비인후과,C22,74,213,5691990,5329690
2018,이비인후과,C23,8,28,721990,663890
2018,이비인후과,C24,10,40,823340,783340
2018,이비인후과,C25,29,167,3584980,3398880
2018,이비인후과,C30,63,516,11161620,10397920
2018,이비인후과,C31,57,471,13074530,12335600
2018,이비인후과,C32,394,1344,92703710,85804170
2018,이비인후과,C33,2,6,101970,88970
2018,이비인후과,C34,233,921,24360520,22884020
2018,이비인후과,C37,6,12,233070,222070
2018,이비인후과,C38,5,10,477580,454280
2018,이비인후과,C39,1,3,37210,35510
2018,이비인후과,C40,1,2,174590,165990
2018,이비인후과,C41,8,30,892890,789290
2018,이비인후과,C43,13,31,953260,892360
2018,이비인후과,C44,34,128,4021560,3770060
2018,이비인후과,C47,1,5,102460,97760
2018,이비인후과,C48,2,3,115380,102280
2018,이비인후과,C49,6,47,1143830,1087730
2018,이비인후과,C50,168,654,17156370,15949270
2018,이비인후과,C52,1,1,44620,42420
2018,이비인후과,C53,11,30,677420,637020
2018,이비인후과,C54,16,41,1392230,1295930
2018,이비인후과,C56,21,109,2823590,2651790
2018,이비인후과,C57,2,6,132510,126010
2018,이비인후과,C58,1,1,81830,57330
2018,이비인후과,C61,84,315,9476640,8907140
2018,이비인후과,C62,4,6,454750,406150
2018,이비인후과,C63,1,1,70780,67280
2018,이비인후과,C64,21,101,3037980,2736680
2018,이비인후과,C65,1,2,134250,127650
2018,이비인후과,C66,1,1,110630,105130
2018,이비인후과,C67,18,45,1263430,1178630
2018,이비인후과,C69,5,6,159410,146410
2018,이비인후과,C70,2,11,179610,148210
2018,이비인후과,C71,13,83,3335490,3165390
2018,이비인후과,C72,14,33,1495820,1354620
2018,이비인후과,C73,1939,4528,784679430,698581610
2018,이비인후과,C75,6,13,421180,353080
2018,이비인후과,C76,107,133,15710860,11144160
2018,이비인후과,C77,150,410,28631030,22526070
2018,이비인후과,C78,18,48,1552450,1464350
2018,이비인후과,C79,28,32,2874300,2081600
2018,이비인후과,C80,17,41,1657500,1460900
2018,이비인후과,C81,8,13,495900,461300
2018,이비인후과,C82,5,7,608930,575030
2018,이비인후과,C83,22,104,2197960,2017260
2018,이비인후과,C84,13,84,1806010,1651310
2018,이비인후과,C85,142,327,19132170,15261770
2018,이비인후과,C86,11,56,1072350,993450
2018,이비인후과,C88,3,10,427210,397110
2018,이비인후과,C90,9,50,1396800,1319700
2018,이비인후과,C91,9,51,1155420,1072720
2018,이비인후과,C92,21,44,1525320,1408320
2018,이비인후과,C93,2,25,363580,346780
2018,이비인후과,C94,2,11,169290,161390
2018,이비인후과,C95,5,15,291970,278270
2018,이비인후과,C96,7,17,311450,269450
2018,이비인후과,D00,34,70,4285990,3583800
2018,이비인후과,D01,11,30,908290,843590
2018,이비인후과,D02,21,63,8393320,7983080
2018,이비인후과,D03,3,3,54070,43270
2018,이비인후과,D04,10,15,490180,435880
2018,이비인후과,D05,18,39,1484160,1328360
2018,이비인후과,D06,27,119,4316780,3983180
2018,이비인후과,D07,3,10,412410,300610
2018,이비인후과,D09,9,19,700160,622160
2018,이비인후과,D10,15826,26695,1283989340,918029880
2018,이비인후과,D11,1341,2405,224374950,174780600
2018,이비인후과,D12,9,13,1395300,1066960
2018,이비인후과,D13,6,10,757940,547140
2018,이비인후과,D14,2542,4427,263055700,195107870
2018,이비인후과,D16,45,70,4302460,3240460
2018,이비인후과,D17,807,1400,61694770,44508440
2018,이비인후과,D18,208,320,10495940,7656510
2018,이비인후과,D19,3,3,240320,168420
2018,이비인후과,D21,1335,2307,107397870,77728060
2018,이비인후과,D22,26,45,1011840,727240
2018,이비인후과,D23,3209,6010,289607380,208393870
2018,이비인후과,D24,7,15,233560,164660
2018,이비인후과,D25,56,67,3037090,2135790
2018,이비인후과,D27,20,22,451090,321290
2018,이비인후과,D28,7,12,1281490,900690
2018,이비인후과,D29,4,6,69310,55810
2018,이비인후과,D30,3,4,56700,44100
2018,이비인후과,D31,3,4,170840,124040
2018,이비인후과,D32,35,146,3343750,3124450
2018,이비인후과,D33,59,128,5332650,4788650
2018,이비인후과,D34,2101,2911,140112440,100202150
2018,이비인후과,D35,22,63,1961070,1663570
2018,이비인후과,D36,391,570,18945200,13683250
2018,이비인후과,D37,512,817,47177100,34187730
2018,이비인후과,D38,78,123,9361610,7068470
2018,이비인후과,D39,4,26,792350,748450
2018,이비인후과,D41,1,1,19110,15310
2018,이비인후과,D42,2,3,83740,58840
2018,이비인후과,D43,13,72,1278290,1122490
2018,이비인후과,D44,339,484,39617880,28759810
2018,이비인후과,D45,4,4,85460,78060
2018,이비인후과,D46,10,20,835100,736700
2018,이비인후과,D47,67,86,6380680,4665380
2018,이비인후과,D48,36,53,1592020,1225620
2018,이비인후과,D50,1234,2200,62471510,44872310
2018,이비인후과,D51,5,19,377320,288220
2018,이비인후과,D52,16,33,1152990,825890
2018,이비인후과,D53,14,16,239570,173970
2018,이비인후과,D59,1,1,15310,10810
2018,이비인후과,D61,1,1,24720,17320
2018,이비인후과,D62,3,21,348250,274650
2018,이비인후과,D64,399,572,26088460,18530660
2018,이비인후과,D66,2,83,1154450,1064850
2018,이비인후과,D68,7,12,220050,156950
2018,이비인후과,D69,107,194,3861570,2910470
2018,이비인후과,D70,7,72,891090,805390
2018,이비인후과,D71,1,9,399660,360060
2018,이비인후과,D72,4,7,107770,75770
2018,이비인후과,D75,2,2,21900,15500
2018,이비인후과,D76,2,3,55960,42560
2018,이비인후과,D77,1,1,10950,7750
2018,이비인후과,D80,2,3,53940,48640
2018,이비인후과,D81,1,1,183410,182410
2018,이비인후과,D82,2,2,42630,38430
2018,이비인후과,D86,1,1,17100,15400
2018,이비인후과,E00,14,24,434440,305540
2018,이비인후과,E01,6,7,365430,258430
2018,이비인후과,E02,7,12,290770,204170
2018,이비인후과,E03,2721,7404,193045780,138965880
2018,이비인후과,E04,3974,5826,438337780,321923960
2018,이비인후과,E05,704,1794,73558840,52063000
2018,이비인후과,E06,1568,2676,89983810,63676710
2018,이비인후과,E07,1753,2661,120597840,85518520
2018,이비인후과,E10,143,539,6343220,5080460
2018,이비인후과,E11,1611,7368,136655640,104440550
2018,이비인후과,E12,3,9,110060,87060
2018,이비인후과,E13,170,453,7411430,5744430
2018,이비인후과,E14,644,2157,38981270,29457770
2018,이비인후과,E15,1,3,97600,68400
2018,이비인후과,E16,8,39,872310,659810
2018,이비인후과,E20,5,55,693740,490240
2018,이비인후과,E21,10,12,444510,318110
2018,이비인후과,E22,6,10,146590,103090
2018,이비인후과,E23,6,21,285330,214530
2018,이비인후과,E24,2,2,100430,70430
2018,이비인후과,E25,2,2,39880,32180
2018,이비인후과,E27,2,5,67080,61080
2018,이비인후과,E28,38,83,1114370,787270
2018,이비인후과,E29,2,7,93950,66150
2018,이비인후과,E30,291,1553,144038580,100951080
2018,이비인후과,E32,1,1,17100,12000
2018,이비인후과,E34,41,57,1320820,945920
2018,이비인후과,E35,10,43,748210,527010
2018,이비인후과,E41,155,259,7394560,5247260
2018,이비인후과,E42,1,1,10960,9460
2018,이비인후과,E43,2,3,54950,38650
2018,이비인후과,E44,14,18,312300,254900
2018,이비인후과,E46,7,21,377770,295170
2018,이비인후과,E50,678,1117,15946760,12025560
2018,이비인후과,E51,22,49,723470,620570
2018,이비인후과,E53,118,248,4277350,3404050
2018,이비인후과,E55,1336,2117,43215510,31534730
2018,이비인후과,E56,733,1173,33444750,23794700
2018,이비인후과,E58,24,57,730350,568550
2018,이비인후과,E60,1,2,27030,19030
2018,이비인후과,E61,26,30,467170,335670
2018,이비인후과,E63,62,71,1261060,921160
2018,이비인후과,E64,3,6,78850,59750
2018,이비인후과,E66,277,466,7427180,5253980
2018,이비인후과,E67,1,1,70440,49340
2018,이비인후과,E70,2,6,96450,83950
2018,이비인후과,E71,1,21,256720,225220
2018,이비인후과,E72,1,7,87200,79000
2018,이비인후과,E73,37,101,1372760,1088760
2018,이비인후과,E74,4,9,120790,88490
2018,이비인후과,E75,13,15,437290,309790
2018,이비인후과,E76,7,43,983460,859360
2018,이비인후과,E77,4,10,235220,196320
2018,이비인후과,E78,3425,10340,204183350,150450420
2018,이비인후과,E79,7,9,143040,101040
2018,이비인후과,E80,4,5,116390,81790
2018,이비인후과,E83,39,55,1018320,754720
2018,이비인후과,E84,1,1,15310,10810
2018,이비인후과,E86,2779,4326,96083120,68910120
2018,이비인후과,E87,36,55,2067420,1473420
2018,이비인후과,E88,23,68,3785520,2685720
2018,이비인후과,E89,105,253,5966730,4487890
2018,이비인후과,E90,1,1,15310,10810
2018,이비인후과,F00,86,358,3021400,2483600
2018,이비인후과,F01,54,144,2227560,1893060
2018,이비인후과,F02,4,8,128210,104310
2018,이비인후과,F03,48,136,2020940,1708440
2018,이비인후과,F04,2,2,48240,35640
2018,이비인후과,F05,6,16,214950,184650
2018,이비인후과,F06,1435,3348,46844290,38450090
2018,이비인후과,F07,16,29,525590,395590
2018,이비인후과,F09,2,2,26260,21560
2018,이비인후과,F10,5,8,117820,83020
2018,이비인후과,F12,1,1,20000,15800
2018,이비인후과,F13,4,6,126920,92620
2018,이비인후과,F17,30,36,588630,425230
2018,이비인후과,F20,23,112,549850,429450
2018,이비인후과,F22,1,1,15370,13870
2018,이비인후과,F30,2,2,28230,22930
2018,이비인후과,F31,19,30,598260,449860
2018,이비인후과,F32,643,1355,22676110,17364800
2018,이비인후과,F33,87,308,4547140,3595740
2018,이비인후과,F34,55,95,1531820,1148020
2018,이비인후과,F38,391,972,15063700,11981200
2018,이비인후과,F39,135,256,4946160,3656760
2018,이비인후과,F40,97,247,3291880,2477980
2018,이비인후과,F41,2952,6007,97766480,74620110
2018,이비인후과,F42,14,16,216550,154450
2018,이비인후과,F43,324,608,12570690,9332170
2018,이비인후과,F44,45,49,2076870,1465570
2018,이비인후과,F45,3158,5682,93523500,69300200
2018,이비인후과,F48,849,1630,27552740,20762940
2018,이비인후과,F50,15,18,282230,205330
2018,이비인후과,F51,3108,7683,106937680,81538950
2018,이비인후과,F52,54,86,699950,552350
2018,이비인후과,F54,31,53,1416680,1040780
2018,이비인후과,F59,6,6,91860,64860
2018,이비인후과,F60,2,2,36210,28810
2018,이비인후과,F63,2,2,77710,54510
2018,이비인후과,F66,1,1,26730,18730
2018,이비인후과,F79,1,5,81770,57470
2018,이비인후과,F80,129,141,2946950,2288850
2018,이비인후과,F81,4,4,85750,60350
2018,이비인후과,F84,12,32,482450,405950
2018,이비인후과,F89,2,2,28420,21620
2018,이비인후과,F90,31,70,898080,653880
2018,이비인후과,F91,1,2,26580,21180
2018,이비인후과,F92,11,40,493380,410580
2018,이비인후과,F95,55,69,1051850,795950
2018,이비인후과,F98,8,11,148390,107590
2018,이비인후과,G00,11,12,193620,137820
2018,이비인후과,G01,1,1,21740,15240
2018,이비인후과,G03,53,65,1026790,735290
2018,이비인후과,G04,2,2,32510,22910
2018,이비인후과,G05,25,42,642260,457060
2018,이비인후과,G06,1,7,0,0
2018,이비인후과,G11,2,9,119930,98430
2018,이비인후과,G12,12,84,1233340,965640
2018,이비인후과,G20,47,148,2671640,2322040
2018,이비인후과,G21,8,19,385270,330070
2018,이비인후과,G22,6,71,1003900,840900
2018,이비인후과,G23,5,5,116090,91290
2018,이비인후과,G24,476,806,11481020,8455920
2018,이비인후과,G25,191,354,32895790,25378660
2018,이비인후과,G30,33,65,837450,693850
2018,이비인후과,G31,5948,14150,204781700,165509100
2018,이비인후과,G32,1,1,10950,9450
2018,이비인후과,G35,4,7,148880,134380
2018,이비인후과,G37,2,2,34200,27400
2018,이비인후과,G40,332,766,12788160,9954660
2018,이비인후과,G41,14,40,531400,411900
2018,이비인후과,G43,13284,22017,420629230,307522590
2018,이비인후과,G44,3601,5481,155699990,112290390
2018,이비인후과,G45,112,178,3569290,2721190
2018,이비인후과,G46,39,91,1881940,1456140
2018,이비인후과,G47,20241,45690,5292390380,4171480450
2018,이비인후과,G50,11853,16157,265153960,199065360
2018,이비인후과,G51,2625,5711,115875880,85497760
2018,이비인후과,G52,1581,3361,61107660,45044860
2018,이비인후과,G53,659,1263,20429320,15802780
2018,이비인후과,G54,20,48,636670,487570
2018,이비인후과,G55,3,4,58850,46850
2018,이비인후과,G56,25,37,748030,552630
2018,이비인후과,G57,12,21,387530,289330
2018,이비인후과,G58,128,232,9204680,6545180
2018,이비인후과,G59,16,27,456810,348710
2018,이비인후과,G60,3,3,53190,39290
2018,이비인후과,G61,4,14,187320,137020
2018,이비인후과,G62,25,60,1009400,765200
2018,이비인후과,G63,26,60,1434390,1062290
2018,이비인후과,G64,119,203,3279100,2562200
2018,이비인후과,G70,3,3,45930,38430
2018,이비인후과,G71,8,15,317470,268170
2018,이비인후과,G72,1,3,27280,19280
2018,이비인후과,G73,5,6,194600,141900
2018,이비인후과,G80,3,8,114710,92110
2018,이비인후과,G81,6,7,186790,146190
2018,이비인후과,G82,1,1,10950,7750
2018,이비인후과,G83,3,3,45930,32430
2018,이비인후과,G90,441,849,21502410,15885310
2018,이비인후과,G91,7,10,220310,159510
2018,이비인후과,G93,27,38,1993590,1408490
2018,이비인후과,G96,14,15,362690,262990
2018,이비인후과,G98,6,13,379430,284230
2018,이비인후과,G99,1,1,15310,10810
2018,이비인후과,H00,9099,12799,231871820,167116620
2018,이비인후과,H01,8408,12237,204999890,152742790
2018,이비인후과,H02,684,1272,35286270,25887170
2018,이비인후과,H03,20,21,394400,292300
2018,이비인후과,H04,11331,20677,392683210,297934350
2018,이비인후과,H05,327,610,17403100,12375040
2018,이비인후과,H06,28,36,521070,372270
2018,이비인후과,H10,104234,151772,2574894790,1902487680
2018,이비인후과,H11,3716,11358,164919970,124686270
2018,이비인후과,H13,229,282,4949500,3679300
2018,이비인후과,H15,19,30,466230,333330
2018,이비인후과,H16,9318,16124,278103430,207541130
2018,이비인후과,H17,9,14,289060,218660
2018,이비인후과,H18,1066,1693,32833450,23993350
2018,이비인후과,H19,1150,1813,28503170,21724870
2018,이비인후과,H20,82,118,2369630,1720230
2018,이비인후과,H21,6,12,258600,189200
2018,이비인후과,H22,4,4,70780,49780
2018,이비인후과,H25,1019,2333,37468380,31923680
2018,이비인후과,H26,110,204,3077400,2506400
2018,이비인후과,H28,2,4,72440,65440
2018,이비인후과,H30,23,29,633630,468630
2018,이비인후과,H31,18,20,371500,278100
2018,이비인후과,H32,13,27,448940,338940
2018,이비인후과,H33,9,13,278800,211500
2018,이비인후과,H34,95,163,2513640,1961840
2018,이비인후과,H35,120,201,5287390,3904390
2018,이비인후과,H36,233,557,8912170,7196770
2018,이비인후과,H40,354,882,14682750,11967650
2018,이비인후과,H42,9,91,978890,839790
2018,이비인후과,H43,43,45,1145570,827470
2018,이비인후과,H44,12,15,186370,152870
2018,이비인후과,H47,1,1,81840,57340
2018,이비인후과,H49,2,2,76280,53580
2018,이비인후과,H50,38,44,983040,743240
2018,이비인후과,H51,9,11,438160,315360
2018,이비인후과,H52,363,414,12745190,9107490
2018,이비인후과,H53,264,286,15337000,11027700
2018,이비인후과,H54,15,17,449880,327080
2018,이비인후과,H55,3,5,73680,54980
2018,이비인후과,H57,19,33,544950,404850
2018,이비인후과,H58,2,10,117650,83050
2018,이비인후과,H59,3,3,38160,30660
2018,이비인후과,H60,1309186,3010097,48112644270,36141095740
2018,이비인후과,H61,480149,729368,21237030820,15360887070
2018,이비인후과,H62,33866,102881,1627368620,1224009100
2018,이비인후과,H65,488066,1440105,30743574370,22699155020
2018,이비인후과,H66,505857,1677448,31744420170,23947020740
2018,이비인후과,H67,8007,17936,332549050,247333650
2018,이비인후과,H68,176731,330350,7055479540,5122763720
2018,이비인후과,H69,40468,59974,1609646380,1150812780
2018,이비인후과,H70,971,2300,42607790,31749890
2018,이비인후과,H71,4567,18727,963972080,740994090
2018,이비인후과,H72,13540,41336,1765031040,1274551450
2018,이비인후과,H73,58121,177883,3775027550,2763068300
2018,이비인후과,H74,4571,11377,443722050,329207370
2018,이비인후과,H75,4,24,330090,262390
2018,이비인후과,H80,59,127,9367970,7095770
2018,이비인후과,H81,399016,901113,42443875630,30374477100
2018,이비인후과,H82,767,1425,30903980,23014280
2018,이비인후과,H83,10810,19897,611524450,440545320
2018,이비인후과,H90,296524,476271,20369285370,14611757310
2018,이비인후과,H91,171156,327189,15211157010,10838143260
2018,이비인후과,H92,43417,56483,942942720,700592000
2018,이비인후과,H93,228365,484793,14060385090,10245681410
2018,이비인후과,H94,4,9,209430,147330
2018,이비인후과,H95,1622,6783,132443830,97935830
2018,이비인후과,I00,28,52,1281460,948860
2018,이비인후과,I01,4,4,56880,43180
2018,이비인후과,I02,1,1,10950,7750
2018,이비인후과,I05,3,14,163850,138650
2018,이비인후과,I06,1,3,39550,27850
2018,이비인후과,I08,2,46,538680,466680
2018,이비인후과,I10,16734,71483,1022593560,787872170
2018,이비인후과,I11,294,1130,14683160,11838760
2018,이비인후과,I12,11,49,607290,430790
2018,이비인후과,I13,27,92,1302830,1023430
2018,이비인후과,I15,342,1397,18275130,14110030
2018,이비인후과,I20,327,865,9459790,7374290
2018,이비인후과,I21,14,69,489910,401610
2018,이비인후과,I23,1,11,139560,123060
2018,이비인후과,I24,18,31,445170,359270
2018,이비인후과,I25,26,54,696270,568270
2018,이비인후과,I26,1,3,47760,33560
2018,이비인후과,I30,1,1,15310,10810
2018,이비인후과,I31,3,3,39600,27900
2018,이비인후과,I33,2,4,52520,37120
2018,이비인후과,I35,1,1,15310,13810
2018,이비인후과,I37,2,2,31510,23610
2018,이비인후과,I39,1,1,15310,13810
2018,이비인후과,I41,1,2,30060,21160
2018,이비인후과,I42,7,80,870930,744230
2018,이비인후과,I44,1,1,17060,11960
2018,이비인후과,I45,1,1,19110,13410
2018,이비인후과,I47,43,52,830310,594710
2018,이비인후과,I48,25,62,802910,586810
2018,이비인후과,I49,149,231,3840310,2880610
2018,이비인후과,I50,26,88,1337060,1062060
2018,이비인후과,I51,7,8,118180,91280
2018,이비인후과,I52,1,1,15310,10810
2018,이비인후과,I60,5,5,153930,108030
2018,이비인후과,I61,3,3,37210,31010
2018,이비인후과,I62,1,1,67720,47420
2018,이비인후과,I63,78,273,4157540,3363340
2018,이비인후과,I64,20,79,547390,438290
2018,이비인후과,I65,9,18,228870,170170
2018,이비인후과,I66,43,86,1469120,1157920
2018,이비인후과,I67,330,668,10466970,8002670
2018,이비인후과,I68,10,39,343220,285220
2018,이비인후과,I69,51,120,1850180,1478980
2018,이비인후과,I70,85,202,3253190,2532690
2018,이비인후과,I71,2,2,30620,24620
2018,이비인후과,I72,3,5,68250,51050
2018,이비인후과,I73,20551,45164,910590430,684500530
2018,이비인후과,I74,9,19,248370,198270
2018,이비인후과,I77,19,26,384360,289060
2018,이비인후과,I78,467,817,13699650,10301350
2018,이비인후과,I79,44,64,1345780,985580
2018,이비인후과,I80,40,99,1035130,809130
2018,이비인후과,I82,4,10,131760,104560
2018,이비인후과,I83,124,464,6302200,4684300
2018,이비인후과,I85,1,23,259090,183090
2018,이비인후과,I86,11,17,270260,202460
2018,이비인후과,I87,190,348,5124940,3797440
2018,이비인후과,I88,6261,9826,177335870,126751550
2018,이비인후과,I89,258,412,6731240,4866740
2018,이비인후과,I95,243,271,10647060,7662860
2018,이비인후과,I98,1,6,74420,52620
2018,이비인후과,I99,18,22,372230,296730
2018,이비인후과,J00,536895,916900,14746635480,10856559610
2018,이비인후과,J01,2239062,5374509,96258208280,70432919180
2018,이비인후과,J02,1426036,2590812,43709957000,31820778940
2018,이비인후과,J03,1892798,3575561,63157998660,45723078640
2018,이비인후과,J04,2150529,4398830,76077347510,55867403910
2018,이비인후과,J05,21966,39706,756051950,552780720
2018,이비인후과,J06,1420266,2773051,46275780680,33856595790
2018,이비인후과,J09,26094,37140,620439400,447307270
2018,이비인후과,J10,343580,519830,8910303390,6472620400
2018,이비인후과,J11,118598,181758,3207760960,2361866350
2018,이비인후과,J12,1067,1793,29717310,21939120
2018,이비인후과,J13,16,29,465540,334540
2018,이비인후과,J15,38585,81543,1308074040,975206830
2018,이비인후과,J16,577,1147,18109360,13814050
2018,이비인후과,J17,429,722,12493370,9442670
2018,이비인후과,J18,56429,124856,2155695170,1598896880
2018,이비인후과,J20,4495554,11508181,1.87404E+11,1.37494E+11
2018,이비인후과,J21,336790,864713,13940625230,10414861430
2018,이비인후과,J22,138150,296224,5267402270,3838991440
2018,이비인후과,J30,2563126,5516161,99726724730,72607425490
2018,이비인후과,J31,719467,1596305,27748999270,20259711380
2018,이비인후과,J32,1575163,4217585,96702260590,70914434190
2018,이비인후과,J33,23003,54143,2038537770,1496506150
2018,이비인후과,J34,806990,1621892,43249021240,31910675870
2018,이비인후과,J35,346518,647379,19218737620,14960727160
2018,이비인후과,J36,161699,296887,6092201320,4377402960
2018,이비인후과,J37,392132,835108,15346423970,11254674290
2018,이비인후과,J38,442352,780290,24053037780,17185076900
2018,이비인후과,J39,230281,421471,8052603530,5796344340
2018,이비인후과,J40,501948,1099347,18692694690,13658388080
2018,이비인후과,J41,55981,122703,1864019330,1400413320
2018,이비인후과,J42,81427,180057,2930356410,2158641580
2018,이비인후과,J43,29,42,600530,472230
2018,이비인후과,J44,2568,5122,125492170,93143000
2018,이비인후과,J45,173338,384450,7185437710,5334728260
2018,이비인후과,J46,2074,3889,66464430,49747630
2018,이비인후과,J47,148,517,7833830,6213130
2018,이비인후과,J60,16,16,309800,221500
2018,이비인후과,J62,2,5,76630,61730
2018,이비인후과,J64,1,1,15310,13810
2018,이비인후과,J66,1,1,15310,10810
2018,이비인후과,J67,6,8,121000,87000
2018,이비인후과,J68,11,17,348630,245130
2018,이비인후과,J69,1,1,27320,19220
2018,이비인후과,J80,1,1,15310,10810
2018,이비인후과,J81,3,4,63930,47830
2018,이비인후과,J82,36,85,3285450,2314650
2018,이비인후과,J84,7,16,322740,278140
2018,이비인후과,J91,1,1,10950,7750
2018,이비인후과,J92,2,2,30620,24620
2018,이비인후과,J93,33,39,816790,600690
2018,이비인후과,J94,5,8,129080,95380
2018,이비인후과,J95,6,18,341580,275480
2018,이비인후과,J96,8,10,215550,162450
2018,이비인후과,J98,2683,6197,83964540,61879340
2018,이비인후과,J99,5,9,141830,102930
2018,이비인후과,K00,6,10,413950,338350
2018,이비인후과,K01,8,9,294080,211080
2018,이비인후과,K02,45,51,806920,602620
2018,이비인후과,K03,10,10,241420,169820
2018,이비인후과,K04,497,790,13590680,10201080
2018,이비인후과,K05,5989,9216,138243290,107717590
2018,이비인후과,K06,61,84,1425190,1079690
2018,이비인후과,K07,21243,30854,498023530,376845630
2018,이비인후과,K08,434,677,11102550,7982450
2018,이비인후과,K09,1379,2230,92062090,65918900
2018,이비인후과,K10,448,590,9054030,6913530
2018,이비인후과,K11,59581,99104,2176126620,1583760420
2018,이비인후과,K12,347694,632792,11452845930,8510313630
2018,이비인후과,K13,8979,15981,339455150,251921660
2018,이비인후과,K14,52830,100959,1550783010,1213229740
2018,이비인후과,K20,178,250,3936790,3070590
2018,이비인후과,K21,337910,712970,16266580350,11774563770
2018,이비인후과,K22,87,126,3569060,2608860
2018,이비인후과,K23,4,4,92330,71930
2018,이비인후과,K25,6050,10905,190550720,139259000
2018,이비인후과,K26,1399,2529,41431910,30362360
2018,이비인후과,K27,4634,8152,145450160,105633790
2018,이비인후과,K28,49,80,1298810,967710
2018,이비인후과,K29,172327,312057,5600302110,4077811330
2018,이비인후과,K30,19754,30610,535843130,391038160
2018,이비인후과,K31,555,957,22419280,16694790
2018,이비인후과,K35,35,42,780880,557680
2018,이비인후과,K36,13,13,204150,146950
2018,이비인후과,K37,15,19,336510,236710
2018,이비인후과,K38,2,2,30620,21620
2018,이비인후과,K40,19,25,364330,281730
2018,이비인후과,K41,1,2,45740,32140
2018,이비인후과,K42,3,5,80470,65070
2018,이비인후과,K43,2,2,25090,23590
2018,이비인후과,K46,2,3,45930,35430
2018,이비인후과,K50,20,53,12384620,11100930
2018,이비인후과,K51,20,51,853300,745900
2018,이비인후과,K52,8961,14489,217287820,162041700
2018,이비인후과,K56,9,16,213050,172250
2018,이비인후과,K57,6,9,121820,85820
2018,이비인후과,K58,11340,17156,282037110,208006310
2018,이비인후과,K59,18986,36653,576524410,437031300
2018,이비인후과,K60,8,32,368730,273730
2018,이비인후과,K61,9,11,163820,124020
2018,이비인후과,K62,9,9,125130,95730
2018,이비인후과,K63,335,467,55448530,40524640
2018,이비인후과,K64,217,403,7128840,5223140
2018,이비인후과,K65,7,7,124280,91180
2018,이비인후과,K66,1,2,229100,182270
2018,이비인후과,K70,124,230,4363410,3141710
2018,이비인후과,K71,53,104,3209670,2257270
2018,이비인후과,K72,5,11,170740,123540
2018,이비인후과,K73,100,242,4930680,3498080
2018,이비인후과,K74,23,50,715130,561630
2018,이비인후과,K75,220,387,9088090,6607690
2018,이비인후과,K76,630,1198,53735580,38663550
2018,이비인후과,K77,11,30,442440,337340
2018,이비인후과,K80,75,157,2274590,1683990
2018,이비인후과,K81,8,8,175110,132710
2018,이비인후과,K82,16,40,1505480,1056480
2018,이비인후과,K83,11,17,599460,429060
2018,이비인후과,K85,26,40,1454990,1064790
2018,이비인후과,K86,4,6,84930,59930
2018,이비인후과,K87,4,5,67650,51650
2018,이비인후과,K90,9,14,725970,515770
2018,이비인후과,K91,5,13,198040,146140
2018,이비인후과,K92,282,377,7311280,5321480
2018,이비인후과,K93,18,48,1009530,794330
2018,이비인후과,L00,6,10,2458810,2202060
2018,이비인후과,L01,16474,25261,403638380,298992780
2018,이비인후과,L02,15584,25091,455132050,332481370
2018,이비인후과,L03,20453,33935,558026530,411512530
2018,이비인후과,L04,305717,537285,9260791750,6665166120
2018,이비인후과,L05,125,178,2900970,2055770
2018,이비인후과,L08,6024,8781,151266480,109979680
2018,이비인후과,L10,40,68,1112990,832890
2018,이비인후과,L12,17,29,436740,312740
2018,이비인후과,L13,682,1213,17950340,13286740
2018,이비인후과,L20,28024,42904,741580310,552872210
2018,이비인후과,L21,5483,7984,127222550,96727650
2018,이비인후과,L22,75,97,1396750,1094450
2018,이비인후과,L23,29110,46399,813761980,604596860
2018,이비인후과,L24,3408,5120,84249910,63599310
2018,이비인후과,L25,3060,4385,69657680,52812990
2018,이비인후과,L26,4,4,62620,48420
2018,이비인후과,L27,155,226,5076990,3668090
2018,이비인후과,L28,1469,2307,43819990,32027090
2018,이비인후과,L29,6837,12525,197553220,148471020
2018,이비인후과,L30,15074,21610,361131720,271058310
2018,이비인후과,L40,542,968,15067010,11173410
2018,이비인후과,L41,1,1,15310,10810
2018,이비인후과,L42,11,14,218180,155280
2018,이비인후과,L43,346,935,14928130,11379230
2018,이비인후과,L44,7,8,130970,93670
2018,이비인후과,L50,37740,64210,1226774370,902443620
2018,이비인후과,L51,14,17,690990,522040
2018,이비인후과,L52,1,2,27700,21900
2018,이비인후과,L53,19,21,312320,244820
2018,이비인후과,L54,1,7,94090,66490
2018,이비인후과,L55,34,37,608390,440690
2018,이비인후과,L56,14,25,465770,331770
2018,이비인후과,L57,30,41,1582270,1172370
2018,이비인후과,L59,2,2,30060,21160
2018,이비인후과,L60,228,377,10721040,7660020
2018,이비인후과,L62,1,1,12920,9120
2018,이비인후과,L63,394,1057,30461710,21561710
2018,이비인후과,L64,74,143,2183980,1555680
2018,이비인후과,L65,65,104,1582010,1119910
2018,이비인후과,L66,26,49,693520,503620
2018,이비인후과,L70,677,1329,18848270,13341870
2018,이비인후과,L71,132,183,2707740,2021340
2018,이비인후과,L72,1656,2517,84349450,60470910
2018,이비인후과,L73,132,262,4349550,3118250
2018,이비인후과,L74,33,49,779060,596560
2018,이비인후과,L75,2,2,30620,21620
2018,이비인후과,L80,43,51,970940,728740
2018,이비인후과,L81,102,117,1529540,1121840
2018,이비인후과,L82,25,35,885410,650410
2018,이비인후과,L83,22,32,935400,678600
2018,이비인후과,L84,1432,2506,115632120,81892020
2018,이비인후과,L85,514,698,11427140,8750540
2018,이비인후과,L86,3,3,47190,33190
2018,이비인후과,L89,62,119,2914330,2167730
2018,이비인후과,L90,14,25,414660,295260
2018,이비인후과,L91,297,592,18464860,13069480
2018,이비인후과,L92,128,167,6209080,4528980
2018,이비인후과,L93,6,7,142180,99880
2018,이비인후과,L94,3,3,71130,56030
2018,이비인후과,L95,5,7,85500,63700
2018,이비인후과,L98,314,780,22276950,16175520
2018,이비인후과,L99,2,2,30620,24620
2018,이비인후과,M00,1196,2506,37841300,27229200
2018,이비인후과,M01,23,28,524640,400540
2018,이비인후과,M02,1201,2013,34987130,25157130
2018,이비인후과,M03,567,949,14534830,10713230
2018,이비인후과,M05,74,273,4329130,3575730
2018,이비인후과,M06,380,744,11244110,8788810
2018,이비인후과,M07,17,21,392400,293500
2018,이비인후과,M08,9,32,392610,311910
2018,이비인후과,M09,5,9,124710,111210
2018,이비인후과,M10,531,1196,18015660,13516660
2018,이비인후과,M11,1,1,19110,13410
2018,이비인후과,M12,23,56,704580,575980
2018,이비인후과,M13,5419,10064,165941590,126891090
2018,이비인후과,M14,11,14,441080,314880
2018,이비인후과,M15,436,821,12292690,9720290
2018,이비인후과,M16,14,64,779830,630830
2018,이비인후과,M17,595,1706,27105420,21481520
2018,이비인후과,M19,1338,2027,33937940,25291340
2018,이비인후과,M20,3,3,49730,38830
2018,이비인후과,M21,7,7,94980,68480
2018,이비인후과,M22,5,40,454120,371220
2018,이비인후과,M23,13,21,348350,263550
2018,이비인후과,M24,112,212,6797500,4965000
2018,이비인후과,M25,14648,27473,497142140,360319580
2018,이비인후과,M30,28,79,1911240,1657440
2018,이비인후과,M31,6,105,2916910,2614910
2018,이비인후과,M32,16,34,1101190,974090
2018,이비인후과,M33,11,16,247500,200100
2018,이비인후과,M34,1,5,61500,55700
2018,이비인후과,M35,882,2532,40492980,33607480
2018,이비인후과,M40,2,2,32390,22790
2018,이비인후과,M41,15,22,397790,293890
2018,이비인후과,M42,1,1,12680,8880
2018,이비인후과,M43,162,228,3524540,2847540
2018,이비인후과,M45,24,43,674240,535840
2018,이비인후과,M46,154,372,5508460,4286560
2018,이비인후과,M47,157,311,8280500,6108800
2018,이비인후과,M48,147,521,7964290,6551890
2018,이비인후과,M49,97,397,28242350,21354450
2018,이비인후과,M50,184,780,50022210,36366410
2018,이비인후과,M51,200,582,20559860,14818160
2018,이비인후과,M53,598,969,25280420,17981920
2018,이비인후과,M54,11179,22124,546370360,400916560
2018,이비인후과,M60,1510,2069,35961240,26174940
2018,이비인후과,M61,3,153,1734850,1499350
2018,이비인후과,M62,5531,8799,163299330,117601800
2018,이비인후과,M63,30,53,1033380,740780
2018,이비인후과,M65,106,245,4920890,3841890
2018,이비인후과,M66,1,1,15310,13810
2018,이비인후과,M67,35,41,1207280,861880
2018,이비인후과,M70,50,86,1645800,1180600
2018,이비인후과,M71,10,12,253950,180150
2018,이비인후과,M72,125,289,7364700,5201300
2018,이비인후과,M73,151,460,6350810,5290910
2018,이비인후과,M75,716,2127,61687490,44760090
2018,이비인후과,M76,94,301,5786870,4071570
2018,이비인후과,M77,237,708,13643380,9769780
2018,이비인후과,M79,92911,151226,2714955390,1977698340
2018,이비인후과,M80,50,71,2838880,2079780
2018,이비인후과,M81,346,820,15701570,12099540
2018,이비인후과,M82,11,20,302140,220240
2018,이비인후과,M83,2,50,591470,416670
2018,이비인후과,M84,1,2,26260,23260
2018,이비인후과,M85,9,13,1255560,920700
2018,이비인후과,M86,2,3,47760,36560
2018,이비인후과,M87,1,6,70560,49760
2018,이비인후과,M89,121,171,2606880,1977180
2018,이비인후과,M91,2,2,34340,28640
2018,이비인후과,M94,12,27,383980,304980
2018,이비인후과,M95,420,836,50335330,37939240
2018,이비인후과,M96,6,24,1407600,995800
2018,이비인후과,M99,27,116,1689660,1336860
2018,이비인후과,N00,3546,5799,131135700,92935500
2018,이비인후과,N02,13,17,243490,186590
2018,이비인후과,N03,1,1,15310,13810
2018,이비인후과,N04,5,9,128790,90790
2018,이비인후과,N05,4,7,100360,70760
2018,이비인후과,N06,9,10,167210,117810
2018,이비인후과,N07,1,2,29880,20980
2018,이비인후과,N08,7,10,233310,169110
2018,이비인후과,N10,518,935,17460350,12786350
2018,이비인후과,N11,5,9,131100,92300
2018,이비인후과,N12,60,118,1857520,1347820
2018,이비인후과,N13,5,5,67760,56960
2018,이비인후과,N15,1,1,19110,17210
2018,이비인후과,N17,1,1,15310,10810
2018,이비인후과,N18,54,131,2638790,2350790
2018,이비인후과,N19,11,50,755820,557920
2018,이비인후과,N20,16,41,576020,454820
2018,이비인후과,N21,31,60,964890,752190
2018,이비인후과,N22,1,1,12660,11160
2018,이비인후과,N23,1,1,63160,44260
2018,이비인후과,N28,13,17,443660,313160
2018,이비인후과,N30,5865,9662,164617270,122021230
2018,이비인후과,N31,308,702,10742540,8645840
2018,이비인후과,N32,115,218,2943830,2414530
2018,이비인후과,N34,277,379,5830530,4395430
2018,이비인후과,N35,2,2,18930,15130
2018,이비인후과,N36,2,3,44510,39710
2018,이비인후과,N37,10,25,377810,279210
2018,이비인후과,N39,806,1661,34861500,26855280
2018,이비인후과,N40,2283,6420,85259290,68956790
2018,이비인후과,N41,261,736,8692740,7227440
2018,이비인후과,N42,66,148,1886530,1491630
2018,이비인후과,N43,6,7,111480,87080
2018,이비인후과,N44,1,1,16200,12800
2018,이비인후과,N45,9,11,131980,99980
2018,이비인후과,N46,1,1,15310,10810
2018,이비인후과,N47,1,3,26250,18550
2018,이비인후과,N48,225,367,5385620,4109220
2018,이비인후과,N49,5,5,74560,53460
2018,이비인후과,N50,15,21,330300,245000
2018,이비인후과,N51,8,10,144330,120330
2018,이비인후과,N60,3,6,85280,62980
2018,이비인후과,N61,1,1,15310,10810
2018,이비인후과,N62,3,4,185870,133370
2018,이비인후과,N63,4,4,52520,38820
2018,이비인후과,N64,21,25,405080,295680
2018,이비인후과,N70,2,2,31890,22390
2018,이비인후과,N71,4,7,87300,63300
2018,이비인후과,N72,634,963,65076480,45651880
2018,이비인후과,N73,128,299,15956490,11215550
2018,이비인후과,N74,1,1,15310,10810
2018,이비인후과,N75,4,5,342530,240030
2018,이비인후과,N76,259,365,12475820,8973720
2018,이비인후과,N77,15,21,323620,249020
2018,이비인후과,N80,15,32,612230,440330
2018,이비인후과,N83,4,5,66660,51260
2018,이비인후과,N84,93,200,14414340,10184040
2018,이비인후과,N85,7,29,1478180,1036580
2018,이비인후과,N86,146,177,12024600,8425100
2018,이비인후과,N87,28,61,4584210,3359410
2018,이비인후과,N88,2,2,30620,21620
2018,이비인후과,N89,1,1,15310,10810
2018,이비인후과,N90,6,7,376480,263980
2018,이비인후과,N91,135,159,5791050,4064850
2018,이비인후과,N92,151,230,8141340,5721540
2018,이비인후과,N93,22,31,2195560,1541560
2018,이비인후과,N94,913,1345,20358980,14385580
2018,이비인후과,N95,597,1683,26289900,19111100
2018,이비인후과,N97,48,239,3414310,2403510
2018,이비인후과,N98,4,25,242990,171190
2018,이비인후과,N99,1,1,10950,7750
2018,이비인후과,O00,43,57,1173540,908440
2018,이비인후과,O02,9,18,1861320,1442820
2018,이비인후과,O03,2,4,616300,551100
2018,이비인후과,O04,1,1,15310,10810
2018,이비인후과,O06,1,1,212760,191560
2018,이비인후과,O08,1,2,54760,38360
2018,이비인후과,O16,1,1,15310,10810
2018,이비인후과,O20,5,17,396070,322270
2018,이비인후과,O24,5,7,183960,133760
2018,이비인후과,O26,4,4,66830,50130
2018,이비인후과,O28,2,5,389840,273240
2018,이비인후과,O30,1,1,15310,13810
2018,이비인후과,O36,1,1,13330,12030
2018,이비인후과,O75,1,1,19120,13420
2018,이비인후과,O90,3,3,101470,71270
2018,이비인후과,O91,3,3,61370,43170
2018,이비인후과,O92,3,5,57140,40340
2018,이비인후과,O99,12,19,279830,208130
2018,이비인후과,P07,6,16,237020,212720
2018,이비인후과,P11,2,4,56380,39780
2018,이비인후과,P12,1,1,17470,13870
2018,이비인후과,P22,25,156,2259200,2038900
2018,이비인후과,P23,5,5,74330,57930
2018,이비인후과,P28,30,48,4741700,3735620
2018,이비인후과,P35,3,5,74430,55330
2018,이비인후과,P38,9,11,205050,159750
2018,이비인후과,P39,1,5,78570,62470
2018,이비인후과,P53,1,1,15310,10810
2018,이비인후과,P57,1,1,140980,98780
2018,이비인후과,P59,3,7,116540,97040
2018,이비인후과,P78,2,2,32160,25560
2018,이비인후과,P81,11,20,635170,483470
2018,이비인후과,P83,2,7,140680,111680
2018,이비인후과,P92,1,1,17470,13870
2018,이비인후과,Q00,1,1,15310,10810
2018,이비인후과,Q02,1,1,13340,9340
2018,이비인후과,Q05,1,2,26260,23760
2018,이비인후과,Q07,1,1,16200,14600
2018,이비인후과,Q10,1,1,15310,13810
2018,이비인후과,Q14,1,2,23800,18900
2018,이비인후과,Q15,5,17,294450,232950
2018,이비인후과,Q16,58,130,3084440,2224840
2018,이비인후과,Q17,142,224,8585600,6422070
2018,이비인후과,Q18,4754,12678,378416560,284140510
2018,이비인후과,Q20,2,14,200740,181340
2018,이비인후과,Q21,6,7,178600,147000
2018,이비인후과,Q22,1,1,27320,19220
2018,이비인후과,Q23,3,15,305650,272750
2018,이비인후과,Q24,1,1,17470,13870
2018,이비인후과,Q26,3,4,65610,46210
2018,이비인후과,Q27,2,2,30620,21620
2018,이비인후과,Q30,13,14,504980,377680
2018,이비인후과,Q31,8,10,194200,149500
2018,이비인후과,Q33,1,1,19110,13410
2018,이비인후과,Q34,2,2,56400,43400
2018,이비인후과,Q35,30,49,1553340,1217270
2018,이비인후과,Q36,9,12,205250,147650
2018,이비인후과,Q37,2,2,34420,24220
2018,이비인후과,Q38,2293,4056,213561880,174055420
2018,이비인후과,Q39,1,1,15310,13810
2018,이비인후과,Q51,1,1,13340,9340
2018,이비인후과,Q52,1,6,331020,231920
2018,이비인후과,Q53,5,6,95100,71500
2018,이비인후과,Q63,1,3,47240,37540
2018,이비인후과,Q65,4,24,348470,277070
2018,이비인후과,Q66,1,4,62490,43890
2018,이비인후과,Q67,23,38,633060,470660
2018,이비인후과,Q68,4,17,220810,173510
2018,이비인후과,Q69,2,2,32780,24680
2018,이비인후과,Q70,1,1,23050,18250
2018,이비인후과,Q74,3,4,133880,97680
2018,이비인후과,Q75,4,11,411380,364180
2018,이비인후과,Q77,2,6,81920,74020
2018,이비인후과,Q78,1,1,29750,26850
2018,이비인후과,Q79,2,2,32780,29580
2018,이비인후과,Q81,2,7,104640,90640
2018,이비인후과,Q82,19,21,338980,250980
2018,이비인후과,Q84,1,1,19110,13410
2018,이비인후과,Q85,22,34,671960,562660
2018,이비인후과,Q87,8,64,855050,769650
2018,이비인후과,Q89,420,652,35353950,27769320
2018,이비인후과,Q90,15,112,1829380,1641280
2018,이비인후과,Q91,1,12,161790,146390
2018,이비인후과,Q98,1,3,47760,43060
2018,이비인후과,Q99,1,2,21900,15500
2018,이비인후과,R00,304,485,8294770,5921870
2018,이비인후과,R01,6,12,248410,180210
2018,이비인후과,R02,6,25,447720,315220
2018,이비인후과,R03,100,157,2555620,1962920
2018,이비인후과,R04,170288,284587,8056770130,5822962990
2018,이비인후과,R05,31822,54116,876753980,645718680
2018,이비인후과,R06,13017,24467,594749050,436760340
2018,이비인후과,R07,44951,71833,1138969320,820478380
2018,이비인후과,R09,15452,26392,414879450,302229350
2018,이비인후과,R10,6580,8511,132625820,96549720
2018,이비인후과,R11,10217,14442,277314560,202024060
2018,이비인후과,R12,8801,14149,258218220,186950550
2018,이비인후과,R13,411,493,9128370,6922370
2018,이비인후과,R14,69,81,1508000,1101700
2018,이비인후과,R15,1,1,24930,17530
2018,이비인후과,R17,14,24,402250,314750
2018,이비인후과,R18,1,1,21020,14720
2018,이비인후과,R19,2324,3902,94586800,67697900
2018,이비인후과,R20,66,79,1636220,1223320
2018,이비인후과,R21,278,381,5877530,4460530
2018,이비인후과,R22,1723,2284,52387340,38011050
2018,이비인후과,R23,41,45,650850,490550
2018,이비인후과,R25,393,684,10132690,7714290
2018,이비인후과,R26,8,8,139090,111190
2018,이비인후과,R27,1,3,59040,46240
2018,이비인후과,R29,14,32,369380,292080
2018,이비인후과,R30,31,46,863810,637710
2018,이비인후과,R31,60,94,1474290,1080690
2018,이비인후과,R32,71,154,2048210,1732410
2018,이비인후과,R33,6,8,138410,114610
2018,이비인후과,R35,84,176,2536320,2029920
2018,이비인후과,R39,14,28,253090,195090
2018,이비인후과,R40,14,24,916580,798450
2018,이비인후과,R41,217,381,5929610,4691810
2018,이비인후과,R42,90641,166998,7442917870,5325209540
2018,이비인후과,R43,29122,53078,1243612760,895373300
2018,이비인후과,R44,25,27,404490,323390
2018,이비인후과,R45,621,1326,21282650,16179650
2018,이비인후과,R46,190,342,4135860,3063260
2018,이비인후과,R47,671,4467,60039910,46091210
2018,이비인후과,R49,7510,13594,391155580,279952550
2018,이비인후과,R50,29345,47944,777267570,566085330
2018,이비인후과,R51,26497,35616,577215550,421588990
2018,이비인후과,R52,22629,37152,639576780,465868950
2018,이비인후과,R53,1985,3266,56005040,40538740
2018,이비인후과,R54,11,12,260670,210570
2018,이비인후과,R55,84,106,3446070,2436070
2018,이비인후과,R56,138,268,7899550,5801250
2018,이비인후과,R57,36,94,1412800,1100300
2018,이비인후과,R58,88,131,2843850,2052220
2018,이비인후과,R59,7241,10788,223421800,160900240
2018,이비인후과,R60,1300,2603,54025790,39054490
2018,이비인후과,R61,21,21,409340,298540
2018,이비인후과,R62,142,324,4733100,3620200
2018,이비인후과,R63,297,382,6771150,4996350
2018,이비인후과,R64,1,1,17210,16410
2018,이비인후과,R65,1,1,19110,13410
2018,이비인후과,R68,10179,12199,198775190,142212490
2018,이비인후과,R69,16,17,258800,199900
2018,이비인후과,R70,1,1,10950,7750
2018,이비인후과,R72,2,6,115830,81330
2018,이비인후과,R73,267,471,10376520,7847120
2018,이비인후과,R74,5,5,61500,43400
2018,이비인후과,R76,6,12,1227530,859930
2018,이비인후과,R77,1,2,26260,18560
2018,이비인후과,R78,1,1,15310,10810
2018,이비인후과,R79,8,10,714590,500890
2018,이비인후과,R80,22,27,603280,423980
2018,이비인후과,R81,100,269,4004670,2997570
2018,이비인후과,R82,5,5,92780,68780
2018,이비인후과,R83,1,1,47790,33490
2018,이비인후과,R84,22,22,464820,341320
2018,이비인후과,R85,1,1,16200,12800
2018,이비인후과,R87,48,98,7108350,4981650
2018,이비인후과,R91,2,2,33520,27520
2018,이비인후과,R94,588,783,31033700,21950700
2018,이비인후과,S00,22237,33813,653716370,484269870
2018,이비인후과,S01,15161,29377,592982970,442128550
2018,이비인후과,S02,11878,21420,1391134790,1035428700
2018,이비인후과,S03,2730,3743,77451870,58546720
2018,이비인후과,S04,128,207,3615320,2714420
2018,이비인후과,S05,110,150,3721240,2695240
2018,이비인후과,S06,13,40,563090,409390
2018,이비인후과,S07,24,30,580490,431990
2018,이비인후과,S08,18,54,1299430,930550
2018,이비인후과,S09,8287,23420,1110343740,787769290
2018,이비인후과,S10,482,592,14078660,10174160
2018,이비인후과,S11,93,216,4446730,3259130
2018,이비인후과,S12,10,11,419750,294750
2018,이비인후과,S13,1982,2931,49971440,37203440
2018,이비인후과,S14,64,176,10651190,7693890
2018,이비인후과,S15,4,7,125670,89970
2018,이비인후과,S16,7,7,115200,85500
2018,이비인후과,S17,11,17,617930,455130
2018,이비인후과,S19,19,23,371140,275340
2018,이비인후과,S20,24,35,671290,522290
2018,이비인후과,S21,17,60,1011770,801070
2018,이비인후과,S22,12,86,1067280,756080
2018,이비인후과,S23,172,322,7082340,5205840
2018,이비인후과,S28,1,1,15310,13810
2018,이비인후과,S29,1,1,21020,14720
2018,이비인후과,S30,23,27,424760,321660
2018,이비인후과,S31,29,59,1362980,1016180
2018,이비인후과,S32,5,18,238060,196360
2018,이비인후과,S33,748,1667,27687190,21130490
2018,이비인후과,S36,1,1,21020,14720
2018,이비인후과,S39,2,2,35770,28970
2018,이비인후과,S40,23,32,549350,411350
2018,이비인후과,S41,25,49,948350,705750
2018,이비인후과,S42,2,2,45160,31760
2018,이비인후과,S43,323,555,11160840,8020740
2018,이비인후과,S44,1,10,146000,117400
2018,이비인후과,S45,1,1,21020,14720
2018,이비인후과,S46,11,17,498080,366480
2018,이비인후과,S49,3,6,111070,91770
2018,이비인후과,S50,100,146,2771930,2021130
2018,이비인후과,S51,116,211,4530210,3343910
2018,이비인후과,S52,3,4,89140,65640
2018,이비인후과,S53,50,92,1854860,1364260
2018,이비인후과,S54,58,180,8772680,6149380
2018,이비인후과,S56,13,31,848780,626680
2018,이비인후과,S59,35,50,985170,734670
2018,이비인후과,S60,228,380,7229690,5420890
2018,이비인후과,S61,788,1306,26830600,19610000
2018,이비인후과,S62,8,12,215180,152980
2018,이비인후과,S63,286,641,13463440,9549740
2018,이비인후과,S65,73,125,2541030,1844730
2018,이비인후과,S66,28,45,669890,481590
2018,이비인후과,S67,4,6,100560,72760
2018,이비인후과,S68,4,7,129700,91200
2018,이비인후과,S69,8,18,271030,223730
2018,이비인후과,S70,27,60,988290,818990
2018,이비인후과,S71,15,39,832950,588450
2018,이비인후과,S73,18,38,609020,464120
2018,이비인후과,S76,1,1,20910,14710
2018,이비인후과,S79,2,2,20440,16040
2018,이비인후과,S80,169,272,5049320,3734520
2018,이비인후과,S81,299,580,11104520,8123220
2018,이비인후과,S82,48,92,3561910,2531920
2018,이비인후과,S83,129,295,6850040,4893340
2018,이비인후과,S84,2,7,275210,192910
2018,이비인후과,S85,3,6,113940,82040
2018,이비인후과,S86,5,9,175140,126940
2018,이비인후과,S87,5,8,125290,89990
2018,이비인후과,S89,5,10,160610,113210
2018,이비인후과,S90,138,223,4160550,3041950
2018,이비인후과,S91,217,345,6645450,4915050
2018,이비인후과,S92,10,12,260820,183420
2018,이비인후과,S93,315,708,14625740,10351440
2018,이비인후과,S95,11,16,370910,273910
2018,이비인후과,S96,5,13,270230,189930
2018,이비인후과,S97,1,2,41880,29380
2018,이비인후과,S99,20,41,708190,527590
2018,이비인후과,T00,236,469,9045520,7037020
2018,이비인후과,T01,90,180,3742810,2739010
2018,이비인후과,T03,11,16,248720,191820
2018,이비인후과,T04,364,677,13433310,9670610
2018,이비인후과,T07,1,1,15310,10810
2018,이비인후과,T08,1,1,15310,13810
2018,이비인후과,T09,12,23,387870,282470
2018,이비인후과,T10,1,1,17100,12000
2018,이비인후과,T11,27,33,622680,463180
2018,이비인후과,T12,1,3,52370,36870
2018,이비인후과,T13,90,129,2324360,1736460
2018,이비인후과,T14,1094,1886,37091770,27465780
2018,이비인후과,T15,2248,2725,91081640,64489640
2018,이비인후과,T16,142502,189724,5309123360,3822250740
2018,이비인후과,T17,107130,121520,4067570410,2906403030
2018,이비인후과,T18,1863,1966,50138350,36476280
2018,이비인후과,T19,16,17,726900,509900
2018,이비인후과,T20,142,240,5574410,3973310
2018,이비인후과,T21,117,223,6383350,4707750
2018,이비인후과,T22,110,256,6139380,4361380
2018,이비인후과,T23,302,654,15645510,11341310
2018,이비인후과,T24,61,145,3226040,2376740
2018,이비인후과,T25,82,203,5567900,3996800
2018,이비인후과,T26,1,1,14110,9910
2018,이비인후과,T27,16,21,745860,533560
2018,이비인후과,T28,128,165,2871660,2135660
2018,이비인후과,T29,18,39,1194200,885100
2018,이비인후과,T30,387,789,21890680,15912580
2018,이비인후과,T31,5,11,209280,156580
2018,이비인후과,T33,23,29,487790,350790
2018,이비인후과,T34,2,6,74520,62620
2018,이비인후과,T35,6,6,91440,74240
2018,이비인후과,T36,1,1,15310,10810
2018,이비인후과,T37,1,2,21900,15500
2018,이비인후과,T38,2,3,121960,85560
2018,이비인후과,T39,1,1,10950,7750
2018,이비인후과,T41,1,1,21740,15240
2018,이비인후과,T43,2,3,53780,37780
2018,이비인후과,T44,1,1,15320,10820
2018,이비인후과,T45,1,1,17100,12000
2018,이비인후과,T46,3,4,43800,34400
2018,이비인후과,T49,2,2,28650,20150
2018,이비인후과,T50,1,1,12740,8940
2018,이비인후과,T56,6,15,231100,162300
2018,이비인후과,T60,3,4,65700,47900
2018,이비인후과,T61,4,6,115980,81480
2018,이비인후과,T63,12,13,221070,165670
2018,이비인후과,T65,2,2,21900,15500
2018,이비인후과,T66,1,1,17100,12000
2018,이비인후과,T67,1138,1855,29730640,21662040
2018,이비인후과,T69,19,25,389810,274510
2018,이비인후과,T70,768,1086,25186630,17814330
2018,이비인후과,T71,2,2,32390,25790
2018,이비인후과,T73,135,257,5279860,3742560
2018,이비인후과,T75,32,48,1095250,798750
2018,이비인후과,T78,1696,2666,50456150,37425200
2018,이비인후과,T79,435,754,16085610,11580690
2018,이비인후과,T80,5,6,123950,92650
2018,이비인후과,T81,947,1688,96955890,74207840
2018,이비인후과,T82,1,6,79910,70910
2018,이비인후과,T88,322,500,8476260,6353260
2018,이비인후과,T90,1,1,10950,7750
2018,이비인후과,T91,3,4,58230,41030
2018,이비인후과,T92,3,3,46820,34420
2018,이비인후과,T93,2,2,34420,24220
2018,이비인후과,T94,1,3,54820,42420
2018,이비인후과,T95,6,11,198090,142490
2018,이비인후과,Z00,662,856,13972080,10300780
2018,이비인후과,Z01,7169,8624,316315560,224524220
2018,이비인후과,Z02,19,24,172960,123660
2018,이비인후과,Z03,774,881,15608100,11928500
2018,이비인후과,Z04,18,18,589250,416350
2018,이비인후과,Z08,66,107,3477110,2556610
2018,이비인후과,Z09,32,61,874240,660640
2018,이비인후과,Z10,43,154,2511320,1926920
2018,이비인후과,Z11,4,7,175100,122800
2018,이비인후과,Z12,2,2,28050,23150
2018,이비인후과,Z13,18,19,1318210,1040910
2018,이비인후과,Z20,14,21,699860,495760
2018,이비인후과,Z23,34,70,1370890,1022290
2018,이비인후과,Z24,37,46,885640,630440
2018,이비인후과,Z25,1207,2078,36503900,27563160
2018,이비인후과,Z26,1651,3169,56175190,41012690
2018,이비인후과,Z27,57,147,2167130,1666730
2018,이비인후과,Z29,144,422,6046740,4552940
2018,이비인후과,Z30,55,61,1080370,760270
2018,이비인후과,Z31,3,11,144660,101560
2018,이비인후과,Z32,63,110,6557230,5624630
2018,이비인후과,Z33,4,5,132960,119860
2018,이비인후과,Z34,118,290,22805400,20462900
2018,이비인후과,Z35,2,16,192390,135990
2018,이비인후과,Z37,1,1,15310,10810
2018,이비인후과,Z38,12,16,321970,239270
2018,이비인후과,Z41,6,7,169940,119240
2018,이비인후과,Z42,1,2,26260,18560
2018,이비인후과,Z43,1,2,37680,26480
2018,이비인후과,Z46,9,11,855360,639760
2018,이비인후과,Z48,1089,2123,42165340,31016240
2018,이비인후과,Z49,1,40,454730,412630
2018,이비인후과,Z50,1,1,32270,25570
2018,이비인후과,Z51,1,2,38570,27070
2018,이비인후과,Z52,3,3,46770,32970
2018,이비인후과,Z54,288,909,14637520,10557320
2018,이비인후과,Z56,2,2,26260,18560
2018,이비인후과,Z57,7,7,294850,206650
2018,이비인후과,Z58,6,33,488940,342740
2018,이비인후과,Z60,3,4,65380,45880
2018,이비인후과,Z65,1,1,10950,7750
2018,이비인후과,Z70,5,9,153460,115760
2018,이비인후과,Z71,670,859,15524960,11563960
2018,이비인후과,Z72,13,19,351830,247330
2018,이비인후과,Z73,25,32,522660,406560
2018,이비인후과,Z76,17,30,301930,242430
2018,이비인후과,Z82,9,15,202590,163790
2018,이비인후과,Z83,8,9,156190,115390
2018,이비인후과,Z84,2,2,38220,26820
2018,이비인후과,Z88,11,15,353280,247980
2018,이비인후과,Z90,4,6,90500,63600
2018,이비인후과,Z92,4,6,84970,68770
2018,이비인후과,Z93,36,78,15323850,12143610
2018,이비인후과,Z94,9,30,541360,407260
2018,이비인후과,Z95,1,1,0,0
2018,이비인후과,Z96,45,78,2108960,1543660
2018,이비인후과,Z97,31,77,6211630,4376130
2018,이비인후과,Z98,950,3066,48822480,35544120
2018,피부과,A04,31,56,854560,613060
2018,피부과,A05,1,1,13340,9340
2018,피부과,A06,144,315,4935240,3536740
2018,피부과,A08,25,32,537290,392790
2018,피부과,A09,79,127,1751210,1282610
2018,피부과,A16,1,2,85690,60090
2018,피부과,A18,3,3,80890,58490
2018,피부과,A20,2,2,33150,23350
2018,피부과,A24,1,1,79500,55700
2018,피부과,A26,68,135,2071060,1548860
2018,피부과,A28,3,3,85980,60380
2018,피부과,A30,5,15,190480,158980
2018,피부과,A31,15,39,583800,417600
2018,피부과,A38,2,3,45370,31970
2018,피부과,A42,1,1,19110,13410
2018,피부과,A46,896,2086,35170680,26386980
2018,피부과,A48,119,172,2647400,1870900
2018,피부과,A49,7451,12589,250188890,179996290
2018,피부과,A50,2,3,78320,55020
2018,피부과,A51,71,86,2587780,1816180
2018,피부과,A53,58,76,1647680,1213380
2018,피부과,A54,67,132,4453020,3132220
2018,피부과,A56,78,117,1687310,1192510
2018,피부과,A57,3,4,61730,43530
2018,피부과,A59,52,96,1370280,988380
2018,피부과,A60,9712,19327,290149030,220260130
2018,피부과,A63,581,1195,63618890,44800590
2018,피부과,A64,17,38,2256580,1582280
2018,피부과,A65,1,1,16900,11900
2018,피부과,A66,36,47,750050,544850
2018,피부과,A67,1,1,15310,10810
2018,피부과,A68,1,1,21020,14720
2018,피부과,A69,15,19,285460,208060
2018,피부과,A74,3,3,33400,26300
2018,피부과,A75,36,62,916680,688680
2018,피부과,A77,5,5,75990,53590
2018,피부과,B00,201788,313641,5125342440,3758270440
2018,피부과,B01,4541,9545,137456310,99129910
2018,피부과,B02,167954,516120,11469286880,8330969830
2018,피부과,B04,1,1,79500,55700
2018,피부과,B06,2,3,45070,31670
2018,피부과,B07,312530,900999,50534446070,35678745470
2018,피부과,B08,69949,105649,3349284580,2477425580
2018,피부과,B09,6848,8601,137409180,101320380
2018,피부과,B15,1,1,27520,19320
2018,피부과,B17,4,6,30460,21360
2018,피부과,B18,10,21,318010,223210
2018,피부과,B19,2,3,235890,165290
2018,피부과,B20,1,1,12870,9070
2018,피부과,B24,1,1,27030,18930
2018,피부과,B25,3,4,65530,46230
2018,피부과,B26,2,2,30620,21620
2018,피부과,B30,40,52,898120,658420
2018,피부과,B33,55,80,1155870,841370
2018,피부과,B34,327,402,7359900,5343900
2018,피부과,B35,822792,1896201,29225861040,21528618740
2018,피부과,B36,37447,55471,929006670,665514470
2018,피부과,B37,3769,6127,94948450,72425550
2018,피부과,B38,2,3,85580,59980
2018,피부과,B41,1,2,26260,18560
2018,피부과,B42,10,23,306010,234010
2018,피부과,B43,116,180,8569710,6027510
2018,피부과,B46,2,2,34420,24220
2018,피부과,B47,2,2,31970,24570
2018,피부과,B48,33,96,2686180,1892180
2018,피부과,B49,6,16,213830,174130
2018,피부과,B51,1,1,15310,10810
2018,피부과,B52,1,1,16980,15380
2018,피부과,B53,1,1,20460,14360
2018,피부과,B60,5,6,106850,80550
2018,피부과,B64,1,4,55880,49480
2018,피부과,B65,3,4,59850,42250
2018,피부과,B66,1,1,5470,3970
2018,피부과,B69,3,4,56880,44880
2018,피부과,B76,3,8,115560,94760
2018,피부과,B80,1,1,18440,14640
2018,피부과,B82,2,5,54750,40450
2018,피부과,B83,7,11,245420,177720
2018,피부과,B85,3484,4287,69522770,51430770
2018,피부과,B86,15802,32427,485524390,364314090
2018,피부과,B88,4039,7570,131635210,95105310
2018,피부과,B89,3,3,41570,29370
2018,피부과,B94,1,1,15310,10810
2018,피부과,B95,1,1,15310,10810
2018,피부과,B96,2,2,19110,13410
2018,피부과,C00,1,1,15310,13810
2018,피부과,C06,1,4,58520,55720
2018,피부과,C15,1,28,525630,500230
2018,피부과,C16,16,69,1096130,1025230
2018,피부과,C18,14,46,1252840,1189340
2018,피부과,C20,3,14,175830,167630
2018,피부과,C22,7,32,448400,416000
2018,피부과,C23,2,4,80650,76850
2018,피부과,C24,3,10,245220,204320
2018,피부과,C25,1,25,474500,452000
2018,피부과,C32,1,4,71000,67600
2018,피부과,C34,15,132,2496860,2350160
2018,피부과,C41,2,2,33320,30120
2018,피부과,C43,119,179,4593500,3473900
2018,피부과,C44,541,1086,46254200,37029700
2018,피부과,C46,2,10,409020,290020
2018,피부과,C49,6,18,300490,272690
2018,피부과,C50,18,54,1350850,1283950
2018,피부과,C53,1,1,15310,12310
2018,피부과,C54,1,1,15310,14610
2018,피부과,C56,4,11,177190,168890
2018,피부과,C57,2,17,223870,192670
2018,피부과,C61,15,67,1197680,1090380
2018,피부과,C64,3,18,567140,539840
2018,피부과,C66,2,5,71630,68330
2018,피부과,C67,3,18,235280,224080
2018,피부과,C73,12,20,354080,323280
2018,피부과,C76,12,16,293360,246160
2018,피부과,C77,2,3,50710,47610
2018,피부과,C78,4,27,546830,514730
2018,피부과,C79,2,2,67740,47540
2018,피부과,C80,14,29,380040,314140
2018,피부과,C82,1,1,15310,14610
2018,피부과,C83,2,16,757200,678800
2018,피부과,C84,45,1320,44441050,41535250
2018,피부과,C86,6,99,2183680,1955480
2018,피부과,C91,2,7,171360,142760
2018,피부과,C92,1,1,15310,14610
2018,피부과,C96,2,8,215940,175840
2018,피부과,D00,3,4,122890,112390
2018,피부과,D03,30,44,834360,644360
2018,피부과,D04,207,361,10949400,8749000
2018,피부과,D06,4,11,175860,167660
2018,피부과,D07,1,2,24290,19590
2018,피부과,D10,70,89,3497980,2466080
2018,피부과,D11,3,3,49730,35030
2018,피부과,D12,4,7,227710,159810
2018,피부과,D13,1,1,15310,10810
2018,피부과,D14,1,1,15310,10810
2018,피부과,D16,6,8,120140,96140
2018,피부과,D17,6551,11431,544103870,387433370
2018,피부과,D18,5300,12282,506248360,379089260
2018,피부과,D19,3,3,49730,35030
2018,피부과,D20,2,9,218030,153430
2018,피부과,D21,5835,9313,390090500,278061900
2018,피부과,D22,4049,4689,92295620,66967020
2018,피부과,D23,145084,229596,8636366960,6173511760
2018,피부과,D24,5,5,88840,63840
2018,피부과,D25,3,3,38280,27080
2018,피부과,D26,1,3,35240,24840
2018,피부과,D27,1,1,15310,10810
2018,피부과,D28,2,8,427320,299620
2018,피부과,D29,49,81,3991150,2810650
2018,피부과,D30,20,26,2766130,1937830
2018,피부과,D31,1,1,19110,13410
2018,피부과,D32,2,2,36330,28530
2018,피부과,D33,1,2,109970,104570
2018,피부과,D34,1,1,15310,10810
2018,피부과,D35,1,1,15310,13810
2018,피부과,D36,1665,2478,90691240,64626840
2018,피부과,D37,1,1,15310,14610
2018,피부과,D39,1,2,56170,53470
2018,피부과,D40,1,1,15310,10810
2018,피부과,D43,2,17,205730,196230
2018,피부과,D44,1,2,34420,32820
2018,피부과,D47,7,28,466600,400600
2018,피부과,D48,63,82,1809260,1317160
2018,피부과,D50,220,236,17906930,12576130
2018,피부과,D52,15,24,854000,602600
2018,피부과,D59,15,24,872810,612310
2018,피부과,D60,3,3,51080,42780
2018,피부과,D61,1,3,52430,47330
2018,피부과,D62,1,2,39060,27460
2018,피부과,D64,25,33,828590,583990
2018,피부과,D66,1,8,130060,117360
2018,피부과,D68,8,8,138410,100510
2018,피부과,D69,9454,15248,237539120,181330620
2018,피부과,D75,1,1,19110,13410
2018,피부과,D76,29,35,653850,500750
2018,피부과,D86,8,15,338700,242700
2018,피부과,D89,3,5,70460,58560
2018,피부과,E02,2,3,85750,60150
2018,피부과,E03,59,143,2351840,1692040
2018,피부과,E05,14,28,640690,462290
2018,피부과,E06,19,27,1689510,1184010
2018,피부과,E07,17,22,977410,690410
2018,피부과,E10,25,93,1001230,816030
2018,피부과,E11,72,253,2715770,2129270
2018,피부과,E13,9,12,140410,113210
2018,피부과,E14,256,743,12768840,10404540
2018,피부과,E21,1,1,12660,8960
2018,피부과,E24,3,3,45930,35430
2018,피부과,E28,4,4,63070,44370
2018,피부과,E29,2,2,30620,24620
2018,피부과,E30,1,1,15310,10810
2018,피부과,E34,7,9,281570,199370
2018,피부과,E50,243,419,5268640,3792540
2018,피부과,E53,3,3,101700,71300
2018,피부과,E54,1,1,15310,10810
2018,피부과,E55,145,205,3832480,2709980
2018,피부과,E63,1,1,10950,7750
2018,피부과,E65,1,1,15310,10810
2018,피부과,E66,137,229,3693730,2624930
2018,피부과,E67,1,1,15310,10810
2018,피부과,E70,4,4,61830,45930
2018,피부과,E75,35,40,899080,654080
2018,피부과,E76,1,5,67270,60870
2018,피부과,E78,471,988,19694590,14326790
2018,피부과,E79,3,4,54910,38710
2018,피부과,E80,2,2,34420,27220
2018,피부과,E83,5,6,84970,59870
2018,피부과,E84,1,10,151980,107180
2018,피부과,E85,10,14,212230,163630
2018,피부과,E86,1,1,10950,7750
2018,피부과,E88,72,99,1917110,1401810
2018,피부과,F00,4,13,81610,68650
2018,피부과,F02,1,1,19110,17210
2018,피부과,F03,2,20,250480,220280
2018,피부과,F05,1,3,40860,36260
2018,피부과,F06,124,202,2900700,2355400
2018,피부과,F07,1,1,15310,10810
2018,피부과,F10,1,1,15310,10810
2018,피부과,F17,1,1,15310,10810
2018,피부과,F20,1,1,2970,2170
2018,피부과,F31,3,18,189180,142280
2018,피부과,F32,70,178,2211980,1759480
2018,피부과,F33,5,22,253930,196830
2018,피부과,F34,3,8,109660,94860
2018,피부과,F38,2,2,30610,24610
2018,피부과,F39,5,8,98350,79550
2018,피부과,F40,6,22,268490,208890
2018,피부과,F41,113,243,3596010,2805010
2018,피부과,F43,3,4,53350,37650
2018,피부과,F44,1,6,74180,52380
2018,피부과,F45,220,312,4610930,3516630
2018,피부과,F48,19,28,456490,324390
2018,피부과,F50,4,8,94380,66580
2018,피부과,F51,501,1094,14632040,10988460
2018,피부과,F52,20,23,208740,164440
2018,피부과,F54,6,7,97900,69100
2018,피부과,F55,1,1,15310,10810
2018,피부과,F60,73,178,2177270,1810570
2018,피부과,F61,1,1,10950,7750
2018,피부과,F63,262,322,5970730,4263930
2018,피부과,F64,1,2,66220,46420
2018,피부과,F68,3,4,66950,53150
2018,피부과,F90,3,3,30060,21160
2018,피부과,F92,5,8,111130,88930
2018,피부과,F95,1,1,10950,7750
2018,피부과,F98,21,29,656230,466730
2018,피부과,G05,2,2,30620,21620
2018,피부과,G11,1,7,76650,69650
2018,피부과,G20,4,30,51960,47060
2018,피부과,G23,2,3,43010,32710
2018,피부과,G24,10,13,180230,134730
2018,피부과,G25,9,22,276560,224660
2018,피부과,G31,731,1729,23641800,19155000
2018,피부과,G40,4,6,78200,54900
2018,피부과,G43,140,266,3475770,2545170
2018,피부과,G44,26,35,488950,360350
2018,피부과,G45,1,1,13340,9340
2018,피부과,G47,867,1899,24659270,18552070
2018,피부과,G50,26,30,440860,323360
2018,피부과,G51,12,17,278690,206190
2018,피부과,G52,2,2,30620,24620
2018,피부과,G53,22124,70872,1303654940,1001631540
2018,피부과,G54,26,30,594610,441810
2018,피부과,G56,2,2,85910,60210
2018,피부과,G57,7,7,96480,76580
2018,피부과,G58,75,105,1628800,1259100
2018,피부과,G59,1,1,10950,7750
2018,피부과,G60,1,1,15310,13810
2018,피부과,G61,1,3,32850,23250
2018,피부과,G62,13,22,347640,259240
2018,피부과,G63,5,7,108720,81220
2018,피부과,G64,30,41,632920,503120
2018,피부과,G70,2,2,34420,24220
2018,피부과,G71,2,9,87590,77390
2018,피부과,G73,22,37,868740,617040
2018,피부과,G81,2,3,21250,19650
2018,피부과,G90,12,16,201760,157860
2018,피부과,G91,5,9,177040,126940
2018,피부과,G95,2,9,62580,44880
2018,피부과,G96,4,6,37350,26350
2018,피부과,G98,1,1,13340,9340
2018,피부과,G99,1,1,13330,9430
2018,피부과,H00,1672,2089,36884780,26587280
2018,피부과,H01,13731,17111,287180700,209021100
2018,피부과,H02,459,734,24155950,17158850
2018,피부과,H03,112,140,4475020,3248920
2018,피부과,H04,392,746,9680670,7214870
2018,피부과,H05,29,44,828030,609130
2018,피부과,H10,9176,11942,196295650,142387950
2018,피부과,H11,316,505,8112150,5809250
2018,피부과,H13,10,11,176010,127110
2018,피부과,H16,509,614,9831380,7211680
2018,피부과,H18,8,16,222200,162900
2018,피부과,H19,37,57,667990,479790
2018,피부과,H25,23,58,695490,588690
2018,피부과,H26,7,12,122220,98120
2018,피부과,H30,36,41,624160,452460
2018,피부과,H34,1,3,152000,106600
2018,피부과,H35,21,70,1139060,934260
2018,피부과,H36,3,9,283590,207090
2018,피부과,H40,52,86,1087730,809930
2018,피부과,H42,4,4,61240,43240
2018,피부과,H44,9,9,89190,65690
2018,피부과,H51,1,1,7980,5680
2018,피부과,H52,1,1,16200,12800
2018,피부과,H57,4,6,77700,57900
2018,피부과,H58,1,1,15310,10810
2018,피부과,H60,2181,3558,79008370,56345970
2018,피부과,H61,36,64,2470570,1759270
2018,피부과,H62,10,13,185390,151990
2018,피부과,H65,5,5,58440,41340
2018,피부과,H66,9,15,224280,162280
2018,피부과,H67,1,2,25400,20100
2018,피부과,H70,1,1,34510,24210
2018,피부과,H80,1,1,15310,13810
2018,피부과,H81,23,50,556070,444770
2018,피부과,H92,3,5,117520,82620
2018,피부과,H93,10,17,204690,152490
2018,피부과,H95,1,1,45370,31770
2018,피부과,I00,1,21,234730,203230
2018,피부과,I10,521,1622,17619570,13622610
2018,피부과,I11,26,81,753860,574660
2018,피부과,I12,1,13,142350,100750
2018,피부과,I13,1,1,15310,10810
2018,피부과,I15,25,73,815600,619500
2018,피부과,I20,20,53,510150,411550
2018,피부과,I21,2,2,30620,21620
2018,피부과,I22,1,1,0,0
2018,피부과,I23,1,3,123500,86600
2018,피부과,I25,2,2,21900,17200
2018,피부과,I30,1,1,12660,8960
2018,피부과,I42,1,11,184380,166780
2018,피부과,I47,1,2,44470,32970
2018,피부과,I48,3,5,54700,38400
2018,피부과,I49,6,75,843890,723690
2018,피부과,I50,1,3,0,0
2018,피부과,I51,2,2,26260,18560
2018,피부과,I61,1,7,14890,10790
2018,피부과,I62,1,4,52520,46520
2018,피부과,I63,5,15,184930,153130
2018,피부과,I67,5,10,137490,105090
2018,피부과,I69,1,1,10950,9450
2018,피부과,I70,5,11,119070,85870
2018,피부과,I71,1,1,13340,11840
2018,피부과,I72,1,1,15310,10810
2018,피부과,I73,927,1618,24452460,18361360
2018,피부과,I77,4,6,53530,37630
2018,피부과,I78,1845,2073,41866400,30719900
2018,피부과,I79,3,4,48160,34060
2018,피부과,I80,34,77,1161150,869050
2018,피부과,I83,217,551,8903870,6629670
2018,피부과,I86,17,19,289770,220270
2018,피부과,I87,106,170,2526950,1867050
2018,피부과,I88,36,37,618770,439670
2018,피부과,I89,40,56,921280,669980
2018,피부과,I95,3,3,43910,31010
2018,피부과,I97,1,1,19110,13410
2018,피부과,I99,3,3,38920,29220
2018,피부과,J00,1402,2504,34193710,25102090
2018,피부과,J01,64,106,1226440,895340
2018,피부과,J02,237,449,5894220,4413720
2018,피부과,J03,434,665,9328230,6779330
2018,피부과,J04,192,336,4564100,3544700
2018,피부과,J05,1,1,11500,9100
2018,피부과,J06,679,1157,15704110,11406210
2018,피부과,J10,20,22,261320,191920
2018,피부과,J11,45,75,956410,713210
2018,피부과,J12,2,5,54750,47250
2018,피부과,J15,3,5,63890,51690
2018,피부과,J18,8,12,101130,71330
2018,피부과,J20,365,700,9791300,7204300
2018,피부과,J21,40,90,1128280,837680
2018,피부과,J22,13,16,231290,164290
2018,피부과,J30,2190,4701,92604450,66712450
2018,피부과,J31,38,65,1039850,744950
2018,피부과,J32,20,54,531900,409100
2018,피부과,J34,1624,2600,54462230,38656030
2018,피부과,J35,63,100,1871670,1391170
2018,피부과,J36,22,42,506940,361540
2018,피부과,J37,1,1,32160,22560
2018,피부과,J39,27,34,578460,415760
2018,피부과,J40,124,164,2484240,1856140
2018,피부과,J41,21,51,512880,389480
2018,피부과,J42,13,31,354360,288360
2018,피부과,J44,10,64,909960,708060
2018,피부과,J45,73,162,2510720,1804420
2018,피부과,J46,2,2,34420,24220
2018,피부과,J47,1,1,13340,11840
2018,피부과,J68,1,2,26260,18560
2018,피부과,J93,1,1,15310,10810
2018,피부과,J98,2,2,26270,18570
2018,피부과,K00,11,37,853580,599880
2018,피부과,K03,2,4,88880,62280
2018,피부과,K04,2,3,37210,26310
2018,피부과,K05,14,15,210370,158770
2018,피부과,K06,3,3,51640,41440
2018,피부과,K07,5,6,93660,65860
2018,피부과,K09,2,2,30620,21620
2018,피부과,K10,4,5,81560,58860
2018,피부과,K11,89,117,3931500,2788700
2018,피부과,K12,2371,4243,64271940,49988440
2018,피부과,K13,17529,24807,389505880,282446080
2018,피부과,K14,115,193,2960350,2394050
2018,피부과,K20,19,48,813100,584300
2018,피부과,K21,1105,2059,32921970,23975270
2018,피부과,K22,4,5,21900,15500
2018,피부과,K23,10,15,352040,258640
2018,피부과,K25,652,1106,19218010,14151610
2018,피부과,K26,17,35,383470,284870
2018,피부과,K27,215,343,5788850,4191650
2018,피부과,K28,13,38,494200,378600
2018,피부과,K29,28110,51523,936068260,678805360
2018,피부과,K30,8483,16422,337317750,242584350
2018,피부과,K31,137,183,3141160,2254060
2018,피부과,K40,32,34,526540,426840
2018,피부과,K41,1,1,19110,17210
2018,피부과,K42,2,2,40130,28130
2018,피부과,K43,5,5,80350,65650
2018,피부과,K44,1,1,15310,10810
2018,피부과,K45,3,3,45930,35430
2018,피부과,K46,5,5,72190,56990
2018,피부과,K50,2,2,26260,18560
2018,피부과,K51,1,2,55090,49590
2018,피부과,K52,58,81,2016860,1474860
2018,피부과,K55,2,2,15310,10810
2018,피부과,K57,1,1,15310,10810
2018,피부과,K58,106,188,3041520,2307520
2018,피부과,K59,312,600,9097450,6913350
2018,피부과,K60,8,20,249380,195980
2018,피부과,K61,10,13,276400,200300
2018,피부과,K62,8,17,235700,187800
2018,피부과,K63,11,13,187220,140120
2018,피부과,K64,70,87,1259880,950780
2018,피부과,K70,29,85,1169080,854380
2018,피부과,K71,36,93,2747440,1971640
2018,피부과,K73,28,64,1185720,842520
2018,피부과,K74,6,7,89830,67730
2018,피부과,K75,50,75,1773550,1265950
2018,피부과,K76,179,275,6334650,4524450
2018,피부과,K77,6,8,94090,69490
2018,피부과,K80,3,4,50550,35650
2018,피부과,K81,4,4,56320,41420
2018,피부과,K82,2,3,56790,39990
2018,피부과,K85,1,1,22250,15650
2018,피부과,K86,1,8,182610,146170
2018,피부과,K91,7,8,209330,149930
2018,피부과,K92,46,124,1829370,1378070
2018,피부과,K93,1,1,15310,10810
2018,피부과,L00,58,81,1202470,936970
2018,피부과,L01,66661,126193,2267562110,1684079110
2018,피부과,L02,382326,725061,14917632360,10655582120
2018,피부과,L03,126135,232154,4395819130,3191977910
2018,피부과,L04,328,474,7907360,5733660
2018,피부과,L05,10419,20273,370045910,263340210
2018,피부과,L08,227708,410161,7561603390,5497065040
2018,피부과,L10,174,696,10732240,8465940
2018,피부과,L11,1387,1635,27755780,19848080
2018,피부과,L12,197,549,8146370,6558770
2018,피부과,L13,1185,2422,44954800,32723200
2018,피부과,L14,14,17,295290,221990
2018,피부과,L20,310544,790904,14743386460,10636657160
2018,피부과,L21,405031,810975,12525414050,9234356950
2018,피부과,L22,249,289,4828160,3821760
2018,피부과,L23,1835177,3539755,58579402850,43127087750
2018,피부과,L24,761620,1265125,20556432890,15101557490
2018,피부과,L25,153173,258153,4126375550,3040676310
2018,피부과,L26,2100,3227,53358590,39156590
2018,피부과,L27,24849,45607,742097540,551373080
2018,피부과,L28,232486,500659,10673022060,7749198360
2018,피부과,L29,66611,134645,2063838410,1603079710
2018,피부과,L30,549608,974834,15897133980,11679595800
2018,피부과,L40,71612,414346,12136012190,8682693990
2018,피부과,L41,3334,10884,277806660,198564460
2018,피부과,L42,28654,58279,1259406700,892226300
2018,피부과,L43,2013,4521,94390690,68603890
2018,피부과,L44,6833,10051,177514780,130507780
2018,피부과,L45,10,40,637080,455480
2018,피부과,L50,458365,1063919,19058374070,13865348540
2018,피부과,L51,10826,23119,353168930,258791730
2018,피부과,L52,1923,4772,69897710,51488110
2018,피부과,L53,24076,45055,739273980,544230280
2018,피부과,L54,939,1955,30614330,22931930
2018,피부과,L55,6768,8170,156646720,111246020
2018,피부과,L56,12254,17679,273846010,201169410
2018,피부과,L57,6946,11390,362039430,267573430
2018,피부과,L58,25,35,768730,574730
2018,피부과,L59,812,983,16142630,11531730
2018,피부과,L60,48487,89406,2093688140,1503761040
2018,피부과,L62,116,139,2276660,1644360
2018,피부과,L63,92154,422027,12831658300,9031698400
2018,피부과,L64,5418,7705,142478810,100982410
2018,피부과,L65,8404,11780,205547040,147739740
2018,피부과,L66,1026,2166,42408590,30152490
2018,피부과,L67,169,243,5049210,3881610
2018,피부과,L68,103,120,1342380,947180
2018,피부과,L70,20601,45334,784516660,554028760
2018,피부과,L71,11010,25398,374754760,268799260
2018,피부과,L72,65520,121766,4481626930,3184484730
2018,피부과,L73,131846,257066,4127095590,2944802190
2018,피부과,L74,9390,11936,187416150,139172050
2018,피부과,L75,271,362,16082380,11326880
2018,피부과,L80,45995,739065,40090670070,28379331770
2018,피부과,L81,15516,19322,338787950,247465450
2018,피부과,L82,5027,6224,146900320,109359120
2018,피부과,L83,679,1014,16471100,11763300
2018,피부과,L84,124911,261305,12144774380,8589668780
2018,피부과,L85,121351,193580,3062975360,2331788760
2018,피부과,L86,331,451,7402700,5535300
2018,피부과,L87,458,591,11407760,8170160
2018,피부과,L88,31,150,3725570,2644070
2018,피부과,L89,754,2088,43456960,33465260
2018,피부과,L90,7374,13826,334174590,238088990
2018,피부과,L91,74640,217203,6734789690,4738302790
2018,피부과,L92,3956,6815,226067200,161299200
2018,피부과,L93,206,551,12420800,8846000
2018,피부과,L94,362,846,20211350,14369550
2018,피부과,L95,3019,5558,87962980,65567280
2018,피부과,L97,361,1019,19983560,15060460
2018,피부과,L98,12451,26656,715493540,524474040
2018,피부과,L99,494,733,13224060,9949860
2018,피부과,M00,3,3,90300,69400
2018,피부과,M01,1,1,15310,10810
2018,피부과,M02,8,10,216550,161450
2018,피부과,M05,8,12,206700,167200
2018,피부과,M06,34,44,825240,633240
2018,피부과,M07,25,193,77388370,69593370
2018,피부과,M08,2,4,52520,46520
2018,피부과,M10,62,131,1752400,1328800
2018,피부과,M11,2,3,35240,29040
2018,피부과,M12,5,8,146250,110450
2018,피부과,M13,236,393,5302680,4177980
2018,피부과,M14,1,1,19110,13410
2018,피부과,M15,76,158,1986670,1639470
2018,피부과,M17,49,109,1328080,1102180
2018,피부과,M18,3,4,15310,13810
2018,피부과,M19,62,87,1490680,1107780
2018,피부과,M20,7,7,97830,75330
2018,피부과,M22,1,1,15310,10810
2018,피부과,M23,2,2,30620,21620
2018,피부과,M24,7,11,154330,116430
2018,피부과,M25,528,865,20962340,15208040
2018,피부과,M30,2,8,161510,113610
2018,피부과,M31,51,90,1460510,1088510
2018,피부과,M32,26,66,1371160,1111060
2018,피부과,M33,12,39,685740,494940
2018,피부과,M34,13,90,7739920,6824620
2018,피부과,M35,272,980,14625910,11534610
2018,피부과,M45,7,20,318480,283780
2018,피부과,M46,2,2,15310,13810
2018,피부과,M47,3,6,80390,61290
2018,피부과,M48,21,47,503820,422820
2018,피부과,M49,1,1,13340,9340
2018,피부과,M50,8,17,216950,164350
2018,피부과,M51,12,21,188670,146470
2018,피부과,M53,82,163,3723590,2771490
2018,피부과,M54,323,569,10458130,7567230
2018,피부과,M60,407,541,23747340,17016540
2018,피부과,M62,39,52,667850,484150
2018,피부과,M65,6,12,219570,154170
2018,피부과,M66,2,2,58480,41080
2018,피부과,M67,247,406,10268170,7429870
2018,피부과,M68,1,1,15310,10810
2018,피부과,M70,4,4,63070,48170
2018,피부과,M71,33,54,1350340,1027540
2018,피부과,M72,413,859,31577270,22593570
2018,피부과,M73,517,822,14624690,10432690
2018,피부과,M75,8,12,116950,89750
2018,피부과,M76,2,2,38220,26820
2018,피부과,M77,10,16,154900,118100
2018,피부과,M79,13578,17996,835373150,598764950
2018,피부과,M80,2,2,18810,13310
2018,피부과,M81,19,32,453000,365100
2018,피부과,M82,2,2,34420,27220
2018,피부과,M83,1,1,19110,17210
2018,피부과,M84,1,1,0,0
2018,피부과,M85,8,15,228760,162760
2018,피부과,M88,2,2,30620,27620
2018,피부과,M89,9,11,154570,112070
2018,피부과,M92,1,1,15310,10810
2018,피부과,M94,4,5,72190,50990
2018,피부과,M99,4,4,59970,42170
2018,피부과,N00,4,4,70750,49750
2018,피부과,N01,1,1,16200,12800
2018,피부과,N02,14,18,277240,225440
2018,피부과,N03,2,2,39000,29600
2018,피부과,N10,60,165,2683510,1972410
2018,피부과,N11,1,3,57450,40350
2018,피부과,N12,3,7,145560,112260
2018,피부과,N13,2,3,52270,36770
2018,피부과,N17,1,1,10950,9450
2018,피부과,N18,14,95,2385560,2130160
2018,피부과,N19,4,8,249820,181220
2018,피부과,N20,36,38,609270,459170
2018,피부과,N21,72,102,1767120,1327720
2018,피부과,N22,1,1,10950,7750
2018,피부과,N25,1,3,41570,37570
2018,피부과,N28,18,25,483120,364020
2018,피부과,N30,7162,16934,269363690,206719260
2018,피부과,N31,1877,4738,81715830,63367730
2018,피부과,N32,60,109,1668550,1312950
2018,피부과,N33,1,1,15310,10810
2018,피부과,N34,4206,9291,240375800,172211000
2018,피부과,N35,2,2,30620,21620
2018,피부과,N36,11,18,2723790,1918890
2018,피부과,N37,2,4,60820,42820
2018,피부과,N39,979,2305,37353080,28613280
2018,피부과,N40,10800,42445,620500890,492528290
2018,피부과,N41,1969,4895,96612690,70849390
2018,피부과,N42,31,57,622380,487780
2018,피부과,N43,24,25,563800,417300
2018,피부과,N44,2,2,30620,21620
2018,피부과,N45,387,773,11771240,8596840
2018,피부과,N46,8,16,269950,193950
2018,피부과,N47,8,9,441430,309430
2018,피부과,N48,849,1233,19618060,14960260
2018,피부과,N49,33,65,974960,722060
2018,피부과,N50,25,38,562020,409020
2018,피부과,N51,8,9,149190,105090
2018,피부과,N60,3,3,49730,38030
2018,피부과,N61,2,2,34420,27220
2018,피부과,N62,6,7,1131070,795270
2018,피부과,N63,2,2,30620,21620
2018,피부과,N64,4,4,56880,40180
2018,피부과,N72,5,5,91300,64300
2018,피부과,N73,4,6,87340,61540
2018,피부과,N75,1,2,32110,22510
2018,피부과,N76,150,265,5556130,4138030
2018,피부과,N77,20,76,997960,740260
2018,피부과,N80,4,5,70220,49520
2018,피부과,N81,1,1,19110,18110
2018,피부과,N84,2,3,15310,10810
2018,피부과,N87,1,1,10950,7750
2018,피부과,N90,3,3,45940,38440
2018,피부과,N91,10,11,180980,127580
2018,피부과,N92,6,6,101560,71560
2018,피부과,N93,3,6,75670,53270
2018,피부과,N94,21,34,439750,310150
2018,피부과,N95,109,258,3574900,2694800
2018,피부과,N97,1,1,15310,10810
2018,피부과,O21,1,3,41990,29490
2018,피부과,O26,19,25,392400,288100
2018,피부과,O34,1,1,15310,10810
2018,피부과,O35,1,1,15310,10810
2018,피부과,O60,1,1,10950,7750
2018,피부과,O99,12,13,209870,155470
2018,피부과,P21,1,2,32450,22750
2018,피부과,P22,2,2,34420,24220
2018,피부과,P35,3,4,65040,48840
2018,피부과,P39,1,1,15310,10810
2018,피부과,P57,1,1,16980,11980
2018,피부과,P80,1,1,15310,10810
2018,피부과,P83,3,3,51950,38150
2018,피부과,Q15,1,1,10950,9450
2018,피부과,Q17,7,8,130240,97540
2018,피부과,Q18,5,5,90610,66210
2018,피부과,Q27,89,105,2798110,2090310
2018,피부과,Q28,1,1,10950,7750
2018,피부과,Q36,7,8,115030,83530
2018,피부과,Q38,1,1,15310,10810
2018,피부과,Q43,1,1,15310,13810
2018,피부과,Q53,8,8,128200,97500
2018,피부과,Q54,1,1,20000,15800
2018,피부과,Q55,1,1,19110,13410
2018,피부과,Q61,1,1,15310,13810
2018,피부과,Q67,2,2,31510,23610
2018,피부과,Q77,1,1,23050,16150
2018,피부과,Q78,1,1,15310,10810
2018,피부과,Q80,240,419,6569800,4741400
2018,피부과,Q81,24,38,571000,426600
2018,피부과,Q82,5088,13338,973582990,714363690
2018,피부과,Q83,6,6,92750,69850
2018,피부과,Q84,30,36,698070,509070
2018,피부과,Q85,436,910,42678560,32920460
2018,피부과,Q87,3,4,61240,49240
2018,피부과,Q89,5,5,89350,67750
2018,피부과,Q90,2,10,108260,97960
2018,피부과,R00,8,8,106050,74750
2018,피부과,R02,37,183,3467550,2570150
2018,피부과,R03,13,47,608230,452630
2018,피부과,R04,4,5,71070,53470
2018,피부과,R05,97,140,1680450,1220150
2018,피부과,R06,2,2,26280,20780
2018,피부과,R07,14,15,212690,161890
2018,피부과,R09,8,28,319120,264820
2018,피부과,R10,54,67,1510150,1103850
2018,피부과,R11,36,59,799330,587030
2018,피부과,R12,2416,3818,74488760,53589360
2018,피부과,R17,2,2,137450,98050
2018,피부과,R19,5,7,90910,67210
2018,피부과,R20,198,227,3480690,2635290
2018,피부과,R21,746,1505,21047060,16350160
2018,피부과,R22,564,905,30856150,21922450
2018,피부과,R23,3660,4613,77265190,56444390
2018,피부과,R25,5,8,32850,24950
2018,피부과,R29,2,2,40120,28120
2018,피부과,R30,160,202,3352170,2587370
2018,피부과,R31,263,377,11447040,8376940
2018,피부과,R32,235,535,7261710,5937810
2018,피부과,R33,3,3,70680,55080
2018,피부과,R34,1,1,10950,9450
2018,피부과,R35,358,987,12931690,10426490
2018,피부과,R39,48,54,926380,678080
2018,피부과,R40,1,6,56790,40290
2018,피부과,R42,28,40,807750,608350
2018,피부과,R45,1,1,10950,9450
2018,피부과,R47,1,1,0,0
2018,피부과,R50,150,706,13072380,10216580
2018,피부과,R51,202,277,4395500,3257400
2018,피부과,R52,3531,6862,121412600,88893000
2018,피부과,R53,54,91,1415290,997490
2018,피부과,R56,2,3,82410,57810
2018,피부과,R57,41,51,853520,617920
2018,피부과,R58,12,15,231820,175120
2018,피부과,R59,54,55,915630,650530
2018,피부과,R60,113,176,2468510,1865910
2018,피부과,R61,1704,2195,34129790,24391290
2018,피부과,R63,6,8,163700,121300
2018,피부과,R68,66,73,1234510,878810
2018,피부과,R69,11,13,209600,150800
2018,피부과,R73,2,3,178380,125080
2018,피부과,R74,1,1,62810,44010
2018,피부과,R76,2,2,36470,25570
2018,피부과,R79,4,4,52530,37130
2018,피부과,R80,2,2,40400,31800
2018,피부과,R81,19,57,765410,570610
2018,피부과,R82,2,2,38830,27230
2018,피부과,R86,1,1,19110,13410
2018,피부과,R87,1,2,98100,68800
2018,피부과,R89,2,3,41570,29370
2018,피부과,R91,8,8,145070,103370
2018,피부과,R94,128,234,4953160,3531760
2018,피부과,S00,24181,64026,1274270700,934730500
2018,피부과,S01,8557,22497,487328290,357182590
2018,피부과,S02,8,13,278790,200290
2018,피부과,S03,5,12,148440,108540
2018,피부과,S04,1,1,19110,13410
2018,피부과,S05,16,21,375290,279790
2018,피부과,S07,12,44,880500,662300
2018,피부과,S08,6,16,297490,239890
2018,피부과,S09,48,94,2283320,1650320
2018,피부과,S10,447,843,16220840,11735840
2018,피부과,S11,108,249,5279350,3818950
2018,피부과,S13,20,27,349110,259910
2018,피부과,S14,1,1,10950,7750
2018,피부과,S15,3,8,214040,150340
2018,피부과,S20,457,882,17120700,12728600
2018,피부과,S21,117,237,5366050,3882050
2018,피부과,S22,2,2,30620,21620
2018,피부과,S23,10,15,212860,179060
2018,피부과,S27,1,1,15310,10810
2018,피부과,S29,1,1,24820,17420
2018,피부과,S30,593,1106,21593430,15942530
2018,피부과,S31,151,394,8496880,6233880
2018,피부과,S33,86,156,2264120,1688820
2018,피부과,S35,1,1,15310,13810
2018,피부과,S37,3,3,61150,42950
2018,피부과,S40,810,1651,33373950,24263350
2018,피부과,S41,123,333,6765450,4859850
2018,피부과,S43,14,19,239940,184640
2018,피부과,S45,2,8,152040,106740
2018,피부과,S46,2,2,40080,28180
2018,피부과,S49,3,5,98400,69200
2018,피부과,S50,2175,5394,112801370,82294470
2018,피부과,S51,756,1995,42550490,30800090
2018,피부과,S53,4,5,67830,47930
2018,피부과,S55,4,13,272080,218480
2018,피부과,S56,5,10,329480,233280
2018,피부과,S59,6,18,354600,267500
2018,피부과,S60,5467,10083,232685710,168184510
2018,피부과,S61,3471,8157,173217820,124882820
2018,피부과,S62,1,1,15310,10810
2018,피부과,S63,6,6,81700,57500
2018,피부과,S65,71,157,3398010,2415210
2018,피부과,S66,13,39,771240,542640
2018,피부과,S67,3,3,56320,42920
2018,피부과,S69,29,58,1256550,885950
2018,피부과,S70,627,1353,27565330,20449730
2018,피부과,S71,155,420,8219970,6243870
2018,피부과,S72,1,3,9190,6590
2018,피부과,S73,1,1,15310,10810
2018,피부과,S75,1,1,15310,13810
2018,피부과,S76,1,4,102850,82650
2018,피부과,S79,2,2,43220,30320
2018,피부과,S80,7071,19333,387933440,280007040
2018,피부과,S81,1639,5516,112177430,81494130
2018,피부과,S83,1,1,15310,10810
2018,피부과,S85,6,15,292680,208480
2018,피부과,S86,3,4,74550,52450
2018,피부과,S87,11,67,1457660,1023960
2018,피부과,S89,17,42,823020,616420
2018,피부과,S90,4426,8156,169744470,124376370
2018,피부과,S91,1642,3404,70252540,51561440
2018,피부과,S93,16,22,343310,252310
2018,피부과,S94,1,1,19110,13410
2018,피부과,S95,8,14,318530,229230
2018,피부과,S97,7,8,158690,117290
2018,피부과,S99,14,30,580460,417060
2018,피부과,T00,41025,90174,1790498860,1310207360
2018,피부과,T01,1565,4383,92303990,67462290
2018,피부과,T02,2,2,36330,29030
2018,피부과,T03,1,1,19110,13410
2018,피부과,T04,30,77,1764650,1259050
2018,피부과,T09,340,658,13387170,9752670
2018,피부과,T10,1,3,37210,32710
2018,피부과,T11,165,454,9121320,6657920
2018,피부과,T13,298,710,15036340,10879840
2018,피부과,T14,86562,162894,3156933150,2311835450
2018,피부과,T15,4,6,184850,129950
2018,피부과,T16,6,8,279860,196460
2018,피부과,T20,13628,33490,1520264080,1077843580
2018,피부과,T21,7874,24524,907505330,643991530
2018,피부과,T22,19180,56066,2063984940,1459677740
2018,피부과,T23,33351,83342,3775257520,2689282420
2018,피부과,T24,14692,53456,1999514670,1416654270
2018,피부과,T25,6573,23511,1043406990,742496990
2018,피부과,T26,93,156,5399560,3827660
2018,피부과,T27,1,1,23790,19090
2018,피부과,T28,8,9,203020,152220
2018,피부과,T29,4079,12182,489965890,348083690
2018,피부과,T30,34289,93777,3742718930,2654161030
2018,피부과,T31,7448,19243,649951410,461281910
2018,피부과,T32,2,4,54320,38120
2018,피부과,T33,945,1486,26375230,19395130
2018,피부과,T34,24,36,1413060,1015060
2018,피부과,T35,448,682,14627210,10522810
2018,피부과,T36,1,1,22250,15650
2018,피부과,T44,1,1,12660,8960
2018,피부과,T46,1,4,0,0
2018,피부과,T49,6,21,255660,186760
2018,피부과,T50,1,1,15320,10820
2018,피부과,T52,1,1,15310,13810
2018,피부과,T56,2,2,34420,24220
2018,피부과,T57,1,1,15310,10810
2018,피부과,T59,1,1,15310,10810
2018,피부과,T60,16,18,298160,216460
2018,피부과,T62,32,46,742030,552330
2018,피부과,T63,8587,11236,186374070,138829670
2018,피부과,T64,2,2,52390,41490
2018,피부과,T65,1,1,15310,10810
2018,피부과,T67,5,7,106580,85080
2018,피부과,T69,9646,13110,208630630,152252430
2018,피부과,T70,1,1,12660,8960
2018,피부과,T73,6,8,122770,95570
2018,피부과,T74,1,1,5830,4330
2018,피부과,T75,5,6,83220,58620
2018,피부과,T78,3759,6351,115098450,82907450
2018,피부과,T79,1597,3367,75081290,54272090
2018,피부과,T81,24,52,1024510,736510
2018,피부과,T85,2,2,27970,19770
2018,피부과,T87,1,2,149800,105000
2018,피부과,T88,82,130,2065750,1531950
2018,피부과,T90,4,4,86920,63520
2018,피부과,T91,4,11,202680,142580
2018,피부과,T92,1,1,21020,14720
2018,피부과,T93,3,13,226760,159660
2018,피부과,T95,104,204,6272060,4451360
2018,피부과,T98,1,1,15310,13810
2018,피부과,Z00,45,45,714290,511890
2018,피부과,Z01,7,7,523920,368220
2018,피부과,Z02,5,5,10950,7750
2018,피부과,Z03,375,402,14867430,10636230
2018,피부과,Z04,43,43,699630,522530
2018,피부과,Z09,1,1,19110,13410
2018,피부과,Z10,1,1,0,0
2018,피부과,Z20,4,4,60670,45770
2018,피부과,Z22,1,1,19100,13400
2018,피부과,Z23,1,1,15310,10810
2018,피부과,Z26,4,4,38220,26820
2018,피부과,Z30,3,4,66870,46970
2018,피부과,Z32,1,2,65010,45610
2018,피부과,Z34,4,4,206620,144820
2018,피부과,Z41,1,1,2060,1460
2018,피부과,Z42,5,12,328010,230410
2018,피부과,Z46,1,1,15310,10810
2018,피부과,Z48,614,1137,21049320,15715420
2018,피부과,Z53,1,1,17110,12010
2018,피부과,Z70,1,1,10950,9450
2018,피부과,Z71,502,539,7793550,5781850
2018,피부과,Z72,5,9,138780,106980
2018,피부과,Z80,1,1,17150,16350
2018,피부과,Z82,5,12,129320,101120
2018,피부과,Z87,1,2,30620,21620
2018,피부과,Z88,49,105,4579610,3225910
2018,피부과,Z91,1,1,17240,15540
2018,피부과,Z93,1,42,716030,644730
2018,피부과,Z94,1,1,19660,13860
2018,피부과,Z95,5,5,82980,59780
2018,피부과,Z98,59,123,2342140,1691240
2018,비뇨기과,A04,113,158,2523580,1885080
2018,비뇨기과,A05,17,32,454070,369170
2018,비뇨기과,A06,16,18,310320,218520
2018,비뇨기과,A07,3,3,41590,32390
2018,비뇨기과,A08,20,30,493530,359530
2018,비뇨기과,A09,182,243,3908300,2921000
2018,비뇨기과,A15,2,2,29240,27940
2018,비뇨기과,A16,1,4,204900,143700
2018,비뇨기과,A18,23,184,2899970,2360070
2018,비뇨기과,A26,7,14,194510,156310
2018,비뇨기과,A28,3,3,49730,35030
2018,비뇨기과,A31,8,12,233060,163760
2018,비뇨기과,A35,1,1,10950,7750
2018,비뇨기과,A41,1,1,19110,13410
2018,비뇨기과,A42,1,1,15310,10810
2018,비뇨기과,A46,83,178,3298820,2420420
2018,비뇨기과,A48,74,89,1700600,1201000
2018,비뇨기과,A49,1295,2498,109540190,77097790
2018,비뇨기과,A50,6,8,206520,148120
2018,비뇨기과,A51,1679,3032,224132420,157526330
2018,비뇨기과,A52,122,234,9027170,6396470
2018,비뇨기과,A53,2024,4105,168114410,118916400
2018,비뇨기과,A54,5908,12280,566331420,397569820
2018,비뇨기과,A55,24,52,1517550,1077050
2018,비뇨기과,A56,10558,22176,913643110,642519510
2018,비뇨기과,A57,118,285,6906650,4944750
2018,비뇨기과,A58,3,4,60680,42780
2018,비뇨기과,A59,2516,3740,105626810,74609810
2018,비뇨기과,A60,34653,70226,1587764920,1138646720
2018,비뇨기과,A63,40366,76721,5536809340,3889665840
2018,비뇨기과,A64,17120,33061,2275340180,1595863280
2018,비뇨기과,A65,2,2,30620,21620
2018,비뇨기과,A66,24,29,464640,351640
2018,비뇨기과,A67,1,1,15310,10810
2018,비뇨기과,A69,37,113,1765670,1498670
2018,비뇨기과,A71,10,10,114840,84440
2018,비뇨기과,A74,335,587,19010880,13353880
2018,비뇨기과,A75,4,11,227230,173530
2018,비뇨기과,A77,5,7,102800,72500
2018,비뇨기과,A81,1,3,595610,417110
2018,비뇨기과,A88,1,1,15310,13810
2018,비뇨기과,A93,1,1,10950,9450
2018,비뇨기과,B00,70072,116975,1967395720,1455257730
2018,비뇨기과,B01,590,1254,18366120,13358320
2018,비뇨기과,B02,60411,174594,3051336070,2301211070
2018,비뇨기과,B07,42575,80382,3520645850,2492868050
2018,비뇨기과,B08,11262,15233,484627450,356081050
2018,비뇨기과,B09,461,619,9369310,6941410
2018,비뇨기과,B17,26,29,601390,431890
2018,비뇨기과,B18,21,41,1197100,843600
2018,비뇨기과,B19,2,2,71210,49910
2018,비뇨기과,B20,6,20,363970,295570
2018,비뇨기과,B21,1,1,12660,11160
2018,비뇨기과,B23,1,1,10950,7750
2018,비뇨기과,B24,1,1,25890,18190
2018,비뇨기과,B25,1,1,15310,10810
2018,비뇨기과,B26,3,3,53820,39320
2018,비뇨기과,B30,38,50,810050,628250
2018,비뇨기과,B33,4,10,215710,153110
2018,비뇨기과,B34,56,83,2469360,1765960
2018,비뇨기과,B35,349800,787106,11649102910,8770508670
2018,비뇨기과,B36,10407,17287,270141810,196056510
2018,비뇨기과,B37,3395,5834,116376440,85842840
2018,비뇨기과,B38,3,5,84460,65760
2018,비뇨기과,B40,9,16,206460,166560
2018,비뇨기과,B43,210,581,15099260,10625560
2018,비뇨기과,B46,3,4,66310,49710
2018,비뇨기과,B47,2,2,75080,52680
2018,비뇨기과,B48,54,599,7758300,6106200
2018,비뇨기과,B49,598,1158,15855550,11827250
2018,비뇨기과,B53,1,1,15310,10810
2018,비뇨기과,B54,2,2,28100,19800
2018,비뇨기과,B58,1,3,46860,32860
2018,비뇨기과,B60,77,117,3200420,2254020
2018,비뇨기과,B66,2,6,84630,70630
2018,비뇨기과,B70,1,4,113360,79660
2018,비뇨기과,B71,1,1,13340,11840
2018,비뇨기과,B79,1,1,19110,13410
2018,비뇨기과,B81,1,1,10950,7750
2018,비뇨기과,B82,1,1,118650,83150
2018,비뇨기과,B83,10,10,181570,134170
2018,비뇨기과,B85,7196,8966,186277310,133703410
2018,비뇨기과,B86,4660,7826,122889840,91563740
2018,비뇨기과,B88,325,489,37243130,26369830
2018,비뇨기과,B90,1,2,21900,18900
2018,비뇨기과,B94,1,1,10950,7750
2018,비뇨기과,B95,3,6,86650,77250
2018,비뇨기과,B97,24,39,3332210,2334910
2018,비뇨기과,C03,1,4,73390,69890
2018,비뇨기과,C08,2,2,42050,40050
2018,비뇨기과,C09,3,8,235040,209140
2018,비뇨기과,C11,4,4,65280,59680
2018,비뇨기과,C14,1,1,15310,13810
2018,비뇨기과,C15,9,37,448860,428860
2018,비뇨기과,C16,67,309,8622150,8175550
2018,비뇨기과,C17,1,1,15310,14610
2018,비뇨기과,C18,62,313,10342990,9782190
2018,비뇨기과,C19,4,34,1551890,1476290
2018,비뇨기과,C20,22,117,4893150,4622450
2018,비뇨기과,C21,2,2,49600,47200
2018,비뇨기과,C22,59,206,11162810,10604410
2018,비뇨기과,C23,5,12,319400,304100
2018,비뇨기과,C24,5,20,1565140,1484740
2018,비뇨기과,C25,16,45,1327810,1221710
2018,비뇨기과,C26,2,19,810490,770690
2018,비뇨기과,C30,1,2,65500,61300
2018,비뇨기과,C32,3,9,405990,385890
2018,비뇨기과,C34,58,268,7355150,7000450
2018,비뇨기과,C37,1,1,21570,20570
2018,비뇨기과,C41,1,1,15310,14610
2018,비뇨기과,C43,113,170,4236430,3307130
2018,비뇨기과,C44,177,563,18506110,16557210
2018,비뇨기과,C46,1,8,106720,101920
2018,비뇨기과,C47,1,1,66340,63040
2018,비뇨기과,C49,13,20,1299100,953300
2018,비뇨기과,C50,42,111,3284400,3112900
2018,비뇨기과,C51,1,1,37400,30000
2018,비뇨기과,C53,19,48,1740350,1553150
2018,비뇨기과,C54,2,2,297080,284280
2018,비뇨기과,C55,1,2,55360,38760
2018,비뇨기과,C56,5,7,545410,442910
2018,비뇨기과,C60,16,20,606900,452800
2018,비뇨기과,C61,6038,20090,1356133860,1191328730
2018,비뇨기과,C62,189,258,17004150,12704650
2018,비뇨기과,C63,32,49,3963930,2846130
2018,비뇨기과,C64,232,560,32203930,26338320
2018,비뇨기과,C65,37,113,4016800,3436700
2018,비뇨기과,C66,46,143,4928920,4412220
2018,비뇨기과,C67,1417,4921,442526540,384697360
2018,비뇨기과,C68,8,23,1821560,1515160
2018,비뇨기과,C71,8,18,480960,453660
2018,비뇨기과,C72,2,21,829830,789430
2018,비뇨기과,C73,55,284,8840790,8116490
2018,비뇨기과,C74,2,9,532900,506200
2018,비뇨기과,C75,3,11,189580,178280
2018,비뇨기과,C76,2,2,258670,216570
2018,비뇨기과,C77,1,1,15310,14610
2018,비뇨기과,C78,7,32,479340,462540
2018,비뇨기과,C79,12,87,3845240,3617140
2018,비뇨기과,C80,5,9,492500,448900
2018,비뇨기과,C81,1,1,10950,10450
2018,비뇨기과,C82,5,10,276600,263300
2018,비뇨기과,C83,9,59,995990,944090
2018,비뇨기과,C84,1,1,19100,18200
2018,비뇨기과,C85,5,43,616950,605650
2018,비뇨기과,C86,1,2,38860,37060
2018,비뇨기과,C90,5,9,364990,347290
2018,비뇨기과,C91,5,18,477340,454440
2018,비뇨기과,C92,5,41,1815330,1726330
2018,비뇨기과,C94,2,2,36330,34630
2018,비뇨기과,C95,1,1,10950,9450
2018,비뇨기과,C96,1,4,55590,53090
2018,비뇨기과,D00,5,6,100320,95520
2018,비뇨기과,D01,7,44,1067800,1009300
2018,비뇨기과,D02,1,24,271890,259490
2018,비뇨기과,D03,59,79,1692490,1318590
2018,비뇨기과,D04,21,156,3200540,2905540
2018,비뇨기과,D05,2,3,42250,40350
2018,비뇨기과,D07,39,123,5357250,4656720
2018,비뇨기과,D09,22,100,4080330,3846830
2018,비뇨기과,D10,42,54,2002630,1449230
2018,비뇨기과,D11,2,2,30620,21620
2018,비뇨기과,D12,55,129,19889580,14680850
2018,비뇨기과,D13,4,4,114710,80510
2018,비뇨기과,D14,2,3,207250,145250
2018,비뇨기과,D15,1,1,15310,10810
2018,비뇨기과,D16,3,5,80410,65510
2018,비뇨기과,D17,12459,22575,1193399210,850062840
2018,비뇨기과,D18,911,1197,39348030,28372310
2018,비뇨기과,D19,7,9,521070,365370
2018,비뇨기과,D20,2,7,722830,522730
2018,비뇨기과,D21,2839,4748,284018740,202004740
2018,비뇨기과,D22,854,1017,20047430,14699230
2018,비뇨기과,D23,38335,64399,3274895630,2334715700
2018,비뇨기과,D24,8,8,118120,92120
2018,비뇨기과,D25,16,30,593670,420470
2018,비뇨기과,D26,7,7,381820,274020
2018,비뇨기과,D27,5,6,176480,123880
2018,비뇨기과,D28,124,175,28919180,20315420
2018,비뇨기과,D29,9968,17679,2321465580,1629284130
2018,비뇨기과,D30,719,1307,248130620,181353490
2018,비뇨기과,D31,1,1,15310,10810
2018,비뇨기과,D32,7,43,1161700,1105700
2018,비뇨기과,D33,9,45,776150,669550
2018,비뇨기과,D34,1,1,10950,7750
2018,비뇨기과,D35,16,67,1473710,1122110
2018,비뇨기과,D36,690,1093,66775510,47464410
2018,비뇨기과,D37,6,13,1345640,1085030
2018,비뇨기과,D38,1,5,183090,174190
2018,비뇨기과,D39,4,10,1805740,1662440
2018,비뇨기과,D40,136,273,10953560,8150870
2018,비뇨기과,D41,87,150,22913950,17999450
2018,비뇨기과,D44,3,8,227650,208350
2018,비뇨기과,D46,5,53,1368420,1297520
2018,비뇨기과,D47,6,30,1029960,757160
2018,비뇨기과,D48,22,40,1660950,1280150
2018,비뇨기과,D50,128,281,4497810,3397210
2018,비뇨기과,D52,10,28,358050,278250
2018,비뇨기과,D53,8,10,513280,359880
2018,비뇨기과,D59,1,1,15310,13810
2018,비뇨기과,D62,1,1,365060,292050
2018,비뇨기과,D64,58,84,2066820,1479120
2018,비뇨기과,D68,3,3,41570,38570
2018,비뇨기과,D69,1484,2313,36441400,28710100
2018,비뇨기과,D71,1,2,43870,41870
2018,비뇨기과,D72,4,5,83130,64630
2018,비뇨기과,D73,1,1,13340,11840
2018,비뇨기과,D75,6,8,224790,169690
2018,비뇨기과,D76,3,3,41570,31070
2018,비뇨기과,D86,1,1,15310,10810
2018,비뇨기과,E00,1,2,26450,23450
2018,비뇨기과,E03,133,412,8494920,6337620
2018,비뇨기과,E04,1,1,19110,17210
2018,비뇨기과,E05,19,37,1112000,785400
2018,비뇨기과,E06,5,5,227280,159280
2018,비뇨기과,E07,64,83,3856640,2714240
2018,비뇨기과,E10,54,156,2789620,2148820
2018,비뇨기과,E11,575,1598,29847670,23348670
2018,비뇨기과,E12,19,48,2695160,1911960
2018,비뇨기과,E13,142,330,9017730,6854850
2018,비뇨기과,E14,244,759,12092890,9246190
2018,비뇨기과,E20,2,4,194960,136660
2018,비뇨기과,E22,60,100,1835690,1363390
2018,비뇨기과,E23,112,578,9996880,7480580
2018,비뇨기과,E24,1,2,25090,23590
2018,비뇨기과,E25,3,4,56880,40180
2018,비뇨기과,E27,3,10,160200,142000
2018,비뇨기과,E28,26,70,1864920,1315320
2018,비뇨기과,E29,2192,4718,163572280,115989880
2018,비뇨기과,E30,6,8,129000,92200
2018,비뇨기과,E32,6,6,146700,106600
2018,비뇨기과,E34,232,330,7195480,5131580
2018,비뇨기과,E35,6,7,121420,85620
2018,비뇨기과,E50,128,278,3790030,2804810
2018,비뇨기과,E51,1,5,54750,47250
2018,비뇨기과,E53,53,89,2950520,2161720
2018,비뇨기과,E55,188,365,6864190,5235890
2018,비뇨기과,E56,3,4,75590,61490
2018,비뇨기과,E58,5,12,161890,146490
2018,비뇨기과,E63,3,5,77820,62720
2018,비뇨기과,E66,106,190,3278800,2334700
2018,비뇨기과,E70,11,12,185070,143470
2018,비뇨기과,E71,1,2,30620,27620
2018,비뇨기과,E72,2,6,2085440,1877140
2018,비뇨기과,E75,5,6,125890,88490
2018,비뇨기과,E78,1614,3995,97163970,70493310
2018,비뇨기과,E79,45,109,2323570,1658270
2018,비뇨기과,E80,2,5,74500,66500
2018,비뇨기과,E83,1,2,24290,17090
2018,비뇨기과,E85,1,1,15310,13810
2018,비뇨기과,E86,14,16,1381650,979350
2018,비뇨기과,E87,154,373,7607120,5784420
2018,비뇨기과,E88,46,60,2314040,1633940
2018,비뇨기과,E89,8,66,1132370,938370
2018,비뇨기과,F00,51,301,3435660,2975260
2018,비뇨기과,F01,8,55,315990,246490
2018,비뇨기과,F03,28,55,870730,695830
2018,비뇨기과,F05,1,1,5470,3970
2018,비뇨기과,F06,535,1121,15202980,12526480
2018,비뇨기과,F07,1,1,12920,9120
2018,비뇨기과,F10,3,3,41640,31040
2018,비뇨기과,F17,11,21,326250,230150
2018,비뇨기과,F20,19,96,964780,811880
2018,비뇨기과,F23,1,1,15330,10830
2018,비뇨기과,F30,1,5,65860,46460
2018,비뇨기과,F31,16,30,405110,315110
2018,비뇨기과,F32,338,688,9624790,7365190
2018,비뇨기과,F33,18,56,802850,616050
2018,비뇨기과,F34,41,53,807420,631320
2018,비뇨기과,F38,41,62,1123720,799020
2018,비뇨기과,F39,17,20,316330,227530
2018,비뇨기과,F40,35,56,773380,575480
2018,비뇨기과,F41,418,875,14770110,11549310
2018,비뇨기과,F42,3,3,49730,35030
2018,비뇨기과,F43,20,40,456350,363650
2018,비뇨기과,F45,315,527,8559050,6532050
2018,비뇨기과,F48,138,324,4828350,3653350
2018,비뇨기과,F50,3,16,112680,81380
2018,비뇨기과,F51,865,2154,30502900,23417000
2018,비뇨기과,F52,1674,2667,82994810,58880320
2018,비뇨기과,F54,5,9,147510,105510
2018,비뇨기과,F55,1,2,28650,20150
2018,비뇨기과,F59,2,2,30620,21620
2018,비뇨기과,F60,2,2,36830,25930
2018,비뇨기과,F63,7,7,130180,93080
2018,비뇨기과,F64,12,46,620610,439310
2018,비뇨기과,F65,1,1,15310,10810
2018,비뇨기과,F66,69,126,2019460,1507060
2018,비뇨기과,F84,1,1,15310,10810
2018,비뇨기과,F90,4,5,72190,50990
2018,비뇨기과,F92,18,105,2747710,2298510
2018,비뇨기과,F95,2,3,43460,34760
2018,비뇨기과,F98,1041,2838,50206620,36284820
2018,비뇨기과,G05,11,14,249980,175880
2018,비뇨기과,G11,7,18,307740,275940
2018,비뇨기과,G12,9,47,5831800,5215900
2018,비뇨기과,G20,36,142,3783180,3409080
2018,비뇨기과,G21,1,1,17720,12420
2018,비뇨기과,G22,1,10,123290,108290
2018,비뇨기과,G23,3,4,159440,111740
2018,비뇨기과,G24,9,17,297650,228950
2018,비뇨기과,G25,16,46,578160,476560
2018,비뇨기과,G30,5,35,611320,489820
2018,비뇨기과,G31,1912,4124,57380250,45872950
2018,비뇨기과,G35,3,24,2156560,1942560
2018,비뇨기과,G40,8,24,271210,200310
2018,비뇨기과,G43,202,409,6038510,4429210
2018,비뇨기과,G44,158,270,8321520,6002720
2018,비뇨기과,G45,2,9,108110,94610
2018,비뇨기과,G46,2,9,107690,88290
2018,비뇨기과,G47,2025,5159,68866600,53510400
2018,비뇨기과,G50,48,168,2801890,2254990
2018,비뇨기과,G51,13,23,527640,389640
2018,비뇨기과,G52,7,11,124810,106610
2018,비뇨기과,G53,8813,27992,412922670,333103180
2018,비뇨기과,G54,3,3,39110,34610
2018,비뇨기과,G55,4,11,200220,142520
2018,비뇨기과,G56,37,104,2010230,1476230
2018,비뇨기과,G57,7,13,245990,179490
2018,비뇨기과,G58,31,59,5218420,3811320
2018,비뇨기과,G59,9,17,182710,154410
2018,비뇨기과,G61,2,7,314840,271640
2018,비뇨기과,G62,38,109,1460760,1192060
2018,비뇨기과,G63,13,43,371090,294390
2018,비뇨기과,G64,27,30,453070,345470
2018,비뇨기과,G70,2,2,32790,23090
2018,비뇨기과,G71,2,4,109690,91890
2018,비뇨기과,G81,1,4,133780,93880
2018,비뇨기과,G82,9,16,274290,199690
2018,비뇨기과,G83,2,20,1279800,897100
2018,비뇨기과,G90,14,28,496010,369310
2018,비뇨기과,G91,22,40,658300,490400
2018,비뇨기과,G95,5,26,333250,289150
2018,비뇨기과,G99,2,3,98280,94780
2018,비뇨기과,H00,560,690,12334070,9007470
2018,비뇨기과,H01,1703,2025,33114380,24604080
2018,비뇨기과,H02,143,171,5291310,3795110
2018,비뇨기과,H03,4,4,121560,85360
2018,비뇨기과,H04,335,617,8295850,6113350
2018,비뇨기과,H05,11,20,325320,246820
2018,비뇨기과,H10,1457,1897,28921270,21575670
2018,비뇨기과,H11,150,317,4133920,3079620
2018,비뇨기과,H13,37,55,840340,659040
2018,비뇨기과,H15,3,6,23290,16490
2018,비뇨기과,H16,381,546,8133570,6030370
2018,비뇨기과,H18,1,1,15310,13810
2018,비뇨기과,H19,44,59,932970,729270
2018,비뇨기과,H20,3,3,53530,44430
2018,비뇨기과,H25,22,38,442380,382380
2018,비뇨기과,H26,5,19,255590,187690
2018,비뇨기과,H35,12,13,163750,118950
2018,비뇨기과,H36,4,7,91880,75380
2018,비뇨기과,H40,33,64,764990,625390
2018,비뇨기과,H42,2,7,135390,103790
2018,비뇨기과,H44,8,10,133580,97280
2018,비뇨기과,H45,2,5,73020,51520
2018,비뇨기과,H47,1,2,142460,99860
2018,비뇨기과,H50,1,1,15310,10810
2018,비뇨기과,H52,3,3,45600,32200
2018,비뇨기과,H53,2,2,38220,26820
2018,비뇨기과,H54,3,3,41570,31070
2018,비뇨기과,H57,1,1,19110,17210
2018,비뇨기과,H59,1,1,0,0
2018,비뇨기과,H60,905,1562,28371630,21368530
2018,비뇨기과,H61,89,160,3971480,2899780
2018,비뇨기과,H62,14,25,467630,357730
2018,비뇨기과,H65,172,299,4747100,3753000
2018,비뇨기과,H66,145,260,3730880,3059280
2018,비뇨기과,H67,3,4,58590,52590
2018,비뇨기과,H68,3,3,49740,41840
2018,비뇨기과,H72,3,3,45930,38430
2018,비뇨기과,H81,95,225,3043850,2466750
2018,비뇨기과,H82,2,2,26260,23260
2018,비뇨기과,H83,2,13,175820,153320
2018,비뇨기과,H90,3,3,49730,41030
2018,비뇨기과,H91,49,56,1471200,1064700
2018,비뇨기과,H92,10,11,176750,144550
2018,비뇨기과,H93,146,338,4321580,3621280
2018,비뇨기과,H94,1,1,15310,10810
2018,비뇨기과,I00,1,1,10950,9450
2018,비뇨기과,I10,3223,13326,189766170,150611170
2018,비뇨기과,I11,234,1092,14648160,11635860
2018,비뇨기과,I12,14,75,1430370,1066670
2018,비뇨기과,I13,14,39,962040,775240
2018,비뇨기과,I15,117,499,6394290,5219990
2018,비뇨기과,I20,40,104,1231900,1046200
2018,비뇨기과,I21,6,18,74120,57420
2018,비뇨기과,I24,1,3,32850,23250
2018,비뇨기과,I25,8,10,117370,94270
2018,비뇨기과,I30,1,1,15310,10810
2018,비뇨기과,I34,2,12,186990,150190
2018,비뇨기과,I42,3,33,388700,337900
2018,비뇨기과,I44,1,1,15310,13810
2018,비뇨기과,I45,1,1,15310,10810
2018,비뇨기과,I47,11,13,200620,158720
2018,비뇨기과,I48,10,15,272090,213390
2018,비뇨기과,I49,16,47,579280,470080
2018,비뇨기과,I50,3,3,45930,35430
2018,비뇨기과,I51,11,17,585900,448400
2018,비뇨기과,I52,1,1,12660,11160
2018,비뇨기과,I61,1,1,45510,36410
2018,비뇨기과,I63,24,97,1253940,1052600
2018,비뇨기과,I64,2,2,30060,26660
2018,비뇨기과,I65,1,11,125230,108730
2018,비뇨기과,I67,37,72,1146060,888560
2018,비뇨기과,I68,1,3,35240,30740
2018,비뇨기과,I69,1,9,118710,105210
2018,비뇨기과,I70,18,54,801640,676940
2018,비뇨기과,I71,4,4,86120,71620
2018,비뇨기과,I72,1,1,10950,7750
2018,비뇨기과,I73,511,1039,15653670,12202170
2018,비뇨기과,I74,3,3,37210,28010
2018,비뇨기과,I77,2,2,68910,50110
2018,비뇨기과,I78,294,337,5309230,4181730
2018,비뇨기과,I79,4,7,136960,108060
2018,비뇨기과,I80,47,74,1132680,848380
2018,비뇨기과,I82,5,6,96930,71930
2018,비뇨기과,I83,128,273,3958440,3039540
2018,비뇨기과,I86,4912,7892,607855410,462356770
2018,비뇨기과,I87,145,345,5658520,4315820
2018,비뇨기과,I88,230,438,24212630,17040930
2018,비뇨기과,I89,137,262,7190840,5101040
2018,비뇨기과,I95,6,7,265200,187900
2018,비뇨기과,I98,1,1,17080,11980
2018,비뇨기과,I99,2,3,47180,39280
2018,비뇨기과,J00,4102,8095,119516110,91836840
2018,비뇨기과,J01,290,440,6351100,4668100
2018,비뇨기과,J02,814,1757,25919310,20101510
2018,비뇨기과,J03,1701,3399,52165290,39791990
2018,비뇨기과,J04,453,980,14629140,11360940
2018,비뇨기과,J06,2024,3662,57487610,43346470
2018,비뇨기과,J09,4,6,60680,49580
2018,비뇨기과,J10,32,55,759010,595010
2018,비뇨기과,J11,50,78,1076980,858280
2018,비뇨기과,J12,84,87,676750,492250
2018,비뇨기과,J15,30,37,1248270,895870
2018,비뇨기과,J16,2,4,19860,14260
2018,비뇨기과,J17,1,1,5470,3970
2018,비뇨기과,J18,5,7,171200,127700
2018,비뇨기과,J20,2352,5121,74598210,57757610
2018,비뇨기과,J21,101,200,3319840,2535340
2018,비뇨기과,J22,126,233,3395250,2575650
2018,비뇨기과,J30,2529,4931,80510870,60138070
2018,비뇨기과,J31,48,75,1118730,834530
2018,비뇨기과,J32,156,247,3804060,2817260
2018,비뇨기과,J34,391,673,11783750,8503050
2018,비뇨기과,J35,4,4,63640,44840
2018,비뇨기과,J36,24,42,566520,407720
2018,비뇨기과,J37,31,67,1037780,823080
2018,비뇨기과,J38,2,2,34420,24220
2018,비뇨기과,J39,111,185,2822220,2126220
2018,비뇨기과,J40,253,595,8352140,6406640
2018,비뇨기과,J41,99,246,4906850,3747850
2018,비뇨기과,J42,116,197,2973810,2275410
2018,비뇨기과,J43,1,1,7980,5680
2018,비뇨기과,J44,30,77,1624150,1278250
2018,비뇨기과,J45,167,413,5606030,4390330
2018,비뇨기과,J46,2,6,83140,65140
2018,비뇨기과,J47,4,9,122300,92000
2018,비뇨기과,J60,1,1,17240,12140
2018,비뇨기과,J69,1,1,13900,12600
2018,비뇨기과,J93,3,5,66300,46600
2018,비뇨기과,J98,1,1,10950,7750
2018,비뇨기과,K04,36,91,1870320,1390720
2018,비뇨기과,K05,47,76,892570,707880
2018,비뇨기과,K06,7,8,128860,102060
2018,비뇨기과,K07,9,18,222800,186900
2018,비뇨기과,K08,7,8,113990,84890
2018,비뇨기과,K09,5,5,77440,56040
2018,비뇨기과,K10,4,4,56880,41880
2018,비뇨기과,K11,22,26,1050990,752990
2018,비뇨기과,K12,1499,2840,42732960,34247260
2018,비뇨기과,K13,1634,2332,36268780,27091380
2018,비뇨기과,K14,150,226,3487190,2862090
2018,비뇨기과,K20,14,25,348770,249170
2018,비뇨기과,K21,1473,2590,43150660,32641280
2018,비뇨기과,K22,7,15,231880,168980
2018,비뇨기과,K23,12,15,257850,189350
2018,비뇨기과,K25,438,1065,18768370,14379770
2018,비뇨기과,K26,78,125,2624050,1917750
2018,비뇨기과,K27,466,775,13412340,9984440
2018,비뇨기과,K28,4,4,58640,46040
2018,비뇨기과,K29,16405,29053,713685130,529226520
2018,비뇨기과,K30,5578,9260,168216680,124626770
2018,비뇨기과,K31,91,151,2132890,1641590
2018,비뇨기과,K35,14,18,493730,350830
2018,비뇨기과,K36,4,4,73320,55220
2018,비뇨기과,K37,7,7,273140,191740
2018,비뇨기과,K38,3,3,49730,38030
2018,비뇨기과,K40,2753,3225,88155430,69370340
2018,비뇨기과,K41,42,46,1337520,989320
2018,비뇨기과,K42,2,2,47790,43090
2018,비뇨기과,K43,105,112,2033300,1566600
2018,비뇨기과,K45,39,51,1173630,887030
2018,비뇨기과,K46,175,190,4215390,3168790
2018,비뇨기과,K50,11,18,1065230,934430
2018,비뇨기과,K51,7,24,1229990,1097490
2018,비뇨기과,K52,167,245,3862240,2862740
2018,비뇨기과,K56,10,13,207110,150910
2018,비뇨기과,K57,8,13,245050,177550
2018,비뇨기과,K58,225,345,5125540,3864740
2018,비뇨기과,K59,1415,3053,46136200,35837540
2018,비뇨기과,K60,67,105,1709900,1268100
2018,비뇨기과,K61,234,532,15351880,11721950
2018,비뇨기과,K62,85,102,1678900,1299000
2018,비뇨기과,K63,46,160,5027420,3640920
2018,비뇨기과,K64,847,1354,21140540,16317240
2018,비뇨기과,K65,2,2,51900,39500
2018,비뇨기과,K70,62,131,3154230,2395630
2018,비뇨기과,K71,48,66,1336700,974500
2018,비뇨기과,K72,6,11,132260,100860
2018,비뇨기과,K73,233,422,7035340,5152340
2018,비뇨기과,K74,50,80,1340460,1017160
2018,비뇨기과,K75,71,123,2449770,1756170
2018,비뇨기과,K76,522,812,23491330,16993530
2018,비뇨기과,K77,12,21,564370,398170
2018,비뇨기과,K80,73,113,2308960,1713660
2018,비뇨기과,K81,11,15,319190,229790
2018,비뇨기과,K82,4,4,81240,57140
2018,비뇨기과,K83,15,31,408040,300840
2018,비뇨기과,K85,2,3,68470,48170
2018,비뇨기과,K86,4,7,146960,133160
2018,비뇨기과,K92,30,44,2406900,1715800
2018,비뇨기과,L00,2,3,39620,32120
2018,비뇨기과,L01,25962,44001,768858230,573384350
2018,비뇨기과,L02,128904,249989,4726093370,3436889040
2018,비뇨기과,L03,64677,117275,2131220310,1579033180
2018,비뇨기과,L04,1148,2075,47691630,34595280
2018,비뇨기과,L05,4728,9247,148555520,107717020
2018,비뇨기과,L08,55932,102370,1713707420,1274785720
2018,비뇨기과,L10,72,168,2587710,2017710
2018,비뇨기과,L11,333,374,6111210,4388610
2018,비뇨기과,L12,21,64,849950,697650
2018,비뇨기과,L13,1629,2867,60893900,44785700
2018,비뇨기과,L20,53618,114016,1831838510,1345709850
2018,비뇨기과,L21,126892,248969,3820359530,2899646620
2018,비뇨기과,L22,79,121,1829120,1465320
2018,비뇨기과,L23,726166,1486019,24047082870,18237699660
2018,비뇨기과,L24,162685,294152,4553238230,3460687140
2018,비뇨기과,L25,67417,124114,1913146430,1457860630
2018,비뇨기과,L26,456,643,14733920,11136740
2018,비뇨기과,L27,6572,13139,209127510,159161410
2018,비뇨기과,L28,36589,74631,1332677950,1005828450
2018,비뇨기과,L29,29044,59281,936814940,728423710
2018,비뇨기과,L30,142717,258065,4116570560,3096360770
2018,비뇨기과,L40,19858,58711,864498700,649914600
2018,비뇨기과,L41,192,338,5720910,4187810
2018,비뇨기과,L42,2261,3958,61078170,43761670
2018,비뇨기과,L43,2026,3727,62766110,47119610
2018,비뇨기과,L44,759,1239,19777450,14527450
2018,비뇨기과,L45,32,45,792990,582190
2018,비뇨기과,L50,185482,414859,7160749460,5379704370
2018,비뇨기과,L51,691,1595,24544540,18393840
2018,비뇨기과,L52,338,747,12851460,9380860
2018,비뇨기과,L53,1356,2333,37108190,27335190
2018,비뇨기과,L54,9,9,139830,109030
2018,비뇨기과,L55,789,973,20412860,14672960
2018,비뇨기과,L56,1344,1868,29614790,22000890
2018,비뇨기과,L57,1126,1761,48191400,36334600
2018,비뇨기과,L59,154,188,2949450,2177550
2018,비뇨기과,L60,9320,18225,437142420,319091220
2018,비뇨기과,L62,48,49,804690,579390
2018,비뇨기과,L63,21063,77256,2298431430,1619263430
2018,비뇨기과,L64,1009,1643,28898880,20460580
2018,비뇨기과,L65,688,1143,23220600,16574800
2018,비뇨기과,L66,3673,7293,119902160,86179460
2018,비뇨기과,L67,6,6,80350,56650
2018,비뇨기과,L68,11,20,337000,236800
2018,비뇨기과,L70,8710,21451,322850670,229524270
2018,비뇨기과,L71,3332,6986,100704960,74473860
2018,비뇨기과,L72,16242,29766,1300291480,926790080
2018,비뇨기과,L73,27716,54140,839903510,603866710
2018,비뇨기과,L74,2312,3316,51639840,38291740
2018,비뇨기과,L75,76,88,1939440,1403640
2018,비뇨기과,L80,2330,3725,71141950,53481450
2018,비뇨기과,L81,3294,3672,58803580,43941980
2018,비뇨기과,L82,1983,2374,49270090,37849190
2018,비뇨기과,L83,223,301,14366530,10098730
2018,비뇨기과,L84,47939,90481,3648438600,2599580800
2018,비뇨기과,L85,25162,45098,691487000,548180300
2018,비뇨기과,L86,145,173,2582440,1942540
2018,비뇨기과,L87,124,271,4065590,3178390
2018,비뇨기과,L88,246,725,11895390,9121090
2018,비뇨기과,L89,340,1298,23611160,19361660
2018,비뇨기과,L90,476,908,25008070,17837660
2018,비뇨기과,L91,9874,24702,737889820,521301320
2018,비뇨기과,L92,885,1198,54143040,38551440
2018,비뇨기과,L93,24,48,691390,521890
2018,비뇨기과,L94,29,42,1198650,851050
2018,비뇨기과,L95,199,374,7440490,5440290
2018,비뇨기과,L97,23,67,1348060,1089260
2018,비뇨기과,L98,2516,5118,105498900,79884500
2018,비뇨기과,L99,21,21,328550,255750
2018,비뇨기과,M00,10,23,181870,145870
2018,비뇨기과,M02,17,31,443920,367420
2018,비뇨기과,M03,2,3,44160,39460
2018,비뇨기과,M05,7,17,714540,638440
2018,비뇨기과,M06,134,407,5855010,4925110
2018,비뇨기과,M07,8,11,227700,178000
2018,비뇨기과,M08,4,7,87760,68360
2018,비뇨기과,M09,1,1,10950,7750
2018,비뇨기과,M10,250,702,12728240,9610240
2018,비뇨기과,M11,14,23,349600,278000
2018,비뇨기과,M12,11,27,346140,289740
2018,비뇨기과,M13,644,1884,25942970,21374490
2018,비뇨기과,M14,1,1,34210,24010
2018,비뇨기과,M15,222,606,8645820,7163020
2018,비뇨기과,M16,17,35,596810,478610
2018,비뇨기과,M17,380,1245,20567700,16780800
2018,비뇨기과,M18,1,1,15310,13810
2018,비뇨기과,M19,132,301,4471040,3577240
2018,비뇨기과,M20,10,12,196630,156230
2018,비뇨기과,M21,2,2,30060,21160
2018,비뇨기과,M22,1,1,15350,10750
2018,비뇨기과,M23,3,4,54350,39950
2018,비뇨기과,M24,11,12,206890,150490
2018,비뇨기과,M25,429,957,14739420,12030720
2018,비뇨기과,M30,4,12,194100,151000
2018,비뇨기과,M31,19,25,353110,277910
2018,비뇨기과,M32,5,27,386950,341750
2018,비뇨기과,M33,10,41,569560,457460
2018,비뇨기과,M34,5,11,322890,232790
2018,비뇨기과,M35,32,74,1290250,1066750
2018,비뇨기과,M40,1,1,15310,10810
2018,비뇨기과,M41,5,5,84020,65420
2018,비뇨기과,M43,28,73,896000,702600
2018,비뇨기과,M45,5,33,693220,615020
2018,비뇨기과,M46,1,6,94070,84870
2018,비뇨기과,M47,82,252,4269490,3536590
2018,비뇨기과,M48,187,669,23416010,17408610
2018,비뇨기과,M49,7,13,334650,301350
2018,비뇨기과,M50,19,145,1992630,1730230
2018,비뇨기과,M51,178,653,10920070,8953370
2018,비뇨기과,M53,10,12,174650,144950
2018,비뇨기과,M54,4659,9028,404821300,294288310
2018,비뇨기과,M60,190,275,9778650,7042850
2018,비뇨기과,M61,1,1,15310,13810
2018,비뇨기과,M62,452,826,25329820,18571620
2018,비뇨기과,M63,1,2,29980,21080
2018,비뇨기과,M65,331,895,13058080,10801480
2018,비뇨기과,M67,208,499,16919260,12268760
2018,비뇨기과,M70,28,45,697980,573080
2018,비뇨기과,M71,25,60,1343960,1027260
2018,비뇨기과,M72,143,216,7638080,5544780
2018,비뇨기과,M73,4,5,85030,59930
2018,비뇨기과,M75,263,664,17788720,13273420
2018,비뇨기과,M76,5,9,112980,92980
2018,비뇨기과,M77,13,49,680150,563950
2018,비뇨기과,M79,4426,8185,215430910,160661250
2018,비뇨기과,M80,6,13,247500,186200
2018,비뇨기과,M81,66,216,3574510,2833310
2018,비뇨기과,M82,9,23,913990,816990
2018,비뇨기과,M83,1,2,26040,23040
2018,비뇨기과,M84,1,1,21610,15210
2018,비뇨기과,M85,1,1,55540,38940
2018,비뇨기과,M89,11,37,1083510,781410
2018,비뇨기과,M92,2,4,49050,36050
2018,비뇨기과,M93,1,3,32850,23250
2018,비뇨기과,M94,1,1,21020,14720
2018,비뇨기과,M95,1,1,10950,7750
2018,비뇨기과,M96,15,22,691620,504520
2018,비뇨기과,M99,6,13,169760,132060
2018,비뇨기과,N00,238,522,11097980,8184180
2018,비뇨기과,N01,26,56,1144740,827740
2018,비뇨기과,N02,5720,9755,971281850,689035220
2018,비뇨기과,N03,42,261,4437160,3421660
2018,비뇨기과,N04,17,25,681030,500930
2018,비뇨기과,N05,26,50,2425360,1731660
2018,비뇨기과,N06,42,58,1125620,809720
2018,비뇨기과,N07,1,1,10950,7750
2018,비뇨기과,N08,2,3,46510,32710
2018,비뇨기과,N10,8403,21219,843275850,614040750
2018,비뇨기과,N11,385,1238,24156800,18316700
2018,비뇨기과,N12,1150,2883,94816840,67696640
2018,비뇨기과,N13,1097,1996,612352470,431578120
2018,비뇨기과,N14,9,14,230800,177100
2018,비뇨기과,N15,6,9,188150,134050
2018,비뇨기과,N17,31,40,3461900,2468000
2018,비뇨기과,N18,69,1691,291172450,261994070
2018,비뇨기과,N19,56,83,2478670,1787670
2018,비뇨기과,N20,97200,225406,95175442220,66988985760
2018,비뇨기과,N21,2641,4467,881647380,642726380
2018,비뇨기과,N22,23,46,923540,651640
2018,비뇨기과,N23,2111,3051,779819470,548318440
2018,비뇨기과,N25,1,6,68090,59090
2018,비뇨기과,N26,9,12,385260,276460
2018,비뇨기과,N27,6,11,228090,175490
2018,비뇨기과,N28,435,770,53023570,37733670
2018,비뇨기과,N29,41,59,1305620,949320
2018,비뇨기과,N30,299087,744067,20370915140,14854879320
2018,비뇨기과,N31,172328,483288,14425921330,10582861200
2018,비뇨기과,N32,15679,38934,928700070,697245930
2018,비뇨기과,N33,83,326,5273170,4231470
2018,비뇨기과,N34,344203,849263,44356928860,31217078740
2018,비뇨기과,N35,979,3313,398292770,294334110
2018,비뇨기과,N36,1134,3479,352071670,257388180
2018,비뇨기과,N37,1516,2816,145769290,102515490
2018,비뇨기과,N39,51740,106134,5455900510,4067418000
2018,비뇨기과,N40,564201,2692438,67626347880,50630090040
2018,비뇨기과,N41,210223,708821,27874356820,19720564340
2018,비뇨기과,N42,1623,3365,94123680,68412210
2018,비뇨기과,N43,4904,9580,569616340,428277060
2018,비뇨기과,N44,734,904,20938700,15154350
2018,비뇨기과,N45,38421,91771,2764830930,1970076990
2018,비뇨기과,N46,6433,8945,464657170,336318360
2018,비뇨기과,N47,3929,5522,196600710,142823250
2018,비뇨기과,N48,65038,95912,2478609470,1803544620
2018,비뇨기과,N49,4905,9561,307780340,218738470
2018,비뇨기과,N50,3075,5192,128012660,92096600
2018,비뇨기과,N51,684,1054,22740550,16475050
2018,비뇨기과,N60,3,6,81730,66930
2018,비뇨기과,N61,13,17,272560,199660
2018,비뇨기과,N62,354,534,263988770,202718230
2018,비뇨기과,N63,2,2,32450,26550
2018,비뇨기과,N64,14,19,339740,246140
2018,비뇨기과,N70,9,14,211470,170170
2018,비뇨기과,N71,6,6,187250,134450
2018,비뇨기과,N72,572,1481,78582790,55142690
2018,비뇨기과,N73,176,479,22303920,15756420
2018,비뇨기과,N74,42,63,2712610,1909310
2018,비뇨기과,N75,27,64,5704580,4176130
2018,비뇨기과,N76,4407,9390,383787050,272449800
2018,비뇨기과,N77,677,1198,51220980,36164180
2018,비뇨기과,N80,7,9,373220,261720
2018,비뇨기과,N81,257,464,112535180,89302650
2018,비뇨기과,N82,1,1,15310,10810
2018,비뇨기과,N83,8,8,184040,129440
2018,비뇨기과,N84,9,10,961720,673820
2018,비뇨기과,N85,3,8,97850,69150
2018,비뇨기과,N86,46,99,5822370,4080470
2018,비뇨기과,N87,17,21,1863160,1305460
2018,비뇨기과,N88,1,1,20700,14500
2018,비뇨기과,N89,5,6,422190,298890
2018,비뇨기과,N90,105,469,13291680,9381380
2018,비뇨기과,N91,16,19,723110,507210
2018,비뇨기과,N92,33,41,1448090,1016390
2018,비뇨기과,N93,40,57,2111110,1481610
2018,비뇨기과,N94,42,61,1355750,953250
2018,비뇨기과,N95,616,1634,29807960,21910160
2018,비뇨기과,N96,1,1,15310,10810
2018,비뇨기과,N97,14,54,751550,528250
2018,비뇨기과,N99,356,398,10777220,7992000
2018,비뇨기과,O00,1,1,30710,21510
2018,비뇨기과,O08,1,1,10950,7750
2018,비뇨기과,O20,2,2,104300,73100
2018,비뇨기과,O21,1,1,33970,23870
2018,비뇨기과,O22,1,1,15310,10810
2018,비뇨기과,O23,1,2,103400,82800
2018,비뇨기과,O26,1,5,420760,294760
2018,비뇨기과,O34,1,1,15310,10810
2018,비뇨기과,O91,1,1,15310,10810
2018,비뇨기과,O92,1,1,15310,10810
2018,비뇨기과,P23,2,3,124570,87470
2018,비뇨기과,P35,2,4,61240,43240
2018,비뇨기과,P81,1,1,17470,13870
2018,비뇨기과,P83,254,337,11701320,9386390
2018,비뇨기과,Q01,1,1,15310,10810
2018,비뇨기과,Q05,49,126,2011020,1779420
2018,비뇨기과,Q06,2,4,72640,51040
2018,비뇨기과,Q17,1,1,15310,10810
2018,비뇨기과,Q18,4,5,81580,57480
2018,비뇨기과,Q21,1,1,19110,13410
2018,비뇨기과,Q24,1,19,217610,197410
2018,비뇨기과,Q25,1,3,32150,27650
2018,비뇨기과,Q27,1,1,19110,13410
2018,비뇨기과,Q35,1,1,15310,10810
2018,비뇨기과,Q36,3,3,46820,37420
2018,비뇨기과,Q38,1,1,19110,13410
2018,비뇨기과,Q40,6,6,93690,81290
2018,비뇨기과,Q43,1,1,15310,10810
2018,비뇨기과,Q44,1,1,10950,7750
2018,비뇨기과,Q50,2,4,46190,32590
2018,비뇨기과,Q52,1,1,271850,190350
2018,비뇨기과,Q53,1445,1730,40134320,31002250
2018,비뇨기과,Q54,174,248,8879070,6438500
2018,비뇨기과,Q55,1077,1664,89827840,66412890
2018,비뇨기과,Q56,1,1,15310,10810
2018,비뇨기과,Q60,4,9,289230,202630
2018,비뇨기과,Q61,107,162,4799820,3665020
2018,비뇨기과,Q62,154,229,9036090,6583470
2018,비뇨기과,Q63,14,18,3993540,2806340
2018,비뇨기과,Q64,41,88,8105820,6164970
2018,비뇨기과,Q67,1,1,19110,13410
2018,비뇨기과,Q79,1,1,19110,13410
2018,비뇨기과,Q80,110,193,2985590,2321590
2018,비뇨기과,Q81,5,8,144480,110380
2018,비뇨기과,Q82,245,316,6498460,4764360
2018,비뇨기과,Q83,1,1,10950,9450
2018,비뇨기과,Q84,5,10,120610,85210
2018,비뇨기과,Q85,106,134,3006130,2241830
2018,비뇨기과,Q98,49,171,3745370,2759170
2018,비뇨기과,Q99,2,2,21900,15500
2018,비뇨기과,R00,30,54,1083980,773780
2018,비뇨기과,R02,21,84,1565410,1207210
2018,비뇨기과,R03,12,13,199530,154630
2018,비뇨기과,R04,31,36,907680,669080
2018,비뇨기과,R05,182,309,4627740,3567340
2018,비뇨기과,R06,13,15,212580,158680
2018,비뇨기과,R07,36,39,755590,570790
2018,비뇨기과,R09,21,37,500670,386570
2018,비뇨기과,R10,7403,12772,668430750,473136070
2018,비뇨기과,R11,400,755,15633770,11727470
2018,비뇨기과,R12,379,574,14428780,10429780
2018,비뇨기과,R13,6,20,270850,228150
2018,비뇨기과,R14,5,5,318580,223380
2018,비뇨기과,R15,7,9,129070,109570
2018,비뇨기과,R17,4,5,96350,74250
2018,비뇨기과,R18,1,1,15310,13810
2018,비뇨기과,R19,17,17,288190,235590
2018,비뇨기과,R20,114,152,2194360,1730660
2018,비뇨기과,R21,281,495,9368630,6931830
2018,비뇨기과,R22,528,765,30858770,22062970
2018,비뇨기과,R23,757,852,14363480,10689580
2018,비뇨기과,R25,11,22,249790,201990
2018,비뇨기과,R29,2,2,30620,21620
2018,비뇨기과,R30,7687,11603,326463310,235686410
2018,비뇨기과,R31,37496,65889,5433292900,3858043180
2018,비뇨기과,R32,1622,4650,86138750,67105080
2018,비뇨기과,R33,2252,6140,235601790,174383000
2018,비뇨기과,R34,30,39,808660,612160
2018,비뇨기과,R35,15802,36672,707996760,537874940
2018,비뇨기과,R36,1419,4356,187297250,131567150
2018,비뇨기과,R39,6754,9434,216451260,156835160
2018,비뇨기과,R40,3,3,40430,34730
2018,비뇨기과,R41,97,236,3172260,2590360
2018,비뇨기과,R42,183,290,4281520,3443120
2018,비뇨기과,R43,2,2,30620,29120
2018,비뇨기과,R44,1,1,15310,10810
2018,비뇨기과,R45,74,143,2343620,1789520
2018,비뇨기과,R47,1,1,16200,12800
2018,비뇨기과,R50,75,192,6004150,4345850
2018,비뇨기과,R51,293,486,6525300,5251900
2018,비뇨기과,R52,3248,6156,1647940080,1160274570
2018,비뇨기과,R53,155,287,5584720,4180520
2018,비뇨기과,R54,15,19,496970,351970
2018,비뇨기과,R55,2,4,209130,146630
2018,비뇨기과,R56,6,7,97860,73760
2018,비뇨기과,R57,2,11,126260,112460
2018,비뇨기과,R58,11,13,570190,408790
2018,비뇨기과,R59,75,91,2006620,1441020
2018,비뇨기과,R60,626,1027,24116710,18120910
2018,비뇨기과,R61,280,324,5150810,3705910
2018,비뇨기과,R62,4,4,54910,38710
2018,비뇨기과,R63,23,36,528040,402940
2018,비뇨기과,R68,44,50,904490,647690
2018,비뇨기과,R73,79,105,1822980,1383180
2018,비뇨기과,R75,5,7,309250,216750
2018,비뇨기과,R76,89,150,4512740,3191440
2018,비뇨기과,R77,1,1,15310,10810
2018,비뇨기과,R79,34,41,2075530,1461530
2018,비뇨기과,R80,423,522,12901920,9197720
2018,비뇨기과,R81,182,397,10058440,7641640
2018,비뇨기과,R82,218,258,5212220,3799320
2018,비뇨기과,R84,2,2,92470,64770
2018,비뇨기과,R86,1656,2451,108173400,76258220
2018,비뇨기과,R87,6,9,579690,406290
2018,비뇨기과,R89,3,4,88410,66610
2018,비뇨기과,R91,2,2,23620,20620
2018,비뇨기과,R93,4,5,145850,107150
2018,비뇨기과,R94,233,339,8778940,6377240
2018,비뇨기과,S00,5273,10830,206462450,153699650
2018,비뇨기과,S01,1778,3796,80921890,59923790
2018,비뇨기과,S02,3,7,113340,96040
2018,비뇨기과,S03,1,1,15310,13810
2018,비뇨기과,S04,1,1,15310,14610
2018,비뇨기과,S05,7,18,386930,288730
2018,비뇨기과,S07,153,326,6147340,4462140
2018,비뇨기과,S08,3,7,139920,108420
2018,비뇨기과,S09,73,210,4033950,3072950
2018,비뇨기과,S10,178,314,5969740,4432540
2018,비뇨기과,S11,31,76,1463760,1106460
2018,비뇨기과,S13,52,92,4057560,2865860
2018,비뇨기과,S14,3,6,91860,64860
2018,비뇨기과,S15,2,2,40130,28230
2018,비뇨기과,S16,1,1,19110,17210
2018,비뇨기과,S17,4,7,122500,94600
2018,비뇨기과,S20,158,326,6692320,5136020
2018,비뇨기과,S21,44,123,2720390,2007690
2018,비뇨기과,S22,3,10,127810,93110
2018,비뇨기과,S23,24,42,1231110,916610
2018,비뇨기과,S26,1,1,15310,10810
2018,비뇨기과,S27,1,1,21020,14720
2018,비뇨기과,S28,1,1,16660,15660
2018,비뇨기과,S29,3,3,51630,39330
2018,비뇨기과,S30,2265,3163,62990670,45856390
2018,비뇨기과,S31,1133,2585,62949680,45119120
2018,비뇨기과,S32,5,18,208630,178630
2018,비뇨기과,S33,325,622,23381460,17092400
2018,비뇨기과,S34,36,48,792300,572400
2018,비뇨기과,S35,3,3,45930,32430
2018,비뇨기과,S36,1,6,76810,54210
2018,비뇨기과,S37,264,453,17390170,12564050
2018,비뇨기과,S38,50,75,1646870,1226670
2018,비뇨기과,S39,29,45,784350,578250
2018,비뇨기과,S40,283,483,9510850,7158050
2018,비뇨기과,S41,64,172,3516900,2687700
2018,비뇨기과,S43,15,32,465980,373680
2018,비뇨기과,S45,6,24,486450,365950
2018,비뇨기과,S46,3,3,88030,61830
2018,비뇨기과,S47,6,13,243640,212540
2018,비뇨기과,S49,23,53,1121830,831030
2018,비뇨기과,S50,785,1665,32700610,24778810
2018,비뇨기과,S51,275,679,14285360,10974660
2018,비뇨기과,S52,1,1,21020,14720
2018,비뇨기과,S53,7,9,155010,112210
2018,비뇨기과,S55,2,3,71580,50280
2018,비뇨기과,S56,3,8,163880,128680
2018,비뇨기과,S57,22,43,868560,693060
2018,비뇨기과,S59,13,23,600370,446070
2018,비뇨기과,S60,1689,2834,61830790,45755290
2018,비뇨기과,S61,2087,4358,93538140,68707140
2018,비뇨기과,S62,3,44,758790,534890
2018,비뇨기과,S63,9,14,228510,167410
2018,비뇨기과,S65,77,152,4237810,3034110
2018,비뇨기과,S66,7,10,182610,128410
2018,비뇨기과,S67,39,58,1176270,848070
2018,비뇨기과,S69,31,47,1010910,758310
2018,비뇨기과,S70,433,812,15891660,12247860
2018,비뇨기과,S71,99,273,5352070,3988470
2018,비뇨기과,S73,8,11,150410,124510
2018,비뇨기과,S75,2,2,30060,22860
2018,비뇨기과,S76,1,1,18660,13160
2018,비뇨기과,S77,5,5,97610,81410
2018,비뇨기과,S79,22,64,1828920,1310520
2018,비뇨기과,S80,1951,4599,88870920,65944820
2018,비뇨기과,S81,650,1623,32428910,24383210
2018,비뇨기과,S82,2,2,34380,24180
2018,비뇨기과,S83,3,8,104220,73420
2018,비뇨기과,S85,5,9,212260,149160
2018,비뇨기과,S86,5,9,244170,171370
2018,비뇨기과,S87,99,336,6309650,4520050
2018,비뇨기과,S89,40,118,2158880,1550280
2018,비뇨기과,S90,1530,2931,57038910,42560210
2018,비뇨기과,S91,839,1702,33906190,25083690
2018,비뇨기과,S92,2,2,38290,26890
2018,비뇨기과,S93,14,17,229980,166480
2018,비뇨기과,S95,4,4,66330,46630
2018,비뇨기과,S96,1,2,26260,18560
2018,비뇨기과,S97,41,57,1079380,801280
2018,비뇨기과,S99,20,44,856910,701910
2018,비뇨기과,T00,2527,5116,95774310,71690810
2018,비뇨기과,T01,279,702,14898580,11074280
2018,비뇨기과,T03,1,11,158950,112050
2018,비뇨기과,T04,1,2,37680,26480
2018,비뇨기과,T09,99,201,3874300,2855900
2018,비뇨기과,T11,84,140,2607680,1943980
2018,비뇨기과,T13,105,196,3851210,2802010
2018,비뇨기과,T14,7812,12795,242058090,179834390
2018,비뇨기과,T16,57,59,1211050,905650
2018,비뇨기과,T17,16,16,325380,251180
2018,비뇨기과,T19,66,88,8041690,5649290
2018,비뇨기과,T20,2341,5062,168299170,120962270
2018,비뇨기과,T21,2110,5954,191609120,137384020
2018,비뇨기과,T22,5422,14706,477005040,338751940
2018,비뇨기과,T23,8648,20104,734455920,526781720
2018,비뇨기과,T24,4253,14949,463674240,332138940
2018,비뇨기과,T25,2245,7542,271140690,194283890
2018,비뇨기과,T26,67,112,3792480,2667980
2018,비뇨기과,T27,1,1,15300,10800
2018,비뇨기과,T28,62,180,5164110,3686710
2018,비뇨기과,T29,203,501,18864470,13469870
2018,비뇨기과,T30,5182,12847,428218070,306631770
2018,비뇨기과,T31,1980,5059,172841560,123167760
2018,비뇨기과,T32,4,4,173520,121720
2018,비뇨기과,T33,758,1171,18970970,14178070
2018,비뇨기과,T34,4,19,538900,387500
2018,비뇨기과,T35,145,230,3646220,2779720
2018,비뇨기과,T39,7,17,233210,191610
2018,비뇨기과,T49,1,2,21900,15500
2018,비뇨기과,T50,1,2,29780,26580
2018,비뇨기과,T63,2147,2847,47164830,35537930
2018,비뇨기과,T69,1263,1815,28649680,21202580
2018,비뇨기과,T70,1,3,37210,26310
2018,비뇨기과,T73,2,2,33030,23230
2018,비뇨기과,T75,8,12,152600,130200
2018,비뇨기과,T78,6198,12701,241672850,178934150
2018,비뇨기과,T79,785,1410,29307670,21564070
2018,비뇨기과,T80,3,3,47980,33780
2018,비뇨기과,T81,82,161,5310690,3947460
2018,비뇨기과,T82,1,1,18660,13160
2018,비뇨기과,T83,49,129,5178630,3877910
2018,비뇨기과,T88,241,464,8460020,6612720
2018,비뇨기과,T90,1,1,15310,10810
2018,비뇨기과,T91,2,2,36330,27630
2018,비뇨기과,T92,2,5,114360,80460
2018,비뇨기과,T93,3,8,141730,108230
2018,비뇨기과,T95,63,148,2906790,2214690
2018,비뇨기과,T98,1,1,59680,41780
2018,비뇨기과,U82,2,2,63460,44560
2018,비뇨기과,Z00,246,307,5767080,4134180
2018,비뇨기과,Z01,9,12,491390,346490
2018,비뇨기과,Z02,12,13,249910,175810
2018,비뇨기과,Z03,1100,1778,125115660,90503830
2018,비뇨기과,Z04,485,541,9233240,6701040
2018,비뇨기과,Z10,1,1,0,0
2018,비뇨기과,Z11,341,592,34978740,24623840
2018,비뇨기과,Z12,569,892,95756800,67825900
2018,비뇨기과,Z13,19,41,1362550,963050
2018,비뇨기과,Z20,704,925,64799460,45470060
2018,비뇨기과,Z21,1,1,34630,24330
2018,비뇨기과,Z22,32,83,4937050,3463350
2018,비뇨기과,Z23,3,3,143660,100760
2018,비뇨기과,Z25,5,5,28180,25180
2018,비뇨기과,Z26,7,14,212070,156770
2018,비뇨기과,Z27,1,1,0,0
2018,비뇨기과,Z30,302,362,9133780,6424780
2018,비뇨기과,Z31,253,541,112963880,84724250
2018,비뇨기과,Z32,3,3,157220,110320
2018,비뇨기과,Z34,4,4,293560,222760
2018,비뇨기과,Z41,28,33,12636670,9475660
2018,비뇨기과,Z43,10,65,1758080,1382980
2018,비뇨기과,Z48,475,865,16389220,12477620
2018,비뇨기과,Z49,1,1,32440,22740
2018,비뇨기과,Z52,1,2,24290,17090
2018,비뇨기과,Z54,58,108,1518990,1102290
2018,비뇨기과,Z70,513,730,13148320,9419620
2018,비뇨기과,Z71,583,613,8805160,6489660
2018,비뇨기과,Z72,19,19,284850,206950
2018,비뇨기과,Z82,8,21,312670,248370
2018,비뇨기과,Z83,2,2,72160,52360
2018,비뇨기과,Z84,1,1,19040,13340
2018,비뇨기과,Z88,2,2,32440,22840
2018,비뇨기과,Z90,2,5,434690,306190
2018,비뇨기과,Z92,399,1225,37560070,26837270
2018,비뇨기과,Z93,56,347,21348240,16017140
2018,비뇨기과,Z94,8,24,649870,474770
2018,비뇨기과,Z95,1,1,15310,10810
2018,비뇨기과,Z96,1,9,619490,434190
2018,비뇨기과,Z98,497,881,22239950,16249750
2018,비뇨기과,Z99,2,2,89020,75420
2018,"진단방사선과,영상의학과",A04,815,1150,24112160,17656360
2018,"진단방사선과,영상의학과",A05,3,3,55090,38690
2018,"진단방사선과,영상의학과",A06,2,2,264960,187260
2018,"진단방사선과,영상의학과",A08,57,60,964020,685420
2018,"진단방사선과,영상의학과",A09,2114,2541,113761610,81263910
2018,"진단방사선과,영상의학과",A15,114,125,15356340,11283440
2018,"진단방사선과,영상의학과",A16,1272,1332,186667500,133558600
2018,"진단방사선과,영상의학과",A17,1,1,475900,333200
2018,"진단방사선과,영상의학과",A18,39,42,8374270,6223870
2018,"진단방사선과,영상의학과",A31,94,124,15057090,10581190
2018,"진단방사선과,영상의학과",A35,1,1,41390,28990
2018,"진단방사선과,영상의학과",A41,1,1,19110,13410
2018,"진단방사선과,영상의학과",A42,5,7,1301640,911540
2018,"진단방사선과,영상의학과",A49,9,14,698910,542510
2018,"진단방사선과,영상의학과",A51,1,1,13000,9100
2018,"진단방사선과,영상의학과",A52,1,1,15310,10810
2018,"진단방사선과,영상의학과",A53,16,18,403990,284090
2018,"진단방사선과,영상의학과",A56,2,2,113620,82720
2018,"진단방사선과,영상의학과",A59,32,38,580090,419290
2018,"진단방사선과,영상의학과",A60,33,49,1162290,853990
2018,"진단방사선과,영상의학과",A69,4,4,62270,46870
2018,"진단방사선과,영상의학과",A81,1,1,387640,271440
2018,"진단방사선과,영상의학과",A87,3,3,1240640,868640
2018,"진단방사선과,영상의학과",B00,121,162,3400930,2472030
2018,"진단방사선과,영상의학과",B02,390,746,16857340,12507020
2018,"진단방사선과,영상의학과",B07,6,6,285560,200160
2018,"진단방사선과,영상의학과",B15,5,6,633560,443760
2018,"진단방사선과,영상의학과",B16,9,11,947320,665820
2018,"진단방사선과,영상의학과",B17,63,70,8582030,6022430
2018,"진단방사선과,영상의학과",B18,3037,4581,560865440,394297040
2018,"진단방사선과,영상의학과",B19,49,49,4023910,2819410
2018,"진단방사선과,영상의학과",B24,1,1,27680,19380
2018,"진단방사선과,영상의학과",B25,4,4,108290,78490
2018,"진단방사선과,영상의학과",B26,18,20,957530,680030
2018,"진단방사선과,영상의학과",B27,2,3,165890,116290
2018,"진단방사선과,영상의학과",B34,1,1,137480,96280
2018,"진단방사선과,영상의학과",B35,350,687,10063000,7463500
2018,"진단방사선과,영상의학과",B36,9,21,279110,205010
2018,"진단방사선과,영상의학과",B37,296,405,13765490,9758890
2018,"진단방사선과,영상의학과",B44,8,8,985990,690790
2018,"진단방사선과,영상의학과",B46,3,3,269950,189150
2018,"진단방사선과,영상의학과",B47,6,6,819390,573990
2018,"진단방사선과,영상의학과",B48,1,2,28010,25010
2018,"진단방사선과,영상의학과",B49,2,2,137610,96410
2018,"진단방사선과,영상의학과",B66,26,26,3567290,2502490
2018,"진단방사선과,영상의학과",B69,8,8,1589430,1113030
2018,"진단방사선과,영상의학과",B77,1,1,56970,39970
2018,"진단방사선과,영상의학과",B79,1,1,53060,37160
2018,"진단방사선과,영상의학과",B81,1,1,45970,32270
2018,"진단방사선과,영상의학과",B82,1,1,125590,87990
2018,"진단방사선과,영상의학과",B85,1,1,15310,10810
2018,"진단방사선과,영상의학과",B88,18,51,3158210,2513810
2018,"진단방사선과,영상의학과",B89,1,1,13340,9340
2018,"진단방사선과,영상의학과",B90,1161,1203,132863940,93603640
2018,"진단방사선과,영상의학과",B91,1,1,25450,17850
2018,"진단방사선과,영상의학과",B97,1,1,68560,48060
2018,"진단방사선과,영상의학과",B98,94,111,2307720,1640720
2018,"진단방사선과,영상의학과",C00,3,5,1536230,1401330
2018,"진단방사선과,영상의학과",C01,7,7,2121130,1985730
2018,"진단방사선과,영상의학과",C02,60,80,29779810,26551310
2018,"진단방사선과,영상의학과",C03,61,86,36719710,33651710
2018,"진단방사선과,영상의학과",C04,8,12,4634110,4216710
2018,"진단방사선과,영상의학과",C05,18,27,10310530,9427930
2018,"진단방사선과,영상의학과",C06,63,71,31144720,26510920
2018,"진단방사선과,영상의학과",C07,26,29,8122220,7095920
2018,"진단방사선과,영상의학과",C08,29,31,8476220,6801820
2018,"진단방사선과,영상의학과",C09,21,24,4969960,4456160
2018,"진단방사선과,영상의학과",C10,8,8,1674640,1329440
2018,"진단방사선과,영상의학과",C11,22,23,7511130,6670630
2018,"진단방사선과,영상의학과",C12,4,4,1234940,1070240
2018,"진단방사선과,영상의학과",C13,14,17,4027810,3633410
2018,"진단방사선과,영상의학과",C14,4,7,2921650,2775850
2018,"진단방사선과,영상의학과",C15,51,57,13025870,10937270
2018,"진단방사선과,영상의학과",C16,676,756,171704020,151811320
2018,"진단방사선과,영상의학과",C17,43,45,9660680,7387780
2018,"진단방사선과,영상의학과",C18,536,618,173800680,154277080
2018,"진단방사선과,영상의학과",C19,80,89,29528670,26735970
2018,"진단방사선과,영상의학과",C20,400,493,223050010,207199010
2018,"진단방사선과,영상의학과",C21,20,26,8417260,7569660
2018,"진단방사선과,영상의학과",C22,2216,2401,496913740,378334740
2018,"진단방사선과,영상의학과",C23,185,196,44225180,33801080
2018,"진단방사선과,영상의학과",C24,327,351,89937000,66881000
2018,"진단방사선과,영상의학과",C25,1132,1192,292375010,216497510
2018,"진단방사선과,영상의학과",C26,14,15,4009300,2954300
2018,"진단방사선과,영상의학과",C30,10,10,2590970,2224870
2018,"진단방사선과,영상의학과",C31,20,23,6928960,5867260
2018,"진단방사선과,영상의학과",C32,73,84,20111360,17767560
2018,"진단방사선과,영상의학과",C33,1,1,29070,27670
2018,"진단방사선과,영상의학과",C34,2019,2470,514731120,406119320
2018,"진단방사선과,영상의학과",C37,15,16,3279940,2770940
2018,"진단방사선과,영상의학과",C38,42,45,7823790,5820590
2018,"진단방사선과,영상의학과",C39,2,2,705770,617970
2018,"진단방사선과,영상의학과",C40,19,19,7997920,5748820
2018,"진단방사선과,영상의학과",C41,79,95,31630360,26064660
2018,"진단방사선과,영상의학과",C43,17,41,7325260,6894260
2018,"진단방사선과,영상의학과",C44,28,32,7721210,7123510
2018,"진단방사선과,영상의학과",C45,5,11,2542820,2446420
2018,"진단방사선과,영상의학과",C46,4,4,1704660,1564560
2018,"진단방사선과,영상의학과",C47,4,4,948430,665930
2018,"진단방사선과,영상의학과",C48,32,33,10079180,8226480
2018,"진단방사선과,영상의학과",C49,88,97,26792610,22063310
2018,"진단방사선과,영상의학과",C50,2291,2896,648580670,585129670
2018,"진단방사선과,영상의학과",C51,4,5,1399700,1329100
2018,"진단방사선과,영상의학과",C52,2,2,648700,616400
2018,"진단방사선과,영상의학과",C53,153,171,66489540,60223240
2018,"진단방사선과,영상의학과",C54,144,151,56000390,49995890
2018,"진단방사선과,영상의학과",C55,29,30,8884250,7404650
2018,"진단방사선과,영상의학과",C56,302,362,106467160,91858760
2018,"진단방사선과,영상의학과",C57,8,11,2410180,2134480
2018,"진단방사선과,영상의학과",C60,1,1,898740,853840
2018,"진단방사선과,영상의학과",C61,470,545,163773510,149227210
2018,"진단방사선과,영상의학과",C62,7,8,1358910,1139810
2018,"진단방사선과,영상의학과",C63,3,3,1001260,757560
2018,"진단방사선과,영상의학과",C64,507,556,126085100,99404900
2018,"진단방사선과,영상의학과",C65,19,21,4703190,3942790
2018,"진단방사선과,영상의학과",C66,59,63,15053490,11714990
2018,"진단방사선과,영상의학과",C67,329,386,84997750,69831850
2018,"진단방사선과,영상의학과",C68,5,5,845790,595090
2018,"진단방사선과,영상의학과",C69,6,7,2606590,1979290
2018,"진단방사선과,영상의학과",C70,4,5,1656430,1190930
2018,"진단방사선과,영상의학과",C71,311,337,77451390,59619890
2018,"진단방사선과,영상의학과",C72,27,29,12529100,10216600
2018,"진단방사선과,영상의학과",C73,1211,1404,246698990,212382190
2018,"진단방사선과,영상의학과",C74,22,22,6003660,4512460
2018,"진단방사선과,영상의학과",C75,8,8,1733480,1283680
2018,"진단방사선과,영상의학과",C76,30,31,10228380,8172680
2018,"진단방사선과,영상의학과",C77,275,300,45772760,39706260
2018,"진단방사선과,영상의학과",C78,259,277,68293500,53365900
2018,"진단방사선과,영상의학과",C79,197,212,77602560,63231660
2018,"진단방사선과,영상의학과",C80,14,16,4553860,4014160
2018,"진단방사선과,영상의학과",C81,13,18,5482730,4716930
2018,"진단방사선과,영상의학과",C82,8,8,1469270,1286270
2018,"진단방사선과,영상의학과",C83,26,34,12016830,11236330
2018,"진단방사선과,영상의학과",C84,5,5,1047710,937710
2018,"진단방사선과,영상의학과",C85,68,87,22355620,18312820
2018,"진단방사선과,영상의학과",C86,4,5,1282250,1236050
2018,"진단방사선과,영상의학과",C88,12,13,3088420,2934620
2018,"진단방사선과,영상의학과",C90,19,21,6692320,5472420
2018,"진단방사선과,영상의학과",C91,8,8,1491050,1400050
2018,"진단방사선과,영상의학과",C92,8,10,1774160,1686060
2018,"진단방사선과,영상의학과",C94,3,3,637950,606250
2018,"진단방사선과,영상의학과",C95,1,1,485150,373750
2018,"진단방사선과,영상의학과",C96,8,9,1718230,1320530
2018,"진단방사선과,영상의학과",D00,5,5,1020510,908310
2018,"진단방사선과,영상의학과",D01,167,189,44040720,37954120
2018,"진단방사선과,영상의학과",D02,6,7,1010210,712410
2018,"진단방사선과,영상의학과",D04,1,1,225200,214000
2018,"진단방사선과,영상의학과",D05,163,215,36217580,33329480
2018,"진단방사선과,영상의학과",D06,41,41,13023760,11916760
2018,"진단방사선과,영상의학과",D07,7,8,2217600,1867800
2018,"진단방사선과,영상의학과",D09,27,28,7001940,6456240
2018,"진단방사선과,영상의학과",D10,113,116,18632680,13248080
2018,"진단방사선과,영상의학과",D11,383,401,63320850,44460250
2018,"진단방사선과,영상의학과",D12,2978,3047,733857130,514495030
2018,"진단방사선과,영상의학과",D13,10292,10616,2283783510,1604320810
2018,"진단방사선과,영상의학과",D14,7676,8020,1262322720,887045520
2018,"진단방사선과,영상의학과",D15,348,361,69389480,48812680
2018,"진단방사선과,영상의학과",D16,1054,1074,111004380,78358080
2018,"진단방사선과,영상의학과",D17,1167,1272,98126400,69486290
2018,"진단방사선과,영상의학과",D18,5344,5514,1201727260,842987960
2018,"진단방사선과,영상의학과",D19,24,25,2961560,2079660
2018,"진단방사선과,영상의학과",D20,68,72,14847730,10434430
2018,"진단방사선과,영상의학과",D21,1028,1096,106653960,75231350
2018,"진단방사선과,영상의학과",D23,225,491,27289350,19381450
2018,"진단방사선과,영상의학과",D24,6600,8547,378003280,267599900
2018,"진단방사선과,영상의학과",D25,1993,2100,299093990,212548770
2018,"진단방사선과,영상의학과",D26,690,720,54075390,37987790
2018,"진단방사선과,영상의학과",D27,1512,1529,297535540,208828240
2018,"진단방사선과,영상의학과",D28,20,20,3437570,2409970
2018,"진단방사선과,영상의학과",D29,123,150,8652710,6261210
2018,"진단방사선과,영상의학과",D30,4279,4379,925495930,650562430
2018,"진단방사선과,영상의학과",D31,63,67,15796050,11064550
2018,"진단방사선과,영상의학과",D32,437,472,191223600,142141300
2018,"진단방사선과,영상의학과",D33,857,887,311750330,224876230
2018,"진단방사선과,영상의학과",D34,5318,6356,296813490,210853540
2018,"진단방사선과,영상의학과",D35,1040,1088,355323730,254117630
2018,"진단방사선과,영상의학과",D36,364,392,27392710,19475810
2018,"진단방사선과,영상의학과",D37,4969,5163,1108685140,785451540
2018,"진단방사선과,영상의학과",D38,4068,4299,700056020,492803720
2018,"진단방사선과,영상의학과",D39,789,818,196046710,138735310
2018,"진단방사선과,영상의학과",D40,91,99,13840830,9745230
2018,"진단방사선과,영상의학과",D41,973,1027,216369640,152488140
2018,"진단방사선과,영상의학과",D42,65,67,26641250,19248550
2018,"진단방사선과,영상의학과",D43,453,477,134135380,99561680
2018,"진단방사선과,영상의학과",D44,1546,1829,226386870,161119870
2018,"진단방사선과,영상의학과",D45,3,14,696120,610720
2018,"진단방사선과,영상의학과",D46,4,4,1017490,966790
2018,"진단방사선과,영상의학과",D47,79,96,16528170,13096770
2018,"진단방사선과,영상의학과",D48,1444,1627,202188170,143919830
2018,"진단방사선과,영상의학과",D50,799,1263,37415870,26822170
2018,"진단방사선과,영상의학과",D51,2,3,43490,36290
2018,"진단방사선과,영상의학과",D52,7,16,308760,234260
2018,"진단방사선과,영상의학과",D53,2,13,175350,124650
2018,"진단방사선과,영상의학과",D61,4,4,742060,608260
2018,"진단방사선과,영상의학과",D64,394,487,22640380,16174380
2018,"진단방사선과,영상의학과",D68,2,2,232680,162980
2018,"진단방사선과,영상의학과",D69,49,65,3781050,2703450
2018,"진단방사선과,영상의학과",D72,43,45,1307350,927750
2018,"진단방사선과,영상의학과",D73,132,135,28010910,19857510
2018,"진단방사선과,영상의학과",D74,1,1,18580,16780
2018,"진단방사선과,영상의학과",D75,10,10,335620,235320
2018,"진단방사선과,영상의학과",D76,1,5,516650,361950
2018,"진단방사선과,영상의학과",D84,1,5,59110,41810
2018,"진단방사선과,영상의학과",D86,18,19,3667280,2888680
2018,"진단방사선과,영상의학과",E01,1,1,9560,6760
2018,"진단방사선과,영상의학과",E02,2,10,224940,158040
2018,"진단방사선과,영상의학과",E03,1443,3980,135088680,96400280
2018,"진단방사선과,영상의학과",E04,3319,3764,186451930,132004460
2018,"진단방사선과,영상의학과",E05,623,2097,78809150,55811550
2018,"진단방사선과,영상의학과",E06,1133,1839,83897330,59114030
2018,"진단방사선과,영상의학과",E07,2204,2550,103633030,73403830
2018,"진단방사선과,영상의학과",E10,25,63,2726920,2038420
2018,"진단방사선과,영상의학과",E11,3360,15968,383664710,291700180
2018,"진단방사선과,영상의학과",E12,1,2,28050,25050
2018,"진단방사선과,영상의학과",E13,125,299,8849700,6431500
2018,"진단방사선과,영상의학과",E14,974,2980,78212490,57113290
2018,"진단방사선과,영상의학과",E15,1,2,65910,48010
2018,"진단방사선과,영상의학과",E16,47,47,8835720,6189820
2018,"진단방사선과,영상의학과",E20,2,2,155100,108700
2018,"진단방사선과,영상의학과",E21,8,30,723150,513650
2018,"진단방사선과,영상의학과",E22,496,560,178055520,125913420
2018,"진단방사선과,영상의학과",E23,93,103,17805890,12603990
2018,"진단방사선과,영상의학과",E24,1,1,11810,8310
2018,"진단방사선과,영상의학과",E25,1,1,166600,150000
2018,"진단방사선과,영상의학과",E27,22,28,3424560,2429460
2018,"진단방사선과,영상의학과",E28,51,56,2954310,2072610
2018,"진단방사선과,영상의학과",E29,7,13,430630,305430
2018,"진단방사선과,영상의학과",E30,296,311,14875360,10559160
2018,"진단방사선과,영상의학과",E32,27,27,3768970,2647370
2018,"진단방사선과,영상의학과",E34,36,49,1327930,934530
2018,"진단방사선과,영상의학과",E35,7,7,657300,463400
2018,"진단방사선과,영상의학과",E44,1,1,242520,169820
2018,"진단방사선과,영상의학과",E46,53,104,6833880,5404880
2018,"진단방사선과,영상의학과",E50,98,152,2240880,1604380
2018,"진단방사선과,영상의학과",E53,4,15,207190,184390
2018,"진단방사선과,영상의학과",E55,525,741,14571470,10427170
2018,"진단방사선과,영상의학과",E56,21,31,404910,300610
2018,"진단방사선과,영상의학과",E58,81,132,2124130,1598630
2018,"진단방사선과,영상의학과",E61,8,8,123130,94630
2018,"진단방사선과,영상의학과",E63,17,33,2065140,1612240
2018,"진단방사선과,영상의학과",E65,8,8,319750,227350
2018,"진단방사선과,영상의학과",E66,37,96,2255620,1602320
2018,"진단방사선과,영상의학과",E70,1,4,90290,63490
2018,"진단방사선과,영상의학과",E72,1,1,128050,115250
2018,"진단방사선과,영상의학과",E75,4,4,163550,114650
2018,"진단방사선과,영상의학과",E76,1,1,794220,556020
2018,"진단방사선과,영상의학과",E78,11055,23204,579840780,417172480
2018,"진단방사선과,영상의학과",E79,17,20,416090,300090
2018,"진단방사선과,영상의학과",E80,22,25,1326030,929530
2018,"진단방사선과,영상의학과",E83,21,21,1090150,885750
2018,"진단방사선과,영상의학과",E86,491,1473,90923170,72755680
2018,"진단방사선과,영상의학과",E87,76,113,2915900,2197400
2018,"진단방사선과,영상의학과",E88,14,14,1385760,978160
2018,"진단방사선과,영상의학과",E89,90,248,6874010,4942310
2018,"진단방사선과,영상의학과",F00,792,1152,230506150,163363950
2018,"진단방사선과,영상의학과",F01,280,292,75581650,53340050
2018,"진단방사선과,영상의학과",F02,40,42,8223070,5826170
2018,"진단방사선과,영상의학과",F03,1034,1103,260635270,184657070
2018,"진단방사선과,영상의학과",F05,12,12,1823560,1303760
2018,"진단방사선과,영상의학과",F06,605,1088,78221140,56261340
2018,"진단방사선과,영상의학과",F07,181,190,19194710,13547810
2018,"진단방사선과,영상의학과",F09,3,3,402300,281800
2018,"진단방사선과,영상의학과",F10,17,17,1386810,980410
2018,"진단방사선과,영상의학과",F17,7,13,265500,186600
2018,"진단방사선과,영상의학과",F20,23,25,2199600,1718800
2018,"진단방사선과,영상의학과",F22,3,3,383360,271560
2018,"진단방사선과,영상의학과",F23,1,1,329640,230840
2018,"진단방사선과,영상의학과",F25,6,22,151200,120000
2018,"진단방사선과,영상의학과",F28,1,1,15310,10810
2018,"진단방사선과,영상의학과",F29,1,1,323580,226580
2018,"진단방사선과,영상의학과",F30,2,2,46600,32800
2018,"진단방사선과,영상의학과",F31,12,15,851420,600520
2018,"진단방사선과,영상의학과",F32,69,132,2966720,2208520
2018,"진단방사선과,영상의학과",F33,2,4,56880,40180
2018,"진단방사선과,영상의학과",F34,5,17,734020,584020
2018,"진단방사선과,영상의학과",F38,6,9,227380,161480
2018,"진단방사선과,영상의학과",F39,12,23,608480,448780
2018,"진단방사선과,영상의학과",F40,22,29,1060710,758710
2018,"진단방사선과,영상의학과",F41,201,397,7725920,5868420
2018,"진단방사선과,영상의학과",F42,4,4,788680,552180
2018,"진단방사선과,영상의학과",F43,3,3,41030,28930
2018,"진단방사선과,영상의학과",F44,3,3,454430,318230
2018,"진단방사선과,영상의학과",F45,11,11,173070,138970
2018,"진단방사선과,영상의학과",F48,110,137,5943790,4195090
2018,"진단방사선과,영상의학과",F50,7,7,299940,242140
2018,"진단방사선과,영상의학과",F51,122,269,3556590,2707590
2018,"진단방사선과,영상의학과",F52,5,5,0,0
2018,"진단방사선과,영상의학과",F54,31,39,652500,483400
2018,"진단방사선과,영상의학과",F55,1,2,140970,101070
2018,"진단방사선과,영상의학과",F59,2,2,34420,24220
2018,"진단방사선과,영상의학과",F78,2,2,117530,82430
2018,"진단방사선과,영상의학과",F79,1,1,310890,217690
2018,"진단방사선과,영상의학과",F80,19,20,3758170,2639670
2018,"진단방사선과,영상의학과",F81,1,1,15310,10810
2018,"진단방사선과,영상의학과",F83,1,1,361880,285980
2018,"진단방사선과,영상의학과",F84,1,1,23300,16400
2018,"진단방사선과,영상의학과",F89,1,1,21270,16870
2018,"진단방사선과,영상의학과",F90,2,2,396380,277580
2018,"진단방사선과,영상의학과",F91,3,3,537540,376440
2018,"진단방사선과,영상의학과",F92,2,2,536990,375990
2018,"진단방사선과,영상의학과",F93,1,1,15310,10810
2018,"진단방사선과,영상의학과",F95,3,3,223870,156970
2018,"진단방사선과,영상의학과",F98,2,2,39230,31030
2018,"진단방사선과,영상의학과",F99,1,1,104680,73280
2018,"진단방사선과,영상의학과",G03,14,15,3035080,2132680
2018,"진단방사선과,영상의학과",G04,13,13,3223400,2256700
2018,"진단방사선과,영상의학과",G05,1,2,24290,17090
2018,"진단방사선과,영상의학과",G06,6,6,2487430,1741530
2018,"진단방사선과,영상의학과",G08,1,1,414900,290500
2018,"진단방사선과,영상의학과",G10,1,1,644560,451260
2018,"진단방사선과,영상의학과",G11,10,10,1753570,1380870
2018,"진단방사선과,영상의학과",G12,6,7,1716330,1210630
2018,"진단방사선과,영상의학과",G13,1,1,104680,73280
2018,"진단방사선과,영상의학과",G14,1,1,15310,10810
2018,"진단방사선과,영상의학과",G20,217,247,68059010,52063310
2018,"진단방사선과,영상의학과",G21,26,28,9425130,6609530
2018,"진단방사선과,영상의학과",G22,19,20,7522370,5267070
2018,"진단방사선과,영상의학과",G23,33,33,9627310,6742210
2018,"진단방사선과,영상의학과",G24,71,72,6029060,4270160
2018,"진단방사선과,영상의학과",G25,135,202,14166320,10166520
2018,"진단방사선과,영상의학과",G26,1,1,15310,13810
2018,"진단방사선과,영상의학과",G30,498,500,116012440,82161040
2018,"진단방사선과,영상의학과",G31,1180,2036,134637400,96841400
2018,"진단방사선과,영상의학과",G32,10,10,1965280,1394180
2018,"진단방사선과,영상의학과",G35,8,8,2982230,2087930
2018,"진단방사선과,영상의학과",G36,2,2,803050,562250
2018,"진단방사선과,영상의학과",G37,55,59,20867740,14611840
2018,"진단방사선과,영상의학과",G40,127,134,41022160,29596960
2018,"진단방사선과,영상의학과",G41,4,4,863170,689270
2018,"진단방사선과,영상의학과",G43,3464,3978,542421030,381044580
2018,"진단방사선과,영상의학과",G44,6222,6825,890667400,627096890
2018,"진단방사선과,영상의학과",G45,1525,1583,456007160,320847760
2018,"진단방사선과,영상의학과",G46,157,160,39928770,28107570
2018,"진단방사선과,영상의학과",G47,515,1255,23898780,17764980
2018,"진단방사선과,영상의학과",G50,231,244,46164560,32397260
2018,"진단방사선과,영상의학과",G51,510,536,88985070,62955370
2018,"진단방사선과,영상의학과",G52,280,299,62637200,44003300
2018,"진단방사선과,영상의학과",G53,98,189,6635670,4866380
2018,"진단방사선과,영상의학과",G54,209,218,6901290,5419390
2018,"진단방사선과,영상의학과",G55,2454,2919,296114240,208890940
2018,"진단방사선과,영상의학과",G56,92,123,9198650,6496150
2018,"진단방사선과,영상의학과",G57,48,114,3272650,2432850
2018,"진단방사선과,영상의학과",G58,57,94,6532040,4923740
2018,"진단방사선과,영상의학과",G60,1,3,35240,24840
2018,"진단방사선과,영상의학과",G61,4,4,122710,89910
2018,"진단방사선과,영상의학과",G62,11,12,469310,336510
2018,"진단방사선과,영상의학과",G63,23,76,1720660,1271260
2018,"진단방사선과,영상의학과",G64,17,22,1290420,913420
2018,"진단방사선과,영상의학과",G70,5,6,715000,550900
2018,"진단방사선과,영상의학과",G71,3,8,448150,334850
2018,"진단방사선과,영상의학과",G72,3,3,66790,49990
2018,"진단방사선과,영상의학과",G73,1,2,29450,27950
2018,"진단방사선과,영상의학과",G80,8,8,2133480,1513180
2018,"진단방사선과,영상의학과",G81,292,297,51301000,36165600
2018,"진단방사선과,영상의학과",G82,12,12,2915990,2048090
2018,"진단방사선과,영상의학과",G83,51,52,15975710,11297710
2018,"진단방사선과,영상의학과",G90,40,73,2307880,1725080
2018,"진단방사선과,영상의학과",G91,259,267,67838750,47707250
2018,"진단방사선과,영상의학과",G92,1,1,102220,71620
2018,"진단방사선과,영상의학과",G93,1772,1809,338749930,237861730
2018,"진단방사선과,영상의학과",G94,21,23,2791810,1958110
2018,"진단방사선과,영상의학과",G95,105,135,21846520,15641120
2018,"진단방사선과,영상의학과",G96,15,15,4487450,3142050
2018,"진단방사선과,영상의학과",G97,1,1,13340,9340
2018,"진단방사선과,영상의학과",G99,46,46,9907850,6961550
2018,"진단방사선과,영상의학과",H00,37,45,957790,675790
2018,"진단방사선과,영상의학과",H01,24,29,685520,488920
2018,"진단방사선과,영상의학과",H02,38,40,3512310,2490310
2018,"진단방사선과,영상의학과",H03,1,1,15310,13810
2018,"진단방사선과,영상의학과",H04,853,875,82025980,57758280
2018,"진단방사선과,영상의학과",H05,218,225,34473120,24197720
2018,"진단방사선과,영상의학과",H06,40,40,6755490,4765290
2018,"진단방사선과,영상의학과",H10,83,118,1641260,1208560
2018,"진단방사선과,영상의학과",H11,60,119,1657380,1217380
2018,"진단방사선과,영상의학과",H13,1,1,222740,155940
2018,"진단방사선과,영상의학과",H16,34,82,1262300,959000
2018,"진단방사선과,영상의학과",H19,1,1,9560,8060
2018,"진단방사선과,영상의학과",H20,3,3,75760,53160
2018,"진단방사선과,영상의학과",H25,19,20,689710,511910
2018,"진단방사선과,영상의학과",H26,222,229,9521040,6711340
2018,"진단방사선과,영상의학과",H33,1,1,131510,92110
2018,"진단방사선과,영상의학과",H34,11,13,929570,660670
2018,"진단방사선과,영상의학과",H35,7,7,576080,408980
2018,"진단방사선과,영상의학과",H36,3,4,56290,44890
2018,"진단방사선과,영상의학과",H40,21,61,2225600,1661500
2018,"진단방사선과,영상의학과",H43,1,1,50890,35690
2018,"진단방사선과,영상의학과",H44,20,20,2046260,1434560
2018,"진단방사선과,영상의학과",H45,1,1,182520,127820
2018,"진단방사선과,영상의학과",H46,19,19,4605330,3224830
2018,"진단방사선과,영상의학과",H47,29,29,6842230,4866730
2018,"진단방사선과,영상의학과",H48,4,4,1012820,712220
2018,"진단방사선과,영상의학과",H49,20,20,5507580,3863880
2018,"진단방사선과,영상의학과",H50,92,93,9005280,6344780
2018,"진단방사선과,영상의학과",H51,1,1,217030,151930
2018,"진단방사선과,영상의학과",H52,2,2,549060,384360
2018,"진단방사선과,영상의학과",H53,452,489,102138830,71924530
2018,"진단방사선과,영상의학과",H54,29,30,5148940,3610840
2018,"진단방사선과,영상의학과",H55,13,14,4712770,3299770
2018,"진단방사선과,영상의학과",H57,35,35,4526230,3177730
2018,"진단방사선과,영상의학과",H58,2,2,524220,367120
2018,"진단방사선과,영상의학과",H60,52,74,4194320,2976020
2018,"진단방사선과,영상의학과",H61,9,10,677480,495380
2018,"진단방사선과,영상의학과",H62,1,2,0,0
2018,"진단방사선과,영상의학과",H65,63,67,7999030,5640130
2018,"진단방사선과,영상의학과",H66,288,301,35605070,25011870
2018,"진단방사선과,영상의학과",H67,1,1,26560,18660
2018,"진단방사선과,영상의학과",H69,1,1,180980,126780
2018,"진단방사선과,영상의학과",H70,62,62,6078700,4260400
2018,"진단방사선과,영상의학과",H71,64,64,9689240,6826440
2018,"진단방사선과,영상의학과",H72,7,7,745750,522350
2018,"진단방사선과,영상의학과",H73,3,3,400250,280250
2018,"진단방사선과,영상의학과",H74,51,51,5836080,4089380
2018,"진단방사선과,영상의학과",H80,1,1,131510,92110
2018,"진단방사선과,영상의학과",H81,1602,2114,265150540,187629740
2018,"진단방사선과,영상의학과",H82,123,167,14952780,10668080
2018,"진단방사선과,영상의학과",H83,6,6,456380,319880
2018,"진단방사선과,영상의학과",H90,76,86,13224740,9310440
2018,"진단방사선과,영상의학과",H91,107,108,13350640,9383340
2018,"진단방사선과,영상의학과",H92,45,45,3290880,2316180
2018,"진단방사선과,영상의학과",H93,346,369,39118400,27647300
2018,"진단방사선과,영상의학과",H94,1,1,24810,17410
2018,"진단방사선과,영상의학과",H95,1,1,135310,94810
2018,"진단방사선과,영상의학과",I00,3,4,537150,397950
2018,"진단방사선과,영상의학과",I05,2,2,139840,97940
2018,"진단방사선과,영상의학과",I07,2,2,66060,46260
2018,"진단방사선과,영상의학과",I08,3,6,80420,69920
2018,"진단방사선과,영상의학과",I10,8639,45170,835215830,638796350
2018,"진단방사선과,영상의학과",I11,197,385,8213250,6206450
2018,"진단방사선과,영상의학과",I12,5,9,199010,156710
2018,"진단방사선과,영상의학과",I13,6,18,222920,175120
2018,"진단방사선과,영상의학과",I15,98,319,6534130,4796730
2018,"진단방사선과,영상의학과",I20,647,927,92407700,65793600
2018,"진단방사선과,영상의학과",I21,7,7,695720,487420
2018,"진단방사선과,영상의학과",I22,1,1,15310,10810
2018,"진단방사선과,영상의학과",I24,9,15,1337600,949100
2018,"진단방사선과,영상의학과",I25,513,751,36029210,26073310
2018,"진단방사선과,영상의학과",I26,63,64,13678710,9577510
2018,"진단방사선과,영상의학과",I27,7,7,1215860,851360
2018,"진단방사선과,영상의학과",I28,72,72,13352770,9372870
2018,"진단방사선과,영상의학과",I30,2,2,725580,507980
2018,"진단방사선과,영상의학과",I31,22,23,3369340,2368040
2018,"진단방사선과,영상의학과",I33,1,1,128050,89650
2018,"진단방사선과,영상의학과",I34,5,7,502700,352300
2018,"진단방사선과,영상의학과",I35,6,6,1540610,1078810
2018,"진단방사선과,영상의학과",I37,1,1,128050,89650
2018,"진단방사선과,영상의학과",I42,2,2,437920,306620
2018,"진단방사선과,영상의학과",I43,1,1,26330,18530
2018,"진단방사선과,영상의학과",I45,32,38,1697890,1224190
2018,"진단방사선과,영상의학과",I47,5,12,179690,146490
2018,"진단방사선과,영상의학과",I48,35,58,2519560,1850460
2018,"진단방사선과,영상의학과",I49,101,153,5197280,3792580
2018,"진단방사선과,영상의학과",I50,71,145,6797700,4964600
2018,"진단방사선과,영상의학과",I51,904,1005,41555100,30214100
2018,"진단방사선과,영상의학과",I52,1,1,15310,10810
2018,"진단방사선과,영상의학과",I60,67,69,13543110,9487510
2018,"진단방사선과,영상의학과",I61,482,522,104140500,73169900
2018,"진단방사선과,영상의학과",I62,149,176,48321970,34073770
2018,"진단방사선과,영상의학과",I63,5691,6374,1981114060,1397920400
2018,"진단방사선과,영상의학과",I64,58,60,19942630,14097530
2018,"진단방사선과,영상의학과",I65,760,822,193295130,136285330
2018,"진단방사선과,영상의학과",I66,1406,2528,434255170,308781470
2018,"진단방사선과,영상의학과",I67,4537,4836,1441591620,1014509750
2018,"진단방사선과,영상의학과",I68,58,72,23186320,16357120
2018,"진단방사선과,영상의학과",I69,587,681,133696260,94941760
2018,"진단방사선과,영상의학과",I70,792,1463,121718180,89559710
2018,"진단방사선과,영상의학과",I71,257,263,53770430,37855230
2018,"진단방사선과,영상의학과",I72,159,176,34137220,24106820
2018,"진단방사선과,영상의학과",I73,414,1036,28666400,22050000
2018,"진단방사선과,영상의학과",I74,54,69,10733160,7539060
2018,"진단방사선과,영상의학과",I77,99,132,70019380,53453240
2018,"진단방사선과,영상의학과",I78,21,33,2295190,1664190
2018,"진단방사선과,영상의학과",I79,23,25,4758140,3363740
2018,"진단방사선과,영상의학과",I80,71,76,6031080,4257580
2018,"진단방사선과,영상의학과",I81,11,12,2866730,2019930
2018,"진단방사선과,영상의학과",I82,25,31,5680720,4524420
2018,"진단방사선과,영상의학과",I83,167,434,14997860,10851210
2018,"진단방사선과,영상의학과",I85,6,6,889240,623440
2018,"진단방사선과,영상의학과",I86,304,393,117016400,92387180
2018,"진단방사선과,영상의학과",I87,243,529,21632640,16065580
2018,"진단방사선과,영상의학과",I88,1305,1330,131549570,93076370
2018,"진단방사선과,영상의학과",I89,90,117,9818350,6956350
2018,"진단방사선과,영상의학과",I95,11,11,894310,638810
2018,"진단방사선과,영상의학과",I97,1,1,230790,161590
2018,"진단방사선과,영상의학과",I98,3,3,217660,154260
2018,"진단방사선과,영상의학과",I99,578,3034,66844710,48210210
2018,"진단방사선과,영상의학과",J00,1798,2275,44284930,32289230
2018,"진단방사선과,영상의학과",J01,3763,4207,155017960,110277660
2018,"진단방사선과,영상의학과",J02,1296,1797,30463470,22590670
2018,"진단방사선과,영상의학과",J03,1102,1618,27211650,19602950
2018,"진단방사선과,영상의학과",J04,1229,1310,38108500,27021900
2018,"진단방사선과,영상의학과",J05,4,4,324470,231170
2018,"진단방사선과,영상의학과",J06,3427,5095,98168060,72048960
2018,"진단방사선과,영상의학과",J10,99,124,2190750,1571350
2018,"진단방사선과,영상의학과",J11,237,298,5121670,3709170
2018,"진단방사선과,영상의학과",J12,379,399,38809560,27255060
2018,"진단방사선과,영상의학과",J13,1,3,54580,38280
2018,"진단방사선과,영상의학과",J14,3,6,312040,218740
2018,"진단방사선과,영상의학과",J15,725,842,88506290,62578090
2018,"진단방사선과,영상의학과",J16,3,4,287380,201380
2018,"진단방사선과,영상의학과",J17,304,397,15401420,11498120
2018,"진단방사선과,영상의학과",J18,8712,11155,870464990,618114290
2018,"진단방사선과,영상의학과",J20,16737,22265,545843000,396567400
2018,"진단방사선과,영상의학과",J21,978,1029,69573630,50041630
2018,"진단방사선과,영상의학과",J22,448,458,14906320,10552420
2018,"진단방사선과,영상의학과",J30,2066,3082,58327890,42807790
2018,"진단방사선과,영상의학과",J31,824,927,28280740,20259640
2018,"진단방사선과,영상의학과",J32,8774,9678,630461370,445724870
2018,"진단방사선과,영상의학과",J33,771,802,108701670,76176170
2018,"진단방사선과,영상의학과",J34,1342,1401,95633460,67223060
2018,"진단방사선과,영상의학과",J35,223,237,12066250,8667850
2018,"진단방사선과,영상의학과",J36,181,249,16352600,11603200
2018,"진단방사선과,영상의학과",J37,20,20,2715060,1907160
2018,"진단방사선과,영상의학과",J38,98,106,19297230,13597430
2018,"진단방사선과,영상의학과",J39,93,102,8366060,5943560
2018,"진단방사선과,영상의학과",J40,6608,7602,363474160,258004760
2018,"진단방사선과,영상의학과",J41,4124,4565,185164080,132461180
2018,"진단방사선과,영상의학과",J42,3599,4158,182647690,130240090
2018,"진단방사선과,영상의학과",J43,3198,3343,472912500,331964000
2018,"진단방사선과,영상의학과",J44,762,873,100409830,71123630
2018,"진단방사선과,영상의학과",J45,1135,1791,58531010,42448210
2018,"진단방사선과,영상의학과",J46,3,6,77960,54960
2018,"진단방사선과,영상의학과",J47,3916,4172,543668390,382922290
2018,"진단방사선과,영상의학과",J60,23,29,3413180,2422280
2018,"진단방사선과,영상의학과",J61,4,4,623800,436900
2018,"진단방사선과,영상의학과",J62,14,15,1915820,1341820
2018,"진단방사선과,영상의학과",J63,3,3,500900,350800
2018,"진단방사선과,영상의학과",J64,68,71,9379050,6585150
2018,"진단방사선과,영상의학과",J65,1,1,133580,93580
2018,"진단방사선과,영상의학과",J67,60,60,8397940,5882140
2018,"진단방사선과,영상의학과",J68,1,1,136860,95860
2018,"진단방사선과,영상의학과",J69,4,4,695230,486830
2018,"진단방사선과,영상의학과",J70,21,21,2595190,1817390
2018,"진단방사선과,영상의학과",J80,1,1,128050,89650
2018,"진단방사선과,영상의학과",J81,70,75,8994620,6332920
2018,"진단방사선과,영상의학과",J82,36,42,5396380,3779580
2018,"진단방사선과,영상의학과",J84,2038,2141,293486090,207508690
2018,"진단방사선과,영상의학과",J85,191,208,35163180,24683780
2018,"진단방사선과,영상의학과",J86,24,24,5043170,3608770
2018,"진단방사선과,영상의학과",J90,391,451,52359780,37132980
2018,"진단방사선과,영상의학과",J91,38,38,5912560,4144660
2018,"진단방사선과,영상의학과",J92,259,265,31852660,22387160
2018,"진단방사선과,영상의학과",J93,257,298,23102600,16272000
2018,"진단방사선과,영상의학과",J94,525,551,64252280,45135680
2018,"진단방사선과,영상의학과",J95,1,1,121220,84920
2018,"진단방사선과,영상의학과",J96,3,4,500350,350450
2018,"진단방사선과,영상의학과",J98,10876,11360,1441731470,1015648370
2018,"진단방사선과,영상의학과",J99,31,31,4460900,3148800
2018,"진단방사선과,영상의학과",K01,21,21,1289080,913680
2018,"진단방사선과,영상의학과",K02,11,11,638890,470490
2018,"진단방사선과,영상의학과",K04,99,103,5519750,3920450
2018,"진단방사선과,영상의학과",K05,54,68,2273750,1651850
2018,"진단방사선과,영상의학과",K06,2,2,255640,179140
2018,"진단방사선과,영상의학과",K07,557,581,20154340,14303040
2018,"진단방사선과,영상의학과",K08,7,7,118670,83570
2018,"진단방사선과,영상의학과",K09,16,16,2915470,2041870
2018,"진단방사선과,영상의학과",K10,44,45,5465360,3875160
2018,"진단방사선과,영상의학과",K11,841,868,113291430,79687230
2018,"진단방사선과,영상의학과",K12,49,69,3882430,2766630
2018,"진단방사선과,영상의학과",K13,6,6,626230,443530
2018,"진단방사선과,영상의학과",K14,10,11,750740,539140
2018,"진단방사선과,영상의학과",K20,209,440,14900810,10662110
2018,"진단방사선과,영상의학과",K21,17413,27879,935436540,672182210
2018,"진단방사선과,영상의학과",K22,105,111,10342820,7294720
2018,"진단방사선과,영상의학과",K23,4,4,374780,262580
2018,"진단방사선과,영상의학과",K25,4448,6511,283961720,201727880
2018,"진단방사선과,영상의학과",K26,1931,2780,114287560,80725260
2018,"진단방사선과,영상의학과",K27,222,270,7892970,5644770
2018,"진단방사선과,영상의학과",K28,2,2,11070,9570
2018,"진단방사선과,영상의학과",K29,12868,17220,691507840,493601490
2018,"진단방사선과,영상의학과",K30,1022,1243,48990770,35650190
2018,"진단방사선과,영상의학과",K31,374,414,24476120,17281120
2018,"진단방사선과,영상의학과",K35,1153,1168,205549500,144259600
2018,"진단방사선과,영상의학과",K36,115,118,13129470,9219170
2018,"진단방사선과,영상의학과",K37,260,260,41916200,29414600
2018,"진단방사선과,영상의학과",K38,127,127,20837510,14694310
2018,"진단방사선과,영상의학과",K40,465,485,23600860,17253560
2018,"진단방사선과,영상의학과",K41,9,9,1148030,818030
2018,"진단방사선과,영상의학과",K42,32,33,3222960,2286260
2018,"진단방사선과,영상의학과",K43,50,51,7882670,5580870
2018,"진단방사선과,영상의학과",K44,49,49,7579940,5356740
2018,"진단방사선과,영상의학과",K45,5,5,518270,366170
2018,"진단방사선과,영상의학과",K46,27,33,4515870,3201470
2018,"진단방사선과,영상의학과",K50,60,61,12445670,9279170
2018,"진단방사선과,영상의학과",K51,65,102,10526830,8100230
2018,"진단방사선과,영상의학과",K52,1252,1583,58697760,41760960
2018,"진단방사선과,영상의학과",K55,69,72,15465810,10869310
2018,"진단방사선과,영상의학과",K56,694,713,84643500,60261900
2018,"진단방사선과,영상의학과",K57,1398,1457,280415910,196788610
2018,"진단방사선과,영상의학과",K58,7000,9732,657466730,465258130
2018,"진단방사선과,영상의학과",K59,4101,5526,327346100,232057600
2018,"진단방사선과,영상의학과",K60,35,44,2142320,1570120
2018,"진단방사선과,영상의학과",K61,52,76,10216260,7612910
2018,"진단방사선과,영상의학과",K62,263,302,40686000,28683400
2018,"진단방사선과,영상의학과",K63,5294,6467,1498386430,1052446690
2018,"진단방사선과,영상의학과",K64,182,201,16253200,11469700
2018,"진단방사선과,영상의학과",K65,523,534,109307890,76765390
2018,"진단방사선과,영상의학과",K66,94,96,21855060,15303660
2018,"진단방사선과,영상의학과",K67,8,9,1332680,935580
2018,"진단방사선과,영상의학과",K70,929,1103,130699550,92033850
2018,"진단방사선과,영상의학과",K71,188,217,21384960,15046860
2018,"진단방사선과,영상의학과",K72,66,117,5855200,4152200
2018,"진단방사선과,영상의학과",K73,967,1325,122518730,86304930
2018,"진단방사선과,영상의학과",K74,1733,1950,397859960,279904760
2018,"진단방사선과,영상의학과",K75,1179,1749,126727240,89691440
2018,"진단방사선과,영상의학과",K76,17561,18972,2474872620,1742137020
2018,"진단방사선과,영상의학과",K77,21,23,3015490,2151790
2018,"진단방사선과,영상의학과",K80,3680,3867,686665540,483228640
2018,"진단방사선과,영상의학과",K81,928,963,192472660,135721360
2018,"진단방사선과,영상의학과",K82,2084,2160,313053390,219786990
2018,"진단방사선과,영상의학과",K83,1182,1209,243644840,171886340
2018,"진단방사선과,영상의학과",K85,593,605,136959900,96367700
2018,"진단방사선과,영상의학과",K86,2491,2597,537127320,377505820
2018,"진단방사선과,영상의학과",K87,187,197,39140770,27470870
2018,"진단방사선과,영상의학과",K90,10,10,1651030,1157930
2018,"진단방사선과,영상의학과",K91,52,74,7243350,5180250
2018,"진단방사선과,영상의학과",K92,131,158,18446890,13039090
2018,"진단방사선과,영상의학과",K93,27,28,5801850,4062850
2018,"진단방사선과,영상의학과",L01,3,8,76650,54250
2018,"진단방사선과,영상의학과",L02,251,324,13130560,9497960
2018,"진단방사선과,영상의학과",L03,523,966,28527460,20612360
2018,"진단방사선과,영상의학과",L04,1405,1562,91767740,65006040
2018,"진단방사선과,영상의학과",L05,12,13,673570,483370
2018,"진단방사선과,영상의학과",L08,84,131,3076570,2240570
2018,"진단방사선과,영상의학과",L12,1,3,55200,49800
2018,"진단방사선과,영상의학과",L13,13,15,222130,158930
2018,"진단방사선과,영상의학과",L20,128,176,3033650,2263450
2018,"진단방사선과,영상의학과",L21,47,90,1166840,928240
2018,"진단방사선과,영상의학과",L22,1,1,2970,2170
2018,"진단방사선과,영상의학과",L23,193,284,5759440,4248340
2018,"진단방사선과,영상의학과",L24,16,21,444830,364380
2018,"진단방사선과,영상의학과",L25,133,321,5916530,4444930
2018,"진단방사선과,영상의학과",L27,21,23,1177550,834750
2018,"진단방사선과,영상의학과",L28,60,101,2948700,2309900
2018,"진단방사선과,영상의학과",L29,157,242,5536630,4213330
2018,"진단방사선과,영상의학과",L30,183,394,12473800,9769600
2018,"진단방사선과,영상의학과",L40,7,9,129960,104960
2018,"진단방사선과,영상의학과",L41,1,1,15310,10810
2018,"진단방사선과,영상의학과",L50,741,1358,34970570,25706870
2018,"진단방사선과,영상의학과",L53,1,1,10950,7750
2018,"진단방사선과,영상의학과",L55,2,2,41540,29240
2018,"진단방사선과,영상의학과",L56,10,10,2014780,1410880
2018,"진단방사선과,영상의학과",L60,69,246,6329630,4630230
2018,"진단방사선과,영상의학과",L63,6,10,277990,195190
2018,"진단방사선과,영상의학과",L64,8,18,268130,189130
2018,"진단방사선과,영상의학과",L65,13,29,422180,304680
2018,"진단방사선과,영상의학과",L66,2,2,34420,24220
2018,"진단방사선과,영상의학과",L70,24,42,502660,354160
2018,"진단방사선과,영상의학과",L71,1,1,15310,10810
2018,"진단방사선과,영상의학과",L72,170,220,5745760,4104860
2018,"진단방사선과,영상의학과",L73,2,3,37210,26310
2018,"진단방사선과,영상의학과",L74,1,1,15310,13810
2018,"진단방사선과,영상의학과",L81,10,22,266660,192160
2018,"진단방사선과,영상의학과",L82,1,1,10950,7750
2018,"진단방사선과,영상의학과",L84,39,111,4426400,3226500
2018,"진단방사선과,영상의학과",L85,10,11,205730,159630
2018,"진단방사선과,영상의학과",L89,24,466,30503460,24330260
2018,"진단방사선과,영상의학과",L91,3,3,41570,29370
2018,"진단방사선과,영상의학과",L92,36,36,1063900,773100
2018,"진단방사선과,영상의학과",L93,1,1,25070,17570
2018,"진단방사선과,영상의학과",L94,2,2,36330,25530
2018,"진단방사선과,영상의학과",L95,1,1,15310,10810
2018,"진단방사선과,영상의학과",L98,39,39,1436490,1045790
2018,"진단방사선과,영상의학과",L99,2,2,34940,27740
2018,"진단방사선과,영상의학과",M00,76,82,26130090,18378890
2018,"진단방사선과,영상의학과",M01,2,2,30620,21620
2018,"진단방사선과,영상의학과",M02,13,13,636960,446660
2018,"진단방사선과,영상의학과",M05,22,45,3310180,2719780
2018,"진단방사선과,영상의학과",M06,179,358,8333190,6350490
2018,"진단방사선과,영상의학과",M07,2,2,326930,228930
2018,"진단방사선과,영상의학과",M08,8,9,513270,362770
2018,"진단방사선과,영상의학과",M10,280,624,13536810,9891810
2018,"진단방사선과,영상의학과",M11,15,17,1338510,937510
2018,"진단방사선과,영상의학과",M12,57,59,3689870,2594370
2018,"진단방사선과,영상의학과",M13,1742,3107,97281860,70422520
2018,"진단방사선과,영상의학과",M14,1,6,72870,51270
2018,"진단방사선과,영상의학과",M15,404,507,13702230,9868630
2018,"진단방사선과,영상의학과",M16,394,441,15849710,11340110
2018,"진단방사선과,영상의학과",M17,7539,12210,423691730,306016010
2018,"진단방사선과,영상의학과",M18,8,8,413780,290180
2018,"진단방사선과,영상의학과",M19,1360,1780,79906440,56958610
2018,"진단방사선과,영상의학과",M20,30,32,983190,704190
2018,"진단방사선과,영상의학과",M21,382,466,50512060,35448460
2018,"진단방사선과,영상의학과",M22,289,303,7159730,5137880
2018,"진단방사선과,영상의학과",M23,3558,3724,138432470,98967280
2018,"진단방사선과,영상의학과",M24,2399,3614,133020790,95492810
2018,"진단방사선과,영상의학과",M25,12622,13169,812861870,575051260
2018,"진단방사선과,영상의학과",M30,2,2,30620,24620
2018,"진단방사선과,영상의학과",M31,13,14,2585640,1854640
2018,"진단방사선과,영상의학과",M32,6,9,1649520,1401420
2018,"진단방사선과,영상의학과",M35,26,30,2792950,2387050
2018,"진단방사선과,영상의학과",M40,1174,1199,60924900,42842800
2018,"진단방사선과,영상의학과",M41,4381,4680,242844160,170732560
2018,"진단방사선과,영상의학과",M42,4,4,235410,165110
2018,"진단방사선과,영상의학과",M43,1803,2029,140527560,99438770
2018,"진단방사선과,영상의학과",M45,132,142,29047700,21671000
2018,"진단방사선과,영상의학과",M46,310,483,49879910,35170510
2018,"진단방사선과,영상의학과",M47,4100,4954,262473820,185922100
2018,"진단방사선과,영상의학과",M48,7651,10022,765210510,546394080
2018,"진단방사선과,영상의학과",M49,650,686,23465860,17428460
2018,"진단방사선과,영상의학과",M50,11808,14600,1094123440,773016250
2018,"진단방사선과,영상의학과",M51,28220,32395,2484774370,1759426820
2018,"진단방사선과,영상의학과",M53,1061,1096,58094510,41243140
2018,"진단방사선과,영상의학과",M54,32432,43411,1703033960,1211788300
2018,"진단방사선과,영상의학과",M60,273,310,22508160,15841360
2018,"진단방사선과,영상의학과",M61,35,42,2755450,1936950
2018,"진단방사선과,영상의학과",M62,631,723,24234090,17206290
2018,"진단방사선과,영상의학과",M63,2,2,140330,98330
2018,"진단방사선과,영상의학과",M65,789,1017,35024790,25185250
2018,"진단방사선과,영상의학과",M66,35,35,1159130,823130
2018,"진단방사선과,영상의학과",M67,628,668,17815740,12775890
2018,"진단방사선과,영상의학과",M68,2,2,52600,37000
2018,"진단방사선과,영상의학과",M70,145,161,4401150,3196750
2018,"진단방사선과,영상의학과",M71,336,382,10028920,7214820
2018,"진단방사선과,영상의학과",M72,217,390,11328410,8193250
2018,"진단방사선과,영상의학과",M73,3,3,171890,120490
2018,"진단방사선과,영상의학과",M75,6056,7566,197946760,144086660
2018,"진단방사선과,영상의학과",M76,257,332,7130290,5135320
2018,"진단방사선과,영상의학과",M77,1352,1973,53482820,38092380
2018,"진단방사선과,영상의학과",M79,4138,5330,137949330,99774020
2018,"진단방사선과,영상의학과",M80,100,388,9573330,7288830
2018,"진단방사선과,영상의학과",M81,9343,19480,722024230,523472490
2018,"진단방사선과,영상의학과",M82,31,50,2760990,1977390
2018,"진단방사선과,영상의학과",M83,24,35,1592950,1145050
2018,"진단방사선과,영상의학과",M84,408,528,52732290,37213690
2018,"진단방사선과,영상의학과",M85,171,191,14047040,9871940
2018,"진단방사선과,영상의학과",M86,90,98,27706200,19589500
2018,"진단방사선과,영상의학과",M87,309,321,15689490,11170190
2018,"진단방사선과,영상의학과",M88,2,2,69500,48700
2018,"진단방사선과,영상의학과",M89,388,443,17821160,12609560
2018,"진단방사선과,영상의학과",M90,11,15,658350,466950
2018,"진단방사선과,영상의학과",M91,12,13,597930,420530
2018,"진단방사선과,영상의학과",M92,149,200,21620950,15147350
2018,"진단방사선과,영상의학과",M93,135,142,7379580,5252880
2018,"진단방사선과,영상의학과",M94,511,581,22381460,15854210
2018,"진단방사선과,영상의학과",M95,50,58,2688900,1924300
2018,"진단방사선과,영상의학과",M96,6,6,426660,301960
2018,"진단방사선과,영상의학과",M99,2092,2178,168941230,119815030
2018,"진단방사선과,영상의학과",N00,15,17,2097910,1474910
2018,"진단방사선과,영상의학과",N02,863,897,159237230,112028330
2018,"진단방사선과,영상의학과",N03,11,19,1033510,745310
2018,"진단방사선과,영상의학과",N04,7,7,617760,432860
2018,"진단방사선과,영상의학과",N05,107,145,4371980,3154880
2018,"진단방사선과,영상의학과",N06,3,3,62760,47160
2018,"진단방사선과,영상의학과",N07,1,1,120620,84520
2018,"진단방사선과,영상의학과",N10,333,464,40494140,28691240
2018,"진단방사선과,영상의학과",N11,83,85,14661240,10296840
2018,"진단방사선과,영상의학과",N12,110,124,20226060,14232560
2018,"진단방사선과,영상의학과",N13,2074,2260,410833370,288392970
2018,"진단방사선과,영상의학과",N15,51,53,11027920,7728520
2018,"진단방사선과,영상의학과",N17,16,17,535930,399830
2018,"진단방사선과,영상의학과",N18,1332,2615,3254273880,2948460570
2018,"진단방사선과,영상의학과",N19,33,38,2139470,1529170
2018,"진단방사선과,영상의학과",N20,6653,8874,1034991740,727242230
2018,"진단방사선과,영상의학과",N21,500,526,75606590,53125390
2018,"진단방사선과,영상의학과",N22,29,29,4257510,3087010
2018,"진단방사선과,영상의학과",N23,227,240,23131280,16299380
2018,"진단방사선과,영상의학과",N25,1,1,226680,204080
2018,"진단방사선과,영상의학과",N26,18,23,3492670,2459070
2018,"진단방사선과,영상의학과",N27,16,16,1442620,1020720
2018,"진단방사선과,영상의학과",N28,2658,2714,441548820,310436660
2018,"진단방사선과,영상의학과",N29,9,9,1089120,766520
2018,"진단방사선과,영상의학과",N30,1326,2293,81152970,60307570
2018,"진단방사선과,영상의학과",N31,346,423,11265740,8181640
2018,"진단방사선과,영상의학과",N32,145,195,9603100,6946000
2018,"진단방사선과,영상의학과",N33,3,4,440680,313480
2018,"진단방사선과,영상의학과",N34,34,58,1827280,1296480
2018,"진단방사선과,영상의학과",N35,4,4,312870,219270
2018,"진단방사선과,영상의학과",N36,8,8,1040340,728640
2018,"진단방사선과,영상의학과",N37,2,3,41570,34070
2018,"진단방사선과,영상의학과",N39,666,788,60636610,43203010
2018,"진단방사선과,영상의학과",N40,2004,3175,81601300,59621600
2018,"진단방사선과,영상의학과",N41,82,278,6034460,4504460
2018,"진단방사선과,영상의학과",N42,88,101,4937620,3554020
2018,"진단방사선과,영상의학과",N43,140,148,2998820,2279320
2018,"진단방사선과,영상의학과",N44,34,35,553160,403260
2018,"진단방사선과,영상의학과",N45,284,300,6033900,4323100
2018,"진단방사선과,영상의학과",N46,1,1,32980,23180
2018,"진단방사선과,영상의학과",N48,22,27,402230,296930
2018,"진단방사선과,영상의학과",N49,14,14,822860,579460
2018,"진단방사선과,영상의학과",N50,58,78,5085380,3910430
2018,"진단방사선과,영상의학과",N51,27,27,693130,488430
2018,"진단방사선과,영상의학과",N60,4326,4729,172384950,122025590
2018,"진단방사선과,영상의학과",N61,343,457,12621680,8962580
2018,"진단방사선과,영상의학과",N62,323,370,14961140,10678280
2018,"진단방사선과,영상의학과",N63,4007,4922,234752630,167208570
2018,"진단방사선과,영상의학과",N64,19012,20763,764935090,543749850
2018,"진단방사선과,영상의학과",N70,111,112,18770370,13144570
2018,"진단방사선과,영상의학과",N71,12,12,1038830,731230
2018,"진단방사선과,영상의학과",N72,226,274,9572770,6754370
2018,"진단방사선과,영상의학과",N73,166,184,31155030,21820430
2018,"진단방사선과,영상의학과",N74,33,35,4829430,3393130
2018,"진단방사선과,영상의학과",N75,2,2,423500,296600
2018,"진단방사선과,영상의학과",N76,447,817,14034380,10286850
2018,"진단방사선과,영상의학과",N77,48,79,3735840,2624540
2018,"진단방사선과,영상의학과",N80,366,378,27298630,19142730
2018,"진단방사선과,영상의학과",N81,9,9,943640,667440
2018,"진단방사선과,영상의학과",N82,5,5,981790,690590
2018,"진단방사선과,영상의학과",N83,731,759,91759590,64414390
2018,"진단방사선과,영상의학과",N84,13,13,1198880,843480
2018,"진단방사선과,영상의학과",N85,52,57,6235910,4388810
2018,"진단방사선과,영상의학과",N87,65,85,4114210,2900710
2018,"진단방사선과,영상의학과",N88,4,4,621230,435130
2018,"진단방사선과,영상의학과",N89,9,10,145420,104020
2018,"진단방사선과,영상의학과",N90,3,3,233920,164020
2018,"진단방사선과,영상의학과",N91,55,60,4137560,2903560
2018,"진단방사선과,영상의학과",N92,120,129,4095860,2876360
2018,"진단방사선과,영상의학과",N93,52,62,2732980,1947780
2018,"진단방사선과,영상의학과",N94,52,71,1808330,1270430
2018,"진단방사선과,영상의학과",N95,935,1980,41120770,29541870
2018,"진단방사선과,영상의학과",N96,1,2,110730,77630
2018,"진단방사선과,영상의학과",N97,10709,10778,1321733390,926387990
2018,"진단방사선과,영상의학과",N99,1,1,230440,161340
2018,"진단방사선과,영상의학과",O00,3,3,416430,291730
2018,"진단방사선과,영상의학과",O01,2,2,129880,91080
2018,"진단방사선과,영상의학과",O15,1,1,15310,10810
2018,"진단방사선과,영상의학과",O21,1,1,10950,7750
2018,"진단방사선과,영상의학과",O23,1,1,19110,13410
2018,"진단방사선과,영상의학과",O28,640,658,154685380,139240180
2018,"진단방사선과,영상의학과",O30,66,66,22680860,20415460
2018,"진단방사선과,영상의학과",O91,1,1,19110,13410
2018,"진단방사선과,영상의학과",O92,11,11,1363770,955370
2018,"진단방사선과,영상의학과",O99,1,1,15310,10810
2018,"진단방사선과,영상의학과",P07,4,6,125540,113140
2018,"진단방사선과,영상의학과",P10,2,3,434320,334120
2018,"진단방사선과,영상의학과",P12,3,3,69670,55270
2018,"진단방사선과,영상의학과",P15,1,1,15310,10810
2018,"진단방사선과,영상의학과",P28,144,144,23735590,16685290
2018,"진단방사선과,영상의학과",P39,10,10,178500,144300
2018,"진단방사선과,영상의학과",P54,1,1,16200,12800
2018,"진단방사선과,영상의학과",P72,1,1,17470,15770
2018,"진단방사선과,영상의학과",P78,2,2,38740,30740
2018,"진단방사선과,영상의학과",P83,22,23,402070,317670
2018,"진단방사선과,영상의학과",P91,3,3,52410,41610
2018,"진단방사선과,영상의학과",P92,25,26,575870,460470
2018,"진단방사선과,영상의학과",Q02,2,2,119690,85490
2018,"진단방사선과,영상의학과",Q03,4,4,992280,694780
2018,"진단방사선과,영상의학과",Q04,49,51,12957560,9150460
2018,"진단방사선과,영상의학과",Q05,8,8,466520,333520
2018,"진단방사선과,영상의학과",Q06,8,8,1001330,712430
2018,"진단방사선과,영상의학과",Q07,13,13,1616630,1246530
2018,"진단방사선과,영상의학과",Q16,11,11,1646900,1180300
2018,"진단방사선과,영상의학과",Q17,31,31,1931390,1391990
2018,"진단방사선과,영상의학과",Q18,29,34,3399610,2423810
2018,"진단방사선과,영상의학과",Q20,2,2,566410,396610
2018,"진단방사선과,영상의학과",Q21,5,5,410610,287810
2018,"진단방사선과,영상의학과",Q24,2,2,32970,25370
2018,"진단방사선과,영상의학과",Q25,12,12,2159030,1511730
2018,"진단방사선과,영상의학과",Q26,24,24,5509000,3857300
2018,"진단방사선과,영상의학과",Q27,33,38,6110170,4295570
2018,"진단방사선과,영상의학과",Q28,176,190,69138380,48621180
2018,"진단방사선과,영상의학과",Q31,1,1,102220,71620
2018,"진단방사선과,영상의학과",Q33,11,11,2020000,1414700
2018,"진단방사선과,영상의학과",Q34,14,14,2039220,1493620
2018,"진단방사선과,영상의학과",Q39,9,9,1042720,730220
2018,"진단방사선과,영상의학과",Q40,25,25,1274420,950920
2018,"진단방사선과,영상의학과",Q41,3,5,473210,336310
2018,"진단방사선과,영상의학과",Q42,1,2,38480,26980
2018,"진단방사선과,영상의학과",Q43,8,8,1333290,949390
2018,"진단방사선과,영상의학과",Q44,1098,1131,222728050,156568350
2018,"진단방사선과,영상의학과",Q45,11,12,2187260,1533760
2018,"진단방사선과,영상의학과",Q50,8,8,857530,600730
2018,"진단방사선과,영상의학과",Q51,21,21,1888570,1323470
2018,"진단방사선과,영상의학과",Q53,45,47,1417330,1048430
2018,"진단방사선과,영상의학과",Q55,1,1,17470,13870
2018,"진단방사선과,영상의학과",Q60,22,23,4361740,3054440
2018,"진단방사선과,영상의학과",Q61,374,385,71998490,50750690
2018,"진단방사선과,영상의학과",Q62,129,140,20067210,14134810
2018,"진단방사선과,영상의학과",Q63,74,74,15206530,10680630
2018,"진단방사선과,영상의학과",Q64,14,14,2909910,2039210
2018,"진단방사선과,영상의학과",Q65,44,44,1161610,909410
2018,"진단방사선과,영상의학과",Q66,14,14,1267430,908930
2018,"진단방사선과,영상의학과",Q67,24,25,2302900,1640500
2018,"진단방사선과,영상의학과",Q68,9,9,271510,203910
2018,"진단방사선과,영상의학과",Q69,1,1,26230,20730
2018,"진단방사선과,영상의학과",Q70,1,1,26920,21320
2018,"진단방사선과,영상의학과",Q72,1,1,29260,26360
2018,"진단방사선과,영상의학과",Q74,4,4,363370,254570
2018,"진단방사선과,영상의학과",Q75,4,4,457450,349750
2018,"진단방사선과,영상의학과",Q76,48,48,3622160,2554460
2018,"진단방사선과,영상의학과",Q78,12,16,1992400,1434800
2018,"진단방사선과,영상의학과",Q79,11,11,1504450,1053650
2018,"진단방사선과,영상의학과",Q82,29,29,521810,418810
2018,"진단방사선과,영상의학과",Q83,54,57,1713020,1226720
2018,"진단방사선과,영상의학과",Q85,28,30,8517790,6925490
2018,"진단방사선과,영상의학과",Q87,1,1,361880,325780
2018,"진단방사선과,영상의학과",Q89,106,110,16534050,11685350
2018,"진단방사선과,영상의학과",Q96,3,3,372510,335410
2018,"진단방사선과,영상의학과",Q98,1,1,17470,13870
2018,"진단방사선과,영상의학과",R00,307,333,10081660,7200260
2018,"진단방사선과,영상의학과",R01,3,4,179170,127770
2018,"진단방사선과,영상의학과",R02,1,1,15310,10810
2018,"진단방사선과,영상의학과",R03,125,156,2772800,2270200
2018,"진단방사선과,영상의학과",R04,1075,1113,135166550,95364150
2018,"진단방사선과,영상의학과",R05,17308,18258,663505750,475756350
2018,"진단방사선과,영상의학과",R06,1471,1821,95870860,68681460
2018,"진단방사선과,영상의학과",R07,17624,18787,898260320,640648510
2018,"진단방사선과,영상의학과",R09,1024,1073,89436790,63166790
2018,"진단방사선과,영상의학과",R10,19754,20828,1956015100,1380943500
2018,"진단방사선과,영상의학과",R11,420,560,21914650,16046350
2018,"진단방사선과,영상의학과",R12,67,101,2875530,2136630
2018,"진단방사선과,영상의학과",R13,278,709,51149610,40109910
2018,"진단방사선과,영상의학과",R14,422,637,46749620,33036920
2018,"진단방사선과,영상의학과",R15,2,2,35150,27750
2018,"진단방사선과,영상의학과",R16,210,211,36521870,25603670
2018,"진단방사선과,영상의학과",R17,98,102,16451770,11580870
2018,"진단방사선과,영상의학과",R18,124,125,24792860,17506360
2018,"진단방사선과,영상의학과",R19,966,1200,86638630,61355330
2018,"진단방사선과,영상의학과",R20,122,133,13193100,9493500
2018,"진단방사선과,영상의학과",R21,4,4,118040,85440
2018,"진단방사선과,영상의학과",R22,2345,2483,170940280,120598780
2018,"진단방사선과,영상의학과",R23,43,46,813120,627420
2018,"진단방사선과,영상의학과",R25,204,215,20741470,14777570
2018,"진단방사선과,영상의학과",R26,112,114,24692420,17516320
2018,"진단방사선과,영상의학과",R27,25,26,5560410,3918010
2018,"진단방사선과,영상의학과",R29,44,44,3255140,2299040
2018,"진단방사선과,영상의학과",R30,182,380,25865560,19887260
2018,"진단방사선과,영상의학과",R31,4155,4376,735138140,516259240
2018,"진단방사선과,영상의학과",R32,26,32,642260,481260
2018,"진단방사선과,영상의학과",R33,1,1,111020,77720
2018,"진단방사선과,영상의학과",R35,58,71,2075670,1503670
2018,"진단방사선과,영상의학과",R39,77,146,6155950,4709650
2018,"진단방사선과,영상의학과",R40,4,4,1056830,743130
2018,"진단방사선과,영상의학과",R41,506,527,66729370,47691870
2018,"진단방사선과,영상의학과",R42,5482,5880,628213680,444747030
2018,"진단방사선과,영상의학과",R43,25,25,2132970,1498470
2018,"진단방사선과,영상의학과",R44,105,108,8605080,6078680
2018,"진단방사선과,영상의학과",R45,35,43,1959150,1414350
2018,"진단방사선과,영상의학과",R46,4,4,238850,170450
2018,"진단방사선과,영상의학과",R47,121,125,35096430,24679430
2018,"진단방사선과,영상의학과",R48,1,1,15310,10810
2018,"진단방사선과,영상의학과",R49,53,53,4724950,3317750
2018,"진단방사선과,영상의학과",R50,178,201,14017050,10075050
2018,"진단방사선과,영상의학과",R51,12825,13605,1122691650,795777180
2018,"진단방사선과,영상의학과",R52,479,651,28673670,21814470
2018,"진단방사선과,영상의학과",R53,251,264,27561510,19333510
2018,"진단방사선과,영상의학과",R55,355,374,73967550,52210050
2018,"진단방사선과,영상의학과",R56,36,40,7343390,5215690
2018,"진단방사선과,영상의학과",R57,6,15,306600,227300
2018,"진단방사선과,영상의학과",R58,5,5,110150,78850
2018,"진단방사선과,영상의학과",R59,1187,1227,98699010,69747310
2018,"진단방사선과,영상의학과",R60,346,529,20305950,14648170
2018,"진단방사선과,영상의학과",R61,3,3,38920,27520
2018,"진단방사선과,영상의학과",R62,16,16,459610,326510
2018,"진단방사선과,영상의학과",R63,364,406,53331860,37667560
2018,"진단방사선과,영상의학과",R68,144,171,3370970,2508870
2018,"진단방사선과,영상의학과",R71,1,2,21900,15500
2018,"진단방사선과,영상의학과",R72,84,100,2381720,1693320
2018,"진단방사선과,영상의학과",R73,648,870,22962670,16920770
2018,"진단방사선과,영상의학과",R74,241,251,36945850,25880950
2018,"진단방사선과,영상의학과",R76,113,114,19486690,13654190
2018,"진단방사선과,영상의학과",R77,235,291,33310910,23458410
2018,"진단방사선과,영상의학과",R79,162,202,17441670,12287370
2018,"진단방사선과,영상의학과",R80,159,184,4495560,3252960
2018,"진단방사선과,영상의학과",R81,117,161,3434680,2590480
2018,"진단방사선과,영상의학과",R82,24,26,969330,683730
2018,"진단방사선과,영상의학과",R84,4,9,429140,316340
2018,"진단방사선과,영상의학과",R85,2,2,258650,181150
2018,"진단방사선과,영상의학과",R86,2,2,196650,137750
2018,"진단방사선과,영상의학과",R87,28,38,2530290,1773490
2018,"진단방사선과,영상의학과",R89,7,8,795290,557290
2018,"진단방사선과,영상의학과",R90,376,393,63614290,44767190
2018,"진단방사선과,영상의학과",R91,11234,11570,1580303810,1110359810
2018,"진단방사선과,영상의학과",R92,3826,4089,125564270,89436680
2018,"진단방사선과,영상의학과",R93,8916,9053,1756807320,1234303690
2018,"진단방사선과,영상의학과",R94,2277,2525,217280010,153230560
2018,"진단방사선과,영상의학과",S00,2546,2647,208584800,147929600
2018,"진단방사선과,영상의학과",S01,181,330,12818940,9243140
2018,"진단방사선과,영상의학과",S02,3080,3183,405021530,286114740
2018,"진단방사선과,영상의학과",S03,107,118,5760500,4065800
2018,"진단방사선과,영상의학과",S04,3,3,530460,371560
2018,"진단방사선과,영상의학과",S05,459,461,53971320,38048620
2018,"진단방사선과,영상의학과",S06,5153,5333,608501180,428810010
2018,"진단방사선과,영상의학과",S07,7,7,835740,585340
2018,"진단방사선과,영상의학과",S08,2,2,209360,146560
2018,"진단방사선과,영상의학과",S09,283,287,25396950,18006150
2018,"진단방사선과,영상의학과",S10,17,18,1772950,1247250
2018,"진단방사선과,영상의학과",S11,3,6,166040,118840
2018,"진단방사선과,영상의학과",S12,100,106,20217070,14224870
2018,"진단방사선과,영상의학과",S13,5751,6344,295167820,208265040
2018,"진단방사선과,영상의학과",S14,14,15,3712800,2644900
2018,"진단방사선과,영상의학과",S15,2,2,211250,151050
2018,"진단방사선과,영상의학과",S16,4,4,196230,137630
2018,"진단방사선과,영상의학과",S17,2,4,492560,344960
2018,"진단방사선과,영상의학과",S19,5,5,482590,340590
2018,"진단방사선과,영상의학과",S20,1843,1965,139436700,98095800
2018,"진단방사선과,영상의학과",S21,4,13,274250,211250
2018,"진단방사선과,영상의학과",S22,13825,14990,2183150270,1535813770
2018,"진단방사선과,영상의학과",S23,3212,3589,198561780,140083180
2018,"진단방사선과,영상의학과",S24,4,4,970970,679870
2018,"진단방사선과,영상의학과",S27,181,191,26888500,18878500
2018,"진단방사선과,영상의학과",S29,78,83,8803640,6196540
2018,"진단방사선과,영상의학과",S30,354,373,30231030,21336130
2018,"진단방사선과,영상의학과",S31,10,31,1781780,1398880
2018,"진단방사선과,영상의학과",S32,8628,8949,1809339300,1272868430
2018,"진단방사선과,영상의학과",S33,7188,8152,401466620,284292110
2018,"진단방사선과,영상의학과",S34,3,4,113170,79470
2018,"진단방사선과,영상의학과",S35,7,7,1219740,854240
2018,"진단방사선과,영상의학과",S36,30,30,9357300,6551700
2018,"진단방사선과,영상의학과",S37,13,13,2263710,1585310
2018,"진단방사선과,영상의학과",S38,1,1,226050,158250
2018,"진단방사선과,영상의학과",S39,50,53,3207800,2261300
2018,"진단방사선과,영상의학과",S40,314,333,15786610,11207910
2018,"진단방사선과,영상의학과",S41,5,10,209910,165010
2018,"진단방사선과,영상의학과",S42,1197,1331,147129310,104053530
2018,"진단방사선과,영상의학과",S43,3374,3696,109688990,78487050
2018,"진단방사선과,영상의학과",S44,3,3,49730,35030
2018,"진단방사선과,영상의학과",S46,2532,2869,71833300,52413950
2018,"진단방사선과,영상의학과",S49,109,135,5025070,3608640
2018,"진단방사선과,영상의학과",S50,451,501,24259100,17221500
2018,"진단방사선과,영상의학과",S51,13,19,658660,464160
2018,"진단방사선과,영상의학과",S52,2793,2932,362337230,254772330
2018,"진단방사선과,영상의학과",S53,1276,1470,57597590,41017850
2018,"진단방사선과,영상의학과",S54,11,20,590750,422150
2018,"진단방사선과,영상의학과",S56,102,114,6033080,4407760
2018,"진단방사선과,영상의학과",S57,1,1,15310,10810
2018,"진단방사선과,영상의학과",S59,10,10,395690,277690
2018,"진단방사선과,영상의학과",S60,998,1070,59712610,42303590
2018,"진단방사선과,영상의학과",S61,215,619,19393700,13900560
2018,"진단방사선과,영상의학과",S62,3046,3271,377307700,265230670
2018,"진단방사선과,영상의학과",S63,3334,3698,156076180,110174540
2018,"진단방사선과,영상의학과",S64,6,23,3481370,2651650
2018,"진단방사선과,영상의학과",S65,16,60,7371500,5874810
2018,"진단방사선과,영상의학과",S66,231,264,13180920,9393690
2018,"진단방사선과,영상의학과",S67,15,44,3000330,2307180
2018,"진단방사선과,영상의학과",S68,12,81,12916640,10111020
2018,"진단방사선과,영상의학과",S69,85,102,3521560,2526550
2018,"진단방사선과,영상의학과",S70,394,412,30564030,21653530
2018,"진단방사선과,영상의학과",S71,2,8,144870,140370
2018,"진단방사선과,영상의학과",S72,547,566,80688440,56791640
2018,"진단방사선과,영상의학과",S73,590,647,26718600,19183100
2018,"진단방사선과,영상의학과",S74,1,1,128670,90070
2018,"진단방사선과,영상의학과",S75,6,6,794780,556680
2018,"진단방사선과,영상의학과",S76,430,489,20652350,14637550
2018,"진단방사선과,영상의학과",S78,1,1,26490,18590
2018,"진단방사선과,영상의학과",S79,38,45,1958940,1398040
2018,"진단방사선과,영상의학과",S80,1985,2135,74850980,53273620
2018,"진단방사선과,영상의학과",S81,26,48,1328140,947840
2018,"진단방사선과,영상의학과",S82,3147,3297,458216120,322343340
2018,"진단방사선과,영상의학과",S83,11926,12618,2570968880,1803625670
2018,"진단방사선과,영상의학과",S85,2,2,243340,170340
2018,"진단방사선과,영상의학과",S86,553,604,15964580,11421410
2018,"진단방사선과,영상의학과",S87,1,1,15310,10810
2018,"진단방사선과,영상의학과",S89,202,213,6599700,4684300
2018,"진단방사선과,영상의학과",S90,1787,1886,81935570,57933270
2018,"진단방사선과,영상의학과",S91,41,82,2116310,1548210
2018,"진단방사선과,영상의학과",S92,4926,5195,623093950,437823170
2018,"진단방사선과,영상의학과",S93,5204,5836,247589350,174937010
2018,"진단방사선과,영상의학과",S94,3,3,367470,257270
2018,"진단방사선과,영상의학과",S95,2,2,139440,97740
2018,"진단방사선과,영상의학과",S96,384,405,15359840,10836940
2018,"진단방사선과,영상의학과",S97,6,6,664580,465480
2018,"진단방사선과,영상의학과",S99,133,138,7501670,5314770
2018,"진단방사선과,영상의학과",T00,20,36,1611880,1144480
2018,"진단방사선과,영상의학과",T03,360,393,14697020,10457920
2018,"진단방사선과,영상의학과",T08,41,72,7655330,5389730
2018,"진단방사선과,영상의학과",T09,4,4,287830,201830
2018,"진단방사선과,영상의학과",T10,2,2,44670,31370
2018,"진단방사선과,영상의학과",T11,5,10,220540,158140
2018,"진단방사선과,영상의학과",T12,1,1,132610,92910
2018,"진단방사선과,영상의학과",T13,10,10,257470,187670
2018,"진단방사선과,영상의학과",T14,159,211,25529480,17937980
2018,"진단방사선과,영상의학과",T15,2,2,61020,42820
2018,"진단방사선과,영상의학과",T16,2,2,45360,35160
2018,"진단방사선과,영상의학과",T17,62,62,3130480,2241880
2018,"진단방사선과,영상의학과",T18,222,245,8378630,6066830
2018,"진단방사선과,영상의학과",T19,4,4,87970,61870
2018,"진단방사선과,영상의학과",T20,2,3,139840,98040
2018,"진단방사선과,영상의학과",T21,4,9,352590,247390
2018,"진단방사선과,영상의학과",T22,21,49,1804590,1286790
2018,"진단방사선과,영상의학과",T23,33,67,4561490,3539700
2018,"진단방사선과,영상의학과",T24,20,67,3048820,2138220
2018,"진단방사선과,영상의학과",T25,9,31,1454190,1019490
2018,"진단방사선과,영상의학과",T30,6,8,636540,446040
2018,"진단방사선과,영상의학과",T42,5,5,95510,67210
2018,"진단방사선과,영상의학과",T59,1,1,15310,10810
2018,"진단방사선과,영상의학과",T63,1,1,17080,11980
2018,"진단방사선과,영상의학과",T67,8,8,1123220,806020
2018,"진단방사선과,영상의학과",T75,5,7,247090,182390
2018,"진단방사선과,영상의학과",T78,23,23,649820,459320
2018,"진단방사선과,영상의학과",T79,2,2,237540,169440
2018,"진단방사선과,영상의학과",T80,1,1,15310,13810
2018,"진단방사선과,영상의학과",T81,7,8,875560,618060
2018,"진단방사선과,영상의학과",T82,1,1,602140,541940
2018,"진단방사선과,영상의학과",T84,10,10,750140,530440
2018,"진단방사선과,영상의학과",T85,11,12,555490,418090
2018,"진단방사선과,영상의학과",T87,2,16,4285990,3339640
2018,"진단방사선과,영상의학과",T88,6,6,98010,71110
2018,"진단방사선과,영상의학과",T90,2,2,236190,165390
2018,"진단방사선과,영상의학과",T91,71,76,4914100,3485000
2018,"진단방사선과,영상의학과",T92,12,12,569010,398910
2018,"진단방사선과,영상의학과",T93,7,7,787380,553980
2018,"진단방사선과,영상의학과",T95,2,11,242560,173960
2018,"진단방사선과,영상의학과",T98,3,3,92520,67620
2018,"진단방사선과,영상의학과",Z00,842,899,31620440,22444240
2018,"진단방사선과,영상의학과",Z01,731,781,20662720,14969420
2018,"진단방사선과,영상의학과",Z02,6,6,0,0
2018,"진단방사선과,영상의학과",Z03,1882,1929,209792330,148078230
2018,"진단방사선과,영상의학과",Z04,87,89,1682710,1241110
2018,"진단방사선과,영상의학과",Z08,61,65,13650290,11034790
2018,"진단방사선과,영상의학과",Z09,300,320,15564680,11198980
2018,"진단방사선과,영상의학과",Z10,1,1,0,0
2018,"진단방사선과,영상의학과",Z11,74,74,1984330,1393630
2018,"진단방사선과,영상의학과",Z12,8,8,471730,330830
2018,"진단방사선과,영상의학과",Z13,3,4,122440,85940
2018,"진단방사선과,영상의학과",Z20,70,70,2220360,1572760
2018,"진단방사선과,영상의학과",Z22,2,2,202070,141470
2018,"진단방사선과,영상의학과",Z24,1,1,93630,65630
2018,"진단방사선과,영상의학과",Z25,31,31,976350,709850
2018,"진단방사선과,영상의학과",Z26,24,24,919680,660980
2018,"진단방사선과,영상의학과",Z27,1,2,0,0
2018,"진단방사선과,영상의학과",Z30,7,7,342160,239860
2018,"진단방사선과,영상의학과",Z32,1,1,15310,10810
2018,"진단방사선과,영상의학과",Z34,21,21,515900,464800
2018,"진단방사선과,영상의학과",Z36,1,1,136790,95790
2018,"진단방사선과,영상의학과",Z41,3,3,93580,65780
2018,"진단방사선과,영상의학과",Z42,1,1,45700,32000
2018,"진단방사선과,영상의학과",Z48,4,8,145800,106000
2018,"진단방사선과,영상의학과",Z49,1,1,93640,84340
2018,"진단방사선과,영상의학과",Z51,27,27,731550,515650
2018,"진단방사선과,영상의학과",Z52,96,97,17415980,12333980
2018,"진단방사선과,영상의학과",Z54,2,2,327280,229280
2018,"진단방사선과,영상의학과",Z59,3,3,85350,59850
2018,"진단방사선과,영상의학과",Z70,1,1,13340,9340
2018,"진단방사선과,영상의학과",Z71,1784,1875,29366590,21782990
2018,"진단방사선과,영상의학과",Z72,4,4,94380,66380
2018,"진단방사선과,영상의학과",Z73,2,2,34420,24220
2018,"진단방사선과,영상의학과",Z80,49,52,3432460,2406060
2018,"진단방사선과,영상의학과",Z82,8,8,1927860,1350060
2018,"진단방사선과,영상의학과",Z83,3,3,90340,63340
2018,"진단방사선과,영상의학과",Z84,2,2,127140,90540
2018,"진단방사선과,영상의학과",Z85,84,90,14998200,10545000
2018,"진단방사선과,영상의학과",Z86,4,4,295910,207410
2018,"진단방사선과,영상의학과",Z87,2,2,354910,248510
2018,"진단방사선과,영상의학과",Z88,2,2,23950,19250
2018,"진단방사선과,영상의학과",Z90,2,2,495250,346850
2018,"진단방사선과,영상의학과",Z94,16,19,2520050,1933650
2018,"진단방사선과,영상의학과",Z95,11,13,2213610,1556910
2018,"진단방사선과,영상의학과",Z96,12,12,861520,603520
2018,"진단방사선과,영상의학과",Z97,8,8,293620,205920
2018,"진단방사선과,영상의학과",Z98,93,104,12827970,9019470
2018,"진단방사선과,영상의학과",Z99,4,4,597850,538250
2018,병리과,B35,2,2,7980,5680
2018,병리과,E03,1,4,43800,31000
2018,병리과,E05,4,10,647720,454020
2018,병리과,E14,1,1,17740,16040
2018,병리과,E78,6,7,365420,258020
2018,병리과,F51,1,7,79040,55840
2018,병리과,I10,2,17,134790,94790
2018,병리과,J00,1,1,0,0
2018,병리과,J03,2,5,61500,43400
2018,병리과,K76,19,26,2204790,1544990
2018,병리과,L20,1,1,15310,10810
2018,병리과,M17,1,1,22420,18020
2018,병리과,N40,1,1,15310,10810
2018,진단검사의학과,A03,1,1,10950,7750
2018,진단검사의학과,A08,1,1,29920,21020
2018,진단검사의학과,A09,144,180,2696070,1969470
2018,진단검사의학과,A53,2,4,83880,63180
2018,진단검사의학과,A56,1,1,13050,9150
2018,진단검사의학과,A59,1,1,10950,7750
2018,진단검사의학과,A60,2,4,73810,51910
2018,진단검사의학과,A75,1,2,29450,24950
2018,진단검사의학과,B00,54,107,1574030,1181930
2018,진단검사의학과,B02,39,101,1361370,1050870
2018,진단검사의학과,B07,2,2,30620,21620
2018,진단검사의학과,B18,51,139,5885600,4152600
2018,진단검사의학과,B35,188,732,9536830,7394530
2018,진단검사의학과,B36,5,9,126240,88940
2018,진단검사의학과,B37,4,8,116670,95370
2018,진단검사의학과,B43,1,1,19110,13410
2018,진단검사의학과,C11,1,1,17180,16380
2018,진단검사의학과,C16,1,1,29590,28190
2018,진단검사의학과,C22,2,4,130970,107170
2018,진단검사의학과,C34,1,1,22570,21470
2018,진단검사의학과,C56,1,1,15310,14610
2018,진단검사의학과,C61,1,1,19110,18210
2018,진단검사의학과,C83,1,1,19110,17210
2018,진단검사의학과,D13,1,1,15310,13810
2018,진단검사의학과,D17,2,2,30620,21620
2018,진단검사의학과,D18,1,1,248170,173770
2018,진단검사의학과,D21,1,1,15310,10810
2018,진단검사의학과,D23,9,10,132650,106450
2018,진단검사의학과,D29,2,3,49170,40070
2018,진단검사의학과,D50,42,73,1467420,1052820
2018,진단검사의학과,D51,1,3,50160,45360
2018,진단검사의학과,D53,25,25,625110,450210
2018,진단검사의학과,D61,1,1,14140,14140
2018,진단검사의학과,D64,74,78,5986180,4225380
2018,진단검사의학과,D68,1,2,35080,28880
2018,진단검사의학과,D69,2,5,207320,178120
2018,진단검사의학과,D72,1,2,25090,21890
2018,진단검사의학과,E03,24,103,2483090,1773790
2018,진단검사의학과,E05,13,31,841550,614850
2018,진단검사의학과,E06,16,20,961660,676260
2018,진단검사의학과,E07,3,5,96120,76020
2018,진단검사의학과,E10,7,20,334530,268930
2018,진단검사의학과,E11,245,3325,51697310,43677510
2018,진단검사의학과,E14,2,14,518640,368140
2018,진단검사의학과,E23,1,13,190340,133540
2018,진단검사의학과,E30,1,13,52000,36400
2018,진단검사의학과,E50,2,2,26260,18560
2018,진단검사의학과,E55,13,15,231520,173920
2018,진단검사의학과,E61,1,1,15310,13810
2018,진단검사의학과,E78,369,1177,21380040,15633840
2018,진단검사의학과,E79,2,2,35310,31810
2018,진단검사의학과,E83,2,4,49280,43180
2018,진단검사의학과,F00,4,13,200710,161810
2018,진단검사의학과,F06,3,8,103490,86790
2018,진단검사의학과,F32,1,1,10950,9450
2018,진단검사의학과,F41,9,24,317500,248400
2018,진단검사의학과,F48,5,6,88040,74540
2018,진단검사의학과,F51,2,16,176300,152300
2018,진단검사의학과,G20,1,12,131400,113400
2018,진단검사의학과,G24,1,1,10950,9450
2018,진단검사의학과,G25,6,6,91860,67860
2018,진단검사의학과,G31,96,403,5706510,4716510
2018,진단검사의학과,G40,1,1,15310,10810
2018,진단검사의학과,G43,17,27,380740,270140
2018,진단검사의학과,G44,79,159,3920180,2814780
2018,진단검사의학과,G47,84,238,3385550,2675750
2018,진단검사의학과,G51,5,19,221550,164250
2018,진단검사의학과,G52,1,2,29450,24950
2018,진단검사의학과,G53,5,16,213090,186090
2018,진단검사의학과,G54,41,221,6259800,4493600
2018,진단검사의학과,G64,1,1,10950,9450
2018,진단검사의학과,G81,1,2,23020,16220
2018,진단검사의학과,G91,1,1,15310,10810
2018,진단검사의학과,H00,16,24,331720,237420
2018,진단검사의학과,H04,15,34,396360,286860
2018,진단검사의학과,H10,31,42,604770,476770
2018,진단검사의학과,H19,1,1,15310,10810
2018,진단검사의학과,H25,4,6,75050,61850
2018,진단검사의학과,H35,1,1,13340,11840
2018,진단검사의학과,H50,1,2,30340,26940
2018,진단검사의학과,H60,11,13,204590,149090
2018,진단검사의학과,H66,4,4,60440,43940
2018,진단검사의학과,H67,3,10,180820,149820
2018,진단검사의학과,H73,1,2,21900,15500
2018,진단검사의학과,H81,64,88,1309400,1020500
2018,진단검사의학과,H91,3,5,71040,62040
2018,진단검사의학과,H93,2,2,21910,17210
2018,진단검사의학과,I10,569,6648,89540340,76366240
2018,진단검사의학과,I11,1,32,314990,314990
2018,진단검사의학과,I20,12,16,387380,279380
2018,진단검사의학과,I21,1,1,15310,13810
2018,진단검사의학과,I25,1,1,47900,33600
2018,진단검사의학과,I49,14,34,476460,399460
2018,진단검사의학과,I51,1,1,10950,9450
2018,진단검사의학과,I63,2,2,30620,24620
2018,진단검사의학과,I67,3,5,92040,75040
2018,진단검사의학과,I69,2,5,66990,49590
2018,진단검사의학과,I70,3,3,56200,42200
2018,진단검사의학과,I73,5,5,64550,51150
2018,진단검사의학과,I77,1,1,10950,9450
2018,진단검사의학과,I87,2,3,57200,45700
2018,진단검사의학과,I95,2,2,24290,17090
2018,진단검사의학과,J00,4,13,147130,114930
2018,진단검사의학과,J01,3,22,296640,240740
2018,진단검사의학과,J02,8,11,168970,123070
2018,진단검사의학과,J03,75,122,1677080,1228480
2018,진단검사의학과,J10,59,70,1060780,761880
2018,진단검사의학과,J11,43,49,776580,554780
2018,진단검사의학과,J15,3,7,131530,92430
2018,진단검사의학과,J18,2,4,75570,61570
2018,진단검사의학과,J20,1646,3319,48624970,35867270
2018,진단검사의학과,J21,1021,2084,31952740,23671840
2018,진단검사의학과,J30,135,236,3407820,2529620
2018,진단검사의학과,J32,4,5,71630,50530
2018,진단검사의학과,J35,1,2,29450,24950
2018,진단검사의학과,J37,1,2,27930,24930
2018,진단검사의학과,J38,2,3,82910,65410
2018,진단검사의학과,J41,3,3,51440,37940
2018,진단검사의학과,J42,5,14,209760,176960
2018,진단검사의학과,J43,1,5,81650,71150
2018,진단검사의학과,J44,2,6,93170,83570
2018,진단검사의학과,J45,19,60,862210,706310
2018,진단검사의학과,K08,1,2,26260,18560
2018,진단검사의학과,K11,2,3,46720,40120
2018,진단검사의학과,K12,21,35,484150,369650
2018,진단검사의학과,K14,5,7,84470,64770
2018,진단검사의학과,K21,129,223,4745870,3427770
2018,진단검사의학과,K25,16,24,1664880,1170580
2018,진단검사의학과,K26,3,5,58500,45800
2018,진단검사의학과,K27,81,213,2727140,2071140
2018,진단검사의학과,K29,502,806,14994270,10968870
2018,진단검사의학과,K30,6,13,153880,108580
2018,진단검사의학과,K31,5,6,442740,317940
2018,진단검사의학과,K35,1,1,25690,17990
2018,진단검사의학과,K51,1,20,270590,241490
2018,진단검사의학과,K52,13,16,258000,194300
2018,진단검사의학과,K58,102,152,2169800,1620900
2018,진단검사의학과,K59,30,40,690800,544300
2018,진단검사의학과,K64,2,4,59910,46310
2018,진단검사의학과,K70,1,2,66960,46960
2018,진단검사의학과,K71,36,116,2089560,1554160
2018,진단검사의학과,K73,10,22,784330,593730
2018,진단검사의학과,K74,7,10,206960,155460
2018,진단검사의학과,K75,32,64,2141570,1511170
2018,진단검사의학과,K76,172,281,11708130,8276730
2018,진단검사의학과,K80,1,3,32850,23250
2018,진단검사의학과,K82,3,5,165480,124580
2018,진단검사의학과,K92,2,3,54770,42970
2018,진단검사의학과,L01,1,1,17410,12210
2018,진단검사의학과,L02,86,274,4883770,3602670
2018,진단검사의학과,L03,103,280,5027670,3837970
2018,진단검사의학과,L04,39,58,866160,655660
2018,진단검사의학과,L08,60,128,2132160,1657960
2018,진단검사의학과,L20,20,28,652920,475720
2018,진단검사의학과,L21,35,96,1481130,1119830
2018,진단검사의학과,L23,466,1980,28528470,22277170
2018,진단검사의학과,L26,3,4,80960,56860
2018,진단검사의학과,L27,4,7,105720,80920
2018,진단검사의학과,L29,1,9,130490,116590
2018,진단검사의학과,L30,5,8,187740,135940
2018,진단검사의학과,L40,4,34,479640,423540
2018,진단검사의학과,L50,43,69,2111400,1519200
2018,진단검사의학과,L60,4,19,338020,289020
2018,진단검사의학과,L63,4,13,485900,341100
2018,진단검사의학과,L65,2,2,26260,18560
2018,진단검사의학과,L70,3,8,116150,81950
2018,진단검사의학과,L72,1,1,15310,10810
2018,진단검사의학과,L81,1,1,15310,13810
2018,진단검사의학과,L84,20,31,916040,666240
2018,진단검사의학과,L85,2,2,28650,20150
2018,진단검사의학과,L90,1,2,29450,24950
2018,진단검사의학과,L98,1,2,29450,24950
2018,진단검사의학과,M06,4,18,257320,187620
2018,진단검사의학과,M10,33,111,1764160,1290460
2018,진단검사의학과,M13,94,211,2992190,2370690
2018,진단검사의학과,M16,1,2,32040,22540
2018,진단검사의학과,M17,118,512,9298760,7250060
2018,진단검사의학과,M19,27,82,1107370,892370
2018,진단검사의학과,M24,53,209,3340730,2404230
2018,진단검사의학과,M25,18,20,560090,401890
2018,진단검사의학과,M41,1,1,19110,13410
2018,진단검사의학과,M43,1,1,15310,10810
2018,진단검사의학과,M46,1,21,239510,169110
2018,진단검사의학과,M47,32,213,5195150,4025550
2018,진단검사의학과,M48,13,138,2529290,2066790
2018,진단검사의학과,M51,14,40,1234640,884240
2018,진단검사의학과,M53,2,3,123380,86580
2018,진단검사의학과,M54,387,1362,24700230,18438830
2018,진단검사의학과,M62,5,6,95100,75500
2018,진단검사의학과,M65,5,10,144360,101860
2018,진단검사의학과,M67,2,3,99590,69890
2018,진단검사의학과,M70,2,2,26260,23260
2018,진단검사의학과,M72,2,3,40400,37400
2018,진단검사의학과,M75,232,1097,17584310,13153910
2018,진단검사의학과,M76,5,11,158550,111750
2018,진단검사의학과,M77,275,749,11387680,8472980
2018,진단검사의학과,M79,92,186,3729670,2755670
2018,진단검사의학과,M80,2,5,264210,188110
2018,진단검사의학과,M81,16,57,940490,818690
2018,진단검사의학과,M82,3,9,113500,87900
2018,진단검사의학과,M85,1,1,10950,9450
2018,진단검사의학과,M89,1,1,17470,13870
2018,진단검사의학과,M92,1,5,70720,49820
2018,진단검사의학과,M96,1,1,10950,9450
2018,진단검사의학과,N00,6,9,192020,151520
2018,진단검사의학과,N02,1,2,29450,24950
2018,진단검사의학과,N04,1,1,15310,10810
2018,진단검사의학과,N05,1,1,44730,31330
2018,진단검사의학과,N06,3,4,131200,92100
2018,진단검사의학과,N10,2,6,87980,78580
2018,진단검사의학과,N17,1,1,13340,9340
2018,진단검사의학과,N18,2,14,569320,400920
2018,진단검사의학과,N19,8,12,359520,266220
2018,진단검사의학과,N20,1,1,20770,14570
2018,진단검사의학과,N21,1,1,13340,11840
2018,진단검사의학과,N29,1,1,15310,13810
2018,진단검사의학과,N30,197,686,11554710,8909110
2018,진단검사의학과,N31,30,103,1313830,1052230
2018,진단검사의학과,N32,6,23,273290,223690
2018,진단검사의학과,N34,119,582,9294560,6943560
2018,진단검사의학과,N40,108,528,7132430,5759630
2018,진단검사의학과,N41,9,69,964350,690650
2018,진단검사의학과,N42,1,1,10950,9450
2018,진단검사의학과,N45,1,2,33170,23270
2018,진단검사의학과,N48,2,2,34410,27210
2018,진단검사의학과,N64,2,2,30060,22860
2018,진단검사의학과,N83,1,1,10950,7750
2018,진단검사의학과,N94,8,23,193340,136140
2018,진단검사의학과,N95,14,78,913690,717090
2018,진단검사의학과,O66,1,1,15310,10810
2018,진단검사의학과,Q44,2,3,159970,118170
2018,진단검사의학과,Q61,1,1,15310,13810
2018,진단검사의학과,R00,9,15,315260,236060
2018,진단검사의학과,R03,16,20,316990,246490
2018,진단검사의학과,R05,1,1,58880,41280
2018,진단검사의학과,R06,1,1,22300,15700
2018,진단검사의학과,R07,52,63,2141250,1528150
2018,진단검사의학과,R10,242,296,8864160,6309160
2018,진단검사의학과,R11,2,2,32200,25500
2018,진단검사의학과,R20,1,1,10950,7750
2018,진단검사의학과,R30,5,5,94930,70330
2018,진단검사의학과,R31,18,28,486190,378390
2018,진단검사의학과,R41,1,4,46210,40210
2018,진단검사의학과,R42,84,118,2090350,1578250
2018,진단검사의학과,R50,2,2,32780,24680
2018,진단검사의학과,R51,13,15,209220,161420
2018,진단검사의학과,R52,1,1,15310,13810
2018,진단검사의학과,R53,5,11,123910,105910
2018,진단검사의학과,R60,13,25,669690,488490
2018,진단검사의학과,R62,1,1,19110,13410
2018,진단검사의학과,R63,9,10,157800,122000
2018,진단검사의학과,R73,194,385,5406720,4346620
2018,진단검사의학과,R74,2,2,34420,24220
2018,진단검사의학과,R76,1,1,19110,13410
2018,진단검사의학과,R82,2,2,38640,27140
2018,진단검사의학과,R94,9,9,482920,341720
2018,진단검사의학과,S00,3,3,62280,49580
2018,진단검사의학과,S01,23,55,1093540,812340
2018,진단검사의학과,S03,6,34,422900,356700
2018,진단검사의학과,S04,1,1,10950,7750
2018,진단검사의학과,S11,1,2,37680,26480
2018,진단검사의학과,S13,3,3,59670,43270
2018,진단검사의학과,S20,18,30,633490,483390
2018,진단검사의학과,S21,3,7,135890,111290
2018,진단검사의학과,S22,3,52,777290,648490
2018,진단검사의학과,S23,41,97,1875830,1411630
2018,진단검사의학과,S24,1,1,23060,16160
2018,진단검사의학과,S31,4,10,179160,141760
2018,진단검사의학과,S32,2,5,90250,63450
2018,진단검사의학과,S33,81,159,2551110,1877410
2018,진단검사의학과,S41,1,5,91460,64460
2018,진단검사의학과,S42,1,1,24180,19380
2018,진단검사의학과,S43,36,104,1627230,1196830
2018,진단검사의학과,S46,2,7,90150,63550
2018,진단검사의학과,S51,8,17,331530,245330
2018,진단검사의학과,S52,4,10,255730,189630
2018,진단검사의학과,S53,34,97,1506820,1152620
2018,진단검사의학과,S59,1,1,23130,16230
2018,진단검사의학과,S60,1,2,41480,34980
2018,진단검사의학과,S61,59,134,2647330,1915130
2018,진단검사의학과,S62,12,40,997740,715840
2018,진단검사의학과,S63,160,328,6215590,4456190
2018,진단검사의학과,S66,1,1,18700,13100
2018,진단검사의학과,S67,1,1,28770,20170
2018,진단검사의학과,S70,3,5,84890,64390
2018,진단검사의학과,S71,3,9,165560,116160
2018,진단검사의학과,S73,24,44,807880,608280
2018,진단검사의학과,S76,3,5,102170,71870
2018,진단검사의학과,S79,1,1,15310,10810
2018,진단검사의학과,S80,14,29,504780,360980
2018,진단검사의학과,S81,13,28,606210,458310
2018,진단검사의학과,S82,5,37,900160,656360
2018,진단검사의학과,S83,66,174,2567840,1888040
2018,진단검사의학과,S86,5,16,206560,152060
2018,진단검사의학과,S91,26,49,921930,681630
2018,진단검사의학과,S92,10,29,779260,546860
2018,진단검사의학과,S93,245,561,9449810,6777910
2018,진단검사의학과,S97,10,29,459860,330660
2018,진단검사의학과,S99,2,2,34360,30960
2018,진단검사의학과,T14,4,4,63740,51040
2018,진단검사의학과,T17,3,3,77480,54380
2018,진단검사의학과,T20,1,6,164880,122480
2018,진단검사의학과,T23,2,2,21900,17200
2018,진단검사의학과,T24,1,1,36180,25380
2018,진단검사의학과,T30,8,19,467970,332170
2018,진단검사의학과,Z01,1,1,10950,7750
2018,결핵과,A04,7,8,115540,90340
2018,결핵과,A07,7,8,109400,91400
2018,결핵과,A09,15,18,290480,204280
2018,결핵과,B00,27,45,627410,502810
2018,결핵과,B02,21,71,949000,770000
2018,결핵과,B18,1,1,67200,47100
2018,결핵과,B30,1,1,10950,9450
2018,결핵과,B35,151,201,2595890,1952390
2018,결핵과,C73,1,1,15310,14610
2018,결핵과,D15,2,2,47760,38360
2018,결핵과,D38,1,1,23910,19210
2018,결핵과,D50,10,27,396110,289510
2018,결핵과,D69,1,1,10950,9450
2018,결핵과,E03,8,38,508080,358480
2018,결핵과,E04,1,1,15310,13810
2018,결핵과,E05,1,1,12030,8430
2018,결핵과,E07,6,9,332700,233500
2018,결핵과,E10,114,201,3005210,2330510
2018,결핵과,E11,163,1048,16438940,12809940
2018,결핵과,E50,3,3,37210,26310
2018,결핵과,E78,90,411,5544710,4193410
2018,결핵과,E86,3,4,51050,39750
2018,결핵과,E89,3,20,256380,194280
2018,결핵과,F00,1,1,30810,21610
2018,결핵과,F06,1,2,24290,21290
2018,결핵과,F51,55,201,2587850,2037550
2018,결핵과,G31,157,226,2957390,2483090
2018,결핵과,G43,19,36,520090,374090
2018,결핵과,G47,20,31,392290,307490
2018,결핵과,G51,2,2,28230,25230
2018,결핵과,H00,3,4,56320,39720
2018,결핵과,H10,5,5,59110,46510
2018,결핵과,H19,1,1,12660,11160
2018,결핵과,H65,5,5,81080,61880
2018,결핵과,H80,1,1,10950,9450
2018,결핵과,H81,8,21,252570,201970
2018,결핵과,I10,523,4299,59457580,46243280
2018,결핵과,I20,5,5,81190,61490
2018,결핵과,I47,1,8,101390,71590
2018,결핵과,I49,5,6,99070,73270
2018,결핵과,I50,1,1,12920,11420
2018,결핵과,I67,1,3,35000,30500
2018,결핵과,I73,8,14,188050,160950
2018,결핵과,I83,2,7,78680,68180
2018,결핵과,J00,855,1416,21219220,15981620
2018,결핵과,J01,29,41,597180,446980
2018,결핵과,J02,3,4,34120,29520
2018,결핵과,J03,685,1100,16809100,12363600
2018,결핵과,J04,10,17,249920,178820
2018,결핵과,J10,18,23,342030,244030
2018,결핵과,J15,7,7,155240,118340
2018,결핵과,J18,15,26,434190,337490
2018,결핵과,J20,564,1240,17543100,13436600
2018,결핵과,J22,2736,4876,87927570,66686890
2018,결핵과,J30,144,252,3662220,2823320
2018,결핵과,J36,33,45,688340,512540
2018,결핵과,J41,4627,16099,215023920,176000240
2018,결핵과,J42,528,762,13753420,10629120
2018,결핵과,J43,3,17,217320,182020
2018,결핵과,J44,11,74,937450,807150
2018,결핵과,J45,640,1687,23804840,19338440
2018,결핵과,J47,24,130,1678130,1341630
2018,결핵과,J84,2,19,227510,192810
2018,결핵과,J90,1,3,94340,66240
2018,결핵과,J93,2,2,51590,36190
2018,결핵과,J98,1,1,15310,10810
2018,결핵과,K21,48,95,1170830,950930
2018,결핵과,K25,8,13,162040,125740
2018,결핵과,K26,1,10,111720,78920
2018,결핵과,K29,1209,2784,39209250,29417250
2018,결핵과,K30,8,9,143450,109250
2018,결핵과,K52,5,5,76320,56020
2018,결핵과,K58,4,6,79560,56160
2018,결핵과,K59,25,58,742990,587090
2018,결핵과,K74,1,1,15310,10810
2018,결핵과,K75,169,243,4924940,3566740
2018,결핵과,L02,35,50,677810,532610
2018,결핵과,L03,1,2,26260,23260
2018,결핵과,L04,173,260,3913040,2860640
2018,결핵과,L20,8,14,181370,139970
2018,결핵과,L23,13,18,227660,189560
2018,결핵과,L40,8,10,160630,116630
2018,결핵과,L50,51,77,1112060,845060
2018,결핵과,M06,3,3,45930,35430
2018,결핵과,M10,8,11,148000,111600
2018,결핵과,M17,9,21,268120,231920
2018,결핵과,M25,9,27,377730,318330
2018,결핵과,M35,1,1,15310,13810
2018,결핵과,M47,3,7,94680,77880
2018,결핵과,M48,1,1,10950,9450
2018,결핵과,M51,1,3,40430,35930
2018,결핵과,M54,41,84,1160020,886120
2018,결핵과,M79,152,274,3957160,3221060
2018,결핵과,M81,3,5,59110,43510
2018,결핵과,N10,1,4,59390,50490
2018,결핵과,N19,1,2,26260,18560
2018,결핵과,N28,1,1,13340,9340
2018,결핵과,N30,49,88,1238330,944430
2018,결핵과,N39,1,1,15310,10810
2018,결핵과,N40,9,56,506250,433650
2018,결핵과,N76,1,1,10950,9450
2018,결핵과,N94,7,8,118150,83450
2018,결핵과,R00,2,3,37210,26310
2018,결핵과,R03,14,24,313150,233550
2018,결핵과,R04,7,7,104990,80090
2018,결핵과,R06,1,1,10980,9480
2018,결핵과,R07,8,8,187320,131720
2018,결핵과,R10,1,1,15310,10810
2018,결핵과,R17,3,4,75150,52750
2018,결핵과,R31,3,4,48160,34060
2018,결핵과,R41,14,61,765560,640060
2018,결핵과,R42,17,23,412900,311800
2018,결핵과,R51,15,15,205560,155560
2018,결핵과,R60,15,62,896080,708580
2018,결핵과,R63,15,19,334170,253070
2018,결핵과,R80,2,2,37620,29720
2018,결핵과,R94,2,4,49480,43480
2018,결핵과,S13,9,69,966710,698210
2018,결핵과,S23,16,35,503610,410410
2018,결핵과,S24,24,32,479660,374360
2018,결핵과,S33,15,39,522760,438060
2018,결핵과,S43,11,14,209620,158720
2018,결핵과,S61,2,2,30620,21620
2018,결핵과,S73,3,4,58490,46790
2018,결핵과,T78,1,1,15310,10810
2018,결핵과,T80,1,1,19110,13410
2018,결핵과,Z03,11,11,240680,183280
2018,결핵과,Z20,1,1,15310,10810
2018,재활의학과,A04,29,39,611760,449160
2018,재활의학과,A05,12,14,202340,148640
2018,재활의학과,A07,1,1,17880,12580
2018,재활의학과,A08,30,36,552910,389710
2018,재활의학과,A09,2514,3399,56645320,41397820
2018,재활의학과,A15,1,2,67100,49100
2018,재활의학과,A16,2,5,142460,135260
2018,재활의학과,A17,1,23,3917990,3470890
2018,재활의학과,A18,3,8,313850,313850
2018,재활의학과,A35,3,5,257520,180620
2018,재활의학과,A41,1,3,68470,48070
2018,재활의학과,A49,10,13,200380,147080
2018,재활의학과,A56,1,1,45210,31710
2018,재활의학과,A60,2,2,31860,22460
2018,재활의학과,A64,1,2,38360,26860
2018,재활의학과,A67,1,1,23060,16160
2018,재활의학과,A69,3,3,45930,38930
2018,재활의학과,A74,1,1,106130,74330
2018,재활의학과,A85,1,79,4724380,3734080
2018,재활의학과,A87,1,1,15310,13810
2018,재활의학과,B00,467,628,9599250,7115900
2018,재활의학과,B01,4,4,67780,49380
2018,재활의학과,B02,1231,3292,75009600,55925920
2018,재활의학과,B05,1,2,50840,35740
2018,재활의학과,B06,2,2,111720,78320
2018,재활의학과,B07,18,25,517920,377720
2018,재활의학과,B08,10,14,210900,164200
2018,재활의학과,B09,1,1,10950,9450
2018,재활의학과,B17,6,13,507260,355760
2018,재활의학과,B18,51,134,9166960,6441860
2018,재활의학과,B25,3,103,4628990,4172390
2018,재활의학과,B26,6,8,115030,81030
2018,재활의학과,B30,13,20,309890,222190
2018,재활의학과,B33,33,43,649650,476750
2018,재활의학과,B35,2573,6065,86432700,65370800
2018,재활의학과,B36,45,94,1119750,827350
2018,재활의학과,B37,18,31,607850,449250
2018,재활의학과,B43,4,11,143880,101380
2018,재활의학과,B49,7,10,124970,96370
2018,재활의학과,B82,1,1,19110,13410
2018,재활의학과,B86,6,6,107260,75260
2018,재활의학과,B88,17,18,495310,349410
2018,재활의학과,B90,2,2,52150,41750
2018,재활의학과,B91,55,113,5120460,3640160
2018,재활의학과,B94,1,116,2068890,1952890
2018,재활의학과,C02,1,2,41740,39740
2018,재활의학과,C05,1,1,15310,13810
2018,재활의학과,C06,1,1,17200,16400
2018,재활의학과,C07,3,175,2861390,2594090
2018,재활의학과,C08,1,3,51620,49120
2018,재활의학과,C11,2,146,2600480,2477580
2018,재활의학과,C16,25,107,3982650,3704250
2018,재활의학과,C18,23,163,6263630,5906000
2018,재활의학과,C19,2,2,218340,203740
2018,재활의학과,C20,7,69,1393240,1299640
2018,재활의학과,C22,14,87,1777070,1685170
2018,재활의학과,C23,1,1,20910,14710
2018,재활의학과,C24,2,10,140940,134740
2018,재활의학과,C25,6,38,809360,730890
2018,재활의학과,C26,1,1,32450,30850
2018,재활의학과,C31,1,2,34420,32820
2018,재활의학과,C34,27,320,6855980,5945180
2018,재활의학과,C37,1,1,24710,23510
2018,재활의학과,C40,2,3,74380,61780
2018,재활의학과,C41,2,2,32370,30770
2018,재활의학과,C43,4,274,9531480,8856890
2018,재활의학과,C44,2,2,83250,79250
2018,재활의학과,C46,1,1,25440,24240
2018,재활의학과,C48,1,26,650500,618300
2018,재활의학과,C49,1,3,169430,161030
2018,재활의학과,C50,103,1055,22745930,21293070
2018,재활의학과,C53,8,45,1542480,1467180
2018,재활의학과,C54,2,10,222880,212180
2018,재활의학과,C56,12,39,1304670,1241270
2018,재활의학과,C61,12,48,968770,910470
2018,재활의학과,C64,8,172,9036350,8580650
2018,재활의학과,C67,6,37,1428340,1167640
2018,재활의학과,C69,2,22,14372230,13385380
2018,재활의학과,C70,2,10,151790,141090
2018,재활의학과,C71,30,745,48011050,44272960
2018,재활의학과,C72,5,299,11313190,10712390
2018,재활의학과,C73,34,187,6594570,5999770
2018,재활의학과,C74,2,17,189750,143750
2018,재활의학과,C75,4,83,1873350,1500550
2018,재활의학과,C76,2,129,3513110,3343710
2018,재활의학과,C77,1,1,15310,14610
2018,재활의학과,C78,3,14,231980,207980
2018,재활의학과,C79,9,129,3612230,2907390
2018,재활의학과,C80,6,11,817020,764320
2018,재활의학과,C81,1,1,16720,15920
2018,재활의학과,C83,2,23,677280,553380
2018,재활의학과,C84,1,7,223630,212730
2018,재활의학과,C85,2,3,64760,50760
2018,재활의학과,C90,4,58,2810030,2523230
2018,재활의학과,C91,3,73,1411700,992600
2018,재활의학과,C92,7,52,2157350,1934290
2018,재활의학과,C95,2,4,176470,167770
2018,재활의학과,C96,1,4,260190,247390
2018,재활의학과,D00,3,5,153500,146100
2018,재활의학과,D01,9,10,851770,806370
2018,재활의학과,D02,4,9,251790,239790
2018,재활의학과,D04,3,7,157050,148750
2018,재활의학과,D05,17,91,2808880,2670780
2018,재활의학과,D06,2,21,562660,536460
2018,재활의학과,D07,15,36,1983120,1885920
2018,재활의학과,D09,16,79,3663260,3478760
2018,재활의학과,D10,6,9,136710,104210
2018,재활의학과,D11,5,11,175080,123480
2018,재활의학과,D12,51,75,22013070,15569470
2018,재활의학과,D13,1,3,60530,52130
2018,재활의학과,D14,2,2,33520,23620
2018,재활의학과,D16,12,17,445420,319420
2018,재활의학과,D17,242,397,12111350,8714450
2018,재활의학과,D18,19,64,1268480,924880
2018,재활의학과,D21,21,23,524550,376450
2018,재활의학과,D22,3,3,45930,32430
2018,재활의학과,D23,34,43,2340750,1663450
2018,재활의학과,D24,7,20,709170,505870
2018,재활의학과,D25,3,5,266300,186700
2018,재활의학과,D26,1,1,15310,10810
2018,재활의학과,D32,11,51,1385570,1241270
2018,재활의학과,D33,14,166,16029390,14725820
2018,재활의학과,D34,1,2,32450,22750
2018,재활의학과,D35,4,24,668680,599980
2018,재활의학과,D36,11,15,263720,192120
2018,재활의학과,D37,1,1,10950,8850
2018,재활의학과,D41,1,5,105610,100510
2018,재활의학과,D42,4,93,6704960,6340200
2018,재활의학과,D43,3,48,2090130,1988930
2018,재활의학과,D44,3,63,9656870,9054500
2018,재활의학과,D45,1,1,10950,10450
2018,재활의학과,D46,2,11,508940,484340
2018,재활의학과,D47,3,19,683800,629200
2018,재활의학과,D48,13,200,5049230,4846230
2018,재활의학과,D50,164,377,12350580,9095880
2018,재활의학과,D51,4,17,349260,273360
2018,재활의학과,D52,1,1,66070,46270
2018,재활의학과,D53,3,5,78950,58950
2018,재활의학과,D56,1,1,16260,14660
2018,재활의학과,D59,1,14,958010,766710
2018,재활의학과,D64,75,125,3851940,2783440
2018,재활의학과,D66,90,2002,13816381170,12516584670
2018,재활의학과,D67,12,327,3416481990,3062614390
2018,재활의학과,D68,6,190,821993210,766252410
2018,재활의학과,D69,110,183,2669390,2133290
2018,재활의학과,D72,1,1,26120,18320
2018,재활의학과,D76,2,90,3351590,3017990
2018,재활의학과,D82,1,47,571950,517350
2018,재활의학과,D83,1,14,38381310,36010570
2018,재활의학과,E01,9,10,883210,618810
2018,재활의학과,E03,181,625,13988550,10286750
2018,재활의학과,E04,18,23,1322850,927450
2018,재활의학과,E05,43,161,5122020,3643920
2018,재활의학과,E06,9,13,285770,201070
2018,재활의학과,E07,86,109,6560600,4620000
2018,재활의학과,E10,56,211,5282740,4038440
2018,재활의학과,E11,2009,10841,242302850,184181030
2018,재활의학과,E12,1,1,16610,15010
2018,재활의학과,E13,132,651,14933820,11478620
2018,재활의학과,E14,443,2010,49053420,36995320
2018,재활의학과,E16,13,19,1439840,1015940
2018,재활의학과,E22,2,2,32770,26570
2018,재활의학과,E23,6,25,1806660,1294050
2018,재활의학과,E24,3,10,615480,477480
2018,재활의학과,E27,8,36,884210,675910
2018,재활의학과,E28,3,5,337150,236350
2018,재활의학과,E30,8,14,506040,355240
2018,재활의학과,E34,2,2,34010,23910
2018,재활의학과,E35,1,3,32850,28350
2018,재활의학과,E46,2,2,30060,22860
2018,재활의학과,E50,81,108,1400320,1003310
2018,재활의학과,E53,30,69,1357360,1010860
2018,재활의학과,E55,514,889,22220510,16104010
2018,재활의학과,E56,17,26,557970,398170
2018,재활의학과,E58,8,11,144080,112780
2018,재활의학과,E59,1,1,44120,30920
2018,재활의학과,E60,1,1,86070,60270
2018,재활의학과,E61,7,37,590740,485840
2018,재활의학과,E63,5,15,210480,148580
2018,재활의학과,E64,1,3,57270,47370
2018,재활의학과,E65,1,1,15310,10810
2018,재활의학과,E66,42,88,1230100,866600
2018,재활의학과,E71,1,1,83920,75620
2018,재활의학과,E72,3,15,572330,515930
2018,재활의학과,E74,1,91,11393710,10645020
2018,재활의학과,E75,9,336,37292110,34104420
2018,재활의학과,E76,1,116,4617680,4164680
2018,재활의학과,E77,1,5,116810,105510
2018,재활의학과,E78,1642,4887,119225920,87645240
2018,재활의학과,E79,8,24,401340,282640
2018,재활의학과,E80,1,1,15430,13930
2018,재활의학과,E83,42,114,2972500,2540900
2018,재활의학과,E86,113,150,2764780,2025180
2018,재활의학과,E87,4,4,84010,59110
2018,재활의학과,E88,19,31,577900,427000
2018,재활의학과,E89,3,6,271210,193610
2018,재활의학과,F00,434,4764,95870080,75138890
2018,재활의학과,F01,36,222,17433520,14352950
2018,재활의학과,F02,4,12,119080,99680
2018,재활의학과,F03,39,206,5271350,4092450
2018,재활의학과,F05,1,1,12660,11160
2018,재활의학과,F06,669,1891,32442950,26315050
2018,재활의학과,F07,16,32,520940,374740
2018,재활의학과,F10,5,18,317110,235210
2018,재활의학과,F17,7,8,89990,68690
2018,재활의학과,F20,2,2,32450,25250
2018,재활의학과,F21,2,6,422980,380780
2018,재활의학과,F22,2,13,269910,199910
2018,재활의학과,F23,1,1,15310,13810
2018,재활의학과,F30,2,14,74240,58440
2018,재활의학과,F31,15,56,506050,390950
2018,재활의학과,F32,191,465,7536940,5895740
2018,재활의학과,F33,19,40,650830,489430
2018,재활의학과,F34,9,16,260710,199010
2018,재활의학과,F38,27,49,794050,676950
2018,재활의학과,F39,2,13,177430,125130
2018,재활의학과,F40,8,13,178750,139450
2018,재활의학과,F41,351,864,12482380,9694880
2018,재활의학과,F42,3,4,54490,40190
2018,재활의학과,F43,5,12,163780,136680
2018,재활의학과,F45,32,56,788860,603960
2018,재활의학과,F48,172,295,6335220,4829520
2018,재활의학과,F50,2,2,20780,17780
2018,재활의학과,F51,378,1046,15834660,12391560
2018,재활의학과,F52,4,7,60850,45850
2018,재활의학과,F60,2,4,26970,19170
2018,재활의학과,F64,1,1,36090,25290
2018,재활의학과,F70,7,8,222070,169970
2018,재활의학과,F71,9,11,302220,241620
2018,재활의학과,F72,3,3,89230,72730
2018,재활의학과,F73,3,57,2473500,1951900
2018,재활의학과,F78,4,4,56880,42380
2018,재활의학과,F79,29,607,14706150,10563550
2018,재활의학과,F80,75,303,11542630,8887340
2018,재활의학과,F82,5,169,6805010,5656910
2018,재활의학과,F83,4,182,6463760,4535860
2018,재활의학과,F84,102,4552,195533360,156941900
2018,재활의학과,F89,13,90,1913820,1365720
2018,재활의학과,F90,9,87,2036600,1910600
2018,재활의학과,F91,2,2,34420,28020
2018,재활의학과,F92,6,11,178660,141860
2018,재활의학과,F95,5,5,80350,56650
2018,재활의학과,F98,7,58,308250,235150
2018,재활의학과,G00,1,1,16200,12800
2018,재활의학과,G03,4,21,393940,332040
2018,재활의학과,G04,12,139,4156070,3316370
2018,재활의학과,G05,5,6,143470,108770
2018,재활의학과,G06,1,1,295580,206980
2018,재활의학과,G09,1,1,13340,13340
2018,재활의학과,G10,1,1,15310,13810
2018,재활의학과,G11,27,640,63936150,58638860
2018,재활의학과,G12,56,925,42354310,36230600
2018,재활의학과,G13,1,1,15310,14610
2018,재활의학과,G14,157,295,11271200,8454110
2018,재활의학과,G20,326,4432,215619690,190105100
2018,재활의학과,G21,26,240,10787610,9501410
2018,재활의학과,G22,6,11,407150,298750
2018,재활의학과,G23,4,48,2753090,1936390
2018,재활의학과,G24,437,1250,43817820,37156600
2018,재활의학과,G25,412,1707,39326130,29842330
2018,재활의학과,G30,14,290,11491160,9600160
2018,재활의학과,G31,772,3338,115179160,92684960
2018,재활의학과,G32,2,6,76760,64760
2018,재활의학과,G35,8,56,2505760,2226660
2018,재활의학과,G36,3,84,5796170,5094340
2018,재활의학과,G37,16,290,42878060,34206160
2018,재활의학과,G40,140,3393,365993540,336754500
2018,재활의학과,G41,27,963,83347460,77650870
2018,재활의학과,G43,910,2235,69373080,49936730
2018,재활의학과,G44,2017,5078,176997750,127060910
2018,재활의학과,G45,17,24,413730,321130
2018,재활의학과,G46,29,448,21591160,17745460
2018,재활의학과,G47,1692,5275,75836220,58262120
2018,재활의학과,G50,127,316,6590640,4977040
2018,재활의학과,G51,708,5296,113388500,84231120
2018,재활의학과,G52,6,11,176380,149380
2018,재활의학과,G53,580,2327,65393780,49656620
2018,재활의학과,G54,3953,17037,999055130,714871350
2018,재활의학과,G55,762,5073,196357100,143763210
2018,재활의학과,G56,14898,35432,2631567480,1863999580
2018,재활의학과,G57,3293,10338,443713100,318238130
2018,재활의학과,G58,948,2642,106940760,78888890
2018,재활의학과,G59,25,102,4040200,3368300
2018,재활의학과,G60,31,167,14141890,11773370
2018,재활의학과,G61,36,342,54232470,45709460
2018,재활의학과,G62,596,1329,138865250,101161430
2018,재활의학과,G63,1041,3655,185748030,136718700
2018,재활의학과,G64,228,574,40764870,29509570
2018,재활의학과,G70,13,78,4899980,4304320
2018,재활의학과,G71,83,2857,241611550,220870950
2018,재활의학과,G72,18,52,2590370,1858570
2018,재활의학과,G80,752,33354,3717097260,3284519300
2018,재활의학과,G81,1321,19366,1953822380,1551822820
2018,재활의학과,G82,376,5094,529741460,428447450
2018,재활의학과,G83,238,1534,62549550,48378670
2018,재활의학과,G90,20,228,21849410,20287370
2018,재활의학과,G91,17,523,45885700,42177550
2018,재활의학과,G93,69,2908,306181260,263447660
2018,재활의학과,G95,80,854,48447090,38360260
2018,재활의학과,G96,4,4,83650,68350
2018,재활의학과,G97,2,3,94210,66110
2018,재활의학과,G99,104,274,20923170,14967230
2018,재활의학과,H00,130,175,2491100,1817500
2018,재활의학과,H01,108,161,2359200,1776800
2018,재활의학과,H02,4,4,117410,84710
2018,재활의학과,H04,368,624,8098020,6163920
2018,재활의학과,H05,2,4,55770,39270
2018,재활의학과,H06,1,2,73200,51400
2018,재활의학과,H10,365,474,6900280,5167580
2018,재활의학과,H11,120,235,3009800,2149100
2018,재활의학과,H15,1,2,21900,15500
2018,재활의학과,H16,58,78,1011410,791110
2018,재활의학과,H18,1,1,15310,13810
2018,재활의학과,H19,8,17,189970,135470
2018,재활의학과,H25,40,65,875550,741450
2018,재활의학과,H26,5,5,102390,79690
2018,재활의학과,H28,1,1,10950,9950
2018,재활의학과,H30,1,1,15310,10810
2018,재활의학과,H32,1,2,15960,11360
2018,재활의학과,H34,1,8,415090,290890
2018,재활의학과,H35,8,77,4716150,4344520
2018,재활의학과,H36,15,29,482420,377020
2018,재활의학과,H40,30,78,991760,810460
2018,재활의학과,H42,1,1,10950,9450
2018,재활의학과,H43,1,1,15310,10810
2018,재활의학과,H44,5,8,98280,69380
2018,재활의학과,H49,1,2,73150,51350
2018,재활의학과,H50,1,1,5470,3870
2018,재활의학과,H52,1,1,15310,10810
2018,재활의학과,H53,3,11,720590,570890
2018,재활의학과,H55,1,1,15310,10810
2018,재활의학과,H57,2,5,64810,45710
2018,재활의학과,H60,269,470,7688620,5541220
2018,재활의학과,H61,35,44,1137710,806410
2018,재활의학과,H62,2,9,122880,86580
2018,재활의학과,H65,95,160,2283300,1622800
2018,재활의학과,H66,200,337,4973870,3662370
2018,재활의학과,H67,1,1,14140,14140
2018,재활의학과,H69,31,33,591190,416690
2018,재활의학과,H70,1,5,54750,47250
2018,재활의학과,H72,1,1,15310,10810
2018,재활의학과,H73,1,1,15310,13810
2018,재활의학과,H81,676,1432,26594870,21010500
2018,재활의학과,H82,1,1,18860,13260
2018,재활의학과,H83,3,3,45930,32430
2018,재활의학과,H90,89,101,6386500,4925700
2018,재활의학과,H91,13,34,584240,415640
2018,재활의학과,H92,1,1,10950,7750
2018,재활의학과,H93,69,124,3335680,2447680
2018,재활의학과,H95,1,3,51080,35980
2018,재활의학과,I00,11,16,435380,314880
2018,재활의학과,I09,1,3,333520,264720
2018,재활의학과,I10,8671,49934,859825730,670408920
2018,재활의학과,I11,74,346,5236950,4422350
2018,재활의학과,I12,2,5,100130,75230
2018,재활의학과,I13,6,18,317990,253390
2018,재활의학과,I15,127,410,5025130,4006830
2018,재활의학과,I20,96,342,5447450,4429150
2018,재활의학과,I21,5,11,307540,228540
2018,재활의학과,I24,3,5,227770,161470
2018,재활의학과,I25,22,165,2043590,1579290
2018,재활의학과,I42,4,38,824280,681280
2018,재활의학과,I45,5,21,298030,255330
2018,재활의학과,I47,6,9,134590,105190
2018,재활의학과,I48,10,27,314840,272340
2018,재활의학과,I49,53,105,1921470,1445070
2018,재활의학과,I50,29,54,1545470,1223410
2018,재활의학과,I51,9,13,274270,214670
2018,재활의학과,I60,14,43,7087740,5397770
2018,재활의학과,I61,168,5071,473022470,367211160
2018,재활의학과,I62,8,253,33142560,25271770
2018,재활의학과,I63,708,12395,1570500890,1229185170
2018,재활의학과,I64,27,42,1588860,1227260
2018,재활의학과,I65,8,73,1021270,729070
2018,재활의학과,I66,9,109,5549910,4404760
2018,재활의학과,I67,59,717,61058940,51923130
2018,재활의학과,I68,5,16,207560,153260
2018,재활의학과,I69,300,4143,294953740,225252310
2018,재활의학과,I70,17,118,2493330,2099630
2018,재활의학과,I71,4,18,252520,203020
2018,재활의학과,I72,2,17,550320,528320
2018,재활의학과,I73,737,1885,38816580,29657780
2018,재활의학과,I74,8,15,298540,222440
2018,재활의학과,I78,7,8,122750,94150
2018,재활의학과,I79,1,8,132400,119600
2018,재활의학과,I80,30,101,1975280,1438180
2018,재활의학과,I82,2,2,26260,20260
2018,재활의학과,I83,157,383,10781650,7922050
2018,재활의학과,I86,14,28,411400,345400
2018,재활의학과,I87,771,2010,61489360,45432860
2018,재활의학과,I88,38,47,776700,565500
2018,재활의학과,I89,204,560,12675120,9639400
2018,재활의학과,I95,8,10,249670,181970
2018,재활의학과,I97,48,254,5100440,4146940
2018,재활의학과,I99,1,2,21900,18900
2018,재활의학과,J00,5362,9481,146649080,110629460
2018,재활의학과,J01,545,1009,14141810,10147810
2018,재활의학과,J02,2590,4826,79410820,59678120
2018,재활의학과,J03,4834,8014,126803210,92149250
2018,재활의학과,J04,470,766,11241900,8641000
2018,재활의학과,J05,1,1,15310,10810
2018,재활의학과,J06,4628,7756,118514150,89195840
2018,재활의학과,J09,13,22,365660,261060
2018,재활의학과,J10,319,411,6055510,4355810
2018,재활의학과,J11,581,686,10890630,7923430
2018,재활의학과,J12,3,3,77420,61320
2018,재활의학과,J15,696,880,23840590,17979130
2018,재활의학과,J18,352,798,13773700,10601900
2018,재활의학과,J20,9799,20566,312854300,233389370
2018,재활의학과,J21,583,752,17914840,13956380
2018,재활의학과,J22,29,74,1029520,750120
2018,재활의학과,J30,3609,7117,114589020,85590020
2018,재활의학과,J31,152,169,3879630,2840430
2018,재활의학과,J32,188,269,5367580,3873880
2018,재활의학과,J33,2,2,71400,50100
2018,재활의학과,J34,43,49,815950,583650
2018,재활의학과,J35,90,127,2167890,1663590
2018,재활의학과,J36,140,228,3400350,2436250
2018,재활의학과,J37,4,6,41570,29370
2018,재활의학과,J38,6,12,156990,114290
2018,재활의학과,J39,222,485,6741370,5419170
2018,재활의학과,J40,3043,6233,97046350,77925490
2018,재활의학과,J41,53,80,1315250,989350
2018,재활의학과,J42,79,143,2102790,1641390
2018,재활의학과,J43,1,1,15310,13810
2018,재활의학과,J44,30,92,1427030,1111930
2018,재활의학과,J45,345,819,13423990,10308490
2018,재활의학과,J46,3,5,75570,67670
2018,재활의학과,J47,6,6,107440,80340
2018,재활의학과,J64,1,1,10950,9450
2018,재활의학과,J84,4,106,1560120,1390220
2018,재활의학과,J93,19,22,567730,400830
2018,재활의학과,J94,1,1,19110,13410
2018,재활의학과,J98,6,7,101970,83770
2018,재활의학과,K04,9,11,174470,128770
2018,재활의학과,K05,177,332,4889870,3920170
2018,재활의학과,K06,1,4,36600,26000
2018,재활의학과,K07,1068,2363,53704780,38809880
2018,재활의학과,K08,12,14,219530,154430
2018,재활의학과,K09,1,2,59040,41440
2018,재활의학과,K10,50,142,3313540,2404740
2018,재활의학과,K11,21,29,476890,364490
2018,재활의학과,K12,249,365,6680410,5009210
2018,재활의학과,K13,8,9,132690,99590
2018,재활의학과,K14,19,22,342250,253250
2018,재활의학과,K20,14,26,528010,375610
2018,재활의학과,K21,2761,5750,143163360,105846260
2018,재활의학과,K22,1,1,10950,7750
2018,재활의학과,K23,1,1,11500,9100
2018,재활의학과,K25,400,804,19716700,14593800
2018,재활의학과,K26,55,82,2238790,1620190
2018,재활의학과,K27,352,886,18517370,14029970
2018,재활의학과,K28,27,40,558240,430740
2018,재활의학과,K29,9247,22202,535528730,394922980
2018,재활의학과,K30,834,1405,31190650,23076050
2018,재활의학과,K31,3,4,60510,42610
2018,재활의학과,K35,9,12,218940,157040
2018,재활의학과,K36,2,6,102970,72570
2018,재활의학과,K37,4,6,107870,79670
2018,재활의학과,K40,15,18,251590,189490
2018,재활의학과,K41,4,6,109220,76920
2018,재활의학과,K42,1,1,99850,69950
2018,재활의학과,K43,3,3,45370,33670
2018,재활의학과,K46,7,9,155150,119550
2018,재활의학과,K50,10,36,919410,819110
2018,재활의학과,K51,11,17,1009770,814570
2018,재활의학과,K52,752,1255,18802160,14396660
2018,재활의학과,K56,5,7,139450,99450
2018,재활의학과,K57,1,9,0,0
2018,재활의학과,K58,809,1401,38658050,27986650
2018,재활의학과,K59,1186,2114,33748520,26333730
2018,재활의학과,K60,5,11,135630,116730
2018,재활의학과,K61,9,23,428750,322550
2018,재활의학과,K62,5,7,89760,66460
2018,재활의학과,K63,15,17,4565870,3198670
2018,재활의학과,K64,73,105,1594760,1238660
2018,재활의학과,K65,1,3,54090,37990
2018,재활의학과,K66,1,1,15310,10810
2018,재활의학과,K70,22,45,756350,545250
2018,재활의학과,K71,1,1,15310,10810
2018,재활의학과,K72,1,1,10950,7750
2018,재활의학과,K73,47,147,3109740,2284440
2018,재활의학과,K74,9,19,598440,454840
2018,재활의학과,K75,124,234,7276300,5222900
2018,재활의학과,K76,254,489,12827030,9237930
2018,재활의학과,K77,1,1,42470,29770
2018,재활의학과,K80,12,33,583350,418250
2018,재활의학과,K81,12,19,353620,254820
2018,재활의학과,K82,8,18,544040,382040
2018,재활의학과,K83,13,28,1128530,818630
2018,재활의학과,K85,5,13,365530,261530
2018,재활의학과,K86,3,7,228910,169310
2018,재활의학과,K91,1,2,31760,28460
2018,재활의학과,K92,25,39,555940,478640
2018,재활의학과,L00,1,1,12720,11220
2018,재활의학과,L01,16,44,922050,814350
2018,재활의학과,L02,657,1370,26590080,19791880
2018,재활의학과,L03,4180,8806,186967870,137755530
2018,재활의학과,L04,1692,2706,43359480,31846280
2018,재활의학과,L05,47,85,1482440,1197240
2018,재활의학과,L08,312,610,10796440,8160940
2018,재활의학과,L10,2,2,28210,23410
2018,재활의학과,L12,1,2,33100,29900
2018,재활의학과,L13,24,46,826700,602800
2018,재활의학과,L20,168,412,7281300,5463070
2018,재활의학과,L21,177,282,4160010,3174610
2018,재활의학과,L22,1,2,28970,22970
2018,재활의학과,L23,1924,3419,49795740,38532240
2018,재활의학과,L24,533,809,12966900,9960300
2018,재활의학과,L25,457,790,13210140,9889140
2018,재활의학과,L26,3,5,63890,44990
2018,재활의학과,L27,15,30,275590,207790
2018,재활의학과,L28,43,84,1219810,920910
2018,재활의학과,L29,220,521,8187370,6758870
2018,재활의학과,L30,655,1179,20798270,16189170
2018,재활의학과,L40,55,91,1570560,1195460
2018,재활의학과,L42,1,1,19110,13410
2018,재활의학과,L43,4,5,41570,32370
2018,재활의학과,L50,1200,2090,41506590,30798890
2018,재활의학과,L52,2,7,287550,201550
2018,재활의학과,L53,1,1,14140,14140
2018,재활의학과,L55,3,5,135130,94830
2018,재활의학과,L57,1,1,10950,9450
2018,재활의학과,L59,1,1,15310,10810
2018,재활의학과,L60,1003,2683,67660590,49047390
2018,재활의학과,L62,1,1,15310,10810
2018,재활의학과,L63,23,54,1334390,952790
2018,재활의학과,L64,13,23,223890,161190
2018,재활의학과,L65,17,35,489260,351060
2018,재활의학과,L66,3,29,687690,483490
2018,재활의학과,L70,71,138,2309870,1640870
2018,재활의학과,L71,4,12,162260,114260
2018,재활의학과,L72,38,78,2358220,1718620
2018,재활의학과,L73,8,29,394660,281360
2018,재활의학과,L74,4,10,131170,111470
2018,재활의학과,L80,3,4,61590,43390
2018,재활의학과,L81,6,7,37210,26310
2018,재활의학과,L84,266,383,16266450,11666950
2018,재활의학과,L85,22,24,456030,345930
2018,재활의학과,L88,2,6,113700,84300
2018,재활의학과,L89,49,197,3848900,3065700
2018,재활의학과,L90,3,3,45930,32430
2018,재활의학과,L91,4,12,317090,225890
2018,재활의학과,L92,7,15,401090,300590
2018,재활의학과,L93,1,1,15310,10810
2018,재활의학과,L94,4,11,184240,159040
2018,재활의학과,L95,6,7,143750,106450
2018,재활의학과,L97,3,50,1424060,1111860
2018,재활의학과,L98,23,35,768760,555260
2018,재활의학과,L99,1,1,15310,10810
2018,재활의학과,M00,57,430,18079680,13839950
2018,재활의학과,M01,3,5,99350,69850
2018,재활의학과,M02,280,816,19004710,14147410
2018,재활의학과,M03,1,1,23130,16230
2018,재활의학과,M05,439,4742,149894460,134370940
2018,재활의학과,M06,1045,4863,111049560,82416500
2018,재활의학과,M07,51,110,2300010,1777510
2018,재활의학과,M08,4,6,297230,208430
2018,재활의학과,M10,4095,13109,262399140,191071210
2018,재활의학과,M11,9,23,585010,412610
2018,재활의학과,M12,2993,8817,258357210,187522570
2018,재활의학과,M13,25959,97793,2746123510,2029629710
2018,재활의학과,M14,289,4437,133600180,102204180
2018,재활의학과,M15,2467,10547,242295670,184066100
2018,재활의학과,M16,1955,8308,235974130,176477080
2018,재활의학과,M17,116414,657646,22438110390,16608884490
2018,재활의학과,M18,155,615,15521710,11232010
2018,재활의학과,M19,25423,90610,2387978500,1758411520
2018,재활의학과,M20,902,1878,56482020,40923860
2018,재활의학과,M21,3782,9471,197567150,146750620
2018,재활의학과,M22,3660,10614,306421480,220442330
2018,재활의학과,M23,4742,17699,563356750,411574440
2018,재활의학과,M24,9668,49628,1217211960,895496560
2018,재활의학과,M25,42003,152489,4317345340,3159942530
2018,재활의학과,M30,2,64,1520470,1372170
2018,재활의학과,M31,1,14,378400,341000
2018,재활의학과,M32,27,253,6938410,6051810
2018,재활의학과,M33,8,13,681870,491070
2018,재활의학과,M34,2,6,155940,140740
2018,재활의학과,M35,42,330,9262750,8113050
2018,재활의학과,M36,2,4,97690,83290
2018,재활의학과,M40,1282,5627,141918110,103946040
2018,재활의학과,M41,4192,24044,574950720,414553590
2018,재활의학과,M42,1,2,67680,47480
2018,재활의학과,M43,7027,30919,1274507970,930975400
2018,재활의학과,M45,236,1915,58834050,50490010
2018,재활의학과,M46,898,6679,225670930,169526860
2018,재활의학과,M47,53160,307128,12438060070,9177835960
2018,재활의학과,M48,43951,297386,11280283980,8530534670
2018,재활의학과,M49,717,8156,190342740,147794640
2018,재활의학과,M50,50840,269680,10396944700,7534850910
2018,재활의학과,M51,92508,553773,20686417020,15190753450
2018,재활의학과,M53,19618,83585,3370534090,2426096300
2018,재활의학과,M54,243985,1132402,41590542420,30232976970
2018,재활의학과,M60,109,265,6391960,4624060
2018,재활의학과,M61,162,726,23871490,16978190
2018,재활의학과,M62,15089,55657,1572602760,1141985300
2018,재활의학과,M65,37156,113099,2780339330,2021445090
2018,재활의학과,M66,893,2753,74708240,54328670
2018,재활의학과,M67,3326,8388,219767900,158050050
2018,재활의학과,M68,4,9,196940,138240
2018,재활의학과,M70,5059,15243,367611200,266539970
2018,재활의학과,M71,2357,6409,180614540,130528990
2018,재활의학과,M72,13205,47564,1019379080,738187520
2018,재활의학과,M75,100620,465012,14245450810,10321416300
2018,재활의학과,M76,13794,40062,1157342620,830266360
2018,재활의학과,M77,47444,176681,4427981420,3161821410
2018,재활의학과,M79,83111,285761,6878479860,5021717910
2018,재활의학과,M80,462,2671,76093100,59193800
2018,재활의학과,M81,8329,29965,1188459910,878383410
2018,재활의학과,M82,10,146,2592390,1997190
2018,재활의학과,M83,22,60,1533100,1219400
2018,재활의학과,M84,148,655,14722180,10687350
2018,재활의학과,M85,28,58,2683010,1959470
2018,재활의학과,M86,7,49,2055520,1520440
2018,재활의학과,M87,162,677,45200490,33352240
2018,재활의학과,M89,234,858,29051690,22243670
2018,재활의학과,M90,4,10,280060,200160
2018,재활의학과,M91,16,103,937830,674930
2018,재활의학과,M92,598,1675,37176260,26381180
2018,재활의학과,M93,51,252,12282130,9044380
2018,재활의학과,M94,610,2224,68149000,49018270
2018,재활의학과,M95,140,259,4587440,3655740
2018,재활의학과,M96,917,6432,263449550,199909640
2018,재활의학과,M99,2173,13963,368833320,280080420
2018,재활의학과,N02,1,1,15310,13810
2018,재활의학과,N05,3,3,41010,30610
2018,재활의학과,N06,2,2,30060,24960
2018,재활의학과,N10,42,66,1445970,1058970
2018,재활의학과,N11,1,1,10950,7750
2018,재활의학과,N12,4,4,71260,52360
2018,재활의학과,N13,3,6,100900,88000
2018,재활의학과,N14,1,1,10950,9450
2018,재활의학과,N17,9,31,986490,706290
2018,재활의학과,N18,36,189,7005890,6178090
2018,재활의학과,N19,6,31,437600,321400
2018,재활의학과,N20,15,16,305990,222490
2018,재활의학과,N21,22,28,634980,456980
2018,재활의학과,N22,2,2,37310,28410
2018,재활의학과,N28,10,13,257620,196020
2018,재활의학과,N29,2,2,35930,29930
2018,재활의학과,N30,716,1263,20511550,15643750
2018,재활의학과,N31,129,340,5972600,4864700
2018,재활의학과,N32,14,49,861280,705580
2018,재활의학과,N34,55,75,1158030,874930
2018,재활의학과,N37,2,4,73100,56000
2018,재활의학과,N39,59,202,4704280,3642980
2018,재활의학과,N40,658,2509,36452120,29681220
2018,재활의학과,N41,14,30,492260,359360
2018,재활의학과,N42,14,32,599830,475030
2018,재활의학과,N43,1,1,39480,27680
2018,재활의학과,N45,3,6,74420,55620
2018,재활의학과,N46,2,2,178330,124930
2018,재활의학과,N48,15,20,276270,221170
2018,재활의학과,N50,3,4,45930,38430
2018,재활의학과,N51,1,1,10950,9450
2018,재활의학과,N60,2,2,26260,20260
2018,재활의학과,N61,1,1,15310,10810
2018,재활의학과,N62,2,2,30620,24620
2018,재활의학과,N63,3,3,45930,32430
2018,재활의학과,N64,3,3,41570,31070
2018,재활의학과,N70,1,1,15310,10810
2018,재활의학과,N71,1,3,32850,23250
2018,재활의학과,N72,1,3,35240,24840
2018,재활의학과,N73,1,3,32850,23250
2018,재활의학과,N76,20,29,362420,283420
2018,재활의학과,N77,1,1,2970,2170
2018,재활의학과,N80,5,8,283380,198680
2018,재활의학과,N83,5,5,122030,85830
2018,재활의학과,N91,2,4,114020,80020
2018,재활의학과,N92,2,2,30620,21620
2018,재활의학과,N93,1,1,10950,7750
2018,재활의학과,N94,78,104,1670520,1179220
2018,재활의학과,N95,211,596,9135920,6710820
2018,재활의학과,N97,1,1,10950,7750
2018,재활의학과,O12,1,1,15310,10810
2018,재활의학과,O21,2,2,66450,46650
2018,재활의학과,O71,1,1,38080,26680
2018,재활의학과,O92,1,1,19110,13410
2018,재활의학과,P03,1,19,1191350,941750
2018,재활의학과,P07,9,221,18711690,17417420
2018,재활의학과,P14,3,84,2727850,2177710
2018,재활의학과,P20,1,1,17470,13870
2018,재활의학과,P22,139,5537,717046600,671509040
2018,재활의학과,P24,1,1,17470,15770
2018,재활의학과,P27,2,57,4278880,3064180
2018,재활의학과,P28,1,1,16200,14600
2018,재활의학과,P39,1,1,20000,15800
2018,재활의학과,P52,3,5,224960,194970
2018,재활의학과,P80,1,1,16660,11760
2018,재활의학과,P83,1,3,3117990,2915120
2018,재활의학과,P90,1,1,15310,10810
2018,재활의학과,P91,13,222,12258280,10161310
2018,재활의학과,P94,6,147,5730190,4619090
2018,재활의학과,Q01,2,9,2052090,1713590
2018,재활의학과,Q02,1,2,26260,18560
2018,재활의학과,Q03,4,46,4542940,4106680
2018,재활의학과,Q04,12,776,64319810,57802970
2018,재활의학과,Q05,32,786,35668750,32453880
2018,재활의학과,Q06,2,3,49860,38660
2018,재활의학과,Q07,9,658,33182170,31022740
2018,재활의학과,Q15,1,106,5090370,4293540
2018,재활의학과,Q18,2,4,72520,50920
2018,재활의학과,Q20,1,1,34020,30620
2018,재활의학과,Q21,3,56,1564360,1412660
2018,재활의학과,Q22,2,147,14827670,13814890
2018,재활의학과,Q23,4,227,16240860,14983410
2018,재활의학과,Q25,1,36,1389890,1252590
2018,재활의학과,Q26,1,1,24540,22140
2018,재활의학과,Q27,4,21,336280,237380
2018,재활의학과,Q28,5,95,17941250,14923970
2018,재활의학과,Q31,1,4,5972730,5610540
2018,재활의학과,Q39,1,17,804090,636390
2018,재활의학과,Q62,1,1,10950,7750
2018,재활의학과,Q65,35,115,2744980,2031520
2018,재활의학과,Q66,277,620,14155610,10509070
2018,재활의학과,Q67,12,12,245390,181290
2018,재활의학과,Q68,91,617,9638740,7653840
2018,재활의학과,Q69,1,10,187400,148900
2018,재활의학과,Q71,2,3,41570,34070
2018,재활의학과,Q72,2,3,43400,30500
2018,재활의학과,Q73,1,2,33320,23520
2018,재활의학과,Q74,22,110,2025830,1485830
2018,재활의학과,Q75,12,209,14511100,13143710
2018,재활의학과,Q76,11,23,578020,407720
2018,재활의학과,Q77,7,269,16367550,15111880
2018,재활의학과,Q78,11,96,3266830,3086730
2018,재활의학과,Q79,8,172,6501620,5850220
2018,재활의학과,Q81,2,3,83480,60880
2018,재활의학과,Q85,19,749,47009490,43418300
2018,재활의학과,Q87,50,2471,168196320,155480520
2018,재활의학과,Q90,36,1642,117411730,108967470
2018,재활의학과,Q91,1,1,51760,46660
2018,재활의학과,Q92,1,10,673450,606550
2018,재활의학과,Q93,32,1486,106585960,98913880
2018,재활의학과,Q96,3,26,630680,598780
2018,재활의학과,Q98,1,9,538470,485370
2018,재활의학과,Q99,8,137,5714440,5184220
2018,재활의학과,R00,28,36,537670,390370
2018,재활의학과,R03,20,22,344210,252410
2018,재활의학과,R04,20,25,505890,376690
2018,재활의학과,R05,150,183,4462380,3199280
2018,재활의학과,R06,114,132,3281020,2590420
2018,재활의학과,R07,492,650,18071980,13104680
2018,재활의학과,R09,4,4,64730,45430
2018,재활의학과,R10,638,810,15347610,11384410
2018,재활의학과,R11,312,443,7759180,5778580
2018,재활의학과,R12,295,735,22731210,16268610
2018,재활의학과,R13,47,758,58837370,52102840
2018,재활의학과,R14,4,8,266450,186950
2018,재활의학과,R17,3,4,129740,92740
2018,재활의학과,R19,7,10,156720,129220
2018,재활의학과,R20,66,113,4826880,3521580
2018,재활의학과,R21,3,3,45920,33320
2018,재활의학과,R22,93,126,2318690,1748490
2018,재활의학과,R23,8,8,126770,94770
2018,재활의학과,R25,285,423,28727530,20390330
2018,재활의학과,R26,839,3170,115556860,92721350
2018,재활의학과,R27,1,1,19110,13410
2018,재활의학과,R29,263,304,9258470,6551570
2018,재활의학과,R30,6,11,149130,122630
2018,재활의학과,R31,21,25,467530,329030
2018,재활의학과,R32,28,72,1917950,1554750
2018,재활의학과,R35,25,54,716680,587980
2018,재활의학과,R39,3,4,44540,39240
2018,재활의학과,R41,54,117,2361000,1894300
2018,재활의학과,R42,595,958,26880720,20019470
2018,재활의학과,R43,3,3,45370,31970
2018,재활의학과,R44,2,3,37210,26310
2018,재활의학과,R45,10,39,461280,383980
2018,재활의학과,R47,493,11068,151436940,122053920
2018,재활의학과,R48,3,32,209440,146840
2018,재활의학과,R50,58,78,1756690,1278590
2018,재활의학과,R51,1022,3057,91166150,65933550
2018,재활의학과,R52,166,415,9697170,7034670
2018,재활의학과,R53,109,191,3080730,2196930
2018,재활의학과,R54,1,1,15310,13810
2018,재활의학과,R55,20,22,439650,318350
2018,재활의학과,R56,14,18,401430,311280
2018,재활의학과,R57,4,12,271440,199340
2018,재활의학과,R58,1,1,16660,15060
2018,재활의학과,R59,20,43,786940,585940
2018,재활의학과,R60,357,965,16564660,12997760
2018,재활의학과,R61,4,4,59700,45600
2018,재활의학과,R62,1780,47788,3652337970,3275841980
2018,재활의학과,R63,137,233,4047190,3188890
2018,재활의학과,R64,1,1,15310,13810
2018,재활의학과,R68,25,29,471110,335010
2018,재활의학과,R73,138,195,4269290,3251580
2018,재활의학과,R76,8,13,388780,272880
2018,재활의학과,R78,1,1,15310,10810
2018,재활의학과,R80,1,1,15310,10810
2018,재활의학과,R81,120,144,14192800,10040200
2018,재활의학과,R91,1,1,15310,10810
2018,재활의학과,R94,41,69,1155350,822550
2018,재활의학과,S00,2347,3516,89037850,65605880
2018,재활의학과,S01,1516,3456,77081840,57042740
2018,재활의학과,S02,271,567,14820620,10653930
2018,재활의학과,S03,584,1042,24379880,17746880
2018,재활의학과,S04,34,267,7098030,5091630
2018,재활의학과,S05,28,35,639780,487280
2018,재활의학과,S06,180,694,42171960,33818430
2018,재활의학과,S07,21,26,715530,521030
2018,재활의학과,S08,1,1,26710,18710
2018,재활의학과,S09,108,129,3154430,2323430
2018,재활의학과,S10,58,103,2505920,1822220
2018,재활의학과,S11,62,136,3249500,2387200
2018,재활의학과,S12,30,200,4571470,3210270
2018,재활의학과,S13,30566,99091,2877726260,2045662660
2018,재활의학과,S14,172,1108,57017160,41039580
2018,재활의학과,S15,1,3,45790,32090
2018,재활의학과,S16,2,2,48750,34250
2018,재활의학과,S18,1,1,21020,14720
2018,재활의학과,S20,2425,4155,105431960,76860760
2018,재활의학과,S21,105,260,5765690,4320290
2018,재활의학과,S22,3210,9623,349922700,258406010
2018,재활의학과,S23,13105,24937,714029960,516461210
2018,재활의학과,S24,3,10,129160,110260
2018,재활의학과,S25,4,8,159290,115090
2018,재활의학과,S26,2,2,38830,29630
2018,재활의학과,S29,18,39,868600,609900
2018,재활의학과,S30,1159,2394,61789710,44852950
2018,재활의학과,S31,214,578,11931870,9569970
2018,재활의학과,S32,1308,5772,283597560,213405160
2018,재활의학과,S33,71019,242552,7371285620,5284276660
2018,재활의학과,S34,36,242,15696830,11437710
2018,재활의학과,S35,6,6,330780,234880
2018,재활의학과,S36,2,2,42920,30120
2018,재활의학과,S38,1,1,13340,11840
2018,재활의학과,S39,59,232,10404190,7600050
2018,재활의학과,S40,1044,2727,73570960,53553250
2018,재활의학과,S41,167,388,8125690,6094790
2018,재활의학과,S42,814,5027,138756820,102281170
2018,재활의학과,S43,19548,69844,1831283900,1315924420
2018,재활의학과,S44,396,1711,62829060,44857760
2018,재활의학과,S45,3,4,108680,78280
2018,재활의학과,S46,12104,58302,1655920150,1196356940
2018,재활의학과,S48,6,12,180220,133020
2018,재활의학과,S49,92,344,8474150,6071310
2018,재활의학과,S50,1702,3419,88313700,63684910
2018,재활의학과,S51,458,1326,29289470,21888870
2018,재활의학과,S52,2118,11859,345463330,253875000
2018,재활의학과,S53,10262,32366,763561630,546376470
2018,재활의학과,S54,378,1183,48097400,34251030
2018,재활의학과,S55,5,10,266430,189530
2018,재활의학과,S56,828,3249,78208360,55556220
2018,재활의학과,S57,5,22,735990,515890
2018,재활의학과,S58,32,58,821060,648960
2018,재활의학과,S59,50,117,3638710,2580510
2018,재활의학과,S60,6222,12035,348876500,248789200
2018,재활의학과,S61,4687,12200,285846900,206792280
2018,재활의학과,S62,3937,13818,424387240,303838250
2018,재활의학과,S63,41432,98304,2581167680,1837642050
2018,재활의학과,S64,241,730,32349940,23341040
2018,재활의학과,S65,39,138,4228160,3060380
2018,재활의학과,S66,2761,7641,197101870,140573820
2018,재활의학과,S67,76,143,3956900,2853400
2018,재활의학과,S68,48,151,3235920,2318720
2018,재활의학과,S69,314,780,24028510,16987410
2018,재활의학과,S70,1605,3449,86311680,62763830
2018,재활의학과,S71,209,498,10001700,7611100
2018,재활의학과,S72,301,1869,125395880,95184320
2018,재활의학과,S73,3661,10313,254253620,182951060
2018,재활의학과,S74,163,1210,48955770,34807870
2018,재활의학과,S75,7,21,1131310,840780
2018,재활의학과,S76,3227,11363,264874500,190544650
2018,재활의학과,S77,1,1,32060,22460
2018,재활의학과,S78,56,100,2441570,1811170
2018,재활의학과,S79,39,193,4877270,3496240
2018,재활의학과,S80,6466,14593,371313670,269705940
2018,재활의학과,S81,1404,4331,98493620,73161090
2018,재활의학과,S82,2120,11163,449242420,328642290
2018,재활의학과,S83,27002,91774,2254683850,1627048090
2018,재활의학과,S84,256,1114,47599470,33959370
2018,재활의학과,S85,18,85,2326260,1643860
2018,재활의학과,S86,3847,14907,348507460,250439050
2018,재활의학과,S87,58,151,5715470,4046170
2018,재활의학과,S88,87,158,2685970,2043370
2018,재활의학과,S89,147,442,11467560,8162060
2018,재활의학과,S90,5465,9637,265541460,189673460
2018,재활의학과,S91,1645,4068,93933100,68781310
2018,재활의학과,S92,4694,17444,640378680,459931710
2018,재활의학과,S93,59287,160171,4349551360,3101509320
2018,재활의학과,S94,114,257,13816430,9784580
2018,재활의학과,S95,6,12,337750,239450
2018,재활의학과,S96,2967,8807,222829820,159206590
2018,재활의학과,S97,23,41,1624510,1177330
2018,재활의학과,S98,12,25,376520,280120
2018,재활의학과,S99,457,1096,34642660,24576560
2018,재활의학과,T00,51,144,3684530,2655250
2018,재활의학과,T01,44,140,2804250,2231850
2018,재활의학과,T02,4,18,364790,258790
2018,재활의학과,T03,18,39,1038650,745050
2018,재활의학과,T04,1,7,126920,89420
2018,재활의학과,T06,2,23,1010550,708550
2018,재활의학과,T08,57,537,16528170,12434400
2018,재활의학과,T09,75,185,11993880,8917830
2018,재활의학과,T10,4,23,460150,331050
2018,재활의학과,T11,36,129,3158930,2315630
2018,재활의학과,T12,5,13,302770,222970
2018,재활의학과,T13,77,156,3110930,2280530
2018,재활의학과,T14,659,1532,33740220,24382520
2018,재활의학과,T15,2,2,48910,35910
2018,재활의학과,T16,14,20,460390,323090
2018,재활의학과,T17,21,24,461610,342010
2018,재활의학과,T18,9,11,247620,181520
2018,재활의학과,T20,26,61,1699620,1250020
2018,재활의학과,T21,39,134,4444790,3157590
2018,재활의학과,T22,146,497,16577360,11799660
2018,재활의학과,T23,320,868,31321520,22550120
2018,재활의학과,T24,139,595,18933510,13697610
2018,재활의학과,T25,109,468,16831950,12442450
2018,재활의학과,T26,1,1,19110,13410
2018,재활의학과,T29,2,3,70140,49140
2018,재활의학과,T30,139,429,11015800,8372600
2018,재활의학과,T31,9,91,2492780,1760680
2018,재활의학과,T33,19,27,537160,386960
2018,재활의학과,T35,4,4,70810,49810
2018,재활의학과,T56,1,1,10950,7750
2018,재활의학과,T63,2,2,34760,24360
2018,재활의학과,T67,14,15,245160,177760
2018,재활의학과,T69,1,1,15310,13810
2018,재활의학과,T73,32,61,1007420,777820
2018,재활의학과,T78,26,32,734720,540820
2018,재활의학과,T79,30,75,1756050,1245350
2018,재활의학과,T80,1,1,15310,10810
2018,재활의학과,T81,16,42,4104730,3124680
2018,재활의학과,T84,8,33,2853900,2174970
2018,재활의학과,T85,2,5,147930,113730
2018,재활의학과,T86,1,1,44150,30950
2018,재활의학과,T87,10,16,320340,244140
2018,재활의학과,T90,4,13,626360,553060
2018,재활의학과,T91,55,426,56351710,48099680
2018,재활의학과,T92,77,648,13497290,10526090
2018,재활의학과,T93,71,482,11404410,8325920
2018,재활의학과,T94,1,3,98940,69440
2018,재활의학과,T95,5,13,347930,244530
2018,재활의학과,Z00,25,26,669180,478480
2018,재활의학과,Z01,4,4,70620,51120
2018,재활의학과,Z02,4,4,45960,32260
2018,재활의학과,Z03,1,1,16200,12800
2018,재활의학과,Z04,34,53,1687130,1189530
2018,재활의학과,Z09,4,5,168810,124010
2018,재활의학과,Z11,4,5,105030,73830
2018,재활의학과,Z13,2,2,66700,46800
2018,재활의학과,Z20,3,3,45130,31630
2018,재활의학과,Z23,6,9,197080,138480
2018,재활의학과,Z25,50,82,1205820,905620
2018,재활의학과,Z26,19,24,323300,263200
2018,재활의학과,Z29,5,9,256000,181700
2018,재활의학과,Z30,1,1,22250,15650
2018,재활의학과,Z31,2,2,30620,21620
2018,재활의학과,Z32,1,1,15310,10810
2018,재활의학과,Z34,763,763,17585600,15655000
2018,재활의학과,Z35,1,1,19100,13400
2018,재활의학과,Z42,1,2,493390,367470
2018,재활의학과,Z47,30,215,3923660,3108660
2018,재활의학과,Z48,455,1067,20929040,15358740
2018,재활의학과,Z50,4,5,171510,123010
2018,재활의학과,Z54,104,713,11004580,8215480
2018,재활의학과,Z70,1,1,10950,7750
2018,재활의학과,Z71,152,161,2600110,1903110
2018,재활의학과,Z83,1,1,48050,33650
2018,재활의학과,Z88,1,1,12680,11680
2018,재활의학과,Z89,1,2,71810,71810
2018,재활의학과,Z92,2,2,92240,64640
2018,재활의학과,Z93,2,84,1128340,1000440
2018,재활의학과,Z94,6,27,561160,413860
2018,재활의학과,Z95,3,4,48160,39160
2018,재활의학과,Z96,48,292,6331310,5028810
2018,재활의학과,Z98,401,1787,33687930,24964620
2018,핵의학과,A09,3,3,60730,42730
2018,핵의학과,C07,1,2,26260,23260
2018,핵의학과,C15,1,1,723190,687090
2018,핵의학과,C16,7,7,5848130,5404930
2018,핵의학과,C18,9,9,7687810,7304110
2018,핵의학과,C20,4,5,4572500,4344200
2018,핵의학과,C21,1,1,919640,873740
2018,핵의학과,C22,2,2,1977920,1879120
2018,핵의학과,C25,2,2,1073590,1017290
2018,핵의학과,C33,1,1,920040,874040
2018,핵의학과,C34,8,8,8296290,7881990
2018,핵의학과,C50,718,953,419085740,392984840
2018,핵의학과,C53,9,24,5350170,5052870
2018,핵의학과,C54,6,6,4928890,4682790
2018,핵의학과,C56,7,9,8362340,7944740
2018,핵의학과,C64,1,1,919640,873740
2018,핵의학과,C73,408,1532,103111470,81088550
2018,핵의학과,C77,13,32,2802380,2408680
2018,핵의학과,C78,11,63,10131560,9163060
2018,핵의학과,C79,7,16,2073250,1754250
2018,핵의학과,C85,1,1,1090390,763290
2018,핵의학과,D05,165,192,80711340,75719640
2018,핵의학과,D18,1,1,15310,10810
2018,핵의학과,D37,1,1,723590,687490
2018,핵의학과,D39,1,1,919640,873740
2018,핵의학과,D48,1,1,723190,535790
2018,핵의학과,D50,1,1,106630,74730
2018,핵의학과,E03,22,61,2330300,1672500
2018,핵의학과,E04,27,44,2915080,2044680
2018,핵의학과,E05,6,48,2111770,1581670
2018,핵의학과,E06,25,62,2680670,1924570
2018,핵의학과,E07,1,1,17710,12410
2018,핵의학과,E11,2,7,160620,125820
2018,핵의학과,E20,1,2,25840,18240
2018,핵의학과,E89,1,1,10950,7750
2018,핵의학과,G43,7,7,107740,78640
2018,핵의학과,I10,16,59,1101490,787250
2018,핵의학과,I71,1,2,3090,1590
2018,핵의학과,J02,12,23,618330,434230
2018,핵의학과,J03,18,27,743690,523890
2018,핵의학과,J04,1,1,20010,14010
2018,핵의학과,J06,4,11,181480,127580
2018,핵의학과,J18,1,2,67420,47220
2018,핵의학과,J20,1,2,43580,30580
2018,핵의학과,J30,1,1,15310,13810
2018,핵의학과,J39,1,1,15310,10810
2018,핵의학과,J45,1,3,33570,23670
2018,핵의학과,K04,1,2,7070,5330
2018,핵의학과,K29,4,4,65640,46240
2018,핵의학과,K30,1,1,1970,470
2018,핵의학과,K52,1,1,15310,10810
2018,핵의학과,K58,1,1,10950,9450
2018,핵의학과,K59,1,1,22070,15470
2018,핵의학과,K76,1,1,120100,114100
2018,핵의학과,L03,1,4,75200,52700
2018,핵의학과,L08,1,27,396740,344440
2018,핵의학과,M54,3,4,60680,46580
2018,핵의학과,N30,1,1,18600,13100
2018,핵의학과,N63,1,1,15310,10810
2018,핵의학과,N94,1,1,20050,14050
2018,핵의학과,N95,5,12,232020,175520
2018,핵의학과,Z02,1,1,0,0
2018,핵의학과,Z10,2,2,0,0
2018,가정의학과,A01,1,10,118640,83740
2018,가정의학과,A02,17,53,715150,515450
2018,가정의학과,A04,21463,29471,577275070,421380940
2018,가정의학과,A05,3587,4985,88628820,64599520
2018,가정의학과,A06,9,10,132660,101660
2018,가정의학과,A07,4,5,74930,52630
2018,가정의학과,A08,19640,27829,421484890,311481490
2018,가정의학과,A09,150509,214967,3367964560,2483775460
2018,가정의학과,A15,39,356,4955850,4071050
2018,가정의학과,A16,21,185,2815300,2454100
2018,가정의학과,A18,3,12,172490,125290
2018,가정의학과,A19,1,1,15310,10810
2018,가정의학과,A26,9,21,311790,219290
2018,가정의학과,A28,3,3,57350,40250
2018,가정의학과,A30,1,2,26260,23260
2018,가정의학과,A31,21,175,1983240,1590340
2018,가정의학과,A35,27,27,1092820,766220
2018,가정의학과,A37,6,7,88040,69340
2018,가정의학과,A38,148,278,4011910,2982510
2018,가정의학과,A41,13,38,3696690,2916690
2018,가정의학과,A42,1,1,13050,11550
2018,가정의학과,A46,40,88,1403360,1049860
2018,가정의학과,A48,5,6,72450,51150
2018,가정의학과,A49,598,796,12972300,9410200
2018,가정의학과,A51,6,6,160900,113100
2018,가정의학과,A52,1,1,30020,21020
2018,가정의학과,A53,7,9,446640,345240
2018,가정의학과,A54,70,93,2349760,1746860
2018,가정의학과,A55,3,4,54250,38150
2018,가정의학과,A56,44,72,2682710,1886910
2018,가정의학과,A57,3,3,57330,40230
2018,가정의학과,A58,2,3,43960,33960
2018,가정의학과,A59,106,179,2765440,1976240
2018,가정의학과,A60,709,1239,17413770,13122970
2018,가정의학과,A63,23,35,1942530,1368630
2018,가정의학과,A64,39,63,3804640,2672540
2018,가정의학과,A66,2,2,30620,24620
2018,가정의학과,A69,583,778,11536380,8779580
2018,가정의학과,A71,1,1,15310,10810
2018,가정의학과,A74,9,16,284690,205690
2018,가정의학과,A75,49,96,2863920,2079420
2018,가정의학과,A77,1,4,46000,36400
2018,가정의학과,A79,7,15,302440,231240
2018,가정의학과,A83,1,1,15310,10810
2018,가정의학과,A87,21,28,508930,368030
2018,가정의학과,A88,67,115,1699660,1355460
2018,가정의학과,A89,1,1,10950,9450
2018,가정의학과,A92,1,2,30340,26940
2018,가정의학과,A93,3,3,45370,38770
2018,가정의학과,B00,29805,41608,614765770,456857270
2018,가정의학과,B01,2419,4743,64423710,47150220
2018,가정의학과,B02,23278,50200,794455960,599820010
2018,가정의학과,B05,11,13,377470,270670
2018,가정의학과,B06,9,10,296410,209110
2018,가정의학과,B07,2332,3907,143568310,102002910
2018,가정의학과,B08,5728,9481,159557330,122043530
2018,가정의학과,B09,167,249,3508680,2635880
2018,가정의학과,B15,14,19,706760,496060
2018,가정의학과,B16,100,105,6641280,4992980
2018,가정의학과,B17,540,814,40954590,28886890
2018,가정의학과,B18,2770,9051,425898370,303273070
2018,가정의학과,B19,42,69,2462740,1768140
2018,가정의학과,B26,381,633,10208910,7375510
2018,가정의학과,B27,2,2,23340,18040
2018,가정의학과,B30,1040,1381,21639200,16289300
2018,가정의학과,B33,313,433,6283830,4790730
2018,가정의학과,B34,463,892,12650760,9734260
2018,가정의학과,B35,65789,137029,1953320900,1467451480
2018,가정의학과,B36,1049,1431,21388010,15771310
2018,가정의학과,B37,2239,3268,47765570,36384670
2018,가정의학과,B43,100,154,4406520,3216320
2018,가정의학과,B44,2,18,209020,148620
2018,가정의학과,B46,1,1,15310,10810
2018,가정의학과,B47,4,4,57210,41710
2018,가정의학과,B48,62,85,1248810,942310
2018,가정의학과,B49,42,58,945980,709480
2018,가정의학과,B53,2,2,26260,18560
2018,가정의학과,B54,20,20,371740,263340
2018,가정의학과,B60,1,1,10950,9450
2018,가정의학과,B65,3,3,49730,35030
2018,가정의학과,B66,48,59,968680,708580
2018,가정의학과,B68,1,1,15310,10810
2018,가정의학과,B69,1,1,10950,7750
2018,가정의학과,B76,1,1,15310,13810
2018,가정의학과,B77,1,1,16040,11240
2018,가정의학과,B80,24,26,382310,288610
2018,가정의학과,B81,1,1,19110,13410
2018,가정의학과,B82,8,10,154100,112800
2018,가정의학과,B83,10,11,204880,156480
2018,가정의학과,B85,344,405,5702380,4220880
2018,가정의학과,B86,473,543,7480190,5613690
2018,가정의학과,B88,195,288,13078820,9348020
2018,가정의학과,B89,10,11,170230,132130
2018,가정의학과,B90,6,6,87380,66480
2018,가정의학과,B94,1,1,26870,18870
2018,가정의학과,B98,48,64,1035190,746190
2018,가정의학과,B99,1,1,15310,10810
2018,가정의학과,C00,3,5,291280,274180
2018,가정의학과,C01,2,17,224800,214300
2018,가정의학과,C02,3,6,104310,99410
2018,가정의학과,C03,1,20,352560,334960
2018,가정의학과,C05,2,5,146190,134790
2018,가정의학과,C06,3,12,185730,176930
2018,가정의학과,C08,3,19,117130,99930
2018,가정의학과,C09,8,101,2020700,1922800
2018,가정의학과,C10,2,68,1240330,1180030
2018,가정의학과,C11,9,71,1700840,1618340
2018,가정의학과,C13,1,11,195570,186070
2018,가정의학과,C14,2,26,398180,374380
2018,가정의학과,C15,51,211,5647960,5363260
2018,가정의학과,C16,460,2548,55102170,51785970
2018,가정의학과,C17,15,80,1700510,1610810
2018,가정의학과,C18,222,1674,35709550,33835450
2018,가정의학과,C19,16,128,2383940,2258340
2018,가정의학과,C20,116,896,21491390,20363890
2018,가정의학과,C21,3,8,252110,239910
2018,가정의학과,C22,200,1300,31536120,29591930
2018,가정의학과,C23,21,63,1597580,1500880
2018,가정의학과,C24,51,395,9398260,8932960
2018,가정의학과,C25,120,1032,20432200,19207000
2018,가정의학과,C26,15,82,1359110,1257110
2018,가정의학과,C30,1,1,15310,14610
2018,가정의학과,C31,3,69,1632810,1554810
2018,가정의학과,C32,10,119,2555760,2391360
2018,가정의학과,C34,361,3476,73896500,69986100
2018,가정의학과,C37,8,85,1814190,1728190
2018,가정의학과,C39,6,10,153870,144970
2018,가정의학과,C40,2,4,52520,50120
2018,가정의학과,C41,3,7,148650,124550
2018,가정의학과,C43,17,75,2021700,1910400
2018,가정의학과,C44,49,324,5690110,5357210
2018,가정의학과,C45,1,1,49920,47520
2018,가정의학과,C46,3,5,209840,187140
2018,가정의학과,C47,1,1,19050,18150
2018,가정의학과,C48,10,110,2171400,2066900
2018,가정의학과,C49,13,172,3394100,3232300
2018,가정의학과,C50,461,4190,93859780,88594640
2018,가정의학과,C52,1,2,32030,30530
2018,가정의학과,C53,55,369,8713260,8291360
2018,가정의학과,C54,27,317,6805660,6474160
2018,가정의학과,C55,11,47,653450,623050
2018,가정의학과,C56,62,799,17110300,16222100
2018,가정의학과,C57,17,119,1968150,1864150
2018,가정의학과,C61,209,1444,37553850,35220250
2018,가정의학과,C62,1,6,300840,286040
2018,가정의학과,C64,52,579,15385990,14618990
2018,가정의학과,C65,7,130,2566160,2443760
2018,가정의학과,C66,7,42,851590,810990
2018,가정의학과,C67,67,436,8851100,8329600
2018,가정의학과,C69,2,17,493060,468960
2018,가정의학과,C70,4,36,516750,492650
2018,가정의학과,C71,47,411,8815860,8372960
2018,가정의학과,C72,8,33,506870,479870
2018,가정의학과,C73,353,1607,43517440,39660380
2018,가정의학과,C74,1,4,48160,45960
2018,가정의학과,C75,6,30,352060,313960
2018,가정의학과,C76,7,20,282910,258110
2018,가정의학과,C77,15,34,783760,697660
2018,가정의학과,C78,37,230,4705640,4464840
2018,가정의학과,C79,15,103,3148850,2990850
2018,가정의학과,C80,17,97,1866470,1737970
2018,가정의학과,C81,7,9,476960,452660
2018,가정의학과,C82,7,34,1129870,1095670
2018,가정의학과,C83,17,62,1405530,1332430
2018,가정의학과,C84,4,32,515020,483520
2018,가정의학과,C85,29,220,4266900,4027200
2018,가정의학과,C88,1,3,34720,33120
2018,가정의학과,C90,20,102,1734020,1646920
2018,가정의학과,C91,12,135,3138950,2969850
2018,가정의학과,C92,31,267,5583920,5288120
2018,가정의학과,C93,1,7,116110,110610
2018,가정의학과,C94,5,36,618220,586620
2018,가정의학과,C95,11,77,2032100,1883800
2018,가정의학과,C96,7,28,494690,462790
2018,가정의학과,D00,4,33,637830,606930
2018,가정의학과,D01,19,286,5434900,5115200
2018,가정의학과,D02,5,8,134820,120820
2018,가정의학과,D03,10,10,268790,207690
2018,가정의학과,D04,11,41,640110,592910
2018,가정의학과,D05,27,371,6329960,5992860
2018,가정의학과,D06,16,96,1801460,1727560
2018,가정의학과,D07,5,52,818970,758970
2018,가정의학과,D09,11,34,639890,560090
2018,가정의학과,D10,63,74,2106700,1515400
2018,가정의학과,D11,29,34,525590,392590
2018,가정의학과,D12,552,697,165526160,116459760
2018,가정의학과,D13,128,198,14645330,10462630
2018,가정의학과,D14,33,38,666210,500810
2018,가정의학과,D15,7,11,159840,118740
2018,가정의학과,D16,18,20,434880,324380
2018,가정의학과,D17,1513,2960,137654800,98765400
2018,가정의학과,D18,111,129,4389850,3137550
2018,가정의학과,D19,1,2,28650,25650
2018,가정의학과,D20,1,1,10950,7750
2018,가정의학과,D21,448,1064,42510280,31043980
2018,가정의학과,D22,44,53,1060000,793300
2018,가정의학과,D23,1522,2896,132506540,95569740
2018,가정의학과,D24,192,233,6604130,4742330
2018,가정의학과,D25,78,109,2000780,1428680
2018,가정의학과,D26,13,15,312900,220200
2018,가정의학과,D27,18,21,577760,414060
2018,가정의학과,D28,5,6,127120,95320
2018,가정의학과,D29,61,162,2349270,1881670
2018,가정의학과,D30,29,36,1690500,1251000
2018,가정의학과,D31,2,3,45930,38430
2018,가정의학과,D32,25,108,5103530,4834730
2018,가정의학과,D33,25,122,2340200,2181800
2018,가정의학과,D34,346,422,12911430,9252730
2018,가정의학과,D35,26,70,1720110,1391010
2018,가정의학과,D36,137,233,12579590,8908790
2018,가정의학과,D37,39,69,2658140,2272740
2018,가정의학과,D38,13,17,242340,212240
2018,가정의학과,D39,1,10,585480,556880
2018,가정의학과,D40,2,10,131200,122100
2018,가정의학과,D41,9,16,460050,372650
2018,가정의학과,D43,7,11,133920,118120
2018,가정의학과,D44,66,177,3400790,2669390
2018,가정의학과,D45,3,4,53550,48350
2018,가정의학과,D46,4,123,2667890,2543390
2018,가정의학과,D47,12,24,687110,577710
2018,가정의학과,D48,33,36,657640,517840
2018,가정의학과,D50,11861,22020,608828550,436351650
2018,가정의학과,D51,137,386,5818180,4665880
2018,가정의학과,D52,49,97,1789810,1358110
2018,가정의학과,D53,66,133,2921560,2132960
2018,가정의학과,D55,1,8,146890,117590
2018,가정의학과,D56,2,4,197620,174220
2018,가정의학과,D58,1,49,536550,379750
2018,가정의학과,D59,2,12,167030,139930
2018,가정의학과,D60,1,2,39630,35830
2018,가정의학과,D61,14,22,704860,610460
2018,가정의학과,D62,3,3,29230,22430
2018,가정의학과,D63,25,101,1403010,1121910
2018,가정의학과,D64,4445,6310,276118640,197491940
2018,가정의학과,D66,6,104,1203370,1087370
2018,가정의학과,D67,1,2,169760,121160
2018,가정의학과,D68,16,163,1818310,1507010
2018,가정의학과,D69,429,687,14679350,10908050
2018,가정의학과,D70,7,12,163670,133870
2018,가정의학과,D71,1,6,86800,61000
2018,가정의학과,D72,182,262,7071460,5095860
2018,가정의학과,D73,4,5,182920,128320
2018,가정의학과,D75,32,54,1960090,1425090
2018,가정의학과,D80,2,17,5630690,5060290
2018,가정의학과,D84,2,3,69030,48530
2018,가정의학과,D86,2,10,329050,296850
2018,가정의학과,D89,3,3,41570,29370
2018,가정의학과,E00,3,8,101810,71910
2018,가정의학과,E01,5,8,436250,305650
2018,가정의학과,E02,43,124,3478850,2555850
2018,가정의학과,E03,12167,42171,1159191160,835131160
2018,가정의학과,E04,559,907,28683250,20521450
2018,가정의학과,E05,3279,11760,373690210,266981810
2018,가정의학과,E06,466,1177,39859920,28354620
2018,가정의학과,E07,2659,3765,203003050,143610950
2018,가정의학과,E10,1194,5576,105899810,81002540
2018,가정의학과,E11,86542,612728,12057574910,9406564120
2018,가정의학과,E12,23,88,2500240,1947040
2018,가정의학과,E13,1580,7808,155405150,119358950
2018,가정의학과,E14,7820,41213,871679230,661237630
2018,가정의학과,E16,423,716,11818490,9496690
2018,가정의학과,E20,11,32,615120,435820
2018,가정의학과,E21,11,20,641530,458430
2018,가정의학과,E22,63,160,4614450,3357350
2018,가정의학과,E23,63,378,5898520,4324520
2018,가정의학과,E24,18,79,3210000,2808000
2018,가정의학과,E25,2,2,30620,21620
2018,가정의학과,E26,1,2,30060,21160
2018,가정의학과,E27,183,542,20095680,14735380
2018,가정의학과,E28,69,244,3601290,2555990
2018,가정의학과,E29,52,152,3717990,2805790
2018,가정의학과,E30,350,1117,16224880,11497080
2018,가정의학과,E34,178,250,3560040,2627440
2018,가정의학과,E35,15,26,802530,574930
2018,가정의학과,E41,38,94,1210960,1044660
2018,가정의학과,E44,47,50,828540,602040
2018,가정의학과,E45,1,1,48550,47550
2018,가정의학과,E46,92,162,4706140,3542540
2018,가정의학과,E50,810,1512,28324860,21711960
2018,가정의학과,E51,4,5,61500,51500
2018,가정의학과,E53,93,155,2142320,1608620
2018,가정의학과,E54,17,17,217420,155320
2018,가정의학과,E55,5266,7969,150523830,108920530
2018,가정의학과,E56,66,117,2693970,2031670
2018,가정의학과,E58,117,255,3426060,2698160
2018,가정의학과,E61,236,314,5390700,4103300
2018,가정의학과,E63,231,356,11184570,8977370
2018,가정의학과,E64,8,8,233030,167730
2018,가정의학과,E65,6,7,107350,86250
2018,가정의학과,E66,434,748,10583400,7488500
2018,가정의학과,E67,2,2,59460,43460
2018,가정의학과,E70,1,1,15310,10810
2018,가정의학과,E71,2,3,106350,74650
2018,가정의학과,E73,3,3,42300,33600
2018,가정의학과,E74,28,34,505920,379620
2018,가정의학과,E75,20,33,994310,737110
2018,가정의학과,E78,60824,206023,3916014130,2878375320
2018,가정의학과,E79,232,414,8308850,5998450
2018,가정의학과,E80,23,34,617280,446680
2018,가정의학과,E83,652,1310,21984210,16482810
2018,가정의학과,E84,3,52,728090,658790
2018,가정의학과,E85,2,2,30060,26660
2018,가정의학과,E86,1686,2389,50241900,38369490
2018,가정의학과,E87,989,2220,110744160,88013060
2018,가정의학과,E88,52,85,2668220,2001120
2018,가정의학과,E89,230,734,13297760,9774960
2018,가정의학과,E90,1,1,15310,10810
2018,가정의학과,F00,4896,30987,432140930,342806230
2018,가정의학과,F01,692,4107,92026780,75155080
2018,가정의학과,F02,61,159,2657100,2045900
2018,가정의학과,F03,427,1595,62662490,51109490
2018,가정의학과,F04,1,3,41010,28910
2018,가정의학과,F05,26,53,1330180,1075380
2018,가정의학과,F06,8793,25075,369596570,308775470
2018,가정의학과,F07,83,367,3740360,3088960
2018,가정의학과,F09,18,58,687350,567750
2018,가정의학과,F10,108,172,2970950,2260550
2018,가정의학과,F13,1,2,28060,25060
2018,가정의학과,F17,115,239,3221330,2340430
2018,가정의학과,F18,2,2,26810,19910
2018,가정의학과,F19,1,1,19110,13410
2018,가정의학과,F20,109,482,4785310,3939010
2018,가정의학과,F21,4,18,244810,211610
2018,가정의학과,F22,6,6,82020,63920
2018,가정의학과,F23,18,70,759840,616140
2018,가정의학과,F25,4,9,118460,87260
2018,가정의학과,F29,4,16,112100,91700
2018,가정의학과,F30,13,39,485890,375990
2018,가정의학과,F31,284,1274,8642360,6733260
2018,가정의학과,F32,4150,12346,173380820,135124430
2018,가정의학과,F33,482,1501,18580530,14671830
2018,가정의학과,F34,193,480,7838730,6090730
2018,가정의학과,F38,312,604,8740860,6791360
2018,가정의학과,F39,350,746,11034990,8483590
2018,가정의학과,F40,367,823,10458190,7970990
2018,가정의학과,F41,14311,35939,509946580,397354080
2018,가정의학과,F42,26,54,808590,587790
2018,가정의학과,F43,1027,1773,26562370,19863670
2018,가정의학과,F44,2,2,21920,15520
2018,가정의학과,F45,1927,3528,61123740,46247640
2018,가정의학과,F48,1787,3289,69348770,51986070
2018,가정의학과,F50,248,745,40260930,32174530
2018,가정의학과,F51,14003,41937,556487060,430762060
2018,가정의학과,F52,37,42,473920,366220
2018,가정의학과,F53,1,1,15310,10810
2018,가정의학과,F54,59,122,1812060,1374660
2018,가정의학과,F55,2,3,27370,19870
2018,가정의학과,F59,11,16,282030,198630
2018,가정의학과,F60,2,3,48560,38360
2018,가정의학과,F63,8,26,321200,225600
2018,가정의학과,F64,2,38,448350,315850
2018,가정의학과,F66,15,24,347540,244840
2018,가정의학과,F68,2,2,34420,24220
2018,가정의학과,F70,1,1,15310,10810
2018,가정의학과,F79,3,4,56460,39860
2018,가정의학과,F80,63,68,1023770,810470
2018,가정의학과,F81,2,2,26260,18560
2018,가정의학과,F82,2,2,17530,13930
2018,가정의학과,F84,21,44,592510,461810
2018,가정의학과,F88,3,4,56590,46790
2018,가정의학과,F89,12,13,191920,144020
2018,가정의학과,F90,59,140,2096540,1501640
2018,가정의학과,F91,5,5,76880,60780
2018,가정의학과,F92,36,130,1641060,1379160
2018,가정의학과,F93,7,7,98220,71220
2018,가정의학과,F94,1,1,15310,10810
2018,가정의학과,F95,77,94,1480800,1084300
2018,가정의학과,F98,53,86,1449530,1060130
2018,가정의학과,G00,2,3,60540,42540
2018,가정의학과,G03,33,37,646240,469240
2018,가정의학과,G04,6,6,104160,73260
2018,가정의학과,G05,19,33,866120,643160
2018,가정의학과,G06,2,3,41570,29370
2018,가정의학과,G09,1,1,15310,10810
2018,가정의학과,G11,10,47,1096720,985620
2018,가정의학과,G12,9,82,1089120,984020
2018,가정의학과,G13,2,3,41410,33910
2018,가정의학과,G14,3,3,54840,44440
2018,가정의학과,G20,477,2931,90308450,79267950
2018,가정의학과,G21,57,180,2313300,1939900
2018,가정의학과,G22,40,98,1440120,1214020
2018,가정의학과,G23,63,245,4126560,3729260
2018,가정의학과,G24,597,761,11991090,8935390
2018,가정의학과,G25,1574,3717,55133400,43622200
2018,가정의학과,G26,1,3,33950,29450
2018,가정의학과,G30,242,860,14624920,11706420
2018,가정의학과,G31,8341,23354,341058050,281812050
2018,가정의학과,G32,14,36,668720,509120
2018,가정의학과,G35,12,50,1031290,913990
2018,가정의학과,G37,4,5,63900,51300
2018,가정의학과,G40,481,1844,22313630,17597030
2018,가정의학과,G41,144,363,5358060,4252560
2018,가정의학과,G43,16440,32720,522617460,381141560
2018,가정의학과,G44,14312,22297,495707930,364910300
2018,가정의학과,G45,249,731,10606930,8653230
2018,가정의학과,G46,47,196,2973410,2480510
2018,가정의학과,G47,31062,92751,1255537510,963007310
2018,가정의학과,G50,1311,2367,38477250,29677550
2018,가정의학과,G51,484,939,16631810,12483110
2018,가정의학과,G52,27,35,513600,386500
2018,가정의학과,G53,5192,15120,229401970,183013560
2018,가정의학과,G54,200,452,21490300,15643000
2018,가정의학과,G55,179,613,19811450,15414050
2018,가정의학과,G56,1732,3865,105708600,77282100
2018,가정의학과,G57,1241,2975,121896380,88548380
2018,가정의학과,G58,2062,4506,230905170,167807760
2018,가정의학과,G59,51,176,2940940,2335740
2018,가정의학과,G60,1,2,29450,24950
2018,가정의학과,G61,6,34,554150,474050
2018,가정의학과,G62,305,1004,15233120,12696920
2018,가정의학과,G63,518,1605,27874470,22160070
2018,가정의학과,G64,492,808,11535740,9258340
2018,가정의학과,G70,30,73,1138850,930350
2018,가정의학과,G71,12,33,1180190,1050090
2018,가정의학과,G72,5,6,158410,119410
2018,가정의학과,G73,3,3,45930,35430
2018,가정의학과,G80,19,65,938760,672460
2018,가정의학과,G81,31,150,11236010,8887210
2018,가정의학과,G82,9,19,709540,564740
2018,가정의학과,G83,13,18,252610,193310
2018,가정의학과,G90,563,866,19053240,14048340
2018,가정의학과,G91,19,40,1219980,976480
2018,가정의학과,G93,43,93,2625420,2055120
2018,가정의학과,G94,1,1,17470,13870
2018,가정의학과,G95,35,104,1827100,1530700
2018,가정의학과,G96,3,12,272330,201330
2018,가정의학과,G98,5,6,76440,67040
2018,가정의학과,G99,104,171,2358300,1810800
2018,가정의학과,H00,14051,17757,281049920,203701720
2018,가정의학과,H01,3877,4621,67649530,50685030
2018,가정의학과,H02,431,820,18112610,14377110
2018,가정의학과,H03,39,47,856710,639010
2018,가정의학과,H04,9278,14872,206691800,159227800
2018,가정의학과,H05,161,212,3228290,2419290
2018,가정의학과,H06,4,7,230870,161970
2018,가정의학과,H10,41407,56654,833891210,630651710
2018,가정의학과,H11,2382,3496,49792910,38001110
2018,가정의학과,H13,35,47,606480,483480
2018,가정의학과,H15,54,89,1603760,1250360
2018,가정의학과,H16,2987,4080,59017920,45618420
2018,가정의학과,H17,3,3,41570,34570
2018,가정의학과,H18,22,34,447770,356170
2018,가정의학과,H19,238,332,4983640,3838440
2018,가정의학과,H20,31,65,1463880,1045780
2018,가정의학과,H21,4,5,70920,53420
2018,가정의학과,H22,2,2,30060,22860
2018,가정의학과,H25,1350,2732,38061620,32516820
2018,가정의학과,H26,222,422,5705750,4829550
2018,가정의학과,H27,4,4,56320,42720
2018,가정의학과,H28,17,21,277440,227440
2018,가정의학과,H30,6,12,180230,136930
2018,가정의학과,H31,1,1,10950,7750
2018,가정의학과,H32,2,2,30950,25250
2018,가정의학과,H33,6,18,230800,163000
2018,가정의학과,H34,37,73,1166300,946700
2018,가정의학과,H35,100,230,4057600,3389400
2018,가정의학과,H36,400,1169,17132420,14052420
2018,가정의학과,H40,704,1593,21022000,17299200
2018,가정의학과,H42,29,85,1096500,917200
2018,가정의학과,H43,8,10,236080,173180
2018,가정의학과,H44,15,32,466380,365880
2018,가정의학과,H45,1,1,17470,13870
2018,가정의학과,H46,1,3,35240,24840
2018,가정의학과,H47,8,8,128880,98480
2018,가정의학과,H48,1,1,19110,13410
2018,가정의학과,H49,3,4,52520,43520
2018,가정의학과,H50,27,31,483350,379550
2018,가정의학과,H51,2,2,32750,27750
2018,가정의학과,H52,25,28,399110,305910
2018,가정의학과,H53,174,222,14160000,10028900
2018,가정의학과,H54,45,47,692630,531930
2018,가정의학과,H55,1,1,15310,10810
2018,가정의학과,H57,132,177,2974960,2204160
2018,가정의학과,H59,2,2,27970,19770
2018,가정의학과,H60,16903,25414,387721000,287947300
2018,가정의학과,H61,2073,2549,63223880,46523180
2018,가정의학과,H62,265,462,7405390,5727490
2018,가정의학과,H65,10509,27283,386093310,292373710
2018,가정의학과,H66,30075,74207,1035902880,791892580
2018,가정의학과,H67,158,291,4053740,3091440
2018,가정의학과,H68,391,515,8536720,6187820
2018,가정의학과,H69,337,427,5977800,4444100
2018,가정의학과,H70,30,46,710670,526270
2018,가정의학과,H71,7,16,232760,182960
2018,가정의학과,H72,106,141,2353450,1746250
2018,가정의학과,H73,833,1515,26621070,19909570
2018,가정의학과,H74,5,11,160740,140240
2018,가정의학과,H80,1,1,25750,18050
2018,가정의학과,H81,22216,38750,614381970,479757210
2018,가정의학과,H82,392,651,10241740,7953340
2018,가정의학과,H83,96,138,2139250,1643150
2018,가정의학과,H90,117,137,3669220,2759520
2018,가정의학과,H91,320,370,6145880,4839080
2018,가정의학과,H92,722,815,12147780,9010780
2018,가정의학과,H93,1928,3129,48110930,37108930
2018,가정의학과,I00,12,90,1629320,1169220
2018,가정의학과,I01,2,5,55300,39000
2018,가정의학과,I05,12,39,429970,308570
2018,가정의학과,I08,20,58,1471520,1073320
2018,가정의학과,I09,2,2,29830,23830
2018,가정의학과,I10,274944,1936953,31733713710,24977783300
2018,가정의학과,I11,3076,20781,358036190,289394290
2018,가정의학과,I12,158,579,11810110,9262810
2018,가정의학과,I13,625,4333,84575700,68314700
2018,가정의학과,I15,90,421,6942850,5502250
2018,가정의학과,I20,3488,9818,186573610,147437210
2018,가정의학과,I21,146,435,9153720,7229620
2018,가정의학과,I22,12,60,1370510,1043810
2018,가정의학과,I23,15,49,822930,710130
2018,가정의학과,I24,67,182,2925750,2371150
2018,가정의학과,I25,456,1684,31264700,24575300
2018,가정의학과,I26,12,94,847280,706280
2018,가정의학과,I27,6,30,395190,335290
2018,가정의학과,I28,1,1,10950,7750
2018,가정의학과,I30,1,16,2553510,2043210
2018,가정의학과,I31,5,19,247380,210780
2018,가정의학과,I33,1,1,10950,9450
2018,가정의학과,I34,17,31,1106050,811150
2018,가정의학과,I35,21,63,2169420,1623520
2018,가정의학과,I36,1,1,12060,10560
2018,가정의학과,I37,1,1,15310,10810
2018,가정의학과,I38,1,1,15310,10810
2018,가정의학과,I39,8,16,444730,338430
2018,가정의학과,I42,27,97,3130540,2795840
2018,가정의학과,I44,207,285,7306040,5380240
2018,가정의학과,I45,236,378,9527070,7235070
2018,가정의학과,I47,569,960,18918670,13989270
2018,가정의학과,I48,424,1232,23522110,18576410
2018,가정의학과,I49,1932,3217,67777030,50973530
2018,가정의학과,I50,959,2838,50871220,41331120
2018,가정의학과,I51,248,449,10809800,8323600
2018,가정의학과,I60,11,31,344730,261330
2018,가정의학과,I61,29,131,3414780,2731980
2018,가정의학과,I62,1,1,10950,7750
2018,가정의학과,I63,1367,5484,92842010,76116310
2018,가정의학과,I64,47,189,3310530,2706330
2018,가정의학과,I65,398,1334,36656700,27132600
2018,가정의학과,I66,30,141,2224140,1765040
2018,가정의학과,I67,909,2540,37809740,31208940
2018,가정의학과,I68,136,756,13717430,11326430
2018,가정의학과,I69,703,2290,51356960,41675140
2018,가정의학과,I70,955,2119,35485100,27572760
2018,가정의학과,I71,26,45,1168440,898540
2018,가정의학과,I72,8,15,281390,223590
2018,가정의학과,I73,10076,20711,307353350,240678750
2018,가정의학과,I74,236,762,11282710,8971510
2018,가정의학과,I77,7,9,123560,94260
2018,가정의학과,I78,113,226,2797610,2176010
2018,가정의학과,I79,34,68,1010180,801180
2018,가정의학과,I80,311,578,8865840,6893540
2018,가정의학과,I82,67,127,1752630,1367730
2018,가정의학과,I83,1296,2706,37986240,29339540
2018,가정의학과,I85,3,3,37210,29710
2018,가정의학과,I86,44,72,966700,756300
2018,가정의학과,I87,4585,10465,141971380,106473280
2018,가정의학과,I88,679,885,13198770,9609270
2018,가정의학과,I89,895,1645,24234380,18406380
2018,가정의학과,I95,814,1009,19782330,14728030
2018,가정의학과,I97,8,18,264220,208320
2018,가정의학과,I98,12,14,312770,229670
2018,가정의학과,I99,46,152,2358390,1924190
2018,가정의학과,J00,149332,270798,4022292290,3003883700
2018,가정의학과,J01,76268,158416,2237575680,1664394340
2018,가정의학과,J02,175402,320266,4745925520,3510379280
2018,가정의학과,J03,227118,440681,6556697130,4843179530
2018,가정의학과,J04,72658,133532,2020727330,1508093020
2018,가정의학과,J05,311,518,7983600,6182600
2018,가정의학과,J06,198576,354886,5273531750,3927890190
2018,가정의학과,J09,6522,10774,160413480,115354080
2018,가정의학과,J10,47909,69620,1032258390,746684330
2018,가정의학과,J11,41586,60671,905015960,657698050
2018,가정의학과,J12,207,321,4454030,3353130
2018,가정의학과,J13,3,5,69260,48860
2018,가정의학과,J14,3,3,47310,33310
2018,가정의학과,J15,7411,16044,314872070,240217850
2018,가정의학과,J16,1055,3375,50406050,41571750
2018,가정의학과,J17,22,38,660370,516570
2018,가정의학과,J18,16796,32908,528158080,403010470
2018,가정의학과,J20,826643,1966643,28716663760,21487215640
2018,가정의학과,J21,44900,112336,1739715080,1298537770
2018,가정의학과,J22,44732,89186,1300692860,970651330
2018,가정의학과,J30,239933,482634,7098485600,5286976650
2018,가정의학과,J31,6685,12693,183217590,135070390
2018,가정의학과,J32,15945,35867,492852860,365965860
2018,가정의학과,J33,40,88,1484050,1087250
2018,가정의학과,J34,1775,2547,38661570,28521770
2018,가정의학과,J35,8786,16329,234297390,172353990
2018,가정의학과,J36,28272,48160,720121060,528826760
2018,가정의학과,J37,484,765,11008240,8435540
2018,가정의학과,J38,190,267,6068560,4355960
2018,가정의학과,J39,16758,34435,519335000,380046000
2018,가정의학과,J40,61565,121058,1818754470,1367930470
2018,가정의학과,J41,9296,18640,271194370,210050220
2018,가정의학과,J42,7936,18409,268342370,214508270
2018,가정의학과,J43,48,175,2511300,2123800
2018,가정의학과,J44,1746,5332,82455670,67907490
2018,가정의학과,J45,36853,98569,1555778130,1210261500
2018,가정의학과,J46,499,1884,29233580,23148980
2018,가정의학과,J47,326,1028,13979880,11071680
2018,가정의학과,J60,2,7,147590,113390
2018,가정의학과,J62,1,1,15310,13810
2018,가정의학과,J64,17,52,1044650,864150
2018,가정의학과,J68,5,6,151510,107910
2018,가정의학과,J69,3,3,140880,111180
2018,가정의학과,J70,1,1,10950,9450
2018,가정의학과,J80,4,4,79470,58870
2018,가정의학과,J81,10,31,1476740,1227140
2018,가정의학과,J82,6,13,404830,283930
2018,가정의학과,J84,45,120,2482280,2071280
2018,가정의학과,J85,1,1,15310,10810
2018,가정의학과,J90,33,45,1121690,836890
2018,가정의학과,J91,1,1,24580,19680
2018,가정의학과,J93,111,140,2892170,2095170
2018,가정의학과,J94,3,5,104660,77360
2018,가정의학과,J95,1,1,15310,10810
2018,가정의학과,J96,3,3,57640,42240
2018,가정의학과,J98,184,234,4924550,3717250
2018,가정의학과,K00,2,2,28420,23820
2018,가정의학과,K01,6,6,101410,71310
2018,가정의학과,K02,11,14,205380,157080
2018,가정의학과,K03,3,5,64690,49790
2018,가정의학과,K04,327,633,9364370,7412870
2018,가정의학과,K05,4562,7128,99969180,78827880
2018,가정의학과,K06,15,18,284610,205310
2018,가정의학과,K07,850,1293,20965240,15783940
2018,가정의학과,K08,115,145,2012650,1534850
2018,가정의학과,K09,15,15,293130,220430
2018,가정의학과,K10,38,71,1161960,902160
2018,가정의학과,K11,942,1273,21429240,15678640
2018,가정의학과,K12,16744,24567,372370090,282449790
2018,가정의학과,K13,694,994,15772860,12104660
2018,가정의학과,K14,1197,1746,27999880,21493580
2018,가정의학과,K20,331,593,9262010,6961310
2018,가정의학과,K21,99803,192741,3144202960,2356080950
2018,가정의학과,K22,231,569,14985060,10897960
2018,가정의학과,K23,1,7,90210,63610
2018,가정의학과,K25,17599,35923,716870440,534405920
2018,가정의학과,K26,2131,3858,79972740,57986240
2018,가정의학과,K27,17383,31811,477504900,358271900
2018,가정의학과,K28,17,31,425000,325500
2018,가정의학과,K29,191624,322800,5111358290,3828978510
2018,가정의학과,K30,19788,28064,415306150,313762350
2018,가정의학과,K31,4896,7065,115197190,86714090
2018,가정의학과,K35,618,642,11098010,7985650
2018,가정의학과,K36,59,64,978860,713460
2018,가정의학과,K37,242,252,4024320,2887320
2018,가정의학과,K38,60,61,920750,670250
2018,가정의학과,K40,205,233,3355910,2737610
2018,가정의학과,K41,6,6,95660,76460
2018,가정의학과,K42,31,49,729550,563950
2018,가정의학과,K43,23,24,326080,258180
2018,가정의학과,K45,13,17,260080,209980
2018,가정의학과,K46,36,38,559550,446950
2018,가정의학과,K50,40,170,3295320,2782320
2018,가정의학과,K51,86,260,5165420,4379820
2018,가정의학과,K52,67208,94221,1535050510,1133367110
2018,가정의학과,K55,4,15,202300,171700
2018,가정의학과,K56,235,311,5701190,4318790
2018,가정의학과,K57,107,163,6523160,4702540
2018,가정의학과,K58,43105,66115,1123609980,844301540
2018,가정의학과,K59,47734,77536,1145943410,879200810
2018,가정의학과,K60,151,228,3660020,2811120
2018,가정의학과,K61,194,368,5905780,4510180
2018,가정의학과,K62,254,312,15460430,11131030
2018,가정의학과,K63,1397,1913,275761510,195075310
2018,가정의학과,K64,3267,5156,92125400,69521800
2018,가정의학과,K65,27,38,676380,496480
2018,가정의학과,K70,1826,3653,102113680,73325540
2018,가정의학과,K71,1389,2665,66990150,48138350
2018,가정의학과,K72,84,159,4807690,3431990
2018,가정의학과,K73,3088,6696,166844270,120471970
2018,가정의학과,K74,272,722,17666920,13238520
2018,가정의학과,K75,5413,10276,300194880,214925480
2018,가정의학과,K76,14505,23952,884229700,630067870
2018,가정의학과,K77,133,174,5590610,3941210
2018,가정의학과,K80,802,1656,46109740,33982700
2018,가정의학과,K81,188,242,9338970,6966770
2018,가정의학과,K82,235,316,21708150,15579450
2018,가정의학과,K83,229,316,7984660,6066060
2018,가정의학과,K85,166,312,8438690,6086940
2018,가정의학과,K86,194,463,13691210,9979270
2018,가정의학과,K87,33,35,2199380,1597380
2018,가정의학과,K90,168,252,3958520,3025220
2018,가정의학과,K91,35,123,2180850,1687250
2018,가정의학과,K92,439,555,13674480,10177480
2018,가정의학과,K93,342,393,6409160,4767260
2018,가정의학과,L00,4,4,66160,54160
2018,가정의학과,L01,8885,14046,223050870,168586070
2018,가정의학과,L02,36798,75690,1345122100,1012887100
2018,가정의학과,L03,51959,90169,1517648450,1144398690
2018,가정의학과,L04,16038,27024,400938910,291387810
2018,가정의학과,L05,217,368,7371600,5377600
2018,가정의학과,L08,12712,19984,353439170,263743170
2018,가정의학과,L10,23,47,689160,541160
2018,가정의학과,L11,9,9,145240,103040
2018,가정의학과,L12,5,5,79900,67300
2018,가정의학과,L13,353,534,8226160,6104860
2018,가정의학과,L14,1,1,15330,10830
2018,가정의학과,L20,15718,28164,451811260,335617030
2018,가정의학과,L21,12975,20765,303212190,232396590
2018,가정의학과,L22,178,205,2960300,2333400
2018,가정의학과,L23,125438,213793,3240411650,2478958060
2018,가정의학과,L24,18811,30503,453394870,349235570
2018,가정의학과,L25,18494,30122,452132870,345882260
2018,가정의학과,L26,17,20,293340,215940
2018,가정의학과,L27,1195,1741,58647800,42080700
2018,가정의학과,L28,3611,5917,92277220,70071220
2018,가정의학과,L29,4804,7964,118222130,92585530
2018,가정의학과,L30,28505,44501,678497570,515308570
2018,가정의학과,L40,2033,4525,74024880,56244580
2018,가정의학과,L41,40,71,1130010,885210
2018,가정의학과,L42,179,278,4213730,3024030
2018,가정의학과,L43,75,127,2001460,1485560
2018,가정의학과,L44,12,14,213140,157340
2018,가정의학과,L50,81286,143705,2428330340,1832407660
2018,가정의학과,L51,145,210,3232450,2514650
2018,가정의학과,L52,34,56,950120,675020
2018,가정의학과,L53,94,114,1745100,1330400
2018,가정의학과,L54,1,1,15310,13810
2018,가정의학과,L55,112,157,3172570,2259870
2018,가정의학과,L56,52,69,1036360,757460
2018,가정의학과,L57,89,99,1585250,1243350
2018,가정의학과,L58,1,1,15310,10810
2018,가정의학과,L59,8,8,240660,169960
2018,가정의학과,L60,3911,8519,201529550,148198350
2018,가정의학과,L62,4,4,65040,45840
2018,가정의학과,L63,1065,2939,82243500,57985300
2018,가정의학과,L64,134,238,3351650,2395150
2018,가정의학과,L65,158,202,3347120,2407620
2018,가정의학과,L66,285,520,7406090,5335490
2018,가정의학과,L67,1,1,0,0
2018,가정의학과,L70,3202,6700,96722940,68343440
2018,가정의학과,L71,186,297,4216710,3106010
2018,가정의학과,L72,1032,2100,68690370,49427370
2018,가정의학과,L73,460,942,14092510,10166510
2018,가정의학과,L74,205,222,3245820,2482520
2018,가정의학과,L75,11,12,192220,137920
2018,가정의학과,L80,119,145,2360810,1802410
2018,가정의학과,L81,319,362,5233180,3900180
2018,가정의학과,L82,149,195,3320780,2449780
2018,가정의학과,L83,5,6,127430,93830
2018,가정의학과,L84,6628,12572,459805500,329274900
2018,가정의학과,L85,1489,2335,33553570,26482370
2018,가정의학과,L86,77,98,1352870,1077270
2018,가정의학과,L87,2,2,30620,21620
2018,가정의학과,L88,10,31,594420,418220
2018,가정의학과,L89,391,2061,50690870,41892270
2018,가정의학과,L90,72,97,2322430,1669930
2018,가정의학과,L91,400,752,21047370,14854170
2018,가정의학과,L92,150,259,8682720,6316620
2018,가정의학과,L93,8,14,628450,440450
2018,가정의학과,L94,8,16,190900,140300
2018,가정의학과,L95,36,50,702790,515390
2018,가정의학과,L97,10,139,2525110,1893610
2018,가정의학과,L98,170,597,11054100,8722700
2018,가정의학과,L99,2,2,26260,18560
2018,가정의학과,M00,87,188,5482800,4142040
2018,가정의학과,M01,51,95,1324250,994150
2018,가정의학과,M02,140,389,6530380,5262280
2018,가정의학과,M03,4,13,190350,168450
2018,가정의학과,M05,282,1976,41040250,35813320
2018,가정의학과,M06,1739,4571,83592890,63940890
2018,가정의학과,M07,268,775,10100820,8248720
2018,가정의학과,M08,6,33,471820,359020
2018,가정의학과,M09,2,2,75980,69880
2018,가정의학과,M10,10149,30228,505917550,375145650
2018,가정의학과,M11,43,119,1819960,1502760
2018,가정의학과,M12,518,1050,17511650,13165050
2018,가정의학과,M13,45525,146254,2470580760,1972539670
2018,가정의학과,M14,39,179,2899010,2166310
2018,가정의학과,M15,8701,24095,371967900,301059700
2018,가정의학과,M16,2287,9371,157244780,132811480
2018,가정의학과,M17,61572,312161,6932319740,5466731750
2018,가정의학과,M18,77,365,5745010,4292910
2018,가정의학과,M19,14552,50874,915292450,735716560
2018,가정의학과,M20,112,205,3984460,3021880
2018,가정의학과,M21,50,73,2367870,1778640
2018,가정의학과,M22,193,698,18018500,12831600
2018,가정의학과,M23,922,3661,72708620,56372880
2018,가정의학과,M24,4240,14321,256253420,205175260
2018,가정의학과,M25,22835,57129,1029519670,791436360
2018,가정의학과,M30,17,27,374620,291920
2018,가정의학과,M31,5,44,690390,561290
2018,가정의학과,M32,32,150,4029680,3590980
2018,가정의학과,M33,3,5,70310,57810
2018,가정의학과,M34,4,33,937880,841980
2018,가정의학과,M35,335,885,16463190,13520990
2018,가정의학과,M36,1,1,10950,7750
2018,가정의학과,M40,28,367,6317790,5406390
2018,가정의학과,M41,192,561,12389350,9042150
2018,가정의학과,M42,926,6717,134934810,102974310
2018,가정의학과,M43,405,1417,37344560,28765350
2018,가정의학과,M45,287,969,17307450,14844650
2018,가정의학과,M46,87,228,5486880,4000980
2018,가정의학과,M47,17719,110622,2190130780,1797840770
2018,가정의학과,M48,21602,133861,2805198630,2287322060
2018,가정의학과,M49,1215,5608,138716050,109612750
2018,가정의학과,M50,3801,13910,301339870,231056970
2018,가정의학과,M51,14460,92613,1967558250,1589668820
2018,가정의학과,M53,8889,24977,612905390,459955790
2018,가정의학과,M54,164423,744130,14416243900,11598616180
2018,가정의학과,M60,3698,10951,186843510,147838010
2018,가정의학과,M61,25,56,1328610,949010
2018,가정의학과,M62,11158,26269,436363530,338906230
2018,가정의학과,M63,1,14,212270,190270
2018,가정의학과,M65,11957,33556,650893580,506747940
2018,가정의학과,M66,29,46,1234630,884030
2018,가정의학과,M67,811,1175,27538960,20343260
2018,가정의학과,M68,1,1,15310,10810
2018,가정의학과,M70,3217,6747,122390920,91754620
2018,가정의학과,M71,706,1464,34508720,25335600
2018,가정의학과,M72,3675,8358,158619120,119088300
2018,가정의학과,M73,1,1,15310,10810
2018,가정의학과,M75,37349,138619,3273572130,2528218490
2018,가정의학과,M76,1146,3018,61380620,45223020
2018,가정의학과,M77,9037,24685,528956110,386002180
2018,가정의학과,M79,131819,289852,5379143850,4083699120
2018,가정의학과,M80,848,3202,97166100,73915410
2018,가정의학과,M81,19321,61872,2159306320,1602954320
2018,가정의학과,M82,150,436,9667570,7155670
2018,가정의학과,M83,81,207,3320120,2550020
2018,가정의학과,M84,24,33,844020,628620
2018,가정의학과,M85,75,134,2893650,2210050
2018,가정의학과,M86,20,150,3072780,2374980
2018,가정의학과,M87,16,46,3415320,2564060
2018,가정의학과,M89,248,624,10265390,8010690
2018,가정의학과,M90,4,6,97910,74310
2018,가정의학과,M91,3,8,114180,85480
2018,가정의학과,M92,52,74,1628380,1150480
2018,가정의학과,M93,4,7,144150,101350
2018,가정의학과,M94,335,485,8306870,6157070
2018,가정의학과,M95,4,8,115540,83140
2018,가정의학과,M96,117,729,14046320,11340220
2018,가정의학과,M99,440,5295,91429690,76997430
2018,가정의학과,N00,521,967,20386260,15137060
2018,가정의학과,N01,1,1,16910,11910
2018,가정의학과,N02,328,440,9060940,6593540
2018,가정의학과,N03,22,49,758880,550580
2018,가정의학과,N04,66,150,2934200,2167600
2018,가정의학과,N05,85,231,4616680,3630680
2018,가정의학과,N06,220,296,4658670,3493370
2018,가정의학과,N07,1,1,15310,10810
2018,가정의학과,N08,2,2,21900,17200
2018,가정의학과,N10,4582,8649,162955570,119757280
2018,가정의학과,N11,465,1027,20389530,15306530
2018,가정의학과,N12,1196,2400,39353670,28766870
2018,가정의학과,N13,312,873,40340060,31611860
2018,가정의학과,N14,2,4,56610,50610
2018,가정의학과,N15,14,23,328180,244580
2018,가정의학과,N17,44,72,1487510,1144810
2018,가정의학과,N18,187,677,14469010,11528110
2018,가정의학과,N19,98,211,5459430,4173330
2018,가정의학과,N20,484,625,14548240,10729740
2018,가정의학과,N21,539,679,12890910,9489310
2018,가정의학과,N22,18,20,452100,322000
2018,가정의학과,N23,10,14,261320,192720
2018,가정의학과,N25,5,13,191020,169820
2018,가정의학과,N26,2,4,211080,153880
2018,가정의학과,N28,214,271,6356620,4721420
2018,가정의학과,N30,50564,92042,1478783600,1113627700
2018,가정의학과,N31,6474,13687,191914290,155757090
2018,가정의학과,N32,1029,1816,27769420,22112120
2018,가정의학과,N33,15,26,527600,410600
2018,가정의학과,N34,3326,5855,104309610,78451310
2018,가정의학과,N35,1,1,10950,7750
2018,가정의학과,N36,15,18,201940,160440
2018,가정의학과,N37,62,90,2360980,1757480
2018,가정의학과,N39,8158,15387,261904580,201435280
2018,가정의학과,N40,20249,69358,953856620,775504720
2018,가정의학과,N41,843,4180,113610670,81118370
2018,가정의학과,N42,118,256,8084710,6114510
2018,가정의학과,N43,18,26,434760,330260
2018,가정의학과,N44,10,13,198700,143700
2018,가정의학과,N45,171,281,5177500,3806900
2018,가정의학과,N46,17,36,511350,364650
2018,가정의학과,N47,4,4,60950,53250
2018,가정의학과,N48,1028,1348,21093520,16124720
2018,가정의학과,N49,19,29,395430,317830
2018,가정의학과,N50,60,89,1838340,1340240
2018,가정의학과,N51,28,38,553410,416810
2018,가정의학과,N60,34,38,721880,524880
2018,가정의학과,N61,103,164,2632970,1916870
2018,가정의학과,N62,50,62,1179480,876480
2018,가정의학과,N63,137,165,4322840,3118640
2018,가정의학과,N64,348,379,7522390,5441890
2018,가정의학과,N70,42,105,3058660,2202160
2018,가정의학과,N71,114,254,3840940,2799940
2018,가정의학과,N72,152,196,5373040,3839740
2018,가정의학과,N73,375,666,10682790,7743790
2018,가정의학과,N74,35,67,1263870,942470
2018,가정의학과,N75,18,40,641080,463880
2018,가정의학과,N76,2249,3658,58055100,42450000
2018,가정의학과,N77,172,278,3954460,2940760
2018,가정의학과,N80,50,90,2215130,1612630
2018,가정의학과,N81,10,11,149660,121560
2018,가정의학과,N83,19,24,619370,467870
2018,가정의학과,N84,6,8,108730,76630
2018,가정의학과,N85,14,17,256710,186910
2018,가정의학과,N86,3,4,127490,89490
2018,가정의학과,N87,22,37,2104140,1487040
2018,가정의학과,N88,4,4,52520,37120
2018,가정의학과,N89,3,3,40150,31750
2018,가정의학과,N90,8,8,119950,84550
2018,가정의학과,N91,192,246,9803160,6881460
2018,가정의학과,N92,248,343,7350150,5173150
2018,가정의학과,N93,103,118,1959530,1422230
2018,가정의학과,N94,6827,10930,157096540,111483040
2018,가정의학과,N95,8398,26148,370645680,270091480
2018,가정의학과,N96,3,12,88880,62580
2018,가정의학과,N97,216,1277,15433980,10849480
2018,가정의학과,N98,2,38,490810,402310
2018,가정의학과,N99,2,3,44310,36510
2018,가정의학과,O00,5,5,109670,76970
2018,가정의학과,O06,1,2,57820,40520
2018,가정의학과,O10,1,1,15310,10810
2018,가정의학과,O12,1,1,15310,13810
2018,가정의학과,O13,1,1,15310,10810
2018,가정의학과,O16,1,1,15310,10810
2018,가정의학과,O20,8,45,577590,405590
2018,가정의학과,O21,20,35,628410,464310
2018,가정의학과,O24,14,36,859000,602600
2018,가정의학과,O26,16,104,1112380,788380
2018,가정의학과,O44,1,1,15310,10810
2018,가정의학과,O60,1,1,15310,10810
2018,가정의학과,O62,1,1,25020,17520
2018,가정의학과,O90,2,3,188620,132220
2018,가정의학과,O91,31,37,574710,404710
2018,가정의학과,O92,24,29,441080,314980
2018,가정의학과,O99,6,6,116160,81760
2018,가정의학과,P05,1,1,15310,10810
2018,가정의학과,P07,1,1,20000,18000
2018,가정의학과,P12,1,1,23480,16480
2018,가정의학과,P13,1,9,154840,139940
2018,가정의학과,P22,2,28,354620,320720
2018,가정의학과,P23,5,9,217990,153090
2018,가정의학과,P28,15,28,624100,463900
2018,가정의학과,P29,1,1,15310,10810
2018,가정의학과,P37,2,2,30620,21620
2018,가정의학과,P38,12,19,410590,325590
2018,가정의학과,P39,2,2,34940,27740
2018,가정의학과,P58,1,1,17490,13890
2018,가정의학과,P59,23,33,572280,460480
2018,가정의학과,P78,2,3,38560,28360
2018,가정의학과,P81,7,7,137460,117860
2018,가정의학과,P83,6,6,114140,87340
2018,가정의학과,P92,1,2,177010,139910
2018,가정의학과,P96,1,1,16420,11520
2018,가정의학과,Q01,1,2,30620,21620
2018,가정의학과,Q04,3,3,43960,33460
2018,가정의학과,Q06,1,3,37210,33710
2018,가정의학과,Q07,3,3,45930,35430
2018,가정의학과,Q10,1,2,34420,24220
2018,가정의학과,Q15,1,3,64810,50410
2018,가정의학과,Q16,5,5,77140,60440
2018,가정의학과,Q17,6,6,96510,72910
2018,가정의학과,Q18,16,21,306660,235260
2018,가정의학과,Q20,1,2,30000,30000
2018,가정의학과,Q21,17,31,439250,357550
2018,가정의학과,Q24,3,9,240520,212220
2018,가정의학과,Q25,1,4,62560,50360
2018,가정의학과,Q28,3,22,271290,205990
2018,가정의학과,Q31,1,1,73890,51790
2018,가정의학과,Q32,1,2,25090,23590
2018,가정의학과,Q34,1,1,15310,13810
2018,가정의학과,Q36,20,21,309350,227550
2018,가정의학과,Q38,18,54,1183890,953690
2018,가정의학과,Q39,2,6,81090,60290
2018,가정의학과,Q43,6,6,675280,478180
2018,가정의학과,Q44,59,89,7512590,5299490
2018,가정의학과,Q50,3,4,64620,45520
2018,가정의학과,Q52,2,2,32400,25600
2018,가정의학과,Q53,26,28,411370,320870
2018,가정의학과,Q54,2,2,33670,26670
2018,가정의학과,Q55,2,2,27610,20610
2018,가정의학과,Q60,1,1,10950,7750
2018,가정의학과,Q61,62,83,5144590,3653490
2018,가정의학과,Q62,1,1,10950,9450
2018,가정의학과,Q65,12,105,1670040,1529840
2018,가정의학과,Q66,12,12,219370,162770
2018,가정의학과,Q67,25,26,414360,307460
2018,가정의학과,Q68,7,7,118010,90610
2018,가정의학과,Q69,1,1,12300,9800
2018,가정의학과,Q74,13,18,381390,277690
2018,가정의학과,Q75,5,40,473130,343430
2018,가정의학과,Q76,12,12,205810,148510
2018,가정의학과,Q77,2,27,485980,439180
2018,가정의학과,Q78,3,3,56870,39970
2018,가정의학과,Q79,2,2,36580,27680
2018,가정의학과,Q80,12,19,431950,309750
2018,가정의학과,Q81,6,11,184680,155980
2018,가정의학과,Q82,58,61,1109840,805740
2018,가정의학과,Q83,5,5,75990,53590
2018,가정의학과,Q84,16,27,478800,350100
2018,가정의학과,Q85,32,50,1010610,792510
2018,가정의학과,Q87,7,50,698930,597930
2018,가정의학과,Q89,3,7,123480,89680
2018,가정의학과,Q90,7,25,1129640,1016140
2018,가정의학과,Q93,1,2,31610,28010
2018,가정의학과,Q96,2,2,26260,20760
2018,가정의학과,Q98,1,10,134270,108370
2018,가정의학과,Q99,1,1,17190,12090
2018,가정의학과,R00,3673,4991,103770350,75843650
2018,가정의학과,R01,52,59,1140690,881590
2018,가정의학과,R02,3,15,326350,241050
2018,가정의학과,R03,2713,3219,62571150,46363950
2018,가정의학과,R04,1509,1809,44381790,32500090
2018,가정의학과,R05,1460,1945,32403100,24679600
2018,가정의학과,R06,1063,1267,30369860,22661960
2018,가정의학과,R07,8300,10692,286864460,207953660
2018,가정의학과,R09,209,257,4642980,3503580
2018,가정의학과,R10,28693,42138,795584550,588963140
2018,가정의학과,R11,20264,27263,425638230,316688330
2018,가정의학과,R12,1710,2438,36969260,27706460
2018,가정의학과,R13,93,211,19372840,15549440
2018,가정의학과,R14,700,1023,13626000,10391500
2018,가정의학과,R15,20,29,392070,328570
2018,가정의학과,R16,70,92,4532320,3210520
2018,가정의학과,R17,150,181,5636380,4076780
2018,가정의학과,R18,33,44,1112250,844850
2018,가정의학과,R19,689,850,24403380,17528380
2018,가정의학과,R20,247,303,5824360,4372060
2018,가정의학과,R21,638,780,12264350,9222650
2018,가정의학과,R22,761,958,45670500,32426800
2018,가정의학과,R23,273,324,5898980,4414980
2018,가정의학과,R25,1327,1896,30338640,22848540
2018,가정의학과,R26,50,55,795320,648920
2018,가정의학과,R27,5,8,109890,85790
2018,가정의학과,R29,54,65,1039830,798230
2018,가정의학과,R30,282,368,9368910,7311410
2018,가정의학과,R31,1599,2174,41209420,30345320
2018,가정의학과,R32,794,1694,23153750,19237050
2018,가정의학과,R33,27,34,638180,488580
2018,가정의학과,R34,15,15,294500,229000
2018,가정의학과,R35,996,1692,25788550,20353650
2018,가정의학과,R36,6,8,110290,85590
2018,가정의학과,R39,219,407,18807450,14861650
2018,가정의학과,R40,17,26,445400,327900
2018,가정의학과,R41,682,1651,23110730,18948430
2018,가정의학과,R42,19232,27540,603717480,451377130
2018,가정의학과,R43,49,52,794960,608960
2018,가정의학과,R44,23,26,390290,290090
2018,가정의학과,R45,428,727,9926390,7652190
2018,가정의학과,R46,6,6,164800,115800
2018,가정의학과,R47,32,34,507590,404090
2018,가정의학과,R48,3,4,64090,49390
2018,가정의학과,R49,41,45,857910,636210
2018,가정의학과,R50,10371,15291,259293850,192385950
2018,가정의학과,R51,23226,31673,484568320,358524160
2018,가정의학과,R52,3462,5193,82661550,61443050
2018,가정의학과,R53,974,1203,32012340,22998940
2018,가정의학과,R54,35,53,752300,632600
2018,가정의학과,R55,551,635,15220110,11086510
2018,가정의학과,R56,118,213,3394410,2577010
2018,가정의학과,R57,41,66,974990,715090
2018,가정의학과,R58,30,35,577150,440450
2018,가정의학과,R59,208,263,4323330,3176430
2018,가정의학과,R60,6214,11134,239815040,177560040
2018,가정의학과,R61,197,243,4507680,3271180
2018,가정의학과,R62,152,179,3130210,2284310
2018,가정의학과,R63,4062,5974,125324530,95141970
2018,가정의학과,R64,3,4,45700,41600
2018,가정의학과,R68,10158,11734,192717550,136924550
2018,가정의학과,R69,246,280,6953300,5062500
2018,가정의학과,R71,11,13,239140,183940
2018,가정의학과,R72,30,42,886330,634530
2018,가정의학과,R73,13320,19395,355329770,277262610
2018,가정의학과,R74,308,466,14606150,10376250
2018,가정의학과,R76,29,44,625880,457480
2018,가정의학과,R77,3,3,45040,37240
2018,가정의학과,R78,5,6,109650,78850
2018,가정의학과,R79,176,202,5526790,3941490
2018,가정의학과,R80,700,935,16560180,11970180
2018,가정의학과,R81,689,895,15037020,11868420
2018,가정의학과,R82,144,187,3401020,2540920
2018,가정의학과,R84,8,8,161260,124960
2018,가정의학과,R86,3,10,131720,92920
2018,가정의학과,R87,9,23,199790,150090
2018,가정의학과,R89,3,3,52360,41260
2018,가정의학과,R90,2,2,29450,24950
2018,가정의학과,R91,197,291,7132650,5319750
2018,가정의학과,R92,156,189,5943980,4247480
2018,가정의학과,R93,11,12,263550,187150
2018,가정의학과,R94,1478,1847,75534970,53949970
2018,가정의학과,S00,6928,10434,199791970,152967620
2018,가정의학과,S01,12409,25178,510533870,388333470
2018,가정의학과,S02,77,114,2575850,1904750
2018,가정의학과,S03,482,743,11934150,9180450
2018,가정의학과,S04,10,24,695430,489430
2018,가정의학과,S05,156,202,3349640,2518740
2018,가정의학과,S06,172,225,6362080,4791420
2018,가정의학과,S07,89,166,3340360,2544860
2018,가정의학과,S08,9,21,464340,337340
2018,가정의학과,S09,159,249,4712990,3505790
2018,가정의학과,S10,239,324,6120400,4571900
2018,가정의학과,S11,284,660,16140960,12361260
2018,가정의학과,S12,3,4,85740,60240
2018,가정의학과,S13,15139,29862,585786760,435032080
2018,가정의학과,S14,27,84,1939410,1477210
2018,가정의학과,S15,1,1,19110,13410
2018,가정의학과,S16,118,222,3414640,2620340
2018,가정의학과,S19,7,15,255610,196610
2018,가정의학과,S20,2078,3362,64253560,50191960
2018,가정의학과,S21,550,1700,31918640,25422140
2018,가정의학과,S22,970,2263,77263260,57951590
2018,가정의학과,S23,9241,15260,334989400,255310910
2018,가정의학과,S25,1,1,21020,14720
2018,가정의학과,S27,4,9,162920,135820
2018,가정의학과,S28,1,7,109590,95690
2018,가정의학과,S29,30,51,893950,711650
2018,가정의학과,S30,996,2356,86448640,68473250
2018,가정의학과,S31,1182,2843,54806030,42635730
2018,가정의학과,S32,192,700,24373840,18875420
2018,가정의학과,S33,41403,118539,2216074920,1709744990
2018,가정의학과,S34,15,30,545920,393620
2018,가정의학과,S35,2,2,33960,23860
2018,가정의학과,S36,5,13,247890,207090
2018,가정의학과,S37,4,4,82320,57920
2018,가정의학과,S39,35,53,916420,676420
2018,가정의학과,S40,968,1489,30362720,23042920
2018,가정의학과,S41,652,1577,31152300,23994100
2018,가정의학과,S42,142,429,11725530,8968260
2018,가정의학과,S43,15176,36222,694357410,518457420
2018,가정의학과,S44,184,602,20164410,14510210
2018,가정의학과,S45,6,14,293050,246950
2018,가정의학과,S46,1652,5240,150134200,110196960
2018,가정의학과,S47,4,6,115970,83470
2018,가정의학과,S49,69,130,2170630,1693330
2018,가정의학과,S50,1841,3439,75487050,57604250
2018,가정의학과,S51,2813,8114,164055240,128120140
2018,가정의학과,S52,448,1268,45745220,34313280
2018,가정의학과,S53,3484,7758,154993510,113925270
2018,가정의학과,S54,329,880,27515410,19535410
2018,가정의학과,S55,12,25,491140,399740
2018,가정의학과,S56,137,316,9585490,6864530
2018,가정의학과,S57,42,101,1953250,1556850
2018,가정의학과,S59,63,111,2138320,1594420
2018,가정의학과,S60,5874,9039,197649230,146016030
2018,가정의학과,S61,24667,56198,1199107130,884953630
2018,가정의학과,S62,902,2055,55229990,40204060
2018,가정의학과,S63,10700,18092,412144980,298326400
2018,가정의학과,S64,14,18,663060,464760
2018,가정의학과,S65,101,209,4396710,3252510
2018,가정의학과,S66,243,395,9930870,7290180
2018,가정의학과,S67,308,593,12107210,9045010
2018,가정의학과,S68,4,16,287340,249340
2018,가정의학과,S69,172,300,5843680,4313880
2018,가정의학과,S70,1020,2025,45005600,35760300
2018,가정의학과,S71,723,1995,39911590,30739390
2018,가정의학과,S72,46,163,5617570,4537570
2018,가정의학과,S73,1722,4059,79041650,60710820
2018,가정의학과,S74,256,816,28729010,20488510
2018,가정의학과,S75,7,46,904560,743060
2018,가정의학과,S76,190,395,9955860,7172240
2018,가정의학과,S77,9,12,245220,182720
2018,가정의학과,S79,22,36,644260,516660
2018,가정의학과,S80,5182,10757,216243050,164262320
2018,가정의학과,S81,7725,20352,414320910,311760110
2018,가정의학과,S82,298,928,39492030,29402090
2018,가정의학과,S83,5923,14711,295989480,221506440
2018,가정의학과,S84,27,53,1379870,1004470
2018,가정의학과,S85,19,42,992750,802150
2018,가정의학과,S86,204,595,15684350,11502060
2018,가정의학과,S87,206,482,9332630,6879030
2018,가정의학과,S89,110,264,4818860,3651660
2018,가정의학과,S90,4121,6500,139793650,103583250
2018,가정의학과,S91,8268,17926,362703910,271378120
2018,가정의학과,S92,774,1700,62511590,45442470
2018,가정의학과,S93,14627,28800,648481370,473052720
2018,가정의학과,S94,10,23,683060,487660
2018,가정의학과,S95,20,29,640280,455680
2018,가정의학과,S96,161,245,6441120,4696980
2018,가정의학과,S97,81,128,2700650,1993550
2018,가정의학과,S98,3,4,105980,77580
2018,가정의학과,S99,130,248,4760530,3496430
2018,가정의학과,T00,494,875,16042310,12119610
2018,가정의학과,T01,454,867,18210750,13776050
2018,가정의학과,T02,1,1,31990,22490
2018,가정의학과,T03,86,172,3445490,2616480
2018,가정의학과,T04,8,15,314590,235090
2018,가정의학과,T06,4,4,42680,33580
2018,가정의학과,T08,11,74,1131980,1002980
2018,가정의학과,T09,383,850,16002120,12410020
2018,가정의학과,T10,2,5,130840,101040
2018,가정의학과,T11,185,413,9660140,7097540
2018,가정의학과,T12,7,13,309530,249530
2018,가정의학과,T13,248,516,10726310,8005710
2018,가정의학과,T14,3527,7150,135924480,103126780
2018,가정의학과,T15,663,824,22201830,16173630
2018,가정의학과,T16,1924,2262,56285970,40814370
2018,가정의학과,T17,1570,1627,42401110,30753710
2018,가정의학과,T18,71,76,2230550,1627150
2018,가정의학과,T19,4,4,180310,126410
2018,가정의학과,T20,702,1524,54303640,39868740
2018,가정의학과,T21,1103,3489,105514390,76708490
2018,가정의학과,T22,2633,7945,253060080,180796580
2018,가정의학과,T23,6265,16634,601283000,432796200
2018,가정의학과,T24,1946,7122,224706740,162598040
2018,가정의학과,T25,1641,6081,216485370,156434170
2018,가정의학과,T26,26,57,2037890,1436990
2018,가정의학과,T27,1,1,15310,10810
2018,가정의학과,T28,30,41,1044590,752790
2018,가정의학과,T29,183,491,15461650,11078950
2018,가정의학과,T30,2218,5919,192477620,138716020
2018,가정의학과,T31,269,792,28499080,20519780
2018,가정의학과,T33,170,298,4885480,3586280
2018,가정의학과,T34,4,49,1112770,789370
2018,가정의학과,T35,51,63,963320,697220
2018,가정의학과,T39,1,1,10950,7750
2018,가정의학과,T43,1,1,15310,10810
2018,가정의학과,T45,1,1,10960,9460
2018,가정의학과,T48,1,4,72100,57100
2018,가정의학과,T49,2,2,25640,19440
2018,가정의학과,T50,3,3,91790,66790
2018,가정의학과,T51,1,1,10950,7750
2018,가정의학과,T52,1,1,15310,10810
2018,가정의학과,T55,2,4,154350,108250
2018,가정의학과,T56,29,111,3942220,2772820
2018,가정의학과,T57,3,10,320450,224750
2018,가정의학과,T58,1,1,15310,10810
2018,가정의학과,T60,20,24,457500,369500
2018,가정의학과,T61,1,1,15310,10810
2018,가정의학과,T62,1,1,10950,7750
2018,가정의학과,T63,493,594,9483650,7190850
2018,가정의학과,T65,13,19,255850,187450
2018,가정의학과,T66,1,3,38320,36520
2018,가정의학과,T67,529,648,12465490,9330890
2018,가정의학과,T68,5,5,94720,75720
2018,가정의학과,T69,155,184,2863780,2066680
2018,가정의학과,T70,6,6,78780,55680
2018,가정의학과,T73,69,79,1199260,859860
2018,가정의학과,T75,15,17,262890,186190
2018,가정의학과,T78,2668,3900,71550350,52861450
2018,가정의학과,T79,3208,6898,129900600,97137400
2018,가정의학과,T80,4,6,92260,64960
2018,가정의학과,T81,49,130,2373290,1791290
2018,가정의학과,T82,2,3,41570,29370
2018,가정의학과,T83,2,2,36330,27630
2018,가정의학과,T85,2,5,72190,52690
2018,가정의학과,T87,1,1,17780,16080
2018,가정의학과,T88,50,56,816880,601080
2018,가정의학과,T90,1,1,21020,14720
2018,가정의학과,T91,18,66,1087690,898490
2018,가정의학과,T92,25,62,920100,693300
2018,가정의학과,T93,20,78,1347400,1022200
2018,가정의학과,T95,10,20,439090,335890
2018,가정의학과,T96,1,2,34420,31020
2018,가정의학과,T98,2,2,34420,27220
2018,가정의학과,U84,5,196,2523760,2523760
2018,가정의학과,Z00,531,607,10929930,8105030
2018,가정의학과,Z01,571,751,11388590,8794290
2018,가정의학과,Z02,11,11,0,0
2018,가정의학과,Z03,889,1011,24238050,18397450
2018,가정의학과,Z04,115,136,2768600,2057600
2018,가정의학과,Z11,1,1,12060,8460
2018,가정의학과,Z13,201,321,8844820,6550220
2018,가정의학과,Z20,61,75,1675070,1184670
2018,가정의학과,Z21,1,1,10950,7750
2018,가정의학과,Z22,37,48,4019620,2817720
2018,가정의학과,Z23,30,30,1271360,891560
2018,가정의학과,Z24,11,12,141650,99550
2018,가정의학과,Z25,284,340,5534190,4241290
2018,가정의학과,Z26,318,369,9850910,7368010
2018,가정의학과,Z27,36,69,1410280,1037280
2018,가정의학과,Z28,3,3,15310,10810
2018,가정의학과,Z29,21,22,367930,276430
2018,가정의학과,Z30,49,50,357200,251900
2018,가정의학과,Z31,16,83,1060900,746600
2018,가정의학과,Z32,7,12,165790,116990
2018,가정의학과,Z33,2,3,44280,31180
2018,가정의학과,Z34,12,13,224350,174950
2018,가정의학과,Z35,5,9,130860,92360
2018,가정의학과,Z36,2,2,148620,104120
2018,가정의학과,Z39,1,1,15310,10810
2018,가정의학과,Z40,1,2,55800,41200
2018,가정의학과,Z41,4,4,45720,36120
2018,가정의학과,Z42,2,6,140660,98760
2018,가정의학과,Z44,1,1,15310,13810
2018,가정의학과,Z47,2,4,72140,67440
2018,가정의학과,Z48,1046,2179,41104920,31360420
2018,가정의학과,Z49,1,7,85790,76290
2018,가정의학과,Z50,2,7,147570,123970
2018,가정의학과,Z51,1,1,19110,17210
2018,가정의학과,Z52,5,5,80350,56650
2018,가정의학과,Z54,23,65,1140660,821860
2018,가정의학과,Z55,1,1,15310,10810
2018,가정의학과,Z57,2,3,46660,36160
2018,가정의학과,Z63,1,1,10950,7750
2018,가정의학과,Z64,3,3,41570,29370
2018,가정의학과,Z70,7,7,91300,67400
2018,가정의학과,Z71,2293,2561,33880570,25419270
2018,가정의학과,Z72,7,7,108060,77660
2018,가정의학과,Z73,206,274,4171420,3035620
2018,가정의학과,Z74,1,1,21020,14720
2018,가정의학과,Z75,5,7,94090,66490
2018,가정의학과,Z80,1,1,15310,10810
2018,가정의학과,Z82,6,18,218420,178320
2018,가정의학과,Z83,8,10,149840,116940
2018,가정의학과,Z85,2,4,66870,46970
2018,가정의학과,Z86,1,1,15310,10810
2018,가정의학과,Z87,5,67,789960,560760
2018,가정의학과,Z88,4,4,56880,40180
2018,가정의학과,Z91,3,3,41570,29370
2018,가정의학과,Z92,1,1,30710,21510
2018,가정의학과,Z93,7,19,3489630,2927030
2018,가정의학과,Z94,15,36,763150,594150
2018,가정의학과,Z95,13,42,524540,438540
2018,가정의학과,Z96,2,2,26260,20260
2018,가정의학과,Z98,626,1748,38675330,29595330
2018,가정의학과,Z99,1,1,21020,14720
2018,직업환경의학과,A08,13,14,200370,141370
2018,직업환경의학과,A09,30,35,481100,342700
2018,직업환경의학과,A16,1,1,15310,10810
2018,직업환경의학과,A26,1,1,10950,7750
2018,직업환경의학과,B00,1,1,10950,7750
2018,직업환경의학과,B02,14,24,315900,238700
2018,직업환경의학과,B18,9,18,1043150,731450
2018,직업환경의학과,B30,2,3,41990,29490
2018,직업환경의학과,B35,22,42,511020,377020
2018,직업환경의학과,B36,2,2,26260,18560
2018,직업환경의학과,C73,2,2,30620,25420
2018,직업환경의학과,D17,2,2,27610,19510
2018,직업환경의학과,D50,8,19,503520,353820
2018,직업환경의학과,D64,2,2,53150,37350
2018,직업환경의학과,D69,2,2,30620,21620
2018,직업환경의학과,E03,5,20,404990,284790
2018,직업환경의학과,E05,3,6,240580,168580
2018,직업환경의학과,E07,4,13,612780,429480
2018,직업환경의학과,E10,2,2,37400,37400
2018,직업환경의학과,E11,340,1408,23610910,18093710
2018,직업환경의학과,E50,3,3,32930,23230
2018,직업환경의학과,E78,322,781,14730630,10389630
2018,직업환경의학과,E88,1,1,15310,10810
2018,직업환경의학과,E89,2,4,51600,40900
2018,직업환경의학과,F31,1,1,15310,10810
2018,직업환경의학과,F32,1,1,15310,10810
2018,직업환경의학과,F41,6,13,241800,170200
2018,직업환경의학과,F48,2,13,147950,104650
2018,직업환경의학과,F51,5,6,81890,60090
2018,직업환경의학과,F52,3,3,0,0
2018,직업환경의학과,G40,1,4,48580,34180
2018,직업환경의학과,G43,1,1,15310,10810
2018,직업환경의학과,G44,8,10,126940,89740
2018,직업환경의학과,G47,11,24,333630,238230
2018,직업환경의학과,G50,1,2,25340,17740
2018,직업환경의학과,G53,3,5,66110,46710
2018,직업환경의학과,G54,1,6,78450,55350
2018,직업환경의학과,G56,10,54,745600,524900
2018,직업환경의학과,G57,1,3,48820,34320
2018,직업환경의학과,G63,1,7,156560,109960
2018,직업환경의학과,G64,1,2,26260,18560
2018,직업환경의학과,H00,5,7,83400,58900
2018,직업환경의학과,H04,4,5,56470,42170
2018,직업환경의학과,H16,2,2,21900,15500
2018,직업환경의학과,H60,6,15,235670,165870
2018,직업환경의학과,H66,1,1,15310,10810
2018,직업환경의학과,H81,3,7,75530,53430
2018,직업환경의학과,H83,1,1,41010,28710
2018,직업환경의학과,H90,18,21,614330,436930
2018,직업환경의학과,H91,2,2,56320,39520
2018,직업환경의학과,H93,1,1,15310,10810
2018,직업환경의학과,I10,677,2384,33439260,25877760
2018,직업환경의학과,I20,1,1,15310,10810
2018,직업환경의학과,I44,1,1,10950,7750
2018,직업환경의학과,I49,1,1,22300,15700
2018,직업환경의학과,I67,1,2,26260,18560
2018,직업환경의학과,I73,4,10,86420,63120
2018,직업환경의학과,I83,1,1,15310,10810
2018,직업환경의학과,I87,1,2,26260,18560
2018,직업환경의학과,J00,222,291,4099940,2918440
2018,직업환경의학과,J01,1,1,15310,10810
2018,직업환경의학과,J03,51,84,1125840,794740
2018,직업환경의학과,J06,276,390,5172880,3713780
2018,직업환경의학과,J10,6,6,87000,61300
2018,직업환경의학과,J11,4,4,48200,34000
2018,직업환경의학과,J21,26,33,483530,343230
2018,직업환경의학과,J30,47,63,892160,639560
2018,직업환경의학과,J32,1,2,24290,17090
2018,직업환경의학과,J40,5,5,60590,46490
2018,직업환경의학과,J42,1,1,27520,19320
2018,직업환경의학과,J45,4,9,124730,88130
2018,직업환경의학과,J98,1,1,15310,10810
2018,직업환경의학과,K05,1,1,15310,10810
2018,직업환경의학과,K07,2,2,21900,15500
2018,직업환경의학과,K12,1,1,15310,10810
2018,직업환경의학과,K21,45,89,1155590,818690
2018,직업환경의학과,K25,1,1,10950,7750
2018,직업환경의학과,K26,1,1,7660,5460
2018,직업환경의학과,K29,65,85,1233890,869490
2018,직업환경의학과,K30,8,8,110580,80080
2018,직업환경의학과,K37,1,1,15310,10810
2018,직업환경의학과,K58,27,34,491640,350240
2018,직업환경의학과,K59,3,6,88060,72360
2018,직업환경의학과,K64,1,1,15310,10810
2018,직업환경의학과,K65,1,1,15310,10810
2018,직업환경의학과,K70,13,27,431940,309440
2018,직업환경의학과,K73,67,97,2106870,1480770
2018,직업환경의학과,K74,1,1,15310,10810
2018,직업환경의학과,K75,2,2,63760,44760
2018,직업환경의학과,K76,31,48,1144140,803840
2018,직업환경의학과,L01,1,2,24290,17090
2018,직업환경의학과,L02,5,5,75990,53590
2018,직업환경의학과,L03,12,32,461370,325170
2018,직업환경의학과,L21,1,2,26260,18560
2018,직업환경의학과,L23,10,11,167690,117890
2018,직업환경의학과,L24,1,2,29800,20900
2018,직업환경의학과,L25,13,13,213520,153320
2018,직업환경의학과,L27,9,12,176340,124140
2018,직업환경의학과,L30,5,6,88240,63840
2018,직업환경의학과,L50,15,19,288970,206770
2018,직업환경의학과,L60,3,4,66390,46790
2018,직업환경의학과,L63,1,1,10950,7750
2018,직업환경의학과,L64,7,9,109660,77460
2018,직업환경의학과,L65,2,2,26260,18560
2018,직업환경의학과,L70,2,2,34420,24220
2018,직업환경의학과,L84,2,2,36330,25530
2018,직업환경의학과,M05,3,13,169260,119460
2018,직업환경의학과,M10,35,121,1736630,1254630
2018,직업환경의학과,M11,1,1,18940,13340
2018,직업환경의학과,M13,38,154,2326860,1636660
2018,직업환경의학과,M15,1,2,26260,18560
2018,직업환경의학과,M17,7,22,393480,276880
2018,직업환경의학과,M19,3,8,126260,88960
2018,직업환경의학과,M20,1,1,10950,7750
2018,직업환경의학과,M23,3,8,96520,68220
2018,직업환경의학과,M24,2,2,30620,21620
2018,직업환경의학과,M25,1,1,20910,14710
2018,직업환경의학과,M43,94,131,3205770,2250570
2018,직업환경의학과,M48,2,24,410210,288710
2018,직업환경의학과,M50,24,191,2179410,1534910
2018,직업환경의학과,M51,67,199,3404970,2398070
2018,직업환경의학과,M53,44,171,2457030,1747830
2018,직업환경의학과,M54,20,54,853230,600930
2018,직업환경의학과,M60,2,2,37190,26190
2018,직업환경의학과,M62,4,4,81430,59330
2018,직업환경의학과,M65,10,15,259400,182600
2018,직업환경의학과,M67,3,3,57510,43410
2018,직업환경의학과,M70,1,3,56400,39700
2018,직업환경의학과,M71,1,3,37210,26310
2018,직업환경의학과,M72,7,9,153300,108000
2018,직업환경의학과,M75,51,260,3805360,2689360
2018,직업환경의학과,M76,3,5,82660,58160
2018,직업환경의학과,M77,59,310,4111760,2909260
2018,직업환경의학과,M79,134,394,5987550,4285450
2018,직업환경의학과,M89,2,2,21900,15500
2018,직업환경의학과,M94,4,5,79030,55730
2018,직업환경의학과,M99,1,1,15310,10810
2018,직업환경의학과,N18,1,1,15310,10810
2018,직업환경의학과,N19,1,6,307780,224080
2018,직업환경의학과,N21,1,1,17210,12110
2018,직업환경의학과,N30,3,8,115690,81390
2018,직업환경의학과,N34,1,1,10950,7750
2018,직업환경의학과,N39,1,2,32540,22940
2018,직업환경의학과,N40,5,7,101020,78520
2018,직업환경의학과,N42,1,2,64880,45480
2018,직업환경의학과,N48,1,1,15310,10810
2018,직업환경의학과,N94,3,6,83000,58400
2018,직업환경의학과,Q76,2,2,43810,30810
2018,직업환경의학과,R00,2,2,26100,18300
2018,직업환경의학과,R03,8,9,191940,135040
2018,직업환경의학과,R04,1,1,21020,14720
2018,직업환경의학과,R05,1,2,26290,18590
2018,직업환경의학과,R07,1,1,24250,17050
2018,직업환경의학과,R11,2,2,28650,20150
2018,직업환경의학과,R22,1,1,15310,10810
2018,직업환경의학과,R42,5,7,89730,63430
2018,직업환경의학과,R50,1,1,12850,9050
2018,직업환경의학과,R51,1,1,15310,10810
2018,직업환경의학과,R53,1,1,0,0
2018,직업환경의학과,R60,1,1,10950,7750
2018,직업환경의학과,R72,1,1,15310,10810
2018,직업환경의학과,R73,30,32,777330,547530
2018,직업환경의학과,R80,1,2,34930,24530
2018,직업환경의학과,R84,1,1,24250,17050
2018,직업환경의학과,R94,11,11,216270,155970
2018,직업환경의학과,S00,3,3,57350,42350
2018,직업환경의학과,S01,3,4,104340,73340
2018,직업환경의학과,S10,1,1,17200,12100
2018,직업환경의학과,S13,39,98,1793930,1326230
2018,직업환경의학과,S20,4,4,93060,65160
2018,직업환경의학과,S22,3,7,124430,87530
2018,직업환경의학과,S23,19,24,479100,337000
2018,직업환경의학과,S30,1,1,42890,30090
2018,직업환경의학과,S32,3,3,82620,58020
2018,직업환경의학과,S33,146,489,8523010,6091310
2018,직업환경의학과,S42,1,1,29780,20880
2018,직업환경의학과,S43,10,39,536750,376850
2018,직업환경의학과,S46,15,52,851720,599120
2018,직업환경의학과,S50,3,5,87040,63840
2018,직업환경의학과,S53,6,13,217030,152830
2018,직업환경의학과,S60,6,7,157410,110510
2018,직업환경의학과,S61,20,35,718710,505010
2018,직업환경의학과,S62,4,7,116370,81770
2018,직업환경의학과,S63,26,36,653130,464030
2018,직업환경의학과,S65,5,6,122120,86020
2018,직업환경의학과,S66,1,1,15310,10810
2018,직업환경의학과,S68,1,1,10950,7750
2018,직업환경의학과,S69,1,1,23060,16160
2018,직업환경의학과,S70,2,2,39610,27810
2018,직업환경의학과,S73,1,1,20910,14710
2018,직업환경의학과,S80,3,7,129730,91230
2018,직업환경의학과,S81,1,1,21020,14720
2018,직업환경의학과,S82,2,2,45330,31830
2018,직업환경의학과,S83,19,43,690630,486330
2018,직업환경의학과,S89,1,1,20910,14710
2018,직업환경의학과,S90,3,3,54610,40110
2018,직업환경의학과,S91,2,4,83880,58980
2018,직업환경의학과,S92,4,9,159850,112350
2018,직업환경의학과,S93,40,66,1142760,804460
2018,직업환경의학과,S98,1,164,1087700,764100
2018,직업환경의학과,T01,1,1,21020,14720
2018,직업환경의학과,T13,2,7,133860,94160
2018,직업환경의학과,T14,4,16,286390,203690
2018,직업환경의학과,T22,1,4,105850,74250
2018,직업환경의학과,T23,2,2,74500,52300
2018,직업환경의학과,T25,1,1,21020,14720
2018,직업환경의학과,T56,1,1,45590,31990
2018,직업환경의학과,T78,1,1,13340,9340
2018,직업환경의학과,Z00,1,1,19030,13330
2018,직업환경의학과,Z01,4,4,76960,54160
2018,직업환경의학과,Z03,1,1,30080,21080
2018,직업환경의학과,Z20,1,1,15310,10810
2018,직업환경의학과,Z22,1,1,58590,41090
2018,직업환경의학과,Z25,2,2,0,0
2018,직업환경의학과,Z26,1,1,56670,39670
2018,예방의학과,A09,2,2,26260,18560
2018,예방의학과,B00,4,4,60680,42780
2018,예방의학과,B35,4,5,70640,49640
2018,예방의학과,E11,12,13,223050,168650
2018,예방의학과,E78,8,9,183310,130710
2018,예방의학과,F03,1,1,15310,13810
2018,예방의학과,F06,2,2,34420,27220
2018,예방의학과,F34,1,1,15310,10810
2018,예방의학과,F40,1,1,31370,21970
2018,예방의학과,G31,1,2,21900,18900
2018,예방의학과,G43,2,2,32490,22890
2018,예방의학과,G44,6,9,120050,88550
2018,예방의학과,G47,3,4,43800,36100
2018,예방의학과,G63,1,1,10950,9450
2018,예방의학과,G64,1,1,10950,9450
2018,예방의학과,H00,3,3,47150,33150
2018,예방의학과,H04,1,1,19110,13410
2018,예방의학과,H10,2,2,34420,24220
2018,예방의학과,H65,1,1,17410,12210
2018,예방의학과,H81,1,1,15310,10810
2018,예방의학과,I10,51,54,735200,574700
2018,예방의학과,I25,2,3,32850,23250
2018,예방의학과,J00,70,92,1303010,963510
2018,예방의학과,J01,1,1,12810,9010
2018,예방의학과,J03,47,55,842730,593430
2018,예방의학과,J04,2,3,34950,26350
2018,예방의학과,J06,135,179,2698060,1949060
2018,예방의학과,J11,26,30,423160,307560
2018,예방의학과,J20,19,24,318900,228500
2018,예방의학과,J30,24,31,446060,320860
2018,예방의학과,J40,58,67,1007970,740270
2018,예방의학과,K12,1,1,15310,10810
2018,예방의학과,K14,1,1,15310,10810
2018,예방의학과,K21,1,1,10950,7750
2018,예방의학과,K29,43,45,635980,470080
2018,예방의학과,K40,1,1,10950,7750
2018,예방의학과,K52,1,1,19110,13410
2018,예방의학과,K59,3,3,54770,41770
2018,예방의학과,K64,2,3,41570,29370
2018,예방의학과,L03,3,5,63360,44660
2018,예방의학과,L23,7,10,139800,98400
2018,예방의학과,L24,1,1,15310,13810
2018,예방의학과,L30,2,2,26260,18560
2018,예방의학과,L40,1,1,15310,10810
2018,예방의학과,M10,1,1,10950,7750
2018,예방의학과,M13,2,6,110160,77360
2018,예방의학과,M17,3,7,240810,170510
2018,예방의학과,M25,8,37,574460,467560
2018,예방의학과,M48,1,12,611230,452630
2018,예방의학과,M54,45,140,3730950,2727450
2018,예방의학과,M72,1,4,76750,53950
2018,예방의학과,M75,13,41,1094940,769140
2018,예방의학과,M76,1,5,83060,58260
2018,예방의학과,M77,9,33,637350,448150
2018,예방의학과,M79,4,9,166390,117090
2018,예방의학과,N30,5,5,81490,60690
2018,예방의학과,N40,1,1,10950,9450
2018,예방의학과,N76,1,1,15310,10810
2018,예방의학과,S00,1,1,15310,10810
2018,예방의학과,S23,1,4,52420,36920
2018,예방의학과,S43,4,8,139150,104550
2018,예방의학과,S53,1,2,37460,26360
2018,예방의학과,S61,3,5,69050,48650
2018,예방의학과,S63,4,22,333860,234360
2018,예방의학과,S73,2,2,35660,28860
2018,예방의학과,S91,1,5,93790,65990
2018,예방의학과,S93,2,4,63620,44820
2018,예방의학과,T14,1,1,15310,10810
2018,치과,A00,5,6,229510,187110
2018,치과,A42,167,205,5525750,3993650
2018,치과,A49,2,2,44000,33500
2018,치과,A64,1,1,103460,72460
2018,치과,A69,2908,4617,74302340,54886140
2018,치과,B00,22320,26232,354585180,268204220
2018,치과,B02,12,13,329820,234220
2018,치과,B05,23,24,648400,476300
2018,치과,B07,2,3,36860,28560
2018,치과,B08,21,22,343440,260240
2018,치과,B26,250,267,5061230,3659630
2018,치과,B34,1,1,13860,9760
2018,치과,B37,1506,2336,34285120,26042620
2018,치과,C00,43,48,1406550,1014550
2018,치과,C01,1,1,15550,14050
2018,치과,C02,65,87,1891240,1352040
2018,치과,C03,33,53,1418300,1090600
2018,치과,C04,18,18,511160,363660
2018,치과,C05,7,8,176240,126840
2018,치과,C06,6,6,112230,83290
2018,치과,C08,3,5,93420,68220
2018,치과,C09,1,1,77740,61440
2018,치과,C13,1,1,79820,55920
2018,치과,C30,1,2,134590,127990
2018,치과,C31,4,4,109280,76580
2018,치과,C32,1,1,18100,12700
2018,치과,C41,14,14,715390,503690
2018,치과,C43,10,10,508320,356420
2018,치과,C46,1,1,60740,42540
2018,치과,C49,4,5,121650,85450
2018,치과,C90,20,32,1122160,822760
2018,치과,C93,7,8,153340,107740
2018,치과,D00,15,20,542060,409360
2018,치과,D03,6,9,162090,116190
2018,치과,D10,1590,2701,125812280,89281820
2018,치과,D11,9,9,210690,147990
2018,치과,D14,2,3,42360,29860
2018,치과,D16,211,340,18832130,13333530
2018,치과,D17,80,103,3105970,2231170
2018,치과,D18,18,20,421180,305580
2018,치과,D21,20,26,510810,364610
2018,치과,D22,6,7,94660,68060
2018,치과,D23,10,12,270180,193480
2018,치과,D37,8,12,239180,185480
2018,치과,D38,1,1,79510,55710
2018,치과,D69,24,28,643920,479520
2018,치과,E10,535,669,25228420,17952020
2018,치과,E11,7,11,311110,218110
2018,치과,E13,100,138,5045180,3590680
2018,치과,E14,3,3,126050,88450
2018,치과,E22,1,3,120830,84730
2018,치과,E53,3,3,60880,45380
2018,치과,E55,4,4,54530,43530
2018,치과,E64,5,5,73000,59200
2018,치과,F17,3,4,50700,35700
2018,치과,F45,2029,2249,42643760,30879060
2018,치과,F50,1,1,62460,43760
2018,치과,F95,4,4,78320,59320
2018,치과,F98,3,3,42470,32970
2018,치과,G21,2,2,95110,66710
2018,치과,G24,58,66,2034810,1454010
2018,치과,G43,13,21,347060,244060
2018,치과,G44,2,2,18340,12940
2018,치과,G47,51,94,1334310,951010
2018,치과,G50,1902,3229,49120990,36145690
2018,치과,G51,83,159,2349390,1724090
2018,치과,G52,19,25,404900,292400
2018,치과,G53,2,2,56530,39630
2018,치과,G54,10,24,323620,234020
2018,치과,G58,2,2,22220,15720
2018,치과,G71,3,5,184300,134200
2018,치과,H01,1,1,13840,9740
2018,치과,H04,4,6,76850,54150
2018,치과,H10,1,1,9180,6480
2018,치과,H11,1,1,21240,14940
2018,치과,H66,2,3,28680,21980
2018,치과,H93,1,1,13840,12340
2018,치과,I10,1,3,34590,24390
2018,치과,I20,2,4,41380,31580
2018,치과,J00,68,74,1378270,978670
2018,치과,J01,10169,12708,300820270,213563570
2018,치과,J03,139,178,2465300,1800800
2018,치과,J06,12,28,288510,216210
2018,치과,J11,3,3,50020,36920
2018,치과,J20,3,5,50840,40540
2018,치과,J21,1,1,27990,19690
2018,치과,J30,14,19,134150,101150
2018,치과,J31,1,1,9180,7680
2018,치과,J32,6456,8268,206747760,146791860
2018,치과,J33,4,4,197100,138200
2018,치과,J34,35,45,1354230,952230
2018,치과,J35,54,64,836420,607020
2018,치과,J36,59,95,2443770,1749370
2018,치과,J37,1,1,0,0
2018,치과,J39,1,1,0,0
2018,치과,K00,1763115,3183030,79800098230,58223949610
2018,치과,K01,1067842,2060936,95413024470,67095690490
2018,치과,K02,5492499,9015136,3.44141E+11,2.48236E+11
2018,치과,K03,1742984,2606220,1.23294E+11,87163464840
2018,치과,K04,4036471,13699532,5.49313E+11,3.92829E+11
2018,치과,K05,14788558,29656352,1.25416E+12,8.85998E+11
2018,치과,K06,115505,162222,5370449410,3849121410
2018,치과,K07,693926,1069905,33247894080,23677227570
2018,치과,K08,1281744,3923578,1.25555E+12,8.28903E+11
2018,치과,K09,1151,1794,63151940,44843840
2018,치과,K10,25961,49367,1276542490,924142580
2018,치과,K11,3334,4607,116964260,84488240
2018,치과,K12,325449,424344,6242003200,4740620700
2018,치과,K13,5084,7359,138510080,104451560
2018,치과,K14,3602,6132,117829800,86421600
2018,치과,K20,8,12,277210,194610
2018,치과,K21,59,65,1340560,954560
2018,치과,K25,48,55,1217650,873450
2018,치과,K29,1262,1601,54318560,38789240
2018,치과,K30,381,452,9477950,6801050
2018,치과,K38,1,1,11660,8260
2018,치과,K59,1,1,36470,25570
2018,치과,L01,1,1,18540,14740
2018,치과,L02,1,1,39040,27340
2018,치과,L04,2,2,26810,18910
2018,치과,L05,2,2,103860,72760
2018,치과,L10,2,5,77860,57460
2018,치과,L12,4,9,139190,97790
2018,치과,L24,13,14,180740,130340
2018,치과,L28,10,18,225950,160950
2018,치과,L43,359,954,14196290,10567490
2018,치과,L50,5,6,56480,39870
2018,치과,L51,1,7,75770,62670
2018,치과,L64,1,2,18360,12960
2018,치과,L80,5,7,112460,85260
2018,치과,L81,231,243,4272730,3145330
2018,치과,M05,1,1,0,0
2018,치과,M35,39,58,2871100,2036700
2018,치과,M72,2,8,262470,197370
2018,치과,M79,344,426,10766410,7773210
2018,치과,M85,3,8,359400,252100
2018,치과,M86,8,10,301490,216090
2018,치과,M87,1,1,13840,12340
2018,치과,P71,5,5,85120,67720
2018,치과,Q21,1,1,19160,15160
2018,치과,Q24,1,1,9180,6480
2018,치과,Q35,11,11,405390,312090
2018,치과,Q36,21,23,353960,267660
2018,치과,Q37,35,40,2994010,2329100
2018,치과,Q38,5314,9181,253561980,183046100
2018,치과,Q67,16,17,510370,362570
2018,치과,Q75,1,1,26370,18470
2018,치과,Q87,1,1,50030,35030
2018,치과,R06,18,37,661860,465560
2018,치과,R09,2,3,20100,15100
2018,치과,R12,9200,11416,284579290,204323950
2018,치과,R19,2103,2170,35362440,26331940
2018,치과,R20,19,43,611760,446860
2018,치과,R43,9,10,153860,110860
2018,치과,R44,36,92,1302660,989660
2018,치과,R51,45,46,892750,634050
2018,치과,R52,6,6,203310,142510
2018,치과,R57,3,3,35330,24830
2018,치과,R58,310,382,7756480,5634080
2018,치과,R63,5,5,63420,46820
2018,치과,R68,51,84,1035310,789910
2018,치과,S00,16982,19715,349744230,264792420
2018,치과,S01,12054,15851,290014310,218235200
2018,치과,S02,569202,972163,30710201020,21950788960
2018,치과,S03,71182,98626,2435237410,1793030390
2018,치과,S04,739,1637,21181340,15448640
2018,치과,S07,7,9,263550,188550
2018,치과,S08,42,49,1129270,817770
2018,치과,S09,14,23,465970,335370
2018,치과,S61,1,1,27290,19190
2018,치과,T14,1,4,46160,32560
2018,치과,T17,6,6,128520,93720
2018,치과,T18,25,26,588850,423750
2018,치과,T20,1,1,13840,9740
2018,치과,T28,1,1,13840,9740
2018,치과,T78,2,2,23040,16240
2018,치과,T79,274,307,5935040,4419940
2018,치과,T80,9,9,92470,65170
2018,치과,T81,20,24,463220,340420
2018,치과,T85,284978,337318,9799812150,7028916270
2018,치과,T87,2,5,47610,33610
2018,치과,Z00,1,1,13840,9740
2018,치과,Z01,7774,8644,175114910,127326110
2018,치과,Z02,31,33,0,0
2018,치과,Z03,4,5,294830,230230
2018,치과,Z04,42,47,1060320,765420
2018,치과,Z29,685990,901043,69383834520,59450552290
2018,치과,Z46,1077526,1577449,79616493020,56737183310
2018,치과,Z47,32,42,1441180,1087780
2018,치과,Z48,6761,8448,129674970,94706770
2018,치과,Z71,9,9,119900,84400
2018,치과,Z72,39,39,586070,465670
2018,치과,Z88,1,2,26810,18910
2018,치과,Z96,2037,2701,124731040,88472140
2018,치과,Z97,21505,24837,961205600,684952980
