진료년도,표시과목,주상병코드,환자수,명세서 청구건수,입내원일수,요양급여비용총액,보험자부담금
2019,일반의,A00,12,21,21,347930,267430
2019,일반의,A01,8,10,15,1014360,773620
2019,일반의,A02,154,203,487,40631780,34241100
2019,일반의,A03,5,6,12,1566380,1417050
2019,일반의,A04,114046,159062,163241,3336746310,2495481790
2019,일반의,A05,6843,9343,9843,211956470,162947390
2019,일반의,A06,537,646,646,10961090,8151690
2019,일반의,A07,592,764,764,11096850,8393850
2019,일반의,A08,59933,79756,81366,1618386610,1235472700
2019,일반의,A09,783911,1117885,1134809,22586574290,16909751090
2019,일반의,A15,394,2555,2620,132256110,126879880
2019,일반의,A16,614,2247,2359,110774720,97468080
2019,일반의,A17,5,34,34,1438670,1417670
2019,일반의,A18,112,443,457,16575970,14002510
2019,일반의,A19,5,10,10,90530,70430
2019,일반의,A20,2,3,3,70380,49380
2019,일반의,A22,4,4,4,108180,79580
2019,일반의,A24,3,3,3,44400,34700
2019,일반의,A25,3,3,3,67740,53440
2019,일반의,A26,66,93,93,1631060,1228660
2019,일반의,A27,3,3,3,112110,85010
2019,일반의,A28,37,48,49,1521680,1088400
2019,일반의,A30,109,186,463,20397500,15184930
2019,일반의,A31,682,1583,1718,61536900,44727580
2019,일반의,A32,1,1,1,56660,39760
2019,일반의,A35,65,74,74,2563060,1808560
2019,일반의,A37,12,19,45,5673440,4888840
2019,일반의,A38,282,471,537,17561130,14565230
2019,일반의,A39,3,4,4,54410,42610
2019,일반의,A40,30,32,32,704450,510250
2019,일반의,A41,144,310,410,21304870,17014910
2019,일반의,A42,39,54,54,1126610,791710
2019,일반의,A44,2,2,2,70250,49250
2019,일반의,A46,340,701,727,16044520,12099730
2019,일반의,A48,717,1237,1237,30103410,21568240
2019,일반의,A49,12195,23285,23507,838832190,598503280
2019,일반의,A50,7,8,8,214220,150220
2019,일반의,A51,736,1348,1350,107010850,75038510
2019,일반의,A52,30,77,77,3449480,2510130
2019,일반의,A53,973,1368,1371,72957100,55123770
2019,일반의,A54,1784,3075,3079,141288190,99654620
2019,일반의,A55,103,129,129,2524020,1774920
2019,일반의,A56,6750,11272,11275,504055850,354180950
2019,일반의,A57,19,33,33,1200930,873030
2019,일반의,A58,8,9,9,304960,219560
2019,일반의,A59,9446,16377,16377,554977520,391328450
2019,일반의,A60,19716,34875,34890,855736940,616676150
2019,일반의,A63,33980,58848,58857,4416767340,3100456940
2019,일반의,A64,4941,8111,8111,533167060,375120370
2019,일반의,A65,5,5,5,94440,72140
2019,일반의,A66,46,50,50,820780,590980
2019,일반의,A67,14,14,14,236150,195650
2019,일반의,A69,3468,5261,5281,97057740,72828530
2019,일반의,A71,5,6,6,85910,60510
2019,일반의,A74,471,581,581,12442530,8782630
2019,일반의,A75,688,1247,1763,98940120,75638580
2019,일반의,A77,88,130,130,3007370,2211470
2019,일반의,A78,1,1,1,11210,7910
2019,일반의,A79,60,85,85,1728650,1285250
2019,일반의,A80,2,2,2,29350,20650
2019,일반의,A81,2,109,109,1819320,1276320
2019,일반의,A83,1,1,1,15690,10990
2019,일반의,A85,2,2,2,65320,51220
2019,일반의,A86,174,217,350,26570640,23504930
2019,일반의,A87,958,1476,1826,77018060,65295730
2019,일반의,A88,521,868,868,14966210,11957810
2019,일반의,A92,6,7,7,267090,187190
2019,일반의,A93,4,6,6,86560,64060
2019,일반의,A97,3,3,3,42310,29710
2019,일반의,A98,7,11,40,2886250,2188930
2019,일반의,A99,2,2,2,35270,24770
2019,일반의,B00,227847,323903,324048,5251802510,3890363250
2019,일반의,B01,11250,21056,21481,397146810,303778360
2019,일반의,B02,207437,480731,490764,10072240280,7550433370
2019,일반의,B04,1,1,1,13610,10810
2019,일반의,B05,138,160,160,4577860,3289860
2019,일반의,B06,26,32,32,925170,676070
2019,일반의,B07,114751,251216,251244,13058990290,9226129830
2019,일반의,B08,89004,155576,159273,3677245630,2937673930
2019,일반의,B09,2141,2843,2849,45795220,35728650
2019,일반의,B15,767,1189,1581,109666860,85532670
2019,일반의,B16,347,525,551,24784430,17929120
2019,일반의,B17,3773,5648,5840,319415540,228951200
2019,일반의,B18,22532,61232,61482,4001445570,2819653650
2019,일반의,B19,879,1347,1347,51210140,36363860
2019,일반의,B20,6,24,24,594510,451710
2019,일반의,B23,3,3,3,54920,38620
2019,일반의,B24,12,17,17,249160,199760
2019,일반의,B25,9,162,167,8887300,7944980
2019,일반의,B26,1462,2246,2315,52044900,38779960
2019,일반의,B27,52,87,102,5769320,4251530
2019,일반의,B30,4775,7623,7647,129788860,97249040
2019,일반의,B33,2844,4101,4101,73174270,53654570
2019,일반의,B34,2767,4243,4751,130296020,109819190
2019,일반의,B35,762179,1650674,1650666,25182980780,18774625780
2019,일반의,B36,21262,31091,31091,507991110,369788440
2019,일반의,B37,107832,199934,199959,6549980950,4643851640
2019,일반의,B38,7,8,8,121410,92810
2019,일반의,B39,1,1,1,15690,10990
2019,일반의,B40,3,9,9,129120,113620
2019,일반의,B42,1,2,2,26900,18900
2019,일반의,B43,889,1212,1212,34848700,24920960
2019,일반의,B44,12,71,71,1521830,1094130
2019,일반의,B45,2,5,5,90540,78940
2019,일반의,B46,26,50,50,1506010,1188210
2019,일반의,B47,138,186,186,2850810,2210110
2019,일반의,B48,502,1122,1121,18217540,13612840
2019,일반의,B49,1993,4288,4288,71665080,53337980
2019,일반의,B50,5,5,5,77340,62240
2019,일반의,B51,6,6,6,75870,56170
2019,일반의,B52,3,3,3,50960,35760
2019,일반의,B53,9,16,16,214850,164650
2019,일반의,B54,100,107,107,2017900,1430300
2019,일반의,B56,6,15,15,254180,195980
2019,일반의,B58,54,149,149,2348000,1653900
2019,일반의,B60,16,22,22,376100,287700
2019,일반의,B64,11,14,14,192780,135380
2019,일반의,B65,15,35,35,514540,427140
2019,일반의,B66,1063,1252,1252,21571980,16063190
2019,일반의,B68,61,67,67,976120,715520
2019,일반의,B69,11,31,31,418560,329360
2019,일반의,B71,12,14,14,197140,140240
2019,일반의,B73,4,4,4,175740,123140
2019,일반의,B76,23,26,26,571920,425820
2019,일반의,B77,22,22,22,926700,654700
2019,일반의,B79,12,12,12,542050,386850
2019,일반의,B80,97,118,118,1991200,1506400
2019,일반의,B81,39,42,45,6395310,4497090
2019,일반의,B82,65,67,67,2628840,1885040
2019,일반의,B83,351,422,422,7281520,5322620
2019,일반의,B85,3185,3752,3752,68633240,49825840
2019,일반의,B86,9025,14373,14380,227459990,172305690
2019,일반의,B87,18,32,32,694840,543040
2019,일반의,B88,3956,6032,6033,183787290,133430270
2019,일반의,B89,149,179,179,3467390,2570990
2019,일반의,B90,494,774,774,45242080,32483480
2019,일반의,B91,14,233,233,10461750,7336650
2019,일반의,B92,18,20,20,251080,215780
2019,일반의,B94,24,29,29,1362580,1003780
2019,일반의,B96,72,117,119,2029160,1548930
2019,일반의,B97,1404,2589,2590,143815370,101369710
2019,일반의,B98,4156,5360,5360,113840340,80187790
2019,일반의,B99,191,296,296,5081510,3923610
2019,일반의,C00,8,14,14,713670,650460
2019,일반의,C01,30,165,189,5483010,5137230
2019,일반의,C02,91,772,1366,87244910,81297870
2019,일반의,C03,18,233,324,11468010,10744240
2019,일반의,C04,12,53,114,5082200,4689470
2019,일반의,C05,19,119,283,12433420,11148140
2019,일반의,C06,40,249,399,15517170,14605650
2019,일반의,C07,23,59,264,33446140,30987010
2019,일반의,C08,56,374,577,34281150,31920630
2019,일반의,C09,78,484,1027,39037130,35162250
2019,일반의,C10,28,218,567,14434220,13332450
2019,일반의,C11,97,596,1523,81893070,75029190
2019,일반의,C12,9,53,215,13954130,13128550
2019,일반의,C13,62,512,805,84395920,79531960
2019,일반의,C14,12,75,224,2866880,2572920
2019,일반의,C15,481,2617,4908,366073730,339879520
2019,일반의,C16,4712,29215,37752,2187631790,2027512450
2019,일반의,C17,114,638,885,85217240,80118530
2019,일반의,C18,2632,17474,23885,1704196580,1583672310
2019,일반의,C19,311,2218,3454,338510090,315259910
2019,일반의,C20,1270,8101,12344,907535840,844336790
2019,일반의,C21,80,406,553,29026140,26734940
2019,일반의,C22,2239,12521,19650,1789132410,1663789930
2019,일반의,C23,309,2126,3839,385494850,361109290
2019,일반의,C24,607,3491,5842,705475680,659462610
2019,일반의,C25,1260,9298,14602,1695992540,1587268320
2019,일반의,C26,63,371,509,69163430,65033790
2019,일반의,C30,35,206,391,13042220,11693580
2019,일반의,C31,33,371,562,35353390,32682180
2019,일반의,C32,162,782,1524,94084090,87525230
2019,일반의,C33,23,205,205,8375620,7928220
2019,일반의,C34,3734,25927,42722,3775596050,3511389050
2019,일반의,C37,92,765,1144,109608700,102794360
2019,일반의,C38,29,194,285,8352490,7809780
2019,일반의,C39,32,330,330,6046690,5796070
2019,일반의,C40,31,170,423,19884310,17436380
2019,일반의,C41,60,591,898,111778500,104072510
2019,일반의,C43,321,857,1353,55310710,47908190
2019,일반의,C44,800,5081,6016,251368860,228454470
2019,일반의,C45,17,118,192,28372620,26637530
2019,일반의,C46,25,275,354,7036700,6592300
2019,일반의,C47,17,26,51,2440900,2181950
2019,일반의,C48,81,563,1150,83643590,77450900
2019,일반의,C49,175,1615,2150,146231400,136389340
2019,일반의,C50,6459,42237,68744,2786985730,2494110600
2019,일반의,C51,22,332,484,32527610,30187290
2019,일반의,C52,9,58,149,5077270,4488950
2019,일반의,C53,604,4510,7563,457637090,421379030
2019,일반의,C54,940,4231,6759,424425420,362135200
2019,일반의,C55,76,589,785,22083790,19961490
2019,일반의,C56,1216,8181,12610,845711370,758337240
2019,일반의,C57,82,692,1299,51432840,46682760
2019,일반의,C58,4,20,20,444210,419110
2019,일반의,C60,3,19,19,1272280,1197280
2019,일반의,C61,2347,15922,18397,928609500,863016370
2019,일반의,C62,44,142,170,6921090,5772080
2019,일반의,C63,13,25,25,619530,503290
2019,일반의,C64,543,3614,4796,464603700,431332060
2019,일반의,C65,87,521,640,47246620,42955450
2019,일반의,C66,80,370,559,62660570,58561950
2019,일반의,C67,814,4902,6226,410647820,373446760
2019,일반의,C68,35,160,243,6371960,5876890
2019,일반의,C69,15,170,182,3400690,2830570
2019,일반의,C70,40,300,437,29080720,27143400
2019,일반의,C71,466,2818,5582,812056700,755862530
2019,일반의,C72,51,279,295,7177640,6442810
2019,일반의,C73,8187,24155,33669,1666909690,1455264570
2019,일반의,C74,31,412,607,45149590,42318160
2019,일반의,C75,31,392,392,8779350,7839050
2019,일반의,C76,77,302,369,9798110,8680370
2019,일반의,C77,138,492,766,41767710,36949630
2019,일반의,C78,388,2512,3239,166161400,154719190
2019,일반의,C79,174,1489,2034,142582630,131637140
2019,일반의,C80,212,989,1567,158457310,148106780
2019,일반의,C81,51,337,403,12468790,10977890
2019,일반의,C82,66,516,591,19063550,17567620
2019,일반의,C83,217,1269,2150,196325550,182606150
2019,일반의,C84,34,142,385,43931910,40590830
2019,일반의,C85,260,1490,1727,106759960,99546590
2019,일반의,C86,30,167,266,11879100,10921980
2019,일반의,C88,84,336,378,9937270,8613600
2019,일반의,C90,215,1488,2470,207666610,194830830
2019,일반의,C91,92,539,808,88165950,82036680
2019,일반의,C92,180,1269,1364,41440890,38885260
2019,일반의,C93,11,26,63,17182950,16041390
2019,일반의,C94,21,105,106,2330820,2196090
2019,일반의,C95,47,190,192,4031230,3721020
2019,일반의,C96,37,345,345,6660170,6169570
2019,일반의,D00,97,543,549,16823980,15813810
2019,일반의,D01,491,1822,1950,117606300,108948670
2019,일반의,D02,58,581,581,13323020,12616070
2019,일반의,D03,113,194,198,6373010,5150290
2019,일반의,D04,130,654,679,23091010,20990620
2019,일반의,D05,671,2804,3425,170659510,148183380
2019,일반의,D06,583,2213,2580,131572100,118670680
2019,일반의,D07,316,580,620,37081380,28933510
2019,일반의,D09,122,620,622,20769480,19246090
2019,일반의,D10,489,738,750,31915980,23042830
2019,일반의,D11,209,282,285,9227980,6779120
2019,일반의,D12,20534,23976,24457,7084450320,5023617480
2019,일반의,D13,9621,10935,10987,1445180150,1010953190
2019,일반의,D14,2186,2560,2584,289368310,204094520
2019,일반의,D15,131,163,169,10386300,7415340
2019,일반의,D16,281,416,541,30867840,22639310
2019,일반의,D17,30701,77764,78260,4587184280,3285531490
2019,일반의,D18,7141,9088,9158,1188740650,825467330
2019,일반의,D19,23,54,54,1852500,1355100
2019,일반의,D20,22,25,24,2048910,1454110
2019,일반의,D21,12609,36833,37082,2073432470,1493035360
2019,일반의,D22,2482,2962,2962,72537130,52475830
2019,일반의,D23,62855,126279,126558,7332962570,5230068400
2019,일반의,D24,22547,31907,32117,1913621230,1355688610
2019,일반의,D25,30731,41272,44058,3609615760,2711859660
2019,일반의,D26,1003,1116,1146,59829390,43610440
2019,일반의,D27,6572,8719,9250,836548410,613093250
2019,일반의,D28,1938,3433,3453,481966690,338422550
2019,일반의,D29,1614,2833,2847,307692940,216702410
2019,일반의,D30,1922,2216,2265,322081870,224713530
2019,일반의,D31,129,180,180,14177150,10258950
2019,일반의,D32,454,2912,3296,164543430,147476600
2019,일반의,D33,438,1769,2279,154377900,130276720
2019,일반의,D34,17601,22320,22357,1470710020,1034758470
2019,일반의,D35,739,1707,1737,118408710,88050940
2019,일반의,D36,2925,5939,6030,348792290,248758600
2019,일반의,D37,2308,3559,3792,374041700,277963160
2019,일반의,D38,1832,2097,2133,209686370,148488550
2019,일반의,D39,1824,3110,3124,260240440,181386090
2019,일반의,D40,171,553,550,15484690,12620790
2019,일반의,D41,376,588,596,56006610,40986450
2019,일반의,D42,38,209,236,7057350,6260730
2019,일반의,D43,165,477,906,140944150,127190330
2019,일반의,D44,3207,4492,4519,365109650,260287240
2019,일반의,D45,68,393,393,10531010,9803910
2019,일반의,D46,121,1127,1231,31187780,28866040
2019,일반의,D47,246,1072,1097,39909580,35042770
2019,일반의,D48,1780,2758,3027,263279360,199392120
2019,일반의,D50,55751,100926,101069,3024728300,2209073930
2019,일반의,D51,568,1874,1874,31817500,25320200
2019,일반의,D52,482,854,854,12736490,9582890
2019,일반의,D53,630,1573,1575,38545640,28560560
2019,일반의,D55,9,9,9,165470,133070
2019,일반의,D56,7,13,13,436640,342540
2019,일반의,D57,1,1,1,15690,10990
2019,일반의,D58,14,40,40,816740,619740
2019,일반의,D59,73,135,135,2949710,2236810
2019,일반의,D60,5,5,5,81380,64580
2019,일반의,D61,44,145,145,3235060,2727990
2019,일반의,D62,85,121,119,3593200,2668420
2019,일반의,D63,111,222,222,6182620,4881520
2019,일반의,D64,23232,32136,32169,1347048340,969535870
2019,일반의,D65,2,9,9,152580,110480
2019,일반의,D66,1057,14739,14738,85226640150,77105551850
2019,일반의,D67,256,3248,3248,33276153080,30079729380
2019,일반의,D68,402,945,957,1610877170,1444749260
2019,일반의,D69,4743,8046,8063,152655800,115410060
2019,일반의,D70,45,78,78,1514060,1152160
2019,일반의,D71,2,3,3,67020,51320
2019,일반의,D72,2159,2634,2643,86565910,61643870
2019,일반의,D73,148,181,192,17728200,12358620
2019,일반의,D74,2,2,2,33990,23890
2019,일반의,D75,473,604,604,25162250,18970550
2019,일반의,D76,44,88,88,6922360,4897260
2019,일반의,D77,15,21,21,434590,308790
2019,일반의,D80,7,35,35,628320,460940
2019,일반의,D81,3,10,10,157000,123600
2019,일반의,D82,22,243,243,14231640,12986660
2019,일반의,D83,2,4,4,63650,57450
2019,일반의,D84,61,250,263,4124590,3216890
2019,일반의,D86,27,69,69,2344830,1949930
2019,일반의,D89,15,32,32,538400,362210
2019,일반의,E00,18,28,28,604520,457420
2019,일반의,E01,35,70,70,2196200,1570660
2019,일반의,E02,526,2374,2374,81882460,60923960
2019,일반의,E03,63512,220964,221050,6616030090,4802197960
2019,일반의,E04,31159,38964,39014,2376343490,1677981240
2019,일반의,E05,20017,66038,66124,2570676210,1836322120
2019,일반의,E06,10529,18955,18968,1052169270,745557770
2019,일반의,E07,22839,31159,31200,1657736150,1180986760
2019,일반의,E10,7327,31686,32788,704190790,544710920
2019,일반의,E11,513043,3308297,3324273,71903036580,55735416760
2019,일반의,E12,228,1089,1092,21413030,16799590
2019,일반의,E13,19565,93822,93937,2040884280,1569505500
2019,일반의,E14,81369,385649,386208,8557552870,6552298160
2019,일반의,E15,16,18,29,1600840,1220500
2019,일반의,E16,3275,6323,6338,226363160,179363490
2019,일반의,E20,289,683,683,19838340,14654440
2019,일반의,E21,870,1659,1659,119327240,85369940
2019,일반의,E22,1690,3273,3271,167748650,121641390
2019,일반의,E23,542,2193,2196,54027790,40316250
2019,일반의,E24,148,480,511,16081360,12853170
2019,일반의,E25,33,108,108,1945050,1574950
2019,일반의,E26,17,38,38,2735830,2460230
2019,일반의,E27,622,1543,1589,53548960,41114570
2019,일반의,E28,9334,21035,21032,1161590450,791470950
2019,일반의,E29,737,1708,1708,52544490,37425990
2019,일반의,E30,5641,26070,26070,2376934480,1671409600
2019,일반의,E31,3,4,4,117990,86290
2019,일반의,E32,20,24,24,539370,397670
2019,일반의,E34,1048,2275,2275,55788750,39592450
2019,일반의,E35,178,313,313,20222350,14596780
2019,일반의,E40,1,1,1,19580,13780
2019,일반의,E41,189,431,431,4933480,3922880
2019,일반의,E42,3,3,3,42720,33720
2019,일반의,E43,2,2,2,95040,69040
2019,일반의,E44,71,133,133,2649740,1970940
2019,일반의,E45,10,10,10,156670,116270
2019,일반의,E46,342,659,681,11883550,9271140
2019,일반의,E50,6318,10414,10414,148171330,110847470
2019,일반의,E51,90,176,269,8979590,6374200
2019,일반의,E53,935,1462,1462,33112020,24631730
2019,일반의,E54,123,274,274,5525400,4083600
2019,일반의,E55,33648,51497,51527,1031814560,748210610
2019,일반의,E56,1708,2378,2378,46694730,35445270
2019,일반의,E58,1798,3785,3785,57540520,44181220
2019,일반의,E59,10,13,27,1545030,1274040
2019,일반의,E60,20,32,32,938050,625450
2019,일반의,E61,1168,1730,1729,29425340,22111880
2019,일반의,E63,1821,2998,3012,70026430,55670470
2019,일반의,E64,92,129,140,3466220,2644230
2019,일반의,E65,42,44,44,768640,583440
2019,일반의,E66,6244,11379,11416,707664360,511127110
2019,일반의,E67,77,107,107,1887190,1341090
2019,일반의,E68,1,1,1,66190,52990
2019,일반의,E70,39,45,45,845820,662420
2019,일반의,E71,29,288,290,17946620,15892500
2019,일반의,E72,71,202,202,9357710,8353270
2019,일반의,E73,233,318,318,4986870,4565970
2019,일반의,E74,16,34,34,1617560,1390960
2019,일반의,E75,56,514,514,18149690,16043090
2019,일반의,E76,15,61,61,4760170,4108670
2019,일반의,E77,6,29,29,1127290,1005690
2019,일반의,E78,461241,1310276,1310348,28876744140,21034616680
2019,일반의,E79,1489,2429,2429,62158830,45469730
2019,일반의,E80,268,334,334,12407590,8721110
2019,일반의,E83,3923,7209,7295,154142830,121819820
2019,일반의,E84,14,21,21,452320,341920
2019,일반의,E85,13,71,71,1387480,1197180
2019,일반의,E86,43058,67546,67713,2163462880,1641807040
2019,일반의,E87,9217,21598,21676,1078101420,852034810
2019,일반의,E88,736,2267,2270,61608300,45055730
2019,일반의,E89,1688,4992,4993,138555010,100771230
2019,일반의,E90,52,212,212,2930230,2086430
2019,일반의,F00,44124,269708,305208,9938765710,7662116530
2019,일반의,F01,3043,11698,13903,482779300,371841300
2019,일반의,F02,392,1901,2334,109778260,86349240
2019,일반의,F03,5913,24314,24970,1416808880,1128905720
2019,일반의,F04,37,76,76,1036410,894210
2019,일반의,F05,224,574,583,21499140,16436460
2019,일반의,F06,64587,198911,202508,4163500300,3352510610
2019,일반의,F07,630,1557,2792,140925530,106299330
2019,일반의,F09,107,556,585,15676880,12273110
2019,일반의,F10,2443,11258,40562,2881520590,2192673690
2019,일반의,F11,3,10,217,12038290,8769950
2019,일반의,F13,29,199,199,3138960,2449460
2019,일반의,F15,3,5,5,356460,282260
2019,일반의,F16,4,13,13,580660,477260
2019,일반의,F17,446,770,770,12383840,8934740
2019,일반의,F18,1,1,1,19580,13780
2019,일반의,F19,11,12,12,726020,551220
2019,일반의,F20,3855,41583,83355,5583031740,4615703100
2019,일반의,F21,21,262,262,12844360,11253560
2019,일반의,F22,253,1725,3352,220400150,171139270
2019,일반의,F23,323,2108,2952,168802090,133060290
2019,일반의,F25,378,5204,9368,635964840,535973360
2019,일반의,F28,133,707,1201,112204730,92948170
2019,일반의,F29,690,6563,8815,518937640,420980700
2019,일반의,F30,139,645,645,15875290,12648470
2019,일반의,F31,7168,53978,66723,3655630730,2826069230
2019,일반의,F32,52745,319378,332541,16857230170,13326392520
2019,일반의,F33,6007,39151,39727,1843794320,1446787540
2019,일반의,F34,2800,15370,17138,757033130,597630940
2019,일반의,F38,2980,7537,7537,228284530,170693030
2019,일반의,F39,1399,3450,3451,88184500,70245980
2019,일반의,F40,4062,16620,16639,722258780,575762780
2019,일반의,F41,88210,329218,331638,10958860620,8650904820
2019,일반의,F42,1597,12059,12163,711923770,559060730
2019,일반의,F43,10183,35943,36121,1890368970,1505219320
2019,일반의,F44,98,346,346,19868250,15252050
2019,일반의,F45,11038,28617,28617,767192520,603055490
2019,일반의,F48,18667,37563,37656,899263210,688600160
2019,일반의,F50,2550,10178,10178,578038750,456144720
2019,일반의,F51,71427,262754,263562,5677328910,4450970870
2019,일반의,F52,970,1540,1540,18785340,13800830
2019,일반의,F53,13,42,42,2301860,1792460
2019,일반의,F54,215,325,325,5441280,4102980
2019,일반의,F55,7,8,8,181580,134180
2019,일반의,F59,416,679,679,9584130,7016430
2019,일반의,F60,144,763,985,62509430,48717340
2019,일반의,F61,2,3,3,478580,351880
2019,일반의,F62,7,23,171,16272660,12523660
2019,일반의,F63,246,1052,1186,79307520,62117810
2019,일반의,F64,979,6688,6688,120137420,86546920
2019,일반의,F65,34,222,222,11721090,9129990
2019,일반의,F66,63,145,145,3326990,2593690
2019,일반의,F68,8,32,32,1325860,1123260
2019,일반의,F69,2,10,10,596760,509160
2019,일반의,F70,657,4264,5549,286324130,224299530
2019,일반의,F71,279,2353,3671,187942110,147411790
2019,일반의,F72,157,1171,1273,55286860,41234570
2019,일반의,F73,25,185,571,30550380,22901070
2019,일반의,F78,69,451,834,50987530,39638090
2019,일반의,F79,103,845,1232,62294910,49666250
2019,일반의,F80,769,4437,4436,279749880,249326570
2019,일반의,F81,63,411,411,19722640,15169440
2019,일반의,F82,9,54,54,1795250,1618810
2019,일반의,F83,25,1103,1103,42028040,30008940
2019,일반의,F84,1041,10906,13269,746981240,616298380
2019,일반의,F88,4,5,5,106650,81950
2019,일반의,F89,57,152,178,12429150,10023720
2019,일반의,F90,7336,66230,66230,3639877930,2853270410
2019,일반의,F91,228,1333,1378,69074030,54808890
2019,일반의,F92,379,1372,1584,70575170,56813760
2019,일반의,F93,394,1832,1832,108782480,85510480
2019,일반의,F94,78,372,372,24136970,19596270
2019,일반의,F95,1289,8309,8309,493523380,380680980
2019,일반의,F98,534,1667,2025,133169370,111072280
2019,일반의,F99,590,4552,4552,187111510,143694110
2019,일반의,G00,19,25,48,3165070,2566110
2019,일반의,G01,1,1,1,19580,13780
2019,일반의,G02,3,4,4,57400,46200
2019,일반의,G03,353,549,790,51089090,44633720
2019,일반의,G04,70,514,519,39969800,36357120
2019,일반의,G05,703,1013,1056,21545610,15988850
2019,일반의,G06,12,32,40,1562710,1215300
2019,일반의,G07,1,1,2,1142720,842210
2019,일반의,G10,8,40,46,2542370,2024810
2019,일반의,G11,84,1734,1732,88354240,77554900
2019,일반의,G12,160,2222,2222,82510300,72600500
2019,일반의,G13,6,83,83,4226760,3997360
2019,일반의,G14,57,181,190,5232100,4162590
2019,일반의,G20,4674,27720,28046,813186980,695287770
2019,일반의,G21,597,2412,2423,55714460,45622450
2019,일반의,G22,272,1012,1012,18025590,14613290
2019,일반의,G23,66,229,229,11525180,8673640
2019,일반의,G24,2956,4770,4787,96788270,73845000
2019,일반의,G25,12815,31945,32090,663303730,512672380
2019,일반의,G26,12,40,40,650730,512830
2019,일반의,G30,2444,10437,10455,195894740,154295880
2019,일반의,G31,74078,217192,217248,3537134900,2904291970
2019,일반의,G32,126,320,320,4516650,3791750
2019,일반의,G35,79,698,698,13970800,12156700
2019,일반의,G36,17,90,90,2818380,2491780
2019,일반의,G37,61,519,552,22933060,17586030
2019,일반의,G40,5217,27895,28074,796342950,654301830
2019,일반의,G41,373,1943,1951,47974770,40980220
2019,일반의,G43,95731,180981,181211,3362147580,2479249900
2019,일반의,G44,84137,140368,141076,4626237050,3366652650
2019,일반의,G45,3238,8782,9124,438092920,323486890
2019,일반의,G46,1152,3328,4302,157296190,118414300
2019,일반의,G47,190874,603835,609443,18851455840,14829307150
2019,일반의,G50,8506,22429,22533,609671600,458825760
2019,일반의,G51,4433,12712,12918,344370560,251376570
2019,일반의,G52,281,476,530,19401300,14274200
2019,일반의,G53,39418,131738,132405,2579522900,2044570750
2019,일반의,G54,5172,15224,15968,819182440,598381370
2019,일반의,G55,2368,11118,11319,396403340,298074970
2019,일반의,G56,24861,60155,61054,2156132270,1557598130
2019,일반의,G57,22423,70225,70448,2785311880,2022585360
2019,일반의,G58,12629,26658,26715,968613720,713464650
2019,일반의,G59,587,1513,1513,30851510,24049910
2019,일반의,G60,43,328,349,14806700,13189310
2019,일반의,G61,107,830,1036,34211560,28922000
2019,일반의,G62,1536,4840,4853,96192930,75387760
2019,일반의,G63,3906,13591,13616,282106450,223973210
2019,일반의,G64,4322,8633,8785,188360030,144367400
2019,일반의,G70,178,799,819,19487360,16930570
2019,일반의,G71,189,3831,3831,169039810,152619320
2019,일반의,G72,37,70,99,3938550,2889620
2019,일반의,G73,46,77,77,2179920,1632320
2019,일반의,G80,1290,59844,65472,4428019470,3729753500
2019,일반의,G81,1094,17342,21476,1264943860,957750740
2019,일반의,G82,356,6218,7456,436670070,350423260
2019,일반의,G83,516,1483,1502,46548050,35727540
2019,일반의,G90,3510,7348,7547,229396090,167985710
2019,일반의,G91,225,938,966,32754370,27236760
2019,일반의,G93,2508,6293,6351,565873750,430073440
2019,일반의,G94,19,225,225,3462970,2984470
2019,일반의,G95,889,4228,4317,91226500,71534060
2019,일반의,G96,37,203,213,10725590,8464220
2019,일반의,G97,5,10,15,540910,417860
2019,일반의,G98,84,121,121,3530510,2575510
2019,일반의,G99,505,1085,1115,22334480,17193030
2019,일반의,H00,79526,107115,107123,2048341120,1475968470
2019,일반의,H01,34325,42320,42322,695053000,516362130
2019,일반의,H02,8461,20100,20189,695027010,511849730
2019,일반의,H03,795,1620,1646,37722320,29426200
2019,일반의,H04,95117,166686,166681,2661690580,1995803340
2019,일반의,H05,968,1208,1218,23370460,17347050
2019,일반의,H06,89,123,123,4040070,2884670
2019,일반의,H10,226623,318264,318282,5307702930,4044876870
2019,일반의,H11,22694,36215,36239,655912030,485575130
2019,일반의,H13,232,298,301,4933210,3804600
2019,일반의,H15,496,726,726,14778990,10673190
2019,일반의,H16,32214,50756,50777,895092800,676794840
2019,일반의,H17,137,342,342,6787380,5412480
2019,일반의,H18,893,1691,1691,29804800,22855200
2019,일반의,H19,6556,11477,11477,264787000,197079970
2019,일반의,H20,862,2672,2672,53152890,39418190
2019,일반의,H21,71,128,128,3043730,2248330
2019,일반의,H22,4,4,4,118630,83230
2019,일반의,H25,15608,39996,39995,1821397150,1429017820
2019,일반의,H26,3348,5621,5621,478050740,341996100
2019,일반의,H27,224,724,724,17194600,13826800
2019,일반의,H28,38,77,77,1975540,1627010
2019,일반의,H30,190,227,227,4756290,3749890
2019,일반의,H31,45,202,202,2935490,2425190
2019,일반의,H32,17,20,20,295560,244960
2019,일반의,H33,103,142,155,7343050,5253380
2019,일반의,H34,271,689,690,13069630,10168830
2019,일반의,H35,3886,6910,6940,228373940,171550630
2019,일반의,H36,4847,13078,13078,264516070,207255250
2019,일반의,H40,8358,18230,18230,425089660,323827330
2019,일반의,H42,124,298,298,4064650,3391850
2019,일반의,H43,2194,3201,3201,93780720,68207820
2019,일반의,H44,292,358,358,6783780,5095040
2019,일반의,H45,16,38,38,567780,395140
2019,일반의,H46,28,73,73,6329890,4436190
2019,일반의,H47,147,221,221,18081280,12885380
2019,일반의,H48,4,4,4,354820,251720
2019,일반의,H49,33,93,93,4012300,2944600
2019,일반의,H50,407,458,461,21706240,15980390
2019,일반의,H51,7,7,7,104430,82730
2019,일반의,H52,21403,26438,26438,984245090,699647490
2019,일반의,H53,1161,1503,1503,86461370,61519120
2019,일반의,H54,359,668,668,16150320,12613020
2019,일반의,H55,52,61,61,3378300,2582800
2019,일반의,H57,767,971,971,18959380,13980380
2019,일반의,H58,3,3,3,83010,62510
2019,일반의,H59,52,86,86,1240640,1007340
2019,일반의,H60,99886,168553,168568,2807427380,2109847040
2019,일반의,H61,18524,27669,27683,760024680,563299840
2019,일반의,H62,1505,3168,3168,56469220,42579720
2019,일반의,H65,50171,116341,116537,2043563810,1553545130
2019,일반의,H66,126633,323235,324199,5776229430,4467073840
2019,일반의,H67,2961,4770,4770,85655940,63019340
2019,일반의,H68,5183,9831,9831,158159680,116540780
2019,일반의,H69,1060,1367,1367,41576220,29808420
2019,일반의,H70,228,324,326,8957320,6761820
2019,일반의,H71,225,1146,1221,106783700,79211480
2019,일반의,H72,680,1558,1606,79612360,59479560
2019,일반의,H73,1223,3065,3067,52946790,39925800
2019,일반의,H74,103,279,297,37927130,28581140
2019,일반의,H75,2,2,2,37240,30440
2019,일반의,H80,18,50,62,9154560,6986180
2019,일반의,H81,123182,226905,229648,5294447770,4042862220
2019,일반의,H82,1201,1855,1855,32340020,25706820
2019,일반의,H83,647,991,998,20250380,15292860
2019,일반의,H90,7686,16328,16663,3540888150,2647250700
2019,일반의,H91,4815,8210,8240,397521270,289064420
2019,일반의,H92,3379,4129,4129,72817590,53996890
2019,일반의,H93,17033,32593,32621,894385850,664963220
2019,일반의,H94,2,2,2,30790,21690
2019,일반의,H95,10,16,16,253640,192840
2019,일반의,I00,236,589,595,12881590,10029620
2019,일반의,I01,38,94,94,1654020,1357320
2019,일반의,I02,1,1,1,19580,13780
2019,일반의,I05,260,822,822,28252690,20899490
2019,일반의,I06,63,193,193,9951430,7286430
2019,일반의,I07,64,141,141,4410810,3272410
2019,일반의,I08,170,440,440,32948250,31002550
2019,일반의,I09,18,34,34,682510,543810
2019,일반의,I10,1606083,10968776,10969456,192732178900,151367638630
2019,일반의,I11,18498,118125,118172,2198841360,1765433490
2019,일반의,I12,833,3673,3693,78221890,60437000
2019,일반의,I13,2302,14930,14930,284536530,226787870
2019,일반의,I15,1903,8330,8330,131705730,104339610
2019,일반의,I20,25350,76518,77316,1649260270,1288586030
2019,일반의,I21,1657,4106,4151,194924210,143699420
2019,일반의,I22,135,875,875,16302200,13645500
2019,일반의,I23,79,298,298,5663330,4298030
2019,일반의,I24,774,2246,2271,48537510,38597210
2019,일반의,I25,4108,11034,11218,280406380,215487110
2019,일반의,I26,89,365,365,6839530,5489130
2019,일반의,I27,63,151,151,2734050,2233850
2019,일반의,I28,22,28,28,1342590,972690
2019,일반의,I30,13,15,15,616870,445370
2019,일반의,I31,168,411,427,18922410,13573130
2019,일반의,I32,1,1,1,15690,10990
2019,일반의,I33,8,32,47,2556880,2010270
2019,일반의,I34,345,952,952,43211540,26573570
2019,일반의,I35,485,1451,1477,52892550,39979890
2019,일반의,I36,17,24,24,1365140,995040
2019,일반의,I37,30,52,52,1730070,1383370
2019,일반의,I38,21,43,45,1360480,1043880
2019,일반의,I39,44,204,204,3535250,2852750
2019,일반의,I40,43,57,57,3032850,2177750
2019,일반의,I41,25,32,32,561990,400890
2019,일반의,I42,371,1665,1683,57626950,48239710
2019,일반의,I43,2,2,2,25690,22390
2019,일반의,I44,120,160,167,4968170,3570440
2019,일반의,I45,307,455,455,9739800,7197720
2019,일반의,I46,14,17,17,1930490,1368690
2019,일반의,I47,2041,4324,4351,85514660,64540820
2019,일반의,I48,3939,12961,12991,297967770,227700320
2019,일반의,I49,10419,18885,19018,430882890,325301920
2019,일반의,I50,6872,24342,24831,533128320,422382650
2019,일반의,I51,2223,3807,3809,101414540,77029400
2019,일반의,I52,10,14,14,193030,145030
2019,일반의,I60,144,764,1322,140202310,107604570
2019,일반의,I61,419,3533,4055,187085400,147274910
2019,일반의,I62,72,392,615,86642310,72513040
2019,일반의,I63,13502,58742,60277,1945277030,1496482310
2019,일반의,I64,882,3803,3820,168719880,134798550
2019,일반의,I65,6037,13036,13070,562525060,407950170
2019,일반의,I66,1121,2344,2386,158231360,115018850
2019,일반의,I67,14148,31337,32340,2515380540,1834934770
2019,일반의,I68,553,1304,1344,139349180,100253800
2019,일반의,I69,4126,21409,21886,471132080,377955830
2019,일반의,I70,10559,26411,26434,626726730,475010780
2019,일반의,I71,267,570,586,23349520,17597600
2019,일반의,I72,262,431,449,19208300,13977110
2019,일반의,I73,65926,146372,146399,2327655310,1834143770
2019,일반의,I74,872,2096,2096,54495990,46328090
2019,일반의,I77,167,408,409,12926060,9626380
2019,일반의,I78,1287,2066,2066,36247560,27640040
2019,일반의,I79,568,1202,1229,22976340,18073050
2019,일반의,I80,2487,4975,5002,91680020,69890270
2019,일반의,I81,2,3,3,36900,30300
2019,일반의,I82,635,1384,1386,27954570,22138330
2019,일반의,I83,28843,68417,70060,4568053140,3510558200
2019,일반의,I84,1,1,1,15690,10990
2019,일반의,I85,41,69,69,2793680,1956600
2019,일반의,I86,1684,3242,3258,307179360,216238540
2019,일반의,I87,27499,55875,55889,985800100,749381310
2019,일반의,I88,5331,7926,8023,175454680,129119320
2019,일반의,I89,5058,10854,10926,217921310,163710590
2019,일반의,I95,4642,6482,6601,145658380,109509090
2019,일반의,I97,66,236,236,4732240,3909440
2019,일반의,I98,83,148,148,2642010,2066010
2019,일반의,I99,676,1205,1205,19780430,15441530
2019,일반의,J00,814874,1482710,1483317,23270141830,17578981130
2019,일반의,J01,376925,797218,797866,12556477340,9415875630
2019,일반의,J02,798131,1386179,1387063,22170450180,16472560170
2019,일반의,J03,1138311,1981692,1987068,33048447320,24440866260
2019,일반의,J04,431849,813335,814300,13164099590,9876869950
2019,일반의,J05,7327,12072,12448,267334190,213426330
2019,일반의,J06,1224353,2240828,2241538,35554037450,26581138470
2019,일반의,J09,15672,23493,24608,503887630,379708260
2019,일반의,J10,134108,197304,212662,5753846840,4580115390
2019,일반의,J11,116899,172705,175833,3270511320,2428365280
2019,일반의,J12,840,1349,2802,239295950,214719650
2019,일반의,J13,145,199,816,88699780,80325070
2019,일반의,J14,93,129,668,82953400,74783480
2019,일반의,J15,33922,76145,84481,2432787870,1962855970
2019,일반의,J16,938,2384,2422,46011350,36183010
2019,일반의,J17,404,822,838,17553390,13515560
2019,일반의,J18,93317,207822,243376,9365843840,7620999850
2019,일반의,J20,3984564,9420053,9432682,149917485140,113151867940
2019,일반의,J21,158699,381422,383769,6447594260,4984691030
2019,일반의,J22,157114,317498,317793,4977397900,3751274910
2019,일반의,J30,1337433,2617368,2617446,42222429370,31540097580
2019,일반의,J31,41996,114471,114481,1832686600,1410153180
2019,일반의,J32,79501,180450,180517,3324323950,2455344550
2019,일반의,J33,488,813,825,31766280,22859900
2019,일반의,J34,25287,47280,47758,2026136290,1531682750
2019,일반의,J35,23431,45104,45231,810306760,597908080
2019,일반의,J36,169716,300977,302434,4929524470,3646043750
2019,일반의,J37,11810,21790,21790,365301770,275069050
2019,일반의,J38,10804,17467,17507,568242540,407640640
2019,일반의,J39,51170,88850,88956,1565102280,1152974350
2019,일반의,J40,417998,845580,847361,13611501820,10372458470
2019,일반의,J41,91897,221449,221506,3471525000,2736928140
2019,일반의,J42,80372,191629,192287,3411024670,2698922340
2019,일반의,J43,1972,2608,2651,209380560,148589680
2019,일반의,J44,17205,54913,55868,1046903550,843475490
2019,일반의,J45,209078,553595,557483,9750754130,7614240300
2019,일반의,J46,3386,9780,9856,167761760,130444450
2019,일반의,J47,4354,11208,11270,342046310,253514320
2019,일반의,J60,51,75,75,1399510,1119850
2019,일반의,J61,22,109,109,2585540,2032640
2019,일반의,J62,15,18,18,385280,282380
2019,일반의,J63,5,9,9,76920,57420
2019,일반의,J64,48,107,107,2828600,2144900
2019,일반의,J65,5,24,24,633630,453930
2019,일반의,J66,5,5,5,70070,54770
2019,일반의,J67,15,17,17,541960,395860
2019,일반의,J68,28,31,35,961050,724470
2019,일반의,J69,67,235,258,12996220,10142270
2019,일반의,J70,188,265,265,4199240,3110340
2019,일반의,J80,28,29,29,1001720,726820
2019,일반의,J81,93,165,266,15964830,12217170
2019,일반의,J82,85,160,160,4058770,3098470
2019,일반의,J84,1240,2235,2302,111323000,83309760
2019,일반의,J85,40,73,98,5597760,4177320
2019,일반의,J86,18,39,39,1819530,1311330
2019,일반의,J90,364,497,529,27522820,20466320
2019,일반의,J91,39,46,46,2300000,1665200
2019,일반의,J92,37,42,42,2653440,1881640
2019,일반의,J93,984,1493,1665,59205010,44058890
2019,일반의,J94,182,224,243,19131730,13646310
2019,일반의,J95,4,11,11,291010,220610
2019,일반의,J96,81,120,138,5341470,4108980
2019,일반의,J98,16101,18948,18957,1842390070,1294238900
2019,일반의,J99,12,12,12,1560910,1093310
2019,일반의,K00,32,41,41,620720,472020
2019,일반의,K01,96,115,115,2105530,1566830
2019,일반의,K02,173,206,206,2944430,2279230
2019,일반의,K03,126,211,211,3403940,2764040
2019,일반의,K04,3233,5754,5763,88887270,70315380
2019,일반의,K05,39279,68033,68036,1003760020,791117500
2019,일반의,K06,136,213,213,3595250,2747750
2019,일반의,K07,6992,12007,12007,239115220,177239660
2019,일반의,K08,2416,3179,3179,51167880,38897430
2019,일반의,K09,155,191,193,5466560,4052010
2019,일반의,K10,381,601,601,10913340,8117840
2019,일반의,K11,8430,12462,12508,235974680,174023160
2019,일반의,K12,95185,150746,150905,2419887770,1861642470
2019,일반의,K13,6627,9104,9111,150663210,112620310
2019,일반의,K14,8264,12550,12552,193651860,152801570
2019,일반의,K20,4134,6114,6121,149827380,109176910
2019,일반의,K21,776536,1417194,1418333,30635881620,22534393160
2019,일반의,K22,933,1736,1746,53469350,39165070
2019,일반의,K23,175,223,223,3798260,2794060
2019,일반의,K25,153166,273517,274916,7189243150,5274064170
2019,일반의,K26,44265,65082,65401,2336183320,1667342620
2019,일반의,K27,64012,124214,124535,2096448900,1604546300
2019,일반의,K28,307,537,550,10139040,7823600
2019,일반의,K29,1236130,2069526,2071621,43503120690,32026752170
2019,일반의,K30,139956,208216,208290,3773537390,2818685930
2019,일반의,K31,23508,34829,34928,1501652360,1089377420
2019,일반의,K35,4159,5259,6821,1132618080,883052020
2019,일반의,K36,680,808,809,53316980,37830110
2019,일반의,K37,1860,2032,2100,86993920,65240650
2019,일반의,K38,277,292,297,12250060,8650510
2019,일반의,K40,2162,2862,3116,166927580,128562810
2019,일반의,K41,79,98,98,2349510,1869770
2019,일반의,K42,176,233,238,8683170,6630770
2019,일반의,K43,242,335,346,9399060,7261600
2019,일반의,K44,30,43,43,1610570,1191170
2019,일반의,K45,65,94,110,4307140,3301460
2019,일반의,K46,318,355,359,8426850,6465470
2019,일반의,K50,932,2128,2164,56499130,44937830
2019,일반의,K51,1094,2984,2997,135182560,106337000
2019,일반의,K52,393735,562918,566760,10262009710,7683717650
2019,일반의,K55,115,175,206,8864050,6464050
2019,일반의,K56,6791,10157,10679,277063820,208585820
2019,일반의,K57,1892,2814,3163,260490050,186424210
2019,일반의,K58,272721,421275,422169,10829200210,8005507390
2019,일반의,K59,296576,482424,482904,10610519330,7968554720
2019,일반의,K60,5852,15469,17281,1659584010,1265871820
2019,일반의,K61,3588,11208,11653,984735080,780144280
2019,일반의,K62,4869,6721,6822,593048870,426851620
2019,일반의,K63,119729,134030,134669,44480208400,31233927480
2019,일반의,K64,41015,83215,90332,7139675600,5389910320
2019,일반의,K65,303,509,629,32778290,24852300
2019,일반의,K66,132,262,312,14298610,10695730
2019,일반의,K67,160,189,189,3699450,2688050
2019,일반의,K70,13270,27637,29188,1016744230,730948980
2019,일반의,K71,7101,13669,14320,427907730,308042240
2019,일반의,K72,853,1470,1501,45606950,32960040
2019,일반의,K73,29858,59805,61024,2025528080,1459412670
2019,일반의,K74,2337,5687,6477,301262690,222137150
2019,일반의,K75,54806,93703,94596,3378855550,2404630870
2019,일반의,K76,146443,210216,211257,11783868000,8285582950
2019,일반의,K77,1515,3145,3160,143769760,103900890
2019,일반의,K80,10843,18663,19255,1049259320,740179970
2019,일반의,K81,2043,2878,3148,173899060,126318240
2019,일반의,K82,16444,18012,18038,2064204680,1415135810
2019,일반의,K83,4016,5599,5634,183067070,130732590
2019,일반의,K85,1190,2133,2570,146868980,108558480
2019,일반의,K86,3060,4587,4743,349639030,243310860
2019,일반의,K87,408,475,475,49541430,33337860
2019,일반의,K90,256,378,378,7764350,5776450
2019,일반의,K91,320,893,914,19376820,14945350
2019,일반의,K92,6244,8838,8891,262121020,194456910
2019,일반의,K93,857,1151,1151,21312400,15473700
2019,일반의,L00,31,55,94,5849240,5039710
2019,일반의,L01,71647,118938,119032,2090510790,1562276900
2019,일반의,L02,406127,830001,831033,16786606310,12265042040
2019,일반의,L03,363626,684569,688688,13288704260,9979682220
2019,일반의,L04,96760,158257,158611,2646121390,1939468790
2019,일반의,L05,7694,16927,16975,320991250,228852630
2019,일반의,L08,158625,276381,276474,5124826040,3791039940
2019,일반의,L10,245,731,731,13077760,10481220
2019,일반의,L11,673,737,737,12418690,8880090
2019,일반의,L12,224,519,519,17518510,14985210
2019,일반의,L13,6224,10145,10150,175053120,129315680
2019,일반의,L14,53,99,99,1886030,1377430
2019,일반의,L20,211671,427419,427539,8310440810,6157926030
2019,일반의,L21,228709,410831,410830,6506897680,4854238360
2019,일반의,L22,1500,1900,1900,34413690,28671410
2019,일반의,L23,1509837,2770645,2771078,45986564980,34708152800
2019,일반의,L24,299086,496456,496453,8085912530,6058982320
2019,일반의,L25,176404,299827,299842,4786169270,3653468840
2019,일반의,L26,1214,1909,1909,30167170,22618070
2019,일반의,L27,14318,25535,25608,446600350,336928510
2019,일반의,L28,71279,131057,131080,2893305970,2129557630
2019,일반의,L29,87722,162444,162440,3070057880,2373780320
2019,일반의,L30,371429,622116,622168,10298958530,7701631760
2019,일반의,L40,41949,117317,117361,2041219400,1501325510
2019,일반의,L41,628,1409,1409,23739270,17628770
2019,일반의,L42,5460,8976,8976,160300000,114023400
2019,일반의,L43,2403,4286,4286,96822380,70293440
2019,일반의,L44,1092,1584,1584,25195570,18685770
2019,일반의,L45,39,70,70,1245970,961370
2019,일반의,L50,704969,1274089,1274463,23567375170,17570324140
2019,일반의,L51,1774,3085,3146,59876620,45524570
2019,일반의,L52,596,1170,1170,19383080,14537780
2019,일반의,L53,4321,7157,7157,114176590,85779530
2019,일반의,L54,73,95,95,1400520,1027020
2019,일반의,L55,3283,3982,3982,80960030,57660170
2019,일반의,L56,2372,3121,3121,51754670,37466470
2019,일반의,L57,2796,3864,3864,119924830,88136330
2019,일반의,L58,23,44,44,894670,742670
2019,일반의,L59,217,245,245,4077360,2951560
2019,일반의,L60,44544,109466,109529,3001916560,2181935480
2019,일반의,L62,76,90,90,1718010,1281510
2019,일반의,L63,48237,185387,185386,6019583650,4230354320
2019,일반의,L64,5740,9393,9393,141803300,100086030
2019,일반의,L65,3898,6077,6076,102144620,72633520
2019,일반의,L66,6602,12169,12168,222911020,158203610
2019,일반의,L67,44,83,83,1398490,990890
2019,일반의,L68,44,58,58,565470,402370
2019,일반의,L70,41878,82513,82512,1487795340,1048054030
2019,일반의,L71,10223,20399,20399,318114580,229670940
2019,일반의,L72,48981,110748,110815,5518355300,3917737560
2019,일반의,L73,55765,111991,111998,1869703120,1333841660
2019,일반의,L74,3285,3970,3970,67614260,51258460
2019,일반의,L75,725,1735,1779,147657990,109676720
2019,일반의,L80,5190,21265,21264,884199800,631873100
2019,일반의,L81,9806,11869,11865,178663620,130852780
2019,일반의,L82,2013,2561,2561,54403940,40800150
2019,일반의,L83,246,333,332,7265340,5209340
2019,일반의,L84,115585,247402,247464,10805522700,7682676990
2019,일반의,L85,51304,77146,77146,1265849900,954282530
2019,일반의,L86,795,952,952,15024980,11218580
2019,일반의,L87,165,177,177,3103690,2248290
2019,일반의,L88,155,699,699,13223240,10660480
2019,일반의,L89,5136,33197,33357,1575128420,1271685590
2019,일반의,L90,3400,5762,5761,163158180,115505030
2019,일반의,L91,39508,92543,92543,3087381910,2171962420
2019,일반의,L92,3350,5538,5554,236137290,171830570
2019,일반의,L93,130,346,356,10191030,7652390
2019,일반의,L94,253,385,385,8918130,6353130
2019,일반의,L95,518,846,846,16478180,12096790
2019,일반의,L97,317,2156,3749,170614540,127052920
2019,일반의,L98,3714,8557,9022,250375000,190114220
2019,일반의,L99,65,100,100,2378850,1734250
2019,일반의,M00,3707,14599,15239,340723490,275393310
2019,일반의,M01,567,830,830,13801810,10278910
2019,일반의,M02,1307,4013,4013,61809060,48778320
2019,일반의,M03,766,1211,1211,20656720,15160820
2019,일반의,M05,2383,16402,16618,489140730,423642770
2019,일반의,M06,20764,76812,77022,1544573720,1228120690
2019,일반의,M07,1372,3239,3239,54553940,43435440
2019,일반의,M08,163,985,996,23032820,19835060
2019,일반의,M09,22,34,34,656170,517870
2019,일반의,M10,88061,283009,283684,5083112790,3764316280
2019,일반의,M11,872,1735,1735,34690130,26368130
2019,일반의,M12,4147,12751,12949,295880030,222512880
2019,일반의,M13,284346,1031058,1032546,20118312280,15963111200
2019,일반의,M14,944,3487,3501,69726210,55549910
2019,일반의,M15,66582,237835,237972,3850571750,3190799820
2019,일반의,M16,18807,74678,76157,1723561300,1362413390
2019,일반의,M17,688056,4036998,4087642,112765624690,86693370710
2019,일반의,M18,1931,5812,5815,97211960,73716650
2019,일반의,M19,152843,525970,530433,11983654450,9241051580
2019,일반의,M20,2322,6263,7915,259311320,191342300
2019,일반의,M21,4158,15224,16131,351292860,260096190
2019,일반의,M22,5076,20741,20955,461680100,344036150
2019,일반의,M23,12135,40934,47909,1390365860,1044025580
2019,일반의,M24,22328,91258,92506,1912537650,1476870430
2019,일반의,M25,225277,669407,672783,15061023890,11384517470
2019,일반의,M30,150,260,391,43139410,39630690
2019,일반의,M31,86,232,232,12718290,11276190
2019,일반의,M32,264,1213,1267,59202970,50902000
2019,일반의,M33,50,160,176,4889300,4216050
2019,일반의,M34,47,201,201,4229930,3672080
2019,일반의,M35,1803,5613,5645,113466390,94584480
2019,일반의,M36,10,27,27,424770,304870
2019,일반의,M40,3757,17649,17916,434776060,324312280
2019,일반의,M41,6750,34634,35285,823506170,608149210
2019,일반의,M42,2220,14151,14151,252515930,218267130
2019,일반의,M43,13828,73124,76449,2452710090,1834148340
2019,일반의,M45,3194,17693,18080,364787210,303344150
2019,일반의,M46,9565,44710,45163,1246700380,957392250
2019,일반의,M47,240103,1625231,1634716,41396729880,32766141560
2019,일반의,M48,298802,2164784,2188025,57412320320,45556585200
2019,일반의,M49,13038,80103,80462,3168538430,2418667040
2019,일반의,M50,98412,492039,509341,15719288750,11724279070
2019,일반의,M51,249287,1703515,1768151,50103291190,38674344750
2019,일반의,M53,109688,388472,390526,12276131390,9023163020
2019,일반의,M54,1570660,8732122,8776368,203973557770,159441927750
2019,일반의,M60,28907,66513,66585,1352238490,1020408070
2019,일반의,M61,439,1412,1466,42401120,31317330
2019,일반의,M62,89567,261300,261708,5188586690,3918912720
2019,일반의,M63,261,485,485,7810910,6790110
2019,일반의,M65,177947,478769,480532,11179860420,8313071800
2019,일반의,M66,804,2516,2731,76928890,58298030
2019,일반의,M67,21190,43004,43378,1187163480,868076730
2019,일반의,M68,23,31,31,670080,491180
2019,일반의,M70,20108,53932,54374,1479076300,1082144680
2019,일반의,M71,11466,28944,29480,810073870,596337090
2019,일반의,M72,54228,163541,164135,3387564350,2521487870
2019,일반의,M73,26,41,41,1274870,917970
2019,일반의,M75,453591,1827840,1839220,50940854850,38164189080
2019,일반의,M76,36132,95008,95459,2258099250,1658942190
2019,일반의,M77,168422,507432,508409,12351605880,8916583520
2019,일반의,M79,937433,2380363,2383063,48475615680,36899210340
2019,일반의,M80,6175,22422,22579,908952870,677005720
2019,일반의,M81,203358,629397,629647,24545294640,18051805200
2019,일반의,M82,1012,2820,2835,85978130,64707600
2019,일반의,M83,4541,7964,7967,168039540,123300770
2019,일반의,M84,390,1707,1948,52336600,40119560
2019,일반의,M85,5219,7323,7333,207679340,148736980
2019,일반의,M86,282,1874,3443,175045170,131461710
2019,일반의,M87,637,2563,3706,142759120,107240390
2019,일반의,M88,4,4,4,57730,45330
2019,일반의,M89,2261,6413,6468,135308710,110018020
2019,일반의,M90,32,118,131,3311490,2401480
2019,일반의,M91,71,148,179,6039720,4667830
2019,일반의,M92,1566,3929,4073,99261370,71175530
2019,일반의,M93,121,491,805,27860980,20629130
2019,일반의,M94,3850,6157,6418,150944590,110945150
2019,일반의,M95,573,1696,1696,69640300,52705910
2019,일반의,M96,4735,34930,35425,1443425930,1096059900
2019,일반의,M99,13541,75626,78016,1985462350,1511769480
2019,일반의,N00,1985,4008,4013,80214050,61079080
2019,일반의,N01,52,80,80,1784120,1282420
2019,일반의,N02,1866,2454,2468,93140830,67133890
2019,일반의,N03,271,609,615,13233440,10276100
2019,일반의,N04,406,870,883,26762150,19782550
2019,일반의,N05,671,1165,1183,34940870,25382630
2019,일반의,N06,715,872,872,19462540,14041960
2019,일반의,N07,4,11,11,165290,124590
2019,일반의,N08,134,188,188,4021600,3018100
2019,일반의,N10,26184,51749,56150,1706084760,1277806870
2019,일반의,N11,1550,3487,3495,85572310,63498810
2019,일반의,N12,3961,7334,7631,216765800,160776530
2019,일반의,N13,1672,2602,2663,146091590,108958080
2019,일반의,N14,17,33,33,696350,501750
2019,일반의,N15,77,188,221,9010230,5993300
2019,일반의,N16,5,9,9,294630,206530
2019,일반의,N17,461,972,1035,37195080,28056010
2019,일반의,N18,10163,675304,675994,124778325790,112938541560
2019,일반의,N19,907,1905,1925,62385290,48564770
2019,일반의,N20,19551,40288,40511,15951164870,11203888020
2019,일반의,N21,3466,4985,5026,469859960,332740680
2019,일반의,N22,99,113,113,5482540,3764040
2019,일반의,N23,247,308,308,11608960,8284150
2019,일반의,N25,40,245,245,32001630,28664330
2019,일반의,N26,45,68,68,4632220,3228390
2019,일반의,N27,12,13,13,1207620,917120
2019,일반의,N28,6338,8305,8326,553934820,376877810
2019,일반의,N29,51,61,61,2439660,1737360
2019,일반의,N30,361397,718410,718694,15973485040,11771135290
2019,일반의,N31,63433,150389,150432,3802355950,2921214670
2019,일반의,N32,7021,14270,14270,287517940,225567370
2019,일반의,N33,204,359,359,7381420,5696120
2019,일반의,N34,82870,172276,172279,8087612100,5725090620
2019,일반의,N35,108,251,264,16332370,11940710
2019,일반의,N36,481,914,932,62945840,46084890
2019,일반의,N37,435,700,702,17436200,12650820
2019,일반의,N39,53994,110140,113233,5844736680,4512603920
2019,일반의,N40,214970,835495,835505,17918060280,13660157930
2019,일반의,N41,35398,100519,100559,4075253850,2837519610
2019,일반의,N42,1656,3668,3669,86731880,65624870
2019,일반의,N43,889,1415,1435,75308220,55646940
2019,일반의,N44,164,202,202,5450250,3868490
2019,일반의,N45,7432,15942,15990,548889620,390535850
2019,일반의,N46,30837,48914,48913,2848881870,1966370640
2019,일반의,N47,607,758,758,28447680,20690380
2019,일반의,N48,18705,26412,26416,655192640,481156650
2019,일반의,N49,1037,1910,1909,53524440,38416280
2019,일반의,N50,1226,2307,2307,47248350,34636470
2019,일반의,N51,768,1193,1193,63720100,45199580
2019,일반의,N60,14543,17297,17345,753737420,532914820
2019,일반의,N61,1632,3574,3582,81767140,58298640
2019,일반의,N62,4183,10713,10726,2726694460,2129275330
2019,일반의,N63,18906,26334,26412,1502708350,1073661170
2019,일반의,N64,41596,50216,50242,1813899640,1289391450
2019,일반의,N70,1590,2938,3084,386551560,294100630
2019,일반의,N71,7846,13166,13181,485133720,342888220
2019,일반의,N72,153846,263470,263481,11014372070,7771471380
2019,일반의,N73,25433,47164,47566,2682582320,1897696220
2019,일반의,N74,3010,5491,5503,306024550,215327510
2019,일반의,N75,2349,5118,5143,346358340,244921960
2019,일반의,N76,176770,324081,324113,11527198070,8155486470
2019,일반의,N77,7787,16429,16428,529006100,376799320
2019,일반의,N80,6293,10361,11345,1064335470,786651210
2019,일반의,N81,736,1392,1674,196692340,150834030
2019,일반의,N82,10,17,22,1531280,1083880
2019,일반의,N83,6024,7824,8192,700107750,522047880
2019,일반의,N84,12353,20745,21030,2883631390,2015515650
2019,일반의,N85,4392,7683,7729,936848220,643924690
2019,일반의,N86,23780,47517,47518,2603740870,1830525630
2019,일반의,N87,13642,25326,25406,1784429070,1261729430
2019,일반의,N88,337,458,520,35773480,27475640
2019,일반의,N89,1638,1794,1798,35166700,25385920
2019,일반의,N90,569,723,723,28434100,20259480
2019,일반의,N91,33986,47754,47759,1882342000,1321560710
2019,일반의,N92,28177,43548,43558,1620042780,1136293600
2019,일반의,N93,42420,65531,65637,3376490500,2371851410
2019,일반의,N94,47933,80366,80366,1548121040,1093836330
2019,일반의,N95,94866,273516,273533,4785142600,3450211930
2019,일반의,N96,1353,2196,2196,273669750,175984950
2019,일반의,N97,58728,382055,382088,52585760640,34620742880
2019,일반의,N98,926,1548,1702,344808760,226019910
2019,일반의,N99,13,24,31,4402830,3193290
2019,일반의,O00,1287,3609,3888,253338250,181656590
2019,일반의,O01,49,159,159,6684960,5004720
2019,일반의,O02,4983,11337,11437,1470271700,1179988450
2019,일반의,O03,1000,2028,2037,135784180,108065480
2019,일반의,O04,45,72,72,5461940,4120840
2019,일반의,O05,74,122,123,6926090,5263430
2019,일반의,O06,169,280,286,12950740,10254550
2019,일반의,O08,481,817,838,29744220,22521310
2019,일반의,O10,36,69,69,2157970,1783070
2019,일반의,O11,2,2,7,2327770,2187460
2019,일반의,O12,57,63,77,7209010,6402650
2019,일반의,O13,88,230,281,26545330,24157460
2019,일반의,O14,40,43,240,65861670,57703860
2019,일반의,O15,5,5,19,6362820,5657480
2019,일반의,O16,31,63,70,6268660,5614220
2019,일반의,O20,3596,6326,7349,515500350,452954270
2019,일반의,O21,1110,1955,2194,77061540,67291130
2019,일반의,O22,182,228,233,22574600,20266340
2019,일반의,O23,867,2067,2080,51886590,46305110
2019,일반의,O24,1932,4208,4490,279056320,245326360
2019,일반의,O25,3,4,4,65080,45680
2019,일반의,O26,1837,6489,6592,782525160,695125430
2019,일반의,O28,353,378,378,9487730,8244530
2019,일반의,O29,1,1,1,23030,20730
2019,일반의,O30,2083,6706,7028,626949660,562183820
2019,일반의,O31,51,145,145,12533550,11281650
2019,일반의,O32,282,349,1389,398010710,354305120
2019,일반의,O33,769,794,5310,1619693330,1438666280
2019,일반의,O34,993,1835,5184,1374090600,1232620140
2019,일반의,O35,37,44,44,2294650,1996050
2019,일반의,O36,85,161,276,48711590,41364020
2019,일반의,O40,4,10,18,2308290,2043730
2019,일반의,O41,66,113,317,80450360,71598590
2019,일반의,O42,363,399,1113,274155130,249221510
2019,일반의,O43,2,5,5,888870,582470
2019,일반의,O44,308,481,696,129793880,115887390
2019,일반의,O45,21,21,126,48780830,43128650
2019,일반의,O46,72,86,121,13237910,11604940
2019,일반의,O47,195,261,410,55083850,48109090
2019,일반의,O48,1,5,5,62930,44330
2019,일반의,O60,1659,2492,6791,839797130,730713290
2019,일반의,O61,99,107,382,98551840,84613720
2019,일반의,O62,12,16,21,2379350,2076230
2019,일반의,O63,72,73,433,146047530,126308820
2019,일반의,O64,37,39,232,81070300,71013290
2019,일반의,O65,393,405,2631,834860880,756276060
2019,일반의,O66,29,29,129,39467180,34667590
2019,일반의,O68,161,162,1097,349989240,313150700
2019,일반의,O69,3,5,11,2005250,1860240
2019,일반의,O70,6,9,9,165750,118950
2019,일반의,O71,14,30,33,2352640,2090240
2019,일반의,O72,146,210,224,12877210,9142190
2019,일반의,O73,31,59,59,4934270,3345970
2019,일반의,O75,15,19,44,22003790,21747430
2019,일반의,O80,3261,3355,10795,4935011210,4862570920
2019,일반의,O81,430,438,1451,801474270,792610900
2019,일반의,O82,2918,3211,14840,4703307340,4169785350
2019,일반의,O83,614,639,2136,1022012150,1006409810
2019,일반의,O84,17,18,112,36450800,32494250
2019,일반의,O85,6,8,9,611050,446720
2019,일반의,O86,1847,2982,3028,55507770,39140920
2019,일반의,O87,60,69,161,63659620,62543370
2019,일반의,O89,2,2,2,134310,94110
2019,일반의,O90,1286,2204,2247,46498000,32973310
2019,일반의,O91,910,1233,1233,19128030,13470970
2019,일반의,O92,418,510,510,9506350,6685350
2019,일반의,O94,3,4,4,181520,127320
2019,일반의,O98,37,43,46,1446900,1225810
2019,일반의,O99,1400,2268,2332,54579720,45069010
2019,일반의,P00,2,2,2,174360,129560
2019,일반의,P01,14,19,19,1470830,1259730
2019,일반의,P02,5,10,10,184600,173500
2019,일반의,P03,1,1,1,11210,9710
2019,일반의,P05,42,115,115,5280460,3831760
2019,일반의,P07,180,953,1134,73904740,69253020
2019,일반의,P10,1,1,1,12610,12010
2019,일반의,P11,1,1,1,12610,12010
2019,일반의,P12,22,27,27,461980,433980
2019,일반의,P13,58,64,66,1889150,1807980
2019,일반의,P14,30,80,185,22536970,19628370
2019,일반의,P15,1,1,1,17890,17090
2019,일반의,P20,2,2,4,1737640,1711810
2019,일반의,P21,10,43,43,4963230,3959930
2019,일반의,P22,166,4946,5017,408798030,374817490
2019,일반의,P23,86,259,259,4429620,3149320
2019,일반의,P24,2,2,5,414280,409120
2019,일반의,P27,3,88,88,945570,671570
2019,일반의,P28,225,253,253,21739040,15320690
2019,일반의,P29,2,2,2,35780,34180
2019,일반의,P35,128,149,149,2419760,1756360
2019,일반의,P36,4,4,4,79260,75560
2019,일반의,P37,3,6,6,109630,99430
2019,일반의,P38,1165,1806,1806,39053420,36973920
2019,일반의,P39,158,176,176,3093150,2946450
2019,일반의,P51,19,31,31,716620,681920
2019,일반의,P52,20,595,595,30970440,27612740
2019,일반의,P54,5,6,6,100870,93570
2019,일반의,P55,1,1,1,16410,15610
2019,일반의,P57,4,5,5,225200,159700
2019,일반의,P59,2032,5915,7432,242805650,235849430
2019,일반의,P70,5,5,5,415890,398500
2019,일반의,P71,10,196,196,29963690,28092020
2019,일반의,P72,9,11,11,564850,530950
2019,일반의,P74,78,83,83,9841290,9357790
2019,일반의,P76,1,1,1,17890,17090
2019,일반의,P78,26,28,28,540750,500050
2019,일반의,P80,9,12,12,213580,154000
2019,일반의,P81,6,6,6,107330,97230
2019,일반의,P83,344,660,673,18047200,16386120
2019,일반의,P90,3,62,62,8897400,8335340
2019,일반의,P91,59,2946,2978,163669460,144531820
2019,일반의,P92,195,211,219,4570800,4351850
2019,일반의,P94,6,33,53,2059220,1914600
2019,일반의,P95,9,12,17,2776980,2229670
2019,일반의,P96,21,21,21,722370,680470
2019,일반의,Q00,2,2,4,844460,670610
2019,일반의,Q01,2,3,3,38110,31810
2019,일반의,Q02,4,139,139,5927510,5297810
2019,일반의,Q03,16,730,730,32960360,29285230
2019,일반의,Q04,38,998,999,44246330,37137600
2019,일반의,Q05,25,173,173,6189390,5385090
2019,일반의,Q06,4,4,4,121590,92490
2019,일반의,Q07,12,112,112,4743840,4654640
2019,일반의,Q10,66,100,100,2836570,2120570
2019,일반의,Q11,2,2,2,47390,33290
2019,일반의,Q12,2,2,2,33580,28080
2019,일반의,Q13,1,1,1,15690,10990
2019,일반의,Q14,2,3,3,294180,218180
2019,일반의,Q15,7,11,11,159460,127960
2019,일반의,Q16,353,1397,1554,227132740,192764490
2019,일반의,Q17,194,380,409,43003120,36875700
2019,일반의,Q18,268,547,547,15830010,11512890
2019,일반의,Q20,9,158,158,4450540,4364940
2019,일반의,Q21,262,576,600,23231380,19615150
2019,일반의,Q22,13,38,38,1085300,956900
2019,일반의,Q23,53,167,167,6497670,5680470
2019,일반의,Q24,43,116,116,3732790,3146090
2019,일반의,Q25,58,82,82,5082500,4345600
2019,일반의,Q26,4,17,17,422870,351370
2019,일반의,Q27,49,89,89,6420070,5531320
2019,일반의,Q28,49,85,85,4200620,2993220
2019,일반의,Q30,5,5,5,94620,66420
2019,일반의,Q31,8,9,9,156060,148960
2019,일반의,Q32,2,2,2,220450,154450
2019,일반의,Q33,6,7,7,88370,74070
2019,일반의,Q34,16,16,16,932400,659700
2019,일반의,Q35,14,14,14,229520,187820
2019,일반의,Q36,55,58,58,928980,689480
2019,일반의,Q37,3,3,3,42590,33590
2019,일반의,Q38,1201,1472,1473,61988480,58081420
2019,일반의,Q39,18,19,19,966670,686070
2019,일반의,Q40,15,23,23,2333250,2150450
2019,일반의,Q41,2,2,3,553090,427100
2019,일반의,Q42,3,22,22,294680,257380
2019,일반의,Q43,19,110,119,6045410,5324660
2019,일반의,Q44,1419,1690,1690,196717120,134379380
2019,일반의,Q45,11,14,14,1481940,1046840
2019,일반의,Q50,41,48,48,2937210,2068810
2019,일반의,Q51,178,333,346,73545340,50686960
2019,일반의,Q52,84,128,129,4146590,3339870
2019,일반의,Q53,334,373,375,10608160,8440170
2019,일반의,Q54,43,61,61,1422630,1036230
2019,일반의,Q55,200,221,221,5780890,4314690
2019,일반의,Q56,6,54,54,690630,486630
2019,일반의,Q60,8,10,10,364150,264150
2019,일반의,Q61,797,1052,1058,68023170,47363820
2019,일반의,Q62,48,78,78,6955640,5651940
2019,일반의,Q63,17,18,18,3016230,2148930
2019,일반의,Q64,18,22,22,593310,439410
2019,일반의,Q65,75,163,203,5953940,4633100
2019,일반의,Q66,480,829,876,20080810,14614710
2019,일반의,Q67,214,297,297,5756620,4392820
2019,일반의,Q68,156,1244,1244,20433750,18107950
2019,일반의,Q69,32,41,41,1004090,811090
2019,일반의,Q70,12,15,15,253150,221150
2019,일반의,Q71,2,2,2,32580,26280
2019,일반의,Q72,4,17,17,520230,400830
2019,일반의,Q73,2,2,2,43450,30450
2019,일반의,Q74,201,559,562,12998740,9489710
2019,일반의,Q75,41,210,210,5921160,5317360
2019,일반의,Q76,99,155,155,2891040,2233340
2019,일반의,Q77,11,43,43,1804260,1466460
2019,일반의,Q78,32,91,120,5542370,4360030
2019,일반의,Q79,50,291,291,10938280,9798580
2019,일반의,Q80,108,178,178,2715440,2003040
2019,일반의,Q81,94,163,163,3597620,2593830
2019,일반의,Q82,1879,2939,2939,128044030,91722930
2019,일반의,Q83,658,1400,1511,479337270,377470320
2019,일반의,Q84,80,162,162,3584100,2631100
2019,일반의,Q85,955,2548,2547,547762520,480059900
2019,일반의,Q86,1,3,3,38110,26810
2019,일반의,Q87,111,2314,2421,135790040,123915940
2019,일반의,Q89,77,177,189,10033460,8506500
2019,일반의,Q90,117,2730,2731,114083010,103662820
2019,일반의,Q91,2,2,2,37090,31190
2019,일반의,Q92,2,2,2,31700,24100
2019,일반의,Q93,34,1021,1021,60488380,56176390
2019,일반의,Q96,32,110,110,2542100,2004900
2019,일반의,Q97,1,1,1,73140,51240
2019,일반의,Q98,25,220,220,6196100,5403800
2019,일반의,Q99,28,525,525,21729480,16459670
2019,일반의,R00,20692,28947,28985,894137090,639854800
2019,일반의,R01,352,402,402,13377870,10453170
2019,일반의,R02,37,234,240,5598470,4334920
2019,일반의,R03,25063,28338,28333,483847030,387099710
2019,일반의,R04,9303,12088,12113,337201290,247424390
2019,일반의,R05,20559,33489,33514,621474870,473485260
2019,일반의,R06,9999,14423,14449,1218236920,946239860
2019,일반의,R07,57140,68471,68906,2541224320,1820541160
2019,일반의,R09,4149,6821,6834,121699630,91703070
2019,일반의,R10,213461,300660,302623,9946669460,7221315980
2019,일반의,R11,106228,139040,139375,2484718600,1865494870
2019,일반의,R12,13263,20627,20630,394579350,290672880
2019,일반의,R13,2022,11207,11212,801094810,641207430
2019,일반의,R14,2389,3154,3154,55758740,41406680
2019,일반의,R15,270,364,366,16120290,11877120
2019,일반의,R16,143,172,172,13772900,9581240
2019,일반의,R17,1179,1519,1520,69011510,49300310
2019,일반의,R18,333,457,499,29773100,21465520
2019,일반의,R19,9796,11759,11770,591971710,419778670
2019,일반의,R20,1698,2112,2115,73618610,53191100
2019,일반의,R21,5124,7200,7200,117428270,89502870
2019,일반의,R22,5615,8365,8400,343270350,246385160
2019,일반의,R23,9072,17851,17851,316142750,230246550
2019,일반의,R25,6906,10890,10890,233013950,174927760
2019,일반의,R26,741,1958,1974,74496710,54938720
2019,일반의,R27,67,186,186,21686730,15669750
2019,일반의,R29,462,1055,1058,24586430,17791150
2019,일반의,R30,4892,11003,11005,514085190,402891730
2019,일반의,R31,19552,27369,27360,1518113470,1080554680
2019,일반의,R32,8330,18395,18421,306729490,253130680
2019,일반의,R33,1308,3521,3520,219070170,168094490
2019,일반의,R34,351,675,675,38795370,31154570
2019,일반의,R35,9457,18128,18130,318101450,248878600
2019,일반의,R36,74,102,102,3630730,2614430
2019,일반의,R39,2764,9879,9881,586955390,467588820
2019,일반의,R40,90,153,152,5948260,4395360
2019,일반의,R41,5638,13917,13947,269300170,213419860
2019,일반의,R42,118100,179929,181511,5058545230,3800663700
2019,일반의,R43,380,587,587,13730230,10028630
2019,일반의,R44,447,521,521,15822350,11667250
2019,일반의,R45,2111,3502,3508,67377620,51178360
2019,일반의,R46,24,66,66,1237160,916660
2019,일반의,R47,506,3507,3507,60083420,45863820
2019,일반의,R48,5,5,5,82340,57740
2019,일반의,R49,352,413,415,9363690,6948970
2019,일반의,R50,77959,111196,116154,3081697160,2435876060
2019,일반의,R51,135186,196910,197359,6210587910,4499364910
2019,일반의,R52,36544,71529,71573,1305788280,990504510
2019,일반의,R53,11044,16250,16396,482865160,365317050
2019,일반의,R54,1181,3534,3548,234134320,188917810
2019,일반의,R55,3433,4167,4270,206412550,148693840
2019,일반의,R56,882,1507,1562,48121660,37529270
2019,일반의,R57,485,1596,1596,40590090,31596470
2019,일반의,R58,316,412,412,7200980,5513980
2019,일반의,R59,3556,5155,5155,270263880,190976680
2019,일반의,R60,36379,64956,65014,1532310800,1136202710
2019,일반의,R61,2043,2933,2952,78856020,58126120
2019,일반의,R62,4307,89623,92526,3040945690,2661050250
2019,일반의,R63,24934,47029,47131,1182852430,940709700
2019,일반의,R64,77,154,153,5109820,4857680
2019,일반의,R65,4,5,5,94600,75600
2019,일반의,R68,39634,46927,46870,808770950,582646720
2019,일반의,R69,261,289,289,6412470,4820070
2019,일반의,R70,229,426,426,13711830,7333750
2019,일반의,R71,50,55,55,1672210,1193610
2019,일반의,R72,1022,1174,1175,40951770,29132240
2019,일반의,R73,73885,108342,108369,2229692170,1737613240
2019,일반의,R74,897,1147,1147,43117650,30867930
2019,일반의,R75,1,1,1,19980,14080
2019,일반의,R76,3400,5877,5875,235788930,135984050
2019,일반의,R77,305,381,381,16374720,11863710
2019,일반의,R78,71,97,97,3697980,2603290
2019,일반의,R79,3542,4218,4217,165522850,115914490
2019,일반의,R80,6075,7569,7566,174270740,125296030
2019,일반의,R81,8869,14109,14109,223112120,178276030
2019,일반의,R82,4239,4867,4864,113857100,82915690
2019,일반의,R83,4,5,5,62590,52690
2019,일반의,R84,82,94,106,4483360,3214330
2019,일반의,R85,10,12,12,165900,131500
2019,일반의,R86,326,463,463,16622080,11852380
2019,일반의,R87,15242,22898,22893,1750625720,1231375230
2019,일반의,R89,100,162,162,3585690,2700190
2019,일반의,R90,808,915,915,30340660,22239060
2019,일반의,R91,11001,13025,13020,790382320,563231340
2019,일반의,R92,21979,23714,23714,589334370,419680090
2019,일반의,R93,6550,7179,7177,867081100,608658720
2019,일반의,R94,23494,28980,28979,1226594900,869197700
2019,일반의,R96,2,2,2,26900,23900
2019,일반의,R99,6,6,6,86460,77160
2019,일반의,S00,71885,127592,128118,2795911050,2092034730
2019,일반의,S01,104572,252461,253182,6355022590,4725451340
2019,일반의,S02,1912,3310,4282,207674670,154057280
2019,일반의,S03,4690,7766,7804,158980950,117281020
2019,일반의,S04,341,885,885,35344830,24987130
2019,일반의,S05,2424,3548,3564,85360260,62657310
2019,일반의,S06,3693,5680,10017,657194600,493778610
2019,일반의,S07,1678,4025,4033,98621050,73747390
2019,일반의,S08,49,97,97,2475950,1870850
2019,일반의,S09,1443,2888,2945,100646210,73124510
2019,일반의,S10,2261,3657,3672,81168070,60349780
2019,일반의,S11,2461,5421,5428,119108950,89682280
2019,일반의,S12,116,352,669,30648290,22839150
2019,일반의,S13,170009,451326,465536,12149701590,8839133450
2019,일반의,S14,750,3674,4210,210798820,155577030
2019,일반의,S15,23,40,40,771290,565590
2019,일반의,S16,520,1025,1047,27958230,20609320
2019,일반의,S17,44,93,100,2293440,1880860
2019,일반의,S19,112,351,351,10764780,7700580
2019,일반의,S20,36377,59951,60542,1462532220,1101209960
2019,일반의,S21,4660,12538,12594,266302040,204996250
2019,일반의,S22,25781,66723,98256,4400245930,3269257090
2019,일반의,S23,101019,179459,181616,4838044890,3598312920
2019,일반의,S24,63,207,417,25435370,18661580
2019,일반의,S25,17,27,27,672620,524620
2019,일반의,S26,2,2,2,30200,21300
2019,일반의,S27,55,100,216,12859140,9525140
2019,일반의,S28,38,57,57,1813310,1360310
2019,일반의,S29,371,529,554,12098140,8913570
2019,일반의,S30,12669,24143,24945,588969160,447075100
2019,일반의,S31,10232,25391,25514,553575110,427162050
2019,일반의,S32,7758,25232,44341,2222681770,1664465940
2019,일반의,S33,433342,1295307,1358744,35559140400,26418373920
2019,일반의,S34,258,760,787,21338350,16399780
2019,일반의,S35,49,82,82,2197460,1689460
2019,일반의,S36,34,75,96,3560250,2686100
2019,일반의,S37,110,178,217,8975670,6613920
2019,일반의,S38,25,53,120,14216230,10989950
2019,일반의,S39,600,1127,1181,28257990,21699140
2019,일반의,S40,9969,20663,21235,508535390,381514190
2019,일반의,S41,5614,13983,14036,313093430,236922810
2019,일반의,S42,4071,14924,18527,695895830,519584230
2019,일반의,S43,140388,397497,403027,9350756010,6923456200
2019,일반의,S44,376,1085,1144,43956750,32159850
2019,일반의,S45,65,151,151,4214870,3154470
2019,일반의,S46,19679,73841,78302,2231181700,1646722710
2019,일반의,S47,53,106,106,2297880,1709980
2019,일반의,S48,5,10,25,3984090,2955470
2019,일반의,S49,473,1309,1326,31698980,23223850
2019,일반의,S50,21115,40544,40611,948224950,709686000
2019,일반의,S51,22919,66811,66888,1572079930,1196883040
2019,일반의,S52,11919,54602,60534,2411914200,1782816710
2019,일반의,S53,45452,108690,109259,2805762500,2043129140
2019,일반의,S54,345,1181,1225,41765160,30483620
2019,일반의,S55,99,243,243,6288510,4640110
2019,일반의,S56,1836,5920,6205,203962900,147908640
2019,일반의,S57,358,1165,1171,26957890,20823600
2019,일반의,S58,9,30,30,636980,521580
2019,일반의,S59,322,636,639,15835690,11844790
2019,일반의,S60,65633,105222,105408,2697279080,1974071300
2019,일반의,S61,192659,514477,514918,12601976200,9254619590
2019,일반의,S62,23305,79589,82950,2981880260,2151261490
2019,일반의,S63,177896,337843,338915,9117197880,6550616760
2019,일반의,S64,388,950,1066,39310380,28995210
2019,일반의,S65,1431,3312,3339,90264940,65496520
2019,일반의,S66,6179,21048,22327,861536710,624746560
2019,일반의,S67,4104,11003,11103,300173230,219183800
2019,일반의,S68,311,1576,1755,64342660,47319510
2019,일반의,S69,1430,2857,2871,86864870,62524900
2019,일반의,S70,13951,26541,27212,623710680,475916730
2019,일반의,S71,7018,19281,19378,452074360,341766550
2019,일반의,S72,1691,7071,11600,508215030,386748390
2019,일반의,S73,18152,43436,44445,984147390,741600210
2019,일반의,S74,756,1803,1817,58777970,42270970
2019,일반의,S75,87,280,330,10444010,7847180
2019,일반의,S76,5172,15998,17345,494101130,359935110
2019,일반의,S77,77,151,182,9664850,7471500
2019,일반의,S78,20,41,41,1209820,887620
2019,일반의,S79,379,914,934,21236500,16061650
2019,일반의,S80,59178,121492,122806,2849121330,2115802570
2019,일반의,S81,53677,161497,162130,3787570560,2845144940
2019,일반의,S82,9395,40349,58243,2641670690,1954885080
2019,일반의,S83,99794,266291,283977,7708689340,5654485310
2019,일반의,S84,388,1070,1105,32030990,23468510
2019,일반의,S85,197,567,606,17007620,12668100
2019,일반의,S86,7154,21453,23955,733185400,535156210
2019,일반의,S87,1341,4068,4175,106057980,79940850
2019,일반의,S88,44,100,100,3094500,2380700
2019,일반의,S89,1713,3251,3258,78203520,57500260
2019,일반의,S90,51568,84085,84338,2124944630,1557111300
2019,일반의,S91,58824,145945,146364,3354694060,2512812570
2019,일반의,S92,24686,82414,99419,4332256780,3148856820
2019,일반의,S93,238459,509758,522416,15002417990,10800194850
2019,일반의,S94,249,798,802,20650020,14867130
2019,일반의,S95,216,456,456,10482450,7623550
2019,일반의,S96,5920,16501,17471,556189980,403012050
2019,일반의,S97,1613,3696,3830,107721800,79675260
2019,일반의,S98,28,96,124,4105040,3250700
2019,일반의,S99,1519,2586,2651,69465670,50734620
2019,일반의,T00,10146,18938,19064,418813780,311918240
2019,일반의,T01,3264,8031,8063,192272310,144101700
2019,일반의,T02,11,41,43,727430,586540
2019,일반의,T03,770,1487,1491,52215530,37867070
2019,일반의,T04,97,216,216,5414000,3901480
2019,일반의,T05,5,5,5,194580,141580
2019,일반의,T06,35,99,99,1736670,1471870
2019,일반의,T07,118,177,177,3147100,2299400
2019,일반의,T08,138,626,674,18489790,14029850
2019,일반의,T09,3181,7159,7343,164503420,126270870
2019,일반의,T10,43,80,93,2360510,1779120
2019,일반의,T11,1772,4199,4199,86486670,65580650
2019,일반의,T12,58,155,155,3909430,2921030
2019,일반의,T13,2966,7713,7714,158811030,117792080
2019,일반의,T14,53346,98835,99133,2209162150,1630412530
2019,일반의,T15,14866,20205,20205,719311410,510802860
2019,일반의,T16,12229,14699,14700,418997540,302997130
2019,일반의,T17,10508,11703,11703,321965070,234006050
2019,일반의,T18,752,874,874,30667470,22526090
2019,일반의,T19,947,1180,1180,71423210,51337070
2019,일반의,T20,10958,25984,26266,1133482990,816789330
2019,일반의,T21,9260,29390,29618,1117165620,806774390
2019,일반의,T22,24866,76424,76591,2791077700,1986433490
2019,일반의,T23,54945,145392,145563,6026567260,4330139470
2019,일반의,T24,18379,71648,72176,2708707000,1940083010
2019,일반의,T25,13521,53501,53966,2282658490,1661463390
2019,일반의,T26,448,765,765,23420360,16779130
2019,일반의,T27,14,17,36,1160170,850190
2019,일반의,T28,129,206,206,5278800,3781580
2019,일반의,T29,996,3065,3105,143047150,102591530
2019,일반의,T30,25669,65018,65070,2528268440,1807326600
2019,일반의,T31,4061,16718,16786,932392640,693842380
2019,일반의,T32,2,2,2,59540,41840
2019,일반의,T33,1184,1940,1940,37455460,27618980
2019,일반의,T34,29,93,93,2486470,1919170
2019,일반의,T35,335,491,491,9052940,6666840
2019,일반의,T36,5,5,5,67820,54820
2019,일반의,T37,152,623,623,22142920,16323720
2019,일반의,T38,7,13,13,193520,142720
2019,일반의,T39,3,15,16,463550,402830
2019,일반의,T40,1,1,1,15690,10990
2019,일반의,T42,13,13,16,655600,500750
2019,일반의,T43,4,4,4,84250,63050
2019,일반의,T44,1,2,2,26900,23900
2019,일반의,T45,7,40,40,531830,481730
2019,일반의,T46,20,26,26,360240,258440
2019,일반의,T47,4,4,4,54010,40410
2019,일반의,T48,9,9,9,162070,123370
2019,일반의,T49,13,33,33,459170,331870
2019,일반의,T50,23,31,31,826120,600820
2019,일반의,T51,29,46,46,784660,612060
2019,일반의,T52,33,37,57,2083060,1607330
2019,일반의,T53,6,6,6,89770,70270
2019,일반의,T54,8,8,8,187020,133520
2019,일반의,T55,7,7,7,99420,72720
2019,일반의,T56,197,523,523,11810570,8448930
2019,일반의,T57,9,36,36,938770,663170
2019,일반의,T58,9,68,86,2881320,2137910
2019,일반의,T59,7,7,7,226680,186580
2019,일반의,T60,250,349,357,6630300,5214270
2019,일반의,T61,20,22,22,419640,305840
2019,일반의,T62,144,181,181,3522390,2553490
2019,일반의,T63,12287,15130,15210,277863710,212162470
2019,일반의,T64,3,3,3,73150,51350
2019,일반의,T65,68,134,134,1909820,1414720
2019,일반의,T66,2,18,113,4164960,2896420
2019,일반의,T67,6924,12789,12906,275750440,209316700
2019,일반의,T68,11,11,13,505910,447030
2019,일반의,T69,1405,1926,1926,31731690,23263790
2019,일반의,T70,1171,4099,4099,106040970,77687170
2019,일반의,T71,2,4,4,54160,38160
2019,일반의,T73,1799,3031,3045,55977670,42295830
2019,일반의,T74,1,2,2,26030,20730
2019,일반의,T75,295,360,360,5750180,4377980
2019,일반의,T78,21213,36936,36999,749991400,562898070
2019,일반의,T79,13653,23894,23908,499801380,371102010
2019,일반의,T80,43,60,60,1570890,1105260
2019,일반의,T81,2156,5494,5689,152834050,115268040
2019,일반의,T82,19,58,58,1209610,1016110
2019,일반의,T83,962,1200,1200,72182250,51365110
2019,일반의,T84,47,248,514,25286930,19435350
2019,일반의,T85,26,34,34,951500,694400
2019,일반의,T86,2,3,3,58130,51630
2019,일반의,T87,18,154,154,2706260,2093260
2019,일반의,T88,477,824,838,16291330,12644880
2019,일반의,T90,58,196,199,3721790,2894920
2019,일반의,T91,1036,5985,6090,176454310,140210290
2019,일반의,T92,411,2953,2992,53930410,42664820
2019,일반의,T93,424,2643,2643,47047650,37269350
2019,일반의,T95,205,438,438,12476600,9026200
2019,일반의,T96,1,1,1,11210,7910
2019,일반의,T97,2,2,2,26900,18900
2019,일반의,T98,25,34,51,1941740,1484780
2019,일반의,U06,1,1,1,15690,10990
2019,일반의,U82,1,1,1,3040,2140
2019,일반의,U84,7,139,139,2490930,2472330
2019,일반의,U99,1,3,3,33630,32130
2019,일반의,Z00,10816,14124,14130,620372210,456938810
2019,일반의,Z01,4762,5421,5421,134876650,102903740
2019,일반의,Z02,239,264,264,4132350,2920150
2019,일반의,Z03,7458,8973,9024,331290310,231828530
2019,일반의,Z04,1178,1462,1462,36997350,27605170
2019,일반의,Z08,18,23,36,1717030,1236540
2019,일반의,Z09,245,403,403,8005390,6011490
2019,일반의,Z10,131,139,139,2464950,1759450
2019,일반의,Z11,137,145,145,4888560,2906220
2019,일반의,Z12,221,248,251,14102350,10001140
2019,일반의,Z13,872,1100,1100,28188130,22293830
2019,일반의,Z20,2407,2848,2848,142815190,95330710
2019,일반의,Z21,1,1,1,15690,10990
2019,일반의,Z22,219,259,259,12305560,8797120
2019,일반의,Z23,392,429,429,13410910,9451030
2019,일반의,Z24,1284,1623,1623,8539910,6040610
2019,일반의,Z25,3337,3767,3767,56172380,42628060
2019,일반의,Z26,4035,5637,5637,60303660,46461960
2019,일반의,Z27,156,188,188,2187070,1632370
2019,일반의,Z28,35,42,42,230250,186150
2019,일반의,Z29,590,705,705,16727500,12732300
2019,일반의,Z30,4899,5789,5788,194996440,136714140
2019,일반의,Z31,52382,281974,281964,88416371220,57257047460
2019,일반의,Z32,18960,39186,39194,902153680,650476640
2019,일반의,Z33,98,126,126,3681740,3126340
2019,일반의,Z34,43487,204294,206066,17902878360,16057864330
2019,일반의,Z35,15058,61992,62019,3530236480,3170888740
2019,일반의,Z36,29,32,32,1787560,1300500
2019,일반의,Z37,17,30,32,2469780,2090910
2019,일반의,Z38,2789,10182,44804,3357252880,3309657350
2019,일반의,Z39,5911,9369,9372,170041120,120148610
2019,일반의,Z40,6,10,10,219530,154030
2019,일반의,Z41,90,109,109,3402020,2402120
2019,일반의,Z42,21,28,28,516060,368660
2019,일반의,Z43,17,208,208,11018090,9163190
2019,일반의,Z44,15,28,28,407000,314000
2019,일반의,Z45,13,13,13,214000,174600
2019,일반의,Z46,2,2,2,22420,17620
2019,일반의,Z47,279,498,1977,137612660,104538860
2019,일반의,Z48,14649,31145,31187,634982610,481193770
2019,일반의,Z49,12,50,50,1089720,1024720
2019,일반의,Z50,33,134,134,2353220,1733320
2019,일반의,Z51,47,93,114,2463120,1925790
2019,일반의,Z52,27,49,49,1104810,778510
2019,일반의,Z53,2,2,2,235590,164990
2019,일반의,Z54,858,2260,2789,79521900,60880590
2019,일반의,Z55,2,2,2,33580,23580
2019,일반의,Z56,6,6,11,337300,240900
2019,일반의,Z57,39,40,40,1154540,813740
2019,일반의,Z58,7,8,8,132180,104780
2019,일반의,Z59,4,4,4,83190,58490
2019,일반의,Z60,4,10,10,124950,88050
2019,일반의,Z61,2,2,2,124940,102340
2019,일반의,Z62,46,66,66,1858420,1452720
2019,일반의,Z63,66,106,106,4726890,3827890
2019,일반의,Z64,22,27,27,462480,330480
2019,일반의,Z65,2,3,3,225910,187410
2019,일반의,Z70,533,910,910,18635950,13656400
2019,일반의,Z71,36474,45929,45931,839109280,645587640
2019,일반의,Z72,117,164,164,2416190,1743890
2019,일반의,Z73,1085,1712,1712,56055860,42454690
2019,일반의,Z74,10,11,11,193780,136080
2019,일반의,Z75,47,53,53,800050,583550
2019,일반의,Z76,177,229,229,2796400,1991400
2019,일반의,Z80,41,41,41,806620,574420
2019,일반의,Z81,2,2,2,19780,13880
2019,일반의,Z82,75,270,270,4183440,3230440
2019,일반의,Z83,389,601,601,11435440,8861240
2019,일반의,Z84,10,10,10,151830,106530
2019,일반의,Z85,22,44,44,1077990,807650
2019,일반의,Z86,12,20,20,336010,261610
2019,일반의,Z87,15,39,39,570570,422270
2019,일반의,Z88,40,48,49,1017240,737720
2019,일반의,Z89,3,6,6,71740,54140
2019,일반의,Z90,7,20,20,276460,219760
2019,일반의,Z91,14,19,19,275520,223120
2019,일반의,Z92,48,98,98,930950,712550
2019,일반의,Z93,81,443,450,31146680,24375580
2019,일반의,Z94,163,449,471,14016040,11239080
2019,일반의,Z95,164,526,530,11789520,8896910
2019,일반의,Z96,677,2778,2878,60838730,49523630
2019,일반의,Z97,296,379,379,16426950,11547850
2019,일반의,Z98,10457,27193,27985,600249830,451905410
2019,일반의,Z99,23,107,108,3238430,2803020
2019,내과,A00,9,10,10,146430,112330
2019,내과,A01,9,12,12,652710,461910
2019,내과,A02,2343,3568,3773,105206320,77381520
2019,내과,A03,11,20,20,490390,357990
2019,내과,A04,359490,498934,499797,9905057460,7209265370
2019,내과,A05,14894,19365,19374,355397080,262030250
2019,내과,A06,1694,2385,2385,47115360,34893270
2019,내과,A07,187,205,205,4895000,3542900
2019,내과,A08,86866,112002,112241,2119156510,1539811590
2019,내과,A09,1203543,1678597,1686545,37619794910,27343481420
2019,내과,A15,711,3980,4092,145343790,132057860
2019,내과,A16,1281,3633,3658,131374870,106792890
2019,내과,A17,9,17,17,1564650,1363060
2019,내과,A18,179,704,702,44269100,36745510
2019,내과,A19,9,12,12,529970,369040
2019,내과,A22,1,1,1,118580,83080
2019,내과,A25,4,5,16,1430420,1101520
2019,내과,A26,27,47,47,975550,708150
2019,내과,A27,5,7,16,1323210,995330
2019,내과,A28,17,17,17,530740,385740
2019,내과,A30,14,15,15,204900,150800
2019,내과,A31,664,2048,2131,60580530,45426580
2019,내과,A35,113,117,117,3839390,2702890
2019,내과,A36,1,1,1,15690,10990
2019,내과,A37,36,43,43,1208390,847590
2019,내과,A38,39,70,70,1087310,834710
2019,내과,A39,7,9,9,121260,87060
2019,내과,A40,25,41,41,1625440,1181540
2019,내과,A41,1572,2421,2478,125023440,90004910
2019,내과,A42,4,5,5,91460,68460
2019,내과,A43,1,1,1,3040,2140
2019,내과,A44,1,1,1,15690,14190
2019,내과,A46,94,167,172,3984140,2979400
2019,내과,A48,228,310,310,5219420,3937920
2019,내과,A49,3862,5459,5467,117624060,85279500
2019,내과,A50,10,15,15,778030,551330
2019,내과,A51,33,59,59,2642470,1934320
2019,내과,A52,21,29,29,705650,540850
2019,내과,A53,247,341,341,10860680,7812980
2019,내과,A54,42,118,118,3061490,2172790
2019,내과,A55,3,6,6,559570,391970
2019,내과,A56,121,238,238,7524760,5302960
2019,내과,A58,4,5,5,145420,102020
2019,내과,A59,191,258,258,4457480,3316480
2019,내과,A60,1589,2808,2811,46862850,34679470
2019,내과,A63,184,318,318,16373460,11519310
2019,내과,A64,219,363,363,23272230,16373490
2019,내과,A65,2,3,3,127920,91520
2019,내과,A66,47,69,69,1217250,882050
2019,내과,A67,2,4,4,52590,48090
2019,내과,A69,2261,3347,3355,75552590,55348650
2019,내과,A71,4,4,4,62170,55770
2019,내과,A74,24,30,30,614430,441730
2019,내과,A75,880,1657,1888,86541280,64336560
2019,내과,A77,35,50,50,1145890,845290
2019,내과,A78,3,3,3,51980,40880
2019,내과,A79,89,138,138,3743900,2724860
2019,내과,A81,1,7,7,661760,596060
2019,내과,A85,6,11,11,273150,191750
2019,내과,A86,19,23,23,337270,249670
2019,내과,A87,108,135,135,3616750,2550350
2019,내과,A88,522,786,786,20358310,14911690
2019,내과,A92,3,3,3,115320,80820
2019,내과,A93,8,9,9,439780,315980
2019,내과,A94,1,1,1,15690,10990
2019,내과,A97,5,8,12,892080,659540
2019,내과,A98,7,9,9,315570,225070
2019,내과,A99,3,3,3,38190,26890
2019,내과,B00,83251,110365,110523,1758372320,1296131310
2019,내과,B01,3259,5840,5897,95577060,70202170
2019,내과,B02,139088,274180,276885,4851110060,3646384540
2019,내과,B05,93,112,115,4310510,3085690
2019,내과,B06,17,20,20,667010,467910
2019,내과,B07,868,1102,1102,33784420,24159120
2019,내과,B08,9740,16674,16719,244031150,190153650
2019,내과,B09,410,519,519,8991530,6626530
2019,내과,B15,2498,4425,4514,204386990,144747130
2019,내과,B16,695,909,909,53362990,37741680
2019,내과,B17,14666,20733,20755,1206249530,849029360
2019,내과,B18,169162,603748,604045,42088341890,29440520890
2019,내과,B19,2075,3071,3071,153832680,108537220
2019,내과,B20,2,2,2,111970,78470
2019,내과,B22,1,1,1,11240,7940
2019,내과,B23,1,1,1,820,620
2019,내과,B24,7,7,7,135150,94850
2019,내과,B25,10,12,12,465180,341180
2019,내과,B26,912,1338,1346,32063980,23080390
2019,내과,B27,120,208,208,7484650,5284650
2019,내과,B30,578,709,709,13347640,10473040
2019,내과,B33,1140,1510,1510,24762810,18876210
2019,내과,B34,1366,2152,2152,35633320,26706020
2019,내과,B35,142117,291743,291750,4384398160,3291511360
2019,내과,B36,2132,3170,3170,50090170,37267380
2019,내과,B37,10686,15141,15161,447472970,323204400
2019,내과,B38,1,1,1,105820,74120
2019,내과,B39,1,1,1,15690,10990
2019,내과,B40,1,1,1,15690,14190
2019,내과,B43,98,132,132,2939070,2130570
2019,내과,B44,21,108,108,2143390,1679090
2019,내과,B45,5,8,8,454230,328230
2019,내과,B46,28,57,57,799170,605870
2019,내과,B47,28,54,54,718290,536390
2019,내과,B48,160,392,392,6351000,4685400
2019,내과,B49,242,465,465,7966450,5987950
2019,내과,B50,8,12,12,260770,183070
2019,내과,B51,5,6,6,148160,104060
2019,내과,B53,2,2,2,69950,49050
2019,내과,B54,103,122,122,2547010,1840710
2019,내과,B58,3,5,5,91070,63870
2019,내과,B59,1,5,5,209740,152840
2019,내과,B60,7,7,7,176300,125400
2019,내과,B64,3,3,3,52370,39870
2019,내과,B65,4,4,4,53800,42800
2019,내과,B66,1094,1249,1249,27843750,20394250
2019,내과,B67,1,2,2,27000,19000
2019,내과,B68,22,25,25,448960,325360
2019,내과,B69,10,16,16,230150,169250
2019,내과,B70,1,1,1,11210,7910
2019,내과,B71,9,9,9,130220,91420
2019,내과,B74,1,1,1,15690,10990
2019,내과,B75,2,2,2,52980,37180
2019,내과,B76,8,8,8,114330,82530
2019,내과,B77,17,19,19,406190,299690
2019,내과,B79,9,10,10,950270,671870
2019,내과,B80,28,29,29,1032330,740530
2019,내과,B81,195,234,233,38785490,27176640
2019,내과,B82,77,94,94,3868060,2860360
2019,내과,B83,85,93,93,1884580,1371880
2019,내과,B85,202,225,225,3349490,2472890
2019,내과,B86,731,847,847,11257530,8573330
2019,내과,B88,5398,7599,7606,506322570,358366500
2019,내과,B89,162,178,178,5863670,4186070
2019,내과,B90,1340,2026,2026,55187390,39898360
2019,내과,B91,2,2,2,55140,42640
2019,내과,B94,7,9,9,185800,130400
2019,내과,B95,22,38,52,4309190,3252400
2019,내과,B96,53,72,87,4152920,3074940
2019,내과,B97,26,38,38,934460,672860
2019,내과,B98,9196,12807,12813,391560340,249091320
2019,내과,B99,13,22,22,313170,244170
2019,내과,C00,13,43,43,2190800,2076600
2019,내과,C01,14,70,73,2155470,2037130
2019,내과,C02,128,548,625,20900010,19254630
2019,내과,C03,27,128,128,7851130,7447900
2019,내과,C04,10,34,34,748930,714030
2019,내과,C05,24,102,108,3576440,3302940
2019,내과,C06,95,391,442,20932470,18984320
2019,내과,C07,35,402,402,11438930,10743530
2019,내과,C08,60,268,268,9313390,8550110
2019,내과,C09,92,526,542,47280050,44537610
2019,내과,C10,44,249,282,17455950,16495120
2019,내과,C11,110,571,637,47278550,43388870
2019,내과,C12,7,37,37,1433220,1363020
2019,내과,C13,50,333,372,45616240,43189530
2019,내과,C14,13,66,66,2647670,2511170
2019,내과,C15,886,4345,4651,221517200,204781750
2019,내과,C16,11944,50889,52147,2166830290,2009604780
2019,내과,C17,210,895,948,65261240,61166720
2019,내과,C18,6348,25993,27013,1579907240,1450748780
2019,내과,C19,544,2373,2419,141000760,129597630
2019,내과,C20,2187,8923,9302,530922390,487653290
2019,내과,C21,103,525,532,39755580,37223740
2019,내과,C22,5018,21627,22633,1348184500,1240256990
2019,내과,C23,550,2097,2599,260345650,242752910
2019,내과,C24,1011,4145,5145,505925020,469608470
2019,내과,C25,2109,9199,10354,650428760,594318070
2019,내과,C26,69,228,228,10055950,8833550
2019,내과,C30,34,198,202,8609680,8027760
2019,내과,C31,23,70,77,4927970,4669950
2019,내과,C32,255,1278,1352,57560510,52907900
2019,내과,C33,29,154,154,3517560,3296060
2019,내과,C34,6318,29629,33350,1936615020,1807297230
2019,내과,C37,136,760,999,99173620,92877250
2019,내과,C38,47,166,168,6657470,6191430
2019,내과,C39,51,166,166,4127270,3889570
2019,내과,C40,15,139,139,3939440,3703640
2019,내과,C41,56,369,384,15898410,14896170
2019,내과,C43,186,1130,1270,101784480,96075400
2019,내과,C44,618,3817,3890,153784250,145647520
2019,내과,C45,24,213,225,14107310,13195880
2019,내과,C46,40,176,176,5628640,5271240
2019,내과,C47,8,46,71,3614630,3259920
2019,내과,C48,77,250,364,54446850,50853120
2019,내과,C49,166,840,1034,114683210,107767650
2019,내과,C50,5988,25361,27353,1366091530,1272124950
2019,내과,C51,11,20,20,2272400,2159800
2019,내과,C52,9,25,143,47483790,44365550
2019,내과,C53,678,3458,3717,179647590,168149370
2019,내과,C54,382,2240,2481,139486480,131032240
2019,내과,C55,74,353,396,25851660,25100510
2019,내과,C56,772,4506,4811,179527420,165994340
2019,내과,C57,97,438,516,17210470,15812260
2019,내과,C58,5,36,36,820310,777710
2019,내과,C60,1,12,12,144350,137950
2019,내과,C61,3687,18378,18797,889643480,835371840
2019,내과,C62,39,351,351,8611350,8182550
2019,내과,C63,12,37,37,1430530,1330830
2019,내과,C64,1140,6166,6442,535857150,503604520
2019,내과,C65,144,676,685,37107950,34617330
2019,내과,C66,112,1047,1183,92366600,86876090
2019,내과,C67,1154,6722,6954,412297240,387624420
2019,내과,C68,38,258,258,7418810,7008210
2019,내과,C69,24,388,388,9136710,8605710
2019,내과,C70,45,230,290,32103530,30082260
2019,내과,C71,352,2241,2365,97045680,91878240
2019,내과,C72,100,710,710,24144770,22925670
2019,내과,C73,16817,73271,73493,3933173880,3349308030
2019,내과,C74,49,246,246,7384270,6645440
2019,내과,C75,58,244,284,9747100,8831230
2019,내과,C76,62,228,259,7480410,6786320
2019,내과,C77,102,392,425,28351610,26365890
2019,내과,C78,239,1025,1089,52054730,48238380
2019,내과,C79,194,1449,1539,145644580,137483880
2019,내과,C80,107,588,839,42993630,39960270
2019,내과,C81,77,340,340,11281810,10569850
2019,내과,C82,97,473,473,18676690,17651240
2019,내과,C83,321,1401,1436,52183070,48807740
2019,내과,C84,57,246,248,8650360,8132540
2019,내과,C85,397,1563,1563,81212260,75663140
2019,내과,C86,24,127,148,4815600,4452860
2019,내과,C88,184,593,599,29833570,27908630
2019,내과,C90,418,2666,2915,331312460,313982750
2019,내과,C91,145,674,676,25311340,23889500
2019,내과,C92,475,1887,1886,71631760,67518750
2019,내과,C93,27,94,94,3522170,3342470
2019,내과,C94,51,211,222,6714320,6238670
2019,내과,C95,110,306,310,9684700,8922860
2019,내과,C96,57,171,171,6104490,5764290
2019,내과,C97,1,1,1,15690,14990
2019,내과,D00,343,1524,1541,74490170,70165850
2019,내과,D01,1297,3988,4016,361572690,333318810
2019,내과,D02,62,175,175,6491420,5967320
2019,내과,D03,21,57,57,1839080,1689780
2019,내과,D04,102,592,592,20171600,19102290
2019,내과,D05,435,1420,1437,72201350,68040930
2019,내과,D06,476,1362,1376,74059260,69738260
2019,내과,D07,76,298,312,13815210,12875340
2019,내과,D09,127,435,435,17871750,16577440
2019,내과,D10,156,211,212,9114110,6568930
2019,내과,D11,143,190,194,8194210,5921230
2019,내과,D12,94083,123099,123606,32176726230,22650546030
2019,내과,D13,16635,22013,22150,2592022340,1806482900
2019,내과,D14,3686,4473,4487,554161160,389591310
2019,내과,D15,136,201,201,19134580,13555780
2019,내과,D16,67,89,89,4080880,2932080
2019,내과,D17,3034,5386,5395,318276210,226839370
2019,내과,D18,4233,5206,5234,652978070,446893810
2019,내과,D19,14,17,17,963370,685670
2019,내과,D20,24,32,32,4184260,2915670
2019,내과,D21,568,930,949,60523200,43786140
2019,내과,D22,50,57,57,1410450,1137650
2019,내과,D23,927,1887,1889,86433580,62155710
2019,내과,D24,8455,10579,10642,438495130,311948080
2019,내과,D25,1858,2146,2163,137734900,95890650
2019,내과,D26,196,254,254,22183580,15576960
2019,내과,D27,802,965,964,103305960,72206270
2019,내과,D28,42,73,73,8524190,5969800
2019,내과,D29,96,173,173,9427970,6839600
2019,내과,D30,2209,2739,2738,333010170,232432150
2019,내과,D31,10,12,11,1097740,782940
2019,내과,D32,620,2767,2772,146048600,135729150
2019,내과,D33,461,1978,1993,92952690,83816190
2019,내과,D34,20559,29093,29124,1532783630,1085149290
2019,내과,D35,810,2422,2426,142503190,113285430
2019,내과,D36,247,311,331,12935140,9345250
2019,내과,D37,4659,7619,7658,929877250,717650580
2019,내과,D38,534,826,838,60915450,45099200
2019,내과,D39,238,460,460,34567080,27724270
2019,내과,D40,94,210,210,12729210,10098610
2019,내과,D41,383,655,670,64576180,47721920
2019,내과,D42,57,311,344,13789980,12631600
2019,내과,D43,148,458,462,21779990,19497340
2019,내과,D44,2640,4123,4120,326053970,238407640
2019,내과,D45,162,472,471,17157280,15542880
2019,내과,D46,277,1491,1550,60923030,56326100
2019,내과,D47,446,1848,1854,108767890,101456320
2019,내과,D48,778,1192,1189,68596200,52109130
2019,내과,D50,149747,283801,283826,9964993840,7128093170
2019,내과,D51,1790,7060,7060,138261100,107841570
2019,내과,D52,783,1494,1494,33407090,26351190
2019,내과,D53,586,1285,1285,39404710,29830710
2019,내과,D55,83,117,117,5379120,3833920
2019,내과,D56,4,4,4,58280,47280
2019,내과,D58,20,38,38,2220850,1564950
2019,내과,D59,40,102,102,5199670,4242770
2019,내과,D60,7,9,9,172290,141490
2019,내과,D61,172,591,591,46632260,41555660
2019,내과,D62,86,113,113,4290850,3152050
2019,내과,D63,495,1582,1582,79123780,62625560
2019,내과,D64,48840,66191,66201,3246759440,2303305530
2019,내과,D65,1,1,1,19580,13780
2019,내과,D66,101,1646,1646,8792417760,7926645260
2019,내과,D67,16,254,254,2708685400,2437822800
2019,내과,D68,375,861,861,1870598670,1679742990
2019,내과,D69,5243,8051,8049,272082740,197684150
2019,내과,D70,48,98,98,2081540,1630640
2019,내과,D71,3,6,6,96150,80150
2019,내과,D72,3154,4434,4432,123465160,89158730
2019,내과,D73,220,261,261,26162410,18576220
2019,내과,D74,2,2,2,87460,61260
2019,내과,D75,1456,1850,1861,122752390,87618020
2019,내과,D76,9,45,45,1421510,1264210
2019,내과,D77,11,13,13,323110,233610
2019,내과,D80,7,22,22,828080,731680
2019,내과,D81,2,2,2,28920,26120
2019,내과,D82,8,16,16,337880,292580
2019,내과,D83,2,2,2,260900,231600
2019,내과,D84,22,169,169,2945340,2145140
2019,내과,D86,61,283,283,13705110,11978410
2019,내과,D89,59,210,210,7282010,5366910
2019,내과,E00,17,28,28,1248290,900390
2019,내과,E01,140,196,196,10335490,7266490
2019,내과,E02,493,1109,1109,64195790,45883360
2019,내과,E03,221159,927569,927601,30324961810,21904814110
2019,내과,E04,70149,134658,134655,7803232950,5559045070
2019,내과,E05,84619,384530,384551,16187001850,11506253250
2019,내과,E06,40054,119450,119474,5784216290,4115888040
2019,내과,E07,74226,111569,111585,6673347090,4726836400
2019,내과,E10,11044,51011,51083,1491167790,1122869210
2019,내과,E11,1395479,10346090,10348124,253581554910,192542612070
2019,내과,E12,142,654,660,18145460,13568130
2019,내과,E13,19502,115677,115699,2896345270,2178913570
2019,내과,E14,104247,560196,560236,14493107160,10840739280
2019,내과,E15,14,23,23,619750,473800
2019,내과,E16,2806,4243,4323,129008110,98674670
2019,내과,E20,252,677,677,19880640,14530240
2019,내과,E21,447,1025,1023,86779130,70884350
2019,내과,E22,708,1720,1717,62933860,49450280
2019,내과,E23,1051,4661,4661,158675490,125601820
2019,내과,E24,428,1103,1107,46422100,37970950
2019,내과,E25,21,86,86,1548990,1318190
2019,내과,E26,48,118,118,4469690,3192690
2019,내과,E27,1170,3097,3102,119263050,94064380
2019,내과,E28,654,1121,1119,48345760,34021000
2019,내과,E29,178,660,660,10925350,8740150
2019,내과,E30,634,1849,1849,45626040,32182240
2019,내과,E32,22,25,24,622220,456320
2019,내과,E34,252,489,489,11933540,8788240
2019,내과,E35,975,1190,1190,87368830,62210030
2019,내과,E40,2,2,2,30790,21690
2019,내과,E41,170,292,292,4579390,3822290
2019,내과,E42,4,4,4,67630,50630
2019,내과,E43,18,23,23,422660,331860
2019,내과,E44,195,246,246,4882540,3677540
2019,내과,E45,4,7,7,101720,84320
2019,내과,E46,344,557,556,12937590,10369590
2019,내과,E50,1982,3394,3394,48658510,36716810
2019,내과,E51,48,106,130,4322580,3409400
2019,내과,E53,920,1710,1710,39487520,29474760
2019,내과,E54,15,19,19,1092470,776070
2019,내과,E55,48564,73213,73213,1626162130,1170911320
2019,내과,E56,3163,4751,4751,113410610,83079500
2019,내과,E58,1807,3514,3514,74938580,55716320
2019,내과,E59,3,3,3,152890,107190
2019,내과,E60,25,39,39,1827390,1317390
2019,내과,E61,1989,2965,2965,61644240,45716330
2019,내과,E63,1157,1764,1764,41629510,32775530
2019,내과,E64,127,183,183,2977650,2365050
2019,내과,E65,52,55,55,1150700,766220
2019,내과,E66,1791,2785,2785,58025640,40966500
2019,내과,E67,45,54,54,1342150,953350
2019,내과,E70,10,13,13,318820,239120
2019,내과,E71,31,121,121,11644160,10396660
2019,내과,E72,7,16,16,339410,260310
2019,내과,E73,112,153,153,2583200,1998100
2019,내과,E74,469,697,697,13629070,10777970
2019,내과,E75,40,84,84,1773970,1391570
2019,내과,E76,4,7,7,258020,190020
2019,내과,E77,29,31,31,411650,312950
2019,내과,E78,1075044,3592136,3592261,84222151850,61180635190
2019,내과,E79,4367,6870,6870,283641350,202287160
2019,내과,E80,320,448,448,18637710,13130210
2019,내과,E83,3965,7477,7477,186062480,140957690
2019,내과,E84,11,33,33,602360,481960
2019,내과,E85,23,104,104,5125160,4609560
2019,내과,E86,22323,33550,33632,1679149990,1235581610
2019,내과,E87,5743,9225,9350,357123100,267816140
2019,내과,E88,428,564,563,13726080,9980870
2019,내과,E89,4012,15118,15128,540018340,389518330
2019,내과,E90,377,544,544,14449840,10450040
2019,내과,F00,16999,86415,86641,1626501560,1284397380
2019,내과,F01,2361,7763,7763,157540350,125940400
2019,내과,F02,204,547,547,9135420,7411920
2019,내과,F03,3281,8236,8233,277534580,220275250
2019,내과,F04,3,11,11,135500,114700
2019,내과,F05,99,195,195,2653640,2190840
2019,내과,F06,59355,169705,169835,2950836390,2400535030
2019,내과,F07,440,1037,1037,18596840,14721440
2019,내과,F09,9,39,39,599120,494720
2019,내과,F10,452,866,873,17120520,12736140
2019,내과,F11,2,2,2,31140,24640
2019,내과,F13,15,18,18,334100,243600
2019,내과,F14,2,4,4,61370,56870
2019,내과,F15,1,1,1,11210,7910
2019,내과,F17,475,811,811,15052450,10772110
2019,내과,F18,2,3,3,45520,33520
2019,내과,F19,9,10,10,230170,163370
2019,내과,F20,407,1662,1662,34139530,29548830
2019,내과,F21,3,3,3,44610,31310
2019,내과,F22,19,55,55,569680,487280
2019,내과,F23,22,71,71,1450400,1125900
2019,내과,F24,1,6,6,50240,41240
2019,내과,F25,22,83,83,2619950,2292750
2019,내과,F28,11,34,34,493220,377620
2019,내과,F29,15,24,24,664620,569220
2019,내과,F30,63,175,175,2705130,2125630
2019,내과,F31,1646,4097,4098,50847020,40108120
2019,내과,F32,23063,64026,64036,1071549700,838037850
2019,내과,F33,2020,5970,6001,91662860,73032720
2019,내과,F34,1183,2779,2789,60098230,45469370
2019,내과,F38,2875,6460,6460,117352410,90308510
2019,내과,F39,1604,3178,3178,51567560,40023980
2019,내과,F40,1900,4361,4361,67457070,52364970
2019,내과,F41,86075,205027,205129,3456929870,2708191740
2019,내과,F42,121,324,324,5238900,4082110
2019,내과,F43,4788,8959,8971,153345870,116444150
2019,내과,F44,21,35,34,1539230,1121130
2019,내과,F45,19130,39871,39911,685644660,529898340
2019,내과,F48,24745,46100,46127,973096590,734597750
2019,내과,F50,851,1282,1282,21536220,16552040
2019,내과,F51,76835,231855,231853,3391029170,2610257690
2019,내과,F52,291,450,450,5688820,4229620
2019,내과,F53,3,3,3,47070,32970
2019,내과,F54,247,445,445,14567850,10505680
2019,내과,F55,2,3,3,94000,65900
2019,내과,F59,80,96,96,1539010,1097110
2019,내과,F60,14,19,19,426490,318190
2019,내과,F62,1,1,1,167390,165890
2019,내과,F63,3,6,6,98960,69560
2019,내과,F64,12,65,65,926980,652180
2019,내과,F66,20,27,27,396830,281730
2019,내과,F68,5,10,10,1285100,1150700
2019,내과,F70,8,13,13,180500,142900
2019,내과,F71,1,1,1,13660,9660
2019,내과,F72,1,1,1,19580,13780
2019,내과,F73,1,1,1,16770,15170
2019,내과,F78,4,4,4,55810,39310
2019,내과,F79,3,8,8,63010,44710
2019,내과,F80,85,119,119,2937990,2269990
2019,내과,F81,9,10,10,147630,114430
2019,내과,F82,3,13,13,327970,231570
2019,내과,F83,1,1,1,11790,9390
2019,내과,F84,69,132,132,3566450,2717950
2019,내과,F88,2,2,2,27480,20380
2019,내과,F89,19,19,19,295900,214600
2019,내과,F90,197,540,540,7437660,5394260
2019,내과,F91,14,16,16,310030,231930
2019,내과,F92,158,386,386,6176520,4820610
2019,내과,F93,10,10,10,158760,112560
2019,내과,F94,3,14,14,238060,167260
2019,내과,F95,136,186,186,3097970,2280670
2019,내과,F98,52,111,111,1495330,1093030
2019,내과,F99,8,8,8,401860,288160
2019,내과,G00,17,25,25,993850,696850
2019,내과,G01,1,1,1,47390,33190
2019,내과,G02,3,5,5,211200,148000
2019,내과,G03,236,271,271,4908160,3626860
2019,내과,G04,18,23,23,1245250,898750
2019,내과,G05,849,1197,1206,21953650,15776410
2019,내과,G06,6,9,9,704630,495830
2019,내과,G09,1,5,5,62110,54610
2019,내과,G10,3,9,9,284710,255710
2019,내과,G11,49,292,292,5741960,5113460
2019,내과,G12,86,482,484,11295800,9752110
2019,내과,G13,3,5,5,289240,245240
2019,내과,G14,12,23,23,454990,322990
2019,내과,G20,3200,15955,16019,449851740,397470960
2019,내과,G21,379,1289,1289,21974270,18178070
2019,내과,G22,185,691,691,10750810,9081110
2019,내과,G23,61,133,132,4965870,3736780
2019,내과,G24,1708,2223,2223,39213230,29162330
2019,내과,G25,7678,16753,16752,301137810,233244230
2019,내과,G26,20,51,51,932360,756460
2019,내과,G30,1300,4703,4702,98475420,78824540
2019,내과,G31,68783,203511,203503,3337877510,2717923490
2019,내과,G32,46,131,131,2551090,2007790
2019,내과,G35,45,206,206,4727800,4206000
2019,내과,G36,11,49,49,2500320,2084090
2019,내과,G37,11,21,21,949140,759440
2019,내과,G40,2768,9818,9817,147758480,112999080
2019,내과,G41,181,626,626,10783080,8759080
2019,내과,G43,137681,247067,247240,4440850420,3239160170
2019,내과,G44,87804,127311,127296,2584578240,1903880580
2019,내과,G45,2730,7063,7077,213172800,160509470
2019,내과,G46,802,2470,2484,74501090,56539950
2019,내과,G47,183979,534236,534782,8160123310,6262165660
2019,내과,G50,3915,7140,7139,123742720,95297520
2019,내과,G51,2070,3406,3407,91705050,67742970
2019,내과,G52,496,867,867,24671780,18227780
2019,내과,G53,31953,77364,77723,1227504990,974568780
2019,내과,G54,532,1191,1191,46762830,33749240
2019,내과,G55,389,1220,1268,31526420,24037990
2019,내과,G56,4001,8924,8943,258316360,190546560
2019,내과,G57,2842,9638,9638,327293180,244607380
2019,내과,G58,4160,8609,8621,218532520,163826860
2019,내과,G59,429,1470,1470,26426960,20896660
2019,내과,G60,13,45,45,2442410,2225610
2019,내과,G61,101,291,291,7598240,6537240
2019,내과,G62,956,2069,2069,35514570,28110810
2019,내과,G63,6711,24839,24854,542312440,419686030
2019,내과,G64,2937,5507,5506,113572070,86022080
2019,내과,G70,204,884,887,29652320,26316760
2019,내과,G71,108,367,367,9098160,7662060
2019,내과,G72,75,124,124,4701570,3363070
2019,내과,G73,56,106,106,3659360,2680000
2019,내과,G80,28,151,151,2471010,1790710
2019,내과,G81,109,605,604,22917030,17800130
2019,내과,G82,50,387,387,11329600,8077000
2019,내과,G83,65,106,106,1745180,1341880
2019,내과,G90,2682,4580,4579,98934280,74732740
2019,내과,G91,85,150,150,6578450,4706950
2019,내과,G93,2492,3278,3277,179625660,127416030
2019,내과,G94,6,16,21,1723890,1254730
2019,내과,G95,441,1001,1001,21876880,17387860
2019,내과,G96,25,66,66,1306310,977710
2019,내과,G97,2,8,8,50480,36680
2019,내과,G98,75,97,97,1619310,1264310
2019,내과,G99,418,943,956,16200260,12828880
2019,내과,H00,11706,13953,13953,217235930,157167110
2019,내과,H01,4275,5193,5193,78363290,58266290
2019,내과,H02,477,638,651,20579950,15089830
2019,내과,H03,61,74,74,1178620,899220
2019,내과,H04,15960,27195,27195,403193230,302689340
2019,내과,H05,224,289,289,8736980,6367280
2019,내과,H06,46,102,102,3632060,2575160
2019,내과,H10,37441,48749,48755,727828730,552753270
2019,내과,H11,5081,8130,8130,121612670,90604240
2019,내과,H13,53,60,60,856960,658660
2019,내과,H15,55,69,69,2565090,1826390
2019,내과,H16,3565,5032,5031,73477330,55689160
2019,내과,H17,2,5,5,39250,31750
2019,내과,H18,72,104,104,1626460,1238560
2019,내과,H19,433,632,632,9029820,6814920
2019,내과,H20,221,344,344,31565930,22160530
2019,내과,H21,14,17,17,288100,216200
2019,내과,H22,37,83,83,7620340,5439540
2019,내과,H25,4720,6584,6584,169341800,128278200
2019,내과,H26,2990,3513,3518,147135630,106739740
2019,내과,H27,15,16,15,702430,532730
2019,내과,H28,62,101,101,1882320,1474720
2019,내과,H30,14,25,25,442320,325720
2019,내과,H31,8,11,11,236470,186470
2019,내과,H32,4,15,15,177110,149610
2019,내과,H33,34,40,39,1308270,945070
2019,내과,H34,127,335,335,9020050,6683150
2019,내과,H35,577,1909,1914,83704210,72355250
2019,내과,H36,1028,3469,3468,61874720,49220830
2019,내과,H40,1332,2754,2754,39979610,32656710
2019,내과,H42,61,172,172,2038420,1685820
2019,내과,H43,37,55,55,1556090,1124990
2019,내과,H44,167,233,233,7175590,5177690
2019,내과,H45,3,3,3,53780,37680
2019,내과,H46,7,25,25,307260,258360
2019,내과,H47,21,23,23,1538290,1092990
2019,내과,H48,2,2,2,243600,172400
2019,내과,H49,9,22,22,1000510,731310
2019,내과,H50,87,93,93,3069370,2313770
2019,내과,H51,1,1,1,15690,10990
2019,내과,H52,64,89,89,1580320,1180220
2019,내과,H53,277,318,318,15393270,11102070
2019,내과,H54,372,419,419,19758390,14133590
2019,내과,H55,10,15,15,278980,198080
2019,내과,H57,196,209,209,5079990,3630790
2019,내과,H58,1,1,1,15690,10990
2019,내과,H59,27,33,33,1001200,738000
2019,내과,H60,21310,32473,32473,509468820,381363620
2019,내과,H61,1807,2134,2134,53827940,39472840
2019,내과,H62,368,610,610,10104590,7521290
2019,내과,H65,14726,29834,29834,450125290,335840690
2019,내과,H66,35122,82036,82036,1204588520,922567930
2019,내과,H67,239,417,417,6296790,4697090
2019,내과,H68,2212,3124,3124,55541520,39849920
2019,내과,H69,110,134,134,2096990,1609090
2019,내과,H70,64,85,85,2330510,1661610
2019,내과,H71,22,33,33,2579860,1809860
2019,내과,H72,105,132,134,3489370,2609880
2019,내과,H73,235,411,411,6232430,4667630
2019,내과,H74,18,25,25,659720,475520
2019,내과,H75,1,1,1,15690,10990
2019,내과,H80,2,2,2,28660,20160
2019,내과,H81,149724,244597,245822,4981105310,3797313530
2019,내과,H82,3518,5876,5876,99412120,77335320
2019,내과,H83,1228,1904,1904,35842620,27813120
2019,내과,H90,140,246,244,4952140,3948540
2019,내과,H91,1348,2222,2220,74815960,55635760
2019,내과,H92,1030,1148,1147,18706550,13951450
2019,내과,H93,4738,7221,7217,178948080,133565590
2019,내과,H94,6,7,7,98410,78510
2019,내과,H95,8,24,24,534810,397010
2019,내과,I00,768,2754,2754,203513840,153144040
2019,내과,I01,44,68,68,1597200,1229600
2019,내과,I02,1,1,1,13660,12160
2019,내과,I05,883,4193,4192,110020400,81980850
2019,내과,I06,269,1261,1260,35208000,26629900
2019,내과,I07,211,598,597,32055640,23086240
2019,내과,I08,482,1363,1366,36778010,27804030
2019,내과,I09,30,120,120,2418880,1867380
2019,내과,I10,3187123,22438384,22438562,435040477480,334424365760
2019,내과,I11,68112,438204,438324,9513058990,7393835230
2019,내과,I12,4469,24629,24628,635860600,481039480
2019,내과,I13,10971,56322,56325,1639313380,1236483920
2019,내과,I15,2430,9363,9369,275757590,202057690
2019,내과,I20,88204,334992,335728,9954368910,7714493040
2019,내과,I21,2589,9124,9150,258128580,198679820
2019,내과,I22,153,753,752,16717510,13424710
2019,내과,I23,93,565,565,12792240,10059040
2019,내과,I24,902,2315,2325,61901530,46273040
2019,내과,I25,11638,45163,45161,1186842040,901160190
2019,내과,I26,236,1027,1027,27092660,20894660
2019,내과,I27,163,443,442,20123240,15379540
2019,내과,I28,21,38,38,3125280,2437380
2019,내과,I30,40,52,52,1678060,1271260
2019,내과,I31,188,436,434,20271940,15163950
2019,내과,I32,5,45,45,7624340,6851540
2019,내과,I33,15,52,52,1201920,894220
2019,내과,I34,1099,4474,4485,157532940,115733940
2019,내과,I35,1758,7221,7219,242565350,183430670
2019,내과,I36,72,214,214,6897020,5088920
2019,내과,I37,75,195,195,14538300,10286300
2019,내과,I38,21,35,35,865290,618890
2019,내과,I39,35,52,52,2056530,1612330
2019,내과,I40,20,47,47,3246540,2291140
2019,내과,I41,11,23,23,367040,307540
2019,내과,I42,2094,10409,10513,455555430,387697570
2019,내과,I43,11,47,47,1020200,789500
2019,내과,I44,529,1055,1054,45306220,33049960
2019,내과,I45,2063,3001,2998,85061200,62495070
2019,내과,I46,10,27,27,974560,788060
2019,내과,I47,8408,19763,19755,505891480,373948750
2019,내과,I48,23054,107362,107397,2751354490,2105254110
2019,내과,I49,42577,87649,87672,2920962540,2133609260
2019,내과,I50,22521,96000,96256,2542461790,1963550110
2019,내과,I51,5609,7936,7940,406776110,293032500
2019,내과,I52,34,73,73,1653050,1280950
2019,내과,I60,113,291,297,12388560,9145720
2019,내과,I61,233,893,901,51488240,43067590
2019,내과,I62,37,105,105,4442330,3215930
2019,내과,I63,15045,65024,65257,1489302200,1170335270
2019,내과,I64,570,2104,2108,54942480,42629630
2019,내과,I65,8485,29585,29587,872005840,645646390
2019,내과,I66,747,2833,2852,110828140,82355970
2019,내과,I67,8670,27172,27265,831669410,634408220
2019,내과,I68,577,1597,1597,31385420,24307920
2019,내과,I69,3547,12965,13018,238685010,191382770
2019,내과,I70,24203,69443,69441,1724830490,1284087500
2019,내과,I71,514,1507,1514,57068480,42342860
2019,내과,I72,90,220,220,6425600,4781510
2019,내과,I73,68650,150534,150542,2790189260,2127976930
2019,내과,I74,1073,3159,3159,66394430,51992650
2019,내과,I77,202,345,347,7990740,6105240
2019,내과,I78,632,1155,1156,20997190,15988030
2019,내과,I79,935,2245,2245,43845740,33644790
2019,내과,I80,1743,3652,3659,64509100,49201320
2019,내과,I81,17,27,27,1273790,891500
2019,내과,I82,470,1278,1277,26830450,20554350
2019,내과,I83,5262,10323,10330,269788660,205091300
2019,내과,I85,103,206,219,13408630,9785890
2019,내과,I86,358,604,620,15801820,11636680
2019,내과,I87,22019,43798,43796,732390120,549315880
2019,내과,I88,7537,10255,10305,301196190,213963970
2019,내과,I89,4167,7639,7639,152965800,113971740
2019,내과,I95,7800,10772,10770,301848260,226075290
2019,내과,I97,41,75,75,1613860,1218860
2019,내과,I98,62,123,123,4656040,3316340
2019,내과,I99,322,544,544,11101390,8315690
2019,내과,J00,926731,1511409,1511447,24008134780,17817233250
2019,내과,J01,244377,422014,422621,7484190900,5462941280
2019,내과,J02,672884,1039573,1039627,16643414090,12253204370
2019,내과,J03,775183,1215079,1215706,19727010610,14388696080
2019,내과,J04,380909,634806,634871,10016616560,7446101870
2019,내과,J05,1165,1746,1755,27740720,20957980
2019,내과,J06,1345981,2192890,2192979,35158353220,25962442530
2019,내과,J09,17411,23892,24078,437229670,316014710
2019,내과,J10,150594,202967,206829,3936547100,2884483680
2019,내과,J11,113803,152537,153806,2723299460,1965969210
2019,내과,J12,175,291,290,9282590,6621760
2019,내과,J13,86,176,176,5330010,3871310
2019,내과,J14,32,49,61,2969370,2331520
2019,내과,J15,61767,132429,134852,3232106000,2419751880
2019,내과,J16,1224,2578,2671,63901170,48230720
2019,내과,J17,792,1402,1596,68166960,52363180
2019,내과,J18,131123,265430,273654,6958535690,5212128530
2019,내과,J20,4313612,8587574,8592314,138416217010,102983264950
2019,내과,J21,157996,301832,301920,5126061800,3828479490
2019,내과,J22,226277,418769,418855,6564462250,4897362700
2019,내과,J30,1140086,1975215,1975238,32480519350,23992386920
2019,내과,J31,21503,35271,35271,560532840,414978920
2019,내과,J32,93125,180047,180078,3081722660,2267629510
2019,내과,J33,563,904,904,50160380,36295880
2019,내과,J34,6092,9808,9812,252067010,178800790
2019,내과,J35,14218,22136,22174,402925380,295125000
2019,내과,J36,162392,266254,266337,4304023480,3143399520
2019,내과,J37,6163,10743,10743,183622600,138487920
2019,내과,J38,1536,2326,2325,168457660,119528560
2019,내과,J39,34351,59542,59544,956504210,704139190
2019,내과,J40,615632,1145245,1145628,19367544280,14514646110
2019,내과,J41,169231,327334,327591,5389237920,4091715210
2019,내과,J42,101926,204715,204737,3483921060,2683508340
2019,내과,J43,2715,4572,4585,320370900,229099130
2019,내과,J44,29666,105086,105527,2165836830,1702443690
2019,내과,J45,338025,921754,922912,18802890290,14125701090
2019,내과,J46,6613,20532,20704,393540680,300592210
2019,내과,J47,9634,24709,24837,612720040,463536900
2019,내과,J60,96,127,127,3041890,2303190
2019,내과,J61,21,26,26,548710,418510
2019,내과,J62,20,21,21,672020,489520
2019,내과,J63,20,29,29,604920,469920
2019,내과,J64,691,777,777,24927550,17734940
2019,내과,J65,1,1,1,19580,17680
2019,내과,J66,6,8,8,350610,250410
2019,내과,J67,41,88,109,6297890,4764800
2019,내과,J68,107,162,162,4486390,3321790
2019,내과,J69,46,85,178,16624850,12899430
2019,내과,J70,26,37,37,904840,701440
2019,내과,J80,98,261,261,5498000,4288330
2019,내과,J81,193,388,427,40851380,35271290
2019,내과,J82,143,317,317,11837070,8481570
2019,내과,J84,1787,4553,4696,203775640,159267110
2019,내과,J85,140,205,229,12156000,9144750
2019,내과,J86,15,22,22,532830,395730
2019,내과,J90,955,1368,1403,79957800,62631490
2019,내과,J91,77,150,181,7836560,5842260
2019,내과,J92,57,67,67,3158740,2359740
2019,내과,J93,2542,3191,3218,94121100,67589650
2019,내과,J94,803,925,938,40874920,29203890
2019,내과,J95,5,5,5,93690,76290
2019,내과,J96,222,303,347,18066030,13608190
2019,내과,J98,12284,15781,15779,1302024490,923613870
2019,내과,J99,28,47,47,2502490,1848160
2019,내과,K00,15,15,15,431540,305840
2019,내과,K01,37,42,42,808240,568240
2019,내과,K02,79,87,87,1428630,1116530
2019,내과,K03,25,27,27,569950,420950
2019,내과,K04,2302,3364,3384,56825280,43971250
2019,내과,K05,14196,22463,22473,347116200,271813280
2019,내과,K06,58,68,68,1277890,943990
2019,내과,K07,1034,1438,1438,28144400,20945990
2019,내과,K08,2477,2948,2948,45872370,33246270
2019,내과,K09,65,75,75,2134160,1555060
2019,내과,K10,102,138,138,2555670,1925270
2019,내과,K11,4030,5409,5433,156454500,113259820
2019,내과,K12,54427,82512,82523,1500478260,1117610240
2019,내과,K13,1084,1432,1430,24928970,18769580
2019,내과,K14,3811,5249,5245,91164590,69932600
2019,내과,K20,5924,10512,10524,213670550,158621610
2019,내과,K21,2402078,5007547,5008894,147330367980,106343362020
2019,내과,K22,3535,7760,7793,343136720,248382680
2019,내과,K23,13,14,14,628830,451230
2019,내과,K25,408141,852041,852887,31461300680,22703472340
2019,내과,K26,91125,168675,168828,7528610310,5350294580
2019,내과,K27,176662,336253,336239,6883612260,5136371680
2019,내과,K28,571,1152,1152,20980880,15754080
2019,내과,K29,2429347,4122825,4123950,117434101320,84750323060
2019,내과,K30,188047,273780,273830,7535346390,5455238160
2019,내과,K31,36397,52846,52819,3565946730,2532302160
2019,내과,K35,8601,9296,9343,546591000,386860050
2019,내과,K36,1050,1134,1145,55290020,39155680
2019,내과,K37,4093,4465,4455,264376760,186388350
2019,내과,K38,920,1055,1055,67143580,47351270
2019,내과,K40,1345,1818,1829,118571650,93758560
2019,내과,K41,105,132,132,4088240,3203630
2019,내과,K42,154,193,193,8391100,6446690
2019,내과,K43,260,303,303,8168420,6054900
2019,내과,K44,57,76,76,4904890,3501930
2019,내과,K45,78,90,90,1630150,1277050
2019,내과,K46,292,337,337,8907930,6750430
2019,내과,K50,1471,4529,4541,255211330,212782820
2019,내과,K51,6073,23794,23835,1166974870,968027570
2019,내과,K52,569242,787132,787736,21551284300,15550761180
2019,내과,K55,626,872,934,74364470,53200430
2019,내과,K56,10679,16166,16327,472371370,346276060
2019,내과,K57,8995,12426,12545,1229284340,864461690
2019,내과,K58,848904,1323097,1324302,69005191240,49165869610
2019,내과,K59,586833,921189,921367,39001464760,28049744670
2019,내과,K60,660,1076,1076,71675030,54962740
2019,내과,K61,488,1050,1070,70123990,56063610
2019,내과,K62,15170,19531,19535,2377954350,1676063690
2019,내과,K63,330008,448113,448535,136704762150,96023031730
2019,내과,K64,24415,34280,34290,1792295410,1295690000
2019,내과,K65,843,1072,1107,47433260,34593530
2019,내과,K66,345,537,549,27562110,19652670
2019,내과,K67,69,111,111,5715410,4056710
2019,내과,K70,26620,58977,59333,2441640780,1736342700
2019,내과,K71,23466,45604,46106,2127203730,1512385760
2019,내과,K72,1667,2864,2864,140431130,99883690
2019,내과,K73,88614,196654,197145,8126149850,5797377090
2019,내과,K74,9360,33395,33810,1978395120,1427005170
2019,내과,K75,157854,293664,294013,14133410650,9984077810
2019,내과,K76,411227,614056,614774,42622335230,29976629630
2019,내과,K77,3897,5360,5360,311340380,219796550
2019,내과,K80,39357,71536,71877,4404082280,3102002440
2019,내과,K81,5856,8182,8345,689435240,487084650
2019,내과,K82,29948,36393,36383,4158127180,2852668620
2019,내과,K83,6324,9347,9406,756824880,533120190
2019,내과,K85,4209,6050,6510,493998410,353820210
2019,내과,K86,8681,13251,13285,1035708140,728069360
2019,내과,K87,2223,2742,2745,274747370,188734220
2019,내과,K90,284,667,667,30089680,21921280
2019,내과,K91,989,2386,2423,81038270,60255690
2019,내과,K92,16316,21799,21952,1532472820,1092523510
2019,내과,K93,193,267,267,4852180,3690900
2019,내과,L00,6,7,7,131050,93550
2019,내과,L01,12009,16940,16939,269731340,202978000
2019,내과,L02,50976,81755,81774,1402897570,1058103330
2019,내과,L03,120307,183779,184060,3254152560,2446610950
2019,내과,L04,64838,96395,96401,1712854140,1239479320
2019,내과,L05,1032,1427,1427,23505330,17232130
2019,내과,L08,23461,33844,33844,563818340,423888590
2019,내과,L10,52,174,174,8760470,7139370
2019,내과,L11,7,8,8,129390,94490
2019,내과,L12,29,57,57,1341520,1142420
2019,내과,L13,1084,1549,1549,24052940,17836540
2019,내과,L14,80,90,90,1654740,1281540
2019,내과,L20,43005,71459,71485,1313002800,980335320
2019,내과,L21,17334,26173,26172,391314270,302003870
2019,내과,L22,194,216,216,3488970,2853270
2019,내과,L23,209165,344773,344792,5604903560,4304467990
2019,내과,L24,13995,20745,20754,321620320,247974530
2019,내과,L25,28248,43711,43710,702067550,538619070
2019,내과,L26,25,35,35,642290,472790
2019,내과,L27,4163,5703,5713,106061310,78179070
2019,내과,L28,7778,11700,11700,217061050,161893050
2019,내과,L29,21206,32020,32030,593570190,454068330
2019,내과,L30,55099,80396,80403,1322122420,1006084380
2019,내과,L40,4127,7863,7863,132857120,100542920
2019,내과,L41,61,96,96,1968800,1442500
2019,내과,L42,129,188,188,3911770,2793970
2019,내과,L43,69,121,121,2797720,2072120
2019,내과,L44,12,18,18,666540,483340
2019,내과,L45,1,1,1,15800,11100
2019,내과,L50,333348,540805,540880,10687428960,7935979890
2019,내과,L51,164,291,291,8875640,6404140
2019,내과,L52,203,467,467,21417240,14998950
2019,내과,L53,332,467,467,10354130,7619630
2019,내과,L54,11,15,15,876780,624380
2019,내과,L55,177,214,214,3826000,2777500
2019,내과,L56,101,118,118,2428290,1732790
2019,내과,L57,111,142,142,2638080,2034080
2019,내과,L58,11,14,14,213240,163140
2019,내과,L59,11,12,12,290110,212210
2019,내과,L60,2390,4622,4622,116146210,85115920
2019,내과,L62,3,3,3,75100,55900
2019,내과,L63,1226,2648,2648,62273710,43961540
2019,내과,L64,331,594,594,11708910,8541310
2019,내과,L65,680,1015,1015,18694770,13328370
2019,내과,L66,203,330,330,5403530,3945630
2019,내과,L67,2,2,2,26900,20700
2019,내과,L68,3,9,9,268070,187970
2019,내과,L70,3148,5721,5721,82976080,58631880
2019,내과,L71,309,563,563,9504390,6813090
2019,내과,L72,1135,2821,2888,108765800,78523120
2019,내과,L73,331,567,574,9032170,6609470
2019,내과,L74,239,263,263,4226490,3222690
2019,내과,L75,61,208,208,4930760,3628750
2019,내과,L80,137,166,166,3498020,2643120
2019,내과,L81,340,384,383,5460300,4053100
2019,내과,L82,79,102,102,1590820,1232720
2019,내과,L83,21,29,29,1082870,773670
2019,내과,L84,2087,3553,3553,133453810,96093200
2019,내과,L85,2533,3442,3441,57996450,43880910
2019,내과,L86,77,108,108,1574370,1205270
2019,내과,L87,5,8,8,105990,74690
2019,내과,L88,3,7,7,218290,161790
2019,내과,L89,489,3324,3340,221619790,178821180
2019,내과,L90,106,181,180,5187310,3682010
2019,내과,L91,208,429,429,12680520,9002220
2019,내과,L92,128,173,172,4487020,3356060
2019,내과,L93,211,402,400,15799330,11341230
2019,내과,L94,50,106,106,5894860,4300860
2019,내과,L95,357,741,741,45871030,32395330
2019,내과,L97,13,23,23,415470,340870
2019,내과,L98,615,995,995,17979270,13652370
2019,내과,L99,17,18,18,346680,251480
2019,내과,M00,300,780,894,30343010,23312390
2019,내과,M01,927,1212,1212,21690580,15787880
2019,내과,M02,4137,6380,6387,115731480,86663100
2019,내과,M03,33,78,78,1286780,938980
2019,내과,M05,31648,214757,214782,12236117870,10764177830
2019,내과,M06,45491,121252,121292,5961179970,4277511680
2019,내과,M07,469,2041,2040,153530750,133866150
2019,내과,M08,270,873,874,102421140,89757250
2019,내과,M09,5,8,8,239460,167960
2019,내과,M10,99620,342682,342775,10151694040,7247273980
2019,내과,M11,253,584,584,13876260,10284470
2019,내과,M12,8422,18013,18012,486159880,351706320
2019,내과,M13,228969,529081,529212,12058190980,9175395040
2019,내과,M14,321,637,647,15175920,11423480
2019,내과,M15,84342,205603,205639,4327552630,3319490820
2019,내과,M16,3168,7872,7887,167842490,130388210
2019,내과,M17,115594,433985,436157,11661733960,8888729780
2019,내과,M18,292,1053,1053,15427870,11478870
2019,내과,M19,104545,260638,260709,7462326610,5487315790
2019,내과,M20,237,475,535,16726360,12392090
2019,내과,M21,74,97,110,3081080,2288280
2019,내과,M22,126,247,247,5261800,3794100
2019,내과,M23,975,3311,3400,69499320,52967040
2019,내과,M24,4840,9434,9434,191369960,144155780
2019,내과,M25,124509,231123,231240,5150623550,3866347850
2019,내과,M30,68,223,223,7036210,5992210
2019,내과,M31,192,962,962,81082200,70427850
2019,내과,M32,4934,14891,14896,1334699830,1072689700
2019,내과,M33,153,577,606,31196160,26894700
2019,내과,M34,456,2534,2534,154578760,134663170
2019,내과,M35,7761,32248,32282,1783784190,1498388870
2019,내과,M36,9,85,85,1261460,892760
2019,내과,M40,992,2337,2337,104556590,75005300
2019,내과,M41,657,1616,1625,60748030,43650800
2019,내과,M42,11,22,22,450600,370900
2019,내과,M43,1506,4512,4754,188712210,141989700
2019,내과,M45,6407,27021,27025,3356630180,2939406180
2019,내과,M46,2027,5928,6033,189054200,138663950
2019,내과,M47,28029,119478,119775,2797797500,2228342690
2019,내과,M48,39468,180353,181576,4462888800,3541761270
2019,내과,M49,3156,10840,10840,184020900,148968100
2019,내과,M50,8521,31115,31561,1115464520,822854730
2019,내과,M51,19812,92910,94879,2796934210,2150577480
2019,내과,M53,13052,40096,40135,987970420,761311260
2019,내과,M54,354232,943273,944699,19266716750,15087031960
2019,내과,M60,6666,9870,9883,220394370,161941960
2019,내과,M61,57,148,155,4235020,3069400
2019,내과,M62,33516,56393,56396,1072939830,803443040
2019,내과,M63,137,294,294,4497620,3672720
2019,내과,M65,13856,28612,28697,734456100,538858940
2019,내과,M66,51,111,118,3948020,2890300
2019,내과,M67,1428,2769,2792,113180270,82329580
2019,내과,M68,11,11,11,158030,119330
2019,내과,M70,1281,2423,2431,53316730,39710170
2019,내과,M71,995,2287,2348,85770550,63106670
2019,내과,M72,5208,10778,10821,244972270,180708470
2019,내과,M73,11,13,13,383850,289450
2019,내과,M75,44294,122612,122823,3445227140,2571276490
2019,내과,M76,1060,2332,2332,65915980,47554880
2019,내과,M77,10455,26288,26304,701951030,507126680
2019,내과,M79,553715,954823,955126,17204612870,12958451760
2019,내과,M80,8587,26774,26825,1132591360,830788800
2019,내과,M81,262040,814429,814443,31630018050,23016933340
2019,내과,M82,1309,3289,3289,123804770,92698990
2019,내과,M83,1440,2761,2761,60803230,44457180
2019,내과,M84,88,151,151,4142180,3087390
2019,내과,M85,2701,4719,4735,135204040,97689040
2019,내과,M86,43,289,289,5295630,4003830
2019,내과,M87,70,347,360,8252970,6003210
2019,내과,M88,4,12,12,1284020,1035620
2019,내과,M89,3076,7396,7397,116612850,94820460
2019,내과,M90,11,14,14,358080,268280
2019,내과,M91,12,21,21,304580,224980
2019,내과,M92,71,109,109,3404680,2410480
2019,내과,M93,136,216,216,3902850,2892750
2019,내과,M94,5093,6411,6411,158470340,115330650
2019,내과,M95,29,37,37,896040,642240
2019,내과,M96,849,2830,2830,93581620,71966340
2019,내과,M99,1151,3923,3956,90464300,71364880
2019,내과,N00,4578,8202,8251,279158690,201212460
2019,내과,N01,249,408,408,9673810,7097510
2019,내과,N02,6487,9808,9793,430751000,307239410
2019,내과,N03,3010,9551,9551,389619530,282190740
2019,내과,N04,1618,4838,4836,197846460,148291830
2019,내과,N05,3741,6091,6090,240878190,171990740
2019,내과,N06,2477,3399,3397,108794900,77242400
2019,내과,N07,3,5,5,238190,167090
2019,내과,N08,841,1542,1542,55794740,40424150
2019,내과,N10,63205,117616,118962,3287576340,2401853350
2019,내과,N11,2908,4969,4998,127822920,93964480
2019,내과,N12,6174,13701,13985,379981620,277738110
2019,내과,N13,2620,4180,4178,224520720,161097530
2019,내과,N14,39,100,100,5675250,3995850
2019,내과,N15,563,965,965,23362510,17385110
2019,내과,N16,56,91,91,3165020,2449560
2019,내과,N17,1071,2045,2071,111319650,85883410
2019,내과,N18,36036,2876496,2883064,527575746420,478039190680
2019,내과,N19,3248,5582,5624,196916740,144592650
2019,내과,N20,12852,16617,16665,1103912680,779615520
2019,내과,N21,5249,6425,6470,344738950,244565860
2019,내과,N22,240,303,303,15288090,10853010
2019,내과,N23,813,951,951,54666190,38636010
2019,내과,N25,111,269,268,25163970,21814070
2019,내과,N26,41,51,51,4739320,3342020
2019,내과,N27,92,369,369,21386780,15909980
2019,내과,N28,8895,11352,11349,831183990,586779040
2019,내과,N29,743,1102,1102,63629530,45133710
2019,내과,N30,254596,436739,436800,8897661520,6588761210
2019,내과,N31,35734,72039,72035,1417103280,1126787660
2019,내과,N32,7766,13332,13331,490221800,363693100
2019,내과,N33,62,107,107,1961800,1471010
2019,내과,N34,9674,16208,16208,332535650,246309140
2019,내과,N35,9,11,11,193470,143470
2019,내과,N36,46,67,67,1261210,968210
2019,내과,N37,390,523,523,10048150,7390630
2019,내과,N39,52716,92687,92760,2044366550,1529655310
2019,내과,N40,87613,277650,277644,4585482290,3654931390
2019,내과,N41,2066,4011,4025,84765530,64086550
2019,내과,N42,659,1054,1053,30032000,22314810
2019,내과,N43,67,77,77,3167770,2300410
2019,내과,N44,11,11,11,168270,129370
2019,내과,N45,273,482,482,9452260,6926130
2019,내과,N46,39,47,47,2421620,1718220
2019,내과,N47,8,9,9,143300,115200
2019,내과,N48,1255,1801,1801,27598760,21138360
2019,내과,N49,36,46,46,864450,629650
2019,내과,N50,233,397,397,8166310,5997630
2019,내과,N51,67,112,110,2037820,1519820
2019,내과,N60,3634,4212,4190,125088430,89014390
2019,내과,N61,466,661,658,14666360,10571560
2019,내과,N62,809,1090,1090,59298390,45036860
2019,내과,N63,9422,11439,11431,457325570,322793210
2019,내과,N64,22195,24774,24770,817055370,580119830
2019,내과,N70,68,98,98,4425750,3130050
2019,내과,N71,730,1135,1135,46085500,32481700
2019,내과,N72,3782,5853,5853,261134270,183531610
2019,내과,N73,4418,7856,7864,331017500,234450410
2019,내과,N74,154,201,212,6768200,4928530
2019,내과,N75,80,167,167,8791440,6182240
2019,내과,N76,10840,20067,20067,522072070,372187730
2019,내과,N77,330,480,480,10915410,7935710
2019,내과,N80,481,745,741,40911350,28748410
2019,내과,N81,57,67,74,1893670,1518360
2019,내과,N82,3,5,5,320160,267560
2019,내과,N83,542,642,642,38821600,27115400
2019,내과,N84,587,768,767,68879410,48395310
2019,내과,N85,157,204,203,13266950,9447340
2019,내과,N86,896,972,972,34459490,24326590
2019,내과,N87,615,858,853,54194660,38255260
2019,내과,N88,109,137,137,2909440,2167040
2019,내과,N89,13,14,14,309280,226980
2019,내과,N90,10,11,11,281980,212280
2019,내과,N91,1840,2649,2648,123758550,86882640
2019,내과,N92,1320,1816,1816,70417700,49564630
2019,내과,N93,1901,2609,2607,155531350,109239000
2019,내과,N94,36398,61338,61338,907819530,640696050
2019,내과,N95,37079,106462,106479,1799481040,1307053760
2019,내과,N96,85,370,370,5661590,4091990
2019,내과,N97,2560,5975,5974,235638700,165633500
2019,내과,N98,16,98,98,1349960,962260
2019,내과,N99,6,20,20,442570,316270
2019,내과,O00,32,43,43,1171140,886040
2019,내과,O01,2,2,2,46870,36670
2019,내과,O02,16,36,36,3496000,2753200
2019,내과,O03,2,2,2,24870,17570
2019,내과,O06,8,19,19,462920,324620
2019,내과,O07,1,1,1,15690,10990
2019,내과,O08,6,35,35,518330,363430
2019,내과,O10,30,82,82,975480,743480
2019,내과,O11,2,2,2,113590,79590
2019,내과,O12,10,14,14,421680,338580
2019,내과,O13,171,382,382,7886470,6397470
2019,내과,O15,1,5,5,60530,42630
2019,내과,O16,40,89,89,1412920,1201020
2019,내과,O20,15,36,36,764730,620830
2019,내과,O21,60,69,69,1819240,1444340
2019,내과,O22,4,5,5,77360,64660
2019,내과,O23,2,3,3,43660,33660
2019,내과,O24,3708,11099,11099,312235670,271583380
2019,내과,O25,1,1,1,15690,10990
2019,내과,O26,89,149,149,3635760,2850460
2019,내과,O28,13,14,14,378280,316480
2019,내과,O30,6,16,16,371740,277040
2019,내과,O32,69,69,69,2219730,1556330
2019,내과,O33,1,1,1,15690,10990
2019,내과,O34,8,8,21,1176980,880340
2019,내과,O35,1,1,1,0,0
2019,내과,O41,1,14,14,161420,113820
2019,내과,O42,3,3,3,297020,262820
2019,내과,O43,1,1,1,46140,32340
2019,내과,O44,1,1,1,11210,7910
2019,내과,O46,1,8,8,108370,75970
2019,내과,O47,1,1,1,15680,14180
2019,내과,O48,7,7,7,161210,112910
2019,내과,O60,2,5,5,68860,56560
2019,내과,O62,3,3,3,112350,78750
2019,내과,O71,1,3,3,46410,41910
2019,내과,O74,1,1,1,28870,20270
2019,내과,O75,4,6,6,256120,179520
2019,내과,O82,8,8,8,189330,161230
2019,내과,O85,1,1,1,15690,10990
2019,내과,O86,6,8,8,336840,236240
2019,내과,O87,2,2,2,42370,29770
2019,내과,O88,1,1,1,15680,10980
2019,내과,O90,103,194,194,9820700,6886300
2019,내과,O91,203,310,310,5167320,3634520
2019,내과,O92,64,73,73,2201810,1550410
2019,내과,O99,28,48,48,1285870,1063670
2019,내과,P01,1,2,2,32290,22690
2019,내과,P03,1,2,2,26900,18900
2019,내과,P05,11,15,15,819330,578530
2019,내과,P07,9,24,24,336760,276360
2019,내과,P10,1,1,1,11210,7910
2019,내과,P12,1,2,2,25220,24020
2019,내과,P14,1,1,1,13660,9660
2019,내과,P15,1,1,1,15690,14190
2019,내과,P21,3,3,3,136120,102520
2019,내과,P22,5,25,25,335560,303560
2019,내과,P23,28,35,35,656890,477490
2019,내과,P26,1,1,1,11210,7910
2019,내과,P27,3,3,3,56000,43800
2019,내과,P28,207,250,265,14771490,10667080
2019,내과,P35,3,4,4,58290,40890
2019,내과,P36,2,4,4,67340,64240
2019,내과,P37,2,2,2,25760,18060
2019,내과,P38,19,42,42,840330,797330
2019,내과,P39,6,6,6,215050,201250
2019,내과,P51,1,1,1,17890,17090
2019,내과,P57,3,4,4,129050,94950
2019,내과,P59,85,126,126,6649560,6263060
2019,내과,P61,1,1,1,161840,127940
2019,내과,P71,4,6,6,84040,65740
2019,내과,P72,1,1,1,56900,39900
2019,내과,P74,1,1,1,15690,10990
2019,내과,P78,1,1,1,11210,7910
2019,내과,P80,2,2,2,35270,27970
2019,내과,P81,4,4,4,59600,54100
2019,내과,P83,6,9,9,159290,143790
2019,내과,P90,1,1,1,17890,17090
2019,내과,P91,2,4,4,58450,45650
2019,내과,P92,23,25,25,564860,524660
2019,내과,P96,1,1,1,21050,14750
2019,내과,Q01,3,16,16,105460,76860
2019,내과,Q02,4,4,4,63060,50760
2019,내과,Q03,3,4,4,53540,49240
2019,내과,Q04,3,12,12,334250,260550
2019,내과,Q05,8,28,28,600070,498770
2019,내과,Q06,2,3,3,348810,252410
2019,내과,Q07,3,4,8,663320,581010
2019,내과,Q10,10,10,10,189580,165360
2019,내과,Q11,1,1,1,11210,9710
2019,내과,Q15,3,7,7,71090,58590
2019,내과,Q16,3,3,3,52030,41230
2019,내과,Q17,6,9,9,125350,96650
2019,내과,Q18,42,51,51,2731750,1963350
2019,내과,Q20,14,41,41,1048690,923790
2019,내과,Q21,392,847,843,39590900,29769660
2019,내과,Q22,24,68,68,2980900,2482600
2019,내과,Q23,113,436,436,21441330,18611480
2019,내과,Q24,57,210,210,6584210,5608610
2019,내과,Q25,61,158,158,6064380,4579690
2019,내과,Q26,8,8,8,1358160,958660
2019,내과,Q27,20,24,24,2221740,1646340
2019,내과,Q28,19,29,29,2870520,2016920
2019,내과,Q30,6,12,12,191960,152960
2019,내과,Q31,14,20,20,558190,396290
2019,내과,Q32,1,1,1,11210,7910
2019,내과,Q33,10,13,13,736630,539230
2019,내과,Q34,39,47,47,2924630,2077370
2019,내과,Q35,2,2,2,26900,20700
2019,내과,Q36,17,20,20,329810,243310
2019,내과,Q37,1,2,2,52710,37010
2019,내과,Q38,94,98,98,6036240,5139240
2019,내과,Q39,29,39,39,2840760,2026510
2019,내과,Q40,17,26,26,762710,614510
2019,내과,Q42,1,1,1,15690,14190
2019,내과,Q43,15,21,21,1255570,892770
2019,내과,Q44,2557,3071,3071,336186380,230927660
2019,내과,Q45,20,31,31,3376100,2409400
2019,내과,Q50,6,6,6,430250,301550
2019,내과,Q51,7,8,8,850360,596460
2019,내과,Q52,3,7,7,166930,130230
2019,내과,Q53,3,9,9,116370,83370
2019,내과,Q55,13,25,25,285370,212370
2019,내과,Q56,1,1,1,15690,10990
2019,내과,Q60,40,80,80,3991900,2811800
2019,내과,Q61,1959,3571,3571,245931410,178219490
2019,내과,Q62,24,29,29,1694070,1203870
2019,내과,Q63,18,35,35,3193450,2237250
2019,내과,Q64,6,6,6,343760,255860
2019,내과,Q65,45,247,247,10770930,8482730
2019,내과,Q66,11,13,13,201890,148190
2019,내과,Q67,97,111,111,2324930,1728230
2019,내과,Q68,17,19,19,325910,266010
2019,내과,Q69,2,2,2,116450,84750
2019,내과,Q70,1,1,1,11790,9390
2019,내과,Q72,1,13,13,439450,329650
2019,내과,Q74,10,18,17,416060,321560
2019,내과,Q75,10,26,26,550590,492390
2019,내과,Q76,23,29,29,994380,720880
2019,내과,Q77,12,54,54,1665810,1437290
2019,내과,Q78,73,235,235,11714710,9498710
2019,내과,Q79,28,53,53,1798780,1448980
2019,내과,Q80,4,20,20,441060,334560
2019,내과,Q81,9,13,13,191050,142850
2019,내과,Q82,39,62,62,939800,682500
2019,내과,Q83,55,59,58,1113240,802860
2019,내과,Q84,8,8,8,167420,122220
2019,내과,Q85,86,247,247,11497600,9878900
2019,내과,Q86,4,7,7,86170,65670
2019,내과,Q87,71,278,278,10771970,9386870
2019,내과,Q89,85,127,127,4853390,3474990
2019,내과,Q90,48,257,257,6695220,5782720
2019,내과,Q93,6,30,30,573050,512250
2019,내과,Q96,34,109,109,4950110,4400910
2019,내과,Q98,8,44,44,458770,377770
2019,내과,Q99,11,11,11,188150,132050
2019,내과,R00,76927,102781,102783,3442698350,2464894910
2019,내과,R01,270,312,312,8575620,6441820
2019,내과,R02,8,12,12,299970,227270
2019,내과,R03,52869,63212,63191,1377598530,1042840850
2019,내과,R04,7504,9592,9588,309044090,225374510
2019,내과,R05,40080,55620,55621,1280594290,928326850
2019,내과,R06,25360,32252,32255,1320951790,951419970
2019,내과,R07,233728,280994,281001,12003254900,8569771960
2019,내과,R09,5975,8150,8172,167202990,123734580
2019,내과,R10,392281,521804,522724,33649477170,23835210060
2019,내과,R11,130728,167319,167409,3558320010,2593817480
2019,내과,R12,12988,18332,18338,447130060,324066470
2019,내과,R13,609,1647,1647,113207000,88289550
2019,내과,R14,6779,9933,9933,759288690,541705900
2019,내과,R15,219,266,266,6360970,5035270
2019,내과,R16,991,1110,1110,89575190,63664380
2019,내과,R17,3737,4882,4889,289955710,205273850
2019,내과,R18,592,1010,1016,59452590,44455320
2019,내과,R19,19531,25149,25148,2262385620,1595790430
2019,내과,R20,1487,1989,1988,49584320,36409200
2019,내과,R21,2846,3603,3600,90929060,66877860
2019,내과,R22,1842,2174,2171,68833200,49347370
2019,내과,R23,1819,2337,2336,97755570,69831790
2019,내과,R25,7673,10538,10541,225912810,166823120
2019,내과,R26,173,211,211,4360930,3452730
2019,내과,R27,21,23,23,747340,563640
2019,내과,R29,376,578,577,11262770,8500320
2019,내과,R30,3483,4298,4296,144183880,106231670
2019,내과,R31,24633,32427,32418,1095866450,788365820
2019,내과,R32,3299,6248,6277,98074140,79795160
2019,내과,R33,129,164,164,3655410,2721030
2019,내과,R34,39,50,50,1721320,1293220
2019,내과,R35,5107,7741,7739,148005510,113446220
2019,내과,R36,24,34,34,587640,432240
2019,내과,R39,1548,1966,1966,63967930,46494430
2019,내과,R40,73,156,156,2964900,2151400
2019,내과,R41,4875,11553,11551,175253390,142525470
2019,내과,R42,172666,239082,239341,6972138940,5112171860
2019,내과,R43,183,220,219,3810830,2853030
2019,내과,R44,86,104,104,2719210,2017810
2019,내과,R45,3371,5326,5325,85801990,65452400
2019,내과,R46,5,5,5,79030,55530
2019,내과,R47,117,144,144,8426820,6180520
2019,내과,R48,2,2,2,31380,21980
2019,내과,R49,366,455,455,10097960,7421860
2019,내과,R50,73618,98243,98642,2378388510,1721951950
2019,내과,R51,174875,231702,231743,4307194320,3160769010
2019,내과,R52,48886,80496,80496,1506013730,1125303990
2019,내과,R53,10756,13919,13925,510715060,364028740
2019,내과,R54,302,484,484,12115280,10040780
2019,내과,R55,6594,8432,8434,350185650,250379600
2019,내과,R56,617,1096,1096,23529340,17741340
2019,내과,R57,474,959,960,27098500,19800530
2019,내과,R58,294,354,354,15773970,11341070
2019,내과,R59,3566,4599,4599,115952860,82532420
2019,내과,R60,60989,98983,98990,3591154550,2603311340
2019,내과,R61,946,1236,1236,33235840,24005240
2019,내과,R62,279,353,351,7232460,5289560
2019,내과,R63,25707,35553,35595,1170764540,866274350
2019,내과,R64,63,106,106,2136000,1703100
2019,내과,R65,6,6,6,383870,276170
2019,내과,R68,26640,32007,31928,599237780,432199070
2019,내과,R69,68,95,95,2006200,1432800
2019,내과,R70,5,7,7,406320,321520
2019,내과,R71,62,81,81,2225100,1590400
2019,내과,R72,921,1307,1307,41571270,29590950
2019,내과,R73,133492,204870,204713,5391283820,4146712830
2019,내과,R74,3024,3590,3589,179067890,126718670
2019,내과,R75,1,1,1,22670,15870
2019,내과,R76,5311,10485,10483,372214810,201215870
2019,내과,R77,154,216,216,12624770,8814100
2019,내과,R78,78,204,204,6837950,4941850
2019,내과,R79,2501,2928,2928,193666280,137643570
2019,내과,R80,16258,22436,22433,599242910,427473200
2019,내과,R81,9853,15751,15751,280459600,226367810
2019,내과,R82,4325,5278,5278,153761380,110850480
2019,내과,R83,2,3,3,40640,37640
2019,내과,R84,136,170,170,4428110,3213230
2019,내과,R85,9,16,16,599500,446300
2019,내과,R86,25,31,31,1346000,952300
2019,내과,R87,578,934,934,51764630,36447830
2019,내과,R89,18,34,34,535990,381790
2019,내과,R90,10,20,20,774010,551410
2019,내과,R91,7102,8584,8603,377871940,271401870
2019,내과,R92,6862,7505,7503,218692840,155309500
2019,내과,R93,2032,2530,2530,277785330,194538940
2019,내과,R94,45052,60278,60268,3760260310,2670955410
2019,내과,R96,1,1,1,244070,170870
2019,내과,S00,5801,8310,8335,175293650,134279380
2019,내과,S01,5970,10995,11021,237264140,179155880
2019,내과,S02,376,462,507,31078840,22153990
2019,내과,S03,572,755,755,13792400,10386840
2019,내과,S04,41,160,160,3068560,2387660
2019,내과,S05,119,132,132,6677390,4793990
2019,내과,S06,555,876,1082,58591430,43228850
2019,내과,S07,66,128,128,3225060,2420760
2019,내과,S08,3,5,5,89240,66740
2019,내과,S09,244,355,355,10151680,7406020
2019,내과,S10,223,312,312,6317810,4815810
2019,내과,S11,163,282,282,5646310,4289110
2019,내과,S12,6,8,8,687610,530810
2019,내과,S13,18169,33349,34515,777587430,575702660
2019,내과,S14,114,315,315,12722000,9173100
2019,내과,S15,23,29,29,633640,470740
2019,내과,S16,14,30,30,782990,640690
2019,내과,S18,1,3,3,52050,50050
2019,내과,S19,21,33,33,667530,484530
2019,내과,S20,3783,5642,5686,130963790,100075560
2019,내과,S21,365,853,853,17637340,14117980
2019,내과,S22,3496,6034,7567,361054000,268320400
2019,내과,S23,27999,37216,37390,867417560,648405620
2019,내과,S24,24,41,41,1184920,856020
2019,내과,S25,4,4,4,74450,54450
2019,내과,S27,21,39,43,1724650,1290340
2019,내과,S28,65,78,78,2513280,1774980
2019,내과,S29,104,135,135,3851670,2820770
2019,내과,S30,912,1565,1574,36444250,27923860
2019,내과,S31,749,1561,1561,31048840,24547840
2019,내과,S32,673,1489,2116,130273540,96906560
2019,내과,S33,53931,135319,137370,2823542370,2191212150
2019,내과,S34,220,550,550,17174750,12790750
2019,내과,S35,17,37,52,2646520,1968580
2019,내과,S36,18,28,28,1187020,868420
2019,내과,S37,10,16,16,917390,645990
2019,내과,S38,2,2,2,140390,98390
2019,내과,S39,25,60,60,1171670,880270
2019,내과,S40,845,1536,1549,34037590,25541290
2019,내과,S41,443,852,852,17277980,13072680
2019,내과,S42,189,429,485,20013600,14723720
2019,내과,S43,13494,30743,31007,606237780,464909030
2019,내과,S44,88,185,185,14137620,9969220
2019,내과,S45,9,11,11,248220,181120
2019,내과,S46,1563,4762,4873,133630530,98730350
2019,내과,S47,2,6,6,154350,81340
2019,내과,S48,1,2,2,35610,29310
2019,내과,S49,29,44,44,1232830,912530
2019,내과,S50,1498,2436,2436,52197900,39475290
2019,내과,S51,1614,3421,3421,74840370,57635960
2019,내과,S52,411,1558,1641,62994500,46673780
2019,내과,S53,2366,4704,4713,105734690,77283830
2019,내과,S54,154,394,394,17278790,12136490
2019,내과,S55,14,18,18,310000,235300
2019,내과,S56,67,124,133,5486660,4003030
2019,내과,S57,9,19,19,330480,242680
2019,내과,S58,2,3,3,58150,40850
2019,내과,S59,43,68,68,1602780,1180380
2019,내과,S60,5644,8446,8446,185531730,138635880
2019,내과,S61,13576,25364,25382,585373450,431945670
2019,내과,S62,840,2386,2434,87393490,62465200
2019,내과,S63,7438,12150,12181,325044970,235092610
2019,내과,S64,92,133,133,3094930,2250430
2019,내과,S65,308,496,496,10956360,7928060
2019,내과,S66,257,644,672,21805100,16224490
2019,내과,S67,180,524,524,15208740,10718080
2019,내과,S68,11,70,70,1624740,1146420
2019,내과,S69,362,521,521,10690010,8003410
2019,내과,S70,807,1357,1379,28953500,22535010
2019,내과,S71,392,926,926,19339100,15105320
2019,내과,S72,98,300,353,13564160,10536840
2019,내과,S73,1096,2199,2209,55624760,41818390
2019,내과,S74,51,132,132,9110650,6435950
2019,내과,S75,7,20,20,481110,382010
2019,내과,S76,197,515,558,14382630,10962330
2019,내과,S77,4,8,8,145040,120240
2019,내과,S78,2,3,3,50370,42770
2019,내과,S79,25,42,42,714420,558120
2019,내과,S80,3632,6472,6593,157806680,120463850
2019,내과,S81,3711,8397,8428,184351950,138751070
2019,내과,S82,397,1208,1415,64041380,46727330
2019,내과,S83,4320,9445,9748,321711850,237305300
2019,내과,S84,92,233,233,7718470,5629670
2019,내과,S85,13,38,38,1119750,833250
2019,내과,S86,340,828,872,25457650,18482530
2019,내과,S87,43,88,88,1890880,1426580
2019,내과,S88,32,56,56,1031230,818830
2019,내과,S89,74,129,129,2545090,1930690
2019,내과,S90,3888,6372,6372,133680280,100405970
2019,내과,S91,4570,9004,9044,199624010,150501410
2019,내과,S92,922,2084,2446,113270450,82232320
2019,내과,S93,9839,17774,18003,476800530,346337190
2019,내과,S94,14,25,25,805520,575920
2019,내과,S95,28,47,47,1026120,779520
2019,내과,S96,328,603,609,12481900,9609900
2019,내과,S97,47,111,117,3551860,2650660
2019,내과,S98,3,4,4,75490,52990
2019,내과,S99,414,848,848,18572520,14167620
2019,내과,T00,1065,1506,1537,32865710,24978000
2019,내과,T01,1031,2393,2578,71879350,56780110
2019,내과,T02,10,14,14,876110,629210
2019,내과,T03,558,1147,1147,17866830,14584930
2019,내과,T04,11,23,23,443760,329670
2019,내과,T06,6,14,14,214620,179820
2019,내과,T07,1,7,7,111090,78090
2019,내과,T08,25,78,78,3581760,2692360
2019,내과,T09,434,918,918,18058920,13545750
2019,내과,T10,11,12,12,430240,309040
2019,내과,T11,345,582,582,12008040,9052840
2019,내과,T12,7,8,8,277370,166340
2019,내과,T13,516,1028,1028,20222710,15646610
2019,내과,T14,7677,11928,11951,252626890,187632930
2019,내과,T15,127,137,137,4159270,2986570
2019,내과,T16,1805,2019,2019,54146800,39031700
2019,내과,T17,1865,1939,1939,63808740,45697800
2019,내과,T18,1197,1347,1347,113735790,80468430
2019,내과,T19,19,19,19,726010,511310
2019,내과,T20,394,756,770,26697570,19584820
2019,내과,T21,790,2066,2065,69682330,50477840
2019,내과,T22,1549,3964,3964,127576280,91071370
2019,내과,T23,3964,8666,8687,306124220,221674620
2019,내과,T24,1034,3408,3423,112687380,81864170
2019,내과,T25,973,3073,3090,108498540,79577700
2019,내과,T26,15,18,18,415700,313500
2019,내과,T27,5,9,9,381750,316050
2019,내과,T28,25,30,30,567510,416210
2019,내과,T29,161,346,346,10512830,7573730
2019,내과,T30,2469,5303,5304,163115630,118367680
2019,내과,T31,124,371,371,10107900,7435520
2019,내과,T32,1,1,1,19580,17680
2019,내과,T33,101,160,160,3034690,2228720
2019,내과,T35,23,33,33,507890,388390
2019,내과,T38,17,18,18,324440,229440
2019,내과,T39,1,1,1,11210,9710
2019,내과,T40,1,1,1,11210,7910
2019,내과,T41,3,4,6,195970,152560
2019,내과,T42,5,15,15,531070,390170
2019,내과,T43,1,1,1,11210,7910
2019,내과,T44,1,1,1,15690,10990
2019,내과,T45,6,21,21,346630,274830
2019,내과,T46,4,23,23,375390,312190
2019,내과,T47,1,1,1,19580,13780
2019,내과,T48,1,1,1,11210,7910
2019,내과,T49,19,22,22,322620,228520
2019,내과,T50,9,9,9,152110,120610
2019,내과,T51,30,52,52,804680,605880
2019,내과,T52,1,1,1,11210,9710
2019,내과,T54,1,1,1,96770,67770
2019,내과,T55,2,2,2,31380,25180
2019,내과,T56,34,98,98,3870540,2725840
2019,내과,T57,15,33,33,1764420,1272420
2019,내과,T58,15,16,16,320490,227990
2019,내과,T59,5,6,20,1290900,968360
2019,내과,T60,47,56,56,901410,718810
2019,내과,T61,5,6,6,97250,72550
2019,내과,T62,10,22,22,582260,419660
2019,내과,T63,1301,1459,1475,26052450,19743950
2019,내과,T65,93,182,182,2888870,2072570
2019,내과,T66,4,4,4,427500,299400
2019,내과,T67,5381,7959,7976,180067770,133914070
2019,내과,T68,12,13,13,327030,239530
2019,내과,T69,40,56,56,1008630,722830
2019,내과,T70,66,81,81,1259660,922660
2019,내과,T71,1,1,1,16600,13200
2019,내과,T73,937,1118,1118,24272420,17955750
2019,내과,T75,265,451,451,7237560,5553060
2019,내과,T78,14174,21923,21923,538705640,394875990
2019,내과,T79,2517,4070,4070,85099850,63420020
2019,내과,T80,25,30,30,1738870,1555670
2019,내과,T81,261,469,482,22485770,16380760
2019,내과,T82,34,86,86,2786080,2240480
2019,내과,T83,9,10,10,560630,396130
2019,내과,T84,5,10,10,157250,133550
2019,내과,T85,9,11,11,295670,218070
2019,내과,T86,11,31,31,1997450,1665450
2019,내과,T87,3,3,3,70710,56010
2019,내과,T88,305,382,382,7432570,5477070
2019,내과,T90,19,44,44,691350,519650
2019,내과,T91,30,96,96,1726210,1479910
2019,내과,T92,10,30,30,510070,430070
2019,내과,T93,55,102,102,1780290,1379590
2019,내과,T95,27,53,53,1085450,853750
2019,내과,T96,3,3,3,44390,33490
2019,내과,T98,12,14,14,374660,267260
2019,내과,U04,1,2,2,34060,28260
2019,내과,U82,1,2,2,127400,89300
2019,내과,U83,2,2,2,31380,21980
2019,내과,U84,15,333,333,3952970,3917070
2019,내과,Z00,23282,25488,25489,1827362060,1277231910
2019,내과,Z01,4365,4850,4850,99986940,74443680
2019,내과,Z02,140,164,164,2501490,1647670
2019,내과,Z03,10610,12253,12254,761688240,537337070
2019,내과,Z04,5654,7492,7492,193096530,140643900
2019,내과,Z08,29,75,75,2866240,2104860
2019,내과,Z09,185,226,226,11350200,8022800
2019,내과,Z10,549,602,602,11114350,7973160
2019,내과,Z11,835,1037,1037,49802820,13748650
2019,내과,Z12,27,32,32,1562460,1040620
2019,내과,Z13,2601,3723,3723,91133650,68508080
2019,내과,Z20,2670,3291,3290,137043570,72261440
2019,내과,Z22,78,103,103,7839650,5505250
2019,내과,Z23,144,157,157,4846000,3430000
2019,내과,Z24,246,280,280,4094920,2886220
2019,내과,Z25,1809,2018,2018,40401240,30656410
2019,내과,Z26,1590,1966,1966,37422540,28254330
2019,내과,Z27,98,109,109,1480200,1126700
2019,내과,Z28,8,8,8,19580,13780
2019,내과,Z29,400,486,486,9848410,7447250
2019,내과,Z30,219,241,241,4831280,3392280
2019,내과,Z31,81,449,449,5875650,4142850
2019,내과,Z32,272,299,299,6673930,5248430
2019,내과,Z33,71,142,142,3302040,2730140
2019,내과,Z34,1557,2092,2092,83061610,72947510
2019,내과,Z35,66,338,338,5048010,3630510
2019,내과,Z36,354,354,354,11492750,10247350
2019,내과,Z39,5,5,5,314170,220070
2019,내과,Z40,1,1,1,15690,10990
2019,내과,Z41,6,6,6,82890,60190
2019,내과,Z42,2,2,2,26900,18900
2019,내과,Z43,2,3,3,33630,29130
2019,내과,Z44,2,2,2,169520,118720
2019,내과,Z45,1,1,1,20270,14270
2019,내과,Z47,5,8,21,1459050,1111520
2019,내과,Z48,1113,1885,1885,39350830,29798430
2019,내과,Z49,11,45,45,5219170,4603970
2019,내과,Z51,35,42,42,1333610,625310
2019,내과,Z52,63,105,105,3691700,2661400
2019,내과,Z54,27,62,72,1921450,1480280
2019,내과,Z56,3,3,3,59470,41670
2019,내과,Z57,39,53,53,1109000,778900
2019,내과,Z58,2,4,4,61350,43150
2019,내과,Z59,28,31,31,694780,487480
2019,내과,Z60,1,1,1,15690,10990
2019,내과,Z63,2,2,2,30170,25470
2019,내과,Z64,11,11,11,204380,143380
2019,내과,Z70,57,72,72,1319970,986270
2019,내과,Z71,32189,37264,37264,630577940,464514600
2019,내과,Z72,84,128,128,2391770,1711270
2019,내과,Z73,555,899,899,17323040,12771040
2019,내과,Z74,1,1,1,18640,13140
2019,내과,Z75,7,7,7,198300,146600
2019,내과,Z76,5,5,5,133360,95260
2019,내과,Z80,35,60,60,5221650,4226650
2019,내과,Z82,418,781,781,16194490,12200290
2019,내과,Z83,428,590,590,9825920,7471530
2019,내과,Z84,4,7,7,280020,196420
2019,내과,Z85,27,106,106,1689310,1310710
2019,내과,Z86,16,17,17,521480,392380
2019,내과,Z87,3,3,3,49630,34830
2019,내과,Z88,35,39,39,1689480,1201280
2019,내과,Z90,37,119,119,4577590,3318290
2019,내과,Z91,51,136,136,1760040,1393240
2019,내과,Z92,93,135,135,2107990,1641990
2019,내과,Z93,13,90,90,2502420,1930720
2019,내과,Z94,706,2199,2206,109429060,91757700
2019,내과,Z95,485,2141,2141,51800230,39786730
2019,내과,Z96,8,15,15,795650,564250
2019,내과,Z97,5,8,8,156760,116660
2019,내과,Z98,476,1046,1066,22363720,17192590
2019,내과,Z99,49,1252,1252,216882500,194968500
2019,신경과,A04,152,181,190,5937950,4316930
2019,신경과,A05,9,9,9,134190,101290
2019,신경과,A08,241,293,293,5763630,4125330
2019,신경과,A09,2008,2518,2535,49965610,36909160
2019,신경과,A15,3,13,13,2602480,2590480
2019,신경과,A16,2,2,2,53220,43720
2019,신경과,A17,1,1,1,19580,17680
2019,신경과,A18,6,6,6,401050,132100
2019,신경과,A41,3,8,8,446130,435130
2019,신경과,A46,1,1,1,17500,15800
2019,신경과,A49,42,80,80,1315830,1030130
2019,신경과,A52,1,1,1,11210,9710
2019,신경과,A53,6,6,6,298690,209390
2019,신경과,A59,4,4,4,47290,35190
2019,신경과,A60,5,11,11,209810,169910
2019,신경과,A66,1,1,1,15690,10990
2019,신경과,A69,43,67,67,887930,693130
2019,신경과,A75,2,3,3,70400,49400
2019,신경과,A85,2,7,7,160010,116810
2019,신경과,A86,4,10,10,255960,190960
2019,신경과,A87,46,60,60,3417330,2399030
2019,신경과,B00,766,1153,1153,21944400,16034220
2019,신경과,B02,3285,7624,8351,256755130,190179940
2019,신경과,B05,1,1,1,15690,10990
2019,신경과,B07,16,16,16,274200,204500
2019,신경과,B08,29,48,48,833270,634770
2019,신경과,B09,1,1,1,15690,10990
2019,신경과,B15,4,6,6,200170,140370
2019,신경과,B16,1,1,1,67490,47290
2019,신경과,B17,25,36,36,2238390,1575690
2019,신경과,B18,307,974,974,63775400,45750600
2019,신경과,B19,2,2,2,198040,138740
2019,신경과,B26,9,10,10,197060,146360
2019,신경과,B27,317,508,508,9301960,6678160
2019,신경과,B30,4,4,4,48740,34340
2019,신경과,B33,3,3,3,62340,47140
2019,신경과,B34,6,8,8,109730,84830
2019,신경과,B35,1434,2807,2818,41904130,31977960
2019,신경과,B36,70,107,107,1986400,1473000
2019,신경과,B37,25,38,38,1530900,1153300
2019,신경과,B43,1,1,1,15690,10990
2019,신경과,B47,1,1,1,3040,2140
2019,신경과,B48,2,3,3,121190,88090
2019,신경과,B49,4,4,4,69670,48970
2019,신경과,B54,1,1,1,11210,7910
2019,신경과,B66,3,4,4,105570,75870
2019,신경과,B68,1,1,1,11210,7910
2019,신경과,B85,2,2,2,26900,20700
2019,신경과,B86,8,11,11,182680,135180
2019,신경과,B88,17,20,20,1505330,1057930
2019,신경과,B91,60,76,76,3799920,2804320
2019,신경과,B94,1,8,8,332760,324760
2019,신경과,B98,27,29,29,665890,436600
2019,신경과,C02,2,4,4,1127010,1025410
2019,신경과,C05,1,3,3,233590,222090
2019,신경과,C06,2,19,19,839960,799160
2019,신경과,C09,1,1,1,21990,17690
2019,신경과,C11,5,23,23,1276020,1202820
2019,신경과,C14,1,1,1,43500,30500
2019,신경과,C15,6,18,18,1801470,1683570
2019,신경과,C16,74,383,384,21425840,20167640
2019,신경과,C17,1,1,1,226080,158280
2019,신경과,C18,45,266,266,14273070,13455770
2019,신경과,C19,3,56,56,7305940,6800050
2019,신경과,C20,14,53,73,5586830,5006050
2019,신경과,C21,1,1,1,53570,50970
2019,신경과,C22,50,166,169,13108580,11337120
2019,신경과,C23,7,10,10,2678140,2089040
2019,신경과,C24,19,62,62,5538570,4920670
2019,신경과,C25,35,83,83,8890940,6928140
2019,신경과,C26,1,1,1,268230,254830
2019,신경과,C30,1,23,23,627580,597380
2019,신경과,C32,2,2,2,33660,32060
2019,신경과,C33,1,2,2,434100,412400
2019,신경과,C34,125,542,542,31510200,26978400
2019,신경과,C37,5,16,16,1808650,1537850
2019,신경과,C38,1,4,4,226400,215400
2019,신경과,C39,2,2,2,374720,265520
2019,신경과,C43,4,13,13,1190950,1132250
2019,신경과,C44,10,32,32,2718730,2580830
2019,신경과,C45,1,1,1,15690,14990
2019,신경과,C48,1,4,4,22440,21640
2019,신경과,C49,2,9,9,900070,855370
2019,신경과,C50,63,351,372,19636680,18345030
2019,신경과,C53,10,261,261,5357000,4851300
2019,신경과,C54,2,16,16,482180,458980
2019,신경과,C56,5,15,33,1847730,1488470
2019,신경과,C61,37,304,304,17682390,16783590
2019,신경과,C64,21,78,78,4929510,4152610
2019,신경과,C65,1,1,1,448460,313960
2019,신경과,C66,3,5,5,262070,197270
2019,신경과,C67,16,101,101,5046900,4619300
2019,신경과,C68,1,3,3,347170,329970
2019,신경과,C70,2,3,3,548430,492530
2019,신경과,C71,49,129,129,7145400,6358300
2019,신경과,C72,12,111,111,3017210,2709310
2019,신경과,C73,59,298,298,22252030,21015330
2019,신경과,C74,1,1,1,25300,24100
2019,신경과,C75,6,10,10,770050,700450
2019,신경과,C76,14,14,14,3629540,2541240
2019,신경과,C77,5,9,9,243360,227360
2019,신경과,C78,1,5,5,54930,52530
2019,신경과,C79,12,43,61,6217850,5362940
2019,신경과,C80,5,5,5,408530,389030
2019,신경과,C81,1,1,1,214920,204220
2019,신경과,C83,4,8,8,529290,503290
2019,신경과,C85,8,20,20,2078810,1795810
2019,신경과,C90,6,19,19,1093570,1031270
2019,신경과,C91,4,8,8,511830,485030
2019,신경과,C92,2,2,28,4420450,4017570
2019,신경과,C95,1,4,4,236510,224910
2019,신경과,D00,3,26,26,1036370,986170
2019,신경과,D01,7,62,62,1844430,1632730
2019,신경과,D02,2,58,58,1866220,1772820
2019,신경과,D03,1,1,7,452120,338500
2019,신경과,D04,3,6,6,1287500,1216900
2019,신경과,D05,4,7,7,670070,636970
2019,신경과,D06,2,6,6,791670,752370
2019,신경과,D09,1,7,7,91150,87050
2019,신경과,D10,1,1,1,15690,10990
2019,신경과,D11,3,3,3,45860,36460
2019,신경과,D12,40,49,49,8503370,5978070
2019,신경과,D13,73,101,101,11327120,8039720
2019,신경과,D14,9,11,11,420660,303660
2019,신경과,D16,4,6,6,350870,256270
2019,신경과,D17,88,219,219,7516360,5476760
2019,신경과,D18,50,74,74,8510050,5998350
2019,신경과,D21,5,13,13,313180,235080
2019,신경과,D23,56,113,123,5801260,4278130
2019,신경과,D24,7,8,8,468380,335780
2019,신경과,D25,6,6,6,123420,95220
2019,신경과,D26,2,3,3,244790,175790
2019,신경과,D27,2,5,5,480590,336590
2019,신경과,D29,2,8,8,225190,157990
2019,신경과,D30,16,17,17,2949630,2105530
2019,신경과,D31,1,1,1,15690,10990
2019,신경과,D32,144,514,523,36199730,32262130
2019,신경과,D33,64,292,306,18583450,16381720
2019,신경과,D34,4,4,17,1331810,994470
2019,신경과,D35,114,223,226,29064080,20843690
2019,신경과,D36,3,5,5,388740,290640
2019,신경과,D37,31,48,48,7911090,6044390
2019,신경과,D38,5,7,7,484510,352710
2019,신경과,D39,2,3,3,337120,236120
2019,신경과,D40,2,2,2,220730,158930
2019,신경과,D41,6,9,9,1388950,1153650
2019,신경과,D42,6,239,239,5418430,4802130
2019,신경과,D43,79,188,188,24878620,18586360
2019,신경과,D44,58,87,88,11618330,8807840
2019,신경과,D45,5,53,53,3936320,3742120
2019,신경과,D46,4,9,9,1188530,1129630
2019,신경과,D47,8,23,23,1579930,1477830
2019,신경과,D48,17,18,35,3893380,3226510
2019,신경과,D50,686,1360,1360,63520890,45232910
2019,신경과,D51,26,95,95,2206010,1703310
2019,신경과,D52,18,27,27,1613410,1151910
2019,신경과,D53,11,44,44,955440,682840
2019,신경과,D59,2,2,2,39090,27390
2019,신경과,D61,2,2,2,27970,23270
2019,신경과,D62,1,3,3,140470,131370
2019,신경과,D64,291,515,515,34860240,24948910
2019,신경과,D68,9,18,18,1322850,1146250
2019,신경과,D69,44,54,54,1245420,922020
2019,신경과,D70,1,1,1,19180,17280
2019,신경과,D72,31,38,38,1158300,805560
2019,신경과,D73,1,2,2,24870,17570
2019,신경과,D75,4,5,5,215120,155120
2019,신경과,D81,1,5,5,61960,43660
2019,신경과,D86,2,2,2,486700,438100
2019,신경과,E00,1,1,1,15690,14190
2019,신경과,E03,791,2862,2862,89207930,65248390
2019,신경과,E04,169,275,275,14580470,10427770
2019,신경과,E05,341,1035,1035,44020570,31138630
2019,신경과,E06,329,496,496,41837750,29417250
2019,신경과,E07,327,470,469,33516310,23525910
2019,신경과,E10,77,307,307,7515950,5622570
2019,신경과,E11,8604,48669,48739,1333739530,1007725130
2019,신경과,E13,250,1268,1268,40260130,29965130
2019,신경과,E14,1582,9097,9097,233523040,176678430
2019,신경과,E15,1,1,1,15690,10990
2019,신경과,E16,10,10,10,1339160,939760
2019,신경과,E20,2,3,3,618020,435620
2019,신경과,E21,4,9,9,564680,395880
2019,신경과,E22,11,24,24,423710,317110
2019,신경과,E23,47,88,88,6776720,4990120
2019,신경과,E24,1,2,2,28910,26110
2019,신경과,E25,1,1,1,178590,125090
2019,신경과,E27,20,51,57,4063560,3379770
2019,신경과,E28,3,3,3,119660,83860
2019,신경과,E29,1,1,1,15690,14190
2019,신경과,E30,4,23,23,262310,185010
2019,신경과,E32,2,4,4,160860,117060
2019,신경과,E34,1,5,5,117320,91120
2019,신경과,E35,6,9,9,452260,319660
2019,신경과,E41,3,3,3,33590,28990
2019,신경과,E44,26,37,37,660500,522900
2019,신경과,E50,58,94,94,1383450,1102450
2019,신경과,E51,14,26,26,1573100,1115100
2019,신경과,E53,71,176,176,8536780,6222040
2019,신경과,E55,1015,1618,1620,63496280,45339060
2019,신경과,E56,15,61,61,1148360,812860
2019,신경과,E58,28,48,48,979670,706470
2019,신경과,E61,10,13,13,957870,672970
2019,신경과,E63,26,42,42,597820,466020
2019,신경과,E64,3,4,4,38120,27120
2019,신경과,E66,24,40,40,1007930,707130
2019,신경과,E67,1,1,1,27720,19420
2019,신경과,E75,1,1,1,563300,507000
2019,신경과,E78,7914,25187,25198,630243370,458481750
2019,신경과,E79,24,38,38,2452940,1769240
2019,신경과,E80,2,6,6,597380,418480
2019,신경과,E83,50,100,100,7508390,5443230
2019,신경과,E85,1,4,4,337700,76900
2019,신경과,E86,183,303,303,8020310,5891210
2019,신경과,E87,53,82,82,4309200,3148100
2019,신경과,E88,13,14,14,254810,197210
2019,신경과,E89,16,75,75,1588080,1115680
2019,신경과,F00,25252,146793,146987,5551817860,4213134670
2019,신경과,F01,1103,4960,4974,217272310,164845940
2019,신경과,F02,71,262,262,11538920,9387120
2019,신경과,F03,848,2062,2061,138529500,99540860
2019,신경과,F05,67,158,158,6569800,4843900
2019,신경과,F06,12277,42729,42734,2214903010,1610176400
2019,신경과,F07,65,133,133,4331340,3245240
2019,신경과,F09,5,6,6,110610,83710
2019,신경과,F10,116,339,339,17469230,13561530
2019,신경과,F13,1,6,6,67920,47820
2019,신경과,F17,2,2,2,32460,22760
2019,신경과,F19,2,3,3,676810,483110
2019,신경과,F20,537,6352,6352,330365830,274213230
2019,신경과,F21,71,802,802,41312040,33833940
2019,신경과,F22,103,722,722,26158570,21670470
2019,신경과,F23,28,210,210,11280930,9043130
2019,신경과,F24,1,1,1,15690,14190
2019,신경과,F25,111,1515,1515,82232920,68250420
2019,신경과,F28,5,32,32,2621710,2259410
2019,신경과,F29,15,79,79,3907490,3148290
2019,신경과,F30,25,146,146,6302390,4905790
2019,신경과,F31,974,8912,8912,485165280,378136080
2019,신경과,F32,10739,54849,55002,1877923620,1482366960
2019,신경과,F33,1569,12016,12016,517362500,406235400
2019,신경과,F34,937,7164,7164,356376250,288459900
2019,신경과,F38,103,381,381,11318120,8773320
2019,신경과,F39,677,2427,2427,82901280,64456780
2019,신경과,F40,282,1136,1151,36521610,29074940
2019,신경과,F41,16286,70490,70891,1924574790,1517819070
2019,신경과,F42,144,1049,1049,57475380,45888280
2019,신경과,F43,1018,2672,2672,111955670,89326570
2019,신경과,F44,29,92,92,3811550,3039050
2019,신경과,F45,2358,9408,9408,276741280,222325280
2019,신경과,F48,1870,6395,6395,190485440,151264310
2019,신경과,F50,16,95,95,4110600,3553800
2019,신경과,F51,3838,14546,14547,373696420,291107680
2019,신경과,F52,13,19,19,492280,380680
2019,신경과,F53,1,1,1,15690,10990
2019,신경과,F60,8,20,20,1088830,901430
2019,신경과,F63,5,11,11,314050,251050
2019,신경과,F64,2,23,23,1566540,1308340
2019,신경과,F65,1,1,1,39090,32990
2019,신경과,F66,1,1,1,257220,180120
2019,신경과,F70,11,47,47,1539430,1197730
2019,신경과,F71,9,37,37,1856320,1665720
2019,신경과,F72,1,14,14,120160,84360
2019,신경과,F73,1,1,1,151510,106110
2019,신경과,F78,5,10,10,362240,254240
2019,신경과,F79,2,4,4,99690,75590
2019,신경과,F80,57,290,295,25267580,18178300
2019,신경과,F81,3,12,12,314070,243570
2019,신경과,F84,26,355,355,14546840,11291340
2019,신경과,F89,1,25,25,1069730,819230
2019,신경과,F90,166,1513,1513,63547450,48715350
2019,신경과,F91,10,51,51,1868300,1448900
2019,신경과,F92,15,26,26,454670,344670
2019,신경과,F93,14,143,143,5979810,4612610
2019,신경과,F95,129,843,843,30807700,23317000
2019,신경과,F98,13,62,62,3694380,2932480
2019,신경과,F99,16,18,18,1017000,866600
2019,신경과,G02,2,2,10,3139020,2141860
2019,신경과,G03,26,30,30,2203310,1547510
2019,신경과,G04,18,71,71,2224340,1687240
2019,신경과,G05,31,69,69,1466860,1081360
2019,신경과,G06,3,13,13,490610,361310
2019,신경과,G07,1,3,3,944500,665600
2019,신경과,G09,1,18,18,201780,142380
2019,신경과,G10,6,23,23,629870,529270
2019,신경과,G11,142,842,842,22470050,17996650
2019,신경과,G12,102,204,204,12661190,9792890
2019,신경과,G13,10,33,33,1648980,1431080
2019,신경과,G14,26,42,42,3619380,2564380
2019,신경과,G20,6575,45459,45696,1633239760,1423802660
2019,신경과,G21,896,3852,3852,136649280,103964270
2019,신경과,G22,576,2198,2197,83256310,62780570
2019,신경과,G23,421,1452,1455,38485560,30063840
2019,신경과,G24,3877,10315,10320,402646700,289996690
2019,신경과,G25,22810,86992,87043,2650013450,1959612060
2019,신경과,G26,11,54,54,1817430,1365030
2019,신경과,G30,4122,22622,22622,966464040,730217070
2019,신경과,G31,2880,9782,9888,292683250,222546610
2019,신경과,G32,19,90,90,2723710,2055710
2019,신경과,G35,197,383,397,46606890,33618150
2019,신경과,G36,7,22,22,987410,890210
2019,신경과,G37,31,100,100,2961690,2146290
2019,신경과,G40,7888,40487,40543,1657183790,1209429280
2019,신경과,G41,56,321,321,12522870,10219870
2019,신경과,G43,67531,186413,186947,7549720900,5371769570
2019,신경과,G44,56651,120611,120750,6174088510,4416511470
2019,신경과,G45,6006,21703,21765,1132020110,819537130
2019,신경과,G46,1519,7007,7016,322596780,234848860
2019,신경과,G47,20302,74035,75627,2514417110,1935879350
2019,신경과,G50,7075,17030,17063,789826360,567444410
2019,신경과,G51,16055,51452,51669,2625322590,1866948900
2019,신경과,G52,699,1259,1259,101860190,71986140
2019,신경과,G53,2745,8763,8796,216762880,165201340
2019,신경과,G54,11971,38953,38955,3154035140,2251666330
2019,신경과,G55,2090,6576,6582,452310620,326426890
2019,신경과,G56,19752,41609,41655,3867002040,2735986750
2019,신경과,G57,4819,10383,10401,783149560,559443250
2019,신경과,G58,1322,3034,3041,163789390,117807560
2019,신경과,G59,135,433,433,12554630,9579230
2019,신경과,G60,57,223,223,9808850,8154850
2019,신경과,G61,118,453,453,27156830,21398030
2019,신경과,G62,8204,19896,19915,1967967590,1415104470
2019,신경과,G63,4666,20149,20149,982199810,730675530
2019,신경과,G64,3187,8623,8643,456976210,332227120
2019,신경과,G70,1463,5489,5489,299893870,262671200
2019,신경과,G71,72,150,150,6888460,5497560
2019,신경과,G72,84,156,156,12709380,9039650
2019,신경과,G73,8,13,13,1712670,1289870
2019,신경과,G80,61,123,123,3859310,2777810
2019,신경과,G81,75,181,181,6925470,5142570
2019,신경과,G82,58,146,146,8582140,6146740
2019,신경과,G83,114,192,192,14247420,10151920
2019,신경과,G90,2458,4872,4872,325534350,231212370
2019,신경과,G91,136,437,444,34212660,24651960
2019,신경과,G92,2,3,3,177100,127300
2019,신경과,G93,3139,5014,5022,616138830,436077070
2019,신경과,G94,4,17,17,791920,577020
2019,신경과,G95,201,419,419,27759550,20014550
2019,신경과,G96,65,80,80,4986450,3443790
2019,신경과,G97,17,46,46,6645570,4655970
2019,신경과,G98,31,43,43,1628940,1163140
2019,신경과,G99,213,370,370,32699310,23054110
2019,신경과,H00,69,80,80,1130630,808130
2019,신경과,H01,136,156,156,3604110,2602110
2019,신경과,H02,225,325,325,21176790,14996950
2019,신경과,H04,216,399,399,6164380,4525780
2019,신경과,H05,7,9,9,319860,224360
2019,신경과,H06,1,1,1,11210,7910
2019,신경과,H10,314,449,449,5898980,4552380
2019,신경과,H11,155,342,342,4667450,3442250
2019,신경과,H16,54,78,78,1137420,880520
2019,신경과,H18,4,4,4,115480,80980
2019,신경과,H19,8,14,14,183910,131910
2019,신경과,H20,1,1,1,16770,15170
2019,신경과,H22,1,2,2,24870,17570
2019,신경과,H25,47,114,114,1884830,1563430
2019,신경과,H26,20,26,26,1138240,818440
2019,신경과,H31,1,2,2,11220,8220
2019,신경과,H33,2,21,21,335850,236750
2019,신경과,H34,8,24,24,1142910,827010
2019,신경과,H35,10,20,20,919250,712950
2019,신경과,H36,9,17,17,323180,259780
2019,신경과,H40,36,76,76,3418580,2458840
2019,신경과,H44,6,6,6,270930,210630
2019,신경과,H46,13,14,14,1321910,929110
2019,신경과,H47,43,82,82,4973880,3846280
2019,신경과,H48,5,6,6,385090,271690
2019,신경과,H49,86,234,234,9359830,6811930
2019,신경과,H50,1,2,2,246910,162650
2019,신경과,H51,3,3,3,224750,160550
2019,신경과,H52,10,17,17,2386760,1684360
2019,신경과,H53,579,1068,1078,103537450,73562790
2019,신경과,H54,32,42,42,6823320,4803620
2019,신경과,H55,13,15,15,1527500,1069900
2019,신경과,H57,32,58,58,4102390,2871030
2019,신경과,H58,6,8,8,3065480,2146080
2019,신경과,H60,115,150,150,2787000,2040600
2019,신경과,H61,6,6,6,126730,95430
2019,신경과,H62,1,1,1,15690,10990
2019,신경과,H65,27,70,70,2150070,1548570
2019,신경과,H66,136,265,265,4024690,3092590
2019,신경과,H67,2,6,6,74200,52200
2019,신경과,H68,6,9,9,1037160,731860
2019,신경과,H69,24,42,42,2586240,1819640
2019,신경과,H70,2,2,2,26900,18900
2019,신경과,H72,2,2,2,49840,34940
2019,신경과,H73,2,3,3,65930,46230
2019,신경과,H75,1,1,1,19580,13780
2019,신경과,H81,75058,195844,196518,14034153320,10006634310
2019,신경과,H82,346,3935,3935,93040220,69691610
2019,신경과,H83,134,274,274,13445190,9711190
2019,신경과,H90,315,529,530,43898360,31399960
2019,신경과,H91,715,1900,1900,77904030,55740130
2019,신경과,H92,68,110,110,3669070,2655530
2019,신경과,H93,8335,24625,24642,968135510,697760830
2019,신경과,H94,1,2,2,82270,61570
2019,신경과,H95,1,1,1,39380,27580
2019,신경과,I00,9,38,38,634790,454290
2019,신경과,I01,1,2,2,63460,44460
2019,신경과,I05,5,28,28,929460,810160
2019,신경과,I07,2,2,2,51080,37680
2019,신경과,I08,5,15,15,432660,319760
2019,신경과,I10,31750,199418,199514,3997245410,3055815370
2019,신경과,I11,301,1854,1909,42039260,32406140
2019,신경과,I12,16,82,82,1847490,1431790
2019,신경과,I13,23,137,137,2241170,1756770
2019,신경과,I15,23,65,65,5330310,3750410
2019,신경과,I20,752,2662,2669,67096900,51729520
2019,신경과,I21,20,61,61,1473440,1122640
2019,신경과,I22,2,12,12,443790,313890
2019,신경과,I23,2,15,15,230040,206640
2019,신경과,I24,8,16,16,333390,275890
2019,신경과,I25,59,248,248,5098040,3989940
2019,신경과,I26,3,8,8,742650,532450
2019,신경과,I30,1,1,1,170310,119310
2019,신경과,I34,3,5,5,231190,218990
2019,신경과,I35,7,11,11,348990,253890
2019,신경과,I36,1,1,1,15690,14190
2019,신경과,I42,19,70,70,3312480,2939380
2019,신경과,I44,6,8,8,1849390,1299990
2019,신경과,I45,10,15,15,2862580,2038480
2019,신경과,I46,1,5,5,53360,37660
2019,신경과,I47,109,318,318,12309830,8945270
2019,신경과,I48,261,1126,1129,34337560,26232140
2019,신경과,I49,610,1134,1137,70219040,50609790
2019,신경과,I50,155,375,375,13492490,10256090
2019,신경과,I51,16,74,74,685490,566890
2019,신경과,I60,87,241,254,11250520,8021350
2019,신경과,I61,330,1890,1954,59885470,44779960
2019,신경과,I62,41,91,117,7213580,5232770
2019,신경과,I63,17054,102827,103391,2875424080,2195548060
2019,신경과,I64,581,2296,2296,55422910,43639160
2019,신경과,I65,3338,15120,15136,482864260,355883750
2019,신경과,I66,1387,7510,7510,209148840,157489780
2019,신경과,I67,6991,27866,28083,888621590,663726860
2019,신경과,I68,76,609,609,18934990,14214150
2019,신경과,I69,3398,17602,17710,477822140,368007380
2019,신경과,I70,813,2492,2492,76078460,55328880
2019,신경과,I71,6,10,10,426710,304210
2019,신경과,I72,40,70,70,6821260,4823960
2019,신경과,I73,2637,7371,7375,174681780,130149820
2019,신경과,I74,17,44,44,1297170,975770
2019,신경과,I77,13,67,67,1047360,813060
2019,신경과,I78,9,14,14,387320,277720
2019,신경과,I79,13,45,45,881010,680910
2019,신경과,I80,55,123,123,2598420,2003520
2019,신경과,I81,1,5,5,451440,316240
2019,신경과,I82,3,15,15,337950,256150
2019,신경과,I83,137,333,333,5426410,4192810
2019,신경과,I86,19,43,43,830450,633150
2019,신경과,I87,676,1284,1284,24977860,18895660
2019,신경과,I88,60,68,68,1451060,1029060
2019,신경과,I89,69,116,116,2529480,1920580
2019,신경과,I95,1474,3021,3021,163200170,117808410
2019,신경과,I97,3,15,15,268810,192310
2019,신경과,I99,5,13,13,152760,112760
2019,신경과,J00,3847,6287,6287,97441390,74405840
2019,신경과,J01,742,1202,1208,26737710,19473150
2019,신경과,J02,1951,3730,3730,57592870,44498270
2019,신경과,J03,2007,2890,2901,50112150,36477550
2019,신경과,J04,2561,4356,4356,76639130,56629930
2019,신경과,J05,4,66,66,1122010,909510
2019,신경과,J06,4884,7585,7585,120558300,91046110
2019,신경과,J09,19,24,24,432140,317740
2019,신경과,J10,102,121,151,6854630,5502410
2019,신경과,J11,202,245,245,3935530,2834630
2019,신경과,J12,2,2,2,124130,87030
2019,신경과,J15,47,90,132,7197420,5476470
2019,신경과,J17,3,5,5,108650,96350
2019,신경과,J18,217,408,461,17697180,13249220
2019,신경과,J20,9726,17703,17808,289914370,218914500
2019,신경과,J21,47,123,123,2146990,1664590
2019,신경과,J22,42,111,111,1773120,1365720
2019,신경과,J30,4104,7018,7017,128033380,94603910
2019,신경과,J31,24,30,30,463710,342610
2019,신경과,J32,122,158,158,6083580,4441480
2019,신경과,J33,1,1,1,43500,30500
2019,신경과,J34,23,27,27,598080,435780
2019,신경과,J35,7,8,8,137560,100860
2019,신경과,J36,197,278,278,4587720,3448120
2019,신경과,J37,8,16,16,206670,163270
2019,신경과,J38,9,10,10,286990,203090
2019,신경과,J39,307,659,659,9997010,7613310
2019,신경과,J40,2015,3499,3564,57922120,44117160
2019,신경과,J41,200,565,565,7577150,6221050
2019,신경과,J42,336,652,652,10739910,8497010
2019,신경과,J43,12,16,16,801350,591350
2019,신경과,J44,206,503,503,10677540,8420140
2019,신경과,J45,689,1827,1834,34076220,26282330
2019,신경과,J46,15,29,39,1411810,1065490
2019,신경과,J47,13,29,29,1600150,1127550
2019,신경과,J64,1,1,1,19340,17440
2019,신경과,J67,1,1,1,11210,7910
2019,신경과,J81,2,3,3,269790,234790
2019,신경과,J84,15,23,23,1565630,1183930
2019,신경과,J90,3,4,4,103940,73040
2019,신경과,J93,12,15,15,984980,690080
2019,신경과,J94,1,1,1,211820,148320
2019,신경과,J98,204,233,233,31100690,21923790
2019,신경과,K02,2,3,3,38110,26810
2019,신경과,K04,18,22,22,344580,258380
2019,신경과,K05,117,185,185,2533250,1965350
2019,신경과,K06,2,2,2,26900,20700
2019,신경과,K07,224,374,374,10113600,7370960
2019,신경과,K08,14,17,17,247790,187390
2019,신경과,K10,7,8,8,128310,95210
2019,신경과,K11,45,59,59,3118780,2242580
2019,신경과,K12,220,380,380,6331110,4883310
2019,신경과,K13,23,36,36,644720,497920
2019,신경과,K14,91,181,181,5234430,3967230
2019,신경과,K20,34,54,54,1217800,877540
2019,신경과,K21,4776,8628,8628,279657190,202871740
2019,신경과,K22,13,46,46,786120,562720
2019,신경과,K25,1096,2368,2381,75330780,55024050
2019,신경과,K26,102,164,164,8340810,5907510
2019,신경과,K27,83,137,137,2245160,1705560
2019,신경과,K28,5,9,9,124570,94770
2019,신경과,K29,7378,12802,12802,291313050,216787280
2019,신경과,K30,995,1453,1453,34262070,25042440
2019,신경과,K31,96,130,130,9897350,7005750
2019,신경과,K35,8,8,8,602040,421640
2019,신경과,K36,3,3,3,141470,99170
2019,신경과,K37,13,13,13,598620,419520
2019,신경과,K38,15,16,16,1437240,1008540
2019,신경과,K40,7,7,7,138290,104490
2019,신경과,K42,1,1,1,213900,149800
2019,신경과,K43,4,4,4,72220,63920
2019,신경과,K45,1,1,1,217790,152490
2019,신경과,K46,1,1,1,11210,9710
2019,신경과,K50,6,19,19,697740,570840
2019,신경과,K51,27,84,84,3054060,2737460
2019,신경과,K52,800,1240,1240,25464860,19032960
2019,신경과,K55,3,3,3,505810,358210
2019,신경과,K56,3,3,3,52110,47110
2019,신경과,K57,14,37,37,1612680,1132380
2019,신경과,K58,2861,4169,4169,183615330,132252000
2019,신경과,K59,1847,3210,3218,51699320,39996270
2019,신경과,K60,2,6,6,144130,101030
2019,신경과,K61,3,5,5,56050,43150
2019,신경과,K62,12,18,18,1713460,1204560
2019,신경과,K63,1931,2746,2748,754516510,531635240
2019,신경과,K64,90,215,215,2852570,2302870
2019,신경과,K65,2,2,2,689990,483090
2019,신경과,K70,78,147,151,6392300,4548100
2019,신경과,K71,83,146,146,4303800,3117100
2019,신경과,K72,35,63,63,3860360,2877860
2019,신경과,K73,146,235,235,9491930,6846930
2019,신경과,K74,39,97,96,3186780,2369700
2019,신경과,K75,600,1044,1044,55888570,40033090
2019,신경과,K76,861,1384,1390,67070550,47726050
2019,신경과,K80,100,239,239,9269070,6607070
2019,신경과,K81,7,8,8,910800,575420
2019,신경과,K82,136,152,152,22639140,15932840
2019,신경과,K83,27,48,48,3566520,2555430
2019,신경과,K85,12,12,12,2294750,1606750
2019,신경과,K86,25,33,33,3177640,2273350
2019,신경과,K87,3,3,3,605550,424050
2019,신경과,K90,1,1,1,17350,12150
2019,신경과,K91,8,35,35,1237410,899110
2019,신경과,K92,55,77,77,3630880,2608180
2019,신경과,K93,99,101,101,3475220,2492920
2019,신경과,L01,112,215,215,4144390,3074210
2019,신경과,L02,1210,2551,2551,48281730,35873460
2019,신경과,L03,939,1589,1624,34660430,26079810
2019,신경과,L04,134,184,184,3280780,2390780
2019,신경과,L05,1,1,1,15690,10990
2019,신경과,L08,150,229,229,4278290,3077860
2019,신경과,L10,1,1,1,13660,12160
2019,신경과,L13,17,19,19,351060,261860
2019,신경과,L20,253,447,447,7872210,5816510
2019,신경과,L21,188,286,286,5008910,3786410
2019,신경과,L22,1,5,5,62540,55040
2019,신경과,L23,1811,3386,3386,57191860,44145560
2019,신경과,L24,37,52,52,746530,576630
2019,신경과,L25,200,345,345,5841110,4590710
2019,신경과,L27,91,102,102,1940400,1402500
2019,신경과,L28,491,838,838,15117170,11083010
2019,신경과,L29,202,265,265,6171050,4674550
2019,신경과,L30,942,1432,1432,22316520,16934320
2019,신경과,L40,68,129,129,1926640,1490140
2019,신경과,L41,1,1,1,15690,10990
2019,신경과,L42,1,3,3,38550,27050
2019,신경과,L50,1603,2569,2569,45389580,34043680
2019,신경과,L51,3,3,3,54850,38550
2019,신경과,L53,10,10,10,299840,210140
2019,신경과,L55,2,2,2,31380,25180
2019,신경과,L56,2,5,5,183780,132080
2019,신경과,L57,10,16,16,1263890,898190
2019,신경과,L60,128,248,248,6847370,5074270
2019,신경과,L62,1,1,1,15690,10990
2019,신경과,L63,26,77,77,2640240,1859040
2019,신경과,L64,3,4,4,60040,42140
2019,신경과,L65,9,11,11,229710,175210
2019,신경과,L66,3,5,5,176880,123980
2019,신경과,L70,28,51,51,504530,359730
2019,신경과,L71,10,12,12,673310,471610
2019,신경과,L72,15,21,21,896350,643550
2019,신경과,L73,3,4,4,72340,50740
2019,신경과,L74,11,11,11,186410,144210
2019,신경과,L75,4,11,11,531860,372760
2019,신경과,L80,3,3,3,106630,78430
2019,신경과,L81,17,17,17,403980,290680
2019,신경과,L82,4,6,6,171550,123650
2019,신경과,L84,62,103,103,3822570,2785170
2019,신경과,L85,73,101,101,1692880,1338180
2019,신경과,L86,2,2,2,39040,31340
2019,신경과,L89,33,79,79,991300,821800
2019,신경과,L90,6,7,7,124340,87340
2019,신경과,L91,10,13,13,326060,230560
2019,신경과,L92,1,1,1,19580,13780
2019,신경과,L93,3,5,5,194760,144360
2019,신경과,L94,1,1,1,15690,10990
2019,신경과,L95,9,16,16,219550,168550
2019,신경과,L97,1,1,1,15690,14190
2019,신경과,L98,7,9,9,216290,155590
2019,신경과,M00,9,24,30,1224110,938500
2019,신경과,M01,1,1,1,16770,15170
2019,신경과,M02,393,821,821,25820630,18822130
2019,신경과,M03,6,17,17,233950,172250
2019,신경과,M05,147,759,759,28567010,25491210
2019,신경과,M06,325,706,706,25519220,18749420
2019,신경과,M07,4,21,21,340400,286900
2019,신경과,M10,1132,3367,3367,69303850,51330350
2019,신경과,M11,5,10,10,649410,466310
2019,신경과,M12,605,2568,2568,127359820,90627320
2019,신경과,M13,6480,16409,16519,505433200,370528310
2019,신경과,M15,1587,5932,5932,112659270,89667110
2019,신경과,M16,334,1002,1072,34343750,25236980
2019,신경과,M17,20766,75164,76909,2402097330,1771959840
2019,신경과,M18,38,145,145,3289920,2404520
2019,신경과,M19,4841,14107,14129,364195870,266179950
2019,신경과,M20,15,38,48,1680600,1283440
2019,신경과,M21,45,157,191,6403550,4619160
2019,신경과,M22,127,411,415,12146280,8580820
2019,신경과,M23,476,2223,2331,71577520,51960630
2019,신경과,M24,1324,4395,4407,108723470,80130410
2019,신경과,M25,4796,18507,18511,640547750,465571360
2019,신경과,M30,3,7,7,88340,77940
2019,신경과,M31,50,121,121,7230070,5252170
2019,신경과,M32,11,71,71,2790300,2459200
2019,신경과,M33,9,44,70,4342620,3717620
2019,신경과,M34,5,12,12,675330,608130
2019,신경과,M35,69,201,201,11117380,9734680
2019,신경과,M40,31,164,164,5752140,4293340
2019,신경과,M41,90,496,496,14193590,10208690
2019,신경과,M42,1,1,1,15690,10990
2019,신경과,M43,374,1787,2090,99710610,71631080
2019,신경과,M45,51,276,285,10256770,9027430
2019,신경과,M46,30,103,103,4566570,3261170
2019,신경과,M47,17777,63300,64285,2512158960,1828709310
2019,신경과,M48,9736,44672,45154,1837951540,1360877830
2019,신경과,M49,420,1622,1622,140843450,100267950
2019,신경과,M50,9658,33410,33534,1671400500,1200578910
2019,신경과,M51,13702,64484,65661,2654275080,1954523670
2019,신경과,M53,8745,20747,20780,744058800,535505810
2019,신경과,M54,56705,210648,211703,8105156330,5893005660
2019,신경과,M60,32,52,52,2443610,1724610
2019,신경과,M61,4,12,12,897390,631790
2019,신경과,M62,2537,7565,7579,148387170,120741330
2019,신경과,M65,5842,14041,14077,348034850,253282900
2019,신경과,M66,12,22,42,1994880,1484290
2019,신경과,M67,325,566,572,16623780,11843090
2019,신경과,M70,162,309,309,16608850,11819450
2019,신경과,M71,120,258,258,10063660,7174360
2019,신경과,M72,1740,6164,6164,145366700,106538000
2019,신경과,M73,1,2,2,382990,268190
2019,신경과,M75,15486,62582,62872,2134675650,1540491610
2019,신경과,M76,691,1874,1874,44259910,31682110
2019,신경과,M77,5528,18274,18287,538665580,383337950
2019,신경과,M79,24139,58013,58315,1984981250,1447248070
2019,신경과,M80,76,241,241,11037390,8140890
2019,신경과,M81,3437,11720,11724,503033560,370302370
2019,신경과,M82,25,122,122,4171000,3138700
2019,신경과,M83,4,8,19,849300,638170
2019,신경과,M84,7,14,14,446380,321780
2019,신경과,M85,5,6,6,313440,219740
2019,신경과,M87,5,5,25,1312750,955570
2019,신경과,M89,124,396,396,10008560,8128460
2019,신경과,M91,1,1,1,15690,10990
2019,신경과,M92,74,195,195,5508590,3867290
2019,신경과,M94,25,45,55,2598260,1887690
2019,신경과,M96,135,726,726,21732520,16380720
2019,신경과,M99,916,3105,3125,132412480,95254130
2019,신경과,N00,16,21,21,2672450,1877550
2019,신경과,N02,9,22,22,487100,380500
2019,신경과,N03,1,1,1,15690,10990
2019,신경과,N04,3,3,3,42000,29600
2019,신경과,N05,2,4,4,51380,44780
2019,신경과,N06,11,11,11,349860,251960
2019,신경과,N10,84,138,160,5884990,4302300
2019,신경과,N11,5,5,5,196300,137700
2019,신경과,N12,21,30,30,897530,637030
2019,신경과,N13,3,5,5,269470,199270
2019,신경과,N15,1,1,1,244740,171340
2019,신경과,N16,1,1,1,15690,14190
2019,신경과,N17,8,29,34,1398070,1015300
2019,신경과,N18,81,249,249,15841960,13993060
2019,신경과,N19,27,46,46,1680910,1355710
2019,신경과,N20,55,56,56,4322030,3043230
2019,신경과,N21,55,60,60,5668800,3982100
2019,신경과,N26,1,1,1,43500,30500
2019,신경과,N27,1,1,1,48030,33630
2019,신경과,N28,55,59,59,8755550,6145250
2019,신경과,N29,1,1,1,21720,15220
2019,신경과,N30,1192,1864,1864,31235590,23752090
2019,신경과,N31,305,765,765,13262070,10673470
2019,신경과,N32,53,125,125,1988330,1592730
2019,신경과,N34,63,91,91,1534830,1264930
2019,신경과,N35,1,2,2,26900,18900
2019,신경과,N39,197,348,348,5618210,4463310
2019,신경과,N40,706,2405,2460,37093300,30261770
2019,신경과,N41,19,22,22,416880,321180
2019,신경과,N42,55,61,61,2029780,1459280
2019,신경과,N43,1,1,1,39120,27420
2019,신경과,N45,8,8,8,235070,164870
2019,신경과,N46,2,2,2,31380,21980
2019,신경과,N47,1,1,1,43500,30500
2019,신경과,N48,20,29,29,552700,408700
2019,신경과,N49,3,4,4,53800,46000
2019,신경과,N50,4,9,9,622180,266380
2019,신경과,N60,2,3,3,44080,31080
2019,신경과,N61,1,1,1,11210,7910
2019,신경과,N62,5,6,6,117410,82410
2019,신경과,N63,3,4,4,808860,569560
2019,신경과,N64,46,52,52,1680200,1192000
2019,신경과,N71,1,1,1,43500,30500
2019,신경과,N72,2,3,3,598270,420770
2019,신경과,N73,14,22,22,421360,306360
2019,신경과,N75,1,1,1,43500,30500
2019,신경과,N76,38,80,80,918360,687160
2019,신경과,N77,3,3,3,38110,28610
2019,신경과,N81,1,1,1,15690,10990
2019,신경과,N85,1,4,4,45780,40880
2019,신경과,N91,2,2,2,33730,23730
2019,신경과,N92,4,5,5,132960,93260
2019,신경과,N93,9,10,10,266960,190860
2019,신경과,N94,80,133,133,2132520,1501920
2019,신경과,N95,280,846,846,17202770,12491170
2019,신경과,N97,2,2,2,32860,23060
2019,신경과,O10,1,7,7,163530,114930
2019,신경과,O24,1,3,3,81870,57470
2019,신경과,O26,1,6,6,76220,53620
2019,신경과,P10,1,7,7,127770,102170
2019,신경과,P21,1,1,1,15690,10990
2019,신경과,P28,4,4,4,162730,114030
2019,신경과,P78,1,1,1,17890,17090
2019,신경과,P91,1,4,4,44960,31760
2019,신경과,Q02,1,12,12,84120,59820
2019,신경과,Q03,2,13,13,368010,331910
2019,신경과,Q04,3,9,9,861960,756660
2019,신경과,Q07,4,16,16,848840,803040
2019,신경과,Q18,2,2,2,59190,41490
2019,신경과,Q21,2,3,3,80860,61560
2019,신경과,Q24,1,2,2,58460,52660
2019,신경과,Q25,2,4,4,157450,119350
2019,신경과,Q27,2,4,4,53210,37510
2019,신경과,Q28,42,101,101,8123290,5716650
2019,신경과,Q34,1,1,1,25320,17820
2019,신경과,Q38,1,1,1,52760,41760
2019,신경과,Q44,3,11,11,876240,742040
2019,신경과,Q45,1,1,1,213900,149800
2019,신경과,Q53,1,1,1,11210,7910
2019,신경과,Q61,7,7,7,778740,547240
2019,신경과,Q66,1,1,1,110090,77090
2019,신경과,Q67,16,18,18,740490,524690
2019,신경과,Q68,2,5,5,72320,52620
2019,신경과,Q75,2,2,2,37280,26180
2019,신경과,Q76,1,1,1,15690,10990
2019,신경과,Q77,1,3,3,185910,167510
2019,신경과,Q78,1,7,7,89630,63230
2019,신경과,Q79,3,3,3,64190,45090
2019,신경과,Q82,6,6,6,149760,104960
2019,신경과,Q85,18,63,63,2086020,1674020
2019,신경과,Q90,1,1,1,11210,7910
2019,신경과,Q99,1,4,4,41690,37690
2019,신경과,R00,962,1657,1657,50255180,35997360
2019,신경과,R01,1,1,1,15690,10990
2019,신경과,R03,290,378,378,9763340,7142340
2019,신경과,R04,43,50,50,2860250,2049050
2019,신경과,R05,297,353,353,7503180,5575750
2019,신경과,R06,317,427,427,19238350,13891150
2019,신경과,R07,796,942,942,37379350,26685080
2019,신경과,R09,14,38,38,1119310,843510
2019,신경과,R10,1315,1749,1749,68159730,49369730
2019,신경과,R11,571,767,767,25582960,18576760
2019,신경과,R12,42,65,65,5177270,3328370
2019,신경과,R13,19,29,29,658250,512550
2019,신경과,R14,7,8,8,321420,232620
2019,신경과,R15,5,9,9,98650,83350
2019,신경과,R16,1,2,2,265950,186250
2019,신경과,R17,6,8,8,971660,684160
2019,신경과,R18,2,3,3,41380,36580
2019,신경과,R19,25,27,27,849650,632150
2019,신경과,R20,1834,3022,3022,307172500,216977250
2019,신경과,R21,18,20,20,318380,236680
2019,신경과,R22,114,124,124,4066780,2970880
2019,신경과,R23,135,176,176,3140630,2323540
2019,신경과,R25,5215,10780,10781,618088820,443394370
2019,신경과,R26,294,506,506,45234260,32426080
2019,신경과,R27,63,149,149,16732360,11933980
2019,신경과,R29,81,102,102,2826170,2070170
2019,신경과,R30,6,7,7,599750,424150
2019,신경과,R31,80,90,90,5198670,3699770
2019,신경과,R32,67,125,125,1659160,1390260
2019,신경과,R35,38,60,60,1074190,818990
2019,신경과,R39,5,5,5,91710,66610
2019,신경과,R40,35,77,87,7455810,5825700
2019,신경과,R41,1701,3207,3209,333703840,232881450
2019,신경과,R42,15571,29597,29624,3072833130,2185357580
2019,신경과,R43,51,71,71,3932810,2812710
2019,신경과,R44,120,154,154,9679470,6910070
2019,신경과,R45,371,1281,1281,23532060,17310000
2019,신경과,R46,2,2,2,35270,27970
2019,신경과,R47,164,257,257,31574840,22530510
2019,신경과,R48,8,35,35,1661360,1217460
2019,신경과,R49,17,25,25,1538900,1096000
2019,신경과,R50,160,224,224,6671270,4829470
2019,신경과,R51,20313,32150,32177,2273755310,1610847420
2019,신경과,R52,592,845,845,20926540,15161540
2019,신경과,R53,125,176,176,9747120,6921460
2019,신경과,R54,2,2,2,450680,317680
2019,신경과,R55,2482,3632,3633,536573430,380196590
2019,신경과,R56,401,665,665,68926670,48680450
2019,신경과,R57,14,29,29,1106810,814110
2019,신경과,R58,1,2,2,28150,24050
2019,신경과,R59,38,46,46,1047910,773110
2019,신경과,R60,452,750,750,19952010,14894310
2019,신경과,R61,78,122,122,3342450,2422750
2019,신경과,R62,29,38,38,2351280,1873780
2019,신경과,R63,93,156,156,4748670,3454210
2019,신경과,R64,2,3,3,63600,52700
2019,신경과,R68,28,45,45,896050,641550
2019,신경과,R69,3,3,3,36990,29190
2019,신경과,R70,3,9,9,1366590,886230
2019,신경과,R71,1,2,2,72000,50500
2019,신경과,R72,1,3,3,42890,34490
2019,신경과,R73,508,677,677,18725840,14036730
2019,신경과,R74,3,3,3,38110,28610
2019,신경과,R76,56,58,58,3456760,1916010
2019,신경과,R78,1,1,1,11210,7910
2019,신경과,R79,5,7,7,128880,90480
2019,신경과,R80,32,39,39,906740,660040
2019,신경과,R81,245,330,330,28480760,20232360
2019,신경과,R82,3,7,7,150670,110470
2019,신경과,R85,1,1,1,15690,10990
2019,신경과,R86,2,4,4,161880,113380
2019,신경과,R87,1,1,1,19580,13780
2019,신경과,R90,15,15,15,939380,658280
2019,신경과,R91,15,17,17,837500,599400
2019,신경과,R92,2,3,3,42000,33500
2019,신경과,R93,4,4,4,332380,232780
2019,신경과,R94,81,108,108,5266280,3727180
2019,신경과,S00,458,571,573,16309810,11780220
2019,신경과,S01,333,762,762,19727710,14821910
2019,신경과,S02,33,41,97,7285280,5343410
2019,신경과,S03,46,104,104,2431530,1712230
2019,신경과,S04,37,61,61,3491320,2489620
2019,신경과,S05,8,8,8,359330,253330
2019,신경과,S06,1215,1876,2232,167887010,120744450
2019,신경과,S07,2,4,4,187990,143790
2019,신경과,S08,2,2,2,106380,76680
2019,신경과,S09,33,34,34,1363870,977170
2019,신경과,S10,10,18,18,347180,257080
2019,신경과,S11,7,15,15,301600,246900
2019,신경과,S12,9,12,37,2224280,1635690
2019,신경과,S13,3690,8416,8501,575092970,406754080
2019,신경과,S14,67,155,177,14760430,10627700
2019,신경과,S15,2,2,2,26900,18900
2019,신경과,S16,1,4,4,400280,280280
2019,신경과,S20,161,236,263,7885250,5921060
2019,신경과,S21,8,20,20,557990,409490
2019,신경과,S22,227,434,836,44323500,32665240
2019,신경과,S23,1139,2030,2036,64766380,46980700
2019,신경과,S24,2,3,3,95680,68980
2019,신경과,S27,1,1,1,19580,17680
2019,신경과,S28,1,1,1,22270,17870
2019,신경과,S29,6,7,7,221650,155450
2019,신경과,S30,56,114,114,2368040,1774240
2019,신경과,S31,28,57,57,1209610,922010
2019,신경과,S32,110,282,612,34556590,25877490
2019,신경과,S33,4455,14034,14547,473094990,340457750
2019,신경과,S34,33,83,83,7688660,5419860
2019,신경과,S37,1,1,1,23470,16470
2019,신경과,S39,1,1,1,21830,15330
2019,신경과,S40,57,139,139,4216830,3187230
2019,신경과,S41,19,50,50,1070930,865030
2019,신경과,S42,48,220,286,11036080,8261180
2019,신경과,S43,1121,3046,3157,111740630,80263330
2019,신경과,S44,66,124,124,10814830,7635320
2019,신경과,S45,1,3,3,116070,81270
2019,신경과,S46,449,1653,1752,54503490,39346260
2019,신경과,S49,12,44,44,926620,665820
2019,신경과,S50,100,150,150,3926910,2848290
2019,신경과,S51,85,210,210,4779900,3654900
2019,신경과,S52,91,282,367,13949040,10163810
2019,신경과,S53,839,1955,1968,68466320,48840450
2019,신경과,S54,193,348,348,30461720,21619820
2019,신경과,S55,5,6,6,325780,228280
2019,신경과,S56,12,16,16,288550,219750
2019,신경과,S57,7,9,9,347430,248230
2019,신경과,S60,284,418,418,12280720,8774340
2019,신경과,S61,805,1898,1898,48836000,35544000
2019,신경과,S62,113,215,240,9960810,7137290
2019,신경과,S63,2555,5344,5344,166881150,118689090
2019,신경과,S64,91,162,167,20244730,14561130
2019,신경과,S65,20,26,26,566840,407240
2019,신경과,S66,35,56,56,1700330,1224830
2019,신경과,S67,10,12,12,285740,202540
2019,신경과,S69,3,4,5,233720,190000
2019,신경과,S70,64,126,132,3235580,2394810
2019,신경과,S71,22,46,46,1189460,889660
2019,신경과,S72,22,57,119,5923420,4447820
2019,신경과,S73,137,259,269,7196230,5200440
2019,신경과,S74,17,49,49,2405160,1890060
2019,신경과,S76,85,202,221,7208130,5234470
2019,신경과,S78,2,2,2,84470,69270
2019,신경과,S79,1,1,1,34280,24080
2019,신경과,S80,298,534,568,14520160,10713310
2019,신경과,S81,155,456,456,10306190,7864190
2019,신경과,S82,87,272,501,24655200,18033140
2019,신경과,S83,1204,3070,3371,99549450,72779290
2019,신경과,S84,136,281,281,20758680,14652480
2019,신경과,S85,3,4,4,160970,112870
2019,신경과,S86,122,432,456,10125740,7553500
2019,신경과,S87,25,52,59,1914290,1390800
2019,신경과,S88,7,7,7,367140,260440
2019,신경과,S89,3,4,4,127930,94430
2019,신경과,S90,279,421,421,11903730,8532850
2019,신경과,S91,282,732,732,16372680,12376180
2019,신경과,S92,163,391,522,23633670,17185360
2019,신경과,S93,2378,4794,4867,136343240,97766300
2019,신경과,S94,40,78,78,5505190,3866180
2019,신경과,S96,707,2032,2045,59585070,41904210
2019,신경과,S97,8,9,9,421790,303190
2019,신경과,S98,3,4,4,209410,146810
2019,신경과,S99,9,55,55,1144710,958610
2019,신경과,T00,16,19,19,752520,515800
2019,신경과,T01,45,72,72,1448430,1134230
2019,신경과,T03,7,16,16,393720,285420
2019,신경과,T04,6,12,12,405160,305260
2019,신경과,T08,2,2,2,292150,206450
2019,신경과,T09,48,137,137,3643440,2647540
2019,신경과,T11,4,5,5,97630,74730
2019,신경과,T12,1,1,1,31640,22240
2019,신경과,T13,3,5,5,392520,275020
2019,신경과,T14,255,444,444,12325980,8802180
2019,신경과,T16,4,4,4,82640,61140
2019,신경과,T17,19,19,19,640080,458980
2019,신경과,T18,6,7,7,254480,183580
2019,신경과,T20,11,23,23,954460,669360
2019,신경과,T21,16,43,43,1379760,1000160
2019,신경과,T22,31,64,64,1852680,1323380
2019,신경과,T23,111,337,337,11570360,8263660
2019,신경과,T24,46,168,176,7266730,5251910
2019,신경과,T25,25,74,74,2988710,2151810
2019,신경과,T29,2,4,4,174290,122190
2019,신경과,T30,23,40,40,1167720,836020
2019,신경과,T31,1,2,2,34700,31300
2019,신경과,T33,4,4,4,191650,137450
2019,신경과,T35,1,1,1,15690,14690
2019,신경과,T58,4,16,16,690450,516050
2019,신경과,T60,3,3,3,98210,70710
2019,신경과,T63,1,1,1,17670,12370
2019,신경과,T67,14,16,16,471940,338540
2019,신경과,T69,2,2,2,31380,21980
2019,신경과,T70,1,1,1,15690,10990
2019,신경과,T73,80,101,101,1939560,1422560
2019,신경과,T75,10,18,18,1258060,886360
2019,신경과,T78,211,594,594,10334030,7701030
2019,신경과,T79,7,9,9,219170,157070
2019,신경과,T81,1,3,3,61440,43140
2019,신경과,T88,3,3,3,47790,33490
2019,신경과,T90,4,10,10,156790,109990
2019,신경과,T91,15,45,45,1726750,1246650
2019,신경과,T92,1,4,4,72040,63040
2019,신경과,T93,2,52,52,826120,584620
2019,신경과,T95,1,1,1,19580,13780
2019,신경과,Z00,130,156,156,3250080,2452180
2019,신경과,Z01,27,30,30,540610,384310
2019,신경과,Z02,4,4,4,54930,38530
2019,신경과,Z03,66,90,90,3083380,2491680
2019,신경과,Z04,20,20,20,538950,382450
2019,신경과,Z09,1,1,1,15690,10990
2019,신경과,Z10,1,1,1,19580,13780
2019,신경과,Z11,9,9,9,103120,72520
2019,신경과,Z13,16,21,21,1033580,638830
2019,신경과,Z20,2,2,2,46980,32980
2019,신경과,Z23,2,3,3,69890,55590
2019,신경과,Z24,17,17,17,213590,149690
2019,신경과,Z25,36,40,40,1048380,789780
2019,신경과,Z26,13,17,17,261640,206740
2019,신경과,Z27,2,4,4,22570,17770
2019,신경과,Z29,2,2,2,26900,20700
2019,신경과,Z30,1,1,1,19580,13780
2019,신경과,Z31,4,4,4,62760,43960
2019,신경과,Z34,8,12,12,555480,492080
2019,신경과,Z37,1,1,1,11210,7910
2019,신경과,Z48,75,147,147,2667120,2108620
2019,신경과,Z56,1,1,1,15690,10990
2019,신경과,Z70,1,1,1,15690,10990
2019,신경과,Z71,539,859,859,34908800,28341900
2019,신경과,Z73,11,12,12,279070,221770
2019,신경과,Z82,10,13,13,443110,320610
2019,신경과,Z83,1,2,2,60620,42520
2019,신경과,Z84,1,1,1,15690,10990
2019,신경과,Z95,2,7,7,113050,86050
2019,신경과,Z98,24,45,45,853970,614370
2019,정신건강의학과,A02,1,1,1,78960,68860
2019,정신건강의학과,A04,6,8,8,116560,86760
2019,정신건강의학과,A05,193,240,240,3641120,2589320
2019,정신건강의학과,A08,13,16,16,410080,334480
2019,정신건강의학과,A09,37,61,61,1158110,846310
2019,정신건강의학과,A18,1,2,2,57840,52240
2019,정신건강의학과,A32,2,3,3,165880,136580
2019,정신건강의학과,A49,5,18,18,76650,61350
2019,정신건강의학과,A52,2,4,4,60340,50940
2019,정신건강의학과,A59,1,1,1,15690,10990
2019,정신건강의학과,A71,1,1,1,29650,23550
2019,정신건강의학과,B00,87,129,129,1490080,1101980
2019,정신건강의학과,B02,89,199,199,4333000,3348900
2019,정신건강의학과,B07,5,6,6,96820,72220
2019,정신건강의학과,B16,1,4,4,54230,38130
2019,정신건강의학과,B17,1,1,1,15690,14190
2019,정신건강의학과,B18,5,12,12,87050,61150
2019,정신건강의학과,B30,5,6,6,85720,63520
2019,정신건강의학과,B35,209,517,517,6924570,5317570
2019,정신건강의학과,B36,5,8,8,103020,91720
2019,정신건강의학과,B37,8,9,9,107710,86710
2019,정신건강의학과,B43,2,8,8,120310,87410
2019,정신건강의학과,B48,1,2,2,0,0
2019,정신건강의학과,B49,1,2,2,24870,17570
2019,정신건강의학과,B56,1,1,1,94130,78930
2019,정신건강의학과,B66,3,4,4,89980,68680
2019,정신건강의학과,B83,1,1,1,15690,10990
2019,정신건강의학과,B86,23,23,23,264680,205080
2019,정신건강의학과,B88,2,4,4,60340,54140
2019,정신건강의학과,B99,1,1,1,0,0
2019,정신건강의학과,C00,1,20,20,482880,459280
2019,정신건강의학과,C16,12,99,99,12325720,11663820
2019,정신건강의학과,C17,1,7,7,918300,872700
2019,정신건강의학과,C18,7,27,27,5137980,4847780
2019,정신건강의학과,C20,1,2,2,69100,65800
2019,정신건강의학과,C22,4,15,15,2384470,2265870
2019,정신건강의학과,C24,1,5,5,839980,798280
2019,정신건강의학과,C25,1,14,14,569480,541780
2019,정신건강의학과,C34,12,135,135,7259040,6765040
2019,정신건강의학과,C44,3,37,37,10203080,9625880
2019,정신건강의학과,C50,18,130,130,12305200,11468500
2019,정신건강의학과,C54,2,11,11,487950,380850
2019,정신건강의학과,C56,3,4,4,343340,323140
2019,정신건강의학과,C61,13,135,135,15594290,14788490
2019,정신건강의학과,C64,1,1,1,41930,35030
2019,정신건강의학과,C66,1,1,1,11210,10710
2019,정신건강의학과,C67,5,76,76,13331290,12668590
2019,정신건강의학과,C68,2,3,3,182780,174480
2019,정신건강의학과,C71,8,90,90,5986250,5653550
2019,정신건강의학과,C72,1,5,5,1066320,1013220
2019,정신건강의학과,C73,20,145,145,27984520,25905020
2019,정신건강의학과,C76,1,2,2,30170,29470
2019,정신건강의학과,C79,1,1,1,52540,36840
2019,정신건강의학과,C80,2,6,6,239660,224760
2019,정신건강의학과,C83,2,14,14,1055340,1003440
2019,정신건강의학과,C85,1,3,3,242580,230580
2019,정신건강의학과,C88,1,6,6,394430,375030
2019,정신건강의학과,C90,2,12,12,790630,751530
2019,정신건강의학과,C91,1,1,1,15690,15690
2019,정신건강의학과,C92,4,40,40,2334240,2219140
2019,정신건강의학과,C95,1,31,31,2667540,2535340
2019,정신건강의학과,C96,1,7,7,478990,455390
2019,정신건강의학과,D01,1,1,1,43570,41470
2019,정신건강의학과,D04,1,1,1,32060,30460
2019,정신건강의학과,D05,1,9,9,103340,98740
2019,정신건강의학과,D06,1,1,1,222180,211080
2019,정신건강의학과,D07,1,14,14,412730,393230
2019,정신건강의학과,D09,2,8,8,367990,350090
2019,정신건강의학과,D10,1,4,4,311660,251760
2019,정신건강의학과,D16,1,1,1,29650,23550
2019,정신건강의학과,D17,2,2,2,59260,47160
2019,정신건강의학과,D18,1,1,1,17890,17090
2019,정신건강의학과,D21,37,52,52,4922710,3457510
2019,정신건강의학과,D23,35,76,76,5347160,3818060
2019,정신건강의학과,D25,2,4,4,60340,54140
2019,정신건강의학과,D29,2,3,3,36090,27190
2019,정신건강의학과,D31,2,2,2,160200,125200
2019,정신건강의학과,D32,11,30,30,2334610,2178110
2019,정신건강의학과,D33,4,11,11,643390,595890
2019,정신건강의학과,D35,2,2,2,343080,308880
2019,정신건강의학과,D36,1,5,5,285010,199610
2019,정신건강의학과,D37,1,2,2,63200,60200
2019,정신건강의학과,D38,1,17,17,518250,492750
2019,정신건강의학과,D41,3,3,3,69660,53860
2019,정신건강의학과,D42,1,2,2,30170,29470
2019,정신건강의학과,D43,2,11,11,304890,289890
2019,정신건강의학과,D46,2,20,20,991760,943060
2019,정신건강의학과,D47,1,7,7,193340,184140
2019,정신건강의학과,D48,2,4,4,304570,286270
2019,정신건강의학과,D50,117,202,202,3799420,2741120
2019,정신건강의학과,D51,2,14,14,527150,369850
2019,정신건강의학과,D61,1,25,25,629250,566750
2019,정신건강의학과,D64,7,12,12,182830,131530
2019,정신건강의학과,D68,1,2,2,165470,148970
2019,정신건강의학과,D69,3,9,9,379070,331470
2019,정신건강의학과,D72,1,1,1,11210,7910
2019,정신건강의학과,E03,42,167,167,4449580,3404980
2019,정신건강의학과,E04,2,15,15,247460,182560
2019,정신건강의학과,E05,16,51,51,1527790,1130840
2019,정신건강의학과,E07,8,19,19,391890,275590
2019,정신건강의학과,E10,16,46,46,1139430,871830
2019,정신건강의학과,E11,136,875,1109,37547540,27707000
2019,정신건강의학과,E13,30,128,128,1748230,1378830
2019,정신건강의학과,E14,60,372,372,12798480,9462180
2019,정신건강의학과,E22,2,6,6,444460,397560
2019,정신건강의학과,E23,2,15,15,220050,167250
2019,정신건강의학과,E26,1,2,2,148020,133320
2019,정신건강의학과,E35,17,18,18,682460,478760
2019,정신건강의학과,E41,1,1,1,32670,25670
2019,정신건강의학과,E50,25,53,53,495990,362790
2019,정신건강의학과,E51,20,101,101,7361260,5723860
2019,정신건강의학과,E53,43,105,105,6406090,5029790
2019,정신건강의학과,E55,15,37,37,1162970,969970
2019,정신건강의학과,E56,1,1,1,71030,58930
2019,정신건강의학과,E58,1,1,1,14970,10570
2019,정신건강의학과,E63,5,41,41,171630,126130
2019,정신건강의학과,E66,90,241,241,11114210,9126210
2019,정신건강의학과,E71,1,17,17,1853670,1669570
2019,정신건강의학과,E74,1,2,2,30170,25470
2019,정신건강의학과,E78,219,794,794,16659490,12581780
2019,정신건강의학과,E86,12,21,21,290490,248190
2019,정신건강의학과,F00,38168,268970,285968,18508248390,14227423870
2019,정신건강의학과,F01,1491,8176,8657,419483330,319204150
2019,정신건강의학과,F02,162,690,846,57615910,43969220
2019,정신건강의학과,F03,1214,5982,6903,386188870,296949290
2019,정신건강의학과,F04,55,251,251,11687550,9053550
2019,정신건강의학과,F05,353,1197,1211,55887900,43332370
2019,정신건강의학과,F06,10358,48831,52462,2928612630,2251134640
2019,정신건강의학과,F07,466,3452,4928,269247900,209064850
2019,정신건강의학과,F09,110,606,606,27850930,21789630
2019,정신건강의학과,F10,13332,74751,105665,6513119700,5075881080
2019,정신건강의학과,F11,19,71,71,4868600,3819700
2019,정신건강의학과,F12,5,22,22,1628340,1255640
2019,정신건강의학과,F13,49,394,394,20066790,15892290
2019,정신건강의학과,F14,4,21,21,793760,629860
2019,정신건강의학과,F15,40,116,116,6128410,4780010
2019,정신건강의학과,F16,28,206,206,9145900,7185200
2019,정신건강의학과,F17,64,213,213,8498010,6703110
2019,정신건강의학과,F18,13,131,147,8884650,6980990
2019,정신건강의학과,F19,87,458,518,30718420,23862940
2019,정신건강의학과,F20,33476,446830,607062,36381883750,30472857130
2019,정신건강의학과,F21,680,6939,7553,383672130,309960710
2019,정신건강의학과,F22,3355,30380,33934,1733471770,1393567850
2019,정신건강의학과,F23,2043,17672,20159,1107472830,890792800
2019,정신건강의학과,F24,10,123,123,8709110,6922110
2019,정신건강의학과,F25,4341,56642,71958,4143280280,3447895790
2019,정신건강의학과,F28,746,6980,8270,455310530,370328140
2019,정신건강의학과,F29,5396,52301,63490,3569074670,2890913610
2019,정신건강의학과,F30,865,7021,8075,434323140,341205000
2019,정신건강의학과,F31,45208,472179,491179,26734610290,21008920720
2019,정신건강의학과,F32,451308,3719258,3740873,194691712190,154203563900
2019,정신건강의학과,F33,51345,470020,477893,22753450340,17871809860
2019,정신건강의학과,F34,34460,272756,273964,11540594300,9176479610
2019,정신건강의학과,F38,5040,35956,36307,1509218710,1191307350
2019,정신건강의학과,F39,3335,23093,23588,1110236590,881280910
2019,정신건강의학과,F40,26215,155313,155566,7666939920,6091325000
2019,정신건강의학과,F41,324116,2386325,2390782,113628021290,89982481990
2019,정신건강의학과,F42,20974,191595,192091,10251685880,8112217680
2019,정신건강의학과,F43,85004,388753,389635,21810462430,17447479950
2019,정신건강의학과,F44,681,4561,4561,238036810,191611110
2019,정신건강의학과,F45,35390,225649,226617,9323168080,7392580100
2019,정신건강의학과,F48,8053,45554,45879,1864244320,1486485690
2019,정신건강의학과,F50,1886,12874,13963,918176400,730587120
2019,정신건강의학과,F51,118376,777024,777562,32139411390,25528663850
2019,정신건강의학과,F52,86,224,224,10995900,8659000
2019,정신건강의학과,F53,76,454,454,27948820,22122320
2019,정신건강의학과,F54,48,182,182,7520350,6003250
2019,정신건강의학과,F59,45,204,204,12221400,9904200
2019,정신건강의학과,F60,1434,10510,10700,606301490,490112200
2019,정신건강의학과,F61,12,71,71,4446250,3467050
2019,정신건강의학과,F62,15,134,134,5665000,4467100
2019,정신건강의학과,F63,2593,14228,15271,947409340,749150600
2019,정신건강의학과,F64,660,2190,2190,130486230,102216530
2019,정신건강의학과,F65,208,1331,1331,74327340,59628240
2019,정신건강의학과,F66,21,104,104,5924180,4827880
2019,정신건강의학과,F68,152,564,564,37610860,30619560
2019,정신건강의학과,F69,22,90,90,5920330,4821230
2019,정신건강의학과,F70,4671,26386,29034,1541953110,1213629780
2019,정신건강의학과,F71,1966,13215,14900,758317560,591381150
2019,정신건강의학과,F72,911,7472,9312,467461110,362147120
2019,정신건강의학과,F73,213,1550,1894,106143110,85011560
2019,정신건강의학과,F78,348,1987,2164,131045690,104644750
2019,정신건강의학과,F79,882,4256,4830,284743680,220386990
2019,정신건강의학과,F80,3306,10306,10551,578348660,472603080
2019,정신건강의학과,F81,735,4017,4017,234699510,186867580
2019,정신건강의학과,F82,34,127,127,7762670,6139870
2019,정신건강의학과,F83,44,334,334,19867970,15271270
2019,정신건강의학과,F84,8578,77904,78454,4231342620,3333657350
2019,정신건강의학과,F88,48,301,2148,124518830,97522850
2019,정신건강의학과,F89,141,720,720,39804540,31734040
2019,정신건강의학과,F90,51051,481160,485392,28062575200,21994006100
2019,정신건강의학과,F91,1163,7345,8873,539750390,432845190
2019,정신건강의학과,F92,1295,9513,9863,548392900,439749030
2019,정신건강의학과,F93,5263,26218,26213,1654007410,1309543560
2019,정신건강의학과,F94,472,2945,3010,177375650,140907420
2019,정신건강의학과,F95,9703,77384,77843,4171915100,3259177130
2019,정신건강의학과,F98,1862,7491,7573,596189230,468161600
2019,정신건강의학과,F99,997,1852,1855,116327880,90171720
2019,정신건강의학과,G04,1,2,2,143700,118900
2019,정신건강의학과,G05,3,3,3,55760,40960
2019,정신건강의학과,G11,8,50,50,2590990,2230090
2019,정신건강의학과,G12,6,37,37,3689720,3315620
2019,정신건강의학과,G20,515,3291,3337,249604000,220328840
2019,정신건강의학과,G21,343,1939,3117,185163460,150698130
2019,정신건강의학과,G22,5,17,17,364180,307580
2019,정신건강의학과,G23,2,4,4,119660,97860
2019,정신건강의학과,G24,27,59,59,1474000,1168000
2019,정신건강의학과,G25,1022,4882,4882,233108920,180535420
2019,정신건강의학과,G26,7,7,7,353780,279780
2019,정신건강의학과,G30,127,811,947,49191820,37676420
2019,정신건강의학과,G31,915,3557,3557,134990200,104832400
2019,정신건강의학과,G32,6,14,14,394270,321270
2019,정신건강의학과,G35,2,9,9,478570,431070
2019,정신건강의학과,G40,4679,44124,44342,1945142510,1502657050
2019,정신건강의학과,G41,83,805,805,47784060,39469360
2019,정신건강의학과,G43,2211,7504,7504,292280810,229189010
2019,정신건강의학과,G44,2144,5835,5835,220600630,169537070
2019,정신건강의학과,G45,31,62,62,1954070,1549370
2019,정신건강의학과,G46,5,15,15,632820,482020
2019,정신건강의학과,G47,3449,16278,16331,867745130,690056990
2019,정신건강의학과,G50,138,340,340,8494690,6747380
2019,정신건강의학과,G51,92,300,300,6903270,5587870
2019,정신건강의학과,G52,2,6,6,88450,69550
2019,정신건강의학과,G53,47,171,171,4392740,3596640
2019,정신건강의학과,G54,6,32,32,772480,575680
2019,정신건강의학과,G56,57,196,196,5544070,4139670
2019,정신건강의학과,G57,61,235,235,19278810,13897810
2019,정신건강의학과,G58,24,56,56,2356650,1745350
2019,정신건강의학과,G59,14,87,87,1230650,1091750
2019,정신건강의학과,G61,1,1,1,15690,14190
2019,정신건강의학과,G62,8,66,66,1781170,1430570
2019,정신건강의학과,G63,16,115,115,1568710,1356810
2019,정신건강의학과,G64,45,81,81,1671160,1382860
2019,정신건강의학과,G70,2,11,11,301550,242450
2019,정신건강의학과,G71,3,24,24,2001880,1802680
2019,정신건강의학과,G73,1,2,2,30170,28670
2019,정신건강의학과,G80,25,623,623,39956600,30215400
2019,정신건강의학과,G81,1,1,1,46410,35310
2019,정신건강의학과,G82,2,30,30,2190440,1615340
2019,정신건강의학과,G83,2,2,2,86450,72550
2019,정신건강의학과,G90,77,1666,1666,64583090,53563390
2019,정신건강의학과,G91,4,5,5,139600,120900
2019,정신건강의학과,G93,89,122,122,22662930,16650430
2019,정신건강의학과,G96,6,173,173,6002040,5023140
2019,정신건강의학과,G98,1,1,1,11210,9710
2019,정신건강의학과,G99,3,35,35,1376260,1155160
2019,정신건강의학과,H00,15,21,21,230800,162100
2019,정신건강의학과,H01,15,25,25,236420,172020
2019,정신건강의학과,H02,3,4,4,65440,53440
2019,정신건강의학과,H03,1,1,1,17630,12430
2019,정신건강의학과,H04,73,154,154,1593420,1166020
2019,정신건강의학과,H10,43,74,74,666590,485390
2019,정신건강의학과,H11,22,42,42,1171790,969690
2019,정신건강의학과,H16,17,45,45,526660,425660
2019,정신건강의학과,H18,1,6,6,0,0
2019,정신건강의학과,H19,1,1,1,19580,13780
2019,정신건강의학과,H25,5,9,9,65440,53440
2019,정신건강의학과,H26,3,5,5,30170,25470
2019,정신건강의학과,H35,5,15,15,572150,488950
2019,정신건강의학과,H36,2,5,5,21300,18300
2019,정신건강의학과,H40,11,29,29,228000,167600
2019,정신건강의학과,H44,1,2,2,30170,25470
2019,정신건강의학과,H50,1,2,2,30170,25470
2019,정신건강의학과,H54,1,2,2,30170,25470
2019,정신건강의학과,H55,2,3,3,145840,116240
2019,정신건강의학과,H60,5,14,14,78890,55490
2019,정신건강의학과,H65,5,8,8,45510,32010
2019,정신건강의학과,H66,3,5,5,73750,64950
2019,정신건강의학과,H67,1,4,4,0,0
2019,정신건강의학과,H68,1,3,3,33050,23350
2019,정신건강의학과,H81,499,1485,1485,44334730,35286430
2019,정신건강의학과,H82,2,2,2,112350,89950
2019,정신건강의학과,H90,1,2,2,30170,28670
2019,정신건강의학과,H91,1,1,1,124300,104600
2019,정신건강의학과,H92,1,2,2,25690,22390
2019,정신건강의학과,H93,220,910,910,41926760,33162960
2019,정신건강의학과,I00,1,6,6,67260,58260
2019,정신건강의학과,I10,1862,11901,12254,234803820,183363930
2019,정신건강의학과,I11,11,61,61,827260,617960
2019,정신건강의학과,I12,3,25,25,299740,257840
2019,정신건강의학과,I13,12,111,111,1498110,1208610
2019,정신건강의학과,I15,14,93,93,990000,844700
2019,정신건강의학과,I20,23,74,74,1713850,1357350
2019,정신건강의학과,I21,4,25,25,362350,314550
2019,정신건강의학과,I23,1,2,2,0,0
2019,정신건강의학과,I24,2,19,19,12750,9350
2019,정신건강의학과,I25,10,45,45,1253470,1006270
2019,정신건강의학과,I27,1,1,1,60340,54340
2019,정신건강의학과,I42,3,24,24,1238620,1116220
2019,정신건강의학과,I47,20,61,61,4266720,3580720
2019,정신건강의학과,I48,4,10,6,369410,277030
2019,정신건강의학과,I49,49,80,80,1647650,1262150
2019,정신건강의학과,I50,5,26,26,600690,432690
2019,정신건강의학과,I60,3,10,10,1117530,791530
2019,정신건강의학과,I61,7,39,39,1098210,854910
2019,정신건강의학과,I62,1,1,1,11210,9710
2019,정신건강의학과,I63,255,1418,1559,41603720,32731430
2019,정신건강의학과,I64,141,1242,1242,17895960,15270760
2019,정신건강의학과,I65,8,61,61,889970,738370
2019,정신건강의학과,I66,3,16,16,271790,227390
2019,정신건강의학과,I67,63,232,232,8085650,6337150
2019,정신건강의학과,I68,3,11,11,180780,135980
2019,정신건강의학과,I69,35,126,125,5272390,3972830
2019,정신건강의학과,I70,7,53,53,3927780,3004980
2019,정신건강의학과,I72,1,1,1,11210,9710
2019,정신건강의학과,I73,303,909,909,17993670,14472370
2019,정신건강의학과,I74,2,5,5,17970,16270
2019,정신건강의학과,I78,3,6,6,262260,235860
2019,정신건강의학과,I80,6,28,28,285660,246060
2019,정신건강의학과,I83,12,31,31,358680,260380
2019,정신건강의학과,I86,6,10,10,141620,124520
2019,정신건강의학과,I87,21,30,30,458510,394510
2019,정신건강의학과,I88,1,1,1,15690,15690
2019,정신건강의학과,I89,1,1,1,17630,12430
2019,정신건강의학과,I95,8,13,13,397440,324340
2019,정신건강의학과,I99,3,27,27,1568510,1177110
2019,정신건강의학과,J00,1291,2190,2220,37321850,28197550
2019,정신건강의학과,J01,25,69,69,616160,460760
2019,정신건강의학과,J02,134,291,291,4008150,2981950
2019,정신건강의학과,J03,380,651,651,9426770,7122770
2019,정신건강의학과,J04,848,1356,1356,20476550,15197050
2019,정신건강의학과,J06,354,630,630,10071830,7716880
2019,정신건강의학과,J10,5,5,5,46390,32690
2019,정신건강의학과,J11,5,5,5,77860,56460
2019,정신건강의학과,J13,1,1,1,29650,23550
2019,정신건강의학과,J14,1,1,1,22760,15960
2019,정신건강의학과,J15,2,2,2,14250,10050
2019,정신건강의학과,J16,1,6,6,69710,49210
2019,정신건강의학과,J18,6,8,8,113350,88250
2019,정신건강의학과,J20,330,652,712,14898320,11232530
2019,정신건강의학과,J21,26,97,97,1159340,954640
2019,정신건강의학과,J22,30,51,51,722600,595000
2019,정신건강의학과,J30,297,698,727,8547080,6355750
2019,정신건강의학과,J31,14,27,27,369350,278350
2019,정신건강의학과,J32,17,34,34,338340,250840
2019,정신건강의학과,J35,3,5,5,30790,21690
2019,정신건강의학과,J36,8,11,11,138230,102230
2019,정신건강의학과,J37,3,8,8,71870,59670
2019,정신건강의학과,J39,8,22,22,219570,164670
2019,정신건강의학과,J40,479,838,838,12006240,9567640
2019,정신건강의학과,J41,4,4,4,84970,65570
2019,정신건강의학과,J42,9,39,39,285190,237090
2019,정신건강의학과,J44,4,46,46,1717640,1296940
2019,정신건강의학과,J45,79,218,218,2459170,1898170
2019,정신건강의학과,J46,12,60,60,2055560,1451160
2019,정신건강의학과,J47,1,1,1,0,0
2019,정신건강의학과,J84,1,3,3,0,0
2019,정신건강의학과,J93,1,1,1,25170,20470
2019,정신건강의학과,J96,1,1,1,15690,14190
2019,정신건강의학과,J98,3,3,3,30170,28670
2019,정신건강의학과,K04,1,2,2,0,0
2019,정신건강의학과,K05,2,7,7,15690,14190
2019,정신건강의학과,K06,1,2,2,30170,28670
2019,정신건강의학과,K07,2,2,2,26900,18900
2019,정신건강의학과,K08,5,7,7,99410,75110
2019,정신건강의학과,K11,1,1,1,10630,9130
2019,정신건강의학과,K12,12,19,19,212610,161210
2019,정신건강의학과,K13,1,1,1,15690,10990
2019,정신건강의학과,K14,1,2,2,30170,28670
2019,정신건강의학과,K20,4,9,9,476000,381900
2019,정신건강의학과,K21,221,511,511,20898690,16256410
2019,정신건강의학과,K25,65,126,126,2997920,2373120
2019,정신건강의학과,K26,2,21,21,446860,346660
2019,정신건강의학과,K27,22,120,120,4911390,3889790
2019,정신건강의학과,K29,1087,2882,3019,121456760,95626510
2019,정신건강의학과,K30,842,3380,3380,201012470,160936790
2019,정신건강의학과,K31,6,25,25,775460,605760
2019,정신건강의학과,K40,2,4,4,60340,54140
2019,정신건강의학과,K41,4,25,25,907280,711380
2019,정신건강의학과,K50,3,20,20,1694630,1526030
2019,정신건강의학과,K51,5,31,31,1019310,902810
2019,정신건강의학과,K52,7,10,10,13670,9570
2019,정신건강의학과,K57,1,2,2,0,0
2019,정신건강의학과,K58,306,506,506,9324660,7349560
2019,정신건강의학과,K59,293,1081,1111,44181820,34892860
2019,정신건강의학과,K61,1,1,1,11210,7910
2019,정신건강의학과,K62,1,2,2,30170,28670
2019,정신건강의학과,K63,1,1,1,13660,12160
2019,정신건강의학과,K64,6,8,8,95620,74620
2019,정신건강의학과,K70,14,19,19,1100950,836850
2019,정신건강의학과,K73,260,376,376,5247500,3720700
2019,정신건강의학과,K74,5,11,11,417300,336200
2019,정신건강의학과,K75,16,58,58,3082420,2282120
2019,정신건강의학과,K76,24,61,61,2219290,1662590
2019,정신건강의학과,K80,3,7,7,79490,60190
2019,정신건강의학과,K81,1,2,2,30170,25470
2019,정신건강의학과,K82,1,1,1,15690,10990
2019,정신건강의학과,K85,1,7,7,45100,31700
2019,정신건강의학과,K86,1,1,1,14060,12560
2019,정신건강의학과,K90,1,1,1,15690,10990
2019,정신건강의학과,K92,11,15,15,676300,538300
2019,정신건강의학과,L01,4,6,6,58710,46310
2019,정신건강의학과,L02,20,46,46,404130,304230
2019,정신건강의학과,L03,38,68,67,867320,636910
2019,정신건강의학과,L08,11,18,18,141750,111250
2019,정신건강의학과,L13,8,9,9,146650,108850
2019,정신건강의학과,L20,51,117,117,2297940,1748740
2019,정신건강의학과,L21,56,95,93,1450300,1112420
2019,정신건강의학과,L23,283,465,465,6960460,5210560
2019,정신건강의학과,L24,13,29,29,747870,607270
2019,정신건강의학과,L25,32,41,41,586580,475780
2019,정신건강의학과,L27,4,8,8,123290,104290
2019,정신건강의학과,L28,19,32,32,375470,322670
2019,정신건강의학과,L29,89,129,129,2332140,1898940
2019,정신건강의학과,L30,62,104,104,1334500,981900
2019,정신건강의학과,L40,10,30,30,365790,292190
2019,정신건강의학과,L50,191,361,361,5018890,3721090
2019,정신건강의학과,L60,3,4,4,116590,86090
2019,정신건강의학과,L63,10,26,26,795290,570190
2019,정신건강의학과,L64,7,18,18,173910,122110
2019,정신건강의학과,L65,4,6,6,110180,82080
2019,정신건강의학과,L66,1,1,1,24200,17000
2019,정신건강의학과,L70,62,112,112,2792920,2099520
2019,정신건강의학과,L71,1,1,1,19580,13780
2019,정신건강의학과,L72,1,1,1,15690,10990
2019,정신건강의학과,L73,7,13,13,217790,170790
2019,정신건강의학과,L74,1,3,3,38110,33610
2019,정신건강의학과,L80,1,1,1,15690,10990
2019,정신건강의학과,L81,2,2,2,0,0
2019,정신건강의학과,L82,1,1,1,15690,14190
2019,정신건강의학과,L84,35,41,41,2624990,1842790
2019,정신건강의학과,L85,18,30,30,550020,430220
2019,정신건강의학과,L89,1,91,91,7139150,5002150
2019,정신건강의학과,M00,2,2,2,26900,20700
2019,정신건강의학과,M02,6,10,10,257870,210970
2019,정신건강의학과,M03,1,2,2,30170,28670
2019,정신건강의학과,M05,5,16,16,1140930,1029530
2019,정신건강의학과,M06,13,36,36,801050,618050
2019,정신건강의학과,M07,1,1,1,15690,10990
2019,정신건강의학과,M08,2,6,6,89120,66920
2019,정신건강의학과,M10,39,96,96,1299060,974460
2019,정신건강의학과,M12,3,7,7,155980,116980
2019,정신건강의학과,M13,289,1301,1301,20723800,17568800
2019,정신건강의학과,M15,94,252,252,3389460,2834860
2019,정신건강의학과,M16,7,47,47,2203490,1545690
2019,정신건강의학과,M17,689,2981,2981,58315130,46605450
2019,정신건강의학과,M19,815,5341,5341,109035870,90364370
2019,정신건강의학과,M20,1,1,1,15690,10990
2019,정신건강의학과,M21,2,4,4,61250,53150
2019,정신건강의학과,M22,1,1,1,15690,14190
2019,정신건강의학과,M23,1,2,2,31750,22250
2019,정신건강의학과,M24,9,26,26,368990,276890
2019,정신건강의학과,M25,125,336,336,4826060,3851660
2019,정신건강의학과,M32,2,24,24,955870,861770
2019,정신건강의학과,M34,1,3,3,95650,82050
2019,정신건강의학과,M35,13,150,150,7516010,6632010
2019,정신건강의학과,M41,1,3,3,33630,29130
2019,정신건강의학과,M43,2,8,8,98640,87140
2019,정신건강의학과,M45,10,40,40,1712870,1532870
2019,정신건강의학과,M46,1,1,1,0,0
2019,정신건강의학과,M47,450,2328,2328,37322340,30536840
2019,정신건강의학과,M48,300,1342,1342,35698010,27801410
2019,정신건강의학과,M49,1,1,1,0,0
2019,정신건강의학과,M50,43,153,153,2013890,1625590
2019,정신건강의학과,M51,245,1641,1641,20744420,16774320
2019,정신건강의학과,M53,13,16,16,808560,610760
2019,정신건강의학과,M54,1991,7915,7915,168787090,135095890
2019,정신건강의학과,M60,2,3,3,35270,24770
2019,정신건강의학과,M62,630,1649,1649,33918920,26140820
2019,정신건강의학과,M65,6,7,7,257010,183310
2019,정신건강의학과,M67,1,1,1,15690,14190
2019,정신건강의학과,M70,2,2,2,15690,14190
2019,정신건강의학과,M71,2,4,4,95790,67290
2019,정신건강의학과,M72,18,22,22,372790,291890
2019,정신건강의학과,M75,612,1861,1861,46594900,35429600
2019,정신건강의학과,M77,24,58,58,1645940,1179540
2019,정신건강의학과,M79,337,1014,1014,24709870,19444070
2019,정신건강의학과,M80,1,9,9,100890,87390
2019,정신건강의학과,M81,61,241,241,4945240,4022340
2019,정신건강의학과,M87,1,1,1,13670,9570
2019,정신건강의학과,M89,9,63,63,2286800,1929800
2019,정신건강의학과,M91,1,6,6,69710,49210
2019,정신건강의학과,M99,2,4,4,30170,28670
2019,정신건강의학과,N00,4,6,6,356660,291360
2019,정신건강의학과,N01,1,17,17,511620,406820
2019,정신건강의학과,N03,3,3,3,229970,182270
2019,정신건강의학과,N10,1,2,2,33510,23510
2019,정신건강의학과,N12,1,1,1,13670,9570
2019,정신건강의학과,N18,46,417,398,30557260,27415870
2019,정신건강의학과,N19,1,2,2,30170,25470
2019,정신건강의학과,N20,1,2,2,30170,25470
2019,정신건강의학과,N21,1,1,1,11210,7910
2019,정신건강의학과,N25,1,3,3,473880,473880
2019,정신건강의학과,N30,66,116,116,2779060,2048860
2019,정신건강의학과,N31,32,288,288,16844570,11958470
2019,정신건강의학과,N32,4,17,17,195180,168180
2019,정신건강의학과,N34,18,22,22,336750,258750
2019,정신건강의학과,N39,23,60,60,1341220,1080220
2019,정신건강의학과,N40,141,452,451,6868950,5498520
2019,정신건강의학과,N41,4,16,16,91470,70640
2019,정신건강의학과,N42,3,4,4,65440,53440
2019,정신건강의학과,N48,8,15,15,552020,429520
2019,정신건강의학과,N50,2,2,2,28100,23200
2019,정신건강의학과,N51,1,2,2,30170,28670
2019,정신건강의학과,N61,1,1,1,19580,13780
2019,정신건강의학과,N64,1,2,2,30170,25470
2019,정신건강의학과,N71,1,2,2,30170,25470
2019,정신건강의학과,N76,4,7,7,87430,63330
2019,정신건강의학과,N77,1,1,1,0,0
2019,정신건강의학과,N80,3,3,3,54530,41030
2019,정신건강의학과,N84,1,2,2,30170,25470
2019,정신건강의학과,N91,1,1,1,15690,10990
2019,정신건강의학과,N92,1,1,1,15690,10990
2019,정신건강의학과,N93,1,1,1,0,0
2019,정신건강의학과,N94,170,428,428,18275630,14397930
2019,정신건강의학과,N95,61,303,303,7882680,6259680
2019,정신건강의학과,N97,2,3,3,0,0
2019,정신건강의학과,O10,1,1,1,15690,10990
2019,정신건강의학과,O92,1,5,5,608890,464990
2019,정신건강의학과,P01,1,2,2,30170,25470
2019,정신건강의학과,P91,1,1,1,187360,151960
2019,정신건강의학과,Q05,1,23,23,706860,637260
2019,정신건강의학과,Q13,1,1,1,25750,22350
2019,정신건강의학과,Q67,1,20,20,533700,481200
2019,정신건강의학과,Q85,3,32,32,1394020,1248720
2019,정신건강의학과,Q87,13,95,95,9401040,8782640
2019,정신건강의학과,Q90,27,90,90,4964700,4233900
2019,정신건강의학과,Q93,3,21,21,769450,630450
2019,정신건강의학과,Q96,5,39,39,1406350,1266350
2019,정신건강의학과,Q98,1,7,7,265650,239250
2019,정신건강의학과,Q99,1,2,2,127020,114420
2019,정신건강의학과,R00,352,1016,1016,68143340,53166140
2019,정신건강의학과,R04,1,2,2,30170,25470
2019,정신건강의학과,R05,14,41,41,823550,655550
2019,정신건강의학과,R06,11,26,26,1373410,1089100
2019,정신건강의학과,R07,10,13,13,261590,206890
2019,정신건강의학과,R09,2,3,3,30610,29010
2019,정신건강의학과,R10,34,100,100,3151190,2491690
2019,정신건강의학과,R11,145,776,776,38448670,30389170
2019,정신건강의학과,R12,29,155,155,7477430,5825230
2019,정신건강의학과,R13,2,24,24,687050,552150
2019,정신건강의학과,R14,2,2,2,95200,69500
2019,정신건강의학과,R15,1,1,1,51210,42510
2019,정신건강의학과,R17,1,2,2,30170,25470
2019,정신건강의학과,R19,3,4,4,75510,60010
2019,정신건강의학과,R20,23,34,34,534760,467660
2019,정신건강의학과,R21,2,3,3,38110,26810
2019,정신건강의학과,R22,2,3,3,45860,39660
2019,정신건강의학과,R23,2,3,3,45860,39660
2019,정신건강의학과,R25,199,552,552,37303490,29187090
2019,정신건강의학과,R26,2,3,3,77560,58660
2019,정신건강의학과,R29,5,5,5,96300,79900
2019,정신건강의학과,R30,5,31,31,2013370,1430870
2019,정신건강의학과,R31,2,4,4,60340,57340
2019,정신건강의학과,R32,6,29,29,816190,679590
2019,정신건강의학과,R35,8,24,24,1129640,908940
2019,정신건강의학과,R39,4,9,9,128620,113220
2019,정신건강의학과,R40,22,51,51,2509010,2027410
2019,정신건강의학과,R41,276,902,977,50844980,40099130
2019,정신건강의학과,R42,713,2119,2119,68058790,54877190
2019,정신건강의학과,R43,1,11,11,125760,109260
2019,정신건강의학과,R44,11,49,49,1929390,1530490
2019,정신건강의학과,R45,274,341,345,39997350,29249480
2019,정신건강의학과,R46,204,384,384,31286840,24386140
2019,정신건강의학과,R47,582,2983,2983,91199260,75586580
2019,정신건강의학과,R50,3,5,5,85230,65630
2019,정신건강의학과,R51,391,659,659,27322080,21493380
2019,정신건강의학과,R52,33,64,64,2737320,2382820
2019,정신건강의학과,R53,20,31,31,1398250,1031750
2019,정신건강의학과,R54,1,8,8,356720,250020
2019,정신건강의학과,R55,16,20,20,737310,614110
2019,정신건강의학과,R56,35,123,123,4572460,3662660
2019,정신건강의학과,R59,1,1,1,16600,13200
2019,정신건강의학과,R60,34,73,73,1701820,1310220
2019,정신건강의학과,R61,4,5,5,81130,64430
2019,정신건강의학과,R62,858,3277,3287,131240120,110071240
2019,정신건강의학과,R63,36,108,108,3890590,3114980
2019,정신건강의학과,R73,11,17,17,271920,232920
2019,정신건강의학과,R76,4,4,4,253000,177400
2019,정신건강의학과,R80,1,2,2,32540,22940
2019,정신건강의학과,R94,1,1,1,41980,29480
2019,정신건강의학과,S00,3,5,5,101280,73780
2019,정신건강의학과,S01,2,2,2,39140,30040
2019,정신건강의학과,S02,1,2,2,30170,25470
2019,정신건강의학과,S04,5,33,33,3009110,2074250
2019,정신건강의학과,S05,2,4,4,55040,50540
2019,정신건강의학과,S06,17,115,115,7412920,5265320
2019,정신건강의학과,S09,1,1,1,15690,10990
2019,정신건강의학과,S13,102,398,398,5821000,4411600
2019,정신건강의학과,S20,2,3,3,84910,63010
2019,정신건강의학과,S22,4,63,358,24003370,16455770
2019,정신건강의학과,S23,4,4,4,91630,66130
2019,정신건강의학과,S30,21,46,46,1553750,1322350
2019,정신건강의학과,S32,1,1,1,277730,194430
2019,정신건강의학과,S33,158,685,685,12882750,9634050
2019,정신건강의학과,S40,4,9,9,257850,181050
2019,정신건강의학과,S43,5,9,9,138350,97350
2019,정신건강의학과,S44,5,25,25,1030960,722660
2019,정신건강의학과,S46,1,1,1,22300,17900
2019,정신건강의학과,S52,1,2,2,30170,25470
2019,정신건강의학과,S53,6,8,8,114630,80530
2019,정신건강의학과,S54,1,1,1,29650,23550
2019,정신건강의학과,S56,1,1,1,11210,7910
2019,정신건강의학과,S60,2,2,2,35210,27910
2019,정신건강의학과,S61,3,3,3,34570,26870
2019,정신건강의학과,S63,4,21,21,635340,445540
2019,정신건강의학과,S70,7,15,15,339820,261020
2019,정신건강의학과,S80,9,20,20,310180,263980
2019,정신건강의학과,S83,3,10,10,351600,255100
2019,정신건강의학과,S84,1,5,5,130530,91630
2019,정신건강의학과,S93,23,71,71,937750,718350
2019,정신건강의학과,S99,2,2,2,35270,24770
2019,정신건강의학과,T00,1,2,2,30170,25470
2019,정신건강의학과,T01,1,1,1,15690,10990
2019,정신건강의학과,T09,1,6,6,151020,122820
2019,정신건강의학과,T14,3,5,5,309000,245600
2019,정신건강의학과,T16,2,2,2,67250,47150
2019,정신건강의학과,T21,2,3,3,46530,38630
2019,정신건강의학과,T22,2,2,2,58790,41290
2019,정신건강의학과,T23,1,1,1,8180,5780
2019,정신건강의학과,T25,1,2,2,30170,28670
2019,정신건강의학과,T30,2,2,2,16820,12020
2019,정신건강의학과,T40,1,5,5,321130,256530
2019,정신건강의학과,T43,1,1,1,39090,32990
2019,정신건강의학과,T44,1,6,6,236990,199690
2019,정신건강의학과,T46,1,1,1,165770,133270
2019,정신건강의학과,T51,1,6,6,487910,361310
2019,정신건강의학과,T63,1,1,1,16600,15600
2019,정신건강의학과,T65,4,8,8,412180,320780
2019,정신건강의학과,T73,4,15,15,232350,166350
2019,정신건강의학과,T74,5,10,10,583930,482330
2019,정신건강의학과,T78,4,5,4,33530,25460
2019,정신건강의학과,T81,1,1,1,54020,37820
2019,정신건강의학과,T82,1,1,1,25170,20470
2019,정신건강의학과,T93,1,1,1,15690,10990
2019,정신건강의학과,Z00,5776,8711,8751,871121410,679393370
2019,정신건강의학과,Z01,1,8,8,284610,224810
2019,정신건강의학과,Z02,178,202,202,1351670,1044470
2019,정신건강의학과,Z03,2008,2991,2991,212586170,168253870
2019,정신건강의학과,Z04,614,1240,1240,89813160,73954260
2019,정신건강의학과,Z10,3,3,3,0,0
2019,정신건강의학과,Z13,126,274,274,23622810,17435440
2019,정신건강의학과,Z20,1,1,1,33540,26340
2019,정신건강의학과,Z25,3,5,5,80540,64840
2019,정신건강의학과,Z26,2,2,2,43570,36170
2019,정신건강의학과,Z29,10,10,10,160790,135090
2019,정신건강의학과,Z34,1,1,1,43570,36170
2019,정신건강의학과,Z41,90,106,106,4043660,3240260
2019,정신건강의학과,Z50,125,219,219,12498410,9713070
2019,정신건강의학과,Z51,16,41,41,2413100,1974700
2019,정신건강의학과,Z54,1,1,1,11210,7910
2019,정신건강의학과,Z55,16,79,79,4622200,3618430
2019,정신건강의학과,Z56,76,143,143,8540540,7118540
2019,정신건강의학과,Z57,2,2,2,160960,138760
2019,정신건강의학과,Z58,1,1,1,101600,88400
2019,정신건강의학과,Z60,251,1117,1117,73943030,61826930
2019,정신건강의학과,Z61,16,260,260,18681010,15970150
2019,정신건강의학과,Z62,948,2683,2683,170008490,139102590
2019,정신건강의학과,Z63,1079,4172,4172,227532600,191901100
2019,정신건강의학과,Z64,2,3,3,242290,209790
2019,정신건강의학과,Z65,554,1311,1311,81078360,63440100
2019,정신건강의학과,Z70,19,37,37,2008960,1619160
2019,정신건강의학과,Z71,48239,91112,91620,5975945040,4899144540
2019,정신건강의학과,Z72,33,60,60,4183170,3272380
2019,정신건강의학과,Z73,304,489,489,26222450,21871850
2019,정신건강의학과,Z74,7,7,7,502270,411870
2019,정신건강의학과,Z75,3,3,3,198480,167480
2019,정신건강의학과,Z76,18,38,38,1486380,1189480
2019,정신건강의학과,Z81,21,86,86,4478990,3799190
2019,정신건강의학과,Z84,1,1,1,101600,88400
2019,정신건강의학과,Z86,9,40,40,1777860,1426860
2019,정신건강의학과,Z91,15,60,112,6835010,5469350
2019,정신건강의학과,Z94,1,8,8,0,0
2019,정신건강의학과,Z99,2,5,5,172890,129790
2019,외과,A00,2,2,2,40880,28680
2019,외과,A02,1,1,1,13310,9410
2019,외과,A03,2,2,2,36830,25930
2019,외과,A04,6997,9972,10515,235576130,179005780
2019,외과,A05,273,350,380,8782250,6753300
2019,외과,A06,389,665,675,15021870,11756280
2019,외과,A08,1738,2480,2573,83707840,61948760
2019,외과,A09,25135,37303,38792,1144040880,844285230
2019,외과,A15,21,125,125,4455450,4165450
2019,외과,A16,23,60,60,1953870,1530300
2019,외과,A18,27,114,136,5941630,4917320
2019,외과,A25,2,2,2,58440,41040
2019,외과,A26,6,16,16,265680,213480
2019,외과,A28,9,11,11,267000,193400
2019,외과,A31,7,18,18,379500,276700
2019,외과,A40,15,22,22,635490,448290
2019,외과,A41,11,42,51,3850600,2730580
2019,외과,A42,2,2,2,31490,25790
2019,외과,A46,9,68,68,1126680,971880
2019,외과,A48,6,16,36,2707550,2151770
2019,외과,A49,44,100,104,5112710,3686430
2019,외과,A51,158,469,497,28219080,20330710
2019,외과,A53,14,18,18,451120,324120
2019,외과,A54,10,28,28,511610,359710
2019,외과,A55,2,4,4,108840,76340
2019,외과,A56,31,45,45,843060,602960
2019,외과,A58,3,5,5,262940,184240
2019,외과,A59,45,55,55,4363880,3039660
2019,외과,A60,1267,1917,1920,49459830,35825480
2019,외과,A63,1450,5041,5323,342475190,242862010
2019,외과,A64,13,17,17,918230,645430
2019,외과,A66,2,3,3,50960,47460
2019,외과,A69,130,262,271,4611800,3592640
2019,외과,A71,1,1,1,11210,7910
2019,외과,A74,5,7,7,89880,65080
2019,외과,A75,33,69,84,3081600,2282210
2019,외과,A77,1,1,1,19580,13780
2019,외과,A79,2,6,6,86250,60650
2019,외과,A87,3,3,3,163960,114860
2019,외과,A88,1,1,1,17440,15740
2019,외과,A97,1,2,2,26370,18570
2019,외과,B00,9514,14226,14300,249534030,189362430
2019,외과,B01,79,141,141,2019010,1472310
2019,외과,B02,13045,34512,37214,783256490,600507840
2019,외과,B05,2,2,2,29860,22060
2019,외과,B06,1,1,1,48910,34310
2019,외과,B07,3294,8028,8038,327867310,232798730
2019,외과,B08,531,734,737,19396300,14268360
2019,외과,B09,16,19,19,308690,220290
2019,외과,B15,38,57,86,6794040,5158520
2019,외과,B16,17,25,25,2404480,1591600
2019,외과,B17,208,352,371,15938720,11189020
2019,외과,B18,1512,4298,4294,256129670,180852770
2019,외과,B19,80,165,165,5124990,3619290
2019,외과,B24,2,2,2,26900,18900
2019,외과,B25,1,1,1,15690,14190
2019,외과,B26,50,71,71,1433560,1072260
2019,외과,B27,1,2,2,46980,32980
2019,외과,B30,62,100,100,1561320,1140620
2019,외과,B34,5,6,6,91540,67240
2019,외과,B35,36139,80012,80012,1154963730,883352240
2019,외과,B36,680,1081,1081,17753210,13395510
2019,외과,B37,1326,2419,2424,90905410,64671810
2019,외과,B40,1,1,1,15690,10990
2019,외과,B43,43,90,90,3048770,2162170
2019,외과,B44,1,1,1,77390,61990
2019,외과,B46,1,4,4,53800,37800
2019,외과,B47,19,20,20,546620,383420
2019,외과,B48,161,512,512,7710350,5946450
2019,외과,B49,34,50,50,879320,619920
2019,외과,B50,3,3,3,47070,39370
2019,외과,B53,1,1,1,15690,14190
2019,외과,B54,1,1,1,15690,10990
2019,외과,B56,1,1,1,15690,10990
2019,외과,B60,3,3,3,82610,57910
2019,외과,B64,2,11,11,148560,104260
2019,외과,B66,45,76,76,1079540,792740
2019,외과,B68,1,1,1,0,0
2019,외과,B69,2,2,2,22420,17620
2019,외과,B70,1,2,2,22420,15820
2019,외과,B71,2,2,2,15690,10990
2019,외과,B76,1,1,1,13440,11940
2019,외과,B79,1,1,1,48220,33820
2019,외과,B80,3,3,3,63300,48700
2019,외과,B81,3,3,3,558300,391000
2019,외과,B82,2,2,2,209830,146930
2019,외과,B83,10,19,19,373200,265700
2019,외과,B85,81,100,100,1601160,1168460
2019,외과,B86,151,190,190,2924630,2189630
2019,외과,B88,49,66,72,3604370,2613070
2019,외과,B89,9,10,10,326590,232090
2019,외과,B90,7,8,8,849780,595180
2019,외과,B96,1,2,2,22460,15860
2019,외과,B97,75,173,173,11848460,8262530
2019,외과,B98,127,151,151,3078680,2160400
2019,외과,C00,1,1,1,15690,10990
2019,외과,C02,13,59,67,1349140,1232210
2019,외과,C03,1,3,3,215110,215110
2019,외과,C04,1,1,1,70770,67270
2019,외과,C06,7,11,11,613330,582530
2019,외과,C07,6,33,33,1147790,1084490
2019,외과,C08,16,46,61,5123090,4176430
2019,외과,C09,7,60,60,1515600,1437900
2019,외과,C10,4,14,14,430570,407070
2019,외과,C11,10,68,68,1369600,1212200
2019,외과,C13,4,54,54,1061790,1011490
2019,외과,C14,2,12,12,360290,314090
2019,외과,C15,52,304,318,7638940,7073660
2019,외과,C16,743,2752,2971,101433910,92449010
2019,외과,C17,21,49,58,4025210,3314090
2019,외과,C18,1101,3125,3478,210735000,185176710
2019,외과,C19,125,438,503,35736020,30216460
2019,외과,C20,1047,3217,3460,187896500,159560220
2019,외과,C21,99,266,269,13486400,10962440
2019,외과,C22,314,1428,1576,58717590,53631460
2019,외과,C23,50,239,362,31193260,28300060
2019,외과,C24,100,525,566,14254830,13245150
2019,외과,C25,155,669,683,21109940,18803510
2019,외과,C26,7,20,24,792720,728340
2019,외과,C30,2,5,9,450250,427940
2019,외과,C31,4,6,6,99480,90580
2019,외과,C32,18,77,77,2865060,2693460
2019,외과,C34,430,1728,1970,62226780,56585160
2019,외과,C37,20,76,101,4192790,3831800
2019,외과,C38,3,6,6,119400,108400
2019,외과,C39,6,15,15,276860,254360
2019,외과,C40,6,60,60,1359130,1329430
2019,외과,C41,11,70,70,4766660,4517660
2019,외과,C43,40,107,108,4656320,3914110
2019,외과,C44,173,941,992,39842680,35701810
2019,외과,C45,3,5,5,98270,86170
2019,외과,C46,7,29,32,1190870,954830
2019,외과,C47,1,2,2,51460,43160
2019,외과,C48,8,24,24,535980,511980
2019,외과,C49,65,248,272,15482380,13491820
2019,외과,C50,13476,33868,36075,4769155150,4012870340
2019,외과,C51,2,30,30,904580,861080
2019,외과,C52,1,6,6,71740,68540
2019,외과,C53,58,374,533,13745820,12955770
2019,외과,C54,41,163,176,5677600,5131120
2019,외과,C55,14,62,74,1449750,1355020
2019,외과,C56,92,536,547,18375670,17073590
2019,외과,C57,12,58,59,1341870,1274030
2019,외과,C58,1,1,1,25720,24520
2019,외과,C61,303,1395,1422,44834300,41663560
2019,외과,C62,4,10,64,4126080,3277490
2019,외과,C63,4,13,13,284290,232330
2019,외과,C64,59,276,299,12059660,11016940
2019,외과,C65,10,17,17,406180,347480
2019,외과,C66,11,91,92,2399140,2253650
2019,외과,C67,86,388,401,14664940,13442310
2019,외과,C68,3,23,105,3048550,2810710
2019,외과,C69,2,3,3,43920,41920
2019,외과,C70,3,17,17,299600,289000
2019,외과,C71,36,368,370,8635500,7678240
2019,외과,C72,8,21,21,507780,451080
2019,외과,C73,13933,39587,40195,3440236490,2875479350
2019,외과,C74,4,160,160,2344220,2178630
2019,외과,C75,16,45,45,4775010,4499310
2019,외과,C76,9,19,19,2250090,2073910
2019,외과,C77,104,363,365,25499750,21769600
2019,외과,C78,35,213,236,5754050,5220560
2019,외과,C79,22,146,193,5859720,4643220
2019,외과,C80,11,55,55,1537020,1395520
2019,외과,C81,9,57,54,1610480,1341680
2019,외과,C82,12,51,51,1690620,1574120
2019,외과,C83,36,66,66,2772720,2571400
2019,외과,C84,6,64,64,1467650,1388750
2019,외과,C85,51,144,348,22161410,18618420
2019,외과,C86,2,4,4,182480,173680
2019,외과,C88,11,91,91,3241300,2988240
2019,외과,C90,32,99,99,3002660,2794760
2019,외과,C91,20,96,95,5099910,4763170
2019,외과,C92,43,221,224,7078740,6490010
2019,외과,C93,2,3,3,309890,294590
2019,외과,C94,9,16,16,539550,500550
2019,외과,C95,15,27,27,1554180,1447480
2019,외과,C96,7,14,14,250310,228410
2019,외과,C97,1,21,21,917860,873260
2019,외과,D00,20,34,34,914510,799810
2019,외과,D01,168,436,439,38302160,34826960
2019,외과,D02,8,24,24,639540,515440
2019,외과,D03,63,116,138,16788950,12931490
2019,외과,D04,23,56,60,4745560,3556560
2019,외과,D05,2462,5646,6124,898958340,746536260
2019,외과,D06,59,456,456,13436750,12058490
2019,외과,D07,13,64,64,1844260,1669460
2019,외과,D09,8,54,54,1767670,1550340
2019,외과,D10,92,238,238,12444820,8970200
2019,외과,D11,134,240,245,15197070,10966200
2019,외과,D12,27253,39980,41030,11194256830,7969321510
2019,외과,D13,641,840,899,145692560,106320760
2019,외과,D14,74,103,115,8315290,5957040
2019,외과,D15,11,17,23,763300,552440
2019,외과,D16,77,152,158,9655950,6433090
2019,외과,D17,21111,74034,74832,5240304130,3754020800
2019,외과,D18,1064,2482,2496,200384930,143092260
2019,외과,D19,13,51,53,3509660,2551590
2019,외과,D20,9,19,19,311500,236700
2019,외과,D21,14713,55584,56069,3236171150,2318233820
2019,외과,D22,177,341,341,19739060,14065320
2019,외과,D23,27505,91817,91973,4874731700,3478851170
2019,외과,D24,81358,135566,137012,9041680500,6486628070
2019,외과,D25,2126,3395,3462,218895110,150850180
2019,외과,D26,20,26,33,1648040,1178680
2019,외과,D27,267,395,418,25192540,16643300
2019,외과,D28,14,31,33,3070600,2112210
2019,외과,D29,66,170,171,10830060,7732460
2019,외과,D30,128,135,150,17223860,12205970
2019,외과,D31,7,8,8,1057250,750650
2019,외과,D32,49,285,300,12970460,11943570
2019,외과,D33,35,79,79,3784040,3378540
2019,외과,D34,23591,35966,36096,2164179990,1518813370
2019,외과,D35,96,194,194,11188890,8504880
2019,외과,D36,1432,3461,3471,207689260,147242500
2019,외과,D37,264,457,487,51535370,39386810
2019,외과,D38,28,71,71,3756500,2854900
2019,외과,D39,43,56,56,3760210,2362190
2019,외과,D40,10,70,70,2203090,1941090
2019,외과,D41,16,19,19,1992420,1416220
2019,외과,D42,3,5,5,547320,458440
2019,외과,D43,14,130,130,4688350,4448750
2019,외과,D44,1304,2336,2336,176975750,126036160
2019,외과,D45,7,24,34,3021100,2871410
2019,외과,D46,20,60,60,2092110,1995910
2019,외과,D47,28,64,64,2444900,2200200
2019,외과,D48,548,1007,1011,72600750,54883190
2019,외과,D50,2539,4880,4878,128969040,93376490
2019,외과,D51,40,237,237,3859640,3119140
2019,외과,D52,8,24,24,899270,857770
2019,외과,D53,36,104,104,1822940,1413880
2019,외과,D58,4,4,4,311240,218140
2019,외과,D60,2,2,2,71400,50000
2019,외과,D61,4,7,7,232110,195910
2019,외과,D62,10,12,12,754560,532460
2019,외과,D63,8,48,48,591730,526630
2019,외과,D64,1301,2044,2045,75546560,54974420
2019,외과,D66,3,22,22,1235210,1113110
2019,외과,D68,9,22,22,403910,312110
2019,외과,D69,192,274,283,8533790,6291960
2019,외과,D70,2,2,2,32260,27960
2019,외과,D71,1,2,2,29330,20630
2019,외과,D72,64,87,87,2453000,1767700
2019,외과,D73,5,5,5,73600,56300
2019,외과,D75,14,14,14,704980,500680
2019,외과,D76,3,18,28,1285510,1042060
2019,외과,D81,1,3,3,40730,28730
2019,외과,D82,1,1,1,15690,10990
2019,외과,D84,6,6,6,425990,298490
2019,외과,D86,1,1,1,15690,14190
2019,외과,D89,15,197,197,4294460,2887200
2019,외과,E01,1,1,1,112170,78570
2019,외과,E02,20,80,80,2300100,1716000
2019,외과,E03,17861,59276,59287,2380680760,1692151130
2019,외과,E04,31120,54471,54669,3292369040,2325331070
2019,외과,E05,7165,26970,26972,1394515950,978158850
2019,외과,E06,10517,21969,21975,1185950830,818531140
2019,외과,E07,10344,17962,17979,974225130,684375310
2019,외과,E10,1223,4665,4745,115125090,88395860
2019,외과,E11,35389,227324,227647,4614899530,3617483030
2019,외과,E12,17,79,91,2091860,1580940
2019,외과,E13,2140,11576,11593,232500480,182028150
2019,외과,E14,6911,37993,38065,808050630,623104710
2019,외과,E15,1,1,1,35570,24970
2019,외과,E16,127,214,214,6932150,5115050
2019,외과,E20,40,95,95,2376070,1748070
2019,외과,E21,32,65,65,2504680,1750180
2019,외과,E22,119,219,219,6458480,4781040
2019,외과,E23,38,130,134,2928840,2197040
2019,외과,E24,18,105,105,3092430,2598060
2019,외과,E25,1,2,2,40170,34170
2019,외과,E27,19,62,62,4519800,3979700
2019,외과,E28,97,245,245,8122630,5902720
2019,외과,E29,9,16,16,226000,165000
2019,외과,E30,36,217,217,2406060,1709760
2019,외과,E31,1,1,1,19580,13780
2019,외과,E32,3,4,9,787230,579400
2019,외과,E34,9,17,17,469770,329770
2019,외과,E35,39,46,46,3537280,2481380
2019,외과,E41,8,62,62,189760,133960
2019,외과,E43,2,2,2,37290,29390
2019,외과,E44,21,36,68,3369810,2570930
2019,외과,E46,9,11,11,164420,135920
2019,외과,E50,280,468,467,6029860,4568960
2019,외과,E51,6,6,6,99930,87430
2019,외과,E53,78,195,195,2965950,2314250
2019,외과,E54,1,1,1,15690,10990
2019,외과,E55,1971,3420,3418,75838920,55488240
2019,외과,E56,59,92,93,3273360,2341230
2019,외과,E58,211,495,495,9598680,7419900
2019,외과,E59,1,2,2,254590,178290
2019,외과,E60,1,1,1,13660,12160
2019,외과,E61,135,220,220,8863270,6223170
2019,외과,E63,89,186,197,3668110,3008210
2019,외과,E64,3,3,3,43150,36050
2019,외과,E65,6,6,6,98030,68730
2019,외과,E66,959,2655,2992,1199900750,806935930
2019,외과,E70,2,2,2,26900,18900
2019,외과,E71,2,3,3,32510,22910
2019,외과,E72,2,2,2,33040,23140
2019,외과,E75,23,59,59,1156860,870760
2019,외과,E77,3,3,3,44780,37780
2019,외과,E78,28591,86257,86227,1931053870,1406750890
2019,외과,E79,61,156,156,2598670,1880070
2019,외과,E80,52,84,84,2515790,1779690
2019,외과,E83,300,788,788,12441690,9598490
2019,외과,E84,3,3,3,62640,43940
2019,외과,E85,2,3,3,55300,42000
2019,외과,E86,487,651,667,15717780,12081640
2019,외과,E87,117,168,167,4571000,3479100
2019,외과,E88,204,514,520,68186330,49325410
2019,외과,E89,643,1875,1874,65007740,45765520
2019,외과,E90,2,2,2,37630,32430
2019,외과,F00,2453,13668,13668,450397180,360062900
2019,외과,F01,132,522,522,14801470,11768570
2019,외과,F02,14,38,38,449290,351290
2019,외과,F03,236,812,818,24425220,19356740
2019,외과,F04,2,2,2,31380,28380
2019,외과,F05,3,5,5,49270,40870
2019,외과,F06,5254,15916,15916,242429150,201422850
2019,외과,F07,41,131,131,2116220,1709920
2019,외과,F09,9,29,29,419390,331890
2019,외과,F10,63,129,161,3815240,2823970
2019,외과,F13,1,2,2,191350,188350
2019,외과,F17,28,46,46,609770,444690
2019,외과,F20,65,351,352,2866020,2307990
2019,외과,F22,1,3,3,9120,6420
2019,외과,F23,2,19,19,210760,182260
2019,외과,F25,2,14,14,167300,117900
2019,외과,F28,1,1,1,0,0
2019,외과,F30,3,4,4,61060,48560
2019,외과,F31,86,356,354,4788750,3685680
2019,외과,F32,953,2696,2693,38018540,30559490
2019,외과,F33,65,354,354,4755190,4027790
2019,외과,F34,29,94,94,1153780,930780
2019,외과,F38,119,330,330,4772530,4041730
2019,외과,F39,41,74,74,1234560,978360
2019,외과,F40,75,170,170,2272450,1779250
2019,외과,F41,3411,7628,7648,110874360,88568580
2019,외과,F42,3,13,13,172350,121750
2019,외과,F43,223,396,407,6436940,5066210
2019,외과,F44,1,3,2,111100,84000
2019,외과,F45,487,973,973,13833440,10998240
2019,외과,F48,1816,3776,3783,65566750,51686460
2019,외과,F50,57,107,107,1537020,1185220
2019,외과,F51,4495,13528,13527,186189030,147149870
2019,외과,F52,74,110,110,892410,671110
2019,외과,F54,16,22,22,294710,251110
2019,외과,F55,1,2,2,26890,18990
2019,외과,F59,2,2,2,26900,18900
2019,외과,F60,3,3,3,101520,71120
2019,외과,F64,2,8,8,83370,58870
2019,외과,F66,2,2,2,32850,26250
2019,외과,F71,1,1,1,13180,9280
2019,외과,F78,1,1,1,15690,10990
2019,외과,F79,1,1,1,15690,14190
2019,외과,F80,5,5,5,78150,67550
2019,외과,F84,7,17,17,238110,172710
2019,외과,F90,10,31,31,444080,317280
2019,외과,F91,3,4,4,68000,50900
2019,외과,F92,24,87,87,1717870,1226970
2019,외과,F93,1,1,1,15690,10990
2019,외과,F95,8,11,11,170750,124050
2019,외과,F98,21,49,49,1041450,739650
2019,외과,F99,4,7,7,121140,91940
2019,외과,G03,3,7,11,300900,227430
2019,외과,G04,4,31,31,799670,574670
2019,외과,G05,26,39,48,1704320,1267740
2019,외과,G06,3,6,6,191450,134350
2019,외과,G11,4,4,4,72350,50750
2019,외과,G12,9,134,134,4918290,4422790
2019,외과,G13,1,1,1,69710,62810
2019,외과,G14,10,50,50,891530,634330
2019,외과,G20,375,2208,2229,54143650,47795570
2019,외과,G21,37,123,123,1839890,1573690
2019,외과,G22,20,81,81,1104150,918750
2019,외과,G23,6,9,9,163910,144010
2019,외과,G24,172,292,292,4772160,3708860
2019,외과,G25,579,1422,1422,24210740,18916760
2019,외과,G30,133,466,466,4777360,3813860
2019,외과,G31,6477,19548,19548,287341030,238900530
2019,외과,G32,4,7,7,98550,83950
2019,외과,G35,6,19,19,254170,212870
2019,외과,G36,1,2,2,30600,27600
2019,외과,G37,3,5,5,116910,85610
2019,외과,G40,234,895,903,16674780,12777160
2019,외과,G41,20,65,65,946140,786140
2019,외과,G43,5938,11318,11342,190066470,143837100
2019,외과,G44,4244,7849,7875,222335840,163497320
2019,외과,G45,216,494,506,11071620,8598340
2019,외과,G46,22,93,93,1156940,974840
2019,외과,G47,11066,32434,32439,446651530,350368740
2019,외과,G50,648,1334,1334,22459000,17659200
2019,외과,G51,322,681,694,11977700,9204720
2019,외과,G52,8,11,11,330820,232020
2019,외과,G53,2813,9182,9250,156368100,127891550
2019,외과,G54,713,1869,1869,64293720,46374920
2019,외과,G55,296,1864,1870,71448770,55067760
2019,외과,G56,2312,5266,5331,171607040,123959620
2019,외과,G57,2171,7001,7019,225065960,164330550
2019,외과,G58,1203,2170,2183,58957660,45196590
2019,외과,G59,22,92,92,1257870,1010470
2019,외과,G60,2,22,22,325660,235960
2019,외과,G61,3,6,6,248520,183220
2019,외과,G62,79,285,285,4704300,3587600
2019,외과,G63,338,1450,1450,28160960,22814260
2019,외과,G64,431,705,705,11528800,8964000
2019,외과,G70,20,55,55,1622420,1414820
2019,외과,G71,11,20,20,383140,285340
2019,외과,G72,6,6,6,89750,67650
2019,외과,G73,6,25,25,326610,285710
2019,외과,G80,19,46,46,955650,685250
2019,외과,G81,241,831,831,16824750,14069650
2019,외과,G82,25,66,66,928820,685820
2019,외과,G83,72,188,190,3549100,2819450
2019,외과,G90,89,192,192,9900450,6552120
2019,외과,G91,8,16,16,319180,251480
2019,외과,G93,113,230,230,12287460,8827160
2019,외과,G95,12,44,66,1936720,1442670
2019,외과,G96,3,10,10,126610,95010
2019,외과,G97,13,15,17,644680,471330
2019,외과,G98,3,3,3,49060,37560
2019,외과,G99,6,6,6,99360,74860
2019,외과,H00,2507,3442,3442,65991160,47984200
2019,외과,H01,1090,1450,1466,27040160,20961710
2019,외과,H02,132,244,244,8467150,6345450
2019,외과,H03,4,7,7,117880,82880
2019,외과,H04,1617,2798,2798,37832020,29284220
2019,외과,H05,40,54,54,1181320,857030
2019,외과,H06,7,15,15,220390,165790
2019,외과,H10,4254,5717,5718,84043970,65009470
2019,외과,H11,626,1074,1073,14607150,11178650
2019,외과,H13,6,6,9,642890,392260
2019,외과,H15,1,1,1,127760,89460
2019,외과,H16,685,982,982,14508980,11101280
2019,외과,H18,12,18,18,231050,171750
2019,외과,H19,47,76,76,840040,652940
2019,외과,H20,4,5,5,71860,50460
2019,외과,H25,326,646,646,9487860,7994260
2019,외과,H26,380,573,573,15033760,11103060
2019,외과,H28,7,10,10,186380,144580
2019,외과,H30,1,2,2,21150,14950
2019,외과,H31,4,10,10,114550,84450
2019,외과,H34,10,23,23,308250,234750
2019,외과,H35,43,130,131,3583110,3142520
2019,외과,H36,129,352,352,4969140,4117640
2019,외과,H40,193,521,521,7537890,6254490
2019,외과,H42,4,7,7,102740,75340
2019,외과,H43,4,5,5,77240,64840
2019,외과,H44,28,53,53,1148730,847230
2019,외과,H47,3,3,3,60630,42530
2019,외과,H50,3,3,3,116670,81770
2019,외과,H52,9,10,10,149610,122110
2019,외과,H53,10,10,10,235850,171050
2019,외과,H54,6,6,6,89030,72430
2019,외과,H57,10,12,12,160130,122230
2019,외과,H59,4,4,4,44260,36460
2019,외과,H60,2425,3893,3903,73715110,54387590
2019,외과,H61,269,408,408,11042630,7937100
2019,외과,H62,94,123,123,1934900,1462400
2019,외과,H65,437,877,877,13770610,10411110
2019,외과,H66,1141,1969,1982,32245830,24815350
2019,외과,H67,5,6,6,113140,85340
2019,외과,H68,30,45,45,669980,486880
2019,외과,H70,5,7,7,152410,109010
2019,외과,H71,3,154,154,2553480,1802480
2019,외과,H72,11,12,26,992040,740090
2019,외과,H73,270,442,442,6605260,5014560
2019,외과,H74,2,2,2,136700,95700
2019,외과,H80,1,1,1,17640,12440
2019,외과,H81,6159,11581,11938,204400780,163152100
2019,외과,H82,91,128,173,4599580,3517720
2019,외과,H83,132,239,272,5641070,4442740
2019,외과,H90,5,6,6,73950,61350
2019,외과,H91,47,67,67,1085080,857680
2019,외과,H92,71,81,81,1536860,1134360
2019,외과,H93,764,1422,1422,21899620,17198920
2019,외과,H94,1,1,1,30420,21320
2019,외과,I00,6,8,8,141750,103250
2019,외과,I01,1,1,1,15690,14190
2019,외과,I05,5,25,25,2519150,2450750
2019,외과,I06,2,5,5,71990,54390
2019,외과,I08,8,29,29,735470,566270
2019,외과,I10,126557,873194,873150,14728205890,11698752490
2019,외과,I11,1776,12087,12092,185029230,151502550
2019,외과,I12,145,1272,1272,20420370,15970270
2019,외과,I13,57,240,248,4783960,3801520
2019,외과,I15,134,588,588,9467950,7432350
2019,외과,I20,1475,4177,4203,72657790,57940030
2019,외과,I21,121,313,313,5167270,4028660
2019,외과,I22,6,29,29,502840,413640
2019,외과,I23,1,2,2,11220,8220
2019,외과,I24,51,163,163,2889470,2327970
2019,외과,I25,285,1003,1023,21340410,17303820
2019,외과,I26,8,18,18,463300,351700
2019,외과,I27,4,7,7,110950,94650
2019,외과,I31,1,1,1,15690,10990
2019,외과,I32,1,1,1,114490,80190
2019,외과,I33,3,6,6,260670,198170
2019,외과,I34,6,15,15,201090,163290
2019,외과,I35,16,43,44,1058220,866160
2019,외과,I36,1,4,0,61500,43300
2019,외과,I39,4,8,8,132140,97640
2019,외과,I40,2,15,15,0,0
2019,외과,I41,3,3,3,44600,35300
2019,외과,I42,23,60,60,970860,815060
2019,외과,I43,1,1,1,0,0
2019,외과,I44,7,8,8,188370,148070
2019,외과,I45,20,31,31,960690,685190
2019,외과,I46,1,3,3,37670,33170
2019,외과,I47,105,219,222,4153900,3183700
2019,외과,I48,206,595,590,11005280,8766060
2019,외과,I49,1081,1984,1998,60789880,45560140
2019,외과,I50,532,1605,1624,31158390,25389560
2019,외과,I51,165,241,240,5162600,4034800
2019,외과,I60,11,45,45,744430,611130
2019,외과,I61,14,54,184,9372960,7017700
2019,외과,I62,7,9,22,2002440,1452720
2019,외과,I63,807,3773,3823,65995930,54101320
2019,외과,I64,61,183,183,6653180,5311280
2019,외과,I65,160,437,445,10250590,8070400
2019,외과,I66,16,101,101,1494340,1275740
2019,외과,I67,917,2640,2734,203224040,150232290
2019,외과,I68,17,44,44,1196060,897960
2019,외과,I69,212,801,860,16916620,13595380
2019,외과,I70,482,1541,1561,37821400,29028830
2019,외과,I71,30,75,83,2391520,1871890
2019,외과,I72,24,30,30,1162650,851950
2019,외과,I73,5456,10889,10890,171901590,136201730
2019,외과,I74,79,176,176,2816390,2260320
2019,외과,I77,26,61,61,2826320,2019420
2019,외과,I78,374,415,415,7178090,5220290
2019,외과,I79,91,162,176,3413340,2708520
2019,외과,I80,1266,2434,2450,73827020,54809640
2019,외과,I81,2,4,4,62480,56080
2019,외과,I82,119,265,265,10778960,8094530
2019,외과,I83,64080,170957,177093,14864403870,11357120280
2019,외과,I85,4,4,4,155320,113220
2019,외과,I86,198,258,277,11879510,8533780
2019,외과,I87,7461,11434,11435,234837990,173202220
2019,외과,I88,1341,1832,1857,72486770,51919170
2019,외과,I89,812,1502,1502,28216950,21411060
2019,외과,I95,257,348,355,6712050,5176830
2019,외과,I97,19,38,38,919650,772250
2019,외과,I98,7,26,26,622410,452210
2019,외과,I99,27,72,72,963030,788430
2019,외과,J00,40117,77881,77909,1201469670,934163180
2019,외과,J01,7182,11864,11894,187128530,139106980
2019,외과,J02,36815,65101,65215,1022100250,764518530
2019,외과,J03,45591,86956,87193,1366834190,1030511200
2019,외과,J04,17953,35383,35412,530000630,412802360
2019,외과,J05,1117,2331,2340,36585150,27439240
2019,외과,J06,56610,108507,108595,1667493230,1290345720
2019,외과,J09,296,361,446,18631070,14941660
2019,외과,J10,3475,4888,5578,167694620,133007080
2019,외과,J11,2278,3229,3441,70697950,52276160
2019,외과,J12,30,62,111,6338470,4978350
2019,외과,J13,2,2,2,22420,15820
2019,외과,J14,1,1,1,54290,38090
2019,외과,J15,2104,3794,4319,125867430,95136230
2019,외과,J16,5,8,34,2158270,1584900
2019,외과,J17,8,14,19,498690,414010
2019,외과,J18,4475,8762,9702,245949930,188017870
2019,외과,J20,147177,290858,291566,4588207340,3507129720
2019,외과,J21,7963,15066,15102,236225390,181175740
2019,외과,J22,3288,6061,6061,94080720,72419920
2019,외과,J30,48291,92455,92462,1418374050,1087804580
2019,외과,J31,1329,2036,2036,32124700,23863200
2019,외과,J32,755,1718,1724,26462660,20108580
2019,외과,J33,8,9,9,552180,389380
2019,외과,J34,233,393,413,8306060,6211850
2019,외과,J35,376,684,696,12282540,8897460
2019,외과,J36,9919,18500,18594,318004710,239214920
2019,외과,J37,1764,2994,2994,43803300,33008100
2019,외과,J38,26,31,39,1167010,893750
2019,외과,J39,5900,11357,11357,179746040,139166440
2019,외과,J40,38294,77216,77256,1225661090,950578170
2019,외과,J41,7754,16650,16699,252192930,202479030
2019,외과,J42,9618,22530,22559,345849450,276512300
2019,외과,J43,58,132,132,4829000,3581500
2019,외과,J44,1094,3654,3753,69406040,56248110
2019,외과,J45,14891,38416,39278,643700770,509820650
2019,외과,J46,235,719,719,10216060,8205460
2019,외과,J47,176,380,399,8945760,6865070
2019,외과,J60,7,7,7,206860,153860
2019,외과,J61,3,8,8,241630,208130
2019,외과,J63,2,6,6,261380,166400
2019,외과,J64,6,7,7,253980,191180
2019,외과,J67,1,4,4,91690,64490
2019,외과,J68,37,45,48,1946750,1402870
2019,외과,J69,4,7,18,1250150,970520
2019,외과,J70,11,16,19,1048370,780270
2019,외과,J80,1,1,1,14180,9980
2019,외과,J81,6,10,19,1635210,1270070
2019,외과,J84,44,95,109,4307850,3387710
2019,외과,J85,10,20,40,1654250,1261810
2019,외과,J86,2,2,2,66220,37840
2019,외과,J90,30,35,35,864280,646980
2019,외과,J91,8,12,14,433900,314420
2019,외과,J92,6,9,9,221990,161390
2019,외과,J93,123,152,165,5083920,3687050
2019,외과,J94,17,19,18,591350,442950
2019,외과,J96,4,4,4,73050,57650
2019,외과,J98,226,265,269,15387000,11059310
2019,외과,J99,1,1,1,30460,21360
2019,외과,K00,1,1,1,11210,7910
2019,외과,K01,1,1,1,17650,12450
2019,외과,K02,5,11,11,146910,123210
2019,외과,K04,348,591,600,10109990,8035400
2019,외과,K05,2499,4689,4707,73294730,58257850
2019,외과,K06,14,16,16,241390,200590
2019,외과,K07,759,1399,1401,26927130,20246560
2019,외과,K08,100,127,127,2053990,1586690
2019,외과,K09,9,13,13,464700,325800
2019,외과,K10,153,200,200,4298320,3172290
2019,외과,K11,495,726,752,20076460,14871850
2019,외과,K12,5934,9502,9530,152122410,117525510
2019,외과,K13,209,290,290,5485520,4226920
2019,외과,K14,324,506,506,7644430,6139430
2019,외과,K20,436,732,735,60259860,42604060
2019,외과,K21,43513,80867,80958,2144682390,1569484280
2019,외과,K22,92,174,191,8195280,6033480
2019,외과,K23,2,3,3,45090,31590
2019,외과,K25,14285,28559,28637,874308850,640383220
2019,외과,K26,2564,4259,4277,191510850,136900640
2019,외과,K27,4867,9614,9646,166190540,128118000
2019,외과,K28,14,29,29,993470,723770
2019,외과,K29,75804,130451,131591,4347764780,3168153960
2019,외과,K30,8005,14777,14784,306706290,231829750
2019,외과,K31,2081,3470,3490,192749220,140980380
2019,외과,K35,4805,12095,22529,8522675290,6756205880
2019,외과,K36,457,847,1244,429738480,340430870
2019,외과,K37,291,405,445,43290030,32957260
2019,외과,K38,96,116,125,15062380,11123750
2019,외과,K40,5833,15675,19019,3752299440,2957955110
2019,외과,K41,37,48,55,4782090,3614380
2019,외과,K42,509,1398,1603,175792980,133322330
2019,외과,K43,243,540,655,71627480,54907430
2019,외과,K44,8,18,43,3231050,2431720
2019,외과,K45,30,51,51,2948840,2099440
2019,외과,K46,98,156,176,14109280,10697740
2019,외과,K50,635,1730,1763,250146130,216624830
2019,외과,K51,3902,13496,13605,965812090,790959750
2019,외과,K52,28120,40947,41311,1341848470,979494130
2019,외과,K55,60,132,153,10903340,7955550
2019,외과,K56,1829,4270,5038,198671170,149626180
2019,외과,K57,2322,3716,4456,720446540,517208500
2019,외과,K58,61663,97608,97877,6360207570,4536048970
2019,외과,K59,55103,101209,101700,4892438960,3539194490
2019,외과,K60,84295,235864,267860,34422620870,26516468630
2019,외과,K61,34065,128693,139442,21075955750,16838651980
2019,외과,K62,46287,71701,72792,5134853410,3762335690
2019,외과,K63,36288,50415,51984,15606729730,11107375460
2019,외과,K64,365838,984345,1114767,140341495320,107774333650
2019,외과,K65,81,126,248,39040070,30620650
2019,외과,K66,24,44,55,8689270,6725840
2019,외과,K67,2,22,22,408830,404130
2019,외과,K70,1002,2039,2308,82352490,60036920
2019,외과,K71,719,1400,1408,65375100,46772780
2019,외과,K72,93,148,148,3781410,2756410
2019,외과,K73,1659,4112,4123,117815920,85440640
2019,외과,K74,189,591,648,28470620,20716010
2019,외과,K75,3936,6920,7106,319209200,230125550
2019,외과,K76,8955,13200,13179,751700780,526576920
2019,외과,K77,42,104,104,2943350,2207850
2019,외과,K80,2415,5812,8538,2686359400,1940532010
2019,외과,K81,473,1113,1549,353854040,255940890
2019,외과,K82,995,1535,1905,514164920,367896280
2019,외과,K83,841,1230,1248,48499430,34653390
2019,외과,K85,165,244,351,17387320,12871090
2019,외과,K86,177,375,379,17448180,12402410
2019,외과,K87,65,77,77,9347900,6511520
2019,외과,K90,7,7,7,570940,391260
2019,외과,K91,47,177,177,7782230,6638630
2019,외과,K92,3324,4254,4321,328166980,232854630
2019,외과,K93,3,3,10,834250,765150
2019,외과,L01,1001,2045,2045,40336190,30094180
2019,외과,L02,52499,164202,164713,3853184790,2832068140
2019,외과,L03,56202,128114,129327,2695484740,2021251350
2019,외과,L04,8605,13535,13573,287708120,208505750
2019,외과,L05,2117,12135,12963,677349230,491840470
2019,외과,L08,4450,9091,9101,202376690,148926800
2019,외과,L10,6,7,7,100450,71550
2019,외과,L11,1,1,1,25420,17820
2019,외과,L12,8,26,26,260220,210720
2019,외과,L13,98,144,144,2854320,2122200
2019,외과,L14,1,1,1,26710,18710
2019,외과,L20,4557,8171,8172,136283100,102721280
2019,외과,L21,5056,8448,8448,131084590,101969110
2019,외과,L22,12,12,12,212410,184910
2019,외과,L23,59332,112516,112532,1739800100,1369723400
2019,외과,L24,7939,14354,14354,219484990,172294450
2019,외과,L25,8908,16449,16452,264812040,206522360
2019,외과,L26,8,11,11,170520,118460
2019,외과,L27,588,959,959,15317970,11727170
2019,외과,L28,1279,1926,1938,38076720,28966490
2019,외과,L29,23817,32167,32189,936412640,671607820
2019,외과,L30,14627,23563,23575,395213390,304788490
2019,외과,L40,1491,3438,3438,52143830,40120570
2019,외과,L41,17,30,30,415510,315010
2019,외과,L42,30,38,38,600660,437360
2019,외과,L43,87,190,190,6706190,4816890
2019,외과,L50,24542,45308,45371,752568560,583253000
2019,외과,L51,27,46,46,708070,513370
2019,외과,L52,54,110,110,1719600,1297800
2019,외과,L53,442,817,817,12695760,10055160
2019,외과,L55,175,273,276,12479220,8236400
2019,외과,L56,15,22,22,352210,279310
2019,외과,L57,116,164,164,7107220,5149080
2019,외과,L58,2,2,2,60080,42080
2019,외과,L59,18,18,18,306370,217070
2019,외과,L60,15958,50912,50927,1487657020,1080397260
2019,외과,L62,5,11,11,246920,183720
2019,외과,L63,594,1585,1585,44820730,31519330
2019,외과,L64,112,238,238,3672330,2580390
2019,외과,L65,104,193,193,3042760,2238060
2019,외과,L66,121,200,200,3263510,2388310
2019,외과,L67,2,2,2,79400,55600
2019,외과,L68,1,1,1,33880,23780
2019,외과,L70,673,1199,1199,18109120,12750760
2019,외과,L71,54,85,85,1516980,1107760
2019,외과,L72,40914,144181,144484,8456128330,5976300820
2019,외과,L73,2453,9270,9512,453289270,326131440
2019,외과,L74,64,80,81,2554950,1910520
2019,외과,L75,496,1406,1551,126031010,93304100
2019,외과,L80,57,61,61,1046030,831830
2019,외과,L81,420,470,470,7959710,5929910
2019,외과,L82,62,138,138,5951240,4443020
2019,외과,L83,2,4,4,80360,59560
2019,외과,L84,14544,43093,43115,1618896650,1166479840
2019,외과,L85,833,1258,1258,28800060,21731260
2019,외과,L86,3,3,3,46480,37680
2019,외과,L87,6,16,16,975420,686620
2019,외과,L88,11,123,123,2437140,1997640
2019,외과,L89,1228,7835,8313,237898310,182235550
2019,외과,L90,692,1529,1715,85351850,65227560
2019,외과,L91,1800,3501,3550,113164530,81462590
2019,외과,L92,668,1604,1604,68273610,50120800
2019,외과,L93,7,29,29,751810,635710
2019,외과,L94,14,47,47,2127900,1527000
2019,외과,L95,86,135,135,2595450,1890170
2019,외과,L97,60,599,599,11856670,9977840
2019,외과,L98,488,2718,2823,124256570,92423120
2019,외과,L99,1,2,2,26900,18900
2019,외과,M00,173,533,625,19474840,14698220
2019,외과,M01,23,221,221,3971980,2984380
2019,외과,M02,26,47,47,1077690,780890
2019,외과,M05,203,1550,1568,37459230,32774880
2019,외과,M06,2858,9796,9852,183264160,143668500
2019,외과,M07,35,71,71,1757620,1367820
2019,외과,M08,86,126,126,2045810,1566010
2019,외과,M10,10513,35827,36015,616404220,464519650
2019,외과,M11,53,188,188,3043440,2169640
2019,외과,M12,463,1554,1560,35688650,27124290
2019,외과,M13,27790,103869,104230,2084834330,1648116020
2019,외과,M14,514,2434,2434,37151060,30222000
2019,외과,M15,5244,19343,19371,305409930,255518720
2019,외과,M16,2032,6150,6319,122876590,99976460
2019,외과,M17,89248,495066,501448,13716034530,10531870080
2019,외과,M18,270,711,724,13870010,10481770
2019,외과,M19,19651,64743,65204,1379489250,1062630370
2019,외과,M20,326,727,1033,34812290,26159820
2019,외과,M21,101,241,332,10832160,8132900
2019,외과,M22,485,1045,1061,23651530,17026940
2019,외과,M23,1406,3480,4002,105121710,78463030
2019,외과,M24,3064,13513,13581,273243800,206870340
2019,외과,M25,20958,63998,64184,1421872020,1073856920
2019,외과,M30,1,1,1,102890,72090
2019,외과,M31,10,21,21,508920,415820
2019,외과,M32,23,45,45,1504020,1301220
2019,외과,M33,4,5,5,759880,641480
2019,외과,M34,3,93,93,1942890,1752090
2019,외과,M35,144,981,995,29094940,25226580
2019,외과,M36,1,30,30,215680,196680
2019,외과,M40,196,701,715,15844640,12336860
2019,외과,M41,479,2392,2411,54855040,42416560
2019,외과,M42,578,1430,1430,28330300,22708500
2019,외과,M43,1446,9886,10111,278510800,212388010
2019,외과,M45,361,1453,1453,30016590,25390890
2019,외과,M46,872,5930,5940,155382570,126232650
2019,외과,M47,29410,174471,175476,4348854840,3436876870
2019,외과,M48,36172,254400,258060,6228999480,4988613570
2019,외과,M49,1191,6266,6266,157362660,121083760
2019,외과,M50,13747,72407,74265,2066596270,1547339570
2019,외과,M51,29201,210983,216956,5540491000,4294370300
2019,외과,M53,9591,31182,31206,931683740,684992560
2019,외과,M54,126963,602350,605925,13007614480,10222398260
2019,외과,M60,2982,6372,6410,133494380,103052100
2019,외과,M61,41,79,93,3363490,2427490
2019,외과,M62,5957,13642,13775,284127910,214258970
2019,외과,M63,1,1,1,15690,10990
2019,외과,M65,36978,96046,96469,1980122630,1499482660
2019,외과,M66,45,112,112,3521040,2539190
2019,외과,M67,8293,18348,18386,506906160,373672840
2019,외과,M68,3,4,4,78760,55360
2019,외과,M70,2395,5891,5937,181728920,132505360
2019,외과,M71,2194,5968,6018,166818760,123958730
2019,외과,M72,7170,20142,20242,516170390,383134860
2019,외과,M73,8,13,13,681850,539120
2019,외과,M75,49679,178983,180047,4681232620,3533558800
2019,외과,M76,3367,8839,8854,203388340,151721980
2019,외과,M77,20075,52674,52756,1196535600,866634710
2019,외과,M79,75240,179475,179611,3794788080,2872146640
2019,외과,M80,684,2669,2674,103872550,77222180
2019,외과,M81,17002,58328,58326,2212056890,1623327630
2019,외과,M82,37,88,88,1633780,1312180
2019,외과,M83,176,424,424,9895520,7571320
2019,외과,M84,31,55,112,5008090,3623750
2019,외과,M85,191,279,276,11068570,7809520
2019,외과,M86,79,751,989,31798560,24458830
2019,외과,M87,85,256,528,21749130,16216980
2019,외과,M88,1,1,1,15690,14190
2019,외과,M89,117,424,424,12634550,10286650
2019,외과,M90,2,2,2,99110,69410
2019,외과,M91,14,42,51,1295230,1117110
2019,외과,M92,187,337,341,8174260,5817410
2019,외과,M93,10,36,89,3227780,2402740
2019,외과,M94,296,477,611,17684500,13236330
2019,외과,M95,10,11,11,215520,151220
2019,외과,M96,298,3929,4008,138982130,107744090
2019,외과,M99,655,4115,4198,94489110,74323900
2019,외과,N00,135,250,256,5475970,4198310
2019,외과,N01,1,1,1,21830,15330
2019,외과,N02,225,356,356,8104960,5881360
2019,외과,N03,22,32,32,747840,555040
2019,외과,N04,74,150,150,2516990,1958290
2019,외과,N05,149,304,311,6444200,4741590
2019,외과,N06,14,15,15,516490,362290
2019,외과,N08,3,6,6,203850,143150
2019,외과,N10,1702,3620,4005,111513170,83628200
2019,외과,N11,40,101,142,6870600,5149680
2019,외과,N12,172,297,341,12399290,9050850
2019,외과,N13,42,63,70,4668780,3364650
2019,외과,N15,5,9,18,1770180,1277120
2019,외과,N16,1,1,1,45040,31540
2019,외과,N17,49,71,73,1914560,1477560
2019,외과,N18,5145,17664,17677,12618325410,10985131690
2019,외과,N19,94,164,170,4643900,3460370
2019,외과,N20,625,831,872,47640640,34223480
2019,외과,N21,372,514,563,21049660,15561900
2019,외과,N22,6,6,6,191430,137330
2019,외과,N23,15,25,27,938000,694510
2019,외과,N25,1,4,5,453680,346880
2019,외과,N26,1,1,1,251690,176190
2019,외과,N28,209,289,287,16498470,12142730
2019,외과,N29,11,11,11,1450810,1016210
2019,외과,N30,17169,35986,36052,631633210,484994220
2019,외과,N31,2828,6544,6562,111613000,88502690
2019,외과,N32,461,986,986,16347180,13090580
2019,외과,N33,10,14,14,267030,207430
2019,외과,N34,3183,7282,7282,161284310,118751650
2019,외과,N35,8,8,20,1540030,1124360
2019,외과,N36,10,11,11,174040,134440
2019,외과,N37,15,19,21,786700,586710
2019,외과,N39,2539,5092,5105,107122630,84707030
2019,외과,N40,13915,51441,51448,773265530,621393950
2019,외과,N41,856,3001,3000,88029070,63087370
2019,외과,N42,80,170,169,4190850,3157450
2019,외과,N43,183,442,473,50404330,38529410
2019,외과,N44,9,15,15,229200,168200
2019,외과,N45,347,665,665,12440200,9244600
2019,외과,N46,10,14,14,245660,172560
2019,외과,N47,85,139,139,5282120,3894420
2019,외과,N48,625,998,998,17264120,13000820
2019,외과,N49,58,156,157,5293870,3885400
2019,외과,N50,71,176,176,2726370,2110970
2019,외과,N51,34,66,66,981500,751600
2019,외과,N60,57365,75555,76498,4173192600,2966351370
2019,외과,N61,7608,23312,23396,776666680,551808890
2019,외과,N62,4762,9543,9934,1571260120,1217293030
2019,외과,N63,63681,106920,107979,7457528560,5339578250
2019,외과,N64,134990,163738,164333,7695994770,5469076690
2019,외과,N70,15,24,29,1513340,1086210
2019,외과,N71,42,56,56,827750,617050
2019,외과,N72,2481,4227,4227,315985500,221023050
2019,외과,N73,642,1286,1316,61021740,43295190
2019,외과,N74,7,14,17,1093470,811710
2019,외과,N75,61,139,144,7286710,5171610
2019,외과,N76,1762,2739,2743,116261600,81764510
2019,외과,N77,80,96,95,4742590,3349710
2019,외과,N80,866,1444,1461,90229630,62060010
2019,외과,N81,604,1457,1544,111751720,79917900
2019,외과,N82,12,51,73,8709420,6238700
2019,외과,N83,302,436,441,29937590,19588220
2019,외과,N84,322,467,468,36433170,25508160
2019,외과,N85,171,254,260,14795710,10480700
2019,외과,N86,239,595,595,20974770,15005060
2019,외과,N87,113,214,214,12536080,8803670
2019,외과,N88,4,11,11,180180,158180
2019,외과,N89,3,3,3,39600,30500
2019,외과,N90,3,3,3,59270,43970
2019,외과,N91,428,701,701,33404910,23177610
2019,외과,N92,314,519,520,23261650,16166760
2019,외과,N93,494,818,830,41809060,29783590
2019,외과,N94,924,1396,1397,28358140,19952660
2019,외과,N95,3667,9729,9727,220213500,158340850
2019,외과,N96,3,24,24,179620,126820
2019,외과,N97,133,227,227,12289870,8601830
2019,외과,N98,2,10,10,136180,95480
2019,외과,N99,2,5,5,65010,54310
2019,외과,O00,19,49,49,2587560,2304260
2019,외과,O01,1,1,1,25240,17740
2019,외과,O02,4,9,9,821940,679940
2019,외과,O08,2,2,2,35270,24770
2019,외과,O10,1,1,1,11210,11210
2019,외과,O12,1,1,1,15690,10990
2019,외과,O13,1,2,2,26900,24300
2019,외과,O20,4,4,4,204800,180600
2019,외과,O21,5,7,7,181880,127680
2019,외과,O22,89,102,102,5333030,4595130
2019,외과,O24,13,27,27,742080,575080
2019,외과,O26,3,13,13,118240,83240
2019,외과,O28,1,1,1,70870,49670
2019,외과,O34,1,2,2,22420,15820
2019,외과,O36,1,1,1,15690,10990
2019,외과,O67,1,1,1,27380,19180
2019,외과,O70,3,7,7,803300,562600
2019,외과,O72,1,1,1,11210,7910
2019,외과,O80,1,1,1,15690,10990
2019,외과,O82,7,7,7,192520,134920
2019,외과,O87,2,5,5,370290,259290
2019,외과,O89,1,1,3,148730,112940
2019,외과,O90,8,11,11,643910,451210
2019,외과,O91,1524,2768,2774,56313760,39242570
2019,외과,O92,270,338,338,9451330,6550840
2019,외과,O94,1,3,3,228120,159820
2019,외과,O99,4,4,4,433810,372610
2019,외과,P07,3,3,3,162020,121820
2019,외과,P10,1,4,4,49320,34720
2019,외과,P14,1,1,1,63550,44550
2019,외과,P23,1,13,13,363710,272710
2019,외과,P26,1,1,1,18550,16750
2019,외과,P28,8,8,8,147580,107180
2019,외과,P38,20,44,44,1254650,1136750
2019,외과,P59,2,3,3,54990,52390
2019,외과,P78,2,2,2,35780,34180
2019,외과,P83,32,63,69,3016040,2460860
2019,외과,P92,8,8,8,171510,120410
2019,외과,Q05,5,179,179,3970110,3095470
2019,외과,Q07,1,1,1,15690,10990
2019,외과,Q15,1,1,1,13300,12300
2019,외과,Q17,45,52,52,1392770,1136470
2019,외과,Q18,77,249,249,17244650,13578230
2019,외과,Q20,2,2,2,39340,33740
2019,외과,Q21,5,15,15,309600,240800
2019,외과,Q23,3,3,3,47070,39370
2019,외과,Q25,2,2,2,136240,95440
2019,외과,Q26,1,1,1,5610,4010
2019,외과,Q27,17,24,24,1373380,974080
2019,외과,Q28,1,4,4,79560,55760
2019,외과,Q31,1,4,4,136080,95280
2019,외과,Q34,1,1,1,11210,7910
2019,외과,Q36,2,2,2,34420,27920
2019,외과,Q38,44,63,65,3728950,3332000
2019,외과,Q39,4,4,4,342130,243930
2019,외과,Q40,1,1,1,11210,9710
2019,외과,Q42,4,7,7,192160,145860
2019,외과,Q43,15,30,34,882020,663210
2019,외과,Q44,143,163,163,18665790,12926250
2019,외과,Q50,5,6,11,526450,373110
2019,외과,Q51,1,3,3,277620,194520
2019,외과,Q52,1,1,1,165170,115670
2019,외과,Q53,274,629,629,191224160,179337950
2019,외과,Q54,1,1,1,15690,10990
2019,외과,Q55,92,96,96,4806650,4035230
2019,외과,Q60,1,1,1,11210,9710
2019,외과,Q61,64,85,85,8387750,5993850
2019,외과,Q62,1,1,1,109190,76490
2019,외과,Q63,1,1,1,113670,79570
2019,외과,Q64,12,48,48,8464430,7858660
2019,외과,Q65,6,14,14,192450,150150
2019,외과,Q66,22,25,44,1343650,979640
2019,외과,Q67,15,15,21,810710,593670
2019,외과,Q68,2,2,2,31380,21980
2019,외과,Q69,3,10,10,205860,152660
2019,외과,Q70,5,9,9,221230,163570
2019,외과,Q72,1,2,2,26900,23900
2019,외과,Q74,8,16,38,1570830,1176260
2019,외과,Q76,4,4,4,77660,54460
2019,외과,Q78,6,11,24,1838580,1423690
2019,외과,Q79,35,38,38,1531440,1106940
2019,외과,Q80,2,2,2,35270,24770
2019,외과,Q81,5,16,16,346930,269530
2019,외과,Q82,103,186,186,9070650,6480320
2019,외과,Q83,2805,5659,5958,726488530,557738750
2019,외과,Q84,11,29,29,625340,473040
2019,외과,Q85,477,2504,2519,2295479400,2061566630
2019,외과,Q87,5,9,9,314390,260090
2019,외과,Q89,72,90,90,3376000,2382010
2019,외과,Q90,1,2,2,138520,124720
2019,외과,Q98,2,29,29,367600,332100
2019,외과,Q99,1,1,1,15690,14190
2019,외과,R00,692,953,962,24629990,17925920
2019,외과,R01,8,8,8,160830,128730
2019,외과,R02,17,166,182,6449120,4936390
2019,외과,R03,822,925,922,17627790,13474490
2019,외과,R04,351,401,400,10384520,7695470
2019,외과,R05,1468,2296,2299,37254960,28663180
2019,외과,R06,535,777,776,16821590,12837020
2019,외과,R07,5619,7008,7025,235088620,172005710
2019,외과,R09,125,173,184,6065450,4467610
2019,외과,R10,30779,44449,45350,2567811400,1866602910
2019,외과,R11,4102,5709,5871,252464760,190941940
2019,외과,R12,791,1096,1097,42361810,30460260
2019,외과,R13,34,44,44,1213540,874440
2019,외과,R14,1408,1922,1922,79461960,56903190
2019,외과,R15,3419,9450,9655,618391340,450136660
2019,외과,R16,47,54,54,1920160,1348360
2019,외과,R17,97,130,130,5243290,3686410
2019,외과,R18,16,22,22,616530,494630
2019,외과,R19,14615,19735,20054,1689006460,1219719330
2019,외과,R20,148,169,169,3150850,2384050
2019,외과,R21,100,132,132,2273720,1623310
2019,외과,R22,4716,12916,12924,660397030,477852890
2019,외과,R23,224,277,277,6327110,4620580
2019,외과,R25,334,537,537,7680270,6109270
2019,외과,R26,25,75,75,1278060,1117560
2019,외과,R27,4,4,4,56260,47060
2019,외과,R29,128,160,160,3614160,2581060
2019,외과,R30,448,682,686,14705490,10991700
2019,외과,R31,694,897,897,26133290,19073340
2019,외과,R32,535,1171,1171,16363090,13716150
2019,외과,R33,33,66,67,1198060,961710
2019,외과,R34,6,8,8,107440,91440
2019,외과,R35,476,814,814,12343860,9919260
2019,외과,R36,8,8,8,136890,99690
2019,외과,R39,132,204,204,3662830,2833330
2019,외과,R40,4,4,4,74180,53880
2019,외과,R41,386,911,911,13824590,11205290
2019,외과,R42,8164,13362,13430,250830420,194669300
2019,외과,R43,6,12,12,163690,134590
2019,외과,R44,13,14,14,273980,202780
2019,외과,R45,101,136,140,2314510,1799610
2019,외과,R46,4,4,4,58800,41300
2019,외과,R47,3,3,3,38110,33610
2019,외과,R49,29,30,30,1132990,819290
2019,외과,R50,2951,4455,4526,83077940,63020840
2019,외과,R51,9302,14102,14180,231878850,178169730
2019,외과,R52,4368,7823,7866,145600620,110999350
2019,외과,R53,811,1045,1046,19620170,14530040
2019,외과,R54,19,89,89,2222070,1585370
2019,외과,R55,101,124,124,3433800,2495100
2019,외과,R56,45,118,116,1690850,1315250
2019,외과,R57,23,24,24,594320,444420
2019,외과,R58,56,68,69,2526900,1757190
2019,외과,R59,1440,1979,1986,83108770,58741930
2019,외과,R60,3911,6488,6491,141529550,104783490
2019,외과,R61,125,176,178,4001820,3073020
2019,외과,R62,16,18,18,646420,463720
2019,외과,R63,1722,2424,2425,45555020,36014400
2019,외과,R64,7,10,12,241750,222250
2019,외과,R68,431,506,506,8563750,6150750
2019,외과,R69,29,51,51,3766780,2761780
2019,외과,R71,1,1,1,13660,9660
2019,외과,R72,47,58,55,1245440,882240
2019,외과,R73,4267,6299,6302,139562460,107224260
2019,외과,R74,69,97,97,2761520,2001620
2019,외과,R76,109,231,232,7020130,4181700
2019,외과,R77,3,4,4,156670,111970
2019,외과,R79,32,37,37,891490,640790
2019,외과,R80,249,318,318,6998540,5072440
2019,외과,R81,592,850,850,13017710,10532490
2019,외과,R82,37,44,43,820510,625710
2019,외과,R84,3,3,3,74150,51950
2019,외과,R86,8,8,8,402350,283750
2019,외과,R87,162,322,322,20851070,14684980
2019,외과,R89,31,44,44,1438350,1020770
2019,외과,R91,173,211,211,10620310,7560810
2019,외과,R92,22746,26307,26383,1486672020,1049744240
2019,외과,R93,65,80,80,6405340,4527340
2019,외과,R94,971,1544,1543,62453180,44496090
2019,외과,S00,8602,14904,15209,362421510,271687080
2019,외과,S01,28043,73828,74048,1974667290,1461095120
2019,외과,S02,291,482,756,36359650,26897690
2019,외과,S03,979,1536,1536,31591080,23620350
2019,외과,S04,4,4,18,1072920,793780
2019,외과,S05,72,94,108,4924380,3609320
2019,외과,S06,657,982,1670,79334620,59048450
2019,외과,S07,347,882,895,24591470,18338450
2019,외과,S08,10,32,32,736860,565960
2019,외과,S09,194,580,590,25458470,18464650
2019,외과,S10,597,2004,2009,70169650,49903080
2019,외과,S11,449,921,931,22889390,16842630
2019,외과,S12,12,21,54,2637070,1985300
2019,외과,S13,18787,45810,47608,1113887310,821955320
2019,외과,S14,5,10,17,865720,618740
2019,외과,S15,3,9,9,228500,177400
2019,외과,S16,4,12,12,632720,459390
2019,외과,S17,2,4,4,113260,79360
2019,외과,S19,5,5,5,96560,80660
2019,외과,S20,7753,12926,13077,310501850,233701990
2019,외과,S21,1384,3431,3431,80292990,60170110
2019,외과,S22,4523,12225,18329,739660160,550708060
2019,외과,S23,14262,24864,25099,598945920,448724180
2019,외과,S24,100,140,140,4508650,3216950
2019,외과,S25,6,6,6,281120,216260
2019,외과,S27,10,17,30,1436960,1079560
2019,외과,S28,6,16,16,473270,341770
2019,외과,S29,12,14,14,342710,248610
2019,외과,S30,2548,6387,6502,185190680,137086230
2019,외과,S31,3011,7995,8012,172383750,130592100
2019,외과,S32,1047,3800,6347,254927030,192703750
2019,외과,S33,49140,148888,157197,3601717760,2741108280
2019,외과,S34,11,40,73,2744400,2124040
2019,외과,S35,15,20,20,598810,434330
2019,외과,S36,16,25,45,1855070,1351360
2019,외과,S37,7,17,17,514320,444020
2019,외과,S38,1,2,2,78860,55260
2019,외과,S39,21,33,33,792820,588420
2019,외과,S40,1711,3706,3709,90400610,66837470
2019,외과,S41,1208,3120,3129,74888190,54870230
2019,외과,S42,645,2211,2790,104529640,77907810
2019,외과,S43,21345,59044,59655,1222453890,927793010
2019,외과,S44,25,49,49,2224550,1565950
2019,외과,S45,16,43,43,875880,628280
2019,외과,S46,1209,4123,4774,147932370,110064020
2019,외과,S47,10,19,19,501360,368720
2019,외과,S48,14,25,25,425140,318640
2019,외과,S49,21,59,59,960820,729620
2019,외과,S50,3581,7971,8024,188576330,141679750
2019,외과,S51,5781,18572,18616,464495710,346250680
2019,외과,S52,2403,11983,13132,471876430,350366440
2019,외과,S53,7191,16087,16212,393912880,289046260
2019,외과,S54,52,162,162,7388990,5199890
2019,외과,S55,45,106,106,2926380,2170680
2019,외과,S56,276,892,948,40442690,29265150
2019,외과,S57,114,382,382,9269840,6900660
2019,외과,S58,8,12,12,243650,179950
2019,외과,S59,12,25,25,617420,455820
2019,외과,S60,10972,18905,18937,499195200,364448050
2019,외과,S61,55449,160964,161030,4084551440,2966209150
2019,외과,S62,4354,15470,15984,532492760,384290310
2019,외과,S63,29141,53002,53160,1419291920,1022340760
2019,외과,S64,48,139,139,4699330,3459230
2019,외과,S65,506,1291,1304,46191680,32853480
2019,외과,S66,1352,6580,6727,301464060,216447670
2019,외과,S67,1730,4620,4639,130946210,95146690
2019,외과,S68,86,340,356,13099880,9607770
2019,외과,S69,76,136,136,3551320,2595820
2019,외과,S70,2527,5166,5211,108034270,82818830
2019,외과,S71,1977,5934,5945,147526890,108452220
2019,외과,S72,234,744,1705,69335990,52125560
2019,외과,S73,4515,10377,10570,215495920,167432830
2019,외과,S74,2,2,2,29180,23680
2019,외과,S75,29,77,77,2173740,1587980
2019,외과,S76,661,1578,1741,70295350,50634460
2019,외과,S77,79,146,156,4343730,3285590
2019,외과,S78,23,36,36,643400,491700
2019,외과,S79,25,29,29,1114410,803010
2019,외과,S80,10205,23896,24005,529722700,397619500
2019,외과,S81,13418,44434,44611,1075704670,794067770
2019,외과,S82,1754,7016,10091,422812140,313768300
2019,외과,S83,15338,37811,40321,1031057990,760764400
2019,외과,S84,28,89,93,2427210,1725080
2019,외과,S85,72,224,224,5758860,4134960
2019,외과,S86,1248,3320,3759,131941640,96666490
2019,외과,S87,609,2033,2052,47221810,34712640
2019,외과,S88,25,40,40,739940,557440
2019,외과,S89,39,87,87,1758690,1301390
2019,외과,S90,9104,16565,16625,419143940,305689730
2019,외과,S91,14325,38130,38226,913998750,674413070
2019,외과,S92,4572,16122,19005,762503250,555018470
2019,외과,S93,37511,74776,76263,2101726660,1517164210
2019,외과,S94,13,24,24,618990,469590
2019,외과,S95,93,196,196,5101580,3755180
2019,외과,S96,355,1490,1647,58477170,42073570
2019,외과,S97,1258,2636,2636,63995120,46775190
2019,외과,S98,11,41,41,1018050,726050
2019,외과,S99,158,216,230,5718460,4297020
2019,외과,T00,424,888,905,24525070,16693880
2019,외과,T01,679,1547,1547,40298360,29411650
2019,외과,T02,1,1,1,22120,15520
2019,외과,T03,373,573,573,26267980,18700180
2019,외과,T04,25,66,66,1777070,1286570
2019,외과,T06,3,3,3,68950,48450
2019,외과,T08,9,169,201,5247720,4324940
2019,외과,T09,493,1106,1106,22594030,16781890
2019,외과,T10,3,4,4,120580,84580
2019,외과,T11,151,316,316,7924860,5698900
2019,외과,T12,1,1,1,25720,18020
2019,외과,T13,423,1228,1240,32876060,23889920
2019,외과,T14,4945,10283,10298,262104850,188678850
2019,외과,T15,174,187,187,5130480,3640130
2019,외과,T16,247,283,283,8308260,5993900
2019,외과,T17,315,327,327,8011260,5881060
2019,외과,T18,182,212,213,12713660,9030090
2019,외과,T19,8,28,28,892490,643190
2019,외과,T20,5706,26537,30505,2374586330,1907284530
2019,외과,T21,3848,20793,23146,1521438830,1137669560
2019,외과,T22,10655,53797,55592,2875894620,2068451780
2019,외과,T23,21576,104031,107931,6748101870,5384666860
2019,외과,T24,10124,64188,70281,4308641110,3148335730
2019,외과,T25,6116,43163,49705,3988391220,3263271610
2019,외과,T26,80,257,257,12083620,8886190
2019,외과,T27,2,7,17,1075310,855000
2019,외과,T28,63,214,259,19167790,15347980
2019,외과,T29,142,429,429,16623540,11755030
2019,외과,T30,1181,3362,3403,134106940,95969870
2019,외과,T31,3683,14365,15649,1695502110,1344072420
2019,외과,T33,284,681,681,22502400,16076930
2019,외과,T34,19,73,78,5143430,3318570
2019,외과,T35,60,135,145,5870860,3757160
2019,외과,T38,1,1,1,11210,7910
2019,외과,T39,1,1,1,15690,14690
2019,외과,T40,1,1,1,11210,9710
2019,외과,T42,1,1,1,11210,7910
2019,외과,T48,1,1,1,11210,7910
2019,외과,T49,1,1,1,15690,10990
2019,외과,T50,3,42,44,635270,595840
2019,외과,T51,1,2,2,26900,18900
2019,외과,T54,1,2,2,26760,23760
2019,외과,T55,1,1,1,15690,10990
2019,외과,T56,19,42,42,1047060,740660
2019,외과,T60,22,41,41,552640,455540
2019,외과,T61,3,4,4,70050,50950
2019,외과,T63,1711,2255,2273,43603700,33445220
2019,외과,T64,1,1,1,28590,20090
2019,외과,T65,1,2,2,51900,36400
2019,외과,T66,7,7,7,148500,104200
2019,외과,T67,192,234,264,5738270,4369900
2019,외과,T68,2,2,2,30790,21690
2019,외과,T69,39,45,45,778900,568100
2019,외과,T70,2,2,2,18810,13310
2019,외과,T73,78,121,121,2673840,2012240
2019,외과,T75,7,10,10,202560,154060
2019,외과,T78,1580,2652,2652,44133540,33973930
2019,외과,T79,466,1414,1430,30909850,23183670
2019,외과,T80,5,8,8,98640,71240
2019,외과,T81,3356,11124,12007,403270870,302026840
2019,외과,T82,7,19,19,316900,232500
2019,외과,T83,1,1,1,212870,170300
2019,외과,T84,3,3,3,67430,49230
2019,외과,T85,112,134,134,4092140,2875140
2019,외과,T87,6,66,66,1926690,1423010
2019,외과,T88,290,654,750,18719270,13836670
2019,외과,T90,23,49,49,1492840,1104340
2019,외과,T91,75,206,206,3824310,3099010
2019,외과,T92,65,368,368,12037260,8946960
2019,외과,T93,212,769,769,16423600,12757500
2019,외과,T94,2,5,5,60530,53030
2019,외과,T95,38,180,180,3749050,3216350
2019,외과,T98,47,88,88,2803570,2061570
2019,외과,U84,1,3,3,44890,40390
2019,외과,U99,1,1,1,21830,15330
2019,외과,Z00,1100,1342,1348,69974570,49394670
2019,외과,Z01,374,414,414,8144890,5990690
2019,외과,Z02,23,24,24,294470,217070
2019,외과,Z03,336,348,348,13369650,9635850
2019,외과,Z04,174,196,196,4303910,3078150
2019,외과,Z08,33,56,56,7263140,5291640
2019,외과,Z09,81,87,87,4289310,3065910
2019,외과,Z10,52,52,52,2904030,2049930
2019,외과,Z11,2,2,2,40060,31260
2019,외과,Z12,143,199,199,9895940,6965390
2019,외과,Z13,51,58,58,975540,767340
2019,외과,Z20,37,41,41,1562500,1098000
2019,외과,Z21,1,1,1,13650,9650
2019,외과,Z22,3,4,4,400250,280350
2019,외과,Z23,12,15,15,544530,378250
2019,외과,Z24,12,13,13,151950,106650
2019,외과,Z25,61,72,85,1876250,1395990
2019,외과,Z26,163,242,242,11622670,8190670
2019,외과,Z27,9,11,11,120940,88940
2019,외과,Z29,8,8,8,131850,102050
2019,외과,Z30,103,140,140,6694320,4799420
2019,외과,Z31,3,15,15,195290,137190
2019,외과,Z32,3,3,3,58090,40690
2019,외과,Z33,6,8,8,149400,131700
2019,외과,Z34,65,96,96,5560000,4994800
2019,외과,Z35,1,2,2,22420,15820
2019,외과,Z36,1,1,1,91200,82100
2019,외과,Z39,10,21,21,638420,447920
2019,외과,Z41,5,5,5,611120,393720
2019,외과,Z42,57,62,66,3659170,2725250
2019,외과,Z43,3,98,98,2068050,1645550
2019,외과,Z47,76,174,216,10194910,7880480
2019,외과,Z48,3589,8431,8431,168109550,125469110
2019,외과,Z51,15,20,20,654370,301190
2019,외과,Z52,6,13,13,246580,172980
2019,외과,Z54,98,211,344,14797170,11239610
2019,외과,Z70,20,24,24,376880,282480
2019,외과,Z71,609,690,690,11105380,8339470
2019,외과,Z72,1,1,1,22730,15930
2019,외과,Z73,11,13,13,267740,230540
2019,외과,Z76,5,7,7,100870,82170
2019,외과,Z80,450,636,638,70324110,50608550
2019,외과,Z82,18,62,62,3009310,2162510
2019,외과,Z83,16,17,17,2273410,1591910
2019,외과,Z84,1,1,1,9790,6890
2019,외과,Z85,75,121,121,12053510,8827300
2019,외과,Z86,13,15,15,1217350,871050
2019,외과,Z87,8,9,9,650350,455650
2019,외과,Z88,38,52,51,3382610,2370410
2019,외과,Z91,1,1,1,15690,14190
2019,외과,Z92,139,175,176,16241540,11646390
2019,외과,Z93,11,16,16,449510,377610
2019,외과,Z94,20,29,29,755170,573570
2019,외과,Z95,15,64,71,1772150,1377320
2019,외과,Z96,7,23,30,1008260,728460
2019,외과,Z98,4935,14376,14440,289373950,214565900
2019,외과,Z99,2,2,2,35500,24900
2019,정형외과,A00,3,3,3,61150,42850
2019,정형외과,A02,1,1,1,27220,19120
2019,정형외과,A04,2338,3069,3395,119169650,89786450
2019,정형외과,A05,126,187,191,4261810,3158870
2019,정형외과,A06,1,1,1,19280,13580
2019,정형외과,A08,983,1458,1475,27406970,21079380
2019,정형외과,A09,14630,19851,20796,470223200,350752660
2019,정형외과,A15,14,73,94,2248660,1691100
2019,정형외과,A16,10,42,42,700800,592200
2019,정형외과,A17,3,3,3,115290,97390
2019,정형외과,A18,12,27,27,491110,428310
2019,정형외과,A19,1,1,3,701100,553630
2019,정형외과,A26,1,1,3,232550,178790
2019,정형외과,A28,2,8,8,194920,136820
2019,정형외과,A31,3,6,6,140380,109780
2019,정형외과,A35,19,25,25,1060220,725260
2019,정형외과,A41,13,16,104,9504600,7251660
2019,정형외과,A42,2,5,5,84170,59170
2019,정형외과,A46,19,30,40,1640670,1212490
2019,정형외과,A48,1,1,1,15690,10990
2019,정형외과,A49,796,1744,1772,48784900,34884650
2019,정형외과,A51,4,6,7,500240,377360
2019,정형외과,A52,16,46,60,10369460,8016200
2019,정형외과,A53,4,5,4,302400,217590
2019,정형외과,A54,14,28,28,569680,400080
2019,정형외과,A56,8,11,11,245130,172030
2019,정형외과,A59,17,24,24,407660,293560
2019,정형외과,A60,161,278,278,12316220,8667810
2019,정형외과,A63,444,1487,1485,51256800,35992670
2019,정형외과,A64,11,15,15,680920,480620
2019,정형외과,A65,1,1,1,15690,10990
2019,정형외과,A66,5,15,15,283380,238980
2019,정형외과,A67,3,3,3,51570,36170
2019,정형외과,A69,140,208,208,3450840,2674140
2019,정형외과,A71,1,1,1,11210,7910
2019,정형외과,A74,37,132,132,4124960,2944260
2019,정형외과,A75,22,36,82,6189020,4745810
2019,정형외과,A77,2,2,2,31380,21980
2019,정형외과,A79,1,1,1,18960,13360
2019,정형외과,A83,1,2,2,49960,35060
2019,정형외과,A88,10,14,14,315390,236690
2019,정형외과,A89,1,1,1,15690,10990
2019,정형외과,A93,3,3,3,40730,28730
2019,정형외과,B00,4092,6125,6136,104321660,78011760
2019,정형외과,B01,84,148,148,2067770,1490970
2019,정형외과,B02,10261,25345,29044,872880850,661680190
2019,정형외과,B05,2,2,2,112490,78890
2019,정형외과,B07,1333,3407,3408,114959190,82031830
2019,정형외과,B08,367,696,708,11106230,8668440
2019,정형외과,B09,18,20,20,436330,323030
2019,정형외과,B15,15,31,45,2791960,2071300
2019,정형외과,B16,9,21,21,1397170,979170
2019,정형외과,B17,157,257,266,11420930,8114990
2019,정형외과,B18,651,2080,2099,103683140,73701770
2019,정형외과,B19,56,96,96,2824230,2028830
2019,정형외과,B26,60,79,87,2609010,2068270
2019,정형외과,B27,2,2,2,119400,83700
2019,정형외과,B30,58,88,88,1369060,1007460
2019,정형외과,B33,12,24,27,775130,565620
2019,정형외과,B34,7,10,10,247160,173460
2019,정형외과,B35,27490,61104,61251,940486410,709194340
2019,정형외과,B36,439,721,721,11970280,9088980
2019,정형외과,B37,1050,1757,1757,86167560,60882700
2019,정형외과,B41,1,1,1,4090,2890
2019,정형외과,B43,103,276,276,6501600,4745310
2019,정형외과,B46,39,72,72,1078290,819990
2019,정형외과,B47,21,55,55,721070,537070
2019,정형외과,B48,106,173,173,2533940,1904840
2019,정형외과,B49,132,307,307,5239840,3931940
2019,정형외과,B52,1,1,1,19580,13780
2019,정형외과,B54,7,7,7,108650,81850
2019,정형외과,B56,4,10,10,136100,105100
2019,정형외과,B65,2,2,2,26900,18900
2019,정형외과,B66,19,32,32,414680,298380
2019,정형외과,B68,2,3,3,47070,32970
2019,정형외과,B76,1,1,1,15690,14190
2019,정형외과,B77,1,1,1,11210,7910
2019,정형외과,B81,1,1,1,15700,14200
2019,정형외과,B82,1,1,1,31020,21720
2019,정형외과,B83,23,26,26,538390,397190
2019,정형외과,B85,23,24,24,371940,267940
2019,정형외과,B86,87,119,119,1715840,1315340
2019,정형외과,B88,212,447,478,13289140,9739210
2019,정형외과,B89,3,3,3,63600,44700
2019,정형외과,B90,19,27,27,654080,492580
2019,정형외과,B91,155,239,254,8506120,6256580
2019,정형외과,B95,1,8,8,375240,262840
2019,정형외과,B96,1,1,1,12970,11470
2019,정형외과,B98,3,3,3,38110,28610
2019,정형외과,C00,1,1,1,21370,20370
2019,정형외과,C02,7,39,39,1488910,1416810
2019,정형외과,C04,1,2,2,44160,33180
2019,정형외과,C05,3,21,21,483980,417960
2019,정형외과,C06,2,4,10,696440,657720
2019,정형외과,C07,3,51,51,677630,640130
2019,정형외과,C08,4,59,59,962980,908180
2019,정형외과,C09,6,81,139,10538780,10041450
2019,정형외과,C10,1,2,2,41200,39300
2019,정형외과,C11,6,8,8,164330,145430
2019,정형외과,C15,20,68,133,5549720,4897340
2019,정형외과,C16,263,1024,1105,31499970,28901670
2019,정형외과,C17,5,50,50,796410,753210
2019,정형외과,C18,209,835,918,28388240,26110650
2019,정형외과,C19,27,181,220,6419370,5847540
2019,정형외과,C20,64,247,261,7669180,7129100
2019,정형외과,C21,8,43,58,2273150,2076270
2019,정형외과,C22,124,478,550,15658270,14366740
2019,정형외과,C23,17,45,45,888300,827700
2019,정형외과,C24,40,214,214,4769960,4188420
2019,정형외과,C25,91,595,657,18751870,16849560
2019,정형외과,C26,6,10,10,210660,169560
2019,정형외과,C30,4,10,10,266010,253110
2019,정형외과,C31,1,1,1,18060,17160
2019,정형외과,C32,13,124,124,2730270,2596670
2019,정형외과,C33,1,5,5,81300,70200
2019,정형외과,C34,245,892,1030,31196720,28319140
2019,정형외과,C37,7,12,20,764370,582040
2019,정형외과,C38,2,3,3,76140,63140
2019,정형외과,C39,5,12,21,741670,607130
2019,정형외과,C40,45,539,607,18875260,15338180
2019,정형외과,C41,30,138,199,7232900,6105410
2019,정형외과,C43,33,282,312,7709540,6734350
2019,정형외과,C44,64,244,287,9677630,8227370
2019,정형외과,C45,2,5,5,87530,83530
2019,정형외과,C46,6,18,18,382200,338600
2019,정형외과,C47,2,2,24,1790130,1334760
2019,정형외과,C48,2,14,14,221360,202460
2019,정형외과,C49,53,518,570,14986600,13514990
2019,정형외과,C50,248,1484,1554,37807110,34804220
2019,정형외과,C53,37,171,178,4613730,4073600
2019,정형외과,C54,24,124,125,6291330,5889770
2019,정형외과,C55,2,2,2,38210,36410
2019,정형외과,C56,35,333,359,8008540,7370200
2019,정형외과,C57,9,76,76,1267650,1198350
2019,정형외과,C58,1,1,1,60460,42360
2019,정형외과,C61,103,521,559,16691620,15549470
2019,정형외과,C62,2,4,4,80810,71610
2019,정형외과,C63,1,1,1,26920,25620
2019,정형외과,C64,45,150,180,6647900,6073280
2019,정형외과,C65,6,35,53,2019400,1630040
2019,정형외과,C67,33,198,198,5274360,4984460
2019,정형외과,C68,3,3,3,135860,114660
2019,정형외과,C70,1,4,4,269260,256060
2019,정형외과,C71,30,207,212,4778510,4457120
2019,정형외과,C72,8,27,27,601350,525650
2019,정형외과,C73,150,676,846,27417550,24198050
2019,정형외과,C75,3,18,18,203850,194650
2019,정형외과,C76,18,53,63,1823180,1534760
2019,정형외과,C77,9,26,29,683260,615440
2019,정형외과,C78,29,126,134,2908890,2694870
2019,정형외과,C79,35,187,202,4956390,4472560
2019,정형외과,C80,20,76,118,5942040,4849710
2019,정형외과,C81,6,26,26,517940,480540
2019,정형외과,C82,3,12,12,241380,230180
2019,정형외과,C83,19,61,63,1602180,1491600
2019,정형외과,C84,3,10,10,184720,176220
2019,정형외과,C85,18,83,83,2204920,2082020
2019,정형외과,C86,3,5,5,132180,102680
2019,정형외과,C88,3,14,14,262660,245660
2019,정형외과,C90,28,82,85,2476240,2046940
2019,정형외과,C91,5,10,10,233350,203050
2019,정형외과,C92,19,90,90,1746390,1641330
2019,정형외과,C93,1,4,4,53400,51000
2019,정형외과,C94,4,28,28,451040,416540
2019,정형외과,C95,6,75,75,1680140,1591840
2019,정형외과,C96,9,213,213,4932570,4655970
2019,정형외과,D00,8,99,119,4934120,4510920
2019,정형외과,D01,24,296,310,7881020,7378370
2019,정형외과,D02,10,18,27,1288750,1146400
2019,정형외과,D03,10,24,26,1090360,868860
2019,정형외과,D04,17,107,113,3654080,3132580
2019,정형외과,D05,21,174,199,4907440,4210910
2019,정형외과,D06,20,160,160,6482180,5949180
2019,정형외과,D07,4,7,7,154010,141310
2019,정형외과,D09,7,22,22,506100,482000
2019,정형외과,D10,20,29,29,962310,716110
2019,정형외과,D11,24,32,68,3551780,2650470
2019,정형외과,D12,313,463,480,141168890,102090790
2019,정형외과,D13,70,105,117,5726250,4124390
2019,정형외과,D14,64,92,92,4220700,3062400
2019,정형외과,D15,15,23,25,907440,667510
2019,정형외과,D16,1955,3304,3912,175082720,129630880
2019,정형외과,D17,17932,57144,60540,2863304600,2094110390
2019,정형외과,D18,908,2254,2543,127176180,93496880
2019,정형외과,D19,210,561,565,27528470,19817720
2019,정형외과,D20,5,37,37,809900,594400
2019,정형외과,D21,13594,43386,46245,2132255350,1558904510
2019,정형외과,D22,19,56,56,2021830,1450730
2019,정형외과,D23,6711,22223,22764,904144180,660508120
2019,정형외과,D24,69,85,85,1736380,1283880
2019,정형외과,D25,88,116,162,6289790,4619070
2019,정형외과,D26,25,38,38,1821710,1291410
2019,정형외과,D27,24,37,56,2306600,1635540
2019,정형외과,D28,3,4,4,204380,147580
2019,정형외과,D29,14,23,23,395970,323270
2019,정형외과,D30,23,61,61,2969550,2329950
2019,정형외과,D31,3,11,12,387120,314400
2019,정형외과,D32,49,208,259,8439940,7271650
2019,정형외과,D33,82,424,571,20633760,17443560
2019,정형외과,D34,106,168,168,5433360,3856160
2019,정형외과,D35,30,169,169,8166270,6849670
2019,정형외과,D36,1144,3161,3417,169705660,124995450
2019,정형외과,D37,30,133,149,4533310,4070480
2019,정형외과,D38,6,8,8,249200,224800
2019,정형외과,D39,4,5,15,1022190,877060
2019,정형외과,D40,1,1,1,21830,17530
2019,정형외과,D41,5,43,43,1064680,952680
2019,정형외과,D42,3,9,9,133830,122430
2019,정형외과,D43,22,182,255,8987540,7997920
2019,정형외과,D44,18,58,58,1435180,1194480
2019,정형외과,D45,1,1,1,55220,38720
2019,정형외과,D46,7,57,57,1323910,1225310
2019,정형외과,D47,26,137,160,5545380,4738210
2019,정형외과,D48,408,900,1100,50559060,40075640
2019,정형외과,D50,1283,2443,2468,64776110,46606040
2019,정형외과,D51,33,109,109,2143330,1645830
2019,정형외과,D52,27,44,44,723700,556500
2019,정형외과,D53,62,94,94,2289390,1677290
2019,정형외과,D58,1,1,8,400080,299590
2019,정형외과,D59,2,4,4,137500,120700
2019,정형외과,D61,3,10,10,174650,133250
2019,정형외과,D62,1,3,3,53350,37550
2019,정형외과,D63,5,26,26,428150,356250
2019,정형외과,D64,668,1093,1096,33223210,24228890
2019,정형외과,D65,1,1,1,19580,13780
2019,정형외과,D66,15,161,161,2813980,2526780
2019,정형외과,D68,16,45,56,2270530,1782850
2019,정형외과,D69,119,162,169,4593310,3402990
2019,정형외과,D70,4,5,5,150710,105710
2019,정형외과,D72,48,58,58,1507680,1077580
2019,정형외과,D75,9,9,9,208020,146120
2019,정형외과,D76,5,8,8,228140,159940
2019,정형외과,D80,1,3,3,53530,48330
2019,정형외과,D84,16,26,26,1504320,1054620
2019,정형외과,D86,6,56,56,1413250,1268650
2019,정형외과,D89,1,1,1,20770,14570
2019,정형외과,E00,1,1,1,13670,9570
2019,정형외과,E01,3,3,3,123030,88130
2019,정형외과,E02,1,1,1,19580,13780
2019,정형외과,E03,1888,6491,6497,183972470,133575550
2019,정형외과,E04,134,196,199,8547370,6169640
2019,정형외과,E05,486,1683,1683,57251900,40695560
2019,정형외과,E06,97,199,199,7136640,5067840
2019,정형외과,E07,393,697,699,26189870,18827480
2019,정형외과,E10,710,2911,3193,81605220,62597290
2019,정형외과,E11,18256,101854,102687,2275288640,1735961620
2019,정형외과,E12,19,42,51,1840610,1350210
2019,정형외과,E13,1372,6018,6237,125087380,96694450
2019,정형외과,E14,4795,21948,22373,483190990,369363970
2019,정형외과,E15,3,3,5,247600,198790
2019,정형외과,E16,56,110,118,5171250,3783980
2019,정형외과,E20,9,22,22,266680,189680
2019,정형외과,E21,15,19,19,528880,382280
2019,정형외과,E22,10,34,38,823120,628080
2019,정형외과,E23,27,157,157,2425030,1835630
2019,정형외과,E24,12,53,53,2525740,1929340
2019,정형외과,E25,3,3,5,1519200,1298150
2019,정형외과,E26,1,1,1,15690,10990
2019,정형외과,E27,16,45,45,1639930,1369230
2019,정형외과,E28,37,57,57,1034670,729270
2019,정형외과,E29,8,22,22,294360,212760
2019,정형외과,E30,76,145,145,2190910,1544810
2019,정형외과,E31,1,1,1,13660,12160
2019,정형외과,E32,3,4,4,89200,62600
2019,정형외과,E34,149,259,279,13667350,10378900
2019,정형외과,E35,6,7,7,196760,138060
2019,정형외과,E41,8,13,13,251210,203810
2019,정형외과,E44,12,16,16,235780,179180
2019,정형외과,E45,14,14,14,230740,161940
2019,정형외과,E46,24,27,27,446460,355460
2019,정형외과,E50,507,945,945,12948250,9390350
2019,정형외과,E53,20,31,31,797210,593310
2019,정형외과,E54,3,3,12,733130,556800
2019,정형외과,E55,6258,11871,11956,272680710,199856050
2019,정형외과,E56,377,620,629,12225850,9532450
2019,정형외과,E58,637,1313,1380,65463730,48078420
2019,정형외과,E60,1,2,2,24870,17570
2019,정형외과,E61,78,130,130,2796320,2078820
2019,정형외과,E63,130,267,267,4569000,3484900
2019,정형외과,E64,72,97,103,4798840,3525680
2019,정형외과,E65,35,40,40,642100,466800
2019,정형외과,E66,476,892,892,25116670,17694950
2019,정형외과,E67,1,2,2,41630,29230
2019,정형외과,E70,7,9,9,301380,211380
2019,정형외과,E71,1,1,1,11210,10110
2019,정형외과,E73,3,3,3,30820,22820
2019,정형외과,E74,3,4,4,91690,84990
2019,정형외과,E75,6,20,31,1011220,733270
2019,정형외과,E78,13294,40948,41082,814184490,598870120
2019,정형외과,E79,181,494,523,8107810,5942200
2019,정형외과,E83,2488,5754,5755,126118280,94068710
2019,정형외과,E84,7,11,11,369740,262940
2019,정형외과,E85,1,1,3,184810,156660
2019,정형외과,E86,965,1620,1680,36062030,27740350
2019,정형외과,E87,216,300,340,19802030,14579380
2019,정형외과,E88,185,418,449,21199780,15430950
2019,정형외과,E89,34,88,88,2212080,1594080
2019,정형외과,E90,2,2,2,48270,37070
2019,정형외과,F00,940,4873,4872,67491440,52159750
2019,정형외과,F01,106,337,336,6198870,4895360
2019,정형외과,F02,30,91,91,1517920,1242620
2019,정형외과,F03,377,908,908,17227330,13310730
2019,정형외과,F04,2,3,3,44600,36900
2019,정형외과,F05,14,31,31,508400,428800
2019,정형외과,F06,5178,14200,14242,248192670,200789260
2019,정형외과,F07,242,350,416,15816610,11774750
2019,정형외과,F09,6,23,23,468210,345510
2019,정형외과,F10,42,93,98,4630040,3602500
2019,정형외과,F13,1,1,1,55110,38610
2019,정형외과,F15,1,1,1,16260,11460
2019,정형외과,F17,24,42,42,573480,408280
2019,정형외과,F19,1,2,2,49360,36460
2019,정형외과,F20,25,100,130,5563400,4461730
2019,정형외과,F22,7,43,43,3070550,2637150
2019,정형외과,F23,2,3,3,162830,126030
2019,정형외과,F25,8,58,58,3155740,2790640
2019,정형외과,F28,2,2,2,21660,18660
2019,정형외과,F29,1,1,1,17560,15860
2019,정형외과,F30,4,11,11,184630,136630
2019,정형외과,F31,92,449,461,19219640,14849030
2019,정형외과,F32,859,2463,2478,37521040,29413540
2019,정형외과,F33,84,220,234,4984460,3947640
2019,정형외과,F34,34,87,87,1874040,1376540
2019,정형외과,F38,125,256,256,6099150,4555050
2019,정형외과,F39,56,100,100,1565980,1233880
2019,정형외과,F40,35,60,60,815540,643240
2019,정형외과,F41,2272,5551,5614,175844530,139241610
2019,정형외과,F42,3,5,5,137950,110450
2019,정형외과,F43,63,138,149,5973400,4674120
2019,정형외과,F44,1,1,1,15690,10990
2019,정형외과,F45,780,2068,2068,34917450,26418120
2019,정형외과,F48,1552,2402,2480,50246450,37684500
2019,정형외과,F50,70,208,210,3466180,2631430
2019,정형외과,F51,3595,10291,10292,152528160,119296040
2019,정형외과,F52,150,221,221,2081520,1530520
2019,정형외과,F54,7,8,8,301900,217700
2019,정형외과,F59,3,5,5,68870,48470
2019,정형외과,F60,6,9,9,120670,93970
2019,정형외과,F63,2,3,3,73660,51660
2019,정형외과,F64,3,3,3,47980,35180
2019,정형외과,F66,1,1,1,15690,10990
2019,정형외과,F71,1,1,1,11210,7910
2019,정형외과,F73,1,1,1,11210,9710
2019,정형외과,F78,1,1,1,15690,14690
2019,정형외과,F79,1,2,2,30170,25470
2019,정형외과,F80,1,1,1,51490,40690
2019,정형외과,F82,1,1,1,44630,31330
2019,정형외과,F84,6,67,67,1307250,1145450
2019,정형외과,F88,1,2,2,26900,18900
2019,정형외과,F89,2,2,2,76330,56730
2019,정형외과,F90,20,68,68,2191100,1667600
2019,정형외과,F91,1,1,1,15690,10990
2019,정형외과,F92,21,74,74,1050030,807830
2019,정형외과,F93,2,2,2,36180,27180
2019,정형외과,F95,35,49,49,1683320,1276320
2019,정형외과,F98,3,3,3,50960,35760
2019,정형외과,F99,1,1,1,11210,7910
2019,정형외과,G00,2,2,2,47140,41440
2019,정형외과,G03,7,8,10,338350,239720
2019,정형외과,G04,12,23,23,485580,359280
2019,정형외과,G05,77,115,115,2792820,2040620
2019,정형외과,G06,7,10,32,4852710,3615630
2019,정형외과,G09,7,12,12,333670,277470
2019,정형외과,G10,1,1,1,15690,10990
2019,정형외과,G11,31,240,240,5002650,4015050
2019,정형외과,G12,49,321,335,6831100,5466940
2019,정형외과,G13,2,3,3,42590,33090
2019,정형외과,G14,500,906,906,18721910,13870910
2019,정형외과,G20,545,2708,2783,72153760,62824460
2019,정형외과,G21,147,287,293,5102700,4238630
2019,정형외과,G22,18,142,142,2466650,2175350
2019,정형외과,G23,27,156,156,1761230,1400330
2019,정형외과,G24,438,800,800,17853290,12929490
2019,정형외과,G25,2216,6281,6289,123106310,95066720
2019,정형외과,G30,84,334,334,7173210,5653610
2019,정형외과,G31,8094,21091,21109,348750030,281577810
2019,정형외과,G32,13,33,33,618520,519220
2019,정형외과,G35,20,187,187,3799710,3384110
2019,정형외과,G36,2,7,7,205700,185600
2019,정형외과,G37,11,24,34,1180670,889490
2019,정형외과,G40,197,930,930,12935270,9733670
2019,정형외과,G41,27,76,76,1393920,1169120
2019,정형외과,G43,6096,10963,11012,253907320,187235340
2019,정형외과,G44,5310,10204,10337,333480490,242127660
2019,정형외과,G45,228,714,759,20916760,16139220
2019,정형외과,G46,156,371,371,13878760,10192560
2019,정형외과,G47,11153,29650,30000,442383930,340973690
2019,정형외과,G50,545,1193,1287,41353800,31094680
2019,정형외과,G51,933,3041,3129,67679140,50294130
2019,정형외과,G52,66,91,91,2769150,2060550
2019,정형외과,G53,1805,6113,6630,235797690,178359180
2019,정형외과,G54,4067,12901,13482,498281950,362593420
2019,정형외과,G55,3053,12546,13792,479978410,355482450
2019,정형외과,G56,51057,153810,162338,6023556210,4414267250
2019,정형외과,G57,16483,49116,49887,1508943170,1103756890
2019,정형외과,G58,6668,14779,14954,501440270,365615260
2019,정형외과,G59,260,873,882,18767820,14813340
2019,정형외과,G60,31,110,128,3843630,3301650
2019,정형외과,G61,40,641,641,12482030,10941530
2019,정형외과,G62,596,1458,1537,53663570,40180490
2019,정형외과,G63,1184,3843,3849,98840030,75496970
2019,정형외과,G64,2101,4804,4819,96698870,72788570
2019,정형외과,G70,48,245,253,7921910,6981660
2019,정형외과,G71,62,148,148,3167170,2481870
2019,정형외과,G72,11,22,22,337090,243290
2019,정형외과,G73,10,46,46,1169530,864630
2019,정형외과,G80,278,771,794,16468280,12125100
2019,정형외과,G81,748,1916,1943,39119690,30189290
2019,정형외과,G82,304,1048,1064,18110700,13634620
2019,정형외과,G83,291,917,1013,27712190,20909420
2019,정형외과,G90,163,367,367,7682120,5722120
2019,정형외과,G91,9,12,12,1147570,803670
2019,정형외과,G93,298,550,552,17845750,13006790
2019,정형외과,G94,5,8,8,689230,492430
2019,정형외과,G95,347,1392,1669,54822240,42343440
2019,정형외과,G96,11,16,16,359900,276100
2019,정형외과,G97,3,3,10,684550,512710
2019,정형외과,G98,13,18,18,440780,332180
2019,정형외과,G99,34,187,251,9042200,6942160
2019,정형외과,H00,1390,1869,1869,31514360,22834210
2019,정형외과,H01,588,774,774,11946750,8957550
2019,정형외과,H02,78,110,116,3813010,2829490
2019,정형외과,H03,3,12,26,1828140,1407290
2019,정형외과,H04,1882,3197,3197,48933650,36128650
2019,정형외과,H05,66,90,90,2380990,1720890
2019,정형외과,H06,4,4,4,180950,126850
2019,정형외과,H10,2675,3750,3750,58628870,44487780
2019,정형외과,H11,947,1628,1635,23544700,17343870
2019,정형외과,H13,8,18,18,218580,172780
2019,정형외과,H15,3,4,4,57160,43260
2019,정형외과,H16,396,620,623,9622520,7179290
2019,정형외과,H17,3,4,4,75390,58590
2019,정형외과,H18,12,15,15,198900,145200
2019,정형외과,H19,81,138,138,2005040,1487140
2019,정형외과,H20,8,36,36,900310,673610
2019,정형외과,H21,1,1,1,19580,13780
2019,정형외과,H25,262,499,499,22133190,17067390
2019,정형외과,H26,67,141,141,3375250,2505060
2019,정형외과,H28,15,42,42,591600,502200
2019,정형외과,H30,2,2,2,29350,26350
2019,정형외과,H31,1,1,1,14750,10350
2019,정형외과,H32,2,6,6,82920,73420
2019,정형외과,H33,4,5,5,84210,59110
2019,정형외과,H34,8,29,29,307680,227480
2019,정형외과,H35,56,199,199,4840920,3982420
2019,정형외과,H36,119,236,236,8688330,6418750
2019,정형외과,H40,206,415,415,9011800,6765500
2019,정형외과,H42,4,4,4,48200,40300
2019,정형외과,H43,3,4,4,94870,66570
2019,정형외과,H44,42,66,66,940640,687620
2019,정형외과,H46,1,1,1,11210,9710
2019,정형외과,H47,8,11,10,184070,136890
2019,정형외과,H49,3,7,7,89010,65910
2019,정형외과,H50,14,19,19,356960,257560
2019,정형외과,H52,890,1146,1146,61833850,43593050
2019,정형외과,H53,23,25,24,1240410,901820
2019,정형외과,H54,10,19,19,589570,511270
2019,정형외과,H55,2,2,2,31380,21980
2019,정형외과,H57,51,54,54,1353840,973640
2019,정형외과,H59,7,22,22,705220,498320
2019,정형외과,H60,1301,2223,2246,45751020,33341390
2019,정형외과,H61,89,203,203,5202790,3717290
2019,정형외과,H62,15,23,23,385910,280210
2019,정형외과,H65,280,574,579,9146120,7049260
2019,정형외과,H66,938,2460,2463,35000920,27180920
2019,정형외과,H67,13,19,19,263900,198300
2019,정형외과,H68,5,6,6,115080,86380
2019,정형외과,H69,5,6,6,93740,65940
2019,정형외과,H70,8,10,10,168070,123170
2019,정형외과,H71,1,3,17,999520,749530
2019,정형외과,H72,11,12,12,203750,158850
2019,정형외과,H73,6,6,6,88820,69220
2019,정형외과,H74,2,2,2,22420,17620
2019,정형외과,H80,1,1,1,25720,18020
2019,정형외과,H81,4111,7503,7613,172747510,132188880
2019,정형외과,H82,104,168,174,4968140,3749390
2019,정형외과,H83,6,9,16,1057300,820440
2019,정형외과,H90,9,17,17,453910,323110
2019,정형외과,H91,33,45,45,951810,721910
2019,정형외과,H92,56,59,69,1051390,799900
2019,정형외과,H93,331,605,615,11238280,8708360
2019,정형외과,I00,64,171,171,6800510,5028610
2019,정형외과,I05,12,44,44,1456220,1073920
2019,정형외과,I06,1,2,2,26900,18900
2019,정형외과,I07,4,8,19,1119090,831310
2019,정형외과,I08,9,20,20,433280,317780
2019,정형외과,I10,81902,450109,450989,7627848040,5915637390
2019,정형외과,I11,616,2419,2428,44814780,35386390
2019,정형외과,I12,702,1166,1166,57117050,40812550
2019,정형외과,I13,1216,1714,1715,125238830,88364910
2019,정형외과,I15,286,1421,1421,24136730,19299310
2019,정형외과,I20,968,2877,2925,64277500,49164290
2019,정형외과,I21,59,173,187,4442950,3299150
2019,정형외과,I22,4,5,5,94370,73070
2019,정형외과,I23,4,27,27,241550,185950
2019,정형외과,I24,23,59,75,1396310,1164100
2019,정형외과,I25,81,318,318,6082000,4703200
2019,정형외과,I26,10,15,32,2055390,1543240
2019,정형외과,I27,86,181,181,2233080,1823680
2019,정형외과,I28,3,3,3,56070,43370
2019,정형외과,I30,1,1,1,161020,112720
2019,정형외과,I31,3,10,10,254150,180150
2019,정형외과,I34,14,35,35,1005040,745540
2019,정형외과,I35,32,171,176,5995220,4428180
2019,정형외과,I36,5,6,6,253300,177600
2019,정형외과,I37,2,3,3,229960,162860
2019,정형외과,I39,6,9,9,177010,129210
2019,정형외과,I40,1,1,1,15690,14190
2019,정형외과,I42,28,153,153,4864340,4277940
2019,정형외과,I43,1,1,1,16770,11770
2019,정형외과,I44,6,21,28,1037220,790250
2019,정형외과,I45,6,6,6,113980,81880
2019,정형외과,I46,1,1,1,146880,102880
2019,정형외과,I47,60,117,117,3056770,2213170
2019,정형외과,I48,203,940,955,26713570,20272900
2019,정형외과,I49,409,957,981,26054570,19464580
2019,정형외과,I50,216,514,514,13463250,10400250
2019,정형외과,I51,62,108,108,2621820,1958520
2019,정형외과,I52,1,1,1,15690,10990
2019,정형외과,I60,43,91,91,1407100,1115800
2019,정형외과,I61,108,285,295,5932540,4647310
2019,정형외과,I62,14,23,34,1888220,1419920
2019,정형외과,I63,1166,4793,4957,110741830,86584360
2019,정형외과,I64,70,159,161,2916850,2321330
2019,정형외과,I65,132,756,756,13985770,10958810
2019,정형외과,I66,26,98,98,3830180,2831980
2019,정형외과,I67,477,1608,1771,58930770,44817480
2019,정형외과,I68,60,116,116,1779920,1407220
2019,정형외과,I69,770,1863,1978,55323100,42598710
2019,정형외과,I70,579,1692,1751,35940780,28156120
2019,정형외과,I71,25,71,86,2287490,1750800
2019,정형외과,I72,18,24,35,1134310,842750
2019,정형외과,I73,6938,15854,15950,325092060,248922900
2019,정형외과,I74,128,385,435,11148990,8575680
2019,정형외과,I77,41,111,111,1653660,1366860
2019,정형외과,I78,60,151,151,2572010,2015840
2019,정형외과,I79,49,275,275,6161810,5061210
2019,정형외과,I80,813,1648,1708,39779640,30351650
2019,정형외과,I82,64,112,112,2901700,2140000
2019,정형외과,I83,2674,5340,5500,143190880,109735680
2019,정형외과,I85,2,2,2,44880,31680
2019,정형외과,I86,222,322,342,7584940,5719650
2019,정형외과,I87,5163,10038,10083,211842010,159663870
2019,정형외과,I88,251,373,391,9379960,6966760
2019,정형외과,I89,1598,3075,3090,70031520,52732490
2019,정형외과,I95,122,141,151,4135630,3092000
2019,정형외과,I97,6,17,17,425140,310140
2019,정형외과,I98,6,7,7,100280,84380
2019,정형외과,I99,42,102,102,1644290,1280190
2019,정형외과,J00,40743,68746,68998,1131786400,857094250
2019,정형외과,J01,7571,13129,13197,233613510,172616690
2019,정형외과,J02,18741,29693,29758,492123890,366985130
2019,정형외과,J03,27539,44316,44511,749943080,552802810
2019,정형외과,J04,16738,30305,30395,503795630,381441320
2019,정형외과,J05,68,147,147,2319800,1760800
2019,정형외과,J06,44979,77527,77823,1261994350,954971950
2019,정형외과,J09,241,329,625,48843190,41098830
2019,정형외과,J10,2088,2761,3517,158545040,127841290
2019,정형외과,J11,1665,2443,2934,96454020,76310360
2019,정형외과,J12,85,110,160,6251920,4782550
2019,정형외과,J13,2,2,21,1380020,1019460
2019,정형외과,J14,3,3,3,60330,42430
2019,정형외과,J15,542,936,1112,41905990,31837780
2019,정형외과,J16,96,105,109,2806950,2067810
2019,정형외과,J17,14,16,30,2472130,1904220
2019,정형외과,J18,3114,5393,6777,315246680,241190950
2019,정형외과,J20,93244,179866,180475,2963779210,2226056050
2019,정형외과,J21,7399,13451,13488,230255360,174749640
2019,정형외과,J22,5105,8441,8497,149359110,110006230
2019,정형외과,J30,36571,65270,65294,1040478330,783753740
2019,정형외과,J31,248,425,425,7213770,5312470
2019,정형외과,J32,1518,2273,2302,41146410,30094080
2019,정형외과,J33,5,7,7,130190,91390
2019,정형외과,J34,190,299,315,6557910,4915940
2019,정형외과,J35,1004,1301,1310,20887690,15101350
2019,정형외과,J36,6566,11736,11846,221100380,161874100
2019,정형외과,J37,120,254,254,3737770,3085070
2019,정형외과,J38,26,56,56,1690630,1238330
2019,정형외과,J39,445,655,657,10999160,8167000
2019,정형외과,J40,20888,36888,37193,612168920,467915020
2019,정형외과,J41,2892,5128,5157,80073600,62478890
2019,정형외과,J42,3086,6405,6421,100225250,77745190
2019,정형외과,J43,31,48,55,2340100,1796940
2019,정형외과,J44,758,1771,1900,50815480,39902270
2019,정형외과,J45,5475,12588,12859,227503370,175152100
2019,정형외과,J46,78,270,285,4968910,3769490
2019,정형외과,J47,92,210,216,4477550,3450640
2019,정형외과,J61,1,1,1,15690,10990
2019,정형외과,J62,2,2,2,46060,32260
2019,정형외과,J63,2,3,16,866170,643290
2019,정형외과,J64,4,4,4,222100,160100
2019,정형외과,J67,4,4,11,567530,420820
2019,정형외과,J68,2,2,2,107480,75280
2019,정형외과,J69,2,2,17,1385490,1045260
2019,정형외과,J70,1,1,8,365590,282800
2019,정형외과,J81,7,9,9,600420,450720
2019,정형외과,J82,1,3,3,1000,800
2019,정형외과,J84,206,333,343,7259160,5633580
2019,정형외과,J85,4,16,27,1338820,1037370
2019,정형외과,J86,4,7,10,455980,343360
2019,정형외과,J90,52,66,80,3384440,2522150
2019,정형외과,J91,6,6,6,176000,128100
2019,정형외과,J92,1,1,1,51060,35760
2019,정형외과,J93,362,571,616,18864880,13716380
2019,정형외과,J94,37,57,67,2707490,2013200
2019,정형외과,J96,8,8,8,177970,125070
2019,정형외과,J98,168,193,214,7372060,5394280
2019,정형외과,J99,2,3,3,47070,42570
2019,정형외과,K00,4,5,7,423580,312880
2019,정형외과,K01,11,16,16,260500,187000
2019,정형외과,K02,15,23,23,378810,311210
2019,정형외과,K03,3,5,5,82790,61790
2019,정형외과,K04,192,285,287,4628770,3568450
2019,정형외과,K05,1300,2292,2319,38904270,30169720
2019,정형외과,K06,28,42,66,3492420,2756560
2019,정형외과,K07,16177,32046,32051,764378120,555643250
2019,정형외과,K08,348,434,434,7905880,6024040
2019,정형외과,K09,24,35,35,871720,635520
2019,정형외과,K10,328,583,593,15831030,11685410
2019,정형외과,K11,188,256,261,4565040,3451670
2019,정형외과,K12,1980,3102,3101,51381590,39484710
2019,정형외과,K13,81,116,116,2259590,1718390
2019,정형외과,K14,204,289,289,4770640,3705240
2019,정형외과,K20,319,442,442,8314620,6094500
2019,정형외과,K21,21408,44202,44475,1060879810,780912710
2019,정형외과,K22,30,41,45,1546360,1197800
2019,정형외과,K23,2,2,2,37230,30130
2019,정형외과,K25,4685,8449,8538,179809390,133601400
2019,정형외과,K26,675,1113,1113,37274410,26769460
2019,정형외과,K27,2684,4977,5003,87173760,66394420
2019,정형외과,K28,40,88,88,1128320,913520
2019,정형외과,K29,86825,192975,193689,5161108300,3754636420
2019,정형외과,K30,9533,21520,21701,485680730,363869890
2019,정형외과,K31,520,781,778,13462760,10204720
2019,정형외과,K35,313,432,466,16521860,11938190
2019,정형외과,K36,61,79,80,1793000,1283840
2019,정형외과,K37,128,188,188,5229130,3775930
2019,정형외과,K38,16,21,21,523750,386950
2019,정형외과,K40,287,380,451,13361960,10368910
2019,정형외과,K41,30,51,51,893310,726110
2019,정형외과,K42,14,17,17,356760,254760
2019,정형외과,K43,53,70,79,1871280,1461650
2019,정형외과,K44,4,5,5,94170,78470
2019,정형외과,K45,23,27,33,863420,686440
2019,정형외과,K46,99,133,133,2454770,1940430
2019,정형외과,K50,135,182,185,4132530,3271810
2019,정형외과,K51,40,94,122,4456490,3546860
2019,정형외과,K52,8627,12160,12352,233556460,175375450
2019,정형외과,K55,4,9,14,723070,564750
2019,정형외과,K56,134,204,283,13247310,10266220
2019,정형외과,K57,78,154,180,9515410,7035310
2019,정형외과,K58,8727,12278,12403,253629130,190277140
2019,정형외과,K59,16588,31157,31433,687132820,513977770
2019,정형외과,K60,96,172,173,6350500,4909000
2019,정형외과,K61,230,653,684,22214890,16792620
2019,정형외과,K62,129,173,174,8936650,6477330
2019,정형외과,K63,602,823,843,148616930,104320830
2019,정형외과,K64,964,1663,1708,81686500,64541660
2019,정형외과,K65,37,60,97,4365700,3406400
2019,정형외과,K66,6,10,10,183620,147220
2019,정형외과,K70,463,925,1063,41215760,30368110
2019,정형외과,K71,128,275,278,7036690,5058610
2019,정형외과,K72,137,321,342,10214350,7456420
2019,정형외과,K73,711,1505,1517,44039110,31608610
2019,정형외과,K74,111,224,234,6029830,4514170
2019,정형외과,K75,1313,2368,2449,92932270,67093780
2019,정형외과,K76,3678,5663,5980,209940020,150103440
2019,정형외과,K77,15,27,27,1128580,806680
2019,정형외과,K80,353,722,819,34221370,25465030
2019,정형외과,K81,166,358,456,17625180,13473990
2019,정형외과,K82,88,145,151,6265790,4451630
2019,정형외과,K83,26,47,47,1974350,1402560
2019,정형외과,K85,39,84,161,15197390,11699210
2019,정형외과,K86,49,93,117,4937560,3648090
2019,정형외과,K87,8,16,16,827160,604260
2019,정형외과,K90,16,26,26,1043160,740960
2019,정형외과,K91,26,56,59,1115360,827440
2019,정형외과,K92,115,155,160,5553880,4157160
2019,정형외과,K93,4,4,4,52090,36590
2019,정형외과,L00,1,1,1,30230,21230
2019,정형외과,L01,442,780,800,17017660,12771340
2019,정형외과,L02,32935,107203,109377,2742414760,2031624930
2019,정형외과,L03,129080,342729,358534,9652434160,7129982360
2019,정형외과,L04,2047,3311,3346,62942750,45983420
2019,정형외과,L05,194,765,772,22611250,16476050
2019,정형외과,L08,4579,10747,11281,274069720,204310670
2019,정형외과,L10,30,58,58,1121270,831970
2019,정형외과,L11,5,5,5,57380,42380
2019,정형외과,L12,3,7,7,144740,101640
2019,정형외과,L13,160,284,284,5441950,4007550
2019,정형외과,L14,4,12,12,248550,163910
2019,정형외과,L20,2233,4035,4042,63687070,48624240
2019,정형외과,L21,2085,3399,3406,52137780,40410070
2019,정형외과,L22,15,18,18,235580,195080
2019,정형외과,L23,22151,37392,37420,596287670,460448460
2019,정형외과,L24,1637,2947,2966,49003450,38771330
2019,정형외과,L25,4218,6970,6967,112264360,85817220
2019,정형외과,L26,6,22,22,394900,289400
2019,정형외과,L27,290,396,396,6985670,5213970
2019,정형외과,L28,892,1532,1538,26568660,20521270
2019,정형외과,L29,2565,4175,4180,71356100,55533570
2019,정형외과,L30,6347,10147,10177,162957410,126807570
2019,정형외과,L40,479,944,944,14450350,10854150
2019,정형외과,L41,8,8,8,126330,94330
2019,정형외과,L42,8,8,8,135890,98690
2019,정형외과,L43,15,20,20,294120,209920
2019,정형외과,L44,6,6,6,86260,60760
2019,정형외과,L45,1,1,1,13020,9120
2019,정형외과,L50,17130,28618,28714,486981100,373791100
2019,정형외과,L51,9,12,12,196720,150720
2019,정형외과,L52,33,55,55,1022060,741760
2019,정형외과,L53,38,78,78,1251590,916290
2019,정형외과,L54,1,1,1,15690,10990
2019,정형외과,L55,43,50,50,1111280,813880
2019,정형외과,L56,20,55,55,833380,651680
2019,정형외과,L57,17,25,25,623950,448950
2019,정형외과,L59,3,5,5,89650,76850
2019,정형외과,L60,58908,212544,213182,5889456720,4256275150
2019,정형외과,L62,15,21,21,469570,355370
2019,정형외과,L63,205,470,470,9400950,6634250
2019,정형외과,L64,87,173,173,2534650,1804350
2019,정형외과,L65,126,222,222,3491750,2478950
2019,정형외과,L66,58,86,86,1506210,1123210
2019,정형외과,L67,1,2,2,0,0
2019,정형외과,L70,461,824,824,11755010,8309310
2019,정형외과,L71,40,91,91,961080,712380
2019,정형외과,L72,7935,30789,31222,1160389700,840859210
2019,정형외과,L73,53,124,123,3361150,2495610
2019,정형외과,L74,30,31,31,499040,361140
2019,정형외과,L75,4,12,12,277690,198290
2019,정형외과,L80,38,43,43,747160,582360
2019,정형외과,L81,70,82,82,1199300,897600
2019,정형외과,L82,18,36,36,1310540,953840
2019,정형외과,L84,15661,47546,47921,1604519750,1167049860
2019,정형외과,L85,557,792,791,12451440,9526800
2019,정형외과,L86,20,20,20,498980,363380
2019,정형외과,L87,2,3,3,39910,31210
2019,정형외과,L88,36,236,241,5825670,4414200
2019,정형외과,L89,1215,9037,9317,224034970,178460320
2019,정형외과,L90,177,240,253,8096310,6099780
2019,정형외과,L91,259,381,382,9903190,7175120
2019,정형외과,L92,422,1010,1052,47398820,34054930
2019,정형외과,L93,15,29,29,966550,683350
2019,정형외과,L94,19,58,62,2588810,1880220
2019,정형외과,L95,75,123,125,2742460,1992480
2019,정형외과,L97,99,1066,1135,31230220,24648810
2019,정형외과,L98,383,2622,2714,70164300,54149330
2019,정형외과,L99,1,4,4,214900,150500
2019,정형외과,M00,2190,9143,15077,985451490,743599140
2019,정형외과,M01,37,81,122,8978820,6812960
2019,정형외과,M02,173,505,518,12595660,9374080
2019,정형외과,M03,8,19,35,1165150,879330
2019,정형외과,M05,3368,23616,24449,761055090,646510630
2019,정형외과,M06,16845,56445,57277,1428397450,1050166930
2019,정형외과,M07,925,2464,2478,54414550,42024020
2019,정형외과,M08,120,290,304,8290630,6253550
2019,정형외과,M09,9,29,29,700090,554190
2019,정형외과,M10,124373,439305,442884,8922321950,6499227880
2019,정형외과,M11,455,1372,1412,35271680,25752360
2019,정형외과,M12,10752,37133,37600,1003940470,731835080
2019,정형외과,M13,174033,596530,607487,18430507790,13703461780
2019,정형외과,M14,88,419,419,7031100,5312600
2019,정형외과,M15,16165,62334,65884,1693222470,1292707690
2019,정형외과,M16,14366,46212,49490,1400678220,1060194260
2019,정형외과,M17,1089217,6227713,6394605,240756984570,177554546500
2019,정형외과,M18,2975,8812,8830,189861010,140171470
2019,정형외과,M19,280671,937551,948027,25496265290,18946000680
2019,정형외과,M20,23354,53708,74822,5458639850,4062163880
2019,정형외과,M21,9353,18505,23969,1633786850,1207490350
2019,정형외과,M22,64936,159047,160423,4177741380,2969913630
2019,정형외과,M23,80765,243145,277463,11464755530,8345381920
2019,정형외과,M24,43223,186076,194231,5490468840,4039578250
2019,정형외과,M25,296958,802550,811133,23929776390,17328617380
2019,정형외과,M30,5,12,12,308580,248780
2019,정형외과,M31,10,13,13,570980,467080
2019,정형외과,M32,46,491,560,13629050,11707250
2019,정형외과,M33,15,29,64,2747760,2317920
2019,정형외과,M34,21,108,108,2448000,2118300
2019,정형외과,M35,238,1019,1061,27630480,23773940
2019,정형외과,M36,11,98,98,1938050,1810550
2019,정형외과,M40,13480,45079,45528,1444923320,1043526630
2019,정형외과,M41,24022,71449,72134,1884329090,1354933250
2019,정형외과,M42,338,1192,1210,35713220,26792140
2019,정형외과,M43,45799,217228,224944,6619485750,4959191490
2019,정형외과,M45,1771,9389,9699,295067540,244319220
2019,정형외과,M46,9799,40701,41348,1222033690,921275200
2019,정형외과,M47,356492,1696115,1718880,55588733980,41542589480
2019,정형외과,M48,543550,3438654,3513248,108702853440,83250305650
2019,정형외과,M49,5583,32833,33396,1444086430,1082923260
2019,정형외과,M50,342528,1674811,1713420,49919587520,36531397410
2019,정형외과,M51,502145,2653254,2761988,84754868100,62427293230
2019,정형외과,M53,82278,244347,246402,7963118900,5741842460
2019,정형외과,M54,1267646,4777016,4812679,147843503810,108030950680
2019,정형외과,M60,21503,51645,52082,1199936430,886756090
2019,정형외과,M61,1900,7222,7426,196365100,142474420
2019,정형외과,M62,75410,174646,175365,4176269920,3046428600
2019,정형외과,M63,12,24,24,503870,353770
2019,정형외과,M65,876517,2422135,2439035,61826890150,44739073930
2019,정형외과,M66,1667,10103,11134,403015630,305987880
2019,정형외과,M67,113718,219225,224312,7315605730,5295279420
2019,정형외과,M68,68,181,181,4450300,3206400
2019,정형외과,M70,60348,150816,152245,3956256930,2858427790
2019,정형외과,M71,59426,157844,161280,4828612580,3507469260
2019,정형외과,M72,174345,563852,566557,12778665960,9260533000
2019,정형외과,M73,453,873,873,21599840,15661040
2019,정형외과,M75,760438,3389731,3439924,104605653790,76438681900
2019,정형외과,M76,167134,425461,427215,10281211550,7369247560
2019,정형외과,M77,560878,1873169,1879858,44572171510,31982725580
2019,정형외과,M79,336426,862898,866917,22684927410,16562018870
2019,정형외과,M80,5038,19658,20059,779955790,579807810
2019,정형외과,M81,167887,626119,627270,24747597300,18105559450
2019,정형외과,M82,291,832,832,32091210,23078910
2019,정형외과,M83,1138,2560,2570,66214110,48564050
2019,정형외과,M84,2267,6267,8239,475820540,355827170
2019,정형외과,M85,1228,2394,2567,85286920,61994820
2019,정형외과,M86,1483,9292,11556,453890770,345413180
2019,정형외과,M87,3681,14184,20911,1075203410,812587840
2019,정형외과,M88,1,1,1,15690,10990
2019,정형외과,M89,2309,5184,5451,182386300,136780770
2019,정형외과,M90,159,342,474,17717920,13198160
2019,정형외과,M91,258,701,799,22002510,16733290
2019,정형외과,M92,16872,38388,39060,1102683080,784196570
2019,정형외과,M93,3330,9464,11553,541429710,406338060
2019,정형외과,M94,10203,22089,23188,679451780,488475960
2019,정형외과,M95,390,781,972,32679750,24238320
2019,정형외과,M96,3762,20104,21420,931362740,700187800
2019,정형외과,M99,20591,102518,105339,3264155180,2403117470
2019,정형외과,N00,103,177,178,9384520,6621360
2019,정형외과,N02,49,79,79,2181880,1589880
2019,정형외과,N03,23,69,69,1646360,1226560
2019,정형외과,N04,21,149,149,3639430,3239830
2019,정형외과,N05,23,39,39,1383050,1043060
2019,정형외과,N06,11,19,19,497180,363380
2019,정형외과,N08,3,6,6,116320,85420
2019,정형외과,N10,558,930,1260,68867470,52398660
2019,정형외과,N11,58,127,127,2517170,1948370
2019,정형외과,N12,198,446,496,14340520,10589420
2019,정형외과,N13,31,74,77,2259200,1732230
2019,정형외과,N15,5,9,9,199670,140170
2019,정형외과,N17,37,45,45,1341090,979990
2019,정형외과,N18,202,1125,1171,29038950,24771820
2019,정형외과,N19,41,106,106,2115340,1723340
2019,정형외과,N20,331,413,473,18779490,13687980
2019,정형외과,N21,462,785,801,18521680,13469000
2019,정형외과,N22,2,2,2,36330,25530
2019,정형외과,N23,9,11,11,788860,552860
2019,정형외과,N25,3,26,26,989760,889260
2019,정형외과,N28,112,172,183,6301720,4611980
2019,정형외과,N29,30,31,31,1798870,1267670
2019,정형외과,N30,7091,13281,13303,253191220,191207930
2019,정형외과,N31,947,2063,2072,34019440,27238470
2019,정형외과,N32,137,270,270,5625090,4320530
2019,정형외과,N33,6,11,11,226290,171090
2019,정형외과,N34,994,2038,2067,37613380,27949600
2019,정형외과,N35,5,18,18,359630,283530
2019,정형외과,N36,6,8,8,144060,104460
2019,정형외과,N37,19,32,32,501570,393270
2019,정형외과,N39,1079,2087,2108,40145560,31391110
2019,정형외과,N40,5509,17201,17239,246784890,199505930
2019,정형외과,N41,291,583,583,8457230,6606530
2019,정형외과,N42,128,262,262,3395140,2617940
2019,정형외과,N43,8,28,28,367910,286310
2019,정형외과,N44,5,6,15,587920,430810
2019,정형외과,N45,66,135,147,3448920,2579270
2019,정형외과,N46,1,1,1,15690,10990
2019,정형외과,N47,17,25,25,454990,322490
2019,정형외과,N48,327,491,491,7920360,6020560
2019,정형외과,N49,15,30,46,1879970,1396810
2019,정형외과,N50,22,30,30,755930,559830
2019,정형외과,N51,21,35,35,775390,576990
2019,정형외과,N60,23,39,41,822490,633540
2019,정형외과,N61,22,43,43,1039480,754180
2019,정형외과,N62,42,47,47,807810,638210
2019,정형외과,N63,12,12,12,165880,123280
2019,정형외과,N64,64,78,78,2096270,1525070
2019,정형외과,N70,4,9,9,231610,162510
2019,정형외과,N71,4,14,14,180270,126670
2019,정형외과,N72,1783,4632,4632,246287050,171376470
2019,정형외과,N73,51,81,111,7812000,5749570
2019,정형외과,N74,6,7,7,124500,87400
2019,정형외과,N75,77,136,136,11017120,7694100
2019,정형외과,N76,1083,2667,2666,67453330,47556130
2019,정형외과,N77,18,25,25,357720,270520
2019,정형외과,N80,29,48,77,3550930,2652220
2019,정형외과,N81,5,7,7,146480,107680
2019,정형외과,N83,35,76,83,2677200,1950210
2019,정형외과,N84,37,49,49,4578680,3213980
2019,정형외과,N85,15,26,26,717370,509670
2019,정형외과,N86,3,3,3,54870,38470
2019,정형외과,N87,160,598,598,44835930,31388190
2019,정형외과,N88,2,2,2,35270,24770
2019,정형외과,N89,5,5,5,87120,61220
2019,정형외과,N91,229,347,347,21710590,15017550
2019,정형외과,N92,143,220,220,6441350,4520650
2019,정형외과,N93,404,613,613,63208530,43503630
2019,정형외과,N94,741,1213,1213,19492350,13702230
2019,정형외과,N95,1977,5416,5444,94225630,68600820
2019,정형외과,N96,1,5,5,248680,174280
2019,정형외과,N97,41,483,483,5592850,3934350
2019,정형외과,O00,1,1,1,33740,23640
2019,정형외과,O02,3,4,4,233430,210330
2019,정형외과,O10,1,3,3,33630,23730
2019,정형외과,O13,2,2,2,65710,46010
2019,정형외과,O16,1,1,1,64490,45190
2019,정형외과,O20,11,30,30,1051920,834520
2019,정형외과,O21,2,2,2,40330,28330
2019,정형외과,O22,1,1,1,15690,10990
2019,정형외과,O24,5,10,10,282030,211530
2019,정형외과,O26,2,2,2,44710,31310
2019,정형외과,O28,1,2,2,50480,35480
2019,정형외과,O33,1,1,1,55190,38690
2019,정형외과,O34,1,1,1,28070,19670
2019,정형외과,O48,1,1,1,19580,13780
2019,정형외과,O71,6,12,12,286410,201210
2019,정형외과,O75,3,10,10,154080,119980
2019,정형외과,O82,2,2,2,29810,20910
2019,정형외과,O87,2,2,2,31380,21980
2019,정형외과,O91,4,4,4,64640,45440
2019,정형외과,O92,4,4,4,259480,181780
2019,정형외과,O99,2,7,7,114050,80250
2019,정형외과,P07,4,7,7,138840,125340
2019,정형외과,P10,1,1,1,15690,10990
2019,정형외과,P13,2,2,2,35780,34180
2019,정형외과,P14,2,33,33,309050,241450
2019,정형외과,P23,1,1,1,23030,18430
2019,정형외과,P28,8,15,15,419450,312250
2019,정형외과,P29,1,1,1,20490,16190
2019,정형외과,P39,3,3,3,67140,53040
2019,정형외과,P59,1,1,1,15690,10990
2019,정형외과,P71,1,1,1,33560,23560
2019,정형외과,P80,1,1,1,22610,15910
2019,정형외과,P83,1,1,1,77310,54210
2019,정형외과,P92,1,1,1,17890,17090
2019,정형외과,P96,1,1,1,21830,15330
2019,정형외과,Q00,1,10,10,576530,404030
2019,정형외과,Q02,2,2,2,36910,27710
2019,정형외과,Q04,5,8,8,134610,96910
2019,정형외과,Q05,38,96,96,2665320,2177420
2019,정형외과,Q06,2,2,2,38870,34270
2019,정형외과,Q07,8,232,240,4977320,4399950
2019,정형외과,Q10,3,3,3,51470,48370
2019,정형외과,Q16,1,1,1,29430,23330
2019,정형외과,Q17,1,1,1,16600,13200
2019,정형외과,Q18,13,51,59,2006900,1501260
2019,정형외과,Q21,4,4,4,62760,47160
2019,정형외과,Q22,2,3,3,30750,21650
2019,정형외과,Q23,2,6,6,192310,173410
2019,정형외과,Q24,4,4,4,77880,63080
2019,정형외과,Q25,3,4,4,222450,195150
2019,정형외과,Q27,19,24,38,1973170,1427150
2019,정형외과,Q28,4,4,4,64420,49220
2019,정형외과,Q30,2,2,2,50490,37790
2019,정형외과,Q33,1,7,7,78470,55370
2019,정형외과,Q34,3,3,3,42000,31400
2019,정형외과,Q35,1,2,2,83560,58560
2019,정형외과,Q37,1,4,4,76330,53530
2019,정형외과,Q38,4,5,5,85500,64800
2019,정형외과,Q44,10,12,12,878540,617340
2019,정형외과,Q45,2,2,2,82080,59680
2019,정형외과,Q50,2,2,2,37520,26320
2019,정형외과,Q54,1,1,1,16600,15000
2019,정형외과,Q56,1,1,1,26770,18770
2019,정형외과,Q61,9,14,14,520470,372470
2019,정형외과,Q62,1,3,3,60420,49320
2019,정형외과,Q64,1,2,2,22420,15820
2019,정형외과,Q65,472,599,689,22057480,18140390
2019,정형외과,Q66,3056,5014,5567,322519840,240880740
2019,정형외과,Q67,421,470,470,17303650,12294950
2019,정형외과,Q68,303,650,684,19342170,13905830
2019,정형외과,Q69,272,466,491,17178340,12697530
2019,정형외과,Q70,60,159,171,6045870,4609930
2019,정형외과,Q71,16,18,18,409060,294460
2019,정형외과,Q72,48,81,108,12550470,9484640
2019,정형외과,Q73,8,11,16,2800310,2129610
2019,정형외과,Q74,473,729,858,45062430,33351600
2019,정형외과,Q75,6,6,6,153150,112950
2019,정형외과,Q76,174,334,334,9568930,6994930
2019,정형외과,Q77,42,181,254,51504140,45156580
2019,정형외과,Q78,155,259,338,16055170,12576260
2019,정형외과,Q79,51,88,105,8579270,7120260
2019,정형외과,Q81,5,19,19,378940,305640
2019,정형외과,Q82,87,168,168,6076450,4357030
2019,정형외과,Q83,11,11,19,878840,661050
2019,정형외과,Q84,34,100,100,2313890,1808020
2019,정형외과,Q85,52,375,408,14876810,11780270
2019,정형외과,Q87,50,104,119,5507820,4588700
2019,정형외과,Q89,15,26,29,1914830,1613430
2019,정형외과,Q90,3,12,14,927000,809280
2019,정형외과,Q93,3,3,6,246430,214710
2019,정형외과,Q96,4,32,36,2353130,1955100
2019,정형외과,Q99,2,2,2,53630,47130
2019,정형외과,R00,425,551,551,14336610,10417110
2019,정형외과,R01,3,3,3,78450,67250
2019,정형외과,R02,62,549,591,16774720,13067860
2019,정형외과,R03,422,492,491,9479110,7059600
2019,정형외과,R04,204,260,260,6325230,4756230
2019,정형외과,R05,1962,2945,2968,50391850,38373480
2019,정형외과,R06,459,567,567,13690710,10240970
2019,정형외과,R07,6800,8449,8490,242457010,175492040
2019,정형외과,R09,208,301,318,8278490,6246380
2019,정형외과,R10,8301,11135,11211,261213130,193398790
2019,정형외과,R11,3717,7209,7287,140330620,105018480
2019,정형외과,R12,1577,2917,2915,84391720,60663780
2019,정형외과,R13,44,142,142,3326860,2414760
2019,정형외과,R14,133,210,210,2741560,2224860
2019,정형외과,R15,6,9,9,92090,78590
2019,정형외과,R16,3,4,4,134070,94070
2019,정형외과,R17,33,41,43,2509030,1807770
2019,정형외과,R18,6,11,11,177920,125120
2019,정형외과,R19,275,445,445,29400860,21157360
2019,정형외과,R20,284,335,335,6864590,4995390
2019,정형외과,R21,145,181,181,3189470,2470970
2019,정형외과,R22,5345,10810,11320,454332390,332327310
2019,정형외과,R23,96,164,164,3864910,2836010
2019,정형외과,R25,853,1343,1343,28001960,20999230
2019,정형외과,R26,1217,1502,1510,40729500,30912880
2019,정형외과,R27,9,33,33,532730,382030
2019,정형외과,R29,1570,3069,3069,94566120,67982520
2019,정형외과,R30,74,162,162,3007200,2407000
2019,정형외과,R31,230,302,334,7385590,5470760
2019,정형외과,R32,300,650,650,8784130,7385630
2019,정형외과,R33,16,65,65,2157320,1539320
2019,정형외과,R34,6,8,8,107650,89250
2019,정형외과,R35,219,436,436,8935510,7341810
2019,정형외과,R39,85,177,177,3478050,2961950
2019,정형외과,R40,10,16,16,269060,219060
2019,정형외과,R41,421,943,944,13558950,10934550
2019,정형외과,R42,5308,7941,8088,184040770,140732800
2019,정형외과,R43,6,6,6,92970,75770
2019,정형외과,R44,5,5,5,138410,98910
2019,정형외과,R45,46,81,83,1887820,1378700
2019,정형외과,R46,1,1,1,25300,17800
2019,정형외과,R47,7,7,13,355640,284850
2019,정형외과,R49,3,3,3,123240,117440
2019,정형외과,R50,1083,1372,1441,36517790,27597910
2019,정형외과,R51,6500,9616,9718,247617630,182578060
2019,정형외과,R52,2958,6895,7009,158458970,116322710
2019,정형외과,R53,1332,1845,1884,31791160,23629440
2019,정형외과,R54,41,54,67,1732950,1369720
2019,정형외과,R55,153,181,181,5003290,3666870
2019,정형외과,R56,156,282,279,4805170,3728970
2019,정형외과,R57,94,159,159,2885590,2214690
2019,정형외과,R58,10,11,11,368310,267410
2019,정형외과,R59,142,187,187,3978340,2841980
2019,정형외과,R60,3379,6466,6509,171762120,129200330
2019,정형외과,R61,55,104,104,2865640,2091140
2019,정형외과,R62,206,231,231,4922670,3500170
2019,정형외과,R63,655,999,1023,21520480,16670550
2019,정형외과,R64,3,4,4,66880,54080
2019,정형외과,R65,1,1,1,26900,18900
2019,정형외과,R68,543,637,637,11429810,8078510
2019,정형외과,R69,96,106,106,1568030,1124930
2019,정형외과,R71,4,4,4,81060,56960
2019,정형외과,R72,5,17,17,366000,292800
2019,정형외과,R73,2915,4435,4432,92846150,71400740
2019,정형외과,R74,15,16,16,511650,380550
2019,정형외과,R76,79,93,93,2949230,2070630
2019,정형외과,R77,19,39,39,989580,743780
2019,정형외과,R78,2,2,2,36520,33020
2019,정형외과,R79,43,49,49,2166040,1531440
2019,정형외과,R80,117,144,144,3714760,2713360
2019,정형외과,R81,367,782,779,13999040,10790520
2019,정형외과,R82,17,19,19,344220,250720
2019,정형외과,R83,1,1,1,15690,14690
2019,정형외과,R84,3,3,3,72390,50890
2019,정형외과,R86,3,4,4,60340,50940
2019,정형외과,R89,7,16,16,471220,316280
2019,정형외과,R90,1,2,2,28390,22590
2019,정형외과,R91,42,50,50,1197600,871300
2019,정형외과,R93,322,397,397,9903720,7064420
2019,정형외과,R94,1142,1436,1453,85257930,59944430
2019,정형외과,S00,72925,98815,100392,2780688200,2034316240
2019,정형외과,S01,86901,230407,232712,6304556380,4620817070
2019,정형외과,S02,7136,11588,13895,534498460,390445240
2019,정형외과,S03,20191,35307,35491,866007640,625171830
2019,정형외과,S04,31,102,120,3219740,2386000
2019,정형외과,S05,557,762,766,21475480,15736500
2019,정형외과,S06,7634,12316,16221,698998180,519455670
2019,정형외과,S07,983,2327,2416,74515250,54889990
2019,정형외과,S08,32,83,83,2054170,1517790
2019,정형외과,S09,1021,1676,1741,62810920,45968590
2019,정형외과,S10,1046,1529,1537,41928240,30323240
2019,정형외과,S11,1485,3452,3478,82857160,60939930
2019,정형외과,S12,372,1385,2387,101555310,74994080
2019,정형외과,S13,401266,1015428,1034842,29366529590,21059837960
2019,정형외과,S14,190,899,1091,31719870,23565750
2019,정형외과,S15,6,7,7,122590,93490
2019,정형외과,S16,699,1966,2059,56173100,41070830
2019,정형외과,S17,10,31,31,730960,596260
2019,정형외과,S18,2,2,2,41210,31110
2019,정형외과,S19,83,263,263,10635980,7583780
2019,정형외과,S20,110157,177704,180080,5120310860,3712250240
2019,정형외과,S21,4194,11015,11086,248623200,187614290
2019,정형외과,S22,119152,398992,534278,21237946290,15740584710
2019,정형외과,S23,252332,447107,452474,12906670300,9338140200
2019,정형외과,S24,25,143,164,4517150,3515450
2019,정형외과,S25,11,11,11,310350,217550
2019,정형외과,S26,1,2,2,31740,22440
2019,정형외과,S27,94,214,519,29243770,21882190
2019,정형외과,S28,28,44,52,3555370,2615390
2019,정형외과,S29,678,1340,1353,38305590,27660540
2019,정형외과,S30,32505,59314,60659,1671549440,1217269770
2019,정형외과,S31,8975,22827,23003,511543760,386006920
2019,정형외과,S32,37455,160459,258627,11288150820,8481359470
2019,정형외과,S33,871733,2480371,2550214,70919666580,51433975460
2019,정형외과,S34,75,286,301,9585830,6964540
2019,정형외과,S35,39,82,104,3586520,2747500
2019,정형외과,S36,19,48,72,2761190,2069800
2019,정형외과,S37,26,41,50,1730730,1298440
2019,정형외과,S38,63,158,283,24415790,18790730
2019,정형외과,S39,321,896,1247,44836140,33197420
2019,정형외과,S40,21446,44642,45317,1247176810,907170900
2019,정형외과,S41,7579,19906,20097,489231530,357375590
2019,정형외과,S42,27488,146197,170346,7285739430,5452439950
2019,정형외과,S43,272524,765600,776266,20890032790,15151097780
2019,정형외과,S44,304,1301,1331,33397910,24364920
2019,정형외과,S45,29,72,87,2637050,1986380
2019,정형외과,S46,47490,222954,247265,9857254510,7276397200
2019,정형외과,S47,68,167,191,8587780,6599570
2019,정형외과,S48,49,103,116,2598170,2000400
2019,정형외과,S49,983,3105,3414,173439990,130370360
2019,정형외과,S50,45709,81651,82153,2425268230,1744989850
2019,정형외과,S51,22964,75250,76036,2069079390,1509036330
2019,정형외과,S52,81695,543322,592931,25987639510,19141902080
2019,정형외과,S53,156084,363768,367369,11748796930,8583552270
2019,정형외과,S54,772,2422,2668,87500170,64898570
2019,정형외과,S55,75,338,442,26580930,19682350
2019,정형외과,S56,6061,21229,23790,1032233610,754400550
2019,정형외과,S57,797,2317,2522,93219900,68735440
2019,정형외과,S58,122,209,230,7094950,5266010
2019,정형외과,S59,778,1888,1951,66769930,49174130
2019,정형외과,S60,131132,206642,207080,6606603430,4727970810
2019,정형외과,S61,244163,797511,800723,21564669600,15516013990
2019,정형외과,S62,155162,714552,740982,28460845290,20485872090
2019,정형외과,S63,831096,1724660,1730610,54194366280,38600458460
2019,정형외과,S64,1145,3822,4680,259661640,192329140
2019,정형외과,S65,829,2608,3156,170554540,126616180
2019,정형외과,S66,21686,89323,97629,4349065040,3174002640
2019,정형외과,S67,17641,47606,49876,1725165040,1251760050
2019,정형외과,S68,1409,6752,9196,570144070,424977010
2019,정형외과,S69,2806,6776,6999,232948810,167605620
2019,정형외과,S70,42781,77615,78867,2086613230,1523584000
2019,정형외과,S71,7917,23328,23794,633092960,461121800
2019,정형외과,S72,7829,33047,55355,2936614210,2226141440
2019,정형외과,S73,82011,184521,187078,4829129870,3530977590
2019,정형외과,S74,133,401,401,10661000,7791100
2019,정형외과,S75,112,417,513,18803530,14084290
2019,정형외과,S76,22925,61012,65978,1890648510,1372678920
2019,정형외과,S77,200,551,631,23771920,17769030
2019,정형외과,S78,157,353,359,7044780,5267440
2019,정형외과,S79,545,1269,1409,49332150,35511300
2019,정형외과,S80,153509,300694,304282,8592540510,6213464840
2019,정형외과,S81,63515,220041,223486,6035240240,4380953960
2019,정형외과,S82,67370,385340,500653,24703660270,18262188910
2019,정형외과,S83,403831,1112636,1193764,40443530310,29010384860
2019,정형외과,S84,375,1838,2053,48353290,35949490
2019,정형외과,S85,377,1444,1724,71362970,52647660
2019,정형외과,S86,41871,137830,154034,5224418250,3791148110
2019,정형외과,S87,2639,8391,9169,311861980,230160240
2019,정형외과,S88,426,1015,1023,19166270,15070100
2019,정형외과,S89,1531,4058,4469,142060490,104067080
2019,정형외과,S90,144842,230949,231844,7173130520,5125228070
2019,정형외과,S91,80835,238279,240457,6237296690,4542744110
2019,정형외과,S92,182546,831689,931972,40273297420,29102830550
2019,정형외과,S93,1140529,2708891,2753923,92811062210,66079062310
2019,정형외과,S94,405,853,962,33036760,24548920
2019,정형외과,S95,181,486,612,27799460,20429460
2019,정형외과,S96,16303,42591,46928,1740766500,1258875910
2019,정형외과,S97,8650,20118,20920,676260870,490100200
2019,정형외과,S98,135,712,946,40789440,31092760
2019,정형외과,S99,3094,5536,5814,211147530,153417260
2019,정형외과,T00,1692,3736,3904,117705600,85188130
2019,정형외과,T01,1244,2914,2954,84722350,60804320
2019,정형외과,T02,6,29,52,2336300,1706450
2019,정형외과,T03,244,473,493,13510580,9893850
2019,정형외과,T04,65,169,191,8023410,5891970
2019,정형외과,T05,78,90,90,1744390,1310090
2019,정형외과,T06,5,5,5,158320,116020
2019,정형외과,T07,10,24,24,863050,610350
2019,정형외과,T08,146,623,725,24517500,18623310
2019,정형외과,T09,1148,2551,2657,78754670,58024720
2019,정형외과,T10,9,85,85,1679460,1208160
2019,정형외과,T11,323,781,846,26314330,19387110
2019,정형외과,T12,12,95,95,2532020,1844320
2019,정형외과,T13,741,1826,1855,48452710,35065970
2019,정형외과,T14,13077,30715,31516,931443880,674337660
2019,정형외과,T15,79,86,86,3211640,2202040
2019,정형외과,T16,110,130,130,4279430,3030830
2019,정형외과,T17,152,155,155,4361900,3169300
2019,정형외과,T18,151,180,180,4768490,3534890
2019,정형외과,T19,9,9,9,249400,181600
2019,정형외과,T20,962,2717,2847,137499090,99443510
2019,정형외과,T21,1611,6377,6558,270936770,195915810
2019,정형외과,T22,5551,19431,19545,735775010,523920370
2019,정형외과,T23,12274,37869,38002,1561214330,1117932210
2019,정형외과,T24,4782,21519,22081,867127490,624341990
2019,정형외과,T25,3883,17568,17970,725718550,525826940
2019,정형외과,T26,30,82,82,3486590,2448030
2019,정형외과,T27,2,2,2,59540,41740
2019,정형외과,T28,19,24,24,479430,350130
2019,정형외과,T29,215,863,863,32116160,22807620
2019,정형외과,T30,2993,9901,10045,411150830,294293840
2019,정형외과,T31,70,303,303,10637810,7811890
2019,정형외과,T32,2,3,3,115400,81000
2019,정형외과,T33,216,339,339,6758980,4978280
2019,정형외과,T34,14,48,52,1894670,1394950
2019,정형외과,T35,91,211,211,4001810,2992510
2019,정형외과,T42,1,2,2,31380,21980
2019,정형외과,T45,1,3,3,57930,45030
2019,정형외과,T46,2,2,2,35270,31870
2019,정형외과,T47,1,1,1,15690,10990
2019,정형외과,T48,1,1,1,15690,10990
2019,정형외과,T49,2,2,2,23880,16780
2019,정형외과,T50,1,2,2,38080,26780
2019,정형외과,T51,2,5,5,67900,47700
2019,정형외과,T52,4,4,4,53800,46000
2019,정형외과,T54,1,1,1,32130,22530
2019,정형외과,T55,1,1,1,69740,48840
2019,정형외과,T56,39,303,303,7906290,5549390
2019,정형외과,T58,1,1,1,15690,10990
2019,정형외과,T60,20,32,32,722390,557390
2019,정형외과,T61,5,5,5,96140,67540
2019,정형외과,T62,6,7,7,125560,96560
2019,정형외과,T63,457,566,599,14383240,10781770
2019,정형외과,T65,3,3,3,89320,62620
2019,정형외과,T66,1,1,1,39790,27890
2019,정형외과,T67,187,220,242,5818800,4341980
2019,정형외과,T68,1,1,1,19580,13780
2019,정형외과,T69,34,50,50,973610,737610
2019,정형외과,T70,6,8,8,138070,96870
2019,정형외과,T73,110,182,182,3201210,2547410
2019,정형외과,T75,18,29,29,480080,340380
2019,정형외과,T78,931,1546,1564,28380760,21414300
2019,정형외과,T79,1969,6010,6233,158432560,118811120
2019,정형외과,T80,25,40,40,883180,638980
2019,정형외과,T81,1228,4606,4996,139600360,105728680
2019,정형외과,T82,6,17,17,282870,224950
2019,정형외과,T83,3,31,31,1132650,804650
2019,정형외과,T84,653,2441,4028,226060400,172136870
2019,정형외과,T85,16,28,78,8542470,6514810
2019,정형외과,T86,1,1,29,6292230,5521330
2019,정형외과,T87,158,822,897,28522360,20629120
2019,정형외과,T88,63,78,91,2664990,1963060
2019,정형외과,T90,69,118,118,3451990,2530490
2019,정형외과,T91,1549,7189,7553,205344110,161278670
2019,정형외과,T92,1191,4597,4635,97674290,74127260
2019,정형외과,T93,4782,11272,11459,217112480,170096650
2019,정형외과,T94,9,17,29,1942470,1424340
2019,정형외과,T95,26,63,63,1307730,978230
2019,정형외과,T96,1,1,1,14530,10230
2019,정형외과,T97,1,1,1,21370,17170
2019,정형외과,T98,30,53,65,3282170,2382730
2019,정형외과,U85,1,1,1,15690,10990
2019,정형외과,Z00,809,879,878,23942840,17284090
2019,정형외과,Z01,239,249,249,4242430,3159180
2019,정형외과,Z02,116,129,129,1625610,1144710
2019,정형외과,Z03,556,670,670,16572710,12157870
2019,정형외과,Z04,302,325,325,6795930,5119930
2019,정형외과,Z08,5,28,28,850880,712680
2019,정형외과,Z09,109,189,205,7678830,5593460
2019,정형외과,Z10,51,58,58,257590,193690
2019,정형외과,Z11,21,22,22,448550,314250
2019,정형외과,Z12,1,1,1,22110,15510
2019,정형외과,Z13,31,43,43,945020,695420
2019,정형외과,Z20,74,92,89,3186480,1432080
2019,정형외과,Z21,2,2,2,133960,26100
2019,정형외과,Z22,20,24,24,2600700,1821700
2019,정형외과,Z23,174,237,237,7949980,5585000
2019,정형외과,Z24,36,45,45,338010,243710
2019,정형외과,Z25,498,638,668,8925700,6635800
2019,정형외과,Z26,295,433,434,9332540,6978390
2019,정형외과,Z27,38,38,38,31860,25460
2019,정형외과,Z28,1,1,1,0,0
2019,정형외과,Z29,94,112,112,3176560,2291260
2019,정형외과,Z30,34,40,40,680730,478330
2019,정형외과,Z31,12,49,49,541110,381310
2019,정형외과,Z32,4,5,5,276550,234450
2019,정형외과,Z33,2,2,2,46150,32350
2019,정형외과,Z34,61,107,107,8060000,6775200
2019,정형외과,Z35,2,3,3,49410,34710
2019,정형외과,Z41,5,6,6,102950,72250
2019,정형외과,Z42,2,4,4,83180,61780
2019,정형외과,Z43,1,1,1,15690,14190
2019,정형외과,Z44,1,1,1,20540,16440
2019,정형외과,Z46,20,28,34,2171680,1621620
2019,정형외과,Z47,943,2173,3158,215989110,162131520
2019,정형외과,Z48,11412,27395,27433,572850840,422030660
2019,정형외과,Z50,4,35,42,1112300,906610
2019,정형외과,Z51,31,32,32,1059270,330580
2019,정형외과,Z52,8,18,18,345590,248690
2019,정형외과,Z53,1,1,1,15690,10990
2019,정형외과,Z54,489,1546,1594,34739240,26243250
2019,정형외과,Z57,10,11,11,223210,156510
2019,정형외과,Z58,1,1,1,15690,10990
2019,정형외과,Z59,3,3,3,66110,46410
2019,정형외과,Z70,24,30,30,442640,327540
2019,정형외과,Z71,1978,2281,2279,35260060,26326070
2019,정형외과,Z72,12,13,13,271930,229930
2019,정형외과,Z73,8,9,9,146830,106330
2019,정형외과,Z75,4,4,4,70350,49350
2019,정형외과,Z76,47,48,48,918940,670140
2019,정형외과,Z80,1,1,1,11210,7910
2019,정형외과,Z81,2,2,2,79200,58300
2019,정형외과,Z82,7,22,22,417060,306860
2019,정형외과,Z83,11,13,13,239240,174640
2019,정형외과,Z84,1,1,1,41340,28940
2019,정형외과,Z85,2,2,2,36310,35310
2019,정형외과,Z86,2,2,2,55450,38850
2019,정형외과,Z87,1,1,1,15690,14190
2019,정형외과,Z88,9,11,11,173170,127370
2019,정형외과,Z89,25,97,97,3256280,2315180
2019,정형외과,Z90,1,1,7,429960,325840
2019,정형외과,Z91,2,4,4,58300,41000
2019,정형외과,Z92,5,13,13,164840,126540
2019,정형외과,Z93,4,21,21,370660,310860
2019,정형외과,Z94,31,149,158,2753360,2243140
2019,정형외과,Z95,13,24,24,556780,416480
2019,정형외과,Z96,871,3974,4521,128803630,99776580
2019,정형외과,Z97,13,45,94,4882660,3675780
2019,정형외과,Z98,12844,40738,43384,1063363950,791142440
2019,정형외과,Z99,8,22,22,435340,356940
2019,신경외과,A02,1,5,11,611900,454980
2019,신경외과,A04,279,350,350,8209540,5905940
2019,신경외과,A05,15,25,25,593690,455980
2019,신경외과,A06,2,2,2,24880,17480
2019,신경외과,A08,443,594,596,11247310,8336160
2019,신경외과,A09,3734,5272,5754,165093090,122773810
2019,신경외과,A15,5,6,13,1205650,1136810
2019,신경외과,A16,10,12,20,1304810,1180930
2019,신경외과,A17,1,1,1,15690,14190
2019,신경외과,A18,5,11,11,1008000,870300
2019,신경외과,A25,1,1,1,25880,18180
2019,신경외과,A28,4,10,10,247960,179860
2019,신경외과,A31,1,1,1,15690,10990
2019,신경외과,A35,14,14,14,482670,338770
2019,신경외과,A36,1,1,1,17630,12430
2019,신경외과,A39,1,1,1,184480,129180
2019,신경외과,A40,1,1,1,21850,15350
2019,신경외과,A41,2,3,25,1542990,1139090
2019,신경외과,A46,3,3,3,47070,32970
2019,신경외과,A49,7,8,8,171330,126130
2019,신경외과,A51,2,4,4,74320,61520
2019,신경외과,A53,2,2,2,148580,104080
2019,신경외과,A56,3,10,10,239540,168440
2019,신경외과,A59,272,1134,1134,21093520,15117420
2019,신경외과,A60,39,71,71,1169560,921560
2019,신경외과,A63,1,1,1,19580,17680
2019,신경외과,A64,1,1,1,15690,10990
2019,신경외과,A66,2,3,3,93110,68510
2019,신경외과,A67,1,1,1,11210,7910
2019,신경외과,A69,18,30,30,429360,340760
2019,신경외과,A74,3,3,3,40190,28290
2019,신경외과,A75,9,13,13,262020,195220
2019,신경외과,A80,1,1,1,19580,17680
2019,신경외과,A81,1,1,1,13660,12160
2019,신경외과,A87,5,6,9,596920,433700
2019,신경외과,A98,1,1,1,11210,7910
2019,신경외과,B00,1417,2020,2037,33851880,25252640
2019,신경외과,B01,4,4,4,134400,94200
2019,신경외과,B02,6436,16876,18946,522640840,392383290
2019,신경외과,B05,1,1,1,76590,53690
2019,신경외과,B07,179,305,305,21327050,15094150
2019,신경외과,B08,90,155,155,4683620,3478420
2019,신경외과,B09,7,7,7,98770,72670
2019,신경외과,B15,4,6,6,296950,208150
2019,신경외과,B16,4,5,5,432460,302960
2019,신경외과,B17,28,38,50,2665330,1911040
2019,신경외과,B18,225,670,668,35924080,25136370
2019,신경외과,B19,6,8,9,524130,385110
2019,신경외과,B24,1,1,1,11210,7910
2019,신경외과,B25,1,8,8,214190,193390
2019,신경외과,B26,22,27,40,1202650,887490
2019,신경외과,B30,24,32,32,789140,565940
2019,신경외과,B33,35,60,60,931740,734540
2019,신경외과,B34,3,9,9,123570,87070
2019,신경외과,B35,4890,10839,10841,165613410,125272240
2019,신경외과,B36,108,193,193,3707430,2691230
2019,신경외과,B37,459,1852,1852,34633890,24992790
2019,신경외과,B38,1,1,1,15690,10990
2019,신경외과,B43,14,20,20,514750,385950
2019,신경외과,B46,1,3,3,38230,26930
2019,신경외과,B47,10,29,29,248930,189430
2019,신경외과,B49,4,6,6,70620,49720
2019,신경외과,B54,2,2,2,11210,9710
2019,신경외과,B56,3,4,4,58280,49080
2019,신경외과,B66,25,82,82,1096820,813920
2019,신경외과,B68,1,1,1,15690,10990
2019,신경외과,B69,4,7,7,382310,270310
2019,신경외과,B80,2,2,2,32290,24190
2019,신경외과,B83,3,3,3,52780,39480
2019,신경외과,B85,8,8,8,123380,88480
2019,신경외과,B86,36,45,45,471550,373450
2019,신경외과,B87,1,10,10,176740,159540
2019,신경외과,B88,17,21,21,434860,318160
2019,신경외과,B90,5,9,15,726230,520570
2019,신경외과,B91,2,2,2,33190,26490
2019,신경외과,B94,1,1,1,15690,10990
2019,신경외과,B99,2,3,3,61780,43380
2019,신경외과,C02,2,9,9,319000,303500
2019,신경외과,C07,2,50,50,1058600,1008000
2019,신경외과,C08,1,107,107,1852650,1764850
2019,신경외과,C09,4,6,6,138210,131610
2019,신경외과,C10,1,6,6,204990,194890
2019,신경외과,C11,3,8,8,104320,99620
2019,신경외과,C12,1,5,5,180420,171520
2019,신경외과,C13,2,7,7,92100,86200
2019,신경외과,C15,8,80,80,1643670,1556170
2019,신경외과,C16,115,715,752,23844720,22106490
2019,신경외과,C17,4,12,12,315830,297730
2019,신경외과,C18,61,445,459,15797320,14745060
2019,신경외과,C19,8,26,51,2624750,2355560
2019,신경외과,C20,28,135,249,10532920,9482360
2019,신경외과,C21,1,8,8,145730,139030
2019,신경외과,C22,51,226,278,11483780,10513500
2019,신경외과,C23,5,53,55,3661220,3158350
2019,신경외과,C24,16,146,146,3677840,3452240
2019,신경외과,C25,32,133,133,3312510,3088910
2019,신경외과,C31,3,7,7,171280,156480
2019,신경외과,C34,115,844,1030,36570740,33169500
2019,신경외과,C37,4,18,18,502540,475440
2019,신경외과,C39,1,5,5,72550,69250
2019,신경외과,C40,4,6,8,339160,272480
2019,신경외과,C41,14,316,363,7649840,6999250
2019,신경외과,C43,3,4,4,181650,172750
2019,신경외과,C44,28,211,217,7653250,7245840
2019,신경외과,C45,1,11,11,251730,185940
2019,신경외과,C46,3,35,35,716950,683250
2019,신경외과,C47,1,1,1,11270,10770
2019,신경외과,C48,3,25,25,935690,921590
2019,신경외과,C49,10,70,70,1592430,1498830
2019,신경외과,C50,65,367,404,11723920,10584680
2019,신경외과,C53,9,86,86,2022680,1931180
2019,신경외과,C54,2,2,2,38630,36830
2019,신경외과,C56,14,106,106,2898230,2599130
2019,신경외과,C57,5,27,27,848390,800890
2019,신경외과,C61,51,298,319,10278930,9486320
2019,신경외과,C62,1,1,1,13020,9120
2019,신경외과,C64,12,73,73,1921210,1814610
2019,신경외과,C65,4,69,83,2463310,2259830
2019,신경외과,C66,4,6,6,384470,365570
2019,신경외과,C67,16,81,102,4600250,4197620
2019,신경외과,C69,1,1,1,15690,14190
2019,신경외과,C70,2,2,2,51030,44630
2019,신경외과,C71,38,373,460,13042140,11633820
2019,신경외과,C72,12,28,28,898410,730110
2019,신경외과,C73,65,216,231,7717260,6961650
2019,신경외과,C75,4,15,15,382250,304750
2019,신경외과,C77,1,1,1,38340,36440
2019,신경외과,C78,7,18,50,2129660,1794560
2019,신경외과,C79,10,25,25,2967720,2461220
2019,신경외과,C80,4,11,11,211260,176360
2019,신경외과,C81,2,5,5,229300,218100
2019,신경외과,C82,3,5,5,128340,118240
2019,신경외과,C83,5,30,30,1359290,1291790
2019,신경외과,C85,9,31,45,1618800,1462730
2019,신경외과,C86,1,33,33,1054870,1004170
2019,신경외과,C90,5,11,44,2504140,2055170
2019,신경외과,C91,4,30,30,604620,570820
2019,신경외과,C92,3,72,74,2030960,1911520
2019,신경외과,C96,1,1,1,21830,15330
2019,신경외과,D00,4,11,11,971160,923260
2019,신경외과,D01,9,31,31,691340,617740
2019,신경외과,D02,3,18,18,318700,291000
2019,신경외과,D03,5,27,27,469970,417870
2019,신경외과,D04,3,4,4,195190,181090
2019,신경외과,D05,12,131,154,3384870,3054970
2019,신경외과,D06,1,1,1,16790,15990
2019,신경외과,D07,1,2,2,109150,103750
2019,신경외과,D09,2,3,3,50850,48450
2019,신경외과,D10,11,15,15,704710,505110
2019,신경외과,D11,11,13,13,218020,160520
2019,신경외과,D12,14,31,31,1060670,746270
2019,신경외과,D13,20,25,37,2711540,1871710
2019,신경외과,D14,16,17,17,844700,608800
2019,신경외과,D15,5,9,9,162500,134000
2019,신경외과,D16,138,203,244,10544310,7617440
2019,신경외과,D17,2169,5838,5984,240607980,174203560
2019,신경외과,D18,85,196,213,9887920,7242340
2019,신경외과,D19,3,3,10,587230,439360
2019,신경외과,D21,744,2144,2171,88299760,63905870
2019,신경외과,D22,3,8,8,239250,172550
2019,신경외과,D23,941,2768,2803,108406140,79272120
2019,신경외과,D24,18,19,19,313090,230390
2019,신경외과,D25,25,30,57,2302410,1723950
2019,신경외과,D26,4,12,12,377910,265010
2019,신경외과,D27,6,11,50,3393790,2490290
2019,신경외과,D29,4,11,11,399340,290140
2019,신경외과,D30,5,6,6,106920,82520
2019,신경외과,D31,4,4,5,771900,554150
2019,신경외과,D32,179,506,565,30008890,23815300
2019,신경외과,D33,196,770,851,34167040,27196960
2019,신경외과,D34,40,58,59,1838110,1339930
2019,신경외과,D35,118,258,274,28341460,20596610
2019,신경외과,D36,104,260,278,11853110,8647180
2019,신경외과,D37,11,28,28,1592890,1408090
2019,신경외과,D38,12,18,22,891900,717010
2019,신경외과,D39,1,2,2,125020,118920
2019,신경외과,D41,2,3,3,126490,119390
2019,신경외과,D42,9,18,32,2627400,2035800
2019,신경외과,D43,62,190,228,14448410,11507390
2019,신경외과,D44,18,42,42,2795330,2202630
2019,신경외과,D45,2,2,2,22420,15820
2019,신경외과,D46,2,5,5,205560,166860
2019,신경외과,D47,12,32,32,682700,645200
2019,신경외과,D48,78,125,128,5822300,4543570
2019,신경외과,D50,639,1306,1306,34926710,25320870
2019,신경외과,D51,5,5,5,86630,64230
2019,신경외과,D52,3,3,3,45030,38430
2019,신경외과,D53,4,10,10,225040,169740
2019,신경외과,D64,668,1233,1231,55209500,40035640
2019,신경외과,D66,1,1,1,11210,10110
2019,신경외과,D68,5,6,6,112710,88310
2019,신경외과,D69,36,48,48,1332660,983760
2019,신경외과,D70,1,37,37,1311130,1214530
2019,신경외과,D72,6,8,8,202330,143830
2019,신경외과,D74,1,1,1,27590,19390
2019,신경외과,D75,1,1,1,11210,7910
2019,신경외과,D76,1,2,2,431960,302460
2019,신경외과,D89,11,20,20,340620,242820
2019,신경외과,E01,1,1,1,55650,39050
2019,신경외과,E02,3,3,3,41650,31050
2019,신경외과,E03,492,1985,1985,52879710,38370350
2019,신경외과,E04,20,26,26,787910,554410
2019,신경외과,E05,188,736,734,28086930,20005760
2019,신경외과,E06,83,244,244,8263980,5911880
2019,신경외과,E07,201,328,328,12254880,8722090
2019,신경외과,E10,223,980,1006,23006310,17883390
2019,신경외과,E11,6623,37596,37673,782429690,599368710
2019,신경외과,E12,11,66,66,1167120,954220
2019,신경외과,E13,299,1466,1498,30424870,23693840
2019,신경외과,E14,1555,7254,7299,159143710,122675640
2019,신경외과,E16,12,14,14,340630,262030
2019,신경외과,E20,1,5,5,56050,39550
2019,신경외과,E21,4,5,5,181790,129390
2019,신경외과,E22,11,31,31,804410,596010
2019,신경외과,E23,28,80,81,3997060,2962750
2019,신경외과,E24,7,31,31,546320,475520
2019,신경외과,E27,22,150,150,3356570,2552370
2019,신경외과,E28,4,10,10,121060,85260
2019,신경외과,E29,2,2,2,38760,30560
2019,신경외과,E30,7,25,25,539100,377800
2019,신경외과,E32,1,4,4,73880,51780
2019,신경외과,E34,9,25,25,401430,314530
2019,신경외과,E35,1,1,1,19580,13780
2019,신경외과,E41,9,9,9,474490,339990
2019,신경외과,E46,2,2,2,31380,25180
2019,신경외과,E50,172,300,300,3830620,2782020
2019,신경외과,E51,1,1,1,13250,9350
2019,신경외과,E53,13,36,36,488080,377280
2019,신경외과,E54,22,24,24,474940,350840
2019,신경외과,E55,1335,2279,2279,50384000,36598500
2019,신경외과,E56,34,59,59,1115220,798820
2019,신경외과,E58,69,162,162,4001600,2966600
2019,신경외과,E61,175,241,241,5121690,3634750
2019,신경외과,E63,41,101,101,840140,678540
2019,신경외과,E65,1,1,1,15690,10990
2019,신경외과,E66,167,341,341,6132390,4318590
2019,신경외과,E70,2,7,7,254170,177970
2019,신경외과,E71,1,3,3,28030,25330
2019,신경외과,E75,24,29,29,862290,607790
2019,신경외과,E78,5927,19239,19255,379302090,279598340
2019,신경외과,E79,18,36,36,580980,420880
2019,신경외과,E83,126,237,236,3688890,2824440
2019,신경외과,E86,178,284,312,8211800,6193700
2019,신경외과,E87,219,350,372,8364690,6607770
2019,신경외과,E88,29,32,32,867130,629140
2019,신경외과,E89,24,82,82,1379970,1010970
2019,신경외과,E90,17,27,27,542010,412210
2019,신경외과,F00,4436,23436,23500,596802410,462615470
2019,신경외과,F01,390,1387,1397,28649940,22432830
2019,신경외과,F02,24,80,91,2183480,1683580
2019,신경외과,F03,271,652,652,16510360,13066960
2019,신경외과,F05,15,26,26,522280,403580
2019,신경외과,F06,4468,14498,14504,319229810,252119510
2019,신경외과,F07,232,419,436,9979550,7438280
2019,신경외과,F09,1,3,3,38710,35710
2019,신경외과,F10,30,54,54,901220,670320
2019,신경외과,F13,1,1,1,13670,12170
2019,신경외과,F15,1,1,1,15700,11000
2019,신경외과,F17,4,6,6,160250,119350
2019,신경외과,F20,34,125,125,2045330,1710330
2019,신경외과,F22,2,11,11,73790,57090
2019,신경외과,F23,5,30,30,328300,241000
2019,신경외과,F25,1,3,3,67740,47540
2019,신경외과,F29,11,31,31,544570,468970
2019,신경외과,F30,5,13,13,163070,119870
2019,신경외과,F31,100,405,405,4430800,3453600
2019,신경외과,F32,1749,5800,5814,105586820,82862580
2019,신경외과,F33,109,679,711,12624840,10039160
2019,신경외과,F34,94,230,230,4289160,3197760
2019,신경외과,F38,142,312,312,5038260,4028460
2019,신경외과,F39,17,42,42,954140,730240
2019,신경외과,F40,139,346,347,5020520,3974270
2019,신경외과,F41,5511,15474,15520,240391250,188996770
2019,신경외과,F42,7,29,29,399780,284080
2019,신경외과,F43,349,905,1015,21932640,16578980
2019,신경외과,F44,70,108,108,1537300,1223900
2019,신경외과,F45,764,1415,1415,24269310,18723010
2019,신경외과,F48,1791,4930,4949,79090880,60624050
2019,신경외과,F50,94,227,227,3261150,2320100
2019,신경외과,F51,3184,10240,10237,151743740,117299740
2019,신경외과,F52,29,39,39,342080,261780
2019,신경외과,F54,12,18,18,250880,195480
2019,신경외과,F55,1,1,1,13660,9660
2019,신경외과,F59,1,1,1,15690,10990
2019,신경외과,F60,5,7,7,246140,179440
2019,신경외과,F63,2,4,4,56250,41150
2019,신경외과,F66,3,3,3,50960,35760
2019,신경외과,F70,2,4,4,57070,44370
2019,신경외과,F71,1,1,1,15690,10990
2019,신경외과,F73,1,1,1,19580,13780
2019,신경외과,F80,12,20,20,297070,219970
2019,신경외과,F84,11,55,55,1339800,982600
2019,신경외과,F89,3,6,6,76220,53620
2019,신경외과,F90,8,8,8,247790,173590
2019,신경외과,F91,1,1,1,5610,4110
2019,신경외과,F92,8,16,16,208930,160330
2019,신경외과,F95,86,154,154,2615760,1935960
2019,신경외과,F98,2,2,2,32290,24190
2019,신경외과,F99,1,1,1,15690,14190
2019,신경외과,G00,3,3,14,815300,609110
2019,신경외과,G01,1,1,1,13230,9330
2019,신경외과,G03,9,9,10,921060,657400
2019,신경외과,G04,12,27,27,954170,696370
2019,신경외과,G05,80,193,202,6193140,4530830
2019,신경외과,G06,9,15,15,1710680,1179820
2019,신경외과,G08,3,4,4,139720,98020
2019,신경외과,G10,1,1,1,19580,13780
2019,신경외과,G11,24,165,165,3935360,3111360
2019,신경외과,G12,15,149,149,3808380,3101180
2019,신경외과,G13,1,2,2,29340,26340
2019,신경외과,G14,54,120,120,3047210,2356410
2019,신경외과,G20,1139,6423,6474,142172020,122489700
2019,신경외과,G21,146,534,534,8937830,7279030
2019,신경외과,G22,120,385,385,8894480,6806780
2019,신경외과,G23,13,69,71,1932960,1503440
2019,신경외과,G24,4389,7124,7130,160777390,115434320
2019,신경외과,G25,7230,20386,20401,396872860,304839620
2019,신경외과,G26,5,8,8,151050,123450
2019,신경외과,G30,196,879,879,18347080,14487180
2019,신경외과,G31,5023,16366,16451,380054560,298112800
2019,신경외과,G32,7,11,11,141760,110560
2019,신경외과,G35,11,44,44,923850,804950
2019,신경외과,G36,3,15,15,539850,479450
2019,신경외과,G37,13,25,25,1610650,1130360
2019,신경외과,G40,1848,7800,7808,125096230,94259210
2019,신경외과,G41,58,253,253,3632610,2843410
2019,신경외과,G43,21009,45463,45820,1563221260,1124936870
2019,신경외과,G44,37735,71006,71880,2744501550,1978859630
2019,신경외과,G45,3226,9651,10080,614463750,445555940
2019,신경외과,G46,1726,15404,16354,434718270,357607860
2019,신경외과,G47,9210,25555,25587,401091700,310279640
2019,신경외과,G50,4436,10582,10632,359475980,261650440
2019,신경외과,G51,7768,33256,33800,845914060,615879310
2019,신경외과,G52,423,566,567,49067910,34764200
2019,신경외과,G53,2977,11063,11326,352462000,263632860
2019,신경외과,G54,2901,9745,9830,445702660,320220450
2019,신경외과,G55,1185,4956,4991,219218790,157869130
2019,신경외과,G56,14945,39523,39958,1306407890,941361640
2019,신경외과,G57,6634,16805,16875,589713150,424822310
2019,신경외과,G58,3911,8253,8338,315505190,229838700
2019,신경외과,G59,136,434,434,6701440,5317540
2019,신경외과,G60,13,34,34,631510,507110
2019,신경외과,G61,20,119,121,2498970,2164840
2019,신경외과,G62,874,3540,3552,97272810,75298940
2019,신경외과,G63,479,1670,1688,33791140,26851140
2019,신경외과,G64,3556,8026,8078,246203330,178529400
2019,신경외과,G70,39,110,110,2619130,2272530
2019,신경외과,G71,14,115,133,3047030,2318030
2019,신경외과,G72,22,42,42,1105210,793710
2019,신경외과,G73,11,11,11,268200,197970
2019,신경외과,G80,47,121,121,2590050,2008050
2019,신경외과,G81,159,762,774,18014400,14085530
2019,신경외과,G82,59,203,221,5277380,4069270
2019,신경외과,G83,209,520,549,14205990,10951180
2019,신경외과,G90,581,1541,1796,59089810,43141830
2019,신경외과,G91,264,662,693,57947110,42036740
2019,신경외과,G93,1010,1425,1543,126531010,89855520
2019,신경외과,G94,12,33,33,1355830,1011730
2019,신경외과,G95,125,349,481,20346680,15469290
2019,신경외과,G96,40,64,69,3953360,2860690
2019,신경외과,G97,1,1,1,213910,149810
2019,신경외과,G98,7,9,9,162510,126110
2019,신경외과,G99,41,77,89,2277090,1669480
2019,신경외과,H00,257,326,326,5446050,3922850
2019,신경외과,H01,143,217,217,4308120,3193020
2019,신경외과,H02,105,150,150,5345290,3875290
2019,신경외과,H03,2,6,6,79400,55900
2019,신경외과,H04,456,789,788,10699130,7954430
2019,신경외과,H05,20,24,24,545260,404760
2019,신경외과,H06,1,1,1,19580,13780
2019,신경외과,H10,682,992,992,14032230,10520530
2019,신경외과,H11,209,414,414,5635270,4202770
2019,신경외과,H16,87,123,123,1622530,1224330
2019,신경외과,H18,3,62,62,1289420,1070220
2019,신경외과,H19,15,27,27,405720,291320
2019,신경외과,H20,3,3,3,28030,19930
2019,신경외과,H25,59,98,98,2133930,1670530
2019,신경외과,H26,24,36,36,370600,294200
2019,신경외과,H34,6,12,12,152870,113370
2019,신경외과,H35,10,53,53,1210090,1018890
2019,신경외과,H36,12,59,59,826690,712290
2019,신경외과,H40,41,90,90,1401140,1112040
2019,신경외과,H42,1,4,4,53210,37510
2019,신경외과,H43,1,1,1,11210,9710
2019,신경외과,H44,12,14,14,326920,246420
2019,신경외과,H46,1,2,2,33820,23820
2019,신경외과,H47,7,8,8,424330,304830
2019,신경외과,H48,1,1,1,28380,19880
2019,신경외과,H49,20,66,67,1300710,990890
2019,신경외과,H50,4,5,5,94190,70390
2019,신경외과,H52,2,2,2,33220,30020
2019,신경외과,H53,126,170,170,9859640,7034240
2019,신경외과,H54,11,22,22,304220,248720
2019,신경외과,H55,2,2,2,31380,21980
2019,신경외과,H57,34,36,36,666330,499030
2019,신경외과,H59,1,1,1,15690,14190
2019,신경외과,H60,453,725,725,13536670,9967570
2019,신경외과,H61,76,104,104,3402000,2460600
2019,신경외과,H62,3,3,3,39180,27580
2019,신경외과,H65,103,196,202,5089740,3707330
2019,신경외과,H66,198,381,380,9686780,7301900
2019,신경외과,H67,3,5,22,63480,46560
2019,신경외과,H68,2,2,2,40380,28380
2019,신경외과,H69,41,63,63,2153740,1521840
2019,신경외과,H70,15,18,18,630250,448750
2019,신경외과,H72,5,7,7,490310,343610
2019,신경외과,H73,3,6,6,116340,81740
2019,신경외과,H80,1,1,1,15690,10990
2019,신경외과,H81,10284,22171,23564,859974140,635204980
2019,신경외과,H82,103,141,141,2401270,1869270
2019,신경외과,H83,40,81,107,4519680,3370420
2019,신경외과,H90,5,9,21,1360620,1023770
2019,신경외과,H91,92,130,135,8103240,5748930
2019,신경외과,H92,45,50,50,1005020,748320
2019,신경외과,H93,866,1779,1784,47719560,35694860
2019,신경외과,I00,10,24,24,726360,539660
2019,신경외과,I05,2,11,11,144240,107440
2019,신경외과,I08,1,12,12,445840,312840
2019,신경외과,I10,34738,214715,214753,3687150480,2875931360
2019,신경외과,I11,140,745,745,10765260,8656960
2019,신경외과,I12,4,17,17,486930,384030
2019,신경외과,I13,8,54,54,1120180,859380
2019,신경외과,I15,66,283,283,4462670,3543270
2019,신경외과,I20,407,1208,1249,25165400,19644120
2019,신경외과,I21,47,120,121,2449820,1872710
2019,신경외과,I22,3,24,24,448730,378930
2019,신경외과,I23,1,3,3,37670,33170
2019,신경외과,I24,17,44,44,653140,545840
2019,신경외과,I25,56,293,300,5271520,4383410
2019,신경외과,I31,2,2,5,187910,142350
2019,신경외과,I34,2,8,8,186710,131310
2019,신경외과,I35,6,7,19,940570,690030
2019,신경외과,I36,1,1,1,15690,10990
2019,신경외과,I39,1,1,1,15690,10990
2019,신경외과,I42,6,58,58,1666520,1501020
2019,신경외과,I44,2,2,2,42830,36330
2019,신경외과,I47,49,85,85,1787340,1283440
2019,신경외과,I48,43,158,157,3158350,2434470
2019,신경외과,I49,167,342,341,8251470,6188210
2019,신경외과,I50,165,646,663,16692920,13215130
2019,신경외과,I51,36,54,54,1374960,1032360
2019,신경외과,I52,1,1,1,82450,80950
2019,신경외과,I60,230,483,631,66963510,47609750
2019,신경외과,I61,305,1560,1785,47225900,35828460
2019,신경외과,I62,56,327,353,11954230,8998490
2019,신경외과,I63,6413,36373,38801,1050962770,828106970
2019,신경외과,I64,230,863,893,59446010,43224820
2019,신경외과,I65,732,2611,2622,92010000,68087320
2019,신경외과,I66,337,1206,1326,67866890,49191410
2019,신경외과,I67,2661,9060,9845,340514590,257714990
2019,신경외과,I68,144,415,420,30170760,21677470
2019,신경외과,I69,1728,10616,11245,244576490,195759350
2019,신경외과,I70,512,1685,1686,27395190,21374450
2019,신경외과,I71,12,18,40,3238370,2391190
2019,신경외과,I72,42,51,58,5807750,4183250
2019,신경외과,I73,4065,9509,9552,192120880,146696280
2019,신경외과,I74,48,84,84,1304640,1023940
2019,신경외과,I77,9,17,17,323740,246240
2019,신경외과,I78,47,236,236,4727020,3951320
2019,신경외과,I79,68,184,184,3580270,2766270
2019,신경외과,I80,173,316,319,6493740,4910160
2019,신경외과,I82,13,26,26,549950,424750
2019,신경외과,I83,559,978,978,18053500,13487400
2019,신경외과,I86,44,69,75,1485860,1140680
2019,신경외과,I87,1458,2869,2882,55036490,42170390
2019,신경외과,I88,138,195,195,4399030,3231630
2019,신경외과,I89,313,567,567,10556910,7991310
2019,신경외과,I95,213,271,286,7581030,5691190
2019,신경외과,I97,10,23,23,421850,313350
2019,신경외과,I98,1,4,4,44840,31640
2019,신경외과,I99,24,28,28,625070,454170
2019,신경외과,J00,12599,23104,23162,373965070,288889630
2019,신경외과,J01,2035,3267,3256,63691370,46737410
2019,신경외과,J02,5271,8745,8772,140060990,105258170
2019,신경외과,J03,5531,9023,9077,153327790,113628400
2019,신경외과,J04,2730,4726,4732,86753100,66275680
2019,신경외과,J05,2,3,3,46530,38730
2019,신경외과,J06,12082,20830,20874,333595290,254966300
2019,신경외과,J09,60,91,129,5324080,4332240
2019,신경외과,J10,550,754,1098,47690630,37371100
2019,신경외과,J11,501,756,862,27640380,20820110
2019,신경외과,J12,4,5,14,943380,706150
2019,신경외과,J14,1,1,1,25590,17990
2019,신경외과,J15,84,199,279,14139070,10924790
2019,신경외과,J16,7,12,12,238870,186270
2019,신경외과,J17,5,9,9,356400,270900
2019,신경외과,J18,1781,3326,3863,168909750,126338240
2019,신경외과,J20,27167,50768,51197,873400490,665754080
2019,신경외과,J21,1754,2783,2792,52432390,39261540
2019,신경외과,J22,429,724,729,12786970,9747280
2019,신경외과,J30,9788,17559,17547,298024170,222431450
2019,신경외과,J31,42,48,48,897610,643210
2019,신경외과,J32,368,696,699,19295820,14005670
2019,신경외과,J33,12,21,21,686870,481670
2019,신경외과,J34,61,73,82,2097760,1566600
2019,신경외과,J35,20,30,39,1192160,893900
2019,신경외과,J36,1034,1924,1937,31454040,23687820
2019,신경외과,J37,8,11,11,454030,334230
2019,신경외과,J38,11,20,20,500750,369750
2019,신경외과,J39,167,249,249,4673240,3485740
2019,신경외과,J40,5408,9629,9721,168396380,128741170
2019,신경외과,J41,1099,2172,2162,35740630,27694140
2019,신경외과,J42,953,1784,1787,28429130,22705170
2019,신경외과,J43,15,19,19,629250,452350
2019,신경외과,J44,212,682,706,15272270,11868450
2019,신경외과,J45,1055,2897,2968,54328840,42681190
2019,신경외과,J46,40,249,254,6402960,4967480
2019,신경외과,J47,23,31,39,1161050,888050
2019,신경외과,J60,2,2,2,41580,31480
2019,신경외과,J62,4,4,4,120050,88750
2019,신경외과,J64,3,3,3,63960,44860
2019,신경외과,J68,1,1,7,567810,431050
2019,신경외과,J69,1,32,32,979350,701850
2019,신경외과,J80,1,1,1,15690,10990
2019,신경외과,J81,3,4,4,138270,98870
2019,신경외과,J84,18,35,35,1756390,1346690
2019,신경외과,J90,17,31,31,870870,636170
2019,신경외과,J91,2,2,2,46060,34560
2019,신경외과,J93,43,69,88,5266770,3914790
2019,신경외과,J94,8,11,11,264720,203520
2019,신경외과,J96,5,5,5,93770,73670
2019,신경외과,J98,151,206,206,5047210,3586910
2019,신경외과,K02,2,2,2,28890,22090
2019,신경외과,K03,2,2,2,43790,32590
2019,신경외과,K04,15,76,76,2301210,1651010
2019,신경외과,K05,333,601,615,10079820,7873210
2019,신경외과,K06,3,3,3,58590,43390
2019,신경외과,K07,2428,5162,5175,120180900,88403810
2019,신경외과,K08,82,106,106,1695580,1278880
2019,신경외과,K09,9,9,9,245010,178210
2019,신경외과,K10,68,101,101,2344750,1670050
2019,신경외과,K11,92,134,147,3401000,2551680
2019,신경외과,K12,729,1086,1098,18950470,14617070
2019,신경외과,K13,27,39,39,810770,607170
2019,신경외과,K14,80,146,145,2583080,2007580
2019,신경외과,K20,71,110,110,1714290,1329490
2019,신경외과,K21,4782,9035,9042,209176510,154138320
2019,신경외과,K22,7,10,10,123410,101310
2019,신경외과,K25,729,1279,1271,28528440,21402730
2019,신경외과,K26,120,215,214,5734650,4189750
2019,신경외과,K27,602,1209,1209,24461030,18741230
2019,신경외과,K28,3,8,8,105570,74270
2019,신경외과,K29,15677,35942,36035,1383144430,1001076190
2019,신경외과,K30,1881,3140,3162,85142150,63210320
2019,신경외과,K31,67,81,81,1368590,1026390
2019,신경외과,K35,68,80,98,3592520,2622010
2019,신경외과,K36,8,14,17,428820,307580
2019,신경외과,K37,15,15,15,361480,262330
2019,신경외과,K38,7,9,9,265430,189930
2019,신경외과,K40,54,70,71,1415330,1092670
2019,신경외과,K41,5,5,5,77860,56460
2019,신경외과,K42,3,3,3,42590,29890
2019,신경외과,K43,14,24,24,435900,357700
2019,신경외과,K44,2,9,9,274910,214510
2019,신경외과,K45,4,4,4,62760,47160
2019,신경외과,K46,25,35,35,581070,475270
2019,신경외과,K50,9,22,22,671110,538010
2019,신경외과,K51,6,23,23,552020,493220
2019,신경외과,K52,3016,4393,4438,79687210,60099060
2019,신경외과,K56,89,143,148,2918310,2257560
2019,신경외과,K57,13,20,23,1316550,964410
2019,신경외과,K58,2103,3055,3112,59825700,45610090
2019,신경외과,K59,2274,3779,3809,72218830,55591230
2019,신경외과,K60,7,9,9,138500,112100
2019,신경외과,K61,47,82,82,1768400,1297680
2019,신경외과,K62,41,53,79,5711640,4191730
2019,신경외과,K63,91,118,114,25441270,17955440
2019,신경외과,K64,184,348,350,10291570,7497810
2019,신경외과,K65,5,8,8,221900,162300
2019,신경외과,K70,138,275,277,7916180,5754240
2019,신경외과,K71,75,132,134,4499630,3307390
2019,신경외과,K72,18,34,34,481710,365710
2019,신경외과,K73,342,815,864,32202810,23243140
2019,신경외과,K74,40,126,186,8129440,5950320
2019,신경외과,K75,159,344,351,10826590,7868040
2019,신경외과,K76,1213,1981,1963,68927920,49372850
2019,신경외과,K77,2,2,2,149240,104640
2019,신경외과,K80,89,152,194,7451040,5394010
2019,신경외과,K81,46,73,111,5826680,4400310
2019,신경외과,K82,47,98,129,5225150,3749310
2019,신경외과,K83,7,32,32,662100,466800
2019,신경외과,K85,14,25,50,3432460,2585550
2019,신경외과,K86,16,28,31,1175600,858670
2019,신경외과,K90,5,18,18,273080,198380
2019,신경외과,K91,6,18,18,244940,194140
2019,신경외과,K92,101,129,129,6135880,4388780
2019,신경외과,L01,138,287,286,6433500,4859600
2019,신경외과,L02,4150,11628,11730,264452450,197767030
2019,신경외과,L03,12413,28812,29394,685618810,509367280
2019,신경외과,L04,589,851,850,15376010,11129610
2019,신경외과,L05,33,117,117,3686800,2671100
2019,신경외과,L08,822,1622,1628,32578100,24797300
2019,신경외과,L10,3,4,4,49520,43720
2019,신경외과,L12,1,1,1,11210,7910
2019,신경외과,L13,38,51,51,798350,600750
2019,신경외과,L20,641,1363,1367,26610280,19555260
2019,신경외과,L21,565,950,950,18537100,13747600
2019,신경외과,L22,3,6,6,56620,42020
2019,신경외과,L23,6345,10909,10906,176292420,136495530
2019,신경외과,L24,1570,2874,2874,55472650,41279350
2019,신경외과,L25,913,1380,1379,21126950,16559890
2019,신경외과,L26,2,2,2,29350,20650
2019,신경외과,L27,89,139,139,2265970,1757270
2019,신경외과,L28,314,583,583,9357990,7229390
2019,신경외과,L29,502,853,865,15215990,12068970
2019,신경외과,L30,1196,1938,1937,31406270,24271130
2019,신경외과,L40,167,322,322,5574090,4216290
2019,신경외과,L42,22,70,70,958020,673920
2019,신경외과,L43,7,56,56,677750,585950
2019,신경외과,L50,4350,7627,7638,135359230,103416250
2019,신경외과,L51,6,13,16,454520,335860
2019,신경외과,L52,1,7,7,105770,74370
2019,신경외과,L53,85,188,188,3414800,2449700
2019,신경외과,L55,7,8,8,199510,142310
2019,신경외과,L56,3,4,4,74830,52530
2019,신경외과,L57,4,10,10,286870,206370
2019,신경외과,L58,1,5,5,93680,65680
2019,신경외과,L59,1,1,1,23030,18430
2019,신경외과,L60,3230,9591,9596,263036400,192079640
2019,신경외과,L62,2,6,6,152790,107190
2019,신경외과,L63,85,296,296,8353750,5879650
2019,신경외과,L64,27,43,43,889480,627980
2019,신경외과,L65,37,62,62,830900,584300
2019,신경외과,L66,40,88,88,1661340,1181140
2019,신경외과,L70,96,171,171,2713210,1918010
2019,신경외과,L71,6,15,15,118870,93770
2019,신경외과,L72,923,2995,3037,109844620,79364870
2019,신경외과,L73,10,17,17,281790,203590
2019,신경외과,L74,14,15,15,225590,169990
2019,신경외과,L75,1,8,8,143570,100770
2019,신경외과,L80,11,11,11,172120,131820
2019,신경외과,L81,15,20,20,296720,218220
2019,신경외과,L82,23,34,34,1409110,1003810
2019,신경외과,L84,1172,3230,3242,107579120,78778610
2019,신경외과,L85,136,189,189,2991990,2319790
2019,신경외과,L86,2,2,2,31710,24310
2019,신경외과,L88,1,1,1,48440,33940
2019,신경외과,L89,166,1005,1018,22130760,17702170
2019,신경외과,L90,12,26,26,653880,572180
2019,신경외과,L91,23,36,36,892670,647370
2019,신경외과,L92,44,93,93,3456300,2484500
2019,신경외과,L93,1,1,1,15690,10990
2019,신경외과,L94,1,1,1,15690,10990
2019,신경외과,L95,13,19,19,378040,271540
2019,신경외과,L97,7,38,38,716290,616890
2019,신경외과,L98,105,256,269,7030230,5639910
2019,신경외과,M00,127,454,658,31994450,24242630
2019,신경외과,M01,7,67,67,1825160,1291760
2019,신경외과,M02,121,470,470,11315810,8234210
2019,신경외과,M03,4,17,35,2204770,1686490
2019,신경외과,M05,339,2086,2173,53342730,44738620
2019,신경외과,M06,1603,5708,5875,164537800,121961410
2019,신경외과,M07,229,647,647,13661430,10361030
2019,신경외과,M08,30,167,167,2970020,2416720
2019,신경외과,M09,1,1,1,25710,18010
2019,신경외과,M10,11694,37737,37989,735122440,541284670
2019,신경외과,M11,122,441,449,10133820,7656170
2019,신경외과,M12,2324,7357,7381,164132360,123695400
2019,신경외과,M13,46363,162299,163300,4959153730,3656302330
2019,신경외과,M14,30,89,89,2094120,1580620
2019,신경외과,M15,547,1883,1891,40051430,30484470
2019,신경외과,M16,2454,8375,8717,239469420,182800890
2019,신경외과,M17,175973,909015,930988,33173096680,24484039610
2019,신경외과,M18,505,1461,1459,27745310,20993210
2019,신경외과,M19,37588,123680,124458,3547796770,2630817120
2019,신경외과,M20,1366,2622,3670,147422430,109245500
2019,신경외과,M21,1566,3357,3568,109446340,79993250
2019,신경외과,M22,2173,5823,5909,165286600,117823800
2019,신경외과,M23,3710,11502,13594,442640840,323596270
2019,신경외과,M24,5967,26657,27691,851517110,622595650
2019,신경외과,M25,43517,125305,125846,3818029470,2781997840
2019,신경외과,M31,7,15,24,783110,599800
2019,신경외과,M32,9,161,161,3202280,2834880
2019,신경외과,M33,4,6,6,268460,202560
2019,신경외과,M34,5,152,152,3739270,3371470
2019,신경외과,M35,109,371,371,8901380,7207580
2019,신경외과,M40,1056,3889,4039,126996340,93596700
2019,신경외과,M41,2426,9725,9830,272350200,199161620
2019,신경외과,M42,17,23,23,723510,520310
2019,신경외과,M43,14862,78635,82220,3444219430,2552770090
2019,신경외과,M45,316,2067,2110,61256270,51155310
2019,신경외과,M46,1002,4255,4514,179192250,131214810
2019,신경외과,M47,90231,412832,419447,17340245080,12740112320
2019,신경외과,M48,138423,841811,861342,34536748600,25960183510
2019,신경외과,M49,1927,11943,11957,341173250,257388500
2019,신경외과,M50,103804,503295,518709,21029870100,15239386030
2019,신경외과,M51,155583,863868,906458,36231822640,26533064350
2019,신경외과,M53,29116,88163,89000,3517952670,2531951440
2019,신경외과,M54,323715,1263048,1273274,49089124050,35754624520
2019,신경외과,M60,2496,5588,5588,157537220,114544820
2019,신경외과,M61,103,439,439,8909680,6465220
2019,신경외과,M62,9833,23452,23536,646941650,473781030
2019,신경외과,M63,1,1,1,15690,10990
2019,신경외과,M65,79107,231035,231850,5693782810,4153673690
2019,신경외과,M66,744,2304,2385,74738120,56338430
2019,신경외과,M67,8760,16088,16267,497095090,357664290
2019,신경외과,M68,227,544,544,13260900,9448500
2019,신경외과,M70,7924,20189,20307,593868090,429427960
2019,신경외과,M71,7126,24384,24472,650654140,476968650
2019,신경외과,M72,20342,63437,63588,1441450860,1048998380
2019,신경외과,M73,36,183,183,3717470,2905970
2019,신경외과,M75,126464,520873,525756,16851526540,12267443880
2019,신경외과,M76,12055,31882,31958,772957480,559412690
2019,신경외과,M77,78576,258643,258945,6630209280,4747589220
2019,신경외과,M79,92920,259829,261567,6919590310,5098118210
2019,신경외과,M80,1972,10171,10374,322743710,247644770
2019,신경외과,M81,31042,121289,121300,4919379960,3601104310
2019,신경외과,M82,77,220,220,8510730,6223230
2019,신경외과,M83,115,222,222,5506650,4122850
2019,신경외과,M84,114,335,381,16781520,12486790
2019,신경외과,M85,318,694,694,15385140,11064090
2019,신경외과,M86,72,294,394,14587330,11187930
2019,신경외과,M87,311,1205,1673,64639730,48091200
2019,신경외과,M89,266,1251,1253,33045990,25784970
2019,신경외과,M90,12,14,25,1078520,805690
2019,신경외과,M91,28,44,44,1596290,1151290
2019,신경외과,M92,588,1259,1260,33151420,23604470
2019,신경외과,M93,62,186,225,6909770,5249540
2019,신경외과,M94,947,1884,1963,58142070,41849120
2019,신경외과,M95,24,37,37,1074690,765390
2019,신경외과,M96,4096,25565,25780,964615800,726089580
2019,신경외과,M99,4533,20347,21485,788799500,576916480
2019,신경외과,N00,6,7,7,154180,115580
2019,신경외과,N02,6,10,10,216260,151860
2019,신경외과,N03,32,45,45,1971620,1403520
2019,신경외과,N04,13,22,22,387340,277240
2019,신경외과,N05,2,2,2,39640,29840
2019,신경외과,N06,1,1,1,15700,11000
2019,신경외과,N08,3,3,3,38110,30410
2019,신경외과,N10,149,259,382,17095780,12699320
2019,신경외과,N11,13,28,28,1104610,791510
2019,신경외과,N12,52,85,115,4992020,3782000
2019,신경외과,N13,12,18,18,292950,243950
2019,신경외과,N15,4,5,9,1073950,880440
2019,신경외과,N17,17,25,27,1110300,813160
2019,신경외과,N18,44,307,307,8950030,7412030
2019,신경외과,N19,11,38,38,871230,635580
2019,신경외과,N20,81,114,130,4920230,3554800
2019,신경외과,N21,51,67,85,4644230,3448150
2019,신경외과,N22,1,1,8,291320,223510
2019,신경외과,N23,1,1,1,11210,9710
2019,신경외과,N25,1,1,1,15690,10990
2019,신경외과,N28,17,24,24,1181170,842770
2019,신경외과,N29,1,2,2,49820,35020
2019,신경외과,N30,2211,4051,4062,76017400,57066540
2019,신경외과,N31,276,595,595,9069350,7493250
2019,신경외과,N32,56,111,111,1798490,1417090
2019,신경외과,N34,166,274,274,5242200,3931600
2019,신경외과,N36,3,3,3,36830,29030
2019,신경외과,N37,5,7,7,108490,79390
2019,신경외과,N39,376,726,779,15529480,12197000
2019,신경외과,N40,1709,5359,5358,77205280,62461670
2019,신경외과,N41,49,111,111,1740360,1272560
2019,신경외과,N42,47,85,85,1165640,922840
2019,신경외과,N43,3,11,11,187500,141200
2019,신경외과,N45,10,24,34,1098650,831870
2019,신경외과,N48,100,174,174,2962170,2223970
2019,신경외과,N49,3,5,5,116430,91930
2019,신경외과,N50,35,77,77,1054360,831660
2019,신경외과,N51,5,11,11,251890,205390
2019,신경외과,N60,3,4,4,70970,49870
2019,신경외과,N61,5,5,5,78450,58150
2019,신경외과,N62,9,10,10,186430,149330
2019,신경외과,N63,5,5,5,121430,86930
2019,신경외과,N64,37,40,40,820470,585670
2019,신경외과,N71,15,16,16,247410,173410
2019,신경외과,N72,40,146,146,2413980,1873480
2019,신경외과,N73,6,20,26,935150,739530
2019,신경외과,N74,2,2,2,30790,21690
2019,신경외과,N75,5,10,10,284800,204300
2019,신경외과,N76,126,194,194,3071720,2244820
2019,신경외과,N77,5,19,19,286850,214650
2019,신경외과,N80,3,3,11,486590,358350
2019,신경외과,N81,4,4,4,66650,56350
2019,신경외과,N83,5,8,10,411350,298750
2019,신경외과,N84,9,26,26,1044860,733060
2019,신경외과,N85,12,12,12,163270,114770
2019,신경외과,N87,14,14,14,170810,130310
2019,신경외과,N91,38,51,51,835550,594250
2019,신경외과,N92,27,30,30,488620,343020
2019,신경외과,N93,3,3,3,45050,31550
2019,신경외과,N94,140,212,212,3236870,2294570
2019,신경외과,N95,605,1649,1649,25487170,18590470
2019,신경외과,N97,12,120,120,1179490,831290
2019,신경외과,O00,1,2,2,45490,31990
2019,신경외과,O02,2,2,2,91990,82890
2019,신경외과,O03,2,2,2,39160,27560
2019,신경외과,O08,2,2,2,31380,21980
2019,신경외과,O20,7,9,9,569320,512920
2019,신경외과,O21,4,5,5,83250,72050
2019,신경외과,O22,1,1,1,19580,13780
2019,신경외과,O24,1,1,1,15690,10990
2019,신경외과,O34,1,2,2,7140,5040
2019,신경외과,O60,2,2,2,119030,107230
2019,신경외과,O75,1,2,2,39040,39040
2019,신경외과,O89,1,1,1,15690,10990
2019,신경외과,O90,2,2,2,30960,21760
2019,신경외과,O91,2,2,2,33450,23450
2019,신경외과,O92,1,2,2,30170,25470
2019,신경외과,P14,1,51,51,254490,183090
2019,신경외과,P21,1,1,1,121060,84760
2019,신경외과,P22,1,2,2,30840,24540
2019,신경외과,P23,1,1,1,13610,9610
2019,신경외과,P28,1,1,2,224120,176570
2019,신경외과,P90,1,5,5,108210,75910
2019,신경외과,P91,1,1,1,11210,7910
2019,신경외과,Q02,3,4,4,285310,199910
2019,신경외과,Q03,1,1,1,170800,119600
2019,신경외과,Q04,5,14,14,264060,207560
2019,신경외과,Q05,7,22,22,636090,557090
2019,신경외과,Q06,4,18,18,912740,705340
2019,신경외과,Q07,5,10,10,731930,516030
2019,신경외과,Q10,1,1,1,15690,10990
2019,신경외과,Q18,1,2,2,104640,73440
2019,신경외과,Q21,1,1,1,15690,10990
2019,신경외과,Q24,1,1,1,25320,17820
2019,신경외과,Q25,1,1,1,15690,14190
2019,신경외과,Q27,11,28,31,1102450,799610
2019,신경외과,Q28,64,206,206,7676250,5450050
2019,신경외과,Q36,1,2,2,29350,20650
2019,신경외과,Q38,1,1,1,15690,10990
2019,신경외과,Q44,3,4,4,568160,398060
2019,신경외과,Q50,1,1,1,24070,16870
2019,신경외과,Q53,1,1,1,21830,15330
2019,신경외과,Q61,6,9,9,365170,257970
2019,신경외과,Q62,1,7,7,109530,76930
2019,신경외과,Q64,1,1,1,15690,10990
2019,신경외과,Q65,9,9,9,207520,176220
2019,신경외과,Q66,57,78,78,1947490,1406090
2019,신경외과,Q67,24,45,45,833730,599430
2019,신경외과,Q68,15,53,53,1040910,768010
2019,신경외과,Q70,3,3,3,68400,48000
2019,신경외과,Q72,2,2,2,64360,46760
2019,신경외과,Q74,14,29,29,730960,522960
2019,신경외과,Q75,8,9,9,189530,150230
2019,신경외과,Q76,10,23,23,718070,525070
2019,신경외과,Q77,2,12,12,181240,147840
2019,신경외과,Q78,11,48,48,1070440,751640
2019,신경외과,Q79,3,8,8,240360,171660
2019,신경외과,Q81,4,5,5,99480,69880
2019,신경외과,Q82,15,24,24,854950,611850
2019,신경외과,Q83,1,1,1,64680,45280
2019,신경외과,Q84,20,44,44,1147860,820660
2019,신경외과,Q85,37,280,280,15351300,13071420
2019,신경외과,Q87,2,158,158,3558110,3210310
2019,신경외과,Q90,1,13,13,145730,102830
2019,신경외과,R00,302,434,434,10668130,7801730
2019,신경외과,R01,2,14,14,332490,271690
2019,신경외과,R02,2,2,2,45500,34000
2019,신경외과,R03,109,138,138,2841300,2094700
2019,신경외과,R04,89,159,159,3273870,2564670
2019,신경외과,R05,472,666,666,12322410,9321210
2019,신경외과,R06,151,191,195,5531940,4136590
2019,신경외과,R07,1943,2546,2550,74853210,54223490
2019,신경외과,R09,53,93,103,2655980,2018300
2019,신경외과,R10,2442,3443,3562,92272850,68731690
2019,신경외과,R11,1323,1920,1970,44769750,33413280
2019,신경외과,R12,251,468,470,11709230,8696060
2019,신경외과,R13,4,7,7,296970,213770
2019,신경외과,R14,14,20,20,342040,270340
2019,신경외과,R15,1,1,1,13670,9570
2019,신경외과,R17,9,10,10,488690,347890
2019,신경외과,R18,3,3,3,52180,38480
2019,신경외과,R19,17,18,18,299480,218280
2019,신경외과,R20,404,565,566,13969410,10178760
2019,신경외과,R21,12,15,14,224350,177750
2019,신경외과,R22,562,1276,1335,45630710,33147600
2019,신경외과,R23,31,35,35,583570,446370
2019,신경외과,R25,4528,9326,9330,191617930,143425480
2019,신경외과,R26,97,323,344,11862790,8572480
2019,신경외과,R27,16,18,18,1145710,841510
2019,신경외과,R29,1367,2454,2463,64574320,46172710
2019,신경외과,R30,20,27,27,511890,395090
2019,신경외과,R31,72,96,95,3108300,2234410
2019,신경외과,R32,82,184,184,3163440,2562340
2019,신경외과,R33,3,3,3,49290,38690
2019,신경외과,R34,1,1,1,11210,9710
2019,신경외과,R35,82,129,129,1780400,1477300
2019,신경외과,R39,48,69,69,1291860,1006760
2019,신경외과,R40,16,18,18,324700,246800
2019,신경외과,R41,525,1253,1253,34491470,25750850
2019,신경외과,R42,11768,21445,21678,679576210,501173810
2019,신경외과,R43,7,8,8,120450,86350
2019,신경외과,R44,168,185,199,18240340,12942220
2019,신경외과,R45,252,472,472,7255980,5776880
2019,신경외과,R46,3,3,3,47070,36670
2019,신경외과,R47,41,53,53,2915790,2107190
2019,신경외과,R48,1,1,1,15690,10990
2019,신경외과,R49,6,6,6,171690,126690
2019,신경외과,R50,484,695,704,15503990,11479330
2019,신경외과,R51,17854,28740,29178,1327463420,954510090
2019,신경외과,R52,918,3263,3289,59320700,48880680
2019,신경외과,R53,257,386,429,10653060,7808160
2019,신경외과,R54,12,12,12,208650,173650
2019,신경외과,R55,405,498,545,41139600,29209140
2019,신경외과,R56,243,397,403,8085670,5880820
2019,신경외과,R57,106,272,272,4751930,3612730
2019,신경외과,R58,5,6,6,138310,98910
2019,신경외과,R59,87,109,109,2428400,1718800
2019,신경외과,R60,1014,1479,1492,35315620,26584300
2019,신경외과,R61,51,73,73,1535510,1106310
2019,신경외과,R62,27,65,65,2607160,1831660
2019,신경외과,R63,191,250,253,6904020,5296170
2019,신경외과,R64,1,2,2,30840,27640
2019,신경외과,R65,3,3,3,99210,69510
2019,신경외과,R68,63,79,79,1664020,1203720
2019,신경외과,R72,3,3,3,68560,48160
2019,신경외과,R73,1027,2419,2415,66820270,50829720
2019,신경외과,R74,5,5,5,87080,63780
2019,신경외과,R76,38,66,66,2737500,1582720
2019,신경외과,R77,2,2,2,127300,89200
2019,신경외과,R78,1,1,1,21270,17070
2019,신경외과,R79,4,4,4,47290,35190
2019,신경외과,R80,29,44,44,966500,693700
2019,신경외과,R81,165,222,221,3825630,2990450
2019,신경외과,R82,3,3,3,51860,38260
2019,신경외과,R84,1,1,1,25320,17820
2019,신경외과,R85,3,5,5,83770,66270
2019,신경외과,R86,1,1,1,19580,13780
2019,신경외과,R89,1,1,1,27240,19140
2019,신경외과,R90,10,10,23,1647650,1268610
2019,신경외과,R91,21,21,21,413300,311100
2019,신경외과,R92,5,5,5,72940,53140
2019,신경외과,R93,9,9,9,182140,136740
2019,신경외과,R94,212,340,338,11084890,7993390
2019,신경외과,R96,1,2,2,40190,28290
2019,신경외과,S00,8650,11576,11838,344672050,252142080
2019,신경외과,S01,7746,19928,20128,520380360,383487310
2019,신경외과,S02,535,1075,1441,63416530,46736730
2019,신경외과,S03,1257,2185,2186,53702720,38821550
2019,신경외과,S04,59,126,126,2841160,2072660
2019,신경외과,S05,87,116,116,4118220,3048420
2019,신경외과,S06,7329,11392,14505,753262070,549836520
2019,신경외과,S07,68,149,149,3740410,2819470
2019,신경외과,S08,1,1,1,63830,50430
2019,신경외과,S09,214,302,302,15716340,11329080
2019,신경외과,S10,85,119,119,3283610,2374310
2019,신경외과,S11,128,266,266,6002080,4393780
2019,신경외과,S12,64,178,284,11745870,8613560
2019,신경외과,S13,52907,144618,148718,4996913930,3582177650
2019,신경외과,S14,241,1069,1386,51725840,38404970
2019,신경외과,S15,3,5,5,826490,587890
2019,신경외과,S16,8,16,16,304000,255300
2019,신경외과,S19,4,29,29,490280,349580
2019,신경외과,S20,8361,14250,14685,433511690,316912930
2019,신경외과,S21,302,803,823,20008870,15045480
2019,신경외과,S22,10998,35728,51982,2419729890,1806893980
2019,신경외과,S23,22861,42107,42661,1276435250,929535380
2019,신경외과,S24,10,58,58,1670040,1291040
2019,신경외과,S25,1,1,1,31260,21960
2019,신경외과,S27,8,15,37,2242210,1667850
2019,신경외과,S29,41,172,172,4260510,3435310
2019,신경외과,S30,2164,4385,4485,122494960,90849100
2019,신경외과,S31,666,1632,1637,35594240,27257990
2019,신경외과,S32,5330,22132,35998,1958867120,1468263240
2019,신경외과,S33,95505,285138,300872,10506052170,7607807830
2019,신경외과,S34,164,491,906,45616110,33327500
2019,신경외과,S35,5,6,6,130950,94050
2019,신경외과,S36,6,10,10,290260,205660
2019,신경외과,S37,12,40,50,1797610,1375640
2019,신경외과,S38,1,2,2,54990,38590
2019,신경외과,S39,18,36,36,713360,520960
2019,신경외과,S40,1732,3962,4029,102110470,75495070
2019,신경외과,S41,421,992,994,22501330,16652870
2019,신경외과,S42,1369,5573,6891,252495920,189333970
2019,신경외과,S43,24666,72905,75045,2112575290,1535598460
2019,신경외과,S44,109,366,399,10391890,7662940
2019,신경외과,S45,3,5,5,116380,85680
2019,신경외과,S46,6183,27992,30556,1028439540,755562080
2019,신경외과,S47,6,10,10,294530,221030
2019,신경외과,S49,30,132,164,6075270,4386760
2019,신경외과,S50,3282,6310,6350,175303980,126879290
2019,신경외과,S51,1607,4734,4779,124813870,92830880
2019,신경외과,S52,4011,20102,22098,865560400,637485700
2019,신경외과,S53,11516,30531,30679,843139810,608817040
2019,신경외과,S54,322,841,888,23641680,16998230
2019,신경외과,S55,6,7,7,162690,114290
2019,신경외과,S56,561,1509,1562,43006030,30853590
2019,신경외과,S57,16,41,41,1082740,798140
2019,신경외과,S58,5,7,24,1204230,907230
2019,신경외과,S59,39,67,67,3448190,2478690
2019,신경외과,S60,9611,15466,15528,472143740,337820330
2019,신경외과,S61,17283,51902,52066,1360612400,984988380
2019,신경외과,S62,6856,25500,26520,941194130,677975460
2019,신경외과,S63,57846,120148,120476,3543404980,2529176560
2019,신경외과,S64,207,443,474,13400390,9863010
2019,신경외과,S65,99,191,198,6390950,4543940
2019,신경외과,S66,1650,5272,5431,195767150,139692330
2019,신경외과,S67,595,1884,1948,59895500,43433380
2019,신경외과,S68,57,207,229,7401280,5452060
2019,신경외과,S69,194,392,392,11537950,8170950
2019,신경외과,S70,2903,5686,5826,151064120,111519400
2019,신경외과,S71,481,1309,1335,33663680,24866420
2019,신경외과,S72,464,1781,3319,148257070,111747000
2019,신경외과,S73,4961,12109,12513,336352850,247119610
2019,신경외과,S74,17,58,71,1756150,1298880
2019,신경외과,S75,7,13,13,369350,262850
2019,신경외과,S76,2055,5525,6087,170611950,124477390
2019,신경외과,S77,9,24,24,871130,632430
2019,신경외과,S78,12,20,20,402630,323430
2019,신경외과,S79,70,191,213,6649280,4896330
2019,신경외과,S80,10939,22143,22624,608961700,443734970
2019,신경외과,S81,4158,13510,13722,357244420,262063830
2019,신경외과,S82,3199,15084,21529,956241000,708640840
2019,신경외과,S83,31582,87923,94006,2831975830,2052325980
2019,신경외과,S84,94,283,293,7519760,5794110
2019,신경외과,S85,20,45,55,1998020,1468600
2019,신경외과,S86,3206,9747,10887,330281310,239296390
2019,신경외과,S87,50,141,141,3636160,2535450
2019,신경외과,S88,37,64,64,1098130,866630
2019,신경외과,S89,92,192,192,5732760,4024950
2019,신경외과,S90,9632,15987,16077,471744300,338777870
2019,신경외과,S91,4403,11514,11629,296649910,217530900
2019,신경외과,S92,8510,32230,38475,1650366920,1199121070
2019,신경외과,S93,75447,171892,175790,5538181020,3962820430
2019,신경외과,S94,48,135,148,4278380,3099360
2019,신경외과,S95,18,35,38,1087140,798940
2019,신경외과,S96,1426,4169,4631,153753920,111214430
2019,신경외과,S97,261,634,658,22491710,16195550
2019,신경외과,S98,3,6,6,133690,101890
2019,신경외과,S99,268,639,648,23242180,16486390
2019,신경외과,T00,219,478,521,13972660,10143480
2019,신경외과,T01,72,199,199,5826070,4184790
2019,신경외과,T02,1,1,1,40350,28250
2019,신경외과,T03,6,7,7,140900,104400
2019,신경외과,T04,1,1,1,16140,11340
2019,신경외과,T05,1,12,12,136980,118980
2019,신경외과,T06,2,4,4,57690,40590
2019,신경외과,T07,2,8,8,195110,136910
2019,신경외과,T08,11,14,14,548780,391180
2019,신경외과,T09,97,352,352,5749760,4383600
2019,신경외과,T10,2,3,3,58040,40740
2019,신경외과,T11,71,172,172,4431530,3199910
2019,신경외과,T12,4,30,30,726280,510080
2019,신경외과,T13,130,322,321,8453520,6117120
2019,신경외과,T14,1979,4548,4670,124843760,90375770
2019,신경외과,T15,26,31,31,1013360,719460
2019,신경외과,T16,47,52,52,1560560,1123160
2019,신경외과,T17,38,42,42,1321250,947250
2019,신경외과,T18,20,23,23,564770,419770
2019,신경외과,T19,4,4,4,194520,136420
2019,신경외과,T20,117,235,246,9821600,7066460
2019,신경외과,T21,209,787,787,30144480,21707680
2019,신경외과,T22,662,2340,2369,90603990,64691370
2019,신경외과,T23,1396,3975,3981,164196000,117351160
2019,신경외과,T24,514,2260,2313,89838240,64479180
2019,신경외과,T25,435,1915,2010,83374360,60750670
2019,신경외과,T26,11,18,18,538970,431870
2019,신경외과,T28,2,2,2,55410,42510
2019,신경외과,T29,11,24,24,856200,610900
2019,신경외과,T30,426,1467,1469,61868600,44183160
2019,신경외과,T31,21,73,73,2465090,1799490
2019,신경외과,T33,39,84,84,1800530,1334930
2019,신경외과,T34,2,4,4,67740,47440
2019,신경외과,T35,6,19,19,372060,280160
2019,신경외과,T36,1,1,1,15690,14190
2019,신경외과,T45,1,1,1,21370,14970
2019,신경외과,T50,2,8,8,114350,80550
2019,신경외과,T52,2,4,10,501170,374120
2019,신경외과,T56,13,20,20,1496690,1052290
2019,신경외과,T58,1,1,1,31640,22240
2019,신경외과,T60,5,6,7,203030,158380
2019,신경외과,T62,1,1,1,17540,12340
2019,신경외과,T63,185,247,246,6393590,4706540
2019,신경외과,T67,175,227,238,5412190,4075820
2019,신경외과,T68,1,1,1,14340,14340
2019,신경외과,T69,6,15,15,229750,161350
2019,신경외과,T70,1,1,1,15690,10990
2019,신경외과,T73,61,87,87,1950220,1390920
2019,신경외과,T75,21,22,22,385620,270420
2019,신경외과,T78,608,1190,1189,19691070,15626990
2019,신경외과,T79,364,747,772,17818200,13351450
2019,신경외과,T80,3,3,3,108170,75870
2019,신경외과,T81,134,455,458,9574560,7268020
2019,신경외과,T82,1,1,1,21830,15330
2019,신경외과,T84,9,53,60,1562190,1277180
2019,신경외과,T85,3,5,61,3503810,2672070
2019,신경외과,T86,1,3,3,44460,31260
2019,신경외과,T87,16,64,64,1166300,979800
2019,신경외과,T88,12,23,23,408490,313490
2019,신경외과,T90,46,305,305,5331630,4308930
2019,신경외과,T91,286,1565,1565,36150310,28757810
2019,신경외과,T92,147,1022,1022,20810070,16123370
2019,신경외과,T93,136,1053,1095,21015300,15743240
2019,신경외과,T95,3,3,3,60470,42470
2019,신경외과,T98,1,1,1,22120,17520
2019,신경외과,U06,1,1,1,19580,13780
2019,신경외과,Z00,92,98,98,2185890,1592790
2019,신경외과,Z01,8,9,9,153580,107880
2019,신경외과,Z02,4,4,4,19580,13780
2019,신경외과,Z03,86,98,98,2798010,1604090
2019,신경외과,Z04,51,54,54,900400,677400
2019,신경외과,Z09,1,1,1,25920,18220
2019,신경외과,Z10,2,2,2,22800,16000
2019,신경외과,Z20,2,2,2,16820,13820
2019,신경외과,Z23,9,12,12,491690,374190
2019,신경외과,Z24,7,8,8,272550,201950
2019,신경외과,Z25,89,91,91,1044200,805800
2019,신경외과,Z26,73,78,78,1312390,990290
2019,신경외과,Z27,1,1,1,0,0
2019,신경외과,Z29,4,4,4,59480,41780
2019,신경외과,Z30,16,42,42,810320,569520
2019,신경외과,Z31,5,14,14,192540,135440
2019,신경외과,Z32,54,73,73,1128960,903160
2019,신경외과,Z33,1,1,1,19580,13780
2019,신경외과,Z34,41,68,68,6001310,5403910
2019,신경외과,Z35,2,2,2,35270,24770
2019,신경외과,Z36,1,1,1,91400,64000
2019,신경외과,Z39,3,3,3,47070,32970
2019,신경외과,Z47,16,33,58,2241800,1679390
2019,신경외과,Z48,1050,2310,2319,47892260,35244190
2019,신경외과,Z49,1,1,1,46790,46790
2019,신경외과,Z52,1,1,1,21830,15330
2019,신경외과,Z54,36,86,86,1653160,1337160
2019,신경외과,Z55,1,1,1,15690,10990
2019,신경외과,Z56,1,1,1,15690,10990
2019,신경외과,Z57,1,1,1,18830,13230
2019,신경외과,Z70,4,5,5,66610,46710
2019,신경외과,Z71,1259,1564,1359,23723480,18823280
2019,신경외과,Z72,3,3,3,50960,35760
2019,신경외과,Z73,3,3,3,47070,32970
2019,신경외과,Z75,2,3,3,73220,53920
2019,신경외과,Z76,2,2,2,0,0
2019,신경외과,Z82,2,2,2,31380,21980
2019,신경외과,Z83,1,1,1,15690,10990
2019,신경외과,Z85,2,3,3,65500,52300
2019,신경외과,Z87,1,1,1,15690,14190
2019,신경외과,Z88,2,2,2,30790,21690
2019,신경외과,Z93,2,6,6,100410,90410
2019,신경외과,Z94,4,21,21,317210,225710
2019,신경외과,Z95,3,6,6,96290,84490
2019,신경외과,Z96,36,126,129,2833640,2351360
2019,신경외과,Z98,1657,4634,7244,254114060,190416200
2019,신경외과,Z99,1,1,1,21830,17530
2019,흉부외과,A04,199,331,362,8790930,6583140
2019,흉부외과,A05,3,3,3,38110,26810
2019,흉부외과,A08,19,35,35,523070,369770
2019,흉부외과,A09,871,1304,1871,91536800,70652700
2019,흉부외과,A15,8,81,127,12876900,12188810
2019,흉부외과,A16,3,7,7,195380,137180
2019,흉부외과,A18,1,1,1,15690,14190
2019,흉부외과,A37,1,1,9,1991710,1579790
2019,흉부외과,A49,4,4,4,75040,58040
2019,흉부외과,A54,1,1,1,15690,10990
2019,흉부외과,A59,3,10,10,162080,114080
2019,흉부외과,A69,1,1,1,11210,7910
2019,흉부외과,A75,6,7,44,5901940,4375880
2019,흉부외과,B00,185,272,274,4295520,3205740
2019,흉부외과,B01,3,3,9,787870,715270
2019,흉부외과,B02,360,618,922,40084810,30772680
2019,흉부외과,B07,45,56,56,1481770,1075370
2019,흉부외과,B08,8,11,11,378350,271150
2019,흉부외과,B15,14,18,104,16339220,13738990
2019,흉부외과,B16,1,2,2,24880,17480
2019,흉부외과,B17,2,2,8,709590,553180
2019,흉부외과,B18,4,7,15,1045770,799570
2019,흉부외과,B26,5,6,6,111120,78120
2019,흉부외과,B33,4,4,4,77200,57700
2019,흉부외과,B34,1,1,1,15690,14190
2019,흉부외과,B35,1283,3281,3281,44190770,33006770
2019,흉부외과,B36,3,3,3,38110,26810
2019,흉부외과,B37,18,24,33,1419270,1120060
2019,흉부외과,B43,1,1,1,13660,9660
2019,흉부외과,B48,1,2,2,31380,28380
2019,흉부외과,B49,1,1,1,19580,13780
2019,흉부외과,B66,2,2,2,25510,19810
2019,흉부외과,B85,2,2,2,26900,20700
2019,흉부외과,C11,1,1,1,11210,10710
2019,흉부외과,C15,2,9,9,170010,162210
2019,흉부외과,C16,12,66,85,3217650,2944740
2019,흉부외과,C18,21,155,167,4035930,3745300
2019,흉부외과,C19,2,8,8,149880,142980
2019,흉부외과,C20,4,19,19,358030,341630
2019,흉부외과,C21,1,1,1,11210,10710
2019,흉부외과,C22,4,17,20,702290,618900
2019,흉부외과,C23,1,8,8,172280,164280
2019,흉부외과,C24,1,2,18,1618860,1450880
2019,흉부외과,C25,2,6,6,398680,379080
2019,흉부외과,C30,1,10,10,181860,173460
2019,흉부외과,C32,1,1,1,13170,12570
2019,흉부외과,C34,46,215,516,55390030,49875970
2019,흉부외과,C44,1,22,22,438850,418550
2019,흉부외과,C46,1,39,39,919020,875620
2019,흉부외과,C50,8,34,54,2998640,2492100
2019,흉부외과,C61,2,2,11,1072520,971810
2019,흉부외과,C67,1,4,29,2285100,2229500
2019,흉부외과,C71,1,1,1,15690,14990
2019,흉부외과,C73,1,1,1,15690,14990
2019,흉부외과,C76,1,1,1,19580,18680
2019,흉부외과,C78,3,26,71,7889540,7194370
2019,흉부외과,C80,1,8,8,143280,136680
2019,흉부외과,C83,4,28,34,1853290,1650280
2019,흉부외과,C85,1,2,2,34700,33100
2019,흉부외과,C92,2,5,12,1413340,1248940
2019,흉부외과,D00,1,1,1,15690,14990
2019,흉부외과,D02,2,6,6,108340,80140
2019,흉부외과,D04,1,1,2,174500,162150
2019,흉부외과,D05,1,1,1,21830,20830
2019,흉부외과,D09,1,4,4,44840,31640
2019,흉부외과,D11,1,1,1,18020,12620
2019,흉부외과,D13,2,2,3,267190,209450
2019,흉부외과,D15,1,2,2,26900,18900
2019,흉부외과,D16,2,4,4,71020,50020
2019,흉부외과,D17,192,507,515,22950130,16464010
2019,흉부외과,D18,20,38,38,2167300,1567100
2019,흉부외과,D21,58,154,154,5136770,3800470
2019,흉부외과,D23,123,568,568,22428640,16501640
2019,흉부외과,D24,3,3,3,48940,40140
2019,흉부외과,D33,1,1,15,1225200,1124050
2019,흉부외과,D36,11,36,36,4708370,3374910
2019,흉부외과,D50,46,76,76,1235750,924050
2019,흉부외과,D51,1,1,1,12680,11180
2019,흉부외과,D61,1,3,3,43020,30220
2019,흉부외과,D63,1,1,1,15690,10990
2019,흉부외과,D64,4,5,5,154660,108560
2019,흉부외과,D66,1,2,2,22420,20220
2019,흉부외과,D68,1,2,2,44600,31300
2019,흉부외과,D69,3,4,4,53800,39600
2019,흉부외과,E03,62,184,184,3749810,2721610
2019,흉부외과,E04,9,17,17,289970,223070
2019,흉부외과,E05,22,89,89,2440510,1763510
2019,흉부외과,E07,11,12,12,1103540,773240
2019,흉부외과,E10,32,120,121,1778040,1357190
2019,흉부외과,E11,1015,5038,5192,116847700,88497410
2019,흉부외과,E13,17,77,77,1202040,935040
2019,흉부외과,E14,69,408,408,5755660,4865360
2019,흉부외과,E28,2,5,5,58520,41220
2019,흉부외과,E32,1,1,1,11210,7910
2019,흉부외과,E50,12,19,19,282870,198970
2019,흉부외과,E53,1,1,1,11210,10110
2019,흉부외과,E55,15,16,16,384850,273050
2019,흉부외과,E58,2,4,4,78310,59310
2019,흉부외과,E66,1,1,1,15690,10990
2019,흉부외과,E78,768,2584,2583,50718110,36718390
2019,흉부외과,E83,1,1,1,15690,10990
2019,흉부외과,E86,4,5,19,1437650,1100810
2019,흉부외과,E87,1,1,1,11210,9710
2019,흉부외과,E88,2,2,2,35270,24770
2019,흉부외과,E89,1,6,6,67260,47460
2019,흉부외과,F00,89,391,391,8238370,6529070
2019,흉부외과,F02,1,1,1,11210,9710
2019,흉부외과,F03,16,73,73,728150,566250
2019,흉부외과,F05,1,2,2,27330,24330
2019,흉부외과,F06,118,205,205,3826960,2915660
2019,흉부외과,F07,1,1,1,15690,14190
2019,흉부외과,F13,1,1,9,810100,608180
2019,흉부외과,F20,2,4,4,44840,37040
2019,흉부외과,F31,3,6,6,76630,63830
2019,흉부외과,F32,71,176,176,2415440,1975140
2019,흉부외과,F33,2,3,3,33910,27610
2019,흉부외과,F34,12,18,18,235110,173510
2019,흉부외과,F38,122,176,176,2872140,2165340
2019,흉부외과,F40,4,6,6,80870,68670
2019,흉부외과,F41,191,471,471,6189980,5095080
2019,흉부외과,F43,2,2,2,29360,23160
2019,흉부외과,F45,2,3,3,38110,30410
2019,흉부외과,F48,20,20,20,817090,589190
2019,흉부외과,F50,1,1,1,11210,9710
2019,흉부외과,F51,316,646,646,9050830,7016930
2019,흉부외과,F52,1,1,1,15690,10990
2019,흉부외과,F54,1,1,1,15690,10990
2019,흉부외과,F90,1,11,11,128230,90330
2019,흉부외과,G05,1,1,1,24340,17040
2019,흉부외과,G20,23,72,72,1183970,970270
2019,흉부외과,G21,1,1,1,13670,12170
2019,흉부외과,G23,2,2,2,22420,17620
2019,흉부외과,G24,41,41,41,656230,476130
2019,흉부외과,G25,52,119,119,2158530,1684330
2019,흉부외과,G30,3,8,8,190780,147480
2019,흉부외과,G31,1828,3958,3964,69673710,55241590
2019,흉부외과,G40,10,37,37,479640,350140
2019,흉부외과,G43,448,671,671,10965150,8207350
2019,흉부외과,G44,118,198,198,5969560,4283660
2019,흉부외과,G45,3,3,3,48150,40150
2019,흉부외과,G46,3,8,44,2873480,2172740
2019,흉부외과,G47,246,770,759,11775870,9308670
2019,흉부외과,G50,8,16,16,210170,170970
2019,흉부외과,G51,8,11,11,172220,133220
2019,흉부외과,G53,108,314,327,6582820,5018450
2019,흉부외과,G55,1,11,11,135430,118930
2019,흉부외과,G56,45,95,95,3838660,2730960
2019,흉부외과,G57,30,95,95,2532610,1874610
2019,흉부외과,G58,38,69,69,2421760,1745960
2019,흉부외과,G59,1,1,1,12290,11290
2019,흉부외과,G62,5,16,16,331640,265040
2019,흉부외과,G63,6,10,10,217360,167260
2019,흉부외과,G64,5,11,11,132270,103970
2019,흉부외과,G71,1,1,1,15690,10990
2019,흉부외과,G83,1,1,1,16890,15290
2019,흉부외과,G90,2,2,2,26900,18900
2019,흉부외과,G93,1,1,1,11210,7910
2019,흉부외과,G95,1,1,1,33780,23680
2019,흉부외과,H00,35,44,44,679990,496190
2019,흉부외과,H01,11,17,17,307750,222050
2019,흉부외과,H02,2,2,2,35270,24770
2019,흉부외과,H04,42,56,56,729760,575760
2019,흉부외과,H10,233,289,289,4593930,3392830
2019,흉부외과,H11,1,1,1,15690,10990
2019,흉부외과,H13,1,1,1,11210,7910
2019,흉부외과,H16,2,2,2,30790,23490
2019,흉부외과,H18,1,1,1,11210,9710
2019,흉부외과,H25,5,12,12,143480,121880
2019,흉부외과,H26,3,4,4,46490,40090
2019,흉부외과,H33,1,1,1,0,0
2019,흉부외과,H36,4,13,13,174540,151740
2019,흉부외과,H40,5,10,10,133090,117590
2019,흉부외과,H51,1,2,2,26960,23960
2019,흉부외과,H52,1,1,1,8180,5780
2019,흉부외과,H60,66,86,86,1338410,1050010
2019,흉부외과,H61,6,6,6,169180,121780
2019,흉부외과,H65,8,8,8,128680,93980
2019,흉부외과,H66,17,37,37,551250,424550
2019,흉부외과,H81,134,174,174,2612550,2109850
2019,흉부외과,H90,1,1,1,15690,14190
2019,흉부외과,H91,1,1,1,15690,10990
2019,흉부외과,H92,2,2,2,35270,27970
2019,흉부외과,H93,9,13,13,161590,135590
2019,흉부외과,I00,1,1,1,19580,13780
2019,흉부외과,I05,7,14,14,299560,215360
2019,흉부외과,I06,1,9,9,115470,96370
2019,흉부외과,I10,3847,24009,24010,428185300,331683860
2019,흉부외과,I11,61,466,466,6178070,5153270
2019,흉부외과,I13,2,20,20,223760,165360
2019,흉부외과,I20,746,4062,4073,98759340,74026070
2019,흉부외과,I21,14,57,57,1289110,985910
2019,흉부외과,I25,10,28,28,583560,432660
2019,흉부외과,I26,1,2,2,26460,23460
2019,흉부외과,I31,2,2,2,34320,31020
2019,흉부외과,I34,3,18,18,235400,206600
2019,흉부외과,I35,3,14,14,185660,160460
2019,흉부외과,I39,2,2,2,94180,74290
2019,흉부외과,I42,5,26,26,562370,463070
2019,흉부외과,I47,6,29,29,519580,365680
2019,흉부외과,I48,14,28,28,590010,438810
2019,흉부외과,I49,33,64,63,1843410,1317190
2019,흉부외과,I50,19,117,105,3743560,2641160
2019,흉부외과,I63,23,90,118,3105520,2438660
2019,흉부외과,I64,28,98,98,1408570,1157270
2019,흉부외과,I65,4,10,10,276400,213200
2019,흉부외과,I67,88,260,260,3823710,3089510
2019,흉부외과,I68,1,7,7,80930,70430
2019,흉부외과,I69,7,12,25,1209900,934120
2019,흉부외과,I70,122,315,316,5876950,4675910
2019,흉부외과,I71,15,68,68,889440,761540
2019,흉부외과,I72,1,1,1,18590,16790
2019,흉부외과,I73,222,353,353,7565610,5730620
2019,흉부외과,I74,16,35,35,904230,680030
2019,흉부외과,I77,3,3,3,47070,36170
2019,흉부외과,I78,15,19,19,448880,324980
2019,흉부외과,I79,13,25,25,311140,265640
2019,흉부외과,I80,212,430,431,14551230,10573090
2019,흉부외과,I82,27,46,46,993780,700880
2019,흉부외과,I83,42636,109112,109416,5570341230,4175672060
2019,흉부외과,I86,43,83,83,2222700,1580800
2019,흉부외과,I87,3745,5307,5309,137980930,99271710
2019,흉부외과,I88,7,7,7,184780,129580
2019,흉부외과,I89,65,93,93,2506910,1845020
2019,흉부외과,I95,7,8,8,163300,119100
2019,흉부외과,I97,2,2,2,153390,107390
2019,흉부외과,I99,3,4,4,58900,46400
2019,흉부외과,J00,999,1751,1751,25218920,19710720
2019,흉부외과,J01,662,742,742,25527770,18009170
2019,흉부외과,J02,305,435,435,6873830,5250630
2019,흉부외과,J03,553,787,859,20106780,15513750
2019,흉부외과,J04,40,53,53,820360,625360
2019,흉부외과,J06,3730,6455,6455,101773460,75695060
2019,흉부외과,J10,161,188,423,52744030,41841340
2019,흉부외과,J11,20,22,22,336670,251970
2019,흉부외과,J12,19,29,29,410400,294200
2019,흉부외과,J15,169,1145,1145,23666030,18474730
2019,흉부외과,J18,1033,2815,6468,806428200,595384630
2019,흉부외과,J20,7660,15462,15603,281415710,209573830
2019,흉부외과,J21,89,252,252,4343990,3352290
2019,흉부외과,J22,592,1002,1002,15775630,11700530
2019,흉부외과,J30,1105,2112,2112,32415680,25037180
2019,흉부외과,J31,14,18,18,269100,207500
2019,흉부외과,J35,3,4,4,55150,46550
2019,흉부외과,J36,513,672,926,39218580,30255370
2019,흉부외과,J37,1,1,1,23070,16170
2019,흉부외과,J39,147,215,215,3251110,2425710
2019,흉부외과,J40,4600,8815,9193,231992840,172710460
2019,흉부외과,J41,87,128,128,2048870,1676070
2019,흉부외과,J42,406,1024,1394,99087890,72703910
2019,흉부외과,J43,11,14,14,603680,408640
2019,흉부외과,J44,172,910,910,21664250,16837090
2019,흉부외과,J45,1907,8015,8450,243898740,184332400
2019,흉부외과,J46,164,484,811,78700160,59048120
2019,흉부외과,J47,32,72,90,3450780,2630290
2019,흉부외과,J81,1,1,1,15690,10990
2019,흉부외과,J84,20,129,129,2866690,2079250
2019,흉부외과,J85,2,13,27,3807790,2785310
2019,흉부외과,J90,11,19,16,603710,431210
2019,흉부외과,J93,68,87,161,15519060,11569550
2019,흉부외과,J94,6,6,6,116300,84800
2019,흉부외과,J98,12,19,19,347440,269140
2019,흉부외과,K00,1,1,1,56500,39600
2019,흉부외과,K05,35,68,68,766400,598800
2019,흉부외과,K07,22,43,43,2320370,1629170
2019,흉부외과,K08,2,2,2,28940,20340
2019,흉부외과,K10,1,2,5,410910,318000
2019,흉부외과,K11,6,7,7,91560,64460
2019,흉부외과,K12,37,50,50,719720,581320
2019,흉부외과,K13,3,3,3,51870,41870
2019,흉부외과,K14,2,2,2,33550,30350
2019,흉부외과,K20,17,60,60,1230610,967430
2019,흉부외과,K21,454,871,888,15012930,11569540
2019,흉부외과,K22,2,2,2,37200,26100
2019,흉부외과,K25,826,1708,1749,83579810,60398190
2019,흉부외과,K26,5,15,19,615100,488630
2019,흉부외과,K27,21,39,39,467630,377330
2019,흉부외과,K28,1,1,1,15690,10990
2019,흉부외과,K29,2771,5129,5151,110466910,87228270
2019,흉부외과,K30,157,205,205,3063240,2445340
2019,흉부외과,K35,10,10,10,332750,246250
2019,흉부외과,K40,1,1,1,15690,14190
2019,흉부외과,K44,1,1,1,15690,10990
2019,흉부외과,K46,1,1,1,15690,14190
2019,흉부외과,K51,1,1,1,11210,7910
2019,흉부외과,K52,1520,2049,2052,35580330,26780660
2019,흉부외과,K55,1,1,1,13660,9660
2019,흉부외과,K56,7,12,57,4189720,3254670
2019,흉부외과,K58,925,1643,1645,25110670,19733110
2019,흉부외과,K59,668,957,957,15998020,12295320
2019,흉부외과,K60,8,10,10,147940,111940
2019,흉부외과,K61,10,65,65,1264400,901100
2019,흉부외과,K64,89,155,162,2597850,1975550
2019,흉부외과,K65,2,3,3,48740,43840
2019,흉부외과,K67,1,1,1,19610,13810
2019,흉부외과,K70,19,33,93,6203990,4701610
2019,흉부외과,K71,3,3,4,188190,142720
2019,흉부외과,K73,5,9,9,310300,217700
2019,흉부외과,K74,5,11,11,185010,130310
2019,흉부외과,K75,280,571,748,33314640,24869500
2019,흉부외과,K76,195,255,255,9219050,6509950
2019,흉부외과,K80,10,31,49,2165460,1628030
2019,흉부외과,K81,3,4,7,506330,399360
2019,흉부외과,K82,1,1,1,15690,14190
2019,흉부외과,K83,1,1,1,139690,111760
2019,흉부외과,K85,5,7,53,4331020,3340330
2019,흉부외과,K86,10,11,14,448870,341790
2019,흉부외과,K91,1,3,3,50550,35550
2019,흉부외과,L01,33,48,48,827760,623360
2019,흉부외과,L02,519,2103,2121,47796060,35775700
2019,흉부외과,L03,1080,2294,2349,49655150,37441680
2019,흉부외과,L04,22,26,43,2393880,1850640
2019,흉부외과,L08,144,232,232,4356710,3340910
2019,흉부외과,L13,1,1,1,15690,10990
2019,흉부외과,L20,476,1042,1042,15509730,12504030
2019,흉부외과,L21,44,67,67,989640,791940
2019,흉부외과,L23,2141,3460,3464,56138480,43156620
2019,흉부외과,L24,87,265,265,3970390,3292290
2019,흉부외과,L25,230,322,322,5104260,3928960
2019,흉부외과,L27,1,1,1,11210,9710
2019,흉부외과,L28,19,28,28,394270,317570
2019,흉부외과,L29,88,110,110,1712560,1343460
2019,흉부외과,L30,126,155,155,2560550,1987450
2019,흉부외과,L40,21,23,23,357620,278220
2019,흉부외과,L42,1,1,1,15690,10990
2019,흉부외과,L50,371,663,677,10570880,7917800
2019,흉부외과,L51,3,3,3,42590,29890
2019,흉부외과,L52,1,1,1,11210,7910
2019,흉부외과,L53,2,2,2,26900,18900
2019,흉부외과,L56,1,2,2,30580,21480
2019,흉부외과,L59,15,15,15,494680,346580
2019,흉부외과,L60,161,663,663,17986110,13042910
2019,흉부외과,L63,7,21,21,344330,242130
2019,흉부외과,L64,1,4,4,51820,36420
2019,흉부외과,L65,2,2,2,21300,15000
2019,흉부외과,L70,14,28,28,335640,236340
2019,흉부외과,L71,4,5,5,73970,58270
2019,흉부외과,L72,143,606,606,20100720,14490620
2019,흉부외과,L74,202,324,324,4462530,3169630
2019,흉부외과,L75,460,1009,1009,31614040,23537360
2019,흉부외과,L80,1,1,1,15690,14190
2019,흉부외과,L81,9,10,10,82570,58070
2019,흉부외과,L82,1,1,1,15690,10990
2019,흉부외과,L84,208,1026,1026,27367470,19819670
2019,흉부외과,L85,16,19,19,406010,306110
2019,흉부외과,L89,11,43,43,782200,690500
2019,흉부외과,L90,1,1,1,15690,10990
2019,흉부외과,L91,8,33,33,723030,526430
2019,흉부외과,L92,1,1,1,15690,10990
2019,흉부외과,L93,1,1,1,17830,12530
2019,흉부외과,L95,3,4,4,58280,40880
2019,흉부외과,L97,5,31,31,742170,585970
2019,흉부외과,L98,7,31,31,565660,490960
2019,흉부외과,M00,2,2,2,61320,43020
2019,흉부외과,M01,1,1,1,34010,23810
2019,흉부외과,M02,1,1,1,26220,18420
2019,흉부외과,M05,2,119,119,1705550,1541650
2019,흉부외과,M06,45,150,150,2745460,2250660
2019,흉부외과,M10,299,756,760,13749850,10101600
2019,흉부외과,M11,2,2,2,28840,20340
2019,흉부외과,M12,1,1,1,22220,15620
2019,흉부외과,M13,218,548,584,14435130,11400890
2019,흉부외과,M15,151,3538,3538,60495610,54446510
2019,흉부외과,M16,8,19,19,265310,203210
2019,흉부외과,M17,2408,11495,11556,342464790,260895820
2019,흉부외과,M19,166,333,337,7034920,5477320
2019,흉부외과,M20,13,16,27,1091800,932750
2019,흉부외과,M22,2,5,5,112500,81400
2019,흉부외과,M23,37,74,84,2079690,1539820
2019,흉부외과,M24,31,312,312,5258320,4428120
2019,흉부외과,M25,1605,4669,4669,139500310,99257010
2019,흉부외과,M35,5,23,23,321860,235160
2019,흉부외과,M41,11,161,161,2787790,2471790
2019,흉부외과,M43,26,630,630,11334710,9336810
2019,흉부외과,M45,3,7,7,67260,51060
2019,흉부외과,M47,659,5158,5330,125292180,104252390
2019,흉부외과,M48,4826,22245,22521,549384890,431625340
2019,흉부외과,M49,5,25,25,1783550,1249350
2019,흉부외과,M50,187,1671,1779,38085170,30849430
2019,흉부외과,M51,291,1111,1584,64057980,49238010
2019,흉부외과,M53,138,419,419,8974220,7121220
2019,흉부외과,M54,5068,20699,20861,525569210,404590350
2019,흉부외과,M60,5,7,7,225800,158100
2019,흉부외과,M61,1,1,1,13660,9660
2019,흉부외과,M62,129,250,250,4320400,3357100
2019,흉부외과,M65,459,721,721,14472190,10592490
2019,흉부외과,M66,1,1,13,1091110,835180
2019,흉부외과,M67,171,244,247,7932690,5726460
2019,흉부외과,M70,19,38,38,983290,712790
2019,흉부외과,M71,34,66,66,1755840,1262740
2019,흉부외과,M72,109,199,199,3597110,2619110
2019,흉부외과,M73,1,1,1,23300,16400
2019,흉부외과,M75,1426,6121,6124,112901610,91249190
2019,흉부외과,M76,45,72,72,1326850,958550
2019,흉부외과,M77,336,880,880,24461100,17340400
2019,흉부외과,M79,4106,6046,6046,113301670,83122080
2019,흉부외과,M80,46,173,173,7316610,5342410
2019,흉부외과,M81,1102,5130,5141,142453960,107664080
2019,흉부외과,M83,2,6,6,66680,57680
2019,흉부외과,M86,2,7,7,104190,90690
2019,흉부외과,M89,1,3,3,37370,26270
2019,흉부외과,M90,1,1,1,15690,10990
2019,흉부외과,M92,9,13,13,299000,210100
2019,흉부외과,M94,70,93,93,3398960,2407960
2019,흉부외과,M95,3,3,3,52780,40180
2019,흉부외과,M99,4,59,59,779700,688800
2019,흉부외과,N00,10,22,22,459870,326870
2019,흉부외과,N04,1,1,1,61250,42950
2019,흉부외과,N10,66,94,376,33995550,26184420
2019,흉부외과,N12,71,215,278,11236790,8627640
2019,흉부외과,N13,1,1,1,15690,10990
2019,흉부외과,N17,1,1,1,19580,13780
2019,흉부외과,N18,1459,4379,4379,3846898770,3377738210
2019,흉부외과,N19,3,3,3,66360,46660
2019,흉부외과,N20,12,16,16,518190,361450
2019,흉부외과,N21,2,2,2,51650,36250
2019,흉부외과,N23,1,1,1,11210,9710
2019,흉부외과,N25,1,1,1,22450,15750
2019,흉부외과,N28,6,6,6,167710,117710
2019,흉부외과,N30,731,1471,1479,27809410,21214690
2019,흉부외과,N31,60,113,113,1497920,1262120
2019,흉부외과,N32,2,2,2,28100,23200
2019,흉부외과,N34,30,52,52,935070,670870
2019,흉부외과,N36,90,167,167,2377320,1983620
2019,흉부외과,N37,1,5,5,76030,53530
2019,흉부외과,N39,102,198,198,3219860,2513060
2019,흉부외과,N40,484,1648,1655,26014430,20808750
2019,흉부외과,N41,32,79,105,3896520,3011820
2019,흉부외과,N42,3,3,3,15690,14190
2019,흉부외과,N45,1,1,1,17860,12560
2019,흉부외과,N48,2,2,2,39160,27560
2019,흉부외과,N51,1,1,1,19580,13780
2019,흉부외과,N61,1,1,1,16890,15290
2019,흉부외과,N62,66,236,236,58201110,44472110
2019,흉부외과,N70,1,1,1,94260,66060
2019,흉부외과,N72,2,3,3,52020,36520
2019,흉부외과,N73,3,3,20,1829010,1412590
2019,흉부외과,N76,10,15,15,253550,194150
2019,흉부외과,N94,21,28,28,412960,297060
2019,흉부외과,N95,35,139,139,1831570,1390370
2019,흉부외과,N97,1,7,7,100180,70280
2019,흉부외과,O22,2,2,2,137460,110060
2019,흉부외과,Q21,2,8,8,97760,76160
2019,흉부외과,Q23,1,1,1,105570,73970
2019,흉부외과,Q27,12,22,22,1161250,840370
2019,흉부외과,Q34,1,1,1,24340,17040
2019,흉부외과,Q66,2,2,2,32290,24190
2019,흉부외과,Q67,47,48,48,982800,697700
2019,흉부외과,Q76,3,3,3,60590,42590
2019,흉부외과,Q81,1,2,2,42340,31540
2019,흉부외과,Q82,1,1,1,15690,14190
2019,흉부외과,Q83,8,40,40,3204640,2243940
2019,흉부외과,Q87,2,5,5,221030,195930
2019,흉부외과,Q89,1,1,1,19580,13780
2019,흉부외과,R00,24,25,26,809900,602020
2019,흉부외과,R03,1,1,1,23110,16210
2019,흉부외과,R04,15,18,18,679340,486140
2019,흉부외과,R05,24,25,25,617120,452520
2019,흉부외과,R06,28,28,28,4547060,3055380
2019,흉부외과,R07,1127,1238,1238,51261830,33310500
2019,흉부외과,R09,15,15,15,340320,249620
2019,흉부외과,R10,79,95,95,2502830,1766510
2019,흉부외과,R11,5,5,5,70370,55670
2019,흉부외과,R17,8,11,11,461050,326950
2019,흉부외과,R20,3,3,3,50960,38960
2019,흉부외과,R22,12,12,12,269210,194410
2019,흉부외과,R23,12,14,14,243330,173930
2019,흉부외과,R25,6,7,7,113130,82630
2019,흉부외과,R26,1,1,1,16600,13200
2019,흉부외과,R29,2,2,2,22420,15820
2019,흉부외과,R31,1,1,1,15690,10990
2019,흉부외과,R32,2,2,2,22420,19420
2019,흉부외과,R35,8,8,8,114510,95910
2019,흉부외과,R41,2,3,3,45210,40310
2019,흉부외과,R42,122,159,166,4173690,3137760
2019,흉부외과,R50,13,13,13,214480,159280
2019,흉부외과,R51,41,55,55,950450,696750
2019,흉부외과,R52,58,69,69,1362410,1000510
2019,흉부외과,R53,10,12,12,131800,94700
2019,흉부외과,R55,73,107,107,2831270,2153030
2019,흉부외과,R56,1,1,1,15690,14190
2019,흉부외과,R57,1,1,1,15690,14190
2019,흉부외과,R58,1,1,1,15690,10990
2019,흉부외과,R59,2,2,2,35270,24770
2019,흉부외과,R60,415,466,466,13448870,10219430
2019,흉부외과,R61,1365,2621,2623,846957480,677576190
2019,흉부외과,R63,78,89,90,1470780,1226720
2019,흉부외과,R68,1,1,1,21790,20790
2019,흉부외과,R72,1,1,1,17920,16220
2019,흉부외과,R73,94,110,110,2100510,1595110
2019,흉부외과,R74,3,4,4,47290,33390
2019,흉부외과,R76,2,2,2,31380,21980
2019,흉부외과,R81,2,4,4,93540,65740
2019,흉부외과,R82,1,1,1,15690,14190
2019,흉부외과,R91,2,2,2,44670,31370
2019,흉부외과,R94,10,10,10,368860,258760
2019,흉부외과,S00,167,287,351,12601290,9670810
2019,흉부외과,S01,448,1332,1352,38434420,28575090
2019,흉부외과,S02,9,13,13,474280,334980
2019,흉부외과,S03,19,20,20,345220,247320
2019,흉부외과,S05,1,1,1,40200,28200
2019,흉부외과,S10,2,2,2,85930,60330
2019,흉부외과,S11,3,11,11,255690,185190
2019,흉부외과,S13,762,2190,2209,50176290,37248520
2019,흉부외과,S15,1,1,1,11210,9710
2019,흉부외과,S20,140,176,176,5036390,3580180
2019,흉부외과,S21,22,62,62,1339260,967760
2019,흉부외과,S22,255,530,938,48825760,36295310
2019,흉부외과,S23,625,904,920,24457000,17982500
2019,흉부외과,S25,2,4,4,56250,39550
2019,흉부외과,S27,2,3,3,61210,43010
2019,흉부외과,S29,2,2,2,49590,34790
2019,흉부외과,S30,32,40,40,1085710,793510
2019,흉부외과,S31,50,134,134,3030570,2278170
2019,흉부외과,S32,48,77,341,20800390,15718390
2019,흉부외과,S33,1901,4904,4932,116606330,85913970
2019,흉부외과,S40,23,58,58,1371380,1015180
2019,흉부외과,S41,18,39,39,836340,617740
2019,흉부외과,S42,39,124,148,5996740,4508470
2019,흉부외과,S43,641,2864,2864,57368860,44578060
2019,흉부외과,S46,17,73,84,2348100,1727740
2019,흉부외과,S50,85,111,111,2891980,2113580
2019,흉부외과,S51,100,594,594,13287660,10841660
2019,흉부외과,S52,121,504,519,20060080,14478910
2019,흉부외과,S53,226,398,398,9991060,7347560
2019,흉부외과,S56,9,28,41,2176810,1613280
2019,흉부외과,S57,2,2,2,47190,36590
2019,흉부외과,S60,221,306,306,7985150,5772650
2019,흉부외과,S61,1149,3486,3494,88743670,65055460
2019,흉부외과,S62,238,698,700,22534770,16069150
2019,흉부외과,S63,858,1271,1271,34638980,24871980
2019,흉부외과,S65,3,5,5,116030,81430
2019,흉부외과,S66,23,119,193,12606270,9757040
2019,흉부외과,S67,64,78,78,2249620,1608820
2019,흉부외과,S68,1,17,17,361270,253770
2019,흉부외과,S69,1,1,1,15690,10990
2019,흉부외과,S70,24,35,35,728050,526050
2019,흉부외과,S71,31,79,79,2151400,1566900
2019,흉부외과,S72,8,10,10,394010,284710
2019,흉부외과,S73,19,24,24,638340,466140
2019,흉부외과,S76,17,44,44,1285950,901550
2019,흉부외과,S77,1,1,1,13670,9570
2019,흉부외과,S79,4,12,12,236250,183050
2019,흉부외과,S80,232,397,397,9448980,6810680
2019,흉부외과,S81,308,843,843,21109430,15882730
2019,흉부외과,S82,70,216,395,21566250,16142220
2019,흉부외과,S83,602,1272,1292,30551490,22314870
2019,흉부외과,S84,1,1,1,42700,29900
2019,흉부외과,S85,4,9,9,179030,132730
2019,흉부외과,S86,54,146,158,3951430,2866590
2019,흉부외과,S90,178,235,235,6040080,4353180
2019,흉부외과,S91,272,709,714,17850680,13180830
2019,흉부외과,S92,240,802,976,41407580,30122050
2019,흉부외과,S93,1196,1837,1866,51912400,37117980
2019,흉부외과,S94,1,1,1,23470,16470
2019,흉부외과,S96,3,5,18,1727670,1326590
2019,흉부외과,S97,23,27,27,614390,437690
2019,흉부외과,S99,6,8,8,243570,170870
2019,흉부외과,T00,7,16,16,969550,678950
2019,흉부외과,T01,5,5,5,86460,60760
2019,흉부외과,T14,15,22,27,1783440,1297240
2019,흉부외과,T15,10,11,11,396960,278460
2019,흉부외과,T16,9,9,9,250500,184500
2019,흉부외과,T17,24,24,24,678470,496170
2019,흉부외과,T18,3,3,3,69960,49160
2019,흉부외과,T20,23,69,69,3638030,2557530
2019,흉부외과,T21,24,101,101,4318550,3060250
2019,흉부외과,T22,47,248,248,11226480,7906880
2019,흉부외과,T23,134,473,473,26605370,19070070
2019,흉부외과,T24,52,242,242,10250110,7209610
2019,흉부외과,T25,46,316,349,23125760,16592180
2019,흉부외과,T26,1,1,1,15690,10990
2019,흉부외과,T30,26,89,89,2157420,1678120
2019,흉부외과,T63,17,18,18,304930,225830
2019,흉부외과,T67,6,6,6,114510,87810
2019,흉부외과,T78,3,8,8,292390,205090
2019,흉부외과,T79,2,2,2,28560,23560
2019,흉부외과,T81,4,15,15,333370,237370
2019,흉부외과,T82,117,213,213,286421270,258477320
2019,흉부외과,T91,1,1,1,21830,15330
2019,흉부외과,Z00,174,190,190,3115430,2200330
2019,흉부외과,Z01,1,1,1,19580,17680
2019,흉부외과,Z03,6,7,7,144680,106580
2019,흉부외과,Z04,59,59,59,3244910,2274310
2019,흉부외과,Z09,449,828,828,9772070,7245470
2019,흉부외과,Z11,1,1,1,24340,17040
2019,흉부외과,Z25,1,1,1,0,0
2019,흉부외과,Z26,2,2,2,0,0
2019,흉부외과,Z29,2,2,2,26900,22100
2019,흉부외과,Z30,1,1,1,19580,13780
2019,흉부외과,Z41,4,4,4,59470,45070
2019,흉부외과,Z47,1,1,1,19580,13780
2019,흉부외과,Z48,347,503,503,9832730,7305530
2019,흉부외과,Z49,18,56,56,13867680,10133100
2019,흉부외과,Z54,3,6,6,117220,95120
2019,흉부외과,Z71,23,23,23,381360,273660
2019,흉부외과,Z94,6,33,33,4184310,2926470
2019,흉부외과,Z95,1,4,4,132000,92400
2019,흉부외과,Z98,19,40,40,785990,607390
2019,성형외과,A04,13,16,28,1496100,1215160
2019,성형외과,A05,1,1,1,17650,12450
2019,성형외과,A08,13,24,24,353000,258500
2019,성형외과,A09,123,187,203,4451720,3284130
2019,성형외과,A28,1,3,3,64520,42860
2019,성형외과,A49,40,72,72,1864690,1319230
2019,성형외과,A51,1,1,1,77670,54370
2019,성형외과,A59,1,1,1,27340,19140
2019,성형외과,A60,15,22,22,347620,280820
2019,성형외과,A67,1,1,1,15690,10990
2019,성형외과,A69,2,2,2,33250,27250
2019,성형외과,B00,951,1157,1157,19005060,13621660
2019,성형외과,B01,5,11,11,173080,124380
2019,성형외과,B02,650,1081,1081,20592280,14887450
2019,성형외과,B07,1412,3736,3754,204346420,144029640
2019,성형외과,B08,205,315,315,11271410,8242910
2019,성형외과,B09,12,14,14,447160,317860
2019,성형외과,B17,1,2,2,39160,27560
2019,성형외과,B18,8,32,30,1603090,1149440
2019,성형외과,B26,1,1,1,15690,14190
2019,성형외과,B30,6,6,6,74550,54350
2019,성형외과,B35,2378,4239,4239,66193390,48391410
2019,성형외과,B36,126,163,163,2720630,1962930
2019,성형외과,B37,25,33,33,780230,552130
2019,성형외과,B43,5,6,6,124060,94160
2019,성형외과,B44,1,1,10,662200,488770
2019,성형외과,B47,2,5,5,84640,72940
2019,성형외과,B49,3,4,4,69660,48960
2019,성형외과,B64,1,1,1,11210,7910
2019,성형외과,B66,1,1,1,19580,13780
2019,성형외과,B77,1,1,1,0,0
2019,성형외과,B83,12,13,13,224140,157540
2019,성형외과,B85,4,5,5,75460,55560
2019,성형외과,B86,14,18,18,275250,205250
2019,성형외과,B87,1,1,1,21830,15330
2019,성형외과,B88,78,109,109,1846450,1341950
2019,성형외과,C00,1,3,3,726840,515840
2019,성형외과,C11,2,5,5,307550,289960
2019,성형외과,C16,4,4,4,74450,65550
2019,성형외과,C18,1,1,1,28560,27160
2019,성형외과,C25,2,3,3,54870,52370
2019,성형외과,C31,1,2,2,52770,41070
2019,성형외과,C34,1,4,26,1542680,1335390
2019,성형외과,C43,5,5,5,84230,69530
2019,성형외과,C44,27,99,99,7408030,5803270
2019,성형외과,C49,5,13,34,2690310,1846290
2019,성형외과,C50,175,1157,1350,568065800,99526650
2019,성형외과,C53,2,2,14,878460,771070
2019,성형외과,C54,1,1,1,27970,19670
2019,성형외과,C56,1,2,4,258290,235450
2019,성형외과,C64,1,3,3,56530,49530
2019,성형외과,C73,6,11,11,225790,167770
2019,성형외과,C76,1,3,3,763470,534570
2019,성형외과,C77,2,7,7,121260,112060
2019,성형외과,C80,1,1,1,15690,10990
2019,성형외과,C81,1,5,5,93690,89390
2019,성형외과,C83,1,4,4,76340,72840
2019,성형외과,C85,2,12,15,7642100,1713640
2019,성형외과,C92,1,7,7,171310,151030
2019,성형외과,D00,1,4,4,75310,52810
2019,성형외과,D01,1,4,4,98440,93840
2019,성형외과,D03,4,4,4,72790,56190
2019,성형외과,D05,41,203,230,99945870,15899000
2019,성형외과,D07,1,3,3,33630,32130
2019,성형외과,D10,14,27,27,1465340,1030140
2019,성형외과,D11,10,14,14,683720,480590
2019,성형외과,D14,2,6,6,242980,173380
2019,성형외과,D16,128,465,465,34414300,24543880
2019,성형외과,D17,1938,5734,5771,309196620,218435900
2019,성형외과,D18,101,236,236,11223960,8105980
2019,성형외과,D19,43,128,128,10122160,7144420
2019,성형외과,D21,719,2065,2121,130185730,92930050
2019,성형외과,D22,100,132,132,3544900,2624820
2019,성형외과,D23,3468,10853,10931,513932930,367042250
2019,성형외과,D24,1224,1653,1686,103118360,77123790
2019,성형외과,D25,2,3,3,48940,34340
2019,성형외과,D27,1,3,3,69120,42320
2019,성형외과,D28,1,1,1,152560,106860
2019,성형외과,D31,6,21,21,1196160,837860
2019,성형외과,D32,1,1,1,17350,15650
2019,성형외과,D33,1,1,1,15690,10990
2019,성형외과,D34,14,16,16,781140,546200
2019,성형외과,D36,66,190,190,9706710,6966670
2019,성형외과,D37,1,5,5,88530,82540
2019,성형외과,D39,1,1,1,29700,18020
2019,성형외과,D44,2,5,5,87540,75840
2019,성형외과,D48,36,113,113,7409490,5217890
2019,성형외과,D50,16,66,65,933770,706620
2019,성형외과,D53,2,2,2,50090,38290
2019,성형외과,D63,1,1,1,21050,16850
2019,성형외과,D64,3,4,4,277840,216210
2019,성형외과,D68,1,2,2,36990,25990
2019,성형외과,D69,15,18,18,289810,230910
2019,성형외과,E03,22,46,46,982630,703530
2019,성형외과,E04,60,68,68,1838770,1288770
2019,성형외과,E05,9,23,23,1077080,724580
2019,성형외과,E06,2,2,2,35270,24770
2019,성형외과,E07,76,85,85,1966080,1379120
2019,성형외과,E10,17,177,200,6120090,4585960
2019,성형외과,E11,90,620,624,14399940,11207490
2019,성형외과,E13,8,61,61,5153150,3574970
2019,성형외과,E14,14,44,44,825220,606520
2019,성형외과,E24,2,3,3,65480,45980
2019,성형외과,E28,1,1,1,68820,48220
2019,성형외과,E40,1,1,1,15690,10990
2019,성형외과,E50,111,157,157,2318510,1692110
2019,성형외과,E55,8,11,11,187150,136550
2019,성형외과,E56,13,25,25,405910,297510
2019,성형외과,E58,2,3,3,45040,31640
2019,성형외과,E61,6,10,10,130460,91660
2019,성형외과,E65,2,2,2,31380,21980
2019,성형외과,E66,119,199,199,2336490,1658590
2019,성형외과,E78,77,166,166,5131540,3578600
2019,성형외과,E79,1,2,2,22420,15820
2019,성형외과,E87,3,3,3,56400,48000
2019,성형외과,E88,4,17,17,1149250,823250
2019,성형외과,E89,2,3,3,43020,34220
2019,성형외과,F00,18,64,64,2959170,2387170
2019,성형외과,F01,1,23,23,240900,207900
2019,성형외과,F02,1,17,17,175200,151200
2019,성형외과,F03,13,96,96,1068000,908100
2019,성형외과,F07,1,7,7,76650,66150
2019,성형외과,F10,1,2,2,26900,18900
2019,성형외과,F17,3,4,4,22420,15820
2019,성형외과,F31,2,2,2,31380,28380
2019,성형외과,F32,10,31,31,348370,260770
2019,성형외과,F33,1,1,1,15690,14190
2019,성형외과,F39,1,1,1,25320,17820
2019,성형외과,F41,29,36,36,514800,367400
2019,성형외과,F45,1,1,1,15690,10990
2019,성형외과,F48,14,28,29,852590,612060
2019,성형외과,F50,39,86,86,1233170,871370
2019,성형외과,F51,41,76,75,1431550,1046900
2019,성형외과,F52,13,14,14,172590,127290
2019,성형외과,F54,58,60,60,984280,693980
2019,성형외과,F63,1,1,1,15690,10990
2019,성형외과,F90,1,3,3,33630,23730
2019,성형외과,F98,1,1,1,15690,10990
2019,성형외과,G05,6,8,8,146260,106260
2019,성형외과,G06,1,1,1,23000,16100
2019,성형외과,G20,4,61,61,1560890,1325300
2019,성형외과,G24,168,439,439,8533740,6009940
2019,성형외과,G25,1,6,6,67260,58260
2019,성형외과,G30,5,39,39,440890,382390
2019,성형외과,G31,1,2,2,30790,27390
2019,성형외과,G40,2,19,19,952130,855830
2019,성형외과,G43,27,41,41,740460,536360
2019,성형외과,G44,25,37,37,542420,381320
2019,성형외과,G47,155,334,340,7058350,5145430
2019,성형외과,G50,1,2,2,31380,28380
2019,성형외과,G51,17,36,36,788370,572370
2019,성형외과,G53,28,37,45,1089730,834310
2019,성형외과,G54,1,1,1,11210,7910
2019,성형외과,G55,2,2,2,35270,27970
2019,성형외과,G56,61,126,149,11029480,8252230
2019,성형외과,G57,1,1,1,15690,10990
2019,성형외과,G61,4,4,4,64420,48420
2019,성형외과,G62,2,11,11,132270,112570
2019,성형외과,G64,15,31,31,1393320,977640
2019,성형외과,G71,1,1,1,11210,7910
2019,성형외과,G90,1,1,1,38820,27220
2019,성형외과,G91,1,1,1,15690,10990
2019,성형외과,G93,28,40,40,678110,485510
2019,성형외과,H00,340,548,548,11895370,8419570
2019,성형외과,H01,520,666,673,22883280,10442090
2019,성형외과,H02,1431,3577,3577,664288940,472185830
2019,성형외과,H03,4,5,5,133300,96600
2019,성형외과,H04,120,168,168,2988380,2159280
2019,성형외과,H05,19,19,19,18882490,15092420
2019,성형외과,H10,261,372,372,6044110,4351010
2019,성형외과,H11,51,79,79,1493480,1075980
2019,성형외과,H16,32,42,42,598600,427200
2019,성형외과,H18,1,1,1,19580,13780
2019,성형외과,H19,1,1,1,11210,7910
2019,성형외과,H20,1,1,1,82650,81650
2019,성형외과,H25,12,13,13,835910,591010
2019,성형외과,H26,3,4,4,120770,89670
2019,성형외과,H27,7,7,7,547390,383690
2019,성형외과,H30,1,1,1,82650,57950
2019,성형외과,H33,11,11,11,911930,639130
2019,성형외과,H34,2,2,2,149720,104920
2019,성형외과,H35,22,23,23,1635030,1152630
2019,성형외과,H36,16,18,18,1435050,1009150
2019,성형외과,H40,11,18,18,297570,223070
2019,성형외과,H43,111,112,112,8970840,6288040
2019,성형외과,H44,2,2,2,25940,18340
2019,성형외과,H50,8,8,8,604630,423630
2019,성형외과,H52,13,14,14,263820,188120
2019,성형외과,H53,3,3,3,114030,83130
2019,성형외과,H54,2,2,2,27760,19560
2019,성형외과,H60,67,114,114,2615370,1841770
2019,성형외과,H61,3,7,7,199240,131560
2019,성형외과,H65,4,6,6,78670,55370
2019,성형외과,H66,2,3,3,36340,25640
2019,성형외과,H68,2,4,4,15680,10980
2019,성형외과,H71,1,1,1,26630,21130
2019,성형외과,H81,14,21,21,376970,275970
2019,성형외과,H90,2,3,3,96180,67480
2019,성형외과,H91,3,11,11,141650,99750
2019,성형외과,H92,4,12,12,173510,122210
2019,성형외과,H93,6,12,12,224150,167650
2019,성형외과,I10,225,876,876,11635200,8934500
2019,성형외과,I11,5,52,52,553620,474320
2019,성형외과,I12,1,1,1,11210,7910
2019,성형외과,I15,5,15,15,186510,134410
2019,성형외과,I20,3,11,11,130240,110540
2019,성형외과,I21,1,4,4,47290,33390
2019,성형외과,I35,1,3,3,49340,34740
2019,성형외과,I47,2,2,2,31380,21980
2019,성형외과,I49,4,4,4,58280,40880
2019,성형외과,I50,2,5,8,561030,440510
2019,성형외과,I51,1,1,1,65490,45890
2019,성형외과,I52,2,3,3,64900,49000
2019,성형외과,I61,2,13,13,445730,363130
2019,성형외과,I63,5,46,48,639260,535790
2019,성형외과,I67,5,7,7,336660,266860
2019,성형외과,I70,14,30,30,477730,354990
2019,성형외과,I71,1,2,2,39180,27480
2019,성형외과,I73,8,18,18,399180,299200
2019,성형외과,I77,1,1,1,15690,10990
2019,성형외과,I78,38,115,115,1819290,1286390
2019,성형외과,I79,1,1,1,15690,14190
2019,성형외과,I80,4,4,4,64420,47020
2019,성형외과,I83,42,84,84,4077860,2914450
2019,성형외과,I86,3,5,5,389870,276170
2019,성형외과,I87,39,65,65,917270,644970
2019,성형외과,I88,8,9,9,170290,119690
2019,성형외과,I89,3,3,3,42590,33090
2019,성형외과,I95,1,1,1,25030,17530
2019,성형외과,I99,1,1,1,15690,10990
2019,성형외과,J00,351,582,582,8465730,6110590
2019,성형외과,J01,64,106,106,1707170,1220270
2019,성형외과,J02,364,568,573,8861390,6420320
2019,성형외과,J03,91,150,156,2829290,2040870
2019,성형외과,J04,27,43,43,585240,425840
2019,성형외과,J06,134,195,195,2873710,2057540
2019,성형외과,J09,3,4,4,58280,40880
2019,성형외과,J10,29,36,57,2269730,1783570
2019,성형외과,J11,9,10,10,145820,102620
2019,성형외과,J15,9,12,39,3372860,2699170
2019,성형외과,J18,10,18,31,1954760,1480210
2019,성형외과,J20,376,674,677,14455850,10346960
2019,성형외과,J21,5,7,7,91910,69610
2019,성형외과,J22,26,40,40,830670,587770
2019,성형외과,J30,615,1097,1098,30228200,21675010
2019,성형외과,J31,200,231,231,76477220,60850400
2019,성형외과,J32,775,1130,1178,157942200,115720960
2019,성형외과,J33,1313,1823,1823,147659830,104003710
2019,성형외과,J34,5336,12679,13306,2744954800,2112888720
2019,성형외과,J35,24,55,79,13200590,9672150
2019,성형외과,J36,5,10,10,170580,129080
2019,성형외과,J37,6,9,9,147630,103830
2019,성형외과,J38,1,1,1,43480,30480
2019,성형외과,J39,1,1,1,19580,13780
2019,성형외과,J40,46,59,59,905300,650800
2019,성형외과,J41,5,8,8,45050,34150
2019,성형외과,J42,6,8,8,152720,114820
2019,성형외과,J43,2,3,3,36080,31580
2019,성형외과,J44,1,1,1,11210,7910
2019,성형외과,J45,21,47,51,1192640,911130
2019,성형외과,J46,1,1,1,15690,10990
2019,성형외과,J47,2,5,5,91840,68140
2019,성형외과,J84,1,2,2,33040,23140
2019,성형외과,K04,1,1,1,15690,10990
2019,성형외과,K05,10,21,21,241810,169910
2019,성형외과,K07,131,203,203,3907760,2751360
2019,성형외과,K08,3,4,4,64630,45330
2019,성형외과,K09,1,3,3,211190,147990
2019,성형외과,K10,3,10,10,392470,275170
2019,성형외과,K11,6,8,8,170450,122650
2019,성형외과,K12,29,53,60,1282130,933480
2019,성형외과,K13,56,63,63,989270,702470
2019,성형외과,K20,5,5,5,58280,40880
2019,성형외과,K21,85,211,230,5373750,4122710
2019,성형외과,K25,29,76,76,2108980,1500080
2019,성형외과,K26,5,11,11,248940,195440
2019,성형외과,K27,3,6,6,71940,53740
2019,성형외과,K29,607,954,953,22952370,16327010
2019,성형외과,K30,51,74,74,1293900,932700
2019,성형외과,K35,1,1,1,21830,15330
2019,성형외과,K37,2,7,7,187060,122800
2019,성형외과,K40,1,1,1,16600,13200
2019,성형외과,K42,1,1,1,19580,13780
2019,성형외과,K46,2,2,2,41410,29010
2019,성형외과,K50,3,3,3,42590,31690
2019,성형외과,K52,9,13,13,228690,168790
2019,성형외과,K56,1,1,1,15690,10990
2019,성형외과,K57,2,4,8,465310,369080
2019,성형외과,K58,20,43,43,588250,466750
2019,성형외과,K59,57,91,89,1357540,982860
2019,성형외과,K60,1,1,1,25720,18020
2019,성형외과,K61,4,5,5,94300,66300
2019,성형외과,K62,2,2,2,34700,28100
2019,성형외과,K63,2,2,4,252110,198920
2019,성형외과,K64,5,5,5,76770,60570
2019,성형외과,K70,8,10,10,302020,211920
2019,성형외과,K74,1,1,1,15690,10990
2019,성형외과,K75,11,17,17,412880,269420
2019,성형외과,K76,19,29,26,731710,517450
2019,성형외과,K80,5,6,10,420940,318550
2019,성형외과,K81,4,7,7,140340,111740
2019,성형외과,K82,1,1,1,111640,9660
2019,성형외과,K86,1,1,1,15690,10990
2019,성형외과,L00,2,2,2,37520,26320
2019,성형외과,L01,207,396,396,8085730,5735110
2019,성형외과,L02,3447,6709,6721,161854720,115010420
2019,성형외과,L03,1254,2376,2399,57573510,41482000
2019,성형외과,L04,29,125,125,3445920,2432420
2019,성형외과,L05,56,97,97,1602540,1125240
2019,성형외과,L08,706,1648,1656,36317140,26463960
2019,성형외과,L10,1,1,1,15690,14190
2019,성형외과,L13,37,59,59,1151340,828740
2019,성형외과,L20,1393,2427,2427,43158260,31543860
2019,성형외과,L21,1152,1718,1718,27862060,20446760
2019,성형외과,L22,2,2,2,34490,27390
2019,성형외과,L23,8255,12610,12610,212715570,153296670
2019,성형외과,L24,1796,2484,2484,42829520,31140540
2019,성형외과,L25,731,1242,1242,19722610,14727450
2019,성형외과,L27,68,87,87,1453870,1075570
2019,성형외과,L28,371,637,637,15611400,11153000
2019,성형외과,L29,212,274,274,4318950,3224750
2019,성형외과,L30,1504,2070,2070,37299210,26726390
2019,성형외과,L40,207,740,740,20197640,14335540
2019,성형외과,L41,2,4,4,65480,52780
2019,성형외과,L42,27,33,33,635290,449190
2019,성형외과,L43,7,17,17,262800,222500
2019,성형외과,L44,7,7,7,119430,87130
2019,성형외과,L50,2767,4253,4253,73588550,53202500
2019,성형외과,L51,22,29,29,460930,335630
2019,성형외과,L53,17,25,25,366840,268940
2019,성형외과,L55,42,61,61,1739280,1106260
2019,성형외과,L56,53,59,59,969580,714980
2019,성형외과,L57,95,354,354,5372800,3816600
2019,성형외과,L59,2,32,32,630860,526900
2019,성형외과,L60,184,508,509,13071420,9539890
2019,성형외과,L62,1,1,1,11210,7910
2019,성형외과,L63,334,1094,1094,35713050,25098550
2019,성형외과,L64,64,94,94,1464760,1042460
2019,성형외과,L65,58,80,80,1278750,913750
2019,성형외과,L66,30,38,38,717060,510060
2019,성형외과,L70,254,476,476,6267930,4428030
2019,성형외과,L71,111,147,147,2233650,1591770
2019,성형외과,L72,3219,8619,8619,404196160,285035920
2019,성형외과,L73,172,221,221,3846010,2718710
2019,성형외과,L74,57,62,62,1083100,819500
2019,성형외과,L75,523,1463,1464,178129150,124537370
2019,성형외과,L80,121,1194,1194,64844850,45494550
2019,성형외과,L81,132,156,156,2521170,1843570
2019,성형외과,L82,49,63,63,1560460,1139160
2019,성형외과,L83,3,7,7,91910,64610
2019,성형외과,L84,863,2223,2226,97452150,69128610
2019,성형외과,L85,897,1298,1298,21542810,16213810
2019,성형외과,L86,18,19,19,340010,253210
2019,성형외과,L89,30,187,187,5518780,3993120
2019,성형외과,L90,827,1099,1110,31092830,23380390
2019,성형외과,L91,1191,2402,2402,68246010,48385490
2019,성형외과,L92,87,189,189,7533290,5319600
2019,성형외과,L93,2,2,2,30790,21690
2019,성형외과,L94,5,7,7,104990,73590
2019,성형외과,L95,6,6,6,99260,72860
2019,성형외과,L97,24,225,225,5286700,3860800
2019,성형외과,L98,46,210,214,8300020,6114900
2019,성형외과,M00,2,2,2,37520,32820
2019,성형외과,M06,4,4,4,65330,51130
2019,성형외과,M07,1,2,2,31380,28380
2019,성형외과,M10,20,45,45,614480,431880
2019,성형외과,M13,23,51,51,974530,727930
2019,성형외과,M15,5,6,6,135050,94850
2019,성형외과,M16,1,4,4,255740,192240
2019,성형외과,M17,26,64,64,1345510,1009110
2019,성형외과,M19,9,9,9,240160,170960
2019,성형외과,M20,12,138,171,7441580,5470170
2019,성형외과,M21,1,1,1,25920,18220
2019,성형외과,M24,11,22,37,5252590,3891180
2019,성형외과,M25,23,30,30,459810,345010
2019,성형외과,M32,1,7,7,241920,199520
2019,성형외과,M33,1,1,1,21830,15330
2019,성형외과,M34,1,2,2,35820,25220
2019,성형외과,M35,3,5,5,70720,57120
2019,성형외과,M45,1,1,1,24180,21780
2019,성형외과,M48,5,9,9,260190,193890
2019,성형외과,M50,6,25,25,391540,275540
2019,성형외과,M51,11,15,15,427570,299970
2019,성형외과,M53,1,1,1,15690,14190
2019,성형외과,M54,67,139,139,2603060,1858960
2019,성형외과,M60,19,37,37,1021720,725760
2019,성형외과,M62,456,1517,1517,22111080,15663240
2019,성형외과,M65,239,426,453,17243480,12788710
2019,성형외과,M67,111,324,337,19470700,14674340
2019,성형외과,M70,16,33,33,975850,684650
2019,성형외과,M71,5,14,14,372940,279440
2019,성형외과,M72,69,233,303,22567690,16516380
2019,성형외과,M75,36,86,86,1659240,1204740
2019,성형외과,M76,3,3,3,55960,39360
2019,성형외과,M77,30,70,70,1066210,807510
2019,성형외과,M79,419,875,878,39619680,28261930
2019,성형외과,M81,6,14,14,172780,141780
2019,성형외과,M85,2,7,7,475720,352420
2019,성형외과,M86,2,8,31,4114370,3105000
2019,성형외과,M89,2,2,2,51850,36350
2019,성형외과,M91,1,1,1,21830,15330
2019,성형외과,M94,1,1,1,15690,10990
2019,성형외과,M95,108,132,142,26720920,21122130
2019,성형외과,M99,1,1,1,19580,13780
2019,성형외과,N10,5,17,25,1155190,907670
2019,성형외과,N11,1,1,1,90980,72880
2019,성형외과,N18,4,4,4,192090,174290
2019,성형외과,N20,1,1,1,15690,10990
2019,성형외과,N21,1,1,1,18090,12690
2019,성형외과,N22,1,1,1,15690,10990
2019,성형외과,N30,62,87,87,1254620,929720
2019,성형외과,N31,1,1,1,13670,9570
2019,성형외과,N32,3,5,5,66180,46680
2019,성형외과,N34,3,5,5,63160,44460
2019,성형외과,N39,46,118,118,32726300,25847890
2019,성형외과,N40,53,118,118,1481480,1152380
2019,성형외과,N41,2,3,3,49410,34710
2019,성형외과,N42,1,1,1,11210,7910
2019,성형외과,N48,1,1,1,14240,11340
2019,성형외과,N50,2,2,2,106330,74530
2019,성형외과,N60,129,136,136,3533470,2645830
2019,성형외과,N61,16,53,53,1257330,932670
2019,성형외과,N62,2291,4353,4905,1987982520,1551658400
2019,성형외과,N63,366,391,400,9825500,7107070
2019,성형외과,N64,1264,1369,1369,30990820,21935340
2019,성형외과,N71,2,2,2,31380,21980
2019,성형외과,N72,10,12,12,275390,193390
2019,성형외과,N73,4,8,8,209010,146710
2019,성형외과,N75,2,2,2,62600,43900
2019,성형외과,N76,44,56,56,1009140,708340
2019,성형외과,N77,2,2,2,35270,27970
2019,성형외과,N80,3,12,12,222300,150760
2019,성형외과,N84,2,2,2,135030,94630
2019,성형외과,N85,1,1,1,21830,15330
2019,성형외과,N86,1,1,1,15680,10980
2019,성형외과,N91,2,2,2,26900,18900
2019,성형외과,N92,2,6,6,67260,47460
2019,성형외과,N93,9,10,10,145500,102200
2019,성형외과,N94,12,21,21,300090,210990
2019,성형외과,N95,52,105,105,1421220,1000920
2019,성형외과,O90,1,1,1,15690,10990
2019,성형외과,O91,1,2,2,49330,34000
2019,성형외과,Q10,4,4,4,720590,510490
2019,성형외과,Q17,418,2407,3530,863493340,768176850
2019,성형외과,Q18,18,44,44,3038010,2277840
2019,성형외과,Q30,2,2,2,31380,25180
2019,성형외과,Q35,2,2,2,41410,29010
2019,성형외과,Q36,4,16,16,956540,675840
2019,성형외과,Q37,1,2,2,1677230,1535150
2019,성형외과,Q67,16,19,19,307550,219350
2019,성형외과,Q68,1,1,1,15690,10990
2019,성형외과,Q69,2,7,7,210770,196970
2019,성형외과,Q70,5,92,126,7912850,6980290
2019,성형외과,Q77,1,2,2,51990,44460
2019,성형외과,Q78,4,7,7,329280,230680
2019,성형외과,Q79,2,3,3,49930,39630
2019,성형외과,Q82,89,149,149,4770050,3447800
2019,성형외과,Q83,162,367,373,92668440,73311130
2019,성형외과,Q84,6,6,6,276210,204310
2019,성형외과,Q85,33,107,107,10814130,8496320
2019,성형외과,R00,5,10,10,73050,51250
2019,성형외과,R03,1,1,1,15690,10990
2019,성형외과,R04,4,7,7,565010,445120
2019,성형외과,R05,19,25,24,304790,222650
2019,성형외과,R06,2,2,2,37100,30600
2019,성형외과,R07,12,28,28,470020,366120
2019,성형외과,R09,4,8,8,148570,104270
2019,성형외과,R10,32,44,62,2256990,1660180
2019,성형외과,R11,18,22,22,456430,318630
2019,성형외과,R12,61,68,68,1387110,982210
2019,성형외과,R19,1,1,1,21830,15330
2019,성형외과,R20,3,4,4,54400,40800
2019,성형외과,R21,8,8,8,132710,96410
2019,성형외과,R22,2850,7040,7040,470001630,330975970
2019,성형외과,R23,47,113,113,4958270,3632870
2019,성형외과,R25,2,4,4,51780,41380
2019,성형외과,R31,1,1,1,18090,12690
2019,성형외과,R32,1,7,7,78470,67970
2019,성형외과,R33,1,1,1,15310,13810
2019,성형외과,R42,17,26,26,550240,390250
2019,성형외과,R45,1,2,2,0,0
2019,성형외과,R50,10,10,10,223010,156510
2019,성형외과,R51,23,26,26,408420,289420
2019,성형외과,R52,14,16,16,225240,164640
2019,성형외과,R53,9,10,10,227410,159510
2019,성형외과,R56,1,1,1,15690,14190
2019,성형외과,R57,2,7,7,160620,112720
2019,성형외과,R58,1,1,1,21830,15330
2019,성형외과,R59,4,4,4,66650,46750
2019,성형외과,R60,32,43,43,894220,644620
2019,성형외과,R61,9,10,10,161370,116570
2019,성형외과,R63,8,12,16,832990,618640
2019,성형외과,R81,4,9,8,222040,171350
2019,성형외과,R82,1,1,1,40410,28310
2019,성형외과,R89,1,1,1,191480,134080
2019,성형외과,R92,168,169,169,4146650,2910650
2019,성형외과,R94,17,28,28,504380,354280
2019,성형외과,S00,8118,30425,30457,641506670,473753170
2019,성형외과,S01,34918,117654,117779,3688056770,2696245190
2019,성형외과,S02,905,2675,3646,335936490,240840440
2019,성형외과,S03,7,21,21,513380,358300
2019,성형외과,S04,3,10,10,866900,607000
2019,성형외과,S05,16,22,22,495340,361200
2019,성형외과,S07,246,1269,1274,52053510,38588420
2019,성형외과,S08,15,49,54,3554640,2585050
2019,성형외과,S09,643,2912,3105,140749930,110913630
2019,성형외과,S10,61,173,173,3587220,2544240
2019,성형외과,S11,46,108,108,2849870,1999420
2019,성형외과,S13,20,31,31,604580,435380
2019,성형외과,S14,1,2,2,44820,34020
2019,성형외과,S15,2,3,10,1634740,1281120
2019,성형외과,S20,38,73,73,1868400,1334950
2019,성형외과,S21,50,121,121,2771010,1998310
2019,성형외과,S22,1,1,1,26120,18320
2019,성형외과,S23,6,8,8,177980,125080
2019,성형외과,S30,63,146,146,3152660,2209010
2019,성형외과,S31,66,177,177,5104400,3621730
2019,성형외과,S32,8,17,17,357780,253780
2019,성형외과,S33,60,117,117,2125740,1568740
2019,성형외과,S38,1,1,1,21830,15330
2019,성형외과,S40,51,141,141,3836770,2636970
2019,성형외과,S41,65,214,214,6697220,4783950
2019,성형외과,S42,6,15,15,409740,292140
2019,성형외과,S43,29,41,41,961040,684140
2019,성형외과,S46,2,4,14,1416730,1092160
2019,성형외과,S49,1,1,1,21830,15330
2019,성형외과,S50,257,977,977,23319590,16152150
2019,성형외과,S51,310,1166,1207,42876770,30717280
2019,성형외과,S52,5,24,24,416260,291960
2019,성형외과,S53,9,10,10,236360,171260
2019,성형외과,S54,1,6,11,1730410,1332820
2019,성형외과,S55,5,15,16,991350,747530
2019,성형외과,S56,15,63,105,11774590,8928410
2019,성형외과,S57,2,2,8,1966320,1763830
2019,성형외과,S59,3,20,24,1315830,918170
2019,성형외과,S60,559,1296,1296,36079170,25642920
2019,성형외과,S61,3135,11345,11831,398716010,289021600
2019,성형외과,S62,234,1751,2713,244109340,182628460
2019,성형외과,S63,163,291,350,20771770,15286830
2019,성형외과,S64,39,189,390,47267410,35985100
2019,성형외과,S65,47,177,311,32126320,24647340
2019,성형외과,S66,313,1788,2692,256398440,193185000
2019,성형외과,S67,154,719,1333,123840560,93809200
2019,성형외과,S68,192,1462,3357,419362810,321580040
2019,성형외과,S69,97,446,446,14814830,10438150
2019,성형외과,S70,62,208,208,4431970,3211370
2019,성형외과,S71,88,338,338,9418420,6544710
2019,성형외과,S73,3,7,7,165590,130790
2019,성형외과,S76,3,14,14,1249040,910140
2019,성형외과,S79,2,8,8,146220,108610
2019,성형외과,S80,569,2056,2056,46247390,31672500
2019,성형외과,S81,848,4161,4175,113810700,80018330
2019,성형외과,S82,10,19,19,546620,383420
2019,성형외과,S83,47,60,60,1480450,1051250
2019,성형외과,S84,1,1,1,48730,34130
2019,성형외과,S85,3,10,10,226270,158670
2019,성형외과,S86,14,57,63,3197530,2415970
2019,성형외과,S87,10,39,63,4747300,3916140
2019,성형외과,S89,16,131,137,5634190,4218730
2019,성형외과,S90,352,895,895,22040840,15739260
2019,성형외과,S91,436,1540,1546,38668680,27974520
2019,성형외과,S92,32,139,165,7736990,5744300
2019,성형외과,S93,109,160,160,4271730,3057830
2019,성형외과,S95,3,10,10,178360,125260
2019,성형외과,S96,8,37,48,4236420,3448090
2019,성형외과,S97,14,47,50,2566880,1938240
2019,성형외과,S98,3,21,21,617640,378460
2019,성형외과,S99,14,75,75,1858260,1334340
2019,성형외과,T00,86,174,174,4050530,2882410
2019,성형외과,T01,171,546,546,16550590,11746260
2019,성형외과,T04,1,9,9,558510,391210
2019,성형외과,T09,12,31,31,836000,588080
2019,성형외과,T11,12,26,26,597560,429430
2019,성형외과,T13,20,54,54,1346490,957360
2019,성형외과,T14,1290,3495,3495,111884310,79331420
2019,성형외과,T15,1,1,1,37980,26680
2019,성형외과,T16,1,4,4,105440,73940
2019,성형외과,T17,8,27,27,522260,366060
2019,성형외과,T20,1100,4009,4567,277457140,203007060
2019,성형외과,T21,335,1641,1905,108872570,80072300
2019,성형외과,T22,806,3443,3671,186329970,133679550
2019,성형외과,T23,1819,7185,7453,411466820,308431430
2019,성형외과,T24,783,4364,5027,297264630,214799460
2019,성형외과,T25,469,2726,3329,236847680,179152030
2019,성형외과,T26,13,26,26,961930,713750
2019,성형외과,T28,2,2,2,103200,72400
2019,성형외과,T29,71,194,194,9475230,6625790
2019,성형외과,T30,181,473,473,20774290,14718510
2019,성형외과,T31,19,48,48,3038060,2172360
2019,성형외과,T32,1,1,1,15690,14190
2019,성형외과,T33,10,21,29,1132270,807590
2019,성형외과,T35,2,21,21,372080,260680
2019,성형외과,T45,1,2,2,21150,14950
2019,성형외과,T48,1,4,4,47300,33300
2019,성형외과,T49,2,2,2,25040,17640
2019,성형외과,T62,1,1,3,204620,156450
2019,성형외과,T63,69,134,134,2450110,1892410
2019,성형외과,T69,4,4,4,66650,46750
2019,성형외과,T70,1,1,1,8180,6680
2019,성형외과,T73,1,1,1,12970,9170
2019,성형외과,T78,250,284,284,4706300,3310800
2019,성형외과,T79,7,11,11,297660,208960
2019,성형외과,T81,59,239,239,6028900,4389260
2019,성형외과,T85,8,8,8,247750,173550
2019,성형외과,T87,1,2,2,77580,54480
2019,성형외과,T88,27,57,57,1198420,881920
2019,성형외과,T90,4,4,4,72790,50990
2019,성형외과,T91,2,3,3,174620,128820
2019,성형외과,T92,17,32,52,5752350,4385440
2019,성형외과,T93,3,3,3,126300,88600
2019,성형외과,T94,24,24,24,363120,254520
2019,성형외과,T95,4,7,7,271580,190380
2019,성형외과,T98,1,1,1,63150,44250
2019,성형외과,Z00,3,4,4,155140,40880
2019,성형외과,Z01,2,3,3,38110,26810
2019,성형외과,Z02,1,1,1,15690,10990
2019,성형외과,Z26,1,1,1,0,0
2019,성형외과,Z30,4,4,4,86810,60910
2019,성형외과,Z34,1,1,1,11210,7910
2019,성형외과,Z41,50,70,70,6462730,4540830
2019,성형외과,Z42,713,721,722,12388930,8744640
2019,성형외과,Z47,2,8,8,137720,97560
2019,성형외과,Z48,86,159,159,3215820,2373500
2019,성형외과,Z54,2,2,2,206910,144910
2019,성형외과,Z71,124,127,127,2092000,1474500
2019,성형외과,Z88,3,3,3,39130,27530
2019,성형외과,Z90,106,503,554,188351580,30922050
2019,성형외과,Z91,1,1,1,17730,12430
2019,성형외과,Z94,3,11,11,531190,372490
2019,성형외과,Z95,1,4,4,47290,41290
2019,성형외과,Z98,119,325,324,6405340,4541190
2019,마취통증의학과,A02,2,2,2,40240,28340
2019,마취통증의학과,A04,252,326,338,6409630,4934840
2019,마취통증의학과,A05,34,47,47,2355460,1913660
2019,마취통증의학과,A08,105,145,145,2097510,1535510
2019,마취통증의학과,A09,1556,2072,2088,43605540,32505090
2019,마취통증의학과,A15,3,6,6,82100,57600
2019,마취통증의학과,A16,2,6,6,104330,104330
2019,마취통증의학과,A17,1,1,1,11210,9710
2019,마취통증의학과,A18,2,9,9,1385780,1309880
2019,마취통증의학과,A26,1,1,1,19580,17680
2019,마취통증의학과,A28,1,1,1,15690,10990
2019,마취통증의학과,A31,1,4,4,68840,48440
2019,마취통증의학과,A35,4,4,4,156720,109920
2019,마취통증의학과,A41,1,1,1,15690,10990
2019,마취통증의학과,A46,1,2,2,22420,15820
2019,마취통증의학과,A49,48,82,97,3326940,2535630
2019,마취통증의학과,A51,1,1,1,19580,13780
2019,마취통증의학과,A53,1,1,1,30100,27100
2019,마취통증의학과,A56,1,1,1,103470,72470
2019,마취통증의학과,A59,1,1,1,11210,7910
2019,마취통증의학과,A60,39,60,60,949860,720660
2019,마취통증의학과,A63,1,3,3,131770,92370
2019,마취통증의학과,A64,2,3,3,117050,86050
2019,마취통증의학과,A67,1,1,1,19580,13780
2019,마취통증의학과,A69,37,61,61,1359740,1075440
2019,마취통증의학과,A74,1,1,1,15690,10990
2019,마취통증의학과,A75,4,4,4,56140,45840
2019,마취통증의학과,A77,1,2,2,22420,15820
2019,마취통증의학과,A88,4,5,5,61610,54110
2019,마취통증의학과,B00,1983,2863,2870,54948730,40187300
2019,마취통증의학과,B01,12,18,23,734300,548100
2019,마취통증의학과,B02,16644,53145,58724,3133938070,2246723880
2019,마취통증의학과,B06,1,1,1,13660,12160
2019,마취통증의학과,B07,114,175,175,6567120,4615820
2019,마취통증의학과,B08,35,38,38,1039010,766110
2019,마취통증의학과,B09,6,11,11,170080,125580
2019,마취통증의학과,B15,2,2,2,98510,69110
2019,마취통증의학과,B16,2,2,2,26900,22100
2019,마취통증의학과,B17,14,19,19,651430,462730
2019,마취통증의학과,B18,128,262,262,8189730,5979130
2019,마취통증의학과,B22,1,8,8,174770,122670
2019,마취통증의학과,B26,6,12,12,132650,98750
2019,마취통증의학과,B30,19,24,24,315500,222000
2019,마취통증의학과,B33,12,20,20,286710,208610
2019,마취통증의학과,B34,4,4,4,73610,51710
2019,마취통증의학과,B35,5555,11197,11197,163113470,123915270
2019,마취통증의학과,B36,46,81,81,1237520,897320
2019,마취통증의학과,B37,83,126,126,2124170,1579170
2019,마취통증의학과,B43,11,22,22,472340,331340
2019,마취통증의학과,B47,26,37,37,548490,419290
2019,마취통증의학과,B48,10,17,17,290700,211300
2019,마취통증의학과,B49,8,11,11,118820,88220
2019,마취통증의학과,B54,1,1,1,11210,7910
2019,마취통증의학과,B58,1,1,1,0,0
2019,마취통증의학과,B59,1,1,1,15780,14280
2019,마취통증의학과,B66,9,19,19,229440,167840
2019,마취통증의학과,B83,7,7,7,111200,86700
2019,마취통증의학과,B85,7,10,10,152350,110350
2019,마취통증의학과,B86,20,22,22,324200,248800
2019,마취통증의학과,B87,1,1,1,12970,9170
2019,마취통증의학과,B88,37,52,52,763280,573080
2019,마취통증의학과,B90,2,7,7,262870,196170
2019,마취통증의학과,B91,1,1,1,15690,10990
2019,마취통증의학과,B98,13,17,17,569320,444720
2019,마취통증의학과,C00,1,1,1,11210,9710
2019,마취통증의학과,C03,1,9,9,394340,375140
2019,마취통증의학과,C05,1,1,1,43300,41200
2019,마취통증의학과,C06,3,17,17,493890,470390
2019,마취통증의학과,C08,1,1,1,13180,9280
2019,마취통증의학과,C09,1,1,1,53800,51200
2019,마취통증의학과,C10,2,15,15,286930,207730
2019,마취통증의학과,C14,1,1,1,11210,7910
2019,마취통증의학과,C15,2,8,46,1620330,1378300
2019,마취통증의학과,C16,49,494,719,28115540,25457630
2019,마취통증의학과,C17,1,3,41,1616650,1327280
2019,마취통증의학과,C18,31,303,374,15006780,14003160
2019,마취통증의학과,C19,3,57,57,3855880,3666580
2019,마취통증의학과,C20,15,117,360,14554070,12461740
2019,마취통증의학과,C22,23,107,179,9951960,9116510
2019,마취통증의학과,C23,4,14,109,4763780,4010940
2019,마취통증의학과,C24,6,38,38,1959410,1849410
2019,마취통증의학과,C25,25,103,136,7164500,6542930
2019,마취통증의학과,C26,1,1,1,90320,85820
2019,마취통증의학과,C32,3,5,5,230990,215790
2019,마취통증의학과,C34,56,245,694,26812700,23072710
2019,마취통증의학과,C37,2,8,8,621210,590410
2019,마취통증의학과,C39,1,1,1,15690,14990
2019,마취통증의학과,C40,3,3,3,335600,242200
2019,마취통증의학과,C41,4,4,4,509930,411630
2019,마취통증의학과,C43,5,23,35,1654680,1503690
2019,마취통증의학과,C44,9,16,16,677750,605750
2019,마취통증의학과,C49,6,12,16,369610,327230
2019,마취통증의학과,C50,189,1875,5987,222416470,190663010
2019,마취통증의학과,C51,1,2,2,138300,131500
2019,마취통증의학과,C52,1,1,1,15690,14990
2019,마취통증의학과,C53,11,53,166,5847380,4855520
2019,마취통증의학과,C54,7,65,65,2294060,2066360
2019,마취통증의학과,C55,7,42,364,11691520,9627150
2019,마취통증의학과,C56,14,161,602,21666050,18339380
2019,마취통증의학과,C57,4,35,35,1762020,1621020
2019,마취통증의학과,C61,26,204,230,9049990,8467590
2019,마취통증의학과,C64,6,83,113,2769340,2459530
2019,마취통증의학과,C65,2,15,15,502760,417160
2019,마취통증의학과,C66,2,29,29,388680,370180
2019,마취통증의학과,C67,10,26,26,1607150,1534050
2019,마취통증의학과,C68,1,1,1,135800,129100
2019,마취통증의학과,C69,1,8,8,90740,86640
2019,마취통증의학과,C71,11,47,134,5958630,5108740
2019,마취통증의학과,C72,2,5,5,227550,216450
2019,마취통증의학과,C73,48,447,956,33926210,29347210
2019,마취통증의학과,C75,1,2,2,57570,54770
2019,마취통증의학과,C76,4,9,9,701460,592960
2019,마취통증의학과,C77,3,7,7,296080,280880
2019,마취통증의학과,C78,6,30,35,1745180,1581000
2019,마취통증의학과,C79,3,14,146,6053530,5020580
2019,마취통증의학과,C80,12,147,287,10818080,9724420
2019,마취통증의학과,C81,4,22,22,664600,612900
2019,마취통증의학과,C82,2,3,3,220210,180010
2019,마취통증의학과,C83,3,12,12,664870,632370
2019,마취통증의학과,C85,2,6,6,465250,405450
2019,마취통증의학과,C86,2,5,31,1403070,1189770
2019,마취통증의학과,C88,1,1,1,81380,77380
2019,마취통증의학과,C90,16,55,56,2566160,2141710
2019,마취통증의학과,C91,1,14,14,423880,403780
2019,마취통증의학과,C92,5,17,20,582040,541320
2019,마취통증의학과,C96,3,13,13,688270,654770
2019,마취통증의학과,D00,3,32,32,720680,655130
2019,마취통증의학과,D01,12,22,22,923600,871600
2019,마취통증의학과,D02,2,2,2,86280,82080
2019,마취통증의학과,D03,2,2,2,35270,28670
2019,마취통증의학과,D04,1,3,3,290470,276170
2019,마취통증의학과,D05,6,77,77,3635140,3327240
2019,마취통증의학과,D06,7,22,22,1823000,1681800
2019,마취통증의학과,D07,2,21,21,627970,598070
2019,마취통증의학과,D09,4,9,9,582830,554130
2019,마취통증의학과,D10,5,12,12,345350,243850
2019,마취통증의학과,D11,2,7,7,248220,186720
2019,마취통증의학과,D12,12,17,17,3570130,2653430
2019,마취통증의학과,D13,1,2,2,26900,23900
2019,마취통증의학과,D14,2,2,2,30170,28670
2019,마취통증의학과,D16,29,61,64,2798900,2111340
2019,마취통증의학과,D17,267,399,407,13854960,10123050
2019,마취통증의학과,D18,22,28,28,601280,430780
2019,마취통증의학과,D20,1,11,11,190790,133990
2019,마취통증의학과,D21,160,498,554,33458830,24460440
2019,마취통증의학과,D22,6,6,6,105810,81410
2019,마취통증의학과,D23,198,481,481,24461460,17728360
2019,마취통증의학과,D24,7,14,14,500880,364780
2019,마취통증의학과,D25,6,11,11,156710,114510
2019,마취통증의학과,D27,2,2,2,30790,21690
2019,마취통증의학과,D32,15,148,148,11177180,10465380
2019,마취통증의학과,D33,20,81,81,6417300,4650100
2019,마취통증의학과,D34,11,12,12,428050,306550
2019,마취통증의학과,D35,13,35,35,2846520,2333320
2019,마취통증의학과,D36,9,25,25,594790,435710
2019,마취통증의학과,D37,1,1,1,70610,67110
2019,마취통증의학과,D39,1,1,1,18130,12730
2019,마취통증의학과,D40,1,17,17,1793530,1704230
2019,마취통증의학과,D44,1,1,1,40790,28590
2019,마취통증의학과,D45,1,34,34,1392620,1324820
2019,마취통증의학과,D47,3,7,7,508040,482940
2019,마취통증의학과,D48,19,36,36,2956250,2702050
2019,마취통증의학과,D50,249,480,480,14446890,10494300
2019,마취통증의학과,D51,4,11,11,158190,114590
2019,마취통증의학과,D52,1,1,1,15690,10990
2019,마취통증의학과,D53,2,3,3,80800,56700
2019,마취통증의학과,D61,1,1,1,139200,125300
2019,마취통증의학과,D63,1,2,2,25360,22960
2019,마취통증의학과,D64,104,138,138,5149500,3658160
2019,마취통증의학과,D67,2,2,2,92020,82920
2019,마취통증의학과,D68,2,2,2,29500,26500
2019,마취통증의학과,D69,17,22,22,325300,255900
2019,마취통증의학과,D72,3,5,5,96350,67750
2019,마취통증의학과,D75,4,4,4,105350,73950
2019,마취통증의학과,D80,1,1,1,23900,16800
2019,마취통증의학과,D81,1,1,1,11210,7910
2019,마취통증의학과,D84,2,2,2,31380,25180
2019,마취통증의학과,E02,12,31,31,1186660,765770
2019,마취통증의학과,E03,315,1112,1112,20956740,15427850
2019,마취통증의학과,E04,16,22,22,761700,558200
2019,마취통증의학과,E05,61,198,204,5952940,4263790
2019,마취통증의학과,E06,13,24,24,721490,511890
2019,마취통증의학과,E07,104,128,128,9334700,6713000
2019,마취통증의학과,E10,203,602,602,20437140,15350740
2019,마취통증의학과,E11,3610,19935,19950,442124490,347455000
2019,마취통증의학과,E12,3,35,35,409940,297140
2019,마취통증의학과,E13,145,916,916,46633180,37800380
2019,마취통증의학과,E14,1024,4028,4028,112906630,87332510
2019,마취통증의학과,E16,9,15,15,604500,465200
2019,마취통증의학과,E20,2,2,2,31380,21980
2019,마취통증의학과,E21,1,1,1,53860,37760
2019,마취통증의학과,E22,31,78,78,8959100,7039800
2019,마취통증의학과,E23,6,8,8,162740,131740
2019,마취통증의학과,E24,6,14,14,635670,572170
2019,마취통증의학과,E25,1,1,1,15690,10990
2019,마취통증의학과,E27,49,226,226,9430710,6205370
2019,마취통증의학과,E28,8,11,11,656110,438220
2019,마취통증의학과,E29,1,1,1,15690,14190
2019,마취통증의학과,E30,246,1564,1564,201753640,141617040
2019,마취통증의학과,E34,549,1201,1201,56927630,40444830
2019,마취통증의학과,E44,2,2,2,26900,20700
2019,마취통증의학과,E46,24,34,34,677220,550620
2019,마취통증의학과,E50,260,414,414,6103470,4371070
2019,마취통증의학과,E53,11,15,15,230890,162090
2019,마취통증의학과,E55,1220,1761,1761,34597610,25369920
2019,마취통증의학과,E56,109,180,180,9693440,6845940
2019,마취통증의학과,E58,32,63,63,845950,640650
2019,마취통증의학과,E60,1,1,1,11210,7910
2019,마취통증의학과,E61,74,97,97,1483300,1138000
2019,마취통증의학과,E63,16,18,18,268070,214070
2019,마취통증의학과,E64,3,3,3,146910,105510
2019,마취통증의학과,E65,1,1,1,15690,10990
2019,마취통증의학과,E66,211,418,418,6435890,4541290
2019,마취통증의학과,E70,2,6,6,533320,373620
2019,마취통증의학과,E71,1,1,1,5610,5110
2019,마취통증의학과,E76,1,1,14,1012610,764150
2019,마취통증의학과,E78,2365,6904,6904,129032000,95754600
2019,마취통증의학과,E79,54,108,108,1571080,1141980
2019,마취통증의학과,E80,1,1,1,11210,7910
2019,마취통증의학과,E83,106,194,194,3242080,2506880
2019,마취통증의학과,E85,1,1,1,32900,29700
2019,마취통증의학과,E86,170,275,275,7940740,6145840
2019,마취통증의학과,E87,99,214,214,16634820,13482020
2019,마취통증의학과,E88,26,35,35,745070,557170
2019,마취통증의학과,E89,7,17,17,348180,255380
2019,마취통증의학과,F00,161,651,651,12474920,9654120
2019,마취통증의학과,F01,28,73,73,1376830,1130730
2019,마취통증의학과,F02,6,14,14,671500,602400
2019,마취통증의학과,F03,36,108,108,2421670,1986170
2019,마취통증의학과,F05,5,14,14,490810,378610
2019,마취통증의학과,F06,1686,4541,4541,72908240,58854340
2019,마취통증의학과,F07,25,68,68,2210940,1587440
2019,마취통증의학과,F10,13,16,16,240060,185460
2019,마취통증의학과,F17,8,10,10,171320,139820
2019,마취통증의학과,F20,7,38,38,1400740,1177840
2019,마취통증의학과,F22,1,1,1,13230,11730
2019,마취통증의학과,F23,1,2,2,27340,24340
2019,마취통증의학과,F31,6,22,22,651050,478350
2019,마취통증의학과,F32,288,802,802,18253250,14677650
2019,마취통증의학과,F33,75,169,169,6066430,4398030
2019,마취통증의학과,F34,13,42,42,581650,485250
2019,마취통증의학과,F38,40,71,71,2012010,1483610
2019,마취통증의학과,F39,127,236,236,9177300,6498600
2019,마취통증의학과,F40,25,63,63,1591440,1229940
2019,마취통증의학과,F41,793,1858,1858,45157740,37124540
2019,마취통증의학과,F42,1,12,12,295370,221870
2019,마취통증의학과,F43,53,120,120,4622120,3784720
2019,마취통증의학과,F44,1,6,6,176830,123930
2019,마취통증의학과,F45,107,293,293,9508160,7185460
2019,마취통증의학과,F48,606,1067,1067,23225320,17085520
2019,마취통증의학과,F50,42,55,55,748010,604010
2019,마취통증의학과,F51,1411,4108,4112,61399110,46536350
2019,마취통증의학과,F52,43,62,62,334630,248130
2019,마취통증의학과,F54,2,5,5,65010,45710
2019,마취통증의학과,F59,1,1,1,13180,9280
2019,마취통증의학과,F69,1,1,1,15690,10990
2019,마취통증의학과,F79,2,149,149,1548810,1544310
2019,마취통증의학과,F80,2,3,3,117720,84320
2019,마취통증의학과,F84,11,483,483,4955670,4069670
2019,마취통증의학과,F89,1,1,1,15690,10990
2019,마취통증의학과,F90,2,2,2,24870,17570
2019,마취통증의학과,F91,1,1,1,15690,10990
2019,마취통증의학과,F92,5,22,22,480170,364770
2019,마취통증의학과,F95,5,5,5,134630,97530
2019,마취통증의학과,F98,1,3,3,33630,23730
2019,마취통증의학과,G01,1,3,3,44610,40110
2019,마취통증의학과,G02,1,1,1,11210,7910
2019,마취통증의학과,G03,4,43,43,1034300,725700
2019,마취통증의학과,G04,6,11,11,192570,145770
2019,마취통증의학과,G05,170,401,423,27126970,19461900
2019,마취통증의학과,G06,2,6,6,74520,63720
2019,마취통증의학과,G07,1,1,1,123620,86620
2019,마취통증의학과,G09,1,2,2,40740,28640
2019,마취통증의학과,G11,2,5,5,89670,78770
2019,마취통증의학과,G12,9,22,22,596970,498070
2019,마취통증의학과,G13,1,2,2,74790,56090
2019,마취통증의학과,G14,6,14,14,492700,345400
2019,마취통증의학과,G20,147,868,868,38050830,33527530
2019,마취통증의학과,G21,19,50,50,1065830,816130
2019,마취통증의학과,G22,6,19,19,384080,302280
2019,마취통증의학과,G23,3,23,23,324790,241390
2019,마취통증의학과,G24,556,1112,1112,44958660,31913050
2019,마취통증의학과,G25,712,1802,1802,40953860,30873760
2019,마취통증의학과,G30,51,142,142,4347620,3333420
2019,마취통증의학과,G31,2790,7572,7572,155522710,121388810
2019,마취통증의학과,G35,6,13,13,920240,824340
2019,마취통증의학과,G36,3,4,4,172190,139790
2019,마취통증의학과,G37,4,7,15,1219340,981370
2019,마취통증의학과,G40,64,342,342,4718690,3444790
2019,마취통증의학과,G41,4,13,13,278100,225800
2019,마취통증의학과,G43,3491,8114,8117,345612860,246222790
2019,마취통증의학과,G44,14300,36271,36321,1964722040,1398149180
2019,마취통증의학과,G45,27,119,119,2867300,2284500
2019,마취통증의학과,G46,24,81,81,1819230,1386830
2019,마취통증의학과,G47,3242,8991,8991,153134980,116761480
2019,마취통증의학과,G50,2856,8706,8854,447527970,320824760
2019,마취통증의학과,G51,1136,4197,4240,181915040,128774490
2019,마취통증의학과,G52,38,85,85,3798810,2733010
2019,마취통증의학과,G53,10840,54808,56007,2806599540,2034401170
2019,마취통증의학과,G54,5947,20784,20788,1177350580,842351190
2019,마취통증의학과,G55,6106,25919,26109,1663586530,1193587830
2019,마취통증의학과,G56,29186,74294,74503,3195710270,2261287120
2019,마취통증의학과,G57,28975,79376,79376,3601228830,2563653020
2019,마취통증의학과,G58,11952,29837,29842,1487749510,1061008490
2019,마취통증의학과,G59,134,459,459,12486800,9270400
2019,마취통증의학과,G60,4,16,16,345140,280340
2019,마취통증의학과,G61,15,178,178,4091100,3643300
2019,마취통증의학과,G62,533,2038,2052,82887640,58809130
2019,마취통증의학과,G63,412,1681,1681,67580680,49074480
2019,마취통증의학과,G64,370,777,777,23247230,16810530
2019,마취통증의학과,G70,16,54,54,1810810,1456710
2019,마취통증의학과,G71,32,107,107,3788600,2706400
2019,마취통증의학과,G72,19,91,91,3480120,2445420
2019,마취통증의학과,G73,20,90,90,3744440,2627240
2019,마취통증의학과,G80,10,132,132,3247280,2428480
2019,마취통증의학과,G81,29,269,269,5258740,4292840
2019,마취통증의학과,G82,10,40,40,1009950,751850
2019,마취통증의학과,G83,27,98,98,2406770,1835070
2019,마취통증의학과,G90,564,2033,2036,84441340,60122610
2019,마취통증의학과,G91,3,36,36,985030,805930
2019,마취통증의학과,G93,55,74,75,2283660,1693450
2019,마취통증의학과,G95,288,688,707,55392940,40759170
2019,마취통증의학과,G96,10,14,14,606910,448600
2019,마취통증의학과,G97,59,69,77,4937060,3492090
2019,마취통증의학과,G98,5,9,9,292450,209650
2019,마취통증의학과,G99,38,123,123,5718000,4085400
2019,마취통증의학과,H00,335,429,429,6430590,4640490
2019,마취통증의학과,H01,149,181,181,2568110,1934010
2019,마취통증의학과,H02,25,39,39,2013730,1428830
2019,마취통증의학과,H03,3,3,3,54850,38550
2019,마취통증의학과,H04,788,1350,1350,20127160,14992460
2019,마취통증의학과,H05,12,18,18,503230,370030
2019,마취통증의학과,H06,1,2,2,21150,14950
2019,마취통증의학과,H10,932,1306,1306,18036990,13890890
2019,마취통증의학과,H11,224,369,369,5123250,3720650
2019,마취통증의학과,H13,3,3,3,33630,23730
2019,마취통증의학과,H15,2,2,2,26900,18900
2019,마취통증의학과,H16,140,209,209,3305740,2442440
2019,마취통증의학과,H18,5,6,6,83980,59880
2019,마취통증의학과,H19,55,77,77,1122190,873590
2019,마취통증의학과,H20,13,18,18,267850,209450
2019,마취통증의학과,H21,1,1,1,15690,14190
2019,마취통증의학과,H25,89,165,165,2065670,1758170
2019,마취통증의학과,H26,17,48,48,518460,424260
2019,마취통증의학과,H30,3,4,4,49310,38310
2019,마취통증의학과,H34,2,9,9,105370,81070
2019,마취통증의학과,H35,12,99,99,3095400,2181300
2019,마취통증의학과,H36,57,105,105,1403010,1186610
2019,마취통증의학과,H40,70,130,130,1682690,1404290
2019,마취통증의학과,H42,8,77,77,1093340,798440
2019,마취통증의학과,H43,3,7,7,90780,76180
2019,마취통증의학과,H44,15,26,26,357980,257880
2019,마취통증의학과,H47,2,3,3,38110,26810
2019,마취통증의학과,H50,1,1,1,15690,10990
2019,마취통증의학과,H52,2,2,2,26900,18900
2019,마취통증의학과,H53,8,11,11,175400,126200
2019,마취통증의학과,H57,11,22,22,699050,497250
2019,마취통증의학과,H59,2,5,5,38130,30630
2019,마취통증의학과,H60,459,827,827,16226190,12045390
2019,마취통증의학과,H61,41,52,52,1622730,1197030
2019,마취통증의학과,H62,5,9,9,132110,92810
2019,마취통증의학과,H65,46,68,68,1028890,777290
2019,마취통증의학과,H66,177,357,357,5652430,4213230
2019,마취통증의학과,H67,3,4,4,58280,45880
2019,마취통증의학과,H68,1,1,1,11210,7910
2019,마취통증의학과,H69,1,1,1,15690,10990
2019,마취통증의학과,H70,1,1,1,38440,26940
2019,마취통증의학과,H72,6,20,20,266570,222070
2019,마취통증의학과,H73,1,1,1,0,0
2019,마취통증의학과,H80,1,1,1,15690,10990
2019,마취통증의학과,H81,941,1815,1815,38887890,29943940
2019,마취통증의학과,H82,14,28,28,300490,247590
2019,마취통증의학과,H83,5,5,5,111160,86160
2019,마취통증의학과,H90,9,34,34,672210,481410
2019,마취통증의학과,H91,122,657,657,30466930,21390830
2019,마취통증의학과,H92,39,42,42,1152810,813210
2019,마취통증의학과,H93,375,1173,1177,53424170,38843640
2019,마취통증의학과,H94,1,1,1,15690,14190
2019,마취통증의학과,I00,9,63,63,2324740,1721340
2019,마취통증의학과,I08,3,3,3,57320,45620
2019,마취통증의학과,I10,15780,89494,89493,1540551210,1211427790
2019,마취통증의학과,I11,102,586,586,12071490,9664290
2019,마취통증의학과,I12,5,26,26,2075060,1552360
2019,마취통증의학과,I13,7,39,39,492020,382820
2019,마취통증의학과,I15,121,648,648,13016910,9588810
2019,마취통증의학과,I20,190,474,474,7937330,6311930
2019,마취통증의학과,I21,10,31,31,472350,399450
2019,마취통증의학과,I23,3,3,3,55900,42700
2019,마취통증의학과,I24,1,2,2,79890,59190
2019,마취통증의학과,I25,15,53,53,900370,710870
2019,마취통증의학과,I31,1,2,2,40700,28600
2019,마취통증의학과,I35,1,2,2,26460,23460
2019,마취통증의학과,I39,1,1,1,15690,10990
2019,마취통증의학과,I42,3,4,4,292170,231270
2019,마취통증의학과,I44,2,6,6,78150,65450
2019,마취통증의학과,I45,2,6,6,67260,56460
2019,마취통증의학과,I47,24,37,37,541030,398830
2019,마취통증의학과,I48,7,35,35,700110,564610
2019,마취통증의학과,I49,71,177,177,3161760,2435160
2019,마취통증의학과,I50,61,137,137,3232380,2571680
2019,마취통증의학과,I51,7,8,8,184480,143980
2019,마취통증의학과,I60,3,16,16,388110,301510
2019,마취통증의학과,I61,23,95,95,3295860,2402260
2019,마취통증의학과,I62,4,4,4,546070,385670
2019,마취통증의학과,I63,183,908,909,22995500,18634560
2019,마취통증의학과,I64,15,59,59,1824390,1389390
2019,마취통증의학과,I65,21,56,56,3778660,2744860
2019,마취통증의학과,I67,59,357,358,8366460,6999110
2019,마취통증의학과,I68,4,4,4,110280,77380
2019,마취통증의학과,I69,123,926,926,24099530,19180230
2019,마취통증의학과,I70,62,121,121,2000520,1555530
2019,마취통증의학과,I71,2,2,2,26900,18900
2019,마취통증의학과,I72,2,6,6,91060,64060
2019,마취통증의학과,I73,1591,3445,3445,85108900,63656860
2019,마취통증의학과,I74,34,84,84,1493420,1186020
2019,마취통증의학과,I77,6,9,9,128740,95740
2019,마취통증의학과,I78,120,254,254,4351580,3315880
2019,마취통증의학과,I79,15,29,29,433700,355500
2019,마취통증의학과,I80,69,147,147,2385550,1779050
2019,마취통증의학과,I82,7,17,17,232760,198760
2019,마취통증의학과,I83,709,1426,1437,50616630,38138660
2019,마취통증의학과,I86,14,15,16,490760,363480
2019,마취통증의학과,I87,1643,3487,3487,108491570,78965070
2019,마취통증의학과,I88,26,36,36,847520,614320
2019,마취통증의학과,I89,154,416,427,12542770,10438230
2019,마취통증의학과,I95,45,164,164,7753220,5580520
2019,마취통증의학과,I97,2,2,2,60830,54330
2019,마취통증의학과,I98,3,3,3,30880,25680
2019,마취통증의학과,I99,8,11,11,160860,127460
2019,마취통증의학과,J00,9417,18642,18641,310968170,236302510
2019,마취통증의학과,J01,606,976,976,13523820,10040920
2019,마취통증의학과,J02,1169,2076,2076,41315870,30967370
2019,마취통증의학과,J03,5452,9031,9036,139617590,104008950
2019,마취통증의학과,J04,3694,6748,6748,102406870,77484670
2019,마취통증의학과,J05,4,9,9,127800,101700
2019,마취통증의학과,J06,8788,16056,16056,250110610,189151860
2019,마취통증의학과,J09,35,37,37,569300,415800
2019,마취통증의학과,J10,303,569,610,12127540,8886410
2019,마취통증의학과,J11,137,163,163,2690500,1956500
2019,마취통증의학과,J12,44,50,50,1153090,880690
2019,마취통증의학과,J15,19,30,30,545040,390240
2019,마취통증의학과,J16,1,1,1,25230,17730
2019,마취통증의학과,J18,90,221,267,9616680,7534920
2019,마취통증의학과,J20,17931,35176,35177,540503210,415425230
2019,마취통증의학과,J21,838,1770,1770,32148100,24270300
2019,마취통증의학과,J22,147,271,271,5522750,4094650
2019,마취통증의학과,J30,8366,15883,15883,255181000,194803640
2019,마취통증의학과,J31,86,193,193,2792560,1997160
2019,마취통증의학과,J32,330,562,562,8709890,6418630
2019,마취통증의학과,J34,23,35,35,573270,416870
2019,마취통증의학과,J35,160,274,274,3887690,2953390
2019,마취통증의학과,J36,862,1241,1241,19000810,13782710
2019,마취통증의학과,J37,63,98,98,4732580,3700380
2019,마취통증의학과,J38,24,39,39,789130,565630
2019,마취통증의학과,J39,115,201,201,3455440,2498640
2019,마취통증의학과,J40,3110,5711,5711,96864840,72466040
2019,마취통증의학과,J41,256,748,748,16511540,13225740
2019,마취통증의학과,J42,1082,2106,2106,32298760,25590960
2019,마취통증의학과,J43,2,2,2,26840,23840
2019,마취통증의학과,J44,120,382,382,6428540,5384440
2019,마취통증의학과,J45,1667,4401,4432,69803320,56381870
2019,마취통증의학과,J46,8,103,103,1959610,1677210
2019,마취통증의학과,J47,9,26,26,354720,282220
2019,마취통증의학과,J60,2,2,2,85760,60060
2019,마취통증의학과,J80,1,1,1,11210,9710
2019,마취통증의학과,J84,6,9,9,267830,223230
2019,마취통증의학과,J90,2,2,2,61530,43130
2019,마취통증의학과,J93,22,22,22,600250,425850
2019,마취통증의학과,J94,2,2,2,26900,20700
2019,마취통증의학과,J96,2,6,6,26360,18560
2019,마취통증의학과,J98,15,17,17,333170,248870
2019,마취통증의학과,K02,5,5,5,97060,70260
2019,마취통증의학과,K03,3,3,3,28940,22140
2019,마취통증의학과,K04,32,47,47,696090,560390
2019,마취통증의학과,K05,565,884,884,12773730,9851030
2019,마취통증의학과,K06,4,4,4,52770,39770
2019,마취통증의학과,K07,2350,4799,4799,175698530,125120530
2019,마취통증의학과,K08,182,219,219,3883180,2861380
2019,마취통증의학과,K09,2,2,2,31380,21980
2019,마취통증의학과,K10,33,87,87,1382420,981120
2019,마취통증의학과,K11,35,49,49,1121180,814880
2019,마취통증의학과,K12,800,1279,1279,20107680,15764280
2019,마취통증의학과,K13,17,21,21,590430,430930
2019,마취통증의학과,K14,95,176,183,4515860,3441450
2019,마취통증의학과,K20,11,22,22,293200,213200
2019,마취통증의학과,K21,3673,6762,6762,120591650,90848750
2019,마취통증의학과,K22,3,3,3,57320,44020
2019,마취통증의학과,K23,1,3,3,38140,26840
2019,마취통증의학과,K25,1220,2525,2525,45176260,34079520
2019,마취통증의학과,K26,104,168,168,2697640,2023540
2019,마취통증의학과,K27,1103,2513,2513,71685180,51187680
2019,마취통증의학과,K28,29,64,64,1170970,942470
2019,마취통증의학과,K29,14272,28307,28331,1057811990,761996100
2019,마취통증의학과,K30,1805,3024,3024,98384700,71696060
2019,마취통증의학과,K31,19,23,23,700190,510290
2019,마취통증의학과,K35,16,16,16,258820,191920
2019,마취통증의학과,K36,2,2,2,199760,139960
2019,마취통증의학과,K37,5,5,5,209680,147080
2019,마취통증의학과,K38,3,3,3,57100,43200
2019,마취통증의학과,K40,30,31,31,601000,467600
2019,마취통증의학과,K41,2,2,2,42430,31930
2019,마취통증의학과,K42,1,1,1,24000,19200
2019,마취통증의학과,K43,4,4,17,979150,735440
2019,마취통증의학과,K45,1,1,1,15690,14190
2019,마취통증의학과,K46,5,5,5,101120,74020
2019,마취통증의학과,K50,104,172,172,2590700,2179110
2019,마취통증의학과,K51,10,21,21,559610,453510
2019,마취통증의학과,K52,1356,1879,1879,29382650,22096250
2019,마취통증의학과,K55,1,1,1,13150,9250
2019,마취통증의학과,K56,5,6,6,179990,129490
2019,마취통증의학과,K57,4,5,5,467420,327420
2019,마취통증의학과,K58,3207,5383,5383,87028090,67114390
2019,마취통증의학과,K59,1924,3498,3498,72603290,54533460
2019,마취통증의학과,K60,16,16,16,280760,209860
2019,마취통증의학과,K61,24,34,34,650250,472550
2019,마취통증의학과,K62,24,29,29,448280,351180
2019,마취통증의학과,K63,221,225,225,107282340,75110940
2019,마취통증의학과,K64,159,234,234,3330480,2531580
2019,마취통증의학과,K65,3,10,10,167640,152040
2019,마취통증의학과,K66,1,1,1,11210,7910
2019,마취통증의학과,K70,92,223,223,4123190,2972790
2019,마취통증의학과,K71,56,99,99,1667870,1236670
2019,마취통증의학과,K72,1,2,2,22420,15820
2019,마취통증의학과,K73,93,228,228,4594790,3361900
2019,마취통증의학과,K74,11,13,13,512480,413680
2019,마취통증의학과,K75,234,391,391,14095700,10005610
2019,마취통증의학과,K76,607,924,924,28916710,20667610
2019,마취통증의학과,K77,3,4,4,49860,35160
2019,마취통증의학과,K80,39,69,69,1440390,1077590
2019,마취통증의학과,K81,14,18,18,398510,310210
2019,마취통증의학과,K82,24,38,38,1529530,1114230
2019,마취통증의학과,K83,4,9,9,136400,121200
2019,마취통증의학과,K85,5,5,5,231190,165290
2019,마취통증의학과,K86,4,11,11,133470,99070
2019,마취통증의학과,K87,2,9,9,215390,161890
2019,마취통증의학과,K90,5,10,10,175100,130100
2019,마취통증의학과,K91,2,5,5,82070,70670
2019,마취통증의학과,K92,47,79,79,1395720,1052620
2019,마취통증의학과,K93,61,82,82,1120890,970690
2019,마취통증의학과,L01,156,281,281,5171260,3957760
2019,마취통증의학과,L02,2094,4695,4701,89381120,67745200
2019,마취통증의학과,L03,9640,20371,20506,426403920,321444420
2019,마취통증의학과,L04,164,235,235,3884620,2837120
2019,마취통증의학과,L05,27,348,348,7084830,5942930
2019,마취통증의학과,L08,498,915,916,19209200,14916200
2019,마취통증의학과,L10,1,1,1,21830,17530
2019,마취통증의학과,L12,1,9,9,115490,101990
2019,마취통증의학과,L13,126,177,181,3095730,2319740
2019,마취통증의학과,L20,1311,2989,2989,44480940,35160340
2019,마취통증의학과,L21,713,1272,1272,19442980,15008380
2019,마취통증의학과,L22,2,2,2,24220,18820
2019,마취통증의학과,L23,6470,11827,11827,183325240,144065210
2019,마취통증의학과,L24,569,1049,1049,17524720,13364820
2019,마취통증의학과,L25,1490,2536,2536,36431880,28254070
2019,마취통증의학과,L27,41,52,56,1243800,943250
2019,마취통증의학과,L28,368,666,666,10853660,8358260
2019,마취통증의학과,L29,1244,2230,2234,36812980,28560550
2019,마취통증의학과,L30,1444,2189,2195,33924590,26225250
2019,마취통증의학과,L40,159,364,364,4991110,3767410
2019,마취통증의학과,L41,2,2,2,31390,28390
2019,마취통증의학과,L42,3,4,4,58050,40850
2019,마취통증의학과,L43,2,2,2,59920,42020
2019,마취통증의학과,L44,1,1,1,15690,10990
2019,마취통증의학과,L50,3982,6643,6648,111666720,85249090
2019,마취통증의학과,L51,6,10,10,98660,74660
2019,마취통증의학과,L52,2,2,2,24880,17480
2019,마취통증의학과,L53,1,1,1,15690,10990
2019,마취통증의학과,L55,18,26,26,513630,366630
2019,마취통증의학과,L56,12,12,12,169350,119150
2019,마취통증의학과,L57,3,3,3,47070,36170
2019,마취통증의학과,L60,937,2478,2501,71230420,51501310
2019,마취통증의학과,L63,151,423,423,13135340,9232540
2019,마취통증의학과,L64,46,84,84,1962990,1381590
2019,마취통증의학과,L65,63,110,110,1555320,1103520
2019,마취통증의학과,L66,47,82,82,1182210,858810
2019,마취통증의학과,L70,167,294,294,3911980,2759980
2019,마취통증의학과,L71,8,12,12,156840,111540
2019,마취통증의학과,L72,118,245,245,9779250,7056550
2019,마취통증의학과,L73,38,66,66,989930,711830
2019,마취통증의학과,L74,9,12,12,190350,133650
2019,마취통증의학과,L75,3,8,8,143850,133350
2019,마취통증의학과,L80,10,11,11,160950,127850
2019,마취통증의학과,L81,24,34,34,511090,384290
2019,마취통증의학과,L82,8,8,8,117800,95900
2019,마취통증의학과,L84,476,1180,1187,38337250,27877030
2019,마취통증의학과,L85,224,313,313,4523940,3392140
2019,마취통증의학과,L86,1,2,2,37030,30730
2019,마취통증의학과,L89,76,527,527,25121080,20457080
2019,마취통증의학과,L90,1,1,1,11210,9710
2019,마취통증의학과,L91,16,25,25,641520,464420
2019,마취통증의학과,L92,7,11,11,278580,195380
2019,마취통증의학과,L93,2,3,3,80030,56230
2019,마취통증의학과,L94,3,3,3,47070,36170
2019,마취통증의학과,L95,5,20,20,351010,272810
2019,마취통증의학과,L97,1,19,19,457650,320650
2019,마취통증의학과,L98,18,27,42,1774140,1346140
2019,마취통증의학과,M00,158,330,366,14776140,10778700
2019,마취통증의학과,M01,10,13,13,334690,234990
2019,마취통증의학과,M02,1148,5149,5149,202536680,144066880
2019,마취통증의학과,M03,1,1,1,15690,10990
2019,마취통증의학과,M05,424,2529,2535,110659660,98101660
2019,마취통증의학과,M06,1274,3237,3240,111946210,82080670
2019,마취통증의학과,M07,302,750,750,29224290,22037290
2019,마취통증의학과,M08,14,28,28,915930,710930
2019,마취통증의학과,M10,9819,25959,26000,573345430,413415580
2019,마취통증의학과,M11,285,835,835,15669330,11860730
2019,마취통증의학과,M12,1878,5497,5563,212757540,152360330
2019,마취통증의학과,M13,50338,162306,162421,6242323280,4503073380
2019,마취통증의학과,M14,778,2109,2109,173181380,123346680
2019,마취통증의학과,M15,1016,3080,3080,59554190,44501590
2019,마취통증의학과,M16,5114,16203,16220,629347090,455502560
2019,마취통증의학과,M17,306303,1371716,1373299,59092692140,42586803870
2019,마취통증의학과,M18,516,1549,1549,44030050,31644150
2019,마취통증의학과,M19,76038,227901,228150,9499332380,6782413540
2019,마취통증의학과,M20,1004,2708,2815,91927950,66348240
2019,마취통증의학과,M21,474,1793,1793,44909450,33035250
2019,마취통증의학과,M22,6058,17603,17610,617162470,436888980
2019,마취통증의학과,M23,8402,27812,28029,844293060,606171700
2019,마취통증의학과,M24,14464,42408,42663,1410149960,1004627770
2019,마취통증의학과,M25,110308,333049,333194,11714481060,8383629250
2019,마취통증의학과,M31,8,8,8,252210,184410
2019,마취통증의학과,M32,19,216,216,11331690,10012590
2019,마취통증의학과,M33,9,29,29,1299390,1115100
2019,마취통증의학과,M34,4,28,28,1401740,1200940
2019,마취통증의학과,M35,55,462,462,12862420,11280020
2019,마취통증의학과,M36,1,29,29,627360,440360
2019,마취통증의학과,M40,5813,13615,13619,743736420,524909160
2019,마취통증의학과,M41,2886,11864,11873,506628690,361366300
2019,마취통증의학과,M42,29,73,73,3329770,2333170
2019,마취통증의학과,M43,17058,76537,76894,4607480450,3301513420
2019,마취통증의학과,M45,518,2714,2717,129587280,109785100
2019,마취통증의학과,M46,10320,31061,31072,1974831190,1393352670
2019,마취통증의학과,M47,233750,907419,908937,62314987780,44482720480
2019,마취통증의학과,M48,223085,1156385,1158894,70700562160,51349655110
2019,마취통증의학과,M49,7478,31391,31406,2566065700,1849012500
2019,마취통증의학과,M50,80746,315753,317606,19651739740,14001641400
2019,마취통증의학과,M51,171116,731061,736365,47939117070,34200696130
2019,마취통증의학과,M53,112083,356797,356922,20877182130,14817023330
2019,마취통증의학과,M54,813219,3233001,3235003,184183522240,131683778760
2019,마취통증의학과,M60,3314,9032,9035,381524810,270691600
2019,마취통증의학과,M61,457,1164,1164,48092740,33989340
2019,마취통증의학과,M62,44097,130321,130344,5183394900,3692897330
2019,마취통증의학과,M63,2,5,5,110540,77540
2019,마취통증의학과,M65,76408,213782,213994,7605123780,5403806970
2019,마취통증의학과,M66,1338,4394,4394,194540920,138317020
2019,마취통증의학과,M67,5574,11201,11234,392096960,278724060
2019,마취통증의학과,M68,2,8,8,315730,221630
2019,마취통증의학과,M70,11889,32979,32979,1166639440,829960740
2019,마취통증의학과,M71,5568,13718,13728,469789010,334666890
2019,마취통증의학과,M72,25809,80378,80408,2151280950,1538301980
2019,마취통증의학과,M73,4,11,11,409470,287170
2019,마취통증의학과,M75,362436,1343307,1343871,63696879590,45256209810
2019,마취통증의학과,M76,23681,66297,66327,2875404350,2036703740
2019,마취통증의학과,M77,148728,488752,488811,17755185420,12542173970
2019,마취통증의학과,M79,119972,331114,331591,11663178060,8373318120
2019,마취통증의학과,M80,506,2066,2069,106194930,78997080
2019,마취통증의학과,M81,15850,52752,52762,2532888200,1838977900
2019,마취통증의학과,M82,43,143,143,3274070,2525270
2019,마취통증의학과,M83,352,584,584,30686170,21794370
2019,마취통증의학과,M84,93,224,225,9174770,6536080
2019,마취통증의학과,M85,291,484,485,15920600,11573080
2019,마취통증의학과,M86,17,185,205,4542420,3255540
2019,마취통증의학과,M87,176,383,517,24610260,17961900
2019,마취통증의학과,M88,1,1,1,40110,28110
2019,마취통증의학과,M89,362,2583,2648,125925210,102788390
2019,마취통증의학과,M90,6,19,19,703750,509750
2019,마취통증의학과,M91,36,64,64,3443010,2417010
2019,마취통증의학과,M92,521,1203,1203,27546790,19506590
2019,마취통증의학과,M93,18,31,83,5786060,4237630
2019,마취통증의학과,M94,1023,2128,2128,77977310,55084110
2019,마취통증의학과,M95,90,234,234,14861150,10579550
2019,마취통증의학과,M96,24380,137423,138294,8141779590,5921088900
2019,마취통증의학과,M99,5924,21763,21962,1093793520,787118670
2019,마취통증의학과,N00,5,8,8,191530,137730
2019,마취통증의학과,N01,1,3,3,65900,46300
2019,마취통증의학과,N02,1,1,1,16950,11950
2019,마취통증의학과,N03,2,14,14,166340,117140
2019,마취통증의학과,N04,1,11,11,128220,90420
2019,마취통증의학과,N08,2,4,4,71730,50430
2019,마취통증의학과,N10,150,297,312,6508530,4901690
2019,마취통증의학과,N11,2,4,4,49750,43750
2019,마취통증의학과,N12,5,7,13,600320,451520
2019,마취통증의학과,N14,1,1,1,23700,16600
2019,마취통증의학과,N17,12,17,17,947870,673970
2019,마취통증의학과,N18,134,675,675,43485070,37751370
2019,마취통증의학과,N19,5,6,6,195730,143530
2019,마취통증의학과,N20,38,49,49,975970,719870
2019,마취통증의학과,N21,28,31,31,572480,410880
2019,마취통증의학과,N23,1,1,1,15690,10990
2019,마취통증의학과,N28,12,13,13,258950,196850
2019,마취통증의학과,N30,1587,2753,2753,48626390,37743190
2019,마취통증의학과,N31,183,453,453,6319810,5187910
2019,마취통증의학과,N32,108,213,213,2972330,2598630
2019,마취통증의학과,N34,171,294,294,6738940,5240140
2019,마취통증의학과,N35,1,1,1,15690,14190
2019,마취통증의학과,N36,2,2,2,26900,22100
2019,마취통증의학과,N37,1,1,1,18120,12720
2019,마취통증의학과,N39,141,241,241,5462370,4483970
2019,마취통증의학과,N40,1395,4183,4183,60177490,48678590
2019,마취통증의학과,N41,43,118,118,1911370,1471670
2019,마취통증의학과,N42,20,35,35,549190,423790
2019,마취통증의학과,N43,4,16,16,488900,342600
2019,마취통증의학과,N45,6,8,8,123510,95510
2019,마취통증의학과,N46,2,3,3,138300,97000
2019,마취통증의학과,N47,1,1,1,15690,10990
2019,마취통증의학과,N48,51,103,103,1562160,1199660
2019,마취통증의학과,N49,2,2,2,37520,26320
2019,마취통증의학과,N50,13,18,18,996870,696520
2019,마취통증의학과,N51,6,9,9,351520,249720
2019,마취통증의학과,N61,8,56,56,1181790,989790
2019,마취통증의학과,N62,8,9,9,237790,168490
2019,마취통증의학과,N64,9,10,10,197080,138380
2019,마취통증의학과,N71,15,35,35,523750,372050
2019,마취통증의학과,N72,9,19,19,427580,300180
2019,마취통증의학과,N73,13,17,17,272200,193700
2019,마취통증의학과,N74,1,1,1,11210,7910
2019,마취통증의학과,N75,5,9,9,583530,408930
2019,마취통증의학과,N76,48,82,82,1244220,906620
2019,마취통증의학과,N77,5,8,8,163310,114510
2019,마취통증의학과,N80,2,2,2,42740,30040
2019,마취통증의학과,N85,1,1,1,11210,7910
2019,마취통증의학과,N91,1,1,1,19580,13780
2019,마취통증의학과,N92,13,15,15,282300,198300
2019,마취통증의학과,N93,5,6,6,99400,69900
2019,마취통증의학과,N94,199,368,368,5554940,3927040
2019,마취통증의학과,N95,544,1784,1784,28464130,20841330
2019,마취통증의학과,N97,8,17,17,194820,137020
2019,마취통증의학과,O10,1,7,7,78470,55370
2019,마취통증의학과,O21,5,6,6,150940,105940
2019,마취통증의학과,O24,1,5,5,58500,41300
2019,마취통증의학과,O26,1,1,1,20360,14260
2019,마취통증의학과,O29,1,1,1,61930,43430
2019,마취통증의학과,O89,2,2,2,133590,93590
2019,마취통증의학과,P05,2,9,9,233270,163870
2019,마취통증의학과,P14,1,1,1,15690,10990
2019,마취통증의학과,P35,2,2,2,31380,21980
2019,마취통증의학과,P39,1,3,3,110320,77420
2019,마취통증의학과,P80,1,1,1,25620,18020
2019,마취통증의학과,Q05,3,22,22,319770,225170
2019,마취통증의학과,Q18,2,3,3,57290,40190
2019,마취통증의학과,Q21,1,1,1,15690,10990
2019,마취통증의학과,Q23,1,1,1,24600,22200
2019,마취통증의학과,Q27,1,1,1,15690,10990
2019,마취통증의학과,Q28,1,2,2,26900,18900
2019,마취통증의학과,Q33,1,1,1,16600,13200
2019,마취통증의학과,Q44,2,8,8,175080,122980
2019,마취통증의학과,Q54,1,1,1,15690,10990
2019,마취통증의학과,Q61,5,19,19,1069960,749960
2019,마취통증의학과,Q62,1,67,67,1710590,1710590
2019,마취통증의학과,Q65,8,44,44,1537660,1098060
2019,마취통증의학과,Q66,30,67,77,2321140,1672840
2019,마취통증의학과,Q67,25,52,52,895200,634600
2019,마취통증의학과,Q68,4,22,22,1303780,916080
2019,마취통증의학과,Q69,1,1,1,19580,13780
2019,마취통증의학과,Q71,1,1,1,36160,25360
2019,마취통증의학과,Q74,11,15,15,372980,275180
2019,마취통증의학과,Q75,1,1,1,15690,10990
2019,마취통증의학과,Q76,8,14,14,329330,231030
2019,마취통증의학과,Q77,3,71,71,1283250,1144750
2019,마취통증의학과,Q78,5,11,11,212350,164850
2019,마취통증의학과,Q79,2,2,2,68480,57880
2019,마취통증의학과,Q81,3,3,3,44520,34420
2019,마취통증의학과,Q82,2,3,3,74250,56850
2019,마취통증의학과,Q83,1,1,1,15690,10990
2019,마취통증의학과,Q84,2,2,2,35270,27970
2019,마취통증의학과,Q85,8,10,10,368380,315780
2019,마취통증의학과,R00,69,97,97,1802150,1336350
2019,마취통증의학과,R01,1,1,1,23110,16210
2019,마취통증의학과,R03,71,84,84,1450490,1046090
2019,마취통증의학과,R04,42,56,56,1075220,799320
2019,마취통증의학과,R05,385,763,763,11873330,9477230
2019,마취통증의학과,R06,34,57,57,1145990,878690
2019,마취통증의학과,R07,1186,1914,1944,75887530,54417330
2019,마취통증의학과,R09,38,64,64,1115500,892300
2019,마취통증의학과,R10,1841,2783,2824,78030030,57371720
2019,마취통증의학과,R11,485,662,662,13259130,9807830
2019,마취통증의학과,R12,277,562,562,24042330,17124430
2019,마취통증의학과,R13,18,88,88,6638720,5320720
2019,마취통증의학과,R14,28,39,39,546190,420790
2019,마취통증의학과,R15,2,5,5,60530,47630
2019,마취통증의학과,R17,6,8,8,215660,160660
2019,마취통증의학과,R18,2,2,2,31380,21980
2019,마취통증의학과,R19,9,10,10,206330,146630
2019,마취통증의학과,R20,178,221,221,4454520,3276920
2019,마취통증의학과,R21,21,29,29,464530,336330
2019,마취통증의학과,R22,165,190,190,4728070,3443970
2019,마취통증의학과,R23,60,84,84,2204550,1617350
2019,마취통증의학과,R25,403,683,683,20915790,15658050
2019,마취통증의학과,R26,18,29,41,2602550,2044940
2019,마취통증의학과,R27,6,6,6,102340,81840
2019,마취통증의학과,R29,45,236,236,4023790,2836890
2019,마취통증의학과,R30,9,9,9,145270,105770
2019,마취통증의학과,R31,16,19,19,391690,298190
2019,마취통증의학과,R32,132,283,283,3990210,3185310
2019,마취통증의학과,R34,1,1,1,16770,15170
2019,마취통증의학과,R35,58,108,108,1389250,1170050
2019,마취통증의학과,R36,16,114,114,10334440,8277640
2019,마취통증의학과,R39,31,51,51,3636590,3051790
2019,마취통증의학과,R40,3,3,3,47070,36170
2019,마취통증의학과,R41,131,415,415,9832300,7658000
2019,마취통증의학과,R42,1264,2139,2141,52160620,39172230
2019,마취통증의학과,R43,13,195,195,4464820,3137320
2019,마취통증의학과,R45,16,28,28,933680,674080
2019,마취통증의학과,R47,3,3,3,486990,340990
2019,마취통증의학과,R50,469,678,679,12225180,9017910
2019,마취통증의학과,R51,3021,5136,5151,233989950,166952050
2019,마취통증의학과,R52,507,1075,1080,36583490,27925110
2019,마취통증의학과,R53,495,691,691,13321210,9932210
2019,마취통증의학과,R54,8,12,12,181810,163110
2019,마취통증의학과,R55,27,32,32,1295550,961450
2019,마취통증의학과,R56,60,104,104,4010520,2886420
2019,마취통증의학과,R57,25,48,48,845030,630130
2019,마취통증의학과,R58,1,1,1,19580,13780
2019,마취통증의학과,R59,32,36,36,1062000,681300
2019,마취통증의학과,R60,732,1507,1507,27186600,20395400
2019,마취통증의학과,R61,908,1435,1437,86562460,61194510
2019,마취통증의학과,R62,52,76,76,1751320,1241920
2019,마취통증의학과,R63,233,319,319,5451510,4401510
2019,마취통증의학과,R68,144,233,233,4236530,3357430
2019,마취통증의학과,R69,2,2,2,31380,28380
2019,마취통증의학과,R72,1,2,2,41020,33120
2019,마취통증의학과,R73,264,374,374,8985420,6938820
2019,마취통증의학과,R74,1,1,1,37930,26630
2019,마취통증의학과,R76,5,7,7,108350,75950
2019,마취통증의학과,R79,6,10,10,469170,346870
2019,마취통증의학과,R80,8,11,11,246220,174520
2019,마취통증의학과,R81,76,192,192,7780690,6023990
2019,마취통증의학과,R82,1,1,1,14740,13240
2019,마취통증의학과,R87,1,1,1,15690,10990
2019,마취통증의학과,R89,1,1,1,31490,22090
2019,마취통증의학과,R91,1,1,1,11210,7910
2019,마취통증의학과,R92,1,1,1,11210,7910
2019,마취통증의학과,R94,61,104,104,2299320,1646320
2019,마취통증의학과,R99,2,2,2,33250,29850
2019,마취통증의학과,S00,1962,2809,2814,68863840,50723710
2019,마취통증의학과,S01,1414,3153,3180,80171370,59445910
2019,마취통증의학과,S02,183,343,360,13365930,9788930
2019,마취통증의학과,S03,702,1315,1315,33535340,24254140
2019,마취통증의학과,S04,114,298,298,18091260,12711060
2019,마취통증의학과,S05,33,48,48,1265370,915770
2019,마취통증의학과,S06,146,215,262,12401180,9186840
2019,마취통증의학과,S07,12,17,17,468520,389920
2019,마취통증의학과,S08,2,7,7,144130,101130
2019,마취통증의학과,S09,87,139,139,4862640,3523240
2019,마취통증의학과,S10,71,102,108,3373840,2422860
2019,마취통증의학과,S11,46,96,96,2462120,1821920
2019,마취통증의학과,S12,23,115,115,4673760,3293160
2019,마취통증의학과,S13,71358,212981,213278,11369897190,8028790140
2019,마취통증의학과,S14,116,495,495,34826870,24499870
2019,마취통증의학과,S15,1,1,1,21830,15330
2019,마취통증의학과,S16,192,503,503,24460620,17153020
2019,마취통증의학과,S19,33,71,71,4140190,2901090
2019,마취통증의학과,S20,3224,5393,5405,183201690,132591860
2019,마취통증의학과,S21,78,182,182,3960490,2993370
2019,마취통증의학과,S22,5432,15528,16921,793342610,575215060
2019,마취통증의학과,S23,31476,62361,62388,2963213340,2109657230
2019,마취통증의학과,S24,35,192,192,19664760,13772760
2019,마취통증의학과,S27,4,7,7,323460,233560
2019,마취통증의학과,S28,1,1,1,38050,26650
2019,마취통증의학과,S29,113,219,219,9661080,6869680
2019,마취통증의학과,S30,1105,2292,2308,73006190,52850000
2019,마취통증의학과,S31,153,408,408,8729540,6744740
2019,마취통증의학과,S32,2353,8954,10314,607110090,443603230
2019,마취통증의학과,S33,180163,526632,528169,31494946220,22300009430
2019,마취통증의학과,S34,991,3147,3147,343180570,242197170
2019,마취통증의학과,S35,6,8,8,486420,342820
2019,마취통증의학과,S36,12,21,21,333570,257070
2019,마취통증의학과,S37,1,1,1,38950,27350
2019,마취통증의학과,S39,78,311,311,24677690,17807990
2019,마취통증의학과,S40,1299,3413,3421,123115700,88118400
2019,마취통증의학과,S41,159,380,380,8332270,6108170
2019,마취통증의학과,S42,726,2947,3337,129913000,96307900
2019,마취통증의학과,S43,50210,159423,159609,6773499470,4811390770
2019,마취통증의학과,S44,458,1349,1349,72643430,51164830
2019,마취통증의학과,S45,7,9,9,357640,258040
2019,마취통증의학과,S46,17077,63507,64002,3048869290,2172004910
2019,마취통증의학과,S49,176,373,373,13131890,9294090
2019,마취통증의학과,S50,2056,4182,4182,130367980,93280780
2019,마취통증의학과,S51,519,1327,1327,31469840,23313360
2019,마취통증의학과,S52,1734,7570,8166,349587300,257733150
2019,마취통증의학과,S53,20637,60902,60927,2085997070,1477678220
2019,마취통증의학과,S54,260,655,655,26040280,18402480
2019,마취통증의학과,S55,7,9,9,304720,215920
2019,마취통증의학과,S56,2046,6776,6784,228844060,161228510
2019,마취통증의학과,S57,35,94,94,1724360,1271160
2019,마취통증의학과,S58,4,10,10,312240,219040
2019,마취통증의학과,S59,50,126,126,3020060,2238460
2019,마취통증의학과,S60,4473,7324,7324,222878250,159607050
2019,마취통증의학과,S61,4609,11525,11538,287454630,208377640
2019,마취통증의학과,S62,3544,11917,12243,471071270,337741180
2019,마취통증의학과,S63,63488,139672,139720,4539895350,3212119440
2019,마취통증의학과,S64,656,1325,1330,51513260,36380290
2019,마취통증의학과,S65,83,211,211,5250490,3754190
2019,마취통증의학과,S66,2139,5452,5543,203703780,144603670
2019,마취통증의학과,S67,225,707,795,38285300,27643910
2019,마취통증의학과,S68,17,95,95,1677730,1192530
2019,마취통증의학과,S69,516,1049,1049,38942440,27446440
2019,마취통증의학과,S70,1995,4201,4220,128110570,92293760
2019,마취통증의학과,S71,147,405,405,10296040,7617350
2019,마취통증의학과,S72,178,586,836,51672920,39650970
2019,마취통증의학과,S73,6447,16046,16059,608174250,432938230
2019,마취통증의학과,S74,529,1718,1739,86890150,61813690
2019,마취통증의학과,S75,13,28,28,536080,381580
2019,마취통증의학과,S76,4784,12494,12512,442117540,312042230
2019,마취통증의학과,S77,5,6,6,155700,109400
2019,마취통증의학과,S78,4,7,7,102900,80500
2019,마취통증의학과,S79,211,915,915,53458250,38306350
2019,마취통증의학과,S80,7478,15973,16005,464286720,333967350
2019,마취통증의학과,S81,1328,3616,3627,88701560,65183700
2019,마취통증의학과,S82,1808,7588,8910,413757770,304304130
2019,마취통증의학과,S83,43839,127187,128153,4207634590,3006458170
2019,마취통증의학과,S84,683,1782,1782,63556970,45145970
2019,마취통증의학과,S85,18,39,43,1474540,1054180
2019,마취통증의학과,S86,4478,12188,12332,363500960,258268680
2019,마취통증의학과,S87,28,84,84,1945800,1475900
2019,마취통증의학과,S88,12,22,22,298550,243050
2019,마취통증의학과,S89,141,291,291,8291420,5874620
2019,마취통증의학과,S90,4738,7892,7906,241135020,171689640
2019,마취통증의학과,S91,1449,3253,3306,82286920,60207000
2019,마취통증의학과,S92,4401,14100,15088,638828850,458497600
2019,마취통증의학과,S93,79504,189668,190125,5794819460,4115909960
2019,마취통증의학과,S94,439,916,916,36583020,25772920
2019,마취통증의학과,S95,5,8,8,181300,127300
2019,마취통증의학과,S96,2083,5057,5062,147902760,105426250
2019,마취통증의학과,S97,71,110,110,2654550,1917050
2019,마취통증의학과,S98,4,5,5,98300,69100
2019,마취통증의학과,S99,199,366,366,9934630,7124030
2019,마취통증의학과,T00,68,131,131,3490210,2669810
2019,마취통증의학과,T01,117,396,396,9784710,8229110
2019,마취통증의학과,T02,4,6,6,309860,220360
2019,마취통증의학과,T03,18,26,26,1042060,742760
2019,마취통증의학과,T05,1,2,2,22420,20420
2019,마취통증의학과,T08,95,524,524,34184380,25113180
2019,마취통증의학과,T09,42,90,90,2154890,1628790
2019,마취통증의학과,T10,2,2,2,41560,33360
2019,마취통증의학과,T11,27,47,47,1118740,815140
2019,마취통증의학과,T12,6,7,7,305010,213810
2019,마취통증의학과,T13,99,228,228,5791240,4153340
2019,마취통증의학과,T14,1415,3001,3001,67796780,51315280
2019,마취통증의학과,T15,19,19,19,546650,385250
2019,마취통증의학과,T16,20,20,20,470100,342800
2019,마취통증의학과,T17,13,13,13,317390,229790
2019,마취통증의학과,T18,18,28,28,794180,583380
2019,마취통증의학과,T20,48,166,166,7182660,5225660
2019,마취통증의학과,T21,69,220,220,7859550,5739250
2019,마취통증의학과,T22,222,642,642,24009960,17008560
2019,마취통증의학과,T23,442,1254,1254,53115990,39168490
2019,마취통증의학과,T24,165,646,655,25100850,18050930
2019,마취통증의학과,T25,161,786,805,32759860,24576180
2019,마취통증의학과,T26,2,5,5,230580,161580
2019,마취통증의학과,T29,6,7,7,322790,230890
2019,마취통증의학과,T30,165,446,446,17093590,12595690
2019,마취통증의학과,T31,43,222,222,8595130,6136030
2019,마취통증의학과,T33,11,15,15,233960,169360
2019,마취통증의학과,T35,5,6,6,99970,72670
2019,마취통증의학과,T43,1,5,5,20450,14450
2019,마취통증의학과,T49,1,1,1,15690,10990
2019,마취통증의학과,T50,1,1,1,13250,9350
2019,마취통증의학과,T56,5,9,9,285670,202770
2019,마취통증의학과,T60,2,6,6,88240,69840
2019,마취통증의학과,T62,7,14,14,179040,149440
2019,마취통증의학과,T63,134,159,159,2723710,2131910
2019,마취통증의학과,T65,1,1,1,11210,7910
2019,마취통증의학과,T67,12,24,24,346040,260040
2019,마취통증의학과,T69,4,6,6,110550,77550
2019,마취통증의학과,T73,58,72,72,1374140,992050
2019,마취통증의학과,T75,7,8,8,114530,83630
2019,마취통증의학과,T78,369,552,552,16782340,12106940
2019,마취통증의학과,T79,178,420,420,8655230,6377830
2019,마취통증의학과,T80,12,22,22,501430,354330
2019,마취통증의학과,T81,25,60,73,2584310,1919040
2019,마취통증의학과,T84,3,51,51,931870,742070
2019,마취통증의학과,T87,6,25,25,1024890,727290
2019,마취통증의학과,T88,59,67,67,1610040,1170940
2019,마취통증의학과,T90,2,2,2,35320,28720
2019,마취통증의학과,T91,387,1926,1946,117710040,85342500
2019,마취통증의학과,T92,54,355,355,6921140,5427740
2019,마취통증의학과,T93,43,188,188,3804640,2779040
2019,마취통증의학과,T95,4,12,12,424020,297320
2019,마취통증의학과,Z00,401,415,418,11422030,8170680
2019,마취통증의학과,Z01,28,28,28,571280,407780
2019,마취통증의학과,Z02,5,5,5,30250,21250
2019,마취통증의학과,Z03,250,261,261,4450550,3418250
2019,마취통증의학과,Z04,36,43,43,2133540,1557740
2019,마취통증의학과,Z09,6,17,17,386350,271050
2019,마취통증의학과,Z10,21,24,24,23030,16130
2019,마취통증의학과,Z11,17,40,40,2402400,1126980
2019,마취통증의학과,Z13,22,28,28,710950,527450
2019,마취통증의학과,Z20,10,11,11,372350,266450
2019,마취통증의학과,Z23,15,31,31,909960,680860
2019,마취통증의학과,Z24,10,10,10,75960,55160
2019,마취통증의학과,Z25,189,203,203,3186520,2300320
2019,마취통증의학과,Z26,230,269,269,3863890,2821990
2019,마취통증의학과,Z27,3,5,5,496560,347860
2019,마취통증의학과,Z28,1,1,1,0,0
2019,마취통증의학과,Z29,64,65,65,1087190,823290
2019,마취통증의학과,Z30,3,3,3,90610,63510
2019,마취통증의학과,Z31,1,1,1,11210,7910
2019,마취통증의학과,Z32,2,2,2,138010,96710
2019,마취통증의학과,Z33,1,1,1,11210,7910
2019,마취통증의학과,Z39,1,1,1,15690,14190
2019,마취통증의학과,Z47,9,30,77,7761220,5978020
2019,마취통증의학과,Z48,765,1914,1927,39618130,29230420
2019,마취통증의학과,Z53,1,1,1,22120,15520
2019,마취통증의학과,Z54,103,437,573,20778340,15719770
2019,마취통증의학과,Z56,1,1,1,15690,10990
2019,마취통증의학과,Z57,6,7,7,119360,83960
2019,마취통증의학과,Z70,3,3,3,45040,31640
2019,마취통증의학과,Z71,494,555,555,8046380,6025780
2019,마취통증의학과,Z75,1,1,1,23390,16390
2019,마취통증의학과,Z82,2,2,2,35270,24770
2019,마취통증의학과,Z85,1,1,1,15690,10990
2019,마취통증의학과,Z88,3,3,3,56000,39300
2019,마취통증의학과,Z92,1,1,1,11210,7910
2019,마취통증의학과,Z94,2,3,3,42590,29890
2019,마취통증의학과,Z95,4,26,26,169790,122890
2019,마취통증의학과,Z96,33,164,164,3853470,2993870
2019,마취통증의학과,Z97,1,1,1,20480,14380
2019,마취통증의학과,Z98,797,2297,2597,82610720,61351200
2019,산부인과,A00,3,4,4,56000,47500
2019,산부인과,A01,1,1,1,28890,26090
2019,산부인과,A02,4,5,10,817550,746670
2019,산부인과,A04,244,320,344,11867050,9473410
2019,산부인과,A05,17,25,25,371010,292810
2019,산부인과,A06,99,124,124,1833520,1275120
2019,산부인과,A07,1,1,1,19580,13780
2019,산부인과,A08,3444,4796,4922,94859480,78338670
2019,산부인과,A09,22345,34027,34239,572904500,464254500
2019,산부인과,A15,3,14,14,332170,284570
2019,산부인과,A16,1,2,2,26900,18900
2019,산부인과,A18,2,5,5,124760,101560
2019,산부인과,A28,4,5,5,145220,101920
2019,산부인과,A30,5,5,5,280540,196640
2019,산부인과,A31,5804,8972,8972,440081260,313391460
2019,산부인과,A38,31,54,54,891650,697750
2019,산부인과,A39,3,3,3,44760,31460
2019,산부인과,A41,37,37,37,674660,617760
2019,산부인과,A42,568,1190,1190,52770580,36955450
2019,산부인과,A43,2,2,2,127030,88930
2019,산부인과,A46,5,6,6,79880,68380
2019,산부인과,A48,10052,14283,14279,714848580,502969240
2019,산부인과,A49,48662,83267,83281,3805077220,2679330370
2019,산부인과,A50,8,19,19,1093990,987290
2019,산부인과,A51,548,1021,1022,72762730,51300260
2019,산부인과,A52,17,30,30,1019460,736760
2019,산부인과,A53,376,629,629,25682180,18360960
2019,산부인과,A54,1838,3070,3070,93127550,65774350
2019,산부인과,A55,8,9,9,385380,270280
2019,산부인과,A56,20790,36277,36286,1280015720,902437600
2019,산부인과,A57,298,354,363,6851650,4911330
2019,산부인과,A58,5,5,5,402670,282170
2019,산부인과,A59,70423,117056,117032,3969038610,2801302220
2019,산부인과,A60,53887,94154,94181,3025657320,2152225020
2019,산부인과,A63,142371,260038,260054,17990883310,12618782860
2019,산부인과,A64,11386,21304,21302,1271676810,893899400
2019,산부인과,A65,1,1,1,13220,9320
2019,산부인과,A66,4,4,4,54980,38680
2019,산부인과,A67,1,1,1,20470,14370
2019,산부인과,A68,23,25,25,487460,401960
2019,산부인과,A69,60,73,73,1161390,893890
2019,산부인과,A71,5,5,5,74980,52580
2019,산부인과,A74,2500,3843,3843,129700430,91539410
2019,산부인과,A75,2,2,2,31380,28380
2019,산부인과,A77,3,11,11,224370,160870
2019,산부인과,A83,3,3,3,160070,126170
2019,산부인과,A87,37,51,61,2254780,1940470
2019,산부인과,A88,11,15,15,220510,174610
2019,산부인과,A92,7,8,8,296770,222070
2019,산부인과,A98,2,2,2,48070,33770
2019,산부인과,B00,14602,23328,23336,596401800,432017390
2019,산부인과,B01,425,802,802,11532170,8697470
2019,산부인과,B02,3764,7155,7235,172004260,125520970
2019,산부인과,B05,11,11,11,597710,419010
2019,산부인과,B06,23,29,29,1504470,1170070
2019,산부인과,B07,1062,1690,1690,84364320,59807290
2019,산부인과,B08,10270,20825,20924,316640740,256021090
2019,산부인과,B09,331,615,615,8515810,6954210
2019,산부인과,B15,12,21,21,728370,511970
2019,산부인과,B16,8,9,9,586500,428900
2019,산부인과,B17,71,92,92,3439990,2558190
2019,산부인과,B18,719,1414,1421,101923200,75830170
2019,산부인과,B19,24,29,29,2115160,1508740
2019,산부인과,B20,2,2,2,39160,27560
2019,산부인과,B24,1,1,1,13670,9570
2019,산부인과,B26,66,108,108,2141890,1577790
2019,산부인과,B27,6,9,9,906630,639430
2019,산부인과,B30,668,774,774,11274590,9734090
2019,산부인과,B33,86,232,232,3424610,2443710
2019,산부인과,B34,527,668,668,10593230,8692330
2019,산부인과,B35,17233,30859,30859,697096300,499971000
2019,산부인과,B36,686,1068,1068,18502070,14499670
2019,산부인과,B37,605851,1171148,1171158,37254445840,26387687390
2019,산부인과,B38,6,6,6,91770,64570
2019,산부인과,B39,9,13,13,169010,122710
2019,산부인과,B43,9,12,12,332730,247030
2019,산부인과,B46,12,15,15,280130,199430
2019,산부인과,B47,11,15,15,361570,259470
2019,산부인과,B48,19,19,19,393550,289250
2019,산부인과,B49,557,744,744,33022730,23331330
2019,산부인과,B52,1,1,1,15690,10990
2019,산부인과,B53,1,2,2,44580,31280
2019,산부인과,B55,1,1,1,15690,10990
2019,산부인과,B56,2,2,2,19390,13690
2019,산부인과,B58,5,5,5,125880,103580
2019,산부인과,B60,2,3,3,41730,34030
2019,산부인과,B65,1,1,1,15680,10980
2019,산부인과,B66,7,7,7,129760,92960
2019,산부인과,B67,3,3,3,100810,73810
2019,산부인과,B70,1,1,1,15690,14190
2019,산부인과,B71,4,4,4,263070,184370
2019,산부인과,B72,9,9,9,325330,228130
2019,산부인과,B73,7,7,7,403280,282780
2019,산부인과,B76,18,18,18,472490,331690
2019,산부인과,B77,4,4,4,49760,35060
2019,산부인과,B80,14,14,14,214900,164400
2019,산부인과,B82,2,2,2,28390,22590
2019,산부인과,B83,12,15,15,229320,177620
2019,산부인과,B85,775,928,928,27351480,19472380
2019,산부인과,B86,118,136,136,2130300,1550400
2019,산부인과,B87,3,3,3,267990,187790
2019,산부인과,B88,952,2097,2097,86297680,60836480
2019,산부인과,B89,7,10,10,167680,124880
2019,산부인과,B94,1,1,1,14230,10030
2019,산부인과,B95,21,22,22,374070,268170
2019,산부인과,B96,140,202,202,4839860,3461760
2019,산부인과,B97,5701,8261,8261,443272960,312144670
2019,산부인과,B98,239,260,260,10003400,6984480
2019,산부인과,B99,7,12,12,423270,301370
2019,산부인과,C02,3,6,6,136800,129300
2019,산부인과,C03,1,1,1,15690,10990
2019,산부인과,C08,3,5,5,311520,220520
2019,산부인과,C13,1,1,1,120840,84640
2019,산부인과,C14,2,3,3,186850,134850
2019,산부인과,C15,4,20,20,377740,357040
2019,산부인과,C16,40,141,143,7558830,7069080
2019,산부인과,C17,2,3,3,138480,131780
2019,산부인과,C18,39,82,82,3661590,3376480
2019,산부인과,C19,2,2,2,233640,202430
2019,산부인과,C20,8,30,30,924110,871610
2019,산부인과,C21,2,4,4,116300,106200
2019,산부인과,C22,34,102,102,8196840,6103540
2019,산부인과,C23,2,2,2,41900,39900
2019,산부인과,C24,4,6,6,387660,364960
2019,산부인과,C25,19,61,61,2691840,2002590
2019,산부인과,C30,1,1,1,453290,322390
2019,산부인과,C31,1,1,1,19580,17680
2019,산부인과,C34,25,144,145,3630020,3241170
2019,산부인과,C37,1,8,8,106890,102190
2019,산부인과,C41,1,1,1,107210,101910
2019,산부인과,C43,5,9,9,438270,412070
2019,산부인과,C44,14,25,25,1183750,960950
2019,산부인과,C45,1,1,1,423540,402440
2019,산부인과,C46,1,1,1,11210,7910
2019,산부인과,C48,5,6,6,615740,575240
2019,산부인과,C49,8,51,57,1670450,1506980
2019,산부인과,C50,1608,2409,2467,268798100,219589000
2019,산부인과,C51,33,46,46,3788160,2963260
2019,산부인과,C52,13,32,53,2498580,2041510
2019,산부인과,C53,601,1245,1304,96955610,81495640
2019,산부인과,C54,2768,4438,4507,808201560,580399980
2019,산부인과,C55,188,396,396,53490200,37558850
2019,산부인과,C56,4324,5447,5453,793748330,537679960
2019,산부인과,C57,188,292,313,47965850,34380630
2019,산부인과,C58,4,4,4,475720,334320
2019,산부인과,C61,9,19,19,286070,247170
2019,산부인과,C62,2,4,4,179600,170800
2019,산부인과,C64,4,4,4,383230,364230
2019,산부인과,C65,3,11,11,1080330,980530
2019,산부인과,C67,334,466,466,39301400,28243790
2019,산부인과,C68,169,175,175,21117560,14954860
2019,산부인과,C70,1,3,3,223600,212600
2019,산부인과,C71,5,6,6,1167480,1105880
2019,산부인과,C72,1,6,6,158570,151070
2019,산부인과,C73,494,751,760,69988750,53834940
2019,산부인과,C74,1,1,1,25030,23830
2019,산부인과,C75,5,10,10,403250,327550
2019,산부인과,C76,87,99,99,5669520,2858390
2019,산부인과,C77,3,8,8,92650,65150
2019,산부인과,C78,5,144,144,2996380,2167980
2019,산부인과,C79,13,15,15,1821490,1402270
2019,산부인과,C80,1,1,1,105270,100070
2019,산부인과,C83,4,17,17,343310,275310
2019,산부인과,C85,1,1,1,15690,10990
2019,산부인과,C88,2,2,2,31380,29980
2019,산부인과,C90,3,12,12,330840,307740
2019,산부인과,C91,4,11,11,246460,177660
2019,산부인과,C92,6,7,7,511540,482940
2019,산부인과,C94,1,1,1,16130,14530
2019,산부인과,C95,5,9,9,392030,363030
2019,산부인과,D00,1,1,1,108730,76130
2019,산부인과,D01,9,19,19,1375850,1261950
2019,산부인과,D03,3,4,4,332130,235930
2019,산부인과,D04,2,5,5,73200,69800
2019,산부인과,D05,139,237,238,21186490,19430840
2019,산부인과,D06,1957,4856,4951,447533040,404202910
2019,산부인과,D07,92,150,150,17997130,14421630
2019,산부인과,D09,6,7,7,383780,344280
2019,산부인과,D10,3,3,3,177230,124230
2019,산부인과,D11,1,1,1,15690,10990
2019,산부인과,D12,193,212,212,22587370,15875290
2019,산부인과,D13,34,38,38,2626120,1818240
2019,산부인과,D14,1,2,2,30170,25470
2019,산부인과,D16,1,1,1,17890,17090
2019,산부인과,D17,549,848,853,80786100,57192960
2019,산부인과,D18,216,254,258,15617260,11130820
2019,산부인과,D20,2,2,3,701460,467050
2019,산부인과,D21,96,114,118,9261340,6636580
2019,산부인과,D22,46,63,63,1491230,1189030
2019,산부인과,D23,2314,3453,3464,276890220,195850280
2019,산부인과,D24,9146,12731,13006,782751850,559030830
2019,산부인과,D25,127739,198557,212595,18538117260,14123416130
2019,산부인과,D26,901,1351,1785,315970170,237879740
2019,산부인과,D27,29486,42507,47238,5471936590,4101431090
2019,산부인과,D28,6793,12439,12618,1676428470,1189056880
2019,산부인과,D29,12,17,17,1605000,1138600
2019,산부인과,D30,84,95,98,5507730,3985050
2019,산부인과,D32,6,14,14,1040320,881680
2019,산부인과,D33,10,30,30,3493470,3070870
2019,산부인과,D34,3542,4458,4455,221642460,156634240
2019,산부인과,D35,31,63,63,2209040,1772540
2019,산부인과,D36,49,70,70,5188580,3659680
2019,산부인과,D37,24,29,36,3297760,2559470
2019,산부인과,D38,2,3,3,160350,131950
2019,산부인과,D39,4527,6011,6019,600676780,403591280
2019,산부인과,D41,23,38,38,1767970,1237000
2019,산부인과,D43,3,3,3,659470,627870
2019,산부인과,D44,326,379,379,32631950,23151790
2019,산부인과,D45,1,1,1,27200,25900
2019,산부인과,D46,2,5,5,102170,97370
2019,산부인과,D47,6,11,11,495890,457390
2019,산부인과,D48,854,1102,1115,118507600,84539490
2019,산부인과,D50,12640,20118,20178,761988170,565076330
2019,산부인과,D51,12,29,29,711730,506130
2019,산부인과,D52,196,241,241,6800640,5209130
2019,산부인과,D53,68,124,124,6850380,5690780
2019,산부인과,D55,1,2,2,26900,18900
2019,산부인과,D56,1,1,1,11210,7910
2019,산부인과,D59,7,11,11,455160,329360
2019,산부인과,D61,3,3,3,64590,45290
2019,산부인과,D62,222,382,395,14842100,10730940
2019,산부인과,D63,5,7,7,199970,146170
2019,산부인과,D64,2452,3753,3761,134713190,96111120
2019,산부인과,D65,1,2,2,55210,49710
2019,산부인과,D68,46,68,68,2889530,2207830
2019,산부인과,D69,237,350,351,15793220,13336440
2019,산부인과,D70,1,1,1,15690,10990
2019,산부인과,D72,30,43,43,1748970,1420970
2019,산부인과,D73,2,2,2,150900,105700
2019,산부인과,D75,5,6,6,158610,111310
2019,산부인과,D76,1,2,2,26900,24300
2019,산부인과,D80,1,1,1,22180,15580
2019,산부인과,D82,2,3,3,162880,114180
2019,산부인과,D84,5,6,6,90950,68650
2019,산부인과,E00,5,7,7,552720,397820
2019,산부인과,E01,3,3,3,431610,339310
2019,산부인과,E02,80,97,97,4444920,3861920
2019,산부인과,E03,7328,18068,18069,1049221600,859168930
2019,산부인과,E04,2152,2667,2661,132692000,93562490
2019,산부인과,E05,1296,2842,2843,173843400,140772170
2019,산부인과,E06,1984,3754,3754,185875160,145260400
2019,산부인과,E07,8607,11384,11387,795960490,595280720
2019,산부인과,E10,78,214,214,7564360,6030740
2019,산부인과,E11,3121,12974,12979,347327360,258884710
2019,산부인과,E12,2,4,4,31130,21930
2019,산부인과,E13,188,552,552,18517380,13606680
2019,산부인과,E14,1117,2869,2868,136754940,99359530
2019,산부인과,E16,27,39,39,1720460,1076090
2019,산부인과,E20,8,13,13,361040,277540
2019,산부인과,E21,8,14,14,369440,261040
2019,산부인과,E22,4206,6726,6726,212953660,150533750
2019,산부인과,E23,109,195,195,8444400,5935300
2019,산부인과,E24,8,17,17,742410,527810
2019,산부인과,E25,6,72,72,1166100,852900
2019,산부인과,E27,7,7,7,196160,170760
2019,산부인과,E28,30010,60804,60805,2315920500,1626449180
2019,산부인과,E29,6,63,63,964850,685550
2019,산부인과,E30,364,893,893,51166990,36084490
2019,산부인과,E32,2,2,2,23820,19920
2019,산부인과,E34,61,98,98,2586600,1845680
2019,산부인과,E35,302,1266,1266,21322040,15333340
2019,산부인과,E41,13,21,21,356580,276080
2019,산부인과,E43,1,1,1,0,0
2019,산부인과,E44,7,8,8,168910,124210
2019,산부인과,E45,1,1,1,15690,10990
2019,산부인과,E46,29,59,59,856890,675390
2019,산부인과,E50,341,543,543,7373920,5380420
2019,산부인과,E53,107,136,136,5431330,4069660
2019,산부인과,E54,1,1,1,11210,7910
2019,산부인과,E55,11802,17031,17031,350830310,249405160
2019,산부인과,E56,149,223,223,3868590,2770350
2019,산부인과,E58,546,975,975,18770170,13582270
2019,산부인과,E61,73,138,143,2870490,2078100
2019,산부인과,E63,59,143,143,2642100,2014200
2019,산부인과,E64,6,8,8,136420,114720
2019,산부인과,E65,6,7,7,108710,79510
2019,산부인과,E66,841,1757,1757,30150840,21596240
2019,산부인과,E67,9,9,9,230030,169930
2019,산부인과,E68,1,1,1,19580,13780
2019,산부인과,E70,4,4,4,55720,53120
2019,산부인과,E71,8,8,8,776480,737980
2019,산부인과,E72,24,25,25,1582870,1505070
2019,산부인과,E73,151,172,172,4025700,3422500
2019,산부인과,E74,58,68,68,4940260,4566460
2019,산부인과,E75,23,30,30,1304660,930460
2019,산부인과,E76,1,1,1,12610,12010
2019,산부인과,E78,7835,17736,17734,427363570,304967250
2019,산부인과,E79,6,15,15,192000,140200
2019,산부인과,E80,6,8,8,282250,197950
2019,산부인과,E83,929,1657,1657,24827430,18175720
2019,산부인과,E84,1,1,1,142050,99450
2019,산부인과,E86,660,828,827,19471590,14866730
2019,산부인과,E87,100,127,143,6545910,5031630
2019,산부인과,E88,92,104,104,7928880,7234580
2019,산부인과,E89,40,148,148,4828850,3612750
2019,산부인과,E90,13,14,14,632340,472140
2019,산부인과,F00,202,941,941,5501870,4273470
2019,산부인과,F01,14,35,35,233870,191170
2019,산부인과,F02,6,43,43,609040,451340
2019,산부인과,F03,25,54,54,933410,710010
2019,산부인과,F05,4,6,6,46720,38920
2019,산부인과,F06,1360,3012,3012,53825720,41174920
2019,산부인과,F07,39,45,45,675560,600760
2019,산부인과,F13,1,1,1,15690,10990
2019,산부인과,F20,13,64,64,1330270,1134070
2019,산부인과,F22,1,3,3,30480,25980
2019,산부인과,F25,3,5,5,105190,73690
2019,산부인과,F30,5,25,25,89370,66170
2019,산부인과,F31,40,123,123,1066600,842200
2019,산부인과,F32,816,2471,2471,38043900,27514750
2019,산부인과,F33,11,21,21,287660,214160
2019,산부인과,F34,37,88,88,1715230,1266730
2019,산부인과,F38,7,7,7,183100,128500
2019,산부인과,F39,29,41,41,796850,585950
2019,산부인과,F40,23,47,47,650690,478390
2019,산부인과,F41,585,1010,1010,17594680,13075870
2019,산부인과,F42,5,16,16,189600,160300
2019,산부인과,F43,49,65,65,1622030,1142520
2019,산부인과,F44,1,1,1,19580,13780
2019,산부인과,F45,161,312,312,5700010,4162010
2019,산부인과,F48,489,818,818,15766290,11281580
2019,산부인과,F50,113,207,207,2987760,2125060
2019,산부인과,F51,1093,2442,2442,39093440,28500640
2019,산부인과,F52,75,104,104,2385640,1765000
2019,산부인과,F53,5,5,5,75630,53030
2019,산부인과,F54,20,22,22,346340,286840
2019,산부인과,F59,41,56,56,866070,620370
2019,산부인과,F60,5,11,11,144880,107180
2019,산부인과,F64,64,305,305,4007050,2823450
2019,산부인과,F65,1,1,1,15690,10990
2019,산부인과,F66,26,85,85,1254670,979470
2019,산부인과,F79,1,1,1,11790,9390
2019,산부인과,F80,45,46,46,652070,516370
2019,산부인과,F81,2,2,2,23000,17300
2019,산부인과,F82,2,2,2,27090,26490
2019,산부인과,F84,15,15,15,218590,181290
2019,산부인과,F88,2,2,2,33200,26400
2019,산부인과,F89,11,12,12,156760,125360
2019,산부인과,F90,9,20,20,289130,225730
2019,산부인과,F91,2,2,2,34490,30290
2019,산부인과,F92,15,31,31,414750,297750
2019,산부인과,F93,3,3,3,47060,34160
2019,산부인과,F95,18,19,19,264230,201830
2019,산부인과,F98,27,33,33,553910,467810
2019,산부인과,G02,1,2,2,30180,21280
2019,산부인과,G03,12,13,13,206340,155740
2019,산부인과,G04,1,1,1,11790,9390
2019,산부인과,G05,111,173,174,2596140,1942560
2019,산부인과,G06,1,1,1,11800,9400
2019,산부인과,G11,1,3,3,9120,6420
2019,산부인과,G12,1,5,5,60530,53030
2019,산부인과,G20,33,135,135,2802750,2422350
2019,산부인과,G21,7,56,56,1014480,821780
2019,산부인과,G22,1,1,1,36780,25780
2019,산부인과,G23,2,3,3,51080,38180
2019,산부인과,G24,17,34,34,790610,578810
2019,산부인과,G25,22,54,54,614750,465950
2019,산부인과,G30,10,42,42,642170,569270
2019,산부인과,G31,2672,5763,5763,96378410,74055640
2019,산부인과,G32,2,6,6,83930,73130
2019,산부인과,G35,2,2,2,41300,37200
2019,산부인과,G40,27,72,72,992230,780430
2019,산부인과,G41,7,38,38,398050,302750
2019,산부인과,G43,996,1418,1418,25661020,18947050
2019,산부인과,G44,480,671,671,15580980,11232960
2019,산부인과,G45,8,40,40,296060,243860
2019,산부인과,G46,3,26,26,825140,577940
2019,산부인과,G47,4114,10326,10326,162760660,117924590
2019,산부인과,G50,20,26,26,1316120,941020
2019,산부인과,G51,19,26,26,375710,286910
2019,산부인과,G52,3,19,19,223000,174800
2019,산부인과,G53,115,299,299,5267810,3932910
2019,산부인과,G54,59,81,81,2461280,1934580
2019,산부인과,G55,3,4,4,99990,73290
2019,산부인과,G56,37,54,54,2079040,1470240
2019,산부인과,G57,9,18,18,525940,388540
2019,산부인과,G58,12,25,25,962810,760710
2019,산부인과,G59,2,3,3,38110,30010
2019,산부인과,G61,2,2,2,29930,22330
2019,산부인과,G62,13,40,40,912040,655540
2019,산부인과,G63,10,37,37,482650,368250
2019,산부인과,G64,108,177,177,2629270,2077120
2019,산부인과,G70,2,3,3,40720,33920
2019,산부인과,G71,8,10,10,147900,113100
2019,산부인과,G73,1,3,3,22160,15660
2019,산부인과,G80,2,5,5,66700,51100
2019,산부인과,G81,3,17,17,350730,251730
2019,산부인과,G83,4,5,5,73240,60040
2019,산부인과,G90,108,188,188,2973020,2213620
2019,산부인과,G91,9,16,16,221440,176940
2019,산부인과,G93,35,52,52,1374760,1005660
2019,산부인과,G94,1,1,1,11210,7910
2019,산부인과,G95,4,11,11,177240,153040
2019,산부인과,G96,8,11,12,335860,252030
2019,산부인과,G99,8,23,23,351900,258400
2019,산부인과,H00,724,853,853,14299080,11167080
2019,산부인과,H01,335,435,435,6491120,5022020
2019,산부인과,H02,38,42,42,669440,581540
2019,산부인과,H03,5,9,9,65370,53470
2019,산부인과,H04,933,1350,1350,19504800,15619800
2019,산부인과,H05,36,41,41,763970,591670
2019,산부인과,H10,7508,9897,9906,148101560,126289170
2019,산부인과,H11,379,607,607,8789950,6387850
2019,산부인과,H13,3,4,4,58200,50000
2019,산부인과,H16,247,379,379,5547880,4271280
2019,산부인과,H17,1,1,1,15690,10990
2019,산부인과,H18,5,10,10,97460,78660
2019,산부인과,H19,31,42,42,523950,396950
2019,산부인과,H20,4,4,4,48800,37300
2019,산부인과,H25,93,135,135,1939510,1643210
2019,산부인과,H26,14,39,39,477060,356560
2019,산부인과,H28,2,4,4,49320,38320
2019,산부인과,H30,3,3,3,55230,41330
2019,산부인과,H34,3,6,6,78670,66070
2019,산부인과,H35,104,123,123,1977990,1862590
2019,산부인과,H36,21,73,73,854220,698420
2019,산부인과,H40,45,121,121,1413830,1137430
2019,산부인과,H42,1,1,1,11210,9710
2019,산부인과,H43,1,1,1,12610,12010
2019,산부인과,H44,19,22,22,263320,195720
2019,산부인과,H47,8,9,9,135710,102310
2019,산부인과,H49,3,6,6,98280,74880
2019,산부인과,H50,38,43,43,626880,562180
2019,산부인과,H52,152,162,162,3695090,2914290
2019,산부인과,H53,12,16,16,1044380,738880
2019,산부인과,H54,3,3,3,51870,38170
2019,산부인과,H55,2,2,2,39670,37870
2019,산부인과,H57,11,11,11,149360,123660
2019,산부인과,H60,924,1287,1287,22518580,18624680
2019,산부인과,H61,473,517,517,12697110,10597610
2019,산부인과,H62,20,31,31,589090,430990
2019,산부인과,H65,2234,5228,5228,71919870,60041070
2019,산부인과,H66,13754,46769,46824,711514100,585784790
2019,산부인과,H67,71,134,134,2029310,1742610
2019,산부인과,H68,11,14,14,210350,149850
2019,산부인과,H69,4,6,6,83280,64280
2019,산부인과,H70,1,1,1,76300,68700
2019,산부인과,H71,3,3,3,47970,36570
2019,산부인과,H72,8,16,16,327360,239360
2019,산부인과,H73,4,4,4,95520,69620
2019,산부인과,H74,1,1,1,15690,10990
2019,산부인과,H81,551,859,864,17030380,12611500
2019,산부인과,H82,34,34,34,1499400,1101900
2019,산부인과,H90,25,26,26,948770,897770
2019,산부인과,H91,71,90,94,2106630,1904950
2019,산부인과,H92,159,164,164,2554420,2075720
2019,산부인과,H93,160,198,198,5325810,4600510
2019,산부인과,H94,1,1,1,12610,12010
2019,산부인과,I00,16,44,44,986070,703570
2019,산부인과,I05,2,3,3,232160,162560
2019,산부인과,I10,9429,40195,40198,811840110,612116330
2019,산부인과,I11,164,769,769,15915650,11852170
2019,산부인과,I12,35,231,231,3322970,2582770
2019,산부인과,I13,15,38,38,357050,257650
2019,산부인과,I15,199,623,624,10059900,7736350
2019,산부인과,I20,111,269,269,9083460,6620990
2019,산부인과,I21,18,48,48,6044880,4286180
2019,산부인과,I22,2,6,6,70620,63120
2019,산부인과,I24,7,17,17,208520,156820
2019,산부인과,I25,11,18,18,245550,219150
2019,산부인과,I27,1,2,2,181170,126970
2019,산부인과,I34,2,2,2,187590,166690
2019,산부인과,I35,2,4,4,105200,76900
2019,산부인과,I38,1,1,1,26900,18900
2019,산부인과,I41,1,1,1,15690,10990
2019,산부인과,I42,4,7,7,96760,88760
2019,산부인과,I45,5,14,14,204660,154260
2019,산부인과,I47,20,25,25,443290,343690
2019,산부인과,I48,22,44,44,816360,626620
2019,산부인과,I49,159,239,243,6671530,5436580
2019,산부인과,I50,32,62,62,1508320,1136120
2019,산부인과,I51,43,51,51,1076350,819150
2019,산부인과,I61,4,33,33,560860,513360
2019,산부인과,I63,53,176,176,2826290,2194490
2019,산부인과,I64,1,4,4,33650,27550
2019,산부인과,I65,15,26,26,561170,422770
2019,산부인과,I66,2,10,10,130000,115000
2019,산부인과,I67,47,139,139,2841510,2245410
2019,산부인과,I68,4,9,9,121270,97770
2019,산부인과,I69,14,29,29,1590350,1151150
2019,산부인과,I70,39,89,89,2198160,1764560
2019,산부인과,I71,4,6,6,359040,261940
2019,산부인과,I72,2,2,2,119900,84000
2019,산부인과,I73,777,1581,1581,27837600,20228380
2019,산부인과,I74,16,22,22,805850,633450
2019,산부인과,I77,1,1,1,15690,10990
2019,산부인과,I78,17,28,28,859300,651000
2019,산부인과,I79,3,4,4,102940,75840
2019,산부인과,I80,67,87,109,18282940,17428410
2019,산부인과,I81,4,4,4,295410,206910
2019,산부인과,I82,11,18,18,451000,337100
2019,산부인과,I83,211,324,324,11030140,8295040
2019,산부인과,I85,1,1,1,25200,17700
2019,산부인과,I86,33,47,47,894700,645000
2019,산부인과,I87,543,1034,1034,19007480,13747480
2019,산부인과,I88,165,228,235,5913090,4459190
2019,산부인과,I89,356,1295,1295,19142190,14052890
2019,산부인과,I95,51,73,73,2200110,1653510
2019,산부인과,I98,3,4,4,42840,30240
2019,산부인과,I99,9,21,21,291510,212210
2019,산부인과,J00,35150,79177,79202,1175710060,961660050
2019,산부인과,J01,14652,39905,39907,562917740,450859550
2019,산부인과,J02,23076,53033,53047,763443830,618272900
2019,산부인과,J03,21717,46082,46427,835068240,651887520
2019,산부인과,J04,2134,3625,3658,75515810,61847420
2019,산부인과,J05,870,1443,1452,25381130,20859850
2019,산부인과,J06,24629,45597,45668,723843960,579480880
2019,산부인과,J09,105,126,126,2213670,1723170
2019,산부인과,J10,4749,7079,7281,147997520,115519720
2019,산부인과,J11,2034,2808,2928,56105140,45065120
2019,산부인과,J12,21,27,27,2015490,1824790
2019,산부인과,J14,1,1,1,19580,13780
2019,산부인과,J15,1156,2619,2619,58953660,45395660
2019,산부인과,J16,1,1,1,20490,16190
2019,산부인과,J17,41,41,41,675710,473810
2019,산부인과,J18,3156,6751,7617,247697230,211862370
2019,산부인과,J20,88775,297666,297898,4457912060,3537860290
2019,산부인과,J21,6234,16624,16667,285989350,243216250
2019,산부인과,J22,501,1004,1004,21029670,15876470
2019,산부인과,J30,33606,86837,86835,1280798990,1024879830
2019,산부인과,J31,364,612,612,8908930,6706630
2019,산부인과,J32,1443,2897,2897,55930240,42257240
2019,산부인과,J33,2,2,2,31700,24100
2019,산부인과,J34,60,72,72,1223040,968340
2019,산부인과,J35,102,195,195,3048720,2397520
2019,산부인과,J36,1772,7267,7270,100444540,80794920
2019,산부인과,J37,6,23,23,415980,292180
2019,산부인과,J38,19,19,19,918370,669470
2019,산부인과,J39,351,566,566,9230260,7229060
2019,산부인과,J40,3271,4484,4492,77100690,62339890
2019,산부인과,J41,82,132,132,1698420,1253920
2019,산부인과,J42,128,227,227,3233770,2444570
2019,산부인과,J43,1,2,2,30170,25470
2019,산부인과,J44,73,191,191,4093530,3044230
2019,산부인과,J45,5183,11824,11838,207789530,164110720
2019,산부인과,J46,166,317,317,6171700,4998300
2019,산부인과,J47,18,30,30,703810,513910
2019,산부인과,J67,32,54,54,3922320,2756720
2019,산부인과,J69,2,2,2,44700,43200
2019,산부인과,J70,2,3,3,32590,22890
2019,산부인과,J80,1,1,1,25780,18080
2019,산부인과,J81,6,9,12,304600,231290
2019,산부인과,J84,3,3,3,55700,40300
2019,산부인과,J90,12,17,17,485570,353170
2019,산부인과,J93,6,7,7,145340,121840
2019,산부인과,J95,1,1,1,31840,22340
2019,산부인과,J96,2,2,2,39670,37870
2019,산부인과,J98,118,138,156,8082670,6418620
2019,산부인과,J99,1,4,4,56330,39530
2019,산부인과,K00,30,32,32,652320,555020
2019,산부인과,K02,11,11,11,151520,117520
2019,산부인과,K03,3,3,3,47570,43570
2019,산부인과,K04,18,26,26,616220,468020
2019,산부인과,K05,173,288,288,4538900,3620800
2019,산부인과,K06,24,27,27,396170,351570
2019,산부인과,K07,11,20,20,427220,310520
2019,산부인과,K08,71,94,94,1873870,1516870
2019,산부인과,K09,39,39,39,623930,581330
2019,산부인과,K10,2,3,3,40040,28140
2019,산부인과,K11,81,111,111,1722620,1290720
2019,산부인과,K12,1628,2265,2289,35336860,28406350
2019,산부인과,K13,88,97,97,2453080,1922780
2019,산부인과,K14,83,90,90,1403350,1164920
2019,산부인과,K20,34,38,38,1043170,744970
2019,산부인과,K21,7034,10295,10316,255927560,186543650
2019,산부인과,K22,13,20,20,591360,452660
2019,산부인과,K23,3,3,3,49360,38160
2019,산부인과,K25,2113,3082,3082,81707860,58417110
2019,산부인과,K26,667,1089,1088,38692280,27289660
2019,산부인과,K27,629,777,777,14930950,11143510
2019,산부인과,K28,1,1,1,11210,7910
2019,산부인과,K29,47021,78980,79045,3030061890,2143607270
2019,산부인과,K30,12297,18455,18455,616695820,439858080
2019,산부인과,K31,225,298,298,11278620,7978010
2019,산부인과,K35,52,55,59,4607920,3507260
2019,산부인과,K36,6,7,7,514240,421540
2019,산부인과,K37,40,44,44,1869900,1343200
2019,산부인과,K38,4,4,4,133360,110060
2019,산부인과,K40,140,163,164,4169340,3351240
2019,산부인과,K41,10,11,11,303980,245480
2019,산부인과,K42,117,124,124,2097800,1944100
2019,산부인과,K43,9,11,11,177290,142990
2019,산부인과,K45,11,11,18,2158720,1604320
2019,산부인과,K46,26,30,30,526710,410110
2019,산부인과,K50,49,78,78,8635600,6103100
2019,산부인과,K51,24,113,113,3175110,2792500
2019,산부인과,K52,2309,2882,2909,61251750,47988420
2019,산부인과,K55,4,4,4,135340,104490
2019,산부인과,K56,61,72,85,3261980,2499570
2019,산부인과,K57,27,39,39,2580790,1823090
2019,산부인과,K58,4080,6242,6270,223481110,163208490
2019,산부인과,K59,11914,17481,17503,554436510,416140420
2019,산부인과,K60,71,100,100,2114900,1629900
2019,산부인과,K61,94,197,200,11979780,10027990
2019,산부인과,K62,289,414,421,25896210,18910160
2019,산부인과,K63,1405,1640,1645,391583960,274015420
2019,산부인과,K64,584,765,778,33244580,25604020
2019,산부인과,K65,841,1117,1132,18009780,13449080
2019,산부인과,K66,492,727,841,47798920,35126190
2019,산부인과,K67,13,17,17,685240,480440
2019,산부인과,K70,142,320,320,9989070,7074870
2019,산부인과,K71,106,211,211,7418680,5300280
2019,산부인과,K72,27,35,35,2050320,1551920
2019,산부인과,K73,174,250,250,7838540,5574340
2019,산부인과,K74,22,39,39,1243010,899410
2019,산부인과,K75,499,775,775,35415840,25248460
2019,산부인과,K76,2100,2897,2898,170841980,121299260
2019,산부인과,K77,19,23,23,545250,383650
2019,산부인과,K80,128,200,200,11680330,8267290
2019,산부인과,K81,18,31,31,1533140,1129040
2019,산부인과,K82,120,161,161,13068650,9004520
2019,산부인과,K83,13,21,21,1279280,917880
2019,산부인과,K85,11,15,15,1117560,821400
2019,산부인과,K86,17,32,32,1418370,1018570
2019,산부인과,K87,5,6,6,444030,312930
2019,산부인과,K90,33,34,34,5683920,3983220
2019,산부인과,K91,12,20,20,544920,392720
2019,산부인과,K92,1071,2093,2093,229088370,159531860
2019,산부인과,K93,13,20,29,900980,686040
2019,산부인과,L00,4,5,5,66320,55420
2019,산부인과,L01,3864,5134,5136,86136730,67572020
2019,산부인과,L02,9971,14604,14614,423366560,302016120
2019,산부인과,L03,7782,12953,12971,439861220,319903850
2019,산부인과,L04,522,749,753,15863940,11711760
2019,산부인과,L05,805,936,936,27521660,19468560
2019,산부인과,L08,3503,5310,5310,111434720,80910380
2019,산부인과,L10,7,11,11,170880,137680
2019,산부인과,L11,5,5,5,76370,57770
2019,산부인과,L12,3,22,22,337650,290950
2019,산부인과,L13,502,980,980,17291290,12854290
2019,산부인과,L20,7596,11348,11348,203909240,158730340
2019,산부인과,L21,2793,3595,3595,64146340,52081440
2019,산부인과,L22,1683,2081,2081,36618500,32220700
2019,산부인과,L23,20766,30088,30088,648152680,477369110
2019,산부인과,L24,3275,4482,4481,91830110,67569910
2019,산부인과,L25,5087,6737,6737,183427090,134270290
2019,산부인과,L26,4,4,4,78130,62030
2019,산부인과,L27,179,232,235,6001670,4538500
2019,산부인과,L28,3234,5056,5056,97000600,73872650
2019,산부인과,L29,54725,90091,90089,2933506720,2084019190
2019,산부인과,L30,10198,13071,13074,253145030,196184920
2019,산부인과,L40,2583,5980,5980,150452910,110572810
2019,산부인과,L41,10,17,17,309210,223410
2019,산부인과,L42,12,17,17,411040,328040
2019,산부인과,L43,83,129,129,3758150,2759550
2019,산부인과,L44,4,4,4,64320,54620
2019,산부인과,L50,15671,22956,22963,432385000,327698610
2019,산부인과,L51,37,45,45,665890,543990
2019,산부인과,L52,2,2,2,31370,24470
2019,산부인과,L53,45,54,54,842760,701360
2019,산부인과,L55,47,48,48,972960,725060
2019,산부인과,L56,16,22,22,496190,354290
2019,산부인과,L57,12,15,15,249240,189640
2019,산부인과,L58,1,1,1,15690,10990
2019,산부인과,L60,161,214,214,6514750,4934750
2019,산부인과,L62,1,1,1,11790,9390
2019,산부인과,L63,281,787,787,25048490,17644890
2019,산부인과,L64,47,87,87,1526280,1070880
2019,산부인과,L65,29,38,38,750280,538480
2019,산부인과,L66,122,182,182,3560800,2574200
2019,산부인과,L67,1,1,1,11790,9390
2019,산부인과,L68,16,23,23,1179080,826380
2019,산부인과,L70,1098,1805,1805,32630730,23218530
2019,산부인과,L71,146,223,223,3311240,2394040
2019,산부인과,L72,809,1435,1447,74360510,53289330
2019,산부인과,L73,215,362,362,6558980,4632780
2019,산부인과,L74,632,676,676,10530880,9602980
2019,산부인과,L75,6,6,6,89940,69640
2019,산부인과,L80,31,45,45,1092040,810640
2019,산부인과,L81,457,714,714,9950440,7228740
2019,산부인과,L82,898,2385,2385,39350680,29642380
2019,산부인과,L84,640,975,975,47124930,33434730
2019,산부인과,L85,1282,1718,1718,29135120,24050020
2019,산부인과,L86,3,3,3,55310,38810
2019,산부인과,L87,2,3,3,40560,28560
2019,산부인과,L89,21,57,57,852210,650710
2019,산부인과,L90,124,176,176,4048940,2956740
2019,산부인과,L91,519,990,990,29418490,20710090
2019,산부인과,L92,897,1575,1575,42216630,36407230
2019,산부인과,L93,3,3,3,157890,136890
2019,산부인과,L95,13,20,20,288100,223100
2019,산부인과,L98,287,553,553,12497490,11365390
2019,산부인과,L99,1,1,1,19580,13780
2019,산부인과,M00,9,20,20,353180,249780
2019,산부인과,M01,3,5,5,39110,27610
2019,산부인과,M02,45,67,67,998920,763620
2019,산부인과,M03,2,2,2,22420,19420
2019,산부인과,M05,23,47,47,1015910,838810
2019,산부인과,M06,133,234,234,3814530,2841630
2019,산부인과,M07,3,4,4,58350,46050
2019,산부인과,M08,8,17,17,205020,164620
2019,산부인과,M10,178,360,360,6179710,4499270
2019,산부인과,M11,1,2,2,26900,18900
2019,산부인과,M12,13,21,23,601100,526930
2019,산부인과,M13,440,921,921,14497090,11042590
2019,산부인과,M14,1,3,3,33630,23730
2019,산부인과,M15,340,783,783,15513400,11769500
2019,산부인과,M16,63,293,293,3111260,2268260
2019,산부인과,M17,581,1644,1644,60094390,43651990
2019,산부인과,M18,1,1,1,15690,10990
2019,산부인과,M19,331,668,668,10676620,7744920
2019,산부인과,M20,7,8,9,154090,134370
2019,산부인과,M21,23,25,25,370210,325510
2019,산부인과,M22,2,3,3,38110,26810
2019,산부인과,M23,7,17,17,354470,250370
2019,산부인과,M24,36,79,79,1456780,1075180
2019,산부인과,M25,729,1365,1365,27903980,20513230
2019,산부인과,M30,29,38,40,906460,768070
2019,산부인과,M31,2,6,6,82290,58990
2019,산부인과,M32,10,17,18,3658490,3541160
2019,산부인과,M33,1,1,1,15690,10990
2019,산부인과,M34,1,1,1,15690,10990
2019,산부인과,M35,96,220,220,6053890,4513390
2019,산부인과,M40,4,6,6,88240,79040
2019,산부인과,M41,5,6,6,114440,80440
2019,산부인과,M43,245,361,360,9015380,7083580
2019,산부인과,M45,112,152,152,2463950,1757950
2019,산부인과,M46,3,4,4,34170,24070
2019,산부인과,M47,341,810,810,25955040,19573840
2019,산부인과,M48,162,655,655,21015240,15806140
2019,산부인과,M49,5,7,7,85460,69060
2019,산부인과,M50,12,20,20,334580,251760
2019,산부인과,M51,48,93,102,5422120,3837020
2019,산부인과,M53,231,284,284,5904600,4875100
2019,산부인과,M54,15937,27284,27289,716137990,513669060
2019,산부인과,M60,150,206,205,9075890,6510980
2019,산부인과,M61,2,3,3,16600,15000
2019,산부인과,M62,159,399,406,6043340,4717900
2019,산부인과,M65,30,43,43,958830,706030
2019,산부인과,M67,14,19,19,482930,347330
2019,산부인과,M70,1,1,1,17700,12400
2019,산부인과,M71,7,21,21,367860,263760
2019,산부인과,M72,37,82,82,2837260,2028980
2019,산부인과,M73,11,26,26,1383360,1042550
2019,산부인과,M75,281,676,676,24849500,17739100
2019,산부인과,M76,24,28,28,682890,489890
2019,산부인과,M77,128,252,252,7764410,5501910
2019,산부인과,M79,9337,15130,15135,479652750,342280970
2019,산부인과,M80,260,461,461,11711820,8396220
2019,산부인과,M81,19467,49283,49282,1325392240,953607180
2019,산부인과,M82,140,218,218,4484090,3254090
2019,산부인과,M83,1035,1495,1495,40175650,28495470
2019,산부인과,M84,9,15,15,355580,263280
2019,산부인과,M85,397,689,689,15608170,11088760
2019,산부인과,M86,3,3,3,67140,47140
2019,산부인과,M87,4,4,4,58280,40880
2019,산부인과,M88,2,2,10,448650,326430
2019,산부인과,M89,51,89,89,1327740,1006440
2019,산부인과,M91,3,4,4,49900,36200
2019,산부인과,M92,1,1,1,11210,7910
2019,산부인과,M93,14,16,16,1322660,912050
2019,산부인과,M94,10,10,10,299290,213390
2019,산부인과,M95,13,17,17,239410,192410
2019,산부인과,M96,1,1,2,35810,28650
2019,산부인과,M99,7,11,11,98070,82170
2019,산부인과,N00,113,304,315,7749310,5702930
2019,산부인과,N01,4,4,4,175800,123300
2019,산부인과,N02,537,762,766,44567560,31725840
2019,산부인과,N03,4,4,4,66640,50640
2019,산부인과,N04,4,4,4,86210,60510
2019,산부인과,N05,1,2,2,21150,14950
2019,산부인과,N06,9,12,12,367550,257850
2019,산부인과,N10,3578,8019,8634,296008260,216322680
2019,산부인과,N11,52,85,108,4515360,3442980
2019,산부인과,N12,406,738,778,26303410,19142110
2019,산부인과,N13,55,91,96,4002980,3177940
2019,산부인과,N15,1,1,4,197640,155390
2019,산부인과,N17,5,10,10,559150,426850
2019,산부인과,N18,31,37,37,1034650,758750
2019,산부인과,N19,8,12,12,393520,281620
2019,산부인과,N20,119,149,153,6389030,4668330
2019,산부인과,N21,157,211,215,8367700,6161220
2019,산부인과,N22,2,2,2,129500,114000
2019,산부인과,N23,129,171,171,3362550,2396050
2019,산부인과,N25,5,5,5,300040,211540
2019,산부인과,N27,2,2,2,35780,34180
2019,산부인과,N28,87,92,92,7713200,6436800
2019,산부인과,N29,2,2,2,38010,33210
2019,산부인과,N30,437911,850909,851112,24705527360,17657210040
2019,산부인과,N31,22369,41660,41699,994893550,735566130
2019,산부인과,N32,5106,8956,8965,233496960,172007280
2019,산부인과,N33,32,50,50,3947910,3017660
2019,산부인과,N34,37990,58927,58932,2853946680,2012859800
2019,산부인과,N35,35,54,54,5531220,3987740
2019,산부인과,N36,348,498,498,18812600,14059430
2019,산부인과,N37,345,455,455,22671260,15944660
2019,산부인과,N39,31783,71530,75045,11357152800,8684013310
2019,산부인과,N40,864,2600,2600,36072590,28457130
2019,산부인과,N41,537,766,766,29533640,20582540
2019,산부인과,N42,36,81,81,1118320,899520
2019,산부인과,N43,91,97,99,1993690,1873920
2019,산부인과,N44,1,1,1,16600,13200
2019,산부인과,N45,31,39,39,624540,465240
2019,산부인과,N46,12728,21220,21221,1571793330,1076404420
2019,산부인과,N47,3,3,3,47280,45080
2019,산부인과,N48,591,742,742,11386800,9148300
2019,산부인과,N49,380,488,488,18982810,11153110
2019,산부인과,N50,57,103,103,1847810,1364410
2019,산부인과,N51,18,20,20,428800,308400
2019,산부인과,N60,4139,4703,4713,167751310,118536220
2019,산부인과,N61,4391,5975,6016,130352360,92540080
2019,산부인과,N62,79,85,85,2005000,1422400
2019,산부인과,N63,5779,7583,7574,349169390,246611780
2019,산부인과,N64,53050,60343,60300,1626508560,1152865880
2019,산부인과,N70,10808,23159,23511,1108874650,798451230
2019,산부인과,N71,64861,127734,127794,4310894040,3044273290
2019,산부인과,N72,751192,1415297,1415407,54858861650,38772548130
2019,산부인과,N73,124232,262516,264592,10965775660,7779236470
2019,산부인과,N74,17105,34635,34686,1531908290,1084336060
2019,산부인과,N75,15292,34617,34877,2167597120,1532377710
2019,산부인과,N76,944596,1920494,1920688,67079086740,47408722580
2019,산부인과,N77,40438,76966,76981,2566387070,1812442490
2019,산부인과,N80,21836,38875,41598,3312780020,2457562950
2019,산부인과,N81,4857,9752,11643,1523904110,1157123540
2019,산부인과,N82,11,19,19,308210,254410
2019,산부인과,N83,21047,29158,30818,3153653870,2476837380
2019,산부인과,N84,43638,71070,71766,6461658120,4612517610
2019,산부인과,N85,14250,29430,29636,2016018510,1432222690
2019,산부인과,N86,150370,261924,261930,12141498470,8590644050
2019,산부인과,N87,59777,126123,126448,9758672090,6892687320
2019,산부인과,N88,1707,2356,2516,202995660,152926320
2019,산부인과,N89,2361,3042,3045,96468900,68489520
2019,산부인과,N90,2235,3336,3353,99732230,72369860
2019,산부인과,N91,227561,320004,320004,12050842090,8473312210
2019,산부인과,N92,137410,196270,196292,7327305750,5147695180
2019,산부인과,N93,268703,421466,421944,21662950440,15235687650
2019,산부인과,N94,90683,132325,132343,3336928590,2345722680
2019,산부인과,N95,326813,1018496,1018486,18077986840,12999963560
2019,산부인과,N96,1124,2276,2283,153192320,112430350
2019,산부인과,N97,44137,243178,243262,19511940660,13339133940
2019,산부인과,N98,567,980,1366,87582260,64439910
2019,산부인과,N99,77,120,145,10703270,8005970
2019,산부인과,O00,4302,9699,11456,1082114020,781821640
2019,산부인과,O01,290,993,1011,42884610,31240780
2019,산부인과,O02,20613,47699,48612,6066299220,4885363970
2019,산부인과,O03,5201,8676,8777,503742530,394465550
2019,산부인과,O04,193,287,295,21554410,16856090
2019,산부인과,O05,350,535,540,30663870,24442920
2019,산부인과,O06,632,973,994,55417490,43871880
2019,산부인과,O07,10,21,23,1080900,776490
2019,산부인과,O08,1663,2507,2514,91166880,66787960
2019,산부인과,O10,133,272,305,30574740,26856850
2019,산부인과,O11,20,28,95,27157440,25023960
2019,산부인과,O12,827,969,991,85740480,77292610
2019,산부인과,O13,559,1219,1916,402288350,357252470
2019,산부인과,O14,331,387,1429,459311400,407671640
2019,산부인과,O15,9,12,48,16709070,15520570
2019,산부인과,O16,194,332,417,59084770,51348820
2019,산부인과,O20,18063,32576,39679,3131622750,2749984700
2019,산부인과,O21,8068,14273,15732,662681160,582380720
2019,산부인과,O22,917,1000,1006,102250010,91977100
2019,산부인과,O23,3520,5694,5865,588771110,522753900
2019,산부인과,O24,12573,20573,21162,1484165620,1326961160
2019,산부인과,O25,6,7,7,135930,122630
2019,산부인과,O26,2561,12454,12631,1162290980,1042269830
2019,산부인과,O28,1366,1627,1627,102497540,90784090
2019,산부인과,O29,2,2,2,91910,80610
2019,산부인과,O30,2641,8730,10320,1616663840,1442305930
2019,산부인과,O31,32,53,53,4799340,4306840
2019,산부인과,O32,2094,3007,10314,3274429690,2929348250
2019,산부인과,O33,6340,7555,34643,11713264080,10437402490
2019,산부인과,O34,10179,25499,53937,13804966760,12370610130
2019,산부인과,O35,345,508,527,46567120,41542250
2019,산부인과,O36,1628,2695,3363,580804950,519299410
2019,산부인과,O40,194,389,430,63938480,57780520
2019,산부인과,O41,1217,1743,2770,508588090,458468630
2019,산부인과,O42,2573,3075,7967,2086749350,1957142770
2019,산부인과,O43,25,44,72,14479480,12670090
2019,산부인과,O44,920,1788,3757,930985950,827702400
2019,산부인과,O45,155,164,902,330699960,299985340
2019,산부인과,O46,729,840,1093,143694710,127879040
2019,산부인과,O47,4987,7893,9430,1226224060,1107091400
2019,산부인과,O48,194,235,340,78206450,74917420
2019,산부인과,O60,12616,20359,55435,8157194470,7183656470
2019,산부인과,O61,1141,1183,5162,1667309910,1490523980
2019,산부인과,O62,300,416,1060,310743020,282765440
2019,산부인과,O63,1117,1135,4377,1949715880,1884419750
2019,산부인과,O64,448,516,2382,830199590,754517000
2019,산부인과,O65,4779,4886,30794,10657080000,9517348500
2019,산부인과,O66,840,866,5716,1802331790,1643453870
2019,산부인과,O67,6,6,15,2438430,2195330
2019,산부인과,O68,1435,1455,8480,3187239670,2871892940
2019,산부인과,O69,33,37,169,56741640,51238070
2019,산부인과,O70,247,307,411,71377340,67220750
2019,산부인과,O71,129,243,270,16138490,12741370
2019,산부인과,O72,883,1451,1672,92151780,70605330
2019,산부인과,O73,322,412,419,33710480,24767820
2019,산부인과,O74,4,5,5,283100,208770
2019,산부인과,O75,279,407,719,262317890,257032330
2019,산부인과,O80,33424,36840,111257,52635118000,51870841860
2019,산부인과,O81,3681,4117,12778,7100601780,7022168160
2019,산부인과,O82,23017,26438,142978,48473929470,43540805320
2019,산부인과,O83,5568,5748,18822,8974545850,8845769110
2019,산부인과,O84,196,216,1159,420176050,375154460
2019,산부인과,O85,28,55,61,1968470,1425220
2019,산부인과,O86,9512,16272,16483,324971760,231838760
2019,산부인과,O87,207,221,332,85589800,83462140
2019,산부인과,O89,7,8,14,635750,453750
2019,산부인과,O90,3466,6084,6257,140808320,100253500
2019,산부인과,O91,4618,6067,6119,101694580,71873740
2019,산부인과,O92,2436,3294,3298,89874370,63215010
2019,산부인과,O94,253,328,328,4454740,3136540
2019,산부인과,O97,1,2,2,29840,20940
2019,산부인과,O98,126,163,167,18528080,16916180
2019,산부인과,O99,7231,9461,9620,445048460,382955570
2019,산부인과,P00,31,32,87,8022950,7894270
2019,산부인과,P01,153,189,527,50663240,49293600
2019,산부인과,P02,7,7,9,569940,507180
2019,산부인과,P03,116,132,178,8134700,7963430
2019,산부인과,P04,1,1,1,104280,93880
2019,산부인과,P05,38,53,55,6027890,5537790
2019,산부인과,P07,152,170,881,76082090,74944650
2019,산부인과,P08,16,17,68,6270250,6151680
2019,산부인과,P11,1,1,1,12610,12010
2019,산부인과,P12,65,78,78,1298340,1241340
2019,산부인과,P13,267,301,327,9793370,9436720
2019,산부인과,P15,1,1,1,17890,17090
2019,산부인과,P21,1,1,1,101160,79960
2019,산부인과,P22,314,371,1204,117855580,116557520
2019,산부인과,P23,796,1702,1708,66433630,46859390
2019,산부인과,P24,124,131,533,54233760,53657550
2019,산부인과,P27,1,1,1,11790,10690
2019,산부인과,P28,122,128,214,13459310,13257470
2019,산부인과,P29,4,4,4,80670,79370
2019,산부인과,P35,1,1,1,17890,17090
2019,산부인과,P36,10,10,10,146600,139700
2019,산부인과,P38,1526,3077,3077,67657160,64223870
2019,산부인과,P39,675,818,820,14301470,13542000
2019,산부인과,P50,1,1,1,226830,158830
2019,산부인과,P51,151,175,175,3433580,3254680
2019,산부인과,P52,1,1,1,274050,246650
2019,산부인과,P54,46,48,51,1233780,1169030
2019,산부인과,P55,4,4,9,895420,882180
2019,산부인과,P56,1,2,2,24870,17570
2019,산부인과,P57,17,21,21,299930,283730
2019,산부인과,P58,52,58,58,1050880,1001380
2019,산부인과,P59,4902,18932,25606,1102265130,1073840510
2019,산부인과,P61,5,15,15,229010,180510
2019,산부인과,P70,24,27,93,7331410,7233350
2019,산부인과,P71,5,5,5,433490,412090
2019,산부인과,P72,138,172,172,11898770,11295270
2019,산부인과,P74,173,204,204,18942740,17842340
2019,산부인과,P76,1,2,2,34390,32790
2019,산부인과,P78,120,156,159,2576600,2451440
2019,산부인과,P80,1,1,1,17890,17090
2019,산부인과,P81,12,12,12,237090,225990
2019,산부인과,P83,751,1328,1332,28534770,27074840
2019,산부인과,P90,9,9,9,140370,134570
2019,산부인과,P91,1,1,1,19150,18250
2019,산부인과,P92,1106,1418,1419,33544680,31831310
2019,산부인과,P94,3,4,6,402410,397340
2019,산부인과,P95,56,71,98,19785390,17409510
2019,산부인과,P96,21,24,26,730230,690460
2019,산부인과,Q00,7,14,14,1696430,1503230
2019,산부인과,Q01,1,1,1,19790,15690
2019,산부인과,Q03,1,4,4,435840,392440
2019,산부인과,Q04,1,1,1,14480,14480
2019,산부인과,Q05,9,9,9,149690,142790
2019,산부인과,Q06,3,3,3,43110,41110
2019,산부인과,Q07,1,1,1,105790,95290
2019,산부인과,Q10,22,23,23,344940,327840
2019,산부인과,Q12,2,2,2,26610,25310
2019,산부인과,Q13,1,1,1,12610,12010
2019,산부인과,Q15,2,2,2,30500,29100
2019,산부인과,Q16,2,2,2,81700,77800
2019,산부인과,Q17,18,21,21,442470,423070
2019,산부인과,Q18,19,21,21,666350,561050
2019,산부인과,Q20,2,2,2,25690,24590
2019,산부인과,Q21,15,17,17,709870,643870
2019,산부인과,Q22,1,1,1,14480,14480
2019,산부인과,Q23,1,1,1,12610,12010
2019,산부인과,Q24,7,9,14,1229430,1151890
2019,산부인과,Q25,2,5,5,39620,35520
2019,산부인과,Q27,8,11,11,608100,550400
2019,산부인과,Q31,18,18,18,269220,256820
2019,산부인과,Q32,2,2,2,27670,26370
2019,산부인과,Q33,3,4,4,303750,276050
2019,산부인과,Q34,2,2,2,24870,22070
2019,산부인과,Q35,9,9,9,137210,128210
2019,산부인과,Q36,6,9,9,143400,136800
2019,산부인과,Q37,3,3,3,48390,43290
2019,산부인과,Q38,1214,1555,1567,73643360,69855930
2019,산부인과,Q40,13,14,14,211780,198680
2019,산부인과,Q42,3,3,3,50750,49750
2019,산부인과,Q43,1,1,1,19580,13780
2019,산부인과,Q44,28,32,32,3540150,2479650
2019,산부인과,Q50,84,101,111,8555750,6508700
2019,산부인과,Q51,313,521,527,46960800,34672880
2019,산부인과,Q52,300,469,478,23585120,19548450
2019,산부인과,Q53,64,73,75,1276910,1186310
2019,산부인과,Q54,7,8,8,135170,126370
2019,산부인과,Q55,16,17,17,235590,213890
2019,산부인과,Q56,7,11,11,447330,319730
2019,산부인과,Q60,8,9,9,306820,239520
2019,산부인과,Q61,13,15,17,832550,735180
2019,산부인과,Q62,39,44,44,1313950,1235150
2019,산부인과,Q63,10,10,10,234010,198010
2019,산부인과,Q64,4,4,4,56440,46040
2019,산부인과,Q65,88,92,92,1403980,1333180
2019,산부인과,Q66,33,41,40,668940,627640
2019,산부인과,Q67,168,184,184,3079230,2920530
2019,산부인과,Q68,81,92,92,1448650,1383050
2019,산부인과,Q69,25,29,29,601570,541170
2019,산부인과,Q70,16,17,17,262380,250980
2019,산부인과,Q72,1,1,1,270160,243160
2019,산부인과,Q74,10,10,12,468710,437540
2019,산부인과,Q75,35,36,35,510350,474350
2019,산부인과,Q76,53,57,57,882180,837680
2019,산부인과,Q77,1,1,1,17890,17090
2019,산부인과,Q79,8,8,8,118080,104380
2019,산부인과,Q81,1,2,2,39620,27820
2019,산부인과,Q82,106,117,117,4045320,3352120
2019,산부인과,Q83,57,59,59,1623320,1263420
2019,산부인과,Q84,2,2,2,29210,25210
2019,산부인과,Q85,61,112,112,2403620,2029720
2019,산부인과,Q86,1,2,2,38410,27010
2019,산부인과,Q87,2,2,2,31080,27680
2019,산부인과,Q89,5,6,6,402520,364720
2019,산부인과,Q90,5,10,10,490480,346880
2019,산부인과,Q91,1,1,2,384700,301980
2019,산부인과,Q92,1,1,1,15690,10990
2019,산부인과,Q93,4,5,5,80440,71940
2019,산부인과,Q96,41,122,122,2347140,1904540
2019,산부인과,Q97,2,4,4,73980,70480
2019,산부인과,Q98,8,9,9,129330,123330
2019,산부인과,Q99,18,25,25,884680,714080
2019,산부인과,R00,312,355,364,12796980,9801860
2019,산부인과,R01,930,1092,1097,18467400,17437950
2019,산부인과,R02,1,1,1,22270,15670
2019,산부인과,R03,375,428,429,9885250,8057770
2019,산부인과,R04,197,218,218,4833330,3672430
2019,산부인과,R05,1268,1744,1744,29326590,23275890
2019,산부인과,R06,450,501,504,12012120,10168960
2019,산부인과,R07,1323,2250,2250,55030440,39198800
2019,산부인과,R09,1908,10130,10130,141994210,112673010
2019,산부인과,R10,140501,204923,205672,8920362400,6624872470
2019,산부인과,R11,5165,6409,6471,124117980,97161810
2019,산부인과,R12,2416,3551,3556,161850470,115486060
2019,산부인과,R13,21,43,43,530540,409740
2019,산부인과,R14,358,389,393,45920800,32521800
2019,산부인과,R15,10,16,16,508510,383610
2019,산부인과,R17,219,289,289,5320790,4810890
2019,산부인과,R18,68,85,85,11610160,8074890
2019,산부인과,R19,1159,1413,1420,169188390,114274780
2019,산부인과,R20,45,49,49,1019590,732590
2019,산부인과,R21,2097,2670,2670,41903090,35492790
2019,산부인과,R22,396,582,582,23151010,16615710
2019,산부인과,R23,469,643,644,13433430,9834250
2019,산부인과,R25,88,101,101,1866910,1431210
2019,산부인과,R26,29,33,33,460090,374390
2019,산부인과,R27,1,1,1,19560,13760
2019,산부인과,R29,3,3,3,29940,21040
2019,산부인과,R30,6956,9882,9899,371560230,266315280
2019,산부인과,R31,10357,15796,15803,849693010,602783080
2019,산부인과,R32,2247,4003,4046,239167870,177358200
2019,산부인과,R33,187,307,307,18032920,13091020
2019,산부인과,R34,15,15,15,227070,175470
2019,산부인과,R35,5815,9270,9270,237101850,174506120
2019,산부인과,R36,3,3,3,48930,34430
2019,산부인과,R39,1187,1580,1608,63958150,48024570
2019,산부인과,R41,541,992,992,15281220,11571720
2019,산부인과,R42,2819,3603,3631,202145550,159961420
2019,산부인과,R43,1,1,1,11210,7910
2019,산부인과,R45,102,113,113,1877410,1541610
2019,산부인과,R46,3,3,3,48640,42440
2019,산부인과,R47,26,29,29,419860,336960
2019,산부인과,R49,29,29,29,710660,539760
2019,산부인과,R50,8550,10639,10784,239552120,189236860
2019,산부인과,R51,3362,4284,4288,81408130,59643170
2019,산부인과,R52,4681,7032,7032,208100300,148560620
2019,산부인과,R53,793,1479,1479,32598240,23188200
2019,산부인과,R54,20,29,29,729080,560380
2019,산부인과,R55,56,57,61,2904530,2200130
2019,산부인과,R56,69,79,78,1501080,1273780
2019,산부인과,R57,5,6,6,78990,59590
2019,산부인과,R58,97,106,106,3453900,2564790
2019,산부인과,R59,96,114,114,2916100,2145400
2019,산부인과,R60,2121,3438,3444,151865830,110570370
2019,산부인과,R61,33,47,64,2414020,2091320
2019,산부인과,R62,120,159,160,2902710,2235490
2019,산부인과,R63,225,275,275,8946450,6596050
2019,산부인과,R64,9,11,11,321980,238580
2019,산부인과,R65,1,1,1,13660,9660
2019,산부인과,R68,15208,18312,18310,317347750,236694320
2019,산부인과,R69,2,2,2,162450,114950
2019,산부인과,R71,2,2,2,69440,48740
2019,산부인과,R72,27,33,33,712100,508500
2019,산부인과,R73,663,788,788,31858980,24255780
2019,산부인과,R74,105,127,127,7228850,5259440
2019,산부인과,R76,120,175,175,6265150,3372820
2019,산부인과,R77,9,16,16,1372830,897650
2019,산부인과,R78,1,1,1,89570,62770
2019,산부인과,R79,107,114,114,7887770,7001660
2019,산부인과,R80,353,418,418,9712030,6857930
2019,산부인과,R81,162,293,293,10164750,7988000
2019,산부인과,R82,58,60,60,1564000,1194800
2019,산부인과,R84,43,54,54,2459400,1981770
2019,산부인과,R85,1,1,1,27320,19220
2019,산부인과,R86,38,43,43,2800210,1962410
2019,산부인과,R87,56833,97629,97616,8313590600,5844873160
2019,산부인과,R89,133,338,338,13738500,9748200
2019,산부인과,R90,3,3,3,232680,164880
2019,산부인과,R91,50,57,57,1357930,1003130
2019,산부인과,R92,5674,6086,6086,165928200,117871200
2019,산부인과,R93,55,58,58,2926340,2106740
2019,산부인과,R94,1813,2374,2365,120698660,91374090
2019,산부인과,S00,858,997,997,18247030,14977830
2019,산부인과,S01,445,669,669,15604000,12040000
2019,산부인과,S02,1,1,1,24780,19580
2019,산부인과,S03,15,17,17,347060,246160
2019,산부인과,S04,1,1,1,11210,7910
2019,산부인과,S05,9,9,9,160560,124160
2019,산부인과,S06,53,57,56,2225210,2013710
2019,산부인과,S07,5,9,9,249790,195690
2019,산부인과,S08,1,1,1,20380,16180
2019,산부인과,S09,38,40,40,896700,734300
2019,산부인과,S10,14,17,17,354060,275160
2019,산부인과,S11,11,13,13,364120,255620
2019,산부인과,S13,60,106,106,1404000,1031500
2019,산부인과,S20,45,58,58,1165800,836400
2019,산부인과,S21,24,38,38,770530,546130
2019,산부인과,S22,8,10,10,225140,159940
2019,산부인과,S23,71,88,88,2596820,1903420
2019,산부인과,S30,590,702,706,17152950,12798010
2019,산부인과,S31,2694,4349,4378,126956890,91534910
2019,산부인과,S32,4,5,5,292330,212930
2019,산부인과,S33,886,1614,1614,30283520,22634520
2019,산부인과,S35,3,17,17,253920,182520
2019,산부인과,S37,29,37,44,2053060,1519060
2019,산부인과,S38,45,72,72,2271150,1619350
2019,산부인과,S39,1,1,1,15690,14190
2019,산부인과,S40,74,83,83,4250110,3031810
2019,산부인과,S41,54,57,57,2300830,1627130
2019,산부인과,S42,10,17,19,580210,533140
2019,산부인과,S43,135,206,206,3814870,2833650
2019,산부인과,S44,1,1,1,11210,9710
2019,산부인과,S46,3,3,3,54430,39830
2019,산부인과,S49,2,2,2,33040,26340
2019,산부인과,S50,83,110,110,2269870,1739670
2019,산부인과,S51,23,27,27,523800,387000
2019,산부인과,S52,3,4,4,83130,58230
2019,산부인과,S53,48,69,69,2314280,1823080
2019,산부인과,S54,1,1,1,14080,9880
2019,산부인과,S56,3,3,3,99110,72910
2019,산부인과,S60,242,304,304,6124350,4806650
2019,산부인과,S61,272,552,552,13542900,9894300
2019,산부인과,S62,8,15,15,404220,284620
2019,산부인과,S63,40,76,76,1289950,935950
2019,산부인과,S65,42,76,76,1927960,1378160
2019,산부인과,S66,2,2,2,43660,32860
2019,산부인과,S67,4,6,6,121000,96600
2019,산부인과,S68,1,1,1,21830,15330
2019,산부인과,S69,3,3,3,46560,37360
2019,산부인과,S70,54,70,70,1145070,886770
2019,산부인과,S71,24,36,36,846790,602390
2019,산부인과,S72,2,8,8,81510,70110
2019,산부인과,S73,16,19,19,333130,282330
2019,산부인과,S75,5,16,16,364490,284290
2019,산부인과,S76,1,1,1,94780,66380
2019,산부인과,S77,1,1,1,11210,9710
2019,산부인과,S80,144,213,213,4514340,3461340
2019,산부인과,S81,66,104,104,2292550,1698220
2019,산부인과,S82,2,3,3,45950,33850
2019,산부인과,S83,52,111,111,2047360,1541660
2019,산부인과,S85,2,4,4,119390,83690
2019,산부인과,S86,2,6,6,167350,129850
2019,산부인과,S89,4,6,6,112060,82360
2019,산부인과,S90,148,172,172,3500730,2738630
2019,산부인과,S91,54,114,114,2752380,2044780
2019,산부인과,S92,5,7,7,135560,97460
2019,산부인과,S93,76,140,140,2481330,1820600
2019,산부인과,S95,5,5,5,233790,163890
2019,산부인과,S96,2,4,4,123150,86350
2019,산부인과,S97,2,5,5,76640,64740
2019,산부인과,S99,1,1,1,33260,31660
2019,산부인과,T00,203,307,307,6822500,4957000
2019,산부인과,T01,11,15,15,326250,241150
2019,산부인과,T03,1,9,9,42740,30440
2019,산부인과,T04,2,11,11,197990,171290
2019,산부인과,T07,1,1,1,15690,10990
2019,산부인과,T09,11,15,15,393780,290080
2019,산부인과,T10,1,1,1,27890,19590
2019,산부인과,T11,21,54,54,1248120,895220
2019,산부인과,T12,1,1,1,20490,16190
2019,산부인과,T13,16,24,24,483250,353450
2019,산부인과,T14,2367,3326,3346,81087860,59751070
2019,산부인과,T15,16,24,24,223710,180010
2019,산부인과,T16,466,610,610,18233900,14860700
2019,산부인과,T17,95,102,102,2889860,2436860
2019,산부인과,T18,31,35,35,762210,629110
2019,산부인과,T19,9441,11119,11126,652636840,459971850
2019,산부인과,T20,37,63,63,2330480,1668280
2019,산부인과,T21,56,104,104,3698680,2714380
2019,산부인과,T22,70,153,153,5565180,3944280
2019,산부인과,T23,329,729,729,31069020,22470420
2019,산부인과,T24,57,163,163,7289150,5140850
2019,산부인과,T25,55,156,156,6772230,5027930
2019,산부인과,T26,2,2,2,30790,21690
2019,산부인과,T29,1,1,1,13660,9660
2019,산부인과,T30,140,228,228,8062490,5956850
2019,산부인과,T31,36,106,113,4391260,3177790
2019,산부인과,T33,2,2,2,29140,22140
2019,산부인과,T35,2,3,3,48410,34110
2019,산부인과,T37,1,1,1,17670,12370
2019,산부인과,T38,42,48,48,1123460,911960
2019,산부인과,T41,1,1,1,17890,17090
2019,산부인과,T45,9,10,10,609150,473450
2019,산부인과,T48,2,2,2,46220,35120
2019,산부인과,T50,1,1,1,19580,13780
2019,산부인과,T56,1,1,1,157520,98390
2019,산부인과,T57,11,20,20,230370,169670
2019,산부인과,T62,14,18,18,315530,221930
2019,산부인과,T63,36,36,36,620470,504070
2019,산부인과,T65,1,1,1,11790,9390
2019,산부인과,T66,1,1,1,23530,16530
2019,산부인과,T67,30,44,44,1242800,884600
2019,산부인과,T68,2,2,2,24400,21400
2019,산부인과,T69,5,10,10,214980,150880
2019,산부인과,T70,1,1,1,26900,18900
2019,산부인과,T73,72,110,109,1617660,1168460
2019,산부인과,T75,1,1,1,15690,10990
2019,산부인과,T78,722,1047,1047,23558660,17187460
2019,산부인과,T79,309,413,413,9109400,6607100
2019,산부인과,T80,10,14,14,391660,278860
2019,산부인과,T81,1068,1960,2085,64799000,47069340
2019,산부인과,T82,2,8,8,687480,675780
2019,산부인과,T83,5762,6449,6489,429890070,302877600
2019,산부인과,T84,8,11,11,841190,589290
2019,산부인과,T85,17,18,18,953230,667830
2019,산부인과,T88,137,157,159,2686780,2015460
2019,산부인과,T91,1,1,1,102020,81620
2019,산부인과,T92,2,2,2,29140,21540
2019,산부인과,T93,4,11,11,197720,165020
2019,산부인과,T95,2,2,2,33620,25220
2019,산부인과,T98,67,86,86,2718690,1910990
2019,산부인과,U06,1,1,1,74430,67030
2019,산부인과,U83,2,2,2,26270,18470
2019,산부인과,Z00,6155,7091,7090,359452140,255056170
2019,산부인과,Z01,2471,2633,2640,71101910,54035750
2019,산부인과,Z02,52,56,56,427710,318410
2019,산부인과,Z03,4202,4975,4971,212824480,155287670
2019,산부인과,Z04,500,594,593,30437180,21834610
2019,산부인과,Z08,14,16,16,689770,545770
2019,산부인과,Z09,962,1181,1181,17433190,12318890
2019,산부인과,Z10,15,16,16,50670,37370
2019,산부인과,Z11,43,44,44,1938320,547600
2019,산부인과,Z12,92,122,122,5139650,3604150
2019,산부인과,Z13,338,400,400,39699430,37413130
2019,산부인과,Z20,165,178,178,8568480,6156490
2019,산부인과,Z22,664,1616,1616,46915620,32994500
2019,산부인과,Z23,67,79,79,1075760,918560
2019,산부인과,Z24,163,175,175,3283910,2538110
2019,산부인과,Z25,329,363,363,8414690,7214190
2019,산부인과,Z26,1232,1457,1456,16667300,14514200
2019,산부인과,Z27,73,77,77,2056930,1751330
2019,산부인과,Z28,4,4,4,53890,37790
2019,산부인과,Z29,440,499,499,12489620,9533300
2019,산부인과,Z30,21922,25514,25524,938350560,659479160
2019,산부인과,Z31,17401,76289,76354,19627247520,13148124930
2019,산부인과,Z32,28776,48729,48920,2153090710,1815085240
2019,산부인과,Z33,884,1128,1130,53759280,48146200
2019,산부인과,Z34,249846,1479987,1486134,137117397330,122923700870
2019,산부인과,Z35,5537,13576,13712,1441302850,1293946300
2019,산부인과,Z36,165,186,186,24391060,21506860
2019,산부인과,Z37,24,30,75,10698010,10133400
2019,산부인과,Z38,11806,96942,413646,31947939270,31495314860
2019,산부인과,Z39,46761,70786,70916,1251416520,883243250
2019,산부인과,Z40,5,7,7,107500,80000
2019,산부인과,Z41,33,43,43,755850,530550
2019,산부인과,Z42,42,63,63,2406480,1691180
2019,산부인과,Z43,1,1,1,13230,9330
2019,산부인과,Z45,1,7,7,186960,131160
2019,산부인과,Z48,18857,25373,25383,504843600,357151950
2019,산부인과,Z49,3,15,15,222450,213450
2019,산부인과,Z50,1,1,1,11790,9390
2019,산부인과,Z51,138,147,147,17445530,13631070
2019,산부인과,Z53,1,1,2,219270,175420
2019,산부인과,Z54,1271,1983,2071,36193820,26010600
2019,산부인과,Z57,1,1,1,19580,13780
2019,산부인과,Z58,1,1,1,15690,10990
2019,산부인과,Z59,2,2,2,29070,22170
2019,산부인과,Z63,2,2,2,198130,138830
2019,산부인과,Z64,41,52,52,814200,579100
2019,산부인과,Z70,153,177,177,3754580,2666080
2019,산부인과,Z71,23379,27351,27368,438981320,319623110
2019,산부인과,Z72,9,9,9,153330,115230
2019,산부인과,Z73,34,70,70,1740860,1274270
2019,산부인과,Z76,92,93,93,961250,774450
2019,산부인과,Z80,13,13,13,350930,246030
2019,산부인과,Z82,13,13,13,1824270,1283470
2019,산부인과,Z83,7,11,11,234900,170500
2019,산부인과,Z84,11,16,16,559840,456140
2019,산부인과,Z85,11,12,12,586650,471550
2019,산부인과,Z86,1,1,1,19260,13560
2019,산부인과,Z87,10,10,10,177250,124450
2019,산부인과,Z88,13,13,13,177530,128830
2019,산부인과,Z91,17,29,29,479800,337500
2019,산부인과,Z92,6,6,6,296510,207710
2019,산부인과,Z93,1,1,1,28010,19610
2019,산부인과,Z94,4,9,9,465530,388730
2019,산부인과,Z95,2,4,4,122410,85910
2019,산부인과,Z96,7,9,9,559600,392000
2019,산부인과,Z97,1245,1375,1375,72728910,51110350
2019,산부인과,Z98,8114,13580,13705,271777030,192923390
2019,산부인과,Z99,2,4,4,66650,50650
2019,소아청소년과,A00,7,8,8,110090,81590
2019,소아청소년과,A02,36,50,115,11601410,10323020
2019,소아청소년과,A03,8,9,9,146010,106610
2019,소아청소년과,A04,22087,35135,35875,675676470,527419080
2019,소아청소년과,A05,210,256,276,6679180,5337350
2019,소아청소년과,A06,10,12,12,186840,132640
2019,소아청소년과,A07,4,4,4,51780,36380
2019,소아청소년과,A08,148014,220612,223816,3911981150,3071539180
2019,소아청소년과,A09,920901,1590477,1601566,26145937030,20478706790
2019,소아청소년과,A15,6,9,9,178640,146740
2019,소아청소년과,A16,9,94,94,1348090,970190
2019,소아청소년과,A17,1,6,6,111350,91050
2019,소아청소년과,A18,12,14,14,259980,217980
2019,소아청소년과,A21,1,1,1,16600,13200
2019,소아청소년과,A25,1,1,1,25720,18020
2019,소아청소년과,A26,14,28,28,467290,386190
2019,소아청소년과,A28,10,13,13,282370,198170
2019,소아청소년과,A31,59,171,171,2373330,1801330
2019,소아청소년과,A35,11,16,16,615050,431250
2019,소아청소년과,A37,33,62,84,6271300,5562030
2019,소아청소년과,A38,3063,6402,6435,111570470,86354020
2019,소아청소년과,A39,1,1,1,15690,10990
2019,소아청소년과,A40,9,13,17,618760,536940
2019,소아청소년과,A41,3698,5577,6038,206087190,173216100
2019,소아청소년과,A42,2,2,2,125890,92690
2019,소아청소년과,A44,5,8,8,116580,89880
2019,소아청소년과,A46,51,69,69,1062980,816680
2019,소아청소년과,A48,4335,14675,14921,253444780,204585560
2019,소아청소년과,A49,21576,54937,57063,1062327470,843441510
2019,소아청소년과,A50,2,3,3,75100,71600
2019,소아청소년과,A53,2,2,2,37250,26150
2019,소아청소년과,A54,5,9,9,137050,96250
2019,소아청소년과,A55,1,1,1,16610,13210
2019,소아청소년과,A56,9,13,13,315820,229220
2019,소아청소년과,A58,1,1,1,11210,9710
2019,소아청소년과,A59,26,50,50,849640,612540
2019,소아청소년과,A60,224,414,414,7020690,5194890
2019,소아청소년과,A63,19,52,52,3228980,2262880
2019,소아청소년과,A65,2,2,2,36700,28900
2019,소아청소년과,A66,2,2,2,16600,13200
2019,소아청소년과,A67,1,1,1,16600,13200
2019,소아청소년과,A69,1798,2313,2316,36048140,27636900
2019,소아청소년과,A74,2,4,4,189410,132710
2019,소아청소년과,A75,10,17,17,455230,334830
2019,소아청소년과,A77,12,15,15,232710,180510
2019,소아청소년과,A78,1,1,1,11790,9390
2019,소아청소년과,A79,3,9,9,255830,202830
2019,소아청소년과,A82,1,1,1,15690,10990
2019,소아청소년과,A83,2,3,3,39020,29020
2019,소아청소년과,A84,1,1,1,11790,9390
2019,소아청소년과,A85,37,64,64,830150,667050
2019,소아청소년과,A86,39,46,46,781530,575030
2019,소아청소년과,A87,2653,4021,4534,136212490,112019330
2019,소아청소년과,A88,1392,2082,2084,29303410,23407470
2019,소아청소년과,A89,78,148,148,2622080,2008880
2019,소아청소년과,A98,1,1,1,24280,19280
2019,소아청소년과,A99,3,4,4,59180,44280
2019,소아청소년과,B00,149734,258327,258788,3788691610,2962665630
2019,소아청소년과,B01,35649,73216,73480,1050825570,783371160
2019,소아청소년과,B02,14427,27411,27459,414849840,307732070
2019,소아청소년과,B04,1,1,1,20490,16190
2019,소아청소년과,B05,94,103,103,2676300,1971900
2019,소아청소년과,B06,6,7,7,101320,72520
2019,소아청소년과,B07,2024,2614,2614,75227710,54377010
2019,소아청소년과,B08,412246,905325,915546,14449265110,11732017260
2019,소아청소년과,B09,13346,20849,20860,301793980,242962020
2019,소아청소년과,B15,63,79,83,2785450,2061820
2019,소아청소년과,B16,25,39,39,1085740,791040
2019,소아청소년과,B17,784,1168,1166,33416980,24068090
2019,소아청소년과,B18,307,841,841,25597620,18240920
2019,소아청소년과,B19,242,368,373,9618470,7143850
2019,소아청소년과,B20,1,1,1,14140,14140
2019,소아청소년과,B25,3,3,12,1272050,1148280
2019,소아청소년과,B26,4419,7693,7720,127928840,95863480
2019,소아청소년과,B27,159,251,311,13596130,11653290
2019,소아청소년과,B30,12526,17030,17065,267085040,213772820
2019,소아청소년과,B33,3051,8507,8507,134759530,99109490
2019,소아청소년과,B34,11997,20899,21654,408565070,336477900
2019,소아청소년과,B35,39382,69256,69255,1043735630,792951120
2019,소아청소년과,B36,10606,12847,12847,199572000,160937880
2019,소아청소년과,B37,28686,40812,40814,640244420,526927340
2019,소아청소년과,B39,1,2,2,26900,18900
2019,소아청소년과,B43,203,224,224,3593100,2721000
2019,소아청소년과,B44,1,1,1,15690,14190
2019,소아청소년과,B46,18,21,21,309510,242110
2019,소아청소년과,B47,77,91,91,1544370,1213270
2019,소아청소년과,B48,317,381,381,5730790,4517490
2019,소아청소년과,B49,340,480,480,6780980,5272780
2019,소아청소년과,B50,16,16,16,242540,170140
2019,소아청소년과,B53,1,1,1,15690,10990
2019,소아청소년과,B54,55,56,56,909810,656710
2019,소아청소년과,B56,1,1,1,15690,10990
2019,소아청소년과,B60,31,40,40,755630,536930
2019,소아청소년과,B65,3,5,5,60530,44430
2019,소아청소년과,B66,46,48,48,764160,551560
2019,소아청소년과,B67,1,1,1,15690,10990
2019,소아청소년과,B68,1,3,3,33630,29130
2019,소아청소년과,B69,1,1,1,32810,23010
2019,소아청소년과,B71,2,2,2,27480,20380
2019,소아청소년과,B76,16,25,25,355720,269820
2019,소아청소년과,B77,25,26,26,420880,320180
2019,소아청소년과,B79,2,3,3,48090,38090
2019,소아청소년과,B80,661,705,705,11167460,8563360
2019,소아청소년과,B81,1,1,1,20490,16190
2019,소아청소년과,B82,46,50,50,790800,608400
2019,소아청소년과,B83,44,47,47,766260,621860
2019,소아청소년과,B85,829,880,880,13738250,10242050
2019,소아청소년과,B86,278,347,351,6023570,4578320
2019,소아청소년과,B88,7085,10952,10952,297232220,236750790
2019,소아청소년과,B89,45,56,54,1177310,872810
2019,소아청소년과,B90,3,4,4,101340,71340
2019,소아청소년과,B95,4670,13931,13931,192257710,141074910
2019,소아청소년과,B96,969,2190,2190,30873760,23544160
2019,소아청소년과,B97,11,17,30,2130590,1919030
2019,소아청소년과,B98,58,84,84,1278870,911870
2019,소아청소년과,B99,2,3,3,37820,30120
2019,소아청소년과,C00,2,2,2,27490,22790
2019,소아청소년과,C01,1,93,93,1912440,1823640
2019,소아청소년과,C02,2,7,7,87240,73540
2019,소아청소년과,C03,1,1,1,2020,1420
2019,소아청소년과,C06,1,7,7,85540,75040
2019,소아청소년과,C08,2,51,51,683560,634060
2019,소아청소년과,C09,3,51,51,1138600,1082600
2019,소아청소년과,C11,3,17,17,220210,210310
2019,소아청소년과,C13,1,21,21,249690,238590
2019,소아청소년과,C14,1,2,2,31010,21810
2019,소아청소년과,C15,7,11,11,242830,226430
2019,소아청소년과,C16,75,376,376,7677450,7019630
2019,소아청소년과,C17,1,7,7,93240,65340
2019,소아청소년과,C18,39,404,404,8582910,8035010
2019,소아청소년과,C19,3,17,17,394910,374410
2019,소아청소년과,C20,18,198,198,4171080,3927180
2019,소아청소년과,C21,1,1,1,15690,14990
2019,소아청소년과,C22,31,160,160,3548270,3227570
2019,소아청소년과,C23,3,45,45,758720,662620
2019,소아청소년과,C24,10,127,127,2153670,2048070
2019,소아청소년과,C25,32,254,254,4757040,4445140
2019,소아청소년과,C26,3,7,7,126240,120540
2019,소아청소년과,C32,4,10,10,159740,145140
2019,소아청소년과,C34,67,428,428,7363380,6429580
2019,소아청소년과,C40,1,13,13,240970,206170
2019,소아청소년과,C41,4,11,11,165770,131470
2019,소아청소년과,C43,5,10,10,162090,144990
2019,소아청소년과,C44,4,20,20,285280,272180
2019,소아청소년과,C46,3,25,25,340690,316890
2019,소아청소년과,C48,1,2,2,29840,28440
2019,소아청소년과,C49,7,33,33,524650,490450
2019,소아청소년과,C50,117,1179,1179,20975930,19098840
2019,소아청소년과,C52,1,7,7,221250,210550
2019,소아청소년과,C53,10,58,58,1676560,1580760
2019,소아청소년과,C54,6,67,67,875420,698020
2019,소아청소년과,C55,1,14,14,196880,187980
2019,소아청소년과,C56,23,242,242,5535630,5153630
2019,소아청소년과,C57,1,9,9,118600,113000
2019,소아청소년과,C61,25,88,88,2301270,2146270
2019,소아청소년과,C62,1,3,3,38680,27180
2019,소아청소년과,C64,6,20,20,393440,369140
2019,소아청소년과,C65,1,1,1,15690,10990
2019,소아청소년과,C66,3,52,52,1013970,928470
2019,소아청소년과,C67,10,95,95,1947630,1854730
2019,소아청소년과,C69,2,4,4,51340,47340
2019,소아청소년과,C71,16,52,52,834870,762270
2019,소아청소년과,C72,4,6,6,83970,70070
2019,소아청소년과,C73,97,285,285,4982500,4248100
2019,소아청소년과,C74,2,80,80,1476130,1403130
2019,소아청소년과,C75,1,82,82,1113460,801260
2019,소아청소년과,C76,2,11,11,144520,106920
2019,소아청소년과,C77,4,5,5,78620,59720
2019,소아청소년과,C78,4,25,25,547660,522260
2019,소아청소년과,C79,3,23,23,502590,478790
2019,소아청소년과,C80,14,97,97,1401190,1274390
2019,소아청소년과,C81,1,2,2,29840,28440
2019,소아청소년과,C82,2,4,4,59420,49420
2019,소아청소년과,C83,6,31,31,564100,538000
2019,소아청소년과,C85,9,12,12,194370,157570
2019,소아청소년과,C88,2,2,2,33250,30850
2019,소아청소년과,C90,4,8,8,161040,143840
2019,소아청소년과,C91,13,53,53,907580,836680
2019,소아청소년과,C92,8,82,82,1243970,1174770
2019,소아청소년과,C94,5,38,38,525140,487340
2019,소아청소년과,C95,2,2,2,32280,28880
2019,소아청소년과,C96,8,12,12,225190,204490
2019,소아청소년과,D00,1,5,5,67420,64420
2019,소아청소년과,D01,5,9,9,137080,124780
2019,소아청소년과,D02,3,15,15,189130,180630
2019,소아청소년과,D03,7,28,28,470500,426200
2019,소아청소년과,D04,2,2,2,24870,19370
2019,소아청소년과,D05,13,50,50,686960,645760
2019,소아청소년과,D06,11,43,43,1742850,1643150
2019,소아청소년과,D07,2,5,5,86020,69120
2019,소아청소년과,D09,7,17,17,298690,231290
2019,소아청소년과,D10,45,51,51,1117380,829280
2019,소아청소년과,D11,16,20,20,407580,306280
2019,소아청소년과,D12,13,13,13,219140,159540
2019,소아청소년과,D13,9,12,12,161440,132840
2019,소아청소년과,D14,10,11,11,221810,175910
2019,소아청소년과,D15,5,13,13,287530,215930
2019,소아청소년과,D16,12,13,13,192600,158300
2019,소아청소년과,D17,357,444,444,13061450,9580670
2019,소아청소년과,D18,749,947,945,16176090,14549810
2019,소아청소년과,D21,111,158,158,3897080,3100380
2019,소아청소년과,D22,168,205,203,3155440,2673840
2019,소아청소년과,D23,193,256,256,7089440,5735780
2019,소아청소년과,D24,42,80,80,1172440,964980
2019,소아청소년과,D25,81,204,203,7584130,5395230
2019,소아청소년과,D26,8,16,16,288920,209520
2019,소아청소년과,D27,38,54,54,1705820,1214220
2019,소아청소년과,D28,8,22,22,2787790,1952490
2019,소아청소년과,D29,16,22,22,324420,277120
2019,소아청소년과,D30,11,12,12,549130,433930
2019,소아청소년과,D31,1,1,1,12610,12010
2019,소아청소년과,D32,13,54,54,729740,681040
2019,소아청소년과,D33,7,45,45,705800,628600
2019,소아청소년과,D34,37,49,49,1639280,1191380
2019,소아청소년과,D35,15,137,137,1869680,1425880
2019,소아청소년과,D36,12,14,14,440170,329470
2019,소아청소년과,D37,5,6,16,801000,629810
2019,소아청소년과,D38,2,2,2,39160,27560
2019,소아청소년과,D39,6,8,8,748790,528690
2019,소아청소년과,D43,5,156,156,2107430,1984730
2019,소아청소년과,D44,9,25,25,465140,408340
2019,소아청소년과,D45,3,3,3,48920,45020
2019,소아청소년과,D46,13,22,22,428730,326530
2019,소아청소년과,D47,12,19,19,360170,287570
2019,소아청소년과,D48,68,84,83,1284030,975830
2019,소아청소년과,D50,19718,29669,29662,780143160,596240180
2019,소아청소년과,D51,28,91,91,1500760,1142160
2019,소아청소년과,D52,19,37,37,467090,342090
2019,소아청소년과,D53,364,480,479,10813210,8110210
2019,소아청소년과,D56,3,4,4,89030,70630
2019,소아청소년과,D58,11,12,12,259190,188090
2019,소아청소년과,D59,8,8,8,132150,113650
2019,소아청소년과,D60,2,6,6,84510,69310
2019,소아청소년과,D61,13,63,63,1069680,914280
2019,소아청소년과,D62,4,4,4,72140,54040
2019,소아청소년과,D63,10,29,29,430640,363240
2019,소아청소년과,D64,5813,7499,7499,197724700,153890720
2019,소아청소년과,D65,1,1,1,20490,16190
2019,소아청소년과,D66,33,662,662,9622670,8596170
2019,소아청소년과,D67,6,92,92,1374800,1243100
2019,소아청소년과,D68,44,294,294,4174010,3524810
2019,소아청소년과,D69,1731,2456,2463,46007660,35564900
2019,소아청소년과,D70,13,17,17,310300,234300
2019,소아청소년과,D71,2,3,3,57050,52450
2019,소아청소년과,D72,83,119,119,2935670,2266440
2019,소아청소년과,D73,3,3,3,50260,48660
2019,소아청소년과,D74,1,1,1,14480,14480
2019,소아청소년과,D75,41,44,44,1305600,983300
2019,소아청소년과,D76,5,14,14,190810,169910
2019,소아청소년과,D77,2,3,3,36430,33730
2019,소아청소년과,D80,3,3,3,41670,37170
2019,소아청소년과,D82,8,43,43,636260,570060
2019,소아청소년과,D83,1,7,7,90200,81400
2019,소아청소년과,D84,2,2,2,116010,90710
2019,소아청소년과,D89,26,51,51,716960,507960
2019,소아청소년과,E00,8,21,21,408590,295190
2019,소아청소년과,E01,1,1,1,19580,13780
2019,소아청소년과,E02,29,63,63,1798590,1296890
2019,소아청소년과,E03,4385,12943,12942,275033400,200439880
2019,소아청소년과,E04,247,353,352,11814290,8476990
2019,소아청소년과,E05,813,2015,2014,60958130,43266760
2019,소아청소년과,E06,233,482,482,16299030,11465100
2019,소아청소년과,E07,698,1037,1037,39923850,28560050
2019,소아청소년과,E10,526,1503,1503,35323750,25885950
2019,소아청소년과,E11,11373,61673,61669,1084509780,851792140
2019,소아청소년과,E12,27,102,102,1791660,1297260
2019,소아청소년과,E13,869,4314,4314,75070800,57845790
2019,소아청소년과,E14,3987,17234,17236,303773400,235406870
2019,소아청소년과,E15,8,8,8,279100,219300
2019,소아청소년과,E16,908,1136,1144,23566190,18360600
2019,소아청소년과,E20,37,50,50,4616270,3252570
2019,소아청소년과,E21,11,12,12,321600,231200
2019,소아청소년과,E22,3050,21713,21658,2814999800,1983385750
2019,소아청소년과,E23,276,1978,1982,162298910,117186220
2019,소아청소년과,E24,8,83,83,1195260,841660
2019,소아청소년과,E25,20,40,40,2663520,2012720
2019,소아청소년과,E26,3,6,6,87260,63760
2019,소아청소년과,E27,36,75,75,1769100,1414800
2019,소아청소년과,E28,58,129,129,3652900,2875700
2019,소아청소년과,E29,35,85,85,1327730,974730
2019,소아청소년과,E30,19925,66116,65677,5087318140,3590700680
2019,소아청소년과,E32,3,3,3,54470,40070
2019,소아청소년과,E34,3762,6301,6282,172694830,125483010
2019,소아청소년과,E35,20,23,23,1174490,853590
2019,소아청소년과,E40,1,1,1,11800,9400
2019,소아청소년과,E41,44,62,62,895790,714790
2019,소아청소년과,E42,1,1,1,25980,18280
2019,소아청소년과,E44,14,16,16,253580,194580
2019,소아청소년과,E45,50,56,56,835460,680060
2019,소아청소년과,E46,25,30,30,526550,408050
2019,소아청소년과,E50,1066,1745,1745,25107430,18562230
2019,소아청소년과,E51,147,179,179,4761870,3710170
2019,소아청소년과,E53,186,430,430,6731770,4877170
2019,소아청소년과,E55,2876,4605,4604,98011040,71238240
2019,소아청소년과,E56,104,115,115,3706400,2837900
2019,소아청소년과,E58,271,476,476,6385590,4862390
2019,소아청소년과,E60,10,10,10,210260,164060
2019,소아청소년과,E61,340,438,438,9383480,7091880
2019,소아청소년과,E63,90,121,121,1820200,1387700
2019,소아청소년과,E64,19,20,20,419050,311250
2019,소아청소년과,E65,8,8,8,138230,106430
2019,소아청소년과,E66,1780,2768,2761,41482100,29591400
2019,소아청소년과,E67,101,106,105,1778870,1374970
2019,소아청소년과,E68,2,2,2,26900,18900
2019,소아청소년과,E70,4,10,10,148270,136870
2019,소아청소년과,E71,7,71,71,1035780,911380
2019,소아청소년과,E72,8,55,55,756110,685310
2019,소아청소년과,E73,1151,1731,1735,26943360,24690230
2019,소아청소년과,E74,10,16,16,274370,248270
2019,소아청소년과,E75,3,15,15,187030,161230
2019,소아청소년과,E76,6,15,15,217910,192910
2019,소아청소년과,E77,1,1,1,15690,14190
2019,소아청소년과,E78,15969,51422,51419,854898440,634428880
2019,소아청소년과,E79,69,135,135,2893080,2090430
2019,소아청소년과,E80,38,44,44,4372190,3347090
2019,소아청소년과,E83,157,249,249,4130520,3128020
2019,소아청소년과,E84,2,2,2,31380,21980
2019,소아청소년과,E85,1,4,4,49750,44950
2019,소아청소년과,E86,14833,20409,20601,500896000,384251380
2019,소아청소년과,E87,3057,4117,4304,124068050,95759650
2019,소아청소년과,E88,481,639,639,74113170,70265370
2019,소아청소년과,E89,116,316,316,4577910,3329010
2019,소아청소년과,E90,3,4,4,56000,43900
2019,소아청소년과,F00,245,947,947,15331260,12754760
2019,소아청소년과,F01,76,174,174,2604960,2174060
2019,소아청소년과,F02,30,108,108,1437900,1257400
2019,소아청소년과,F03,107,280,280,3992800,3422900
2019,소아청소년과,F04,5,6,6,94140,81940
2019,소아청소년과,F05,10,20,20,319530,277030
2019,소아청소년과,F06,2298,6181,6181,83978270,71012150
2019,소아청소년과,F07,256,332,331,5430930,4627050
2019,소아청소년과,F10,10,28,28,345400,247500
2019,소아청소년과,F11,2,2,2,37520,31820
2019,소아청소년과,F13,1,1,1,20490,16190
2019,소아청소년과,F15,1,1,1,17890,17090
2019,소아청소년과,F17,21,63,63,852660,607660
2019,소아청소년과,F18,2,3,3,46770,38670
2019,소아청소년과,F19,2,2,2,32290,24190
2019,소아청소년과,F20,13,55,55,608570,466270
2019,소아청소년과,F22,3,3,3,47510,43710
2019,소아청소년과,F28,1,1,1,15690,10990
2019,소아청소년과,F30,5,5,5,75400,56200
2019,소아청소년과,F31,37,104,104,1426810,1100310
2019,소아청소년과,F32,837,1983,1983,26192050,20576450
2019,소아청소년과,F33,126,437,437,5579250,4400750
2019,소아청소년과,F34,53,84,84,1226290,940790
2019,소아청소년과,F38,68,249,249,4245050,3313450
2019,소아청소년과,F39,14,19,19,283970,211270
2019,소아청소년과,F40,178,399,399,5340330,4245430
2019,소아청소년과,F41,3105,6867,6867,93443540,72481940
2019,소아청소년과,F42,23,39,39,510470,381670
2019,소아청소년과,F43,347,609,609,8512180,6528780
2019,소아청소년과,F44,4,4,4,62170,45970
2019,소아청소년과,F45,470,815,812,11541800,8743900
2019,소아청소년과,F48,555,1040,1040,15427800,11891000
2019,소아청소년과,F50,81,114,114,2070060,1601360
2019,소아청소년과,F51,8038,23280,23277,317934000,243893070
2019,소아청소년과,F52,35,68,68,499550,414050
2019,소아청소년과,F54,21,25,25,406190,329790
2019,소아청소년과,F55,2,2,2,35270,24770
2019,소아청소년과,F59,13,15,15,231590,162590
2019,소아청소년과,F60,8,11,11,137990,105890
2019,소아청소년과,F63,13,13,13,194750,151450
2019,소아청소년과,F64,1,1,1,15690,10990
2019,소아청소년과,F65,1,1,1,15690,10990
2019,소아청소년과,F66,111,177,177,2516170,1783270
2019,소아청소년과,F68,3,3,3,54850,38550
2019,소아청소년과,F69,1,1,1,11210,9710
2019,소아청소년과,F70,18,27,27,377300,297000
2019,소아청소년과,F72,1,1,1,11790,9390
2019,소아청소년과,F78,4,11,11,144830,101930
2019,소아청소년과,F79,15,16,16,228690,173290
2019,소아청소년과,F80,1962,2249,2241,35911580,28743080
2019,소아청소년과,F81,74,81,81,1207450,888250
2019,소아청소년과,F82,61,80,79,1219470,1011670
2019,소아청소년과,F83,12,14,14,240280,199980
2019,소아청소년과,F84,502,634,633,9407100,7471000
2019,소아청소년과,F88,33,43,42,689760,545260
2019,소아청소년과,F89,152,167,159,2792350,2299950
2019,소아청소년과,F90,509,968,967,13605380,9888680
2019,소아청소년과,F91,48,49,49,777500,606800
2019,소아청소년과,F92,61,179,179,2459350,1964750
2019,소아청소년과,F93,122,130,130,1995060,1526060
2019,소아청소년과,F94,21,23,23,322430,245630
2019,소아청소년과,F95,883,1049,1049,15849910,11751010
2019,소아청소년과,F98,1081,2382,2381,34262880,25867180
2019,소아청소년과,F99,1,1,1,15690,10990
2019,소아청소년과,G00,27,40,190,12698750,11171000
2019,소아청소년과,G02,38,48,48,665710,494610
2019,소아청소년과,G03,793,1076,1514,88284380,75395200
2019,소아청소년과,G04,6,6,6,94420,75120
2019,소아청소년과,G05,127,185,185,3266990,2380390
2019,소아청소년과,G10,1,1,1,15690,10990
2019,소아청소년과,G11,5,135,135,1580120,1180320
2019,소아청소년과,G12,19,109,109,1360110,1219410
2019,소아청소년과,G13,2,16,16,194620,177120
2019,소아청소년과,G20,48,179,179,2311230,2004230
2019,소아청소년과,G21,15,30,30,406050,359050
2019,소아청소년과,G22,4,6,6,88630,75330
2019,소아청소년과,G23,6,16,16,253570,208770
2019,소아청소년과,G24,271,337,337,5180350,4228250
2019,소아청소년과,G25,228,412,412,5740340,4437240
2019,소아청소년과,G30,41,115,115,1765270,1512370
2019,소아청소년과,G31,3807,10799,10798,146867640,122855840
2019,소아청소년과,G32,2,6,6,78080,68680
2019,소아청소년과,G35,2,5,5,76430,65930
2019,소아청소년과,G36,4,4,4,62160,52560
2019,소아청소년과,G37,1,2,2,26900,18900
2019,소아청소년과,G40,726,2351,2351,58590500,43465260
2019,소아청소년과,G41,31,93,93,1300280,1016680
2019,소아청소년과,G43,11686,20683,20705,310756290,223217610
2019,소아청소년과,G44,4409,6302,6300,95663370,69077370
2019,소아청소년과,G45,44,112,112,1582730,1332330
2019,소아청소년과,G46,13,34,34,422820,365120
2019,소아청소년과,G47,11587,30846,30846,415053350,318574510
2019,소아청소년과,G50,224,411,411,5517020,4303220
2019,소아청소년과,G51,238,305,304,4722180,3585980
2019,소아청소년과,G52,17,27,27,363120,281620
2019,소아청소년과,G53,664,1884,1884,28636170,23091070
2019,소아청소년과,G54,34,51,50,847550,728950
2019,소아청소년과,G55,9,21,21,250190,204090
2019,소아청소년과,G56,84,138,138,2221510,1678210
2019,소아청소년과,G57,37,62,62,1518580,1121180
2019,소아청소년과,G58,134,244,244,3946770,3067670
2019,소아청소년과,G59,10,33,33,388170,330870
2019,소아청소년과,G60,4,34,34,436950,311950
2019,소아청소년과,G61,21,27,27,369820,289620
2019,소아청소년과,G62,26,48,48,659190,549890
2019,소아청소년과,G63,69,183,183,2540200,2127800
2019,소아청소년과,G64,120,324,324,4275450,3417450
2019,소아청소년과,G70,23,53,53,1219360,981660
2019,소아청소년과,G71,58,139,139,1993080,1721880
2019,소아청소년과,G72,4,5,5,72760,55360
2019,소아청소년과,G73,4,8,8,105040,91740
2019,소아청소년과,G80,33,71,71,851750,666350
2019,소아청소년과,G81,16,28,28,482150,387950
2019,소아청소년과,G82,4,4,4,58280,44580
2019,소아청소년과,G83,199,246,246,3431640,2703740
2019,소아청소년과,G90,68,111,111,1489660,1189960
2019,소아청소년과,G91,100,138,138,2462350,2064750
2019,소아청소년과,G93,74,107,107,1536010,1204410
2019,소아청소년과,G94,1,1,1,18260,17360
2019,소아청소년과,G95,41,61,61,1389610,1305410
2019,소아청소년과,G96,14,21,21,307960,272660
2019,소아청소년과,G97,2,3,3,42590,29890
2019,소아청소년과,G98,14,27,27,381590,285490
2019,소아청소년과,G99,7,12,12,165080,130880
2019,소아청소년과,H00,38372,48981,48976,759423110,572819410
2019,소아청소년과,H01,13158,16192,16190,246415860,189774960
2019,소아청소년과,H02,413,498,498,8428670,6907570
2019,소아청소년과,H03,34,42,42,614700,462200
2019,소아청소년과,H04,9974,16885,16883,241259060,181708860
2019,소아청소년과,H05,431,533,549,10152790,8198860
2019,소아청소년과,H06,8,8,8,126160,98360
2019,소아청소년과,H10,245449,329662,329654,5061844170,3987330780
2019,소아청소년과,H11,3031,5345,5345,75900560,56289660
2019,소아청소년과,H13,702,842,842,12932120,10177020
2019,소아청소년과,H15,25,29,29,411930,318730
2019,소아청소년과,H16,5963,7844,7844,119945430,94065430
2019,소아청소년과,H17,12,18,18,265380,203880
2019,소아청소년과,H18,38,47,47,708430,542130
2019,소아청소년과,H19,693,922,922,13443930,10480030
2019,소아청소년과,H20,77,103,103,1513320,1134820
2019,소아청소년과,H21,6,6,6,88070,76770
2019,소아청소년과,H25,572,1332,1332,18672300,15934600
2019,소아청소년과,H26,174,277,277,3884070,3131470
2019,소아청소년과,H27,3,12,12,141570,123570
2019,소아청소년과,H28,12,21,21,290270,251870
2019,소아청소년과,H30,4,4,4,56830,46230
2019,소아청소년과,H31,1,1,1,15690,10990
2019,소아청소년과,H32,5,6,6,90060,69060
2019,소아청소년과,H33,9,14,14,203810,167110
2019,소아청소년과,H34,11,22,22,236990,196590
2019,소아청소년과,H35,66,94,94,1199940,1024740
2019,소아청소년과,H36,84,246,246,3100710,2585410
2019,소아청소년과,H40,409,976,976,12209920,10013520
2019,소아청소년과,H42,12,38,38,523530,421230
2019,소아청소년과,H43,4,5,5,77240,68040
2019,소아청소년과,H44,62,123,123,1719700,1369900
2019,소아청소년과,H45,2,2,2,30540,21440
2019,소아청소년과,H46,1,2,2,24870,17570
2019,소아청소년과,H47,8,8,8,101150,76350
2019,소아청소년과,H48,2,2,2,56970,45070
2019,소아청소년과,H49,9,9,9,162890,134190
2019,소아청소년과,H50,735,850,842,13297830,11209830
2019,소아청소년과,H51,3,3,3,47570,43570
2019,소아청소년과,H52,8134,8904,8904,210276870,169831470
2019,소아청소년과,H53,331,382,381,7978160,6555160
2019,소아청소년과,H54,69,90,90,1432000,1120900
2019,소아청소년과,H55,21,25,25,413900,371900
2019,소아청소년과,H57,103,129,129,1978920,1525920
2019,소아청소년과,H58,5,5,5,114820,89520
2019,소아청소년과,H59,8,13,13,201450,171050
2019,소아청소년과,H60,46749,71963,71973,1127271390,870130000
2019,소아청소년과,H61,13497,17149,17149,428999890,345969990
2019,소아청소년과,H62,1098,1786,1785,28443490,22223090
2019,소아청소년과,H65,108582,321303,321549,4562245190,3661855490
2019,소아청소년과,H66,628623,2658421,2663216,37973502190,30675813620
2019,소아청소년과,H67,8230,25673,25673,367851180,292974320
2019,소아청소년과,H68,943,1771,1771,26835850,19766550
2019,소아청소년과,H69,495,620,620,10460630,7589430
2019,소아청소년과,H70,95,143,143,2025010,1489910
2019,소아청소년과,H71,145,193,190,2718770,2184070
2019,소아청소년과,H72,320,694,694,10486250,8156750
2019,소아청소년과,H73,801,2097,2097,29370070,23340370
2019,소아청소년과,H74,15,27,27,455890,333890
2019,소아청소년과,H75,2,2,2,31370,23170
2019,소아청소년과,H80,1,2,2,33200,23300
2019,소아청소년과,H81,7647,18531,18532,279120270,210191120
2019,소아청소년과,H82,97,139,139,2115250,1594350
2019,소아청소년과,H83,93,122,122,1808380,1327480
2019,소아청소년과,H90,356,440,440,12062330,8837330
2019,소아청소년과,H91,517,609,609,13311690,10083590
2019,소아청소년과,H92,5550,6225,6225,97233480,74623180
2019,소아청소년과,H93,2282,3189,3189,48557250,37469850
2019,소아청소년과,H94,10,13,13,186900,151800
2019,소아청소년과,I00,16,27,27,359840,277440
2019,소아청소년과,I01,2,2,2,25940,20640
2019,소아청소년과,I02,3,3,3,47970,36570
2019,소아청소년과,I05,12,30,30,467740,343840
2019,소아청소년과,I06,3,4,4,40560,31760
2019,소아청소년과,I07,2,2,2,32370,31570
2019,소아청소년과,I08,5,9,9,125900,98300
2019,소아청소년과,I09,5,26,26,484590,347290
2019,소아청소년과,I10,80427,452932,452901,6757594370,5334819790
2019,소아청소년과,I11,1508,7653,7653,107756500,83832000
2019,소아청소년과,I12,19,75,75,1151780,879780
2019,소아청소년과,I13,102,473,473,6687580,5184680
2019,소아청소년과,I15,1260,5857,5856,80921860,63283660
2019,소아청소년과,I20,754,1848,1848,25111400,20480020
2019,소아청소년과,I21,66,120,120,1735240,1351740
2019,소아청소년과,I22,6,10,10,130020,102220
2019,소아청소년과,I23,5,17,17,241450,180250
2019,소아청소년과,I24,21,48,48,637800,503400
2019,소아청소년과,I25,76,267,267,3926610,3237110
2019,소아청소년과,I26,4,4,4,62170,50070
2019,소아청소년과,I27,7,28,28,365590,316590
2019,소아청소년과,I28,1,1,1,11790,9390
2019,소아청소년과,I30,2,3,3,42330,34330
2019,소아청소년과,I31,3,8,8,96140,77340
2019,소아청소년과,I33,2,2,2,26900,18900
2019,소아청소년과,I34,30,40,40,813380,647280
2019,소아청소년과,I35,9,16,16,346880,277880
2019,소아청소년과,I36,2,2,2,31380,21980
2019,소아청소년과,I37,1,2,2,140430,111030
2019,소아청소년과,I38,6,6,6,87640,71140
2019,소아청소년과,I39,5,5,5,72960,51160
2019,소아청소년과,I40,3,3,3,46480,37680
2019,소아청소년과,I42,11,15,15,238690,207090
2019,소아청소년과,I43,2,2,2,31390,21990
2019,소아청소년과,I44,8,9,9,173810,137910
2019,소아청소년과,I45,16,20,20,311570,239170
2019,소아청소년과,I47,288,411,411,6187830,4635030
2019,소아청소년과,I48,109,264,264,4035320,3222820
2019,소아청소년과,I49,977,1510,1503,23664560,18063040
2019,소아청소년과,I50,123,347,347,4991090,4095590
2019,소아청소년과,I51,127,169,168,3030940,2425640
2019,소아청소년과,I52,1,1,1,12610,12010
2019,소아청소년과,I60,7,9,9,136920,104220
2019,소아청소년과,I61,12,23,23,287150,231050
2019,소아청소년과,I62,4,4,4,176200,163700
2019,소아청소년과,I63,249,776,776,10743120,8911520
2019,소아청소년과,I64,14,54,54,876660,759260
2019,소아청소년과,I65,35,94,94,1256440,1041740
2019,소아청소년과,I66,6,21,21,299180,230580
2019,소아청소년과,I67,193,495,496,6703570,5640870
2019,소아청소년과,I68,17,44,44,589920,474520
2019,소아청소년과,I69,86,320,320,4076350,3441650
2019,소아청소년과,I70,100,230,230,3140580,2462780
2019,소아청소년과,I71,9,10,10,176670,135470
2019,소아청소년과,I72,5,16,16,190770,139470
2019,소아청소년과,I73,2485,5240,5240,75187800,59367600
2019,소아청소년과,I74,36,76,76,1015490,781490
2019,소아청소년과,I77,4,8,8,114610,97610
2019,소아청소년과,I78,63,84,84,1489080,1250980
2019,소아청소년과,I79,22,46,46,627410,468510
2019,소아청소년과,I80,83,170,170,2588090,1972190
2019,소아청소년과,I81,2,4,4,64620,45420
2019,소아청소년과,I82,24,52,52,710270,553470
2019,소아청소년과,I83,478,971,969,13549700,10184300
2019,소아청소년과,I86,43,84,84,1145730,874930
2019,소아청소년과,I87,661,1432,1432,20176780,15062980
2019,소아청소년과,I88,2522,3647,3770,101809120,78562720
2019,소아청소년과,I89,246,427,427,5782190,4363390
2019,소아청소년과,I95,561,649,650,11385990,8258260
2019,소아청소년과,I97,9,20,20,268510,197910
2019,소아청소년과,I98,8,16,16,202200,166000
2019,소아청소년과,I99,50,99,99,1305180,1029680
2019,소아청소년과,J00,694901,1889507,1889598,27691895460,22305994630
2019,소아청소년과,J01,660023,2124585,2125571,29946272070,23438778610
2019,소아청소년과,J02,930401,2285333,2289324,34435900700,26812029300
2019,소아청소년과,J03,892369,1924018,1940444,31291755520,24100886110
2019,소아청소년과,J04,170196,358979,360229,5561836700,4296921780
2019,소아청소년과,J05,34691,64087,65832,1282372680,1053125190
2019,소아청소년과,J06,740832,1900316,1900957,27952623600,22105292760
2019,소아청소년과,J09,19749,33262,33390,484179020,359976480
2019,소아청소년과,J10,161372,283780,302639,7484758310,6130326950
2019,소아청소년과,J11,274989,489563,495467,7956922390,6040345180
2019,소아청소년과,J12,4835,10723,13034,520578060,456211160
2019,소아청소년과,J13,304,357,1669,195244670,178092840
2019,소아청소년과,J14,20,31,58,5189180,4716510
2019,소아청소년과,J15,58917,151280,163110,3953671830,3266322810
2019,소아청소년과,J16,6778,15974,15980,340585430,266809840
2019,소아청소년과,J17,762,1682,1687,28007780,22072190
2019,소아청소년과,J18,261132,741884,815786,24165507780,20342799590
2019,소아청소년과,J20,3630078,17265906,17284211,254716625340,197726010030
2019,소아청소년과,J21,277188,1118008,1124008,18413947910,15187263270
2019,소아청소년과,J22,125620,415370,415363,6062847850,4710880650
2019,소아청소년과,J30,1421553,4241851,4242423,62442020910,47917169070
2019,소아청소년과,J31,57001,148625,148625,2120944910,1639667010
2019,소아청소년과,J32,187724,584247,584420,8243533520,6347818580
2019,소아청소년과,J33,85,136,136,2297430,1609870
2019,소아청소년과,J34,6216,16019,16017,222073530,171807030
2019,소아청소년과,J35,19164,41289,41282,604667920,453652180
2019,소아청소년과,J36,102114,248446,250052,3941667260,3003499060
2019,소아청소년과,J37,2569,5571,5571,81359360,60779260
2019,소아청소년과,J38,400,553,552,11917180,9061680
2019,소아청소년과,J39,52383,130087,130336,1933722840,1500091900
2019,소아청소년과,J40,149643,410195,410233,6041187160,4602893630
2019,소아청소년과,J41,21557,48506,48510,743997740,563953600
2019,소아청소년과,J42,17491,38126,38126,567742520,431087730
2019,소아청소년과,J43,18,42,42,630840,524340
2019,소아청소년과,J44,1012,2706,2706,49129830,37880730
2019,소아청소년과,J45,272175,853627,855785,14580549560,11339981010
2019,소아청소년과,J46,3330,8896,8933,171248610,137089380
2019,소아청소년과,J47,130,307,307,4498180,3625480
2019,소아청소년과,J60,3,3,3,46440,37140
2019,소아청소년과,J61,1,1,1,15690,14190
2019,소아청소년과,J65,1,1,1,23360,16360
2019,소아청소년과,J66,2,3,3,41060,36560
2019,소아청소년과,J68,11,15,15,210260,165260
2019,소아청소년과,J69,21,31,34,888180,780390
2019,소아청소년과,J70,45,202,202,2541240,2036140
2019,소아청소년과,J80,8,11,11,182960,139960
2019,소아청소년과,J81,2,2,2,35270,24770
2019,소아청소년과,J84,27,73,73,1142950,979950
2019,소아청소년과,J85,1,3,3,33630,23730
2019,소아청소년과,J90,17,40,40,1373650,1017950
2019,소아청소년과,J92,1,1,1,11210,7910
2019,소아청소년과,J93,59,77,77,1437530,1050230
2019,소아청소년과,J94,4,6,6,122680,93080
2019,소아청소년과,J96,12,15,15,272430,200230
2019,소아청소년과,J98,141,296,308,6051590,5024760
2019,소아청소년과,J99,2,2,2,29960,26560
2019,소아청소년과,K00,187,204,204,3221200,2852500
2019,소아청소년과,K01,4,4,4,69510,50210
2019,소아청소년과,K02,110,121,121,1926240,1539540
2019,소아청소년과,K03,16,18,18,256480,205380
2019,소아청소년과,K04,285,420,420,6293680,4760680
2019,소아청소년과,K05,4494,7148,7148,105498590,81053790
2019,소아청소년과,K06,99,123,123,1947880,1659180
2019,소아청소년과,K07,324,388,387,5988860,4393960
2019,소아청소년과,K08,124,143,143,2275760,1715160
2019,소아청소년과,K09,461,509,509,8324380,7228380
2019,소아청소년과,K10,30,35,35,553460,414060
2019,소아청소년과,K11,7238,10809,10826,168591750,125071460
2019,소아청소년과,K12,64674,93780,94364,1488537480,1170125300
2019,소아청소년과,K13,2519,3047,3047,45944180,35830780
2019,소아청소년과,K14,4110,4736,4735,73826050,58112150
2019,소아청소년과,K20,297,562,562,7799620,5806120
2019,소아청소년과,K21,62657,105657,105700,1554856100,1158986250
2019,소아청소년과,K22,347,512,512,7447090,5521590
2019,소아청소년과,K23,19,32,32,457060,334460
2019,소아청소년과,K25,14724,25094,25136,371812850,274805940
2019,소아청소년과,K26,1978,3320,3320,49824820,37020620
2019,소아청소년과,K27,8943,16284,16283,237975790,176000700
2019,소아청소년과,K28,1060,1826,1826,27883570,21217570
2019,소아청소년과,K29,239371,363510,363731,5599160370,4120200110
2019,소아청소년과,K30,71922,101790,101789,1547616310,1172616130
2019,소아청소년과,K31,5763,7918,7919,125361190,94099610
2019,소아청소년과,K35,1672,1794,1808,31514300,23054180
2019,소아청소년과,K36,117,123,123,3256990,2318590
2019,소아청소년과,K37,930,1114,1111,41710400,30190800
2019,소아청소년과,K38,160,167,167,2740250,1992650
2019,소아청소년과,K40,1265,1447,1445,26412030,22432340
2019,소아청소년과,K41,41,45,44,1202390,1054190
2019,소아청소년과,K42,676,763,765,13752370,12820780
2019,소아청소년과,K43,35,49,48,872480,717580
2019,소아청소년과,K44,3,9,9,124940,106440
2019,소아청소년과,K45,15,15,15,240950,203050
2019,소아청소년과,K46,133,165,158,2629810,2279810
2019,소아청소년과,K50,53,196,196,2829160,2347960
2019,소아청소년과,K51,70,138,137,2553250,2110450
2019,소아청소년과,K52,102427,154275,154297,2339456670,1799168330
2019,소아청소년과,K55,4,5,5,83410,66810
2019,소아청소년과,K56,2361,2944,2953,68652760,54659780
2019,소아청소년과,K57,37,52,74,3392890,2896290
2019,소아청소년과,K58,23864,34404,34403,520435890,390866530
2019,소아청소년과,K59,168206,272970,273009,4235792830,3336601190
2019,소아청소년과,K60,781,882,878,13736870,11476570
2019,소아청소년과,K61,470,822,825,13335760,11864120
2019,소아청소년과,K62,335,416,422,7464280,6138050
2019,소아청소년과,K63,1003,1427,1427,27978760,21150760
2019,소아청소년과,K64,1064,1673,1673,23477260,18082160
2019,소아청소년과,K65,13,17,17,243280,180380
2019,소아청소년과,K66,2,2,2,25690,22390
2019,소아청소년과,K70,306,550,550,11988550,8749450
2019,소아청소년과,K71,408,629,629,24287350,17264750
2019,소아청소년과,K72,21,44,44,1424910,1005710
2019,소아청소년과,K73,561,1613,1613,27904670,20763470
2019,소아청소년과,K74,74,139,139,3151780,2340580
2019,소아청소년과,K75,1519,3070,3085,69824520,50647010
2019,소아청소년과,K76,2766,4322,4322,119315010,85603270
2019,소아청소년과,K77,46,67,67,2056980,1490380
2019,소아청소년과,K80,365,879,879,13502770,10011080
2019,소아청소년과,K81,100,150,150,2470030,1782140
2019,소아청소년과,K82,31,48,48,1627450,1190250
2019,소아청소년과,K83,46,74,74,1606290,1214190
2019,소아청소년과,K85,48,71,79,3455680,2525660
2019,소아청소년과,K86,29,54,54,1016060,759260
2019,소아청소년과,K87,20,33,33,421620,303520
2019,소아청소년과,K90,45,56,56,1087440,964340
2019,소아청소년과,K91,15,39,39,636170,506170
2019,소아청소년과,K92,3301,4367,4370,69941400,53558200
2019,소아청소년과,K93,1239,1907,1907,30346520,22680720
2019,소아청소년과,L00,99,195,276,11707500,10208570
2019,소아청소년과,L01,134003,202026,202110,3175772650,2482008970
2019,소아청소년과,L02,47361,74469,74480,1222202300,934204360
2019,소아청소년과,L03,67731,100536,100613,1663246120,1276356150
2019,소아청소년과,L04,46679,74702,75152,1165569820,871117830
2019,소아청소년과,L05,266,380,380,6375160,5051260
2019,소아청소년과,L08,44341,60990,60992,1034826330,801182920
2019,소아청소년과,L10,33,39,39,540170,420070
2019,소아청소년과,L11,151,157,157,2440950,1899650
2019,소아청소년과,L12,29,75,75,2779630,2089410
2019,소아청소년과,L13,869,1403,1403,19770340,15387740
2019,소아청소년과,L14,12,15,15,256830,188630
2019,소아청소년과,L20,192205,315163,315206,5888782460,4739585520
2019,소아청소년과,L21,19746,26312,26316,421097400,354348370
2019,소아청소년과,L22,9480,10701,10701,168099220,146058320
2019,소아청소년과,L23,181359,250199,250207,3942743360,3127182100
2019,소아청소년과,L24,38055,48429,48427,758904130,608175350
2019,소아청소년과,L25,37018,46877,46875,736966210,589890310
2019,소아청소년과,L26,123,131,131,1969600,1508900
2019,소아청소년과,L27,445,603,603,25397420,20429120
2019,소아청소년과,L28,18627,27557,27564,442807400,352745340
2019,소아청소년과,L29,29333,47204,47202,726108150,563053250
2019,소아청소년과,L30,121538,163258,163296,2581676540,2062191590
2019,소아청소년과,L40,1559,2789,2788,41719320,31862120
2019,소아청소년과,L41,46,64,64,926690,712790
2019,소아청소년과,L42,447,616,616,9295680,6840980
2019,소아청소년과,L43,71,97,97,1556060,1226460
2019,소아청소년과,L44,366,450,450,6780150,5378950
2019,소아청소년과,L50,329435,494515,494693,8415755550,6512479410
2019,소아청소년과,L51,509,759,778,15178920,12325060
2019,소아청소년과,L52,13,27,27,379630,285430
2019,소아청소년과,L53,682,787,787,12721460,10657060
2019,소아청소년과,L54,71,95,95,1450400,1245400
2019,소아청소년과,L55,257,298,298,5256230,3939530
2019,소아청소년과,L56,65,105,105,1555190,1201790
2019,소아청소년과,L57,83,102,102,1598660,1231660
2019,소아청소년과,L58,8,8,8,134370,103170
2019,소아청소년과,L59,23,32,32,473780,369480
2019,소아청소년과,L60,1575,2029,2029,41673080,31646680
2019,소아청소년과,L62,22,22,22,365860,277960
2019,소아청소년과,L63,544,965,965,14549770,10527270
2019,소아청소년과,L64,157,294,294,4261820,3016320
2019,소아청소년과,L65,382,595,595,11313280,8178580
2019,소아청소년과,L66,261,439,439,6609920,4842620
2019,소아청소년과,L67,14,16,16,225120,175420
2019,소아청소년과,L68,3,3,3,11790,9390
2019,소아청소년과,L70,2452,3965,3964,57454560,41865080
2019,소아청소년과,L71,271,421,421,6311670,4911870
2019,소아청소년과,L72,598,859,858,26929360,19558050
2019,소아청소년과,L73,588,900,900,13460030,9897830
2019,소아청소년과,L74,6570,7187,7187,113210160,96935170
2019,소아청소년과,L75,68,70,70,1044930,856530
2019,소아청소년과,L80,180,206,206,3161590,2535590
2019,소아청소년과,L81,636,711,710,9524560,7465460
2019,소아청소년과,L82,57,66,66,1108160,891860
2019,소아청소년과,L83,12,14,14,281530,197630
2019,소아청소년과,L84,2187,2941,2940,86662420,62269500
2019,소아청소년과,L85,13886,21196,21196,337607420,273779460
2019,소아청소년과,L86,32,38,38,559460,441960
2019,소아청소년과,L87,16,17,17,275420,217820
2019,소아청소년과,L89,66,163,163,3069410,2380210
2019,소아청소년과,L90,137,146,146,2197320,1676620
2019,소아청소년과,L91,205,256,256,5033880,3705080
2019,소아청소년과,L92,1051,1743,1743,43373180,38961750
2019,소아청소년과,L93,10,10,10,385270,269970
2019,소아청소년과,L94,10,13,13,226330,203930
2019,소아청소년과,L95,27,46,46,809920,620120
2019,소아청소년과,L97,2,7,7,143630,125030
2019,소아청소년과,L98,2131,4443,4443,91120260,84542900
2019,소아청소년과,L99,11,13,13,193280,155180
2019,소아청소년과,M00,122,230,230,3031170,2323170
2019,소아청소년과,M01,146,195,195,3333340,2404340
2019,소아청소년과,M02,268,417,417,6343020,4865520
2019,소아청소년과,M03,8,11,11,173150,133450
2019,소아청소년과,M05,119,322,322,4660050,3804850
2019,소아청소년과,M06,888,1884,1884,28958950,22332450
2019,소아청소년과,M07,47,104,104,2283850,1846350
2019,소아청소년과,M08,27,44,44,636450,496150
2019,소아청소년과,M09,3,3,3,51870,37970
2019,소아청소년과,M10,2115,5617,5617,86095850,63571550
2019,소아청소년과,M11,22,46,46,652960,522260
2019,소아청소년과,M12,673,1121,1121,16914220,12766020
2019,소아청소년과,M13,12696,27459,27456,424807800,327496300
2019,소아청소년과,M14,20,57,57,779900,608300
2019,소아청소년과,M15,3766,8267,8267,119649230,93246430
2019,소아청소년과,M16,279,537,537,8242320,6728620
2019,소아청소년과,M17,3118,9841,9841,165137530,132249430
2019,소아청소년과,M18,7,9,9,97990,68790
2019,소아청소년과,M19,2847,6131,6130,90325720,70455020
2019,소아청소년과,M20,82,96,96,1494330,1238630
2019,소아청소년과,M21,536,661,659,10487460,8321360
2019,소아청소년과,M22,36,68,67,1002260,815660
2019,소아청소년과,M23,64,122,122,1912850,1425150
2019,소아청소년과,M24,998,1992,1991,34640560,27363370
2019,소아청소년과,M25,13908,24061,24060,399427650,294219350
2019,소아청소년과,M30,998,1284,1383,39440060,34485490
2019,소아청소년과,M31,9,13,13,176570,140470
2019,소아청소년과,M32,31,84,84,1157690,977290
2019,소아청소년과,M33,1161,1977,1975,28600940,22039140
2019,소아청소년과,M34,3,6,6,156210,124810
2019,소아청소년과,M35,146,463,463,7037330,5716430
2019,소아청소년과,M36,5,10,9,154570,123670
2019,소아청소년과,M40,10,20,20,255210,217410
2019,소아청소년과,M41,404,652,651,15375940,11079840
2019,소아청소년과,M42,24,40,40,505730,434730
2019,소아청소년과,M43,793,973,971,15631060,14340460
2019,소아청소년과,M45,1223,3130,3132,48853950,40327950
2019,소아청소년과,M46,58,117,117,1750340,1288540
2019,소아청소년과,M47,583,1908,1908,27850080,21722180
2019,소아청소년과,M48,1014,4461,4470,70723020,60514930
2019,소아청소년과,M49,21,42,42,358640,273140
2019,소아청소년과,M50,840,1984,1984,31329640,23579640
2019,소아청소년과,M51,254,1120,1120,15716720,12724420
2019,소아청소년과,M53,1327,2155,2154,37172960,31207160
2019,소아청소년과,M54,20741,47113,47112,756005390,578797360
2019,소아청소년과,M60,2473,3701,3700,71603380,54197680
2019,소아청소년과,M61,16,25,25,528710,424110
2019,소아청소년과,M62,3858,5583,5583,86011890,63738290
2019,소아청소년과,M63,4,5,5,52340,44940
2019,소아청소년과,M65,877,1346,1346,21853150,16668830
2019,소아청소년과,M66,4,11,11,157710,112610
2019,소아청소년과,M67,712,920,919,14182190,10524690
2019,소아청소년과,M68,1,1,1,15690,10990
2019,소아청소년과,M70,378,539,538,8980850,6792850
2019,소아청소년과,M71,44,72,72,1542030,1130130
2019,소아청소년과,M72,726,1245,1245,19991900,14936400
2019,소아청소년과,M73,9,13,13,179540,129340
2019,소아청소년과,M75,1593,4143,4143,68432790,52153890
2019,소아청소년과,M76,62,111,111,2079100,1487500
2019,소아청소년과,M77,983,2341,2341,38138720,28473920
2019,소아청소년과,M79,62978,109765,109767,1902331370,1428357130
2019,소아청소년과,M80,87,230,230,4046620,3140020
2019,소아청소년과,M81,1440,4176,4176,82355360,63001160
2019,소아청소년과,M82,29,103,103,1334590,1094090
2019,소아청소년과,M83,39,86,86,1200110,987010
2019,소아청소년과,M84,28,35,35,620670,480870
2019,소아청소년과,M85,25,48,47,696130,583430
2019,소아청소년과,M86,10,33,33,573080,491880
2019,소아청소년과,M87,2,2,2,31380,21980
2019,소아청소년과,M89,837,1421,1420,26610710,20293110
2019,소아청소년과,M90,3,5,5,70830,59630
2019,소아청소년과,M91,32,36,36,563010,444210
2019,소아청소년과,M92,18,20,20,292120,225620
2019,소아청소년과,M93,5,10,10,130430,102830
2019,소아청소년과,M94,152,182,182,3037230,2230830
2019,소아청소년과,M95,76,84,83,1380900,1183800
2019,소아청소년과,M96,9,14,14,157750,125550
2019,소아청소년과,M99,71,109,109,1599230,1324430
2019,소아청소년과,N00,254,452,559,22692020,19116900
2019,소아청소년과,N01,10,18,18,267000,212400
2019,소아청소년과,N02,633,805,803,14678160,10618660
2019,소아청소년과,N03,13,24,24,340820,257220
2019,소아청소년과,N04,88,116,116,2518940,1854540
2019,소아청소년과,N05,56,76,76,1762660,1286060
2019,소아청소년과,N06,209,290,289,5042290,3612290
2019,소아청소년과,N07,2,2,2,22420,15820
2019,소아청소년과,N08,14,37,37,495750,393550
2019,소아청소년과,N10,1526,2527,3327,147471110,128759530
2019,소아청소년과,N11,37,77,77,1423490,1082090
2019,소아청소년과,N12,333,555,644,20640320,17188920
2019,소아청소년과,N13,227,379,379,8350420,7432820
2019,소아청소년과,N15,27,45,45,725860,531660
2019,소아청소년과,N17,15,57,57,817630,600030
2019,소아청소년과,N18,53,208,208,3180440,2607440
2019,소아청소년과,N19,30,128,128,1878550,1532750
2019,소아청소년과,N20,91,114,114,2155510,1603120
2019,소아청소년과,N21,101,121,119,2652890,1920790
2019,소아청소년과,N22,4,4,4,58270,45970
2019,소아청소년과,N23,6,6,6,95070,71470
2019,소아청소년과,N25,2,2,2,26900,18900
2019,소아청소년과,N26,1,1,1,15690,14190
2019,소아청소년과,N27,28,31,31,572060,447260
2019,소아청소년과,N28,67,96,145,8518510,7539680
2019,소아청소년과,N29,19,20,20,348480,302280
2019,소아청소년과,N30,30429,50826,51252,929714660,710827590
2019,소아청소년과,N31,2224,3906,3905,55722270,43621470
2019,소아청소년과,N32,375,576,576,9170660,7277560
2019,소아청소년과,N33,12,13,13,220030,168530
2019,소아청소년과,N34,5004,7000,7004,114781390,87107770
2019,소아청소년과,N35,9,9,9,145560,119560
2019,소아청소년과,N36,15,18,18,255720,206020
2019,소아청소년과,N37,374,567,567,9074720,6873320
2019,소아청소년과,N39,47825,74723,75636,1506423270,1197248950
2019,소아청소년과,N40,3882,12415,12415,162575420,132881320
2019,소아청소년과,N41,138,330,329,4626660,3642060
2019,소아청소년과,N42,80,169,169,2225670,1820770
2019,소아청소년과,N43,467,532,531,9556540,8571120
2019,소아청소년과,N44,54,57,57,909590,690290
2019,소아청소년과,N45,238,305,305,4690960,3470360
2019,소아청소년과,N47,272,481,481,17010450,13210150
2019,소아청소년과,N48,18274,22778,22780,356812580,279530330
2019,소아청소년과,N49,43,47,47,716850,562550
2019,소아청소년과,N50,56,107,105,1491450,1156950
2019,소아청소년과,N51,286,369,369,5424470,4231570
2019,소아청소년과,N60,51,59,59,891500,648200
2019,소아청소년과,N61,459,659,659,10302450,7269350
2019,소아청소년과,N62,476,541,541,10131160,7426060
2019,소아청소년과,N63,133,150,150,2353890,1788890
2019,소아청소년과,N64,570,636,635,10841840,7983740
2019,소아청소년과,N70,40,75,75,3643550,2553650
2019,소아청소년과,N71,185,395,395,17898440,12554040
2019,소아청소년과,N72,77,144,144,4769040,3357740
2019,소아청소년과,N73,71,106,106,1949280,1398880
2019,소아청소년과,N74,66,233,233,8766810,6148210
2019,소아청소년과,N75,8,34,34,1405080,984780
2019,소아청소년과,N76,5475,7892,7891,145462430,108833830
2019,소아청소년과,N77,186,277,277,3918690,2930090
2019,소아청소년과,N80,25,94,94,1627850,1182950
2019,소아청소년과,N81,9,11,11,189930,151430
2019,소아청소년과,N82,2,4,4,94910,73510
2019,소아청소년과,N83,22,29,29,926550,660650
2019,소아청소년과,N84,18,25,25,1270920,900020
2019,소아청소년과,N85,15,46,46,1480340,1061640
2019,소아청소년과,N86,3,3,3,170970,119770
2019,소아청소년과,N87,80,229,229,19967490,13997990
2019,소아청소년과,N88,5,26,26,318150,223350
2019,소아청소년과,N89,53,59,59,889630,741930
2019,소아청소년과,N90,162,189,189,2926110,2416510
2019,소아청소년과,N91,349,593,593,24774640,17439340
2019,소아청소년과,N92,205,313,313,10945750,7709450
2019,소아청소년과,N93,437,901,900,54410940,38174740
2019,소아청소년과,N94,18151,30553,30552,454278750,320298050
2019,소아청소년과,N95,2277,8054,8054,115516390,84440690
2019,소아청소년과,N96,10,146,146,1853070,1351670
2019,소아청소년과,N97,337,1921,1921,25871200,18183900
2019,소아청소년과,N98,4,47,47,683900,480700
2019,소아청소년과,O00,2,5,5,77780,58680
2019,소아청소년과,O02,2,5,5,457840,403740
2019,소아청소년과,O03,2,2,2,39160,27560
2019,소아청소년과,O04,1,1,1,0,0
2019,소아청소년과,O05,1,3,3,418650,369950
2019,소아청소년과,O08,6,16,16,205650,144750
2019,소아청소년과,O13,3,4,4,62170,49770
2019,소아청소년과,O14,2,2,2,31380,21980
2019,소아청소년과,O16,2,2,2,32110,22510
2019,소아청소년과,O20,5,10,10,166530,124130
2019,소아청소년과,O21,10,18,18,267490,191190
2019,소아청소년과,O24,14,27,27,510900,405300
2019,소아청소년과,O26,18,49,49,690250,536250
2019,소아청소년과,O28,2,2,2,103210,72310
2019,소아청소년과,O30,1,3,3,12270,8670
2019,소아청소년과,O34,1,1,1,25560,17960
2019,소아청소년과,O73,1,1,1,15690,10990
2019,소아청소년과,O75,1,4,4,51780,36380
2019,소아청소년과,O80,1,2,2,29350,20650
2019,소아청소년과,O85,1,1,1,19570,13770
2019,소아청소년과,O88,1,1,1,15690,10990
2019,소아청소년과,O91,314,415,415,6324250,4440650
2019,소아청소년과,O92,475,529,529,8338400,5849000
2019,소아청소년과,O99,3,9,9,182680,139180
2019,소아청소년과,P00,3,5,5,85230,81330
2019,소아청소년과,P02,2,3,3,67610,64510
2019,소아청소년과,P03,84,141,141,2422370,2310370
2019,소아청소년과,P05,111,355,354,52827370,37738870
2019,소아청소년과,P07,339,2077,2076,30152690,27580390
2019,소아청소년과,P08,3,3,3,61450,58650
2019,소아청소년과,P11,1,1,1,14480,14480
2019,소아청소년과,P12,169,188,188,3469870,3303970
2019,소아청소년과,P13,186,234,234,5898660,5613760
2019,소아청소년과,P14,1,1,1,16600,13200
2019,소아청소년과,P15,37,40,40,2708250,2575350
2019,소아청소년과,P21,1,1,1,12610,12010
2019,소아청소년과,P22,271,1409,1417,21975790,20002850
2019,소아청소년과,P23,8,21,21,360420,277520
2019,소아청소년과,P24,21,24,24,433570,410470
2019,소아청소년과,P27,5,19,19,341820,304320
2019,소아청소년과,P28,319,489,489,7858910,7466410
2019,소아청소년과,P29,3,3,3,57560,54960
2019,소아청소년과,P35,1,1,1,42250,33450
2019,소아청소년과,P36,102,110,119,2666200,2544790
2019,소아청소년과,P37,16,27,27,419030,381430
2019,소아청소년과,P38,5415,11471,11468,242728140,230545040
2019,소아청소년과,P39,1171,1376,1376,24727250,23561850
2019,소아청소년과,P51,74,100,100,2214410,2108210
2019,소아청소년과,P52,4,4,4,70180,66980
2019,소아청소년과,P54,60,66,64,1230600,1176500
2019,소아청소년과,P57,13,13,27,2650100,2612440
2019,소아청소년과,P58,34,48,48,1040880,992680
2019,소아청소년과,P59,9945,27508,27800,639892750,609797680
2019,소아청소년과,P61,30,31,31,515120,485220
2019,소아청소년과,P70,3,3,3,54850,46650
2019,소아청소년과,P71,3,3,3,53670,51270
2019,소아청소년과,P72,60,80,77,3299440,3097640
2019,소아청소년과,P74,15,15,15,806730,761230
2019,소아청소년과,P76,8,8,8,145390,138690
2019,소아청소년과,P78,379,548,547,8882470,8438470
2019,소아청소년과,P80,1,1,1,19580,13780
2019,소아청소년과,P81,79,88,88,1587930,1517730
2019,소아청소년과,P83,2615,4184,4182,91847310,87179530
2019,소아청소년과,P90,28,34,33,677550,648150
2019,소아청소년과,P91,156,224,224,4103600,3905700
2019,소아청소년과,P92,2658,3152,3148,58021810,55175710
2019,소아청소년과,P94,11,11,11,192620,183820
2019,소아청소년과,P96,76,84,84,1604260,1507970
2019,소아청소년과,Q01,1,1,1,17890,17090
2019,소아청소년과,Q02,58,71,66,1125590,1034290
2019,소아청소년과,Q03,126,178,178,3023380,2887480
2019,소아청소년과,Q04,11,27,27,364540,331440
2019,소아청소년과,Q05,81,94,94,1621030,1528230
2019,소아청소년과,Q06,57,59,59,1192800,1131600
2019,소아청소년과,Q07,12,16,16,238170,216470
2019,소아청소년과,Q10,159,217,216,3544950,3298150
2019,소아청소년과,Q11,2,2,2,28660,20160
2019,소아청소년과,Q12,3,3,3,59260,52560
2019,소아청소년과,Q13,3,3,3,41470,37170
2019,소아청소년과,Q15,4,5,5,82550,72750
2019,소아청소년과,Q16,12,14,14,241030,210830
2019,소아청소년과,Q17,477,566,565,10757210,10051510
2019,소아청소년과,Q18,159,218,218,3362320,2758520
2019,소아청소년과,Q20,18,44,44,706740,604440
2019,소아청소년과,Q21,1341,2067,2066,40994970,37655170
2019,소아청소년과,Q22,36,45,45,922930,769130
2019,소아청소년과,Q23,23,82,82,1312330,1150930
2019,소아청소년과,Q24,128,152,152,2610740,2333940
2019,소아청소년과,Q25,645,1022,1022,19031010,17984010
2019,소아청소년과,Q26,5,5,5,71730,65530
2019,소아청소년과,Q27,18,19,19,280900,246500
2019,소아청소년과,Q28,15,20,20,317210,295710
2019,소아청소년과,Q30,13,13,13,422050,331250
2019,소아청소년과,Q31,149,194,193,3659640,3483440
2019,소아청소년과,Q32,37,48,48,753560,715860
2019,소아청소년과,Q33,7,7,7,143480,135980
2019,소아청소년과,Q35,65,135,135,2094580,1939680
2019,소아청소년과,Q36,28,31,31,539850,492950
2019,소아청소년과,Q37,7,12,12,280750,265550
2019,소아청소년과,Q38,16139,22063,22059,1033700810,964565390
2019,소아청소년과,Q39,4,5,5,71830,65730
2019,소아청소년과,Q40,132,160,159,11567310,10995610
2019,소아청소년과,Q41,5,6,6,88050,77750
2019,소아청소년과,Q42,10,28,28,507890,478490
2019,소아청소년과,Q43,35,43,43,724670,619660
2019,소아청소년과,Q44,14,50,49,678290,615990
2019,소아청소년과,Q45,1,1,1,23060,21960
2019,소아청소년과,Q50,2,2,2,31380,21980
2019,소아청소년과,Q52,219,290,290,4252610,3729210
2019,소아청소년과,Q53,546,623,622,9674640,8431820
2019,소아청소년과,Q54,61,78,78,1250570,1096670
2019,소아청소년과,Q55,181,217,216,3133350,2627550
2019,소아청소년과,Q56,2,2,2,35780,34180
2019,소아청소년과,Q60,6,8,8,119560,108360
2019,소아청소년과,Q61,26,33,31,921410,739610
2019,소아청소년과,Q62,42,50,49,2748430,2562030
2019,소아청소년과,Q63,8,10,10,156060,137560
2019,소아청소년과,Q64,6,6,6,92710,83010
2019,소아청소년과,Q65,797,925,896,14712650,13900750
2019,소아청소년과,Q66,296,320,320,5064340,4385440
2019,소아청소년과,Q67,2064,2403,2397,42801370,39627070
2019,소아청소년과,Q68,762,921,910,16187990,15188890
2019,소아청소년과,Q69,28,34,33,520450,484650
2019,소아청소년과,Q70,50,57,57,944850,863450
2019,소아청소년과,Q71,2,2,2,34490,30290
2019,소아청소년과,Q72,3,3,3,45700,38200
2019,소아청소년과,Q74,173,204,204,3043950,2479350
2019,소아청소년과,Q75,427,535,522,8479550,7909250
2019,소아청소년과,Q76,455,492,486,8777680,8245380
2019,소아청소년과,Q77,21,62,62,850580,734880
2019,소아청소년과,Q78,8,15,15,223120,185020
2019,소아청소년과,Q79,107,121,121,2024290,1866690
2019,소아청소년과,Q80,9,12,12,200110,162610
2019,소아청소년과,Q81,6,10,12,574280,515710
2019,소아청소년과,Q82,390,442,436,7725450,6948850
2019,소아청소년과,Q83,19,19,19,301460,247660
2019,소아청소년과,Q84,32,43,43,1073310,859110
2019,소아청소년과,Q85,187,297,297,4257830,3594330
2019,소아청소년과,Q87,45,153,153,2324970,2085570
2019,소아청소년과,Q89,41,49,48,733640,599340
2019,소아청소년과,Q90,115,634,634,9269060,8291560
2019,소아청소년과,Q91,2,10,10,137330,124130
2019,소아청소년과,Q93,21,122,122,1647390,1497890
2019,소아청소년과,Q96,7,8,8,127810,105410
2019,소아청소년과,Q98,4,33,33,438390,390190
2019,소아청소년과,Q99,14,43,43,648450,576250
2019,소아청소년과,R00,1224,1549,1548,25215670,18872770
2019,소아청소년과,R01,2938,3517,3464,67358730,60333730
2019,소아청소년과,R03,323,389,389,6228400,4645500
2019,소아청소년과,R04,5848,6733,6737,123134010,94296560
2019,소아청소년과,R05,4502,8974,8974,130778930,103862230
2019,소아청소년과,R06,4567,9585,9585,154802210,124295010
2019,소아청소년과,R07,6726,8385,8384,140946960,103281670
2019,소아청소년과,R09,11545,23657,23657,347759400,271627200
2019,소아청소년과,R10,95515,131114,131139,2191252370,1637702180
2019,소아청소년과,R11,162276,216996,217173,3397823260,2596150040
2019,소아청소년과,R12,3966,6041,6041,90257480,65734340
2019,소아청소년과,R13,58,72,72,1159150,942870
2019,소아청소년과,R14,882,1035,1035,17204760,12807160
2019,소아청소년과,R15,44,56,56,896590,684090
2019,소아청소년과,R16,22,30,30,1377170,1100670
2019,소아청소년과,R17,481,576,576,11912430,10421030
2019,소아청소년과,R18,5,13,13,174480,144980
2019,소아청소년과,R19,1308,1743,1742,27095750,22548550
2019,소아청소년과,R20,86,93,93,1419250,1080850
2019,소아청소년과,R21,21734,26469,26469,405575610,334099300
2019,소아청소년과,R22,1139,1330,1325,21409650,17249960
2019,소아청소년과,R23,1672,1886,1882,34162810,27531110
2019,소아청소년과,R25,833,1025,1023,16142850,12818150
2019,소아청소년과,R26,667,779,771,12255730,9922630
2019,소아청소년과,R27,12,12,12,191950,154150
2019,소아청소년과,R29,1013,1500,1500,23140380,17277260
2019,소아청소년과,R30,563,744,744,13604590,10560990
2019,소아청소년과,R31,3167,4068,4067,75775010,55838700
2019,소아청소년과,R32,797,1429,1428,21499040,16930740
2019,소아청소년과,R33,61,70,70,1132820,900820
2019,소아청소년과,R34,38,43,43,750190,626790
2019,소아청소년과,R35,2790,4268,4264,66278380,50272380
2019,소아청소년과,R36,34,36,36,595450,506750
2019,소아청소년과,R39,895,1111,1115,21309290,16730560
2019,소아청소년과,R40,23,24,24,436400,338800
2019,소아청소년과,R41,277,628,628,8805130,7316730
2019,소아청소년과,R42,12861,16415,16417,298924400,221527480
2019,소아청소년과,R43,46,58,57,1046970,788070
2019,소아청소년과,R44,51,68,68,2130410,1591710
2019,소아청소년과,R45,936,1206,1203,19786790,16592290
2019,소아청소년과,R46,92,104,104,2302400,1770500
2019,소아청소년과,R47,1105,1475,1473,22750650,18010750
2019,소아청소년과,R48,11,11,11,174730,127230
2019,소아청소년과,R49,941,1058,1058,23491520,16581590
2019,소아청소년과,R50,103513,175697,176653,3058893230,2439504790
2019,소아청소년과,R51,35950,46512,46511,704262410,510030680
2019,소아청소년과,R52,9962,17422,17512,288212510,218648790
2019,소아청소년과,R53,900,1144,1144,18097930,13050230
2019,소아청소년과,R54,29,48,48,721780,643580
2019,소아청소년과,R55,607,668,668,12090960,8755780
2019,소아청소년과,R56,1842,2423,2575,72123040,60620160
2019,소아청소년과,R57,25,44,44,606970,465770
2019,소아청소년과,R58,35,41,41,614550,494850
2019,소아청소년과,R59,843,1045,1047,16083170,12418360
2019,소아청소년과,R60,1683,3008,3008,49839330,37396730
2019,소아청소년과,R61,146,177,177,2892090,2173590
2019,소아청소년과,R62,4738,12109,12074,247704750,192578110
2019,소아청소년과,R63,2631,3366,3397,64747990,52683750
2019,소아청소년과,R64,20,30,30,374210,324110
2019,소아청소년과,R68,121827,143051,142941,2421001790,1723600720
2019,소아청소년과,R69,59,60,60,949470,782270
2019,소아청소년과,R71,3,3,3,59440,48140
2019,소아청소년과,R72,45,55,55,1922510,1455300
2019,소아청소년과,R73,1491,1973,1973,37830720,29219920
2019,소아청소년과,R74,79,106,128,5343630,4164920
2019,소아청소년과,R76,178,313,312,7417470,5140620
2019,소아청소년과,R77,1,1,1,11210,7910
2019,소아청소년과,R78,251,369,369,5364160,4469860
2019,소아청소년과,R79,35,50,50,1459080,1076680
2019,소아청소년과,R80,1129,1503,1500,26742140,19199340
2019,소아청소년과,R81,237,496,496,8378220,6363120
2019,소아청소년과,R82,726,872,869,15986540,12391740
2019,소아청소년과,R84,5,5,5,93000,79800
2019,소아청소년과,R86,2,12,12,151740,106840
2019,소아청소년과,R87,53,101,101,9254310,6484810
2019,소아청소년과,R89,9,9,9,162510,125710
2019,소아청소년과,R90,1,1,1,15690,10990
2019,소아청소년과,R91,17,22,22,547490,428190
2019,소아청소년과,R92,2,2,2,31380,21980
2019,소아청소년과,R93,11,12,12,181960,166960
2019,소아청소년과,R94,863,1197,1201,45299500,33446900
2019,소아청소년과,S00,28111,34393,34389,615897260,493119710
2019,소아청소년과,S01,10176,14553,14558,276990430,216500430
2019,소아청소년과,S02,170,190,191,3536770,2902520
2019,소아청소년과,S03,198,254,254,4032950,3096850
2019,소아청소년과,S04,6,6,6,67570,52770
2019,소아청소년과,S05,144,157,157,2572010,2062810
2019,소아청소년과,S06,1248,1357,1356,24132820,20596420
2019,소아청소년과,S07,204,284,284,5979490,4611390
2019,소아청소년과,S08,16,41,41,581350,456550
2019,소아청소년과,S09,837,1030,1030,19014640,15645440
2019,소아청소년과,S10,410,441,441,7889530,6120430
2019,소아청소년과,S11,200,306,306,6045410,4655910
2019,소아청소년과,S12,1,1,1,15690,10990
2019,소아청소년과,S13,1578,2819,2819,42207000,31962200
2019,소아청소년과,S14,7,16,16,372770,327970
2019,소아청소년과,S15,4,4,4,98990,76690
2019,소아청소년과,S16,45,59,59,881720,627220
2019,소아청소년과,S17,2,4,4,63080,48080
2019,소아청소년과,S19,51,66,66,2676880,2122980
2019,소아청소년과,S20,487,671,671,12093530,9347370
2019,소아청소년과,S21,96,156,156,3137610,2416910
2019,소아청소년과,S22,54,84,89,2095610,1597760
2019,소아청소년과,S23,717,1075,1075,17097870,13096970
2019,소아청소년과,S24,1,1,1,15690,10990
2019,소아청소년과,S26,1,1,1,16600,13200
2019,소아청소년과,S27,8,12,12,217430,171830
2019,소아청소년과,S29,15,16,16,278500,216700
2019,소아청소년과,S30,1161,1554,1553,27988880,21849880
2019,소아청소년과,S31,462,687,687,13148970,10299570
2019,소아청소년과,S32,10,11,11,177630,132730
2019,소아청소년과,S33,3627,8789,8789,127183970,100401900
2019,소아청소년과,S34,4,6,6,83970,71570
2019,소아청소년과,S35,4,4,4,49090,34490
2019,소아청소년과,S36,5,10,10,194230,142630
2019,소아청소년과,S37,13,15,15,229120,183420
2019,소아청소년과,S38,4,5,5,89770,66470
2019,소아청소년과,S39,11,16,16,328150,266850
2019,소아청소년과,S40,493,688,688,12103260,9238290
2019,소아청소년과,S41,213,405,405,7984070,5997470
2019,소아청소년과,S42,135,182,182,3556550,3106950
2019,소아청소년과,S43,1742,3344,3344,52572210,40364490
2019,소아청소년과,S45,3,5,5,82200,59300
2019,소아청소년과,S46,74,128,128,3473750,2577100
2019,소아청소년과,S47,6,6,6,109720,77120
2019,소아청소년과,S49,23,45,45,877570,649470
2019,소아청소년과,S50,2115,2858,2858,54725580,41266680
2019,소아청소년과,S51,1028,1767,1767,36074660,27022360
2019,소아청소년과,S52,37,59,75,2459200,2009930
2019,소아청소년과,S53,1809,2247,2247,106561520,85405420
2019,소아청소년과,S55,11,18,18,327120,260420
2019,소아청소년과,S56,10,14,14,284040,227040
2019,소아청소년과,S57,15,29,29,607410,441010
2019,소아청소년과,S59,23,29,29,552110,406410
2019,소아청소년과,S60,9346,12258,12256,258092010,197074650
2019,소아청소년과,S61,8400,14007,14005,288387720,217680200
2019,소아청소년과,S62,124,143,143,3291860,2457960
2019,소아청소년과,S63,1159,1637,1636,29949980,22062410
2019,소아청소년과,S64,1,1,1,11790,9390
2019,소아청소년과,S65,208,270,270,5441910,4053610
2019,소아청소년과,S66,103,141,141,2623910,1995710
2019,소아청소년과,S67,141,199,199,3901690,2939790
2019,소아청소년과,S69,278,401,401,8508020,6378520
2019,소아청소년과,S70,814,974,974,18634250,14113510
2019,소아청소년과,S71,177,374,392,9006100,6936680
2019,소아청소년과,S72,10,12,12,243910,204910
2019,소아청소년과,S73,357,508,494,8189120,7064320
2019,소아청소년과,S75,4,5,5,112740,85940
2019,소아청소년과,S76,20,25,25,408070,311670
2019,소아청소년과,S77,2,2,2,43660,30660
2019,소아청소년과,S79,8,8,8,142850,105350
2019,소아청소년과,S80,5992,8996,8996,173269710,128599690
2019,소아청소년과,S81,3377,6230,6230,126830590,92686470
2019,소아청소년과,S82,28,40,40,825790,624390
2019,소아청소년과,S83,1268,2261,2261,36842700,27593280
2019,소아청소년과,S85,10,11,11,230220,179420
2019,소아청소년과,S86,26,43,43,791170,585670
2019,소아청소년과,S87,107,199,199,3716200,2672700
2019,소아청소년과,S88,1,1,1,19580,13780
2019,소아청소년과,S89,120,191,191,3650610,2720710
2019,소아청소년과,S90,5003,6684,6683,133706230,102228120
2019,소아청소년과,S91,2998,4922,4921,99062620,74685000
2019,소아청소년과,S92,63,79,79,1968850,1425550
2019,소아청소년과,S93,1536,2162,2161,37204790,27610790
2019,소아청소년과,S94,2,2,2,27810,22910
2019,소아청소년과,S95,31,36,36,712510,551710
2019,소아청소년과,S96,51,73,73,1391570,1001570
2019,소아청소년과,S97,76,168,168,3269570,2437070
2019,소아청소년과,S99,141,248,248,4991030,3689830
2019,소아청소년과,T00,4147,5792,5796,105670190,82869740
2019,소아청소년과,T01,1606,2409,2409,46115360,35542260
2019,소아청소년과,T02,2,2,2,38610,30610
2019,소아청소년과,T03,137,175,175,2763310,2069310
2019,소아청소년과,T04,6,9,9,165620,123920
2019,소아청소년과,T05,1,1,1,38280,26880
2019,소아청소년과,T06,7,11,11,249740,199540
2019,소아청소년과,T07,6,6,6,103530,90830
2019,소아청소년과,T08,1,1,1,11210,9710
2019,소아청소년과,T09,265,416,416,7848490,6062090
2019,소아청소년과,T10,5,14,14,194190,149090
2019,소아청소년과,T11,138,177,177,3738160,2811460
2019,소아청소년과,T12,5,8,8,256120,185620
2019,소아청소년과,T13,502,870,870,16746120,12506280
2019,소아청소년과,T14,31609,43634,43633,827097940,645180120
2019,소아청소년과,T15,134,141,141,4013400,2938900
2019,소아청소년과,T16,6933,7992,7996,226692810,176851760
2019,소아청소년과,T17,4588,4876,4876,126638420,97274960
2019,소아청소년과,T18,776,864,862,17741310,14476750
2019,소아청소년과,T19,7,8,8,396410,284610
2019,소아청소년과,T20,650,1098,1098,36685400,27575340
2019,소아청소년과,T21,755,1556,1556,50331340,37714420
2019,소아청소년과,T22,1324,3242,3242,108111930,79242870
2019,소아청소년과,T23,7911,16052,16053,577662850,441051500
2019,소아청소년과,T24,1331,3544,3544,119979930,89034820
2019,소아청소년과,T25,1029,2623,2622,96566100,72635620
2019,소아청소년과,T26,23,36,36,927340,704040
2019,소아청소년과,T27,2,2,2,31380,25180
2019,소아청소년과,T28,19,25,25,366710,278210
2019,소아청소년과,T29,334,660,660,23838940,18090040
2019,소아청소년과,T30,4202,7844,7842,294885020,225049500
2019,소아청소년과,T31,211,443,443,14029070,10705270
2019,소아청소년과,T32,3,5,5,185620,145020
2019,소아청소년과,T33,86,99,99,1926570,1444570
2019,소아청소년과,T35,7,7,7,111620,85120
2019,소아청소년과,T36,2,2,2,26910,18910
2019,소아청소년과,T37,2,2,2,30500,29100
2019,소아청소년과,T39,3,3,3,48890,37390
2019,소아청소년과,T45,4,4,4,106350,83650
2019,소아청소년과,T46,1,1,1,16600,13200
2019,소아청소년과,T47,3,3,3,44080,33580
2019,소아청소년과,T48,4,4,4,70910,54710
2019,소아청소년과,T49,19,19,19,270700,224900
2019,소아청소년과,T50,5,5,5,85070,64370
2019,소아청소년과,T51,1,1,1,16600,13200
2019,소아청소년과,T52,1,2,2,30160,23960
2019,소아청소년과,T53,2,3,3,40180,31980
2019,소아청소년과,T54,1,1,1,14240,11340
2019,소아청소년과,T55,2,2,2,37380,32980
2019,소아청소년과,T56,4,4,4,127770,95470
2019,소아청소년과,T59,1,2,2,30170,25470
2019,소아청소년과,T60,2,4,4,62040,47940
2019,소아청소년과,T62,6,6,6,97240,78640
2019,소아청소년과,T63,2176,2629,2629,41080440,32029930
2019,소아청소년과,T65,40,63,63,986920,781520
2019,소아청소년과,T67,844,1335,1338,22789290,16773910
2019,소아청소년과,T68,53,62,62,979070,802070
2019,소아청소년과,T69,15,16,16,248980,181180
2019,소아청소년과,T70,20,21,21,300050,213950
2019,소아청소년과,T73,44,49,49,755490,571990
2019,소아청소년과,T74,2,2,2,32290,24190
2019,소아청소년과,T75,168,207,207,3164280,2337680
2019,소아청소년과,T78,5154,7971,7970,219098840,172217180
2019,소아청소년과,T79,3168,4438,4438,87347080,67695930
2019,소아청소년과,T80,7,7,7,116880,86780
2019,소아청소년과,T81,100,167,167,2636700,2048260
2019,소아청소년과,T82,2,10,10,116160,89460
2019,소아청소년과,T85,1,1,1,15690,14190
2019,소아청소년과,T88,226,280,280,4613600,3930300
2019,소아청소년과,T90,16,16,16,252760,208060
2019,소아청소년과,T91,11,13,13,223340,178940
2019,소아청소년과,T92,7,7,7,138790,111490
2019,소아청소년과,T93,24,33,33,554990,402190
2019,소아청소년과,T95,23,29,29,810340,606040
2019,소아청소년과,T96,2,3,3,50260,48660
2019,소아청소년과,T98,10,11,11,356970,263970
2019,소아청소년과,U84,1,1,1,20490,16190
2019,소아청소년과,Z00,7053,8305,8303,125373890,102271270
2019,소아청소년과,Z01,178,201,200,4581850,3621450
2019,소아청소년과,Z02,78,88,88,856550,647350
2019,소아청소년과,Z03,1471,1729,1730,26864190,22003970
2019,소아청소년과,Z04,778,929,929,14397510,11612210
2019,소아청소년과,Z09,4,4,4,60740,42540
2019,소아청소년과,Z10,65,105,105,1363950,1065250
2019,소아청소년과,Z11,5,5,5,75990,54590
2019,소아청소년과,Z13,148,153,153,5828900,5412700
2019,소아청소년과,Z20,180,215,213,4867810,3613410
2019,소아청소년과,Z22,2,2,2,71810,50310
2019,소아청소년과,Z23,108,113,113,3888650,2797750
2019,소아청소년과,Z24,165,233,233,2714210,2210710
2019,소아청소년과,Z25,472,602,602,8917230,7084730
2019,소아청소년과,Z26,7364,10780,10780,167317790,137178890
2019,소아청소년과,Z27,2044,5001,5001,74203380,60450580
2019,소아청소년과,Z28,40,42,42,215700,174700
2019,소아청소년과,Z29,656,732,732,11103120,8912120
2019,소아청소년과,Z30,79,98,98,1922490,1350590
2019,소아청소년과,Z31,22,81,81,937640,664340
2019,소아청소년과,Z32,4,4,4,65010,47610
2019,소아청소년과,Z33,2,2,2,27270,19170
2019,소아청소년과,Z34,70,183,183,17748410,15826310
2019,소아청소년과,Z35,25,103,103,1399140,985140
2019,소아청소년과,Z36,2,9,9,111680,78680
2019,소아청소년과,Z37,2,2,2,145970,133870
2019,소아청소년과,Z38,17,17,17,1611510,1528010
2019,소아청소년과,Z39,13,13,13,211680,174180
2019,소아청소년과,Z42,1,1,1,22740,18040
2019,소아청소년과,Z43,1,2,2,39180,33180
2019,소아청소년과,Z48,826,1098,1098,23616950,18633750
2019,소아청소년과,Z50,10,12,12,168150,135850
2019,소아청소년과,Z52,3,7,7,109530,76830
2019,소아청소년과,Z54,3,7,7,127440,106640
2019,소아청소년과,Z55,3,4,4,62760,43960
2019,소아청소년과,Z56,14,17,17,276270,201570
2019,소아청소년과,Z57,1,1,1,16470,11570
2019,소아청소년과,Z58,2,2,2,43030,30130
2019,소아청소년과,Z60,1,1,1,16600,13200
2019,소아청소년과,Z61,1,1,1,16600,13200
2019,소아청소년과,Z62,2,2,2,28390,22590
2019,소아청소년과,Z64,2,2,2,39160,27560
2019,소아청소년과,Z65,1,1,1,15690,10990
2019,소아청소년과,Z70,17,20,20,311810,223310
2019,소아청소년과,Z71,3254,3984,3983,72386330,57273930
2019,소아청소년과,Z72,13,17,17,267330,225230
2019,소아청소년과,Z73,16,21,21,333980,236980
2019,소아청소년과,Z75,1,1,1,11210,7910
2019,소아청소년과,Z76,112,268,268,4205530,3431030
2019,소아청소년과,Z80,1,1,1,15690,10990
2019,소아청소년과,Z82,10,19,19,244600,199700
2019,소아청소년과,Z83,31,33,33,608120,475420
2019,소아청소년과,Z84,1,3,3,33630,23730
2019,소아청소년과,Z86,2,2,2,36180,26980
2019,소아청소년과,Z87,1,1,1,17890,17090
2019,소아청소년과,Z88,8,9,9,136640,99940
2019,소아청소년과,Z89,1,1,1,11790,9390
2019,소아청소년과,Z91,7,13,13,166670,137870
2019,소아청소년과,Z92,6,16,16,195670,142970
2019,소아청소년과,Z93,3,7,7,73910,61910
2019,소아청소년과,Z94,6,18,18,273830,235330
2019,소아청소년과,Z95,13,62,62,1136310,914910
2019,소아청소년과,Z96,2,2,2,32280,26880
2019,소아청소년과,Z98,87,162,169,3805340,2911670
2019,안과,A00,3,4,4,202460,141860
2019,안과,A03,1,1,1,18470,12970
2019,안과,A04,10,21,21,402200,282400
2019,안과,A05,1,1,1,0,0
2019,안과,A06,2,2,2,52080,36480
2019,안과,A08,59,136,136,2645150,2043950
2019,안과,A09,345,482,482,7842670,5852570
2019,안과,A15,7,9,9,1678390,1474890
2019,안과,A16,7,14,14,1627870,1466570
2019,안과,A17,2,4,4,614870,614870
2019,안과,A18,2,6,6,340880,238980
2019,안과,A26,3,4,4,117730,82630
2019,안과,A31,1,3,3,47730,43030
2019,안과,A48,1,5,5,124430,87330
2019,안과,A49,5,6,6,135550,97350
2019,안과,A56,1,2,2,30790,21690
2019,안과,A59,3,11,11,139640,98240
2019,안과,A60,2,3,3,33630,23730
2019,안과,A69,5,7,7,141370,99670
2019,안과,A74,14,31,31,696510,529410
2019,안과,A83,1,2,2,77690,54490
2019,안과,B00,30510,59357,59347,1458826380,1068252450
2019,안과,B01,2,2,2,41930,29430
2019,안과,B02,3626,8392,8391,187588200,138379100
2019,안과,B07,136,173,173,8315730,5919430
2019,안과,B08,124,139,139,5485750,3876150
2019,안과,B15,11,26,26,753910,529610
2019,안과,B18,68,153,153,3785390,2716890
2019,안과,B19,3,3,3,131320,92120
2019,안과,B25,19,101,101,6104720,4410750
2019,안과,B26,1,1,1,18530,14730
2019,안과,B30,225325,441108,441090,8479251090,6239230760
2019,안과,B35,476,1091,1091,14340290,10834890
2019,안과,B36,17,30,30,503020,366320
2019,안과,B37,12,35,35,577610,423310
2019,안과,B39,1,2,2,29540,26540
2019,안과,B40,1,1,1,18470,12970
2019,안과,B43,5,9,9,248900,204200
2019,안과,B48,1,1,1,0,0
2019,안과,B58,17,53,53,6996180,5107970
2019,안과,B60,4,4,4,80670,56770
2019,안과,B66,1,1,1,11210,9710
2019,안과,B76,2,5,5,141760,99460
2019,안과,B83,9,34,34,4246510,3212130
2019,안과,B85,5,6,6,147240,106540
2019,안과,B86,1,1,1,5610,4010
2019,안과,B88,20,40,40,3163170,2433770
2019,안과,B89,2,4,4,247740,176240
2019,안과,B94,1,1,1,162370,113670
2019,안과,C00,2,2,2,205130,194930
2019,안과,C02,1,1,1,73920,70320
2019,안과,C04,1,5,5,147100,140000
2019,안과,C07,4,10,10,308040,292240
2019,안과,C08,2,4,4,93770,89170
2019,안과,C09,1,3,3,78780,74880
2019,안과,C11,4,29,29,844190,799690
2019,안과,C12,1,2,2,249470,178470
2019,안과,C14,1,1,1,13990,13390
2019,안과,C15,1,1,1,67880,64580
2019,안과,C16,30,88,88,5755190,5460090
2019,안과,C17,3,5,5,312600,297300
2019,안과,C18,20,47,47,3069670,2919370
2019,안과,C19,2,5,5,318380,293480
2019,안과,C20,4,7,7,492860,430260
2019,안과,C22,21,50,50,4374140,4153940
2019,안과,C23,3,3,3,593980,564380
2019,안과,C24,3,9,9,560610,533710
2019,안과,C25,6,26,26,1415370,1339370
2019,안과,C26,1,6,6,277420,263720
2019,안과,C30,1,3,3,68720,65420
2019,안과,C31,4,14,13,618020,583720
2019,안과,C32,3,5,5,485750,461750
2019,안과,C34,31,57,56,6481110,6145010
2019,안과,C37,1,6,6,109870,104770
2019,안과,C39,1,1,1,40160,38160
2019,안과,C41,4,8,8,475450,381350
2019,안과,C43,6,13,13,500920,469320
2019,안과,C44,58,162,161,12995940,10606740
2019,안과,C46,1,22,22,1156220,1099420
2019,안과,C47,1,1,1,24140,22940
2019,안과,C49,13,41,41,1598660,1503760
2019,안과,C50,50,124,124,7036120,6658320
2019,안과,C53,7,29,29,2157490,2050890
2019,안과,C54,5,13,13,935670,889570
2019,안과,C56,5,8,8,400140,380640
2019,안과,C57,1,4,4,199830,190030
2019,안과,C61,28,65,65,3250110,3069010
2019,안과,C64,12,28,28,2124420,1857920
2019,안과,C67,11,20,20,1594270,1515770
2019,안과,C69,90,273,271,14754150,12699960
2019,안과,C70,1,5,5,385080,366180
2019,안과,C71,5,13,13,985170,948770
2019,안과,C72,7,11,11,724670,531670
2019,안과,C73,55,181,180,11694520,10951720
2019,안과,C74,3,7,7,247800,227200
2019,안과,C75,3,11,11,662740,629340
2019,안과,C76,2,4,4,159960,151260
2019,안과,C79,2,18,18,2337790,2221690
2019,안과,C80,1,1,1,68460,47960
2019,안과,C81,2,67,67,1205030,1149630
2019,안과,C83,8,24,24,1083300,1020000
2019,안과,C84,1,16,16,436520,415720
2019,안과,C85,9,21,21,805160,748560
2019,안과,C88,10,54,54,1564820,1485820
2019,안과,C90,7,27,27,2552660,2426060
2019,안과,C91,7,9,9,687470,630370
2019,안과,C92,14,74,74,3416510,3229210
2019,안과,C95,1,7,7,124670,118870
2019,안과,C96,1,1,1,177250,168450
2019,안과,D00,5,13,13,752250,715450
2019,안과,D01,9,12,12,674710,641710
2019,안과,D02,4,26,26,1450650,1379250
2019,안과,D03,4,6,6,744270,525170
2019,안과,D04,26,38,38,3853050,2951750
2019,안과,D05,19,75,75,4993230,4724730
2019,안과,D06,7,10,10,658150,625850
2019,안과,D07,5,31,31,2687000,2553800
2019,안과,D09,6,7,7,206970,185470
2019,안과,D10,64,124,124,7279540,5190840
2019,안과,D11,2,3,3,38110,26810
2019,안과,D12,16,17,17,9633010,6813410
2019,안과,D13,5,5,5,958620,671220
2019,안과,D14,12,15,15,883730,622730
2019,안과,D16,7,10,10,714420,515820
2019,안과,D17,122,181,181,15041550,10595650
2019,안과,D18,43,62,61,4366650,3127550
2019,안과,D21,1688,2641,2629,220045510,156943890
2019,안과,D22,122,166,164,10065060,7134360
2019,안과,D23,6472,10571,10558,949513960,676444400
2019,안과,D24,2,2,2,25690,24190
2019,안과,D30,1,1,1,288800,202200
2019,안과,D31,9758,17270,17235,1504082140,1069033870
2019,안과,D32,38,77,74,12633260,11923060
2019,안과,D33,27,119,118,4995100,4638400
2019,안과,D34,4,17,17,922400,865700
2019,안과,D35,75,141,141,19442040,16723150
2019,안과,D36,7,15,15,880680,650880
2019,안과,D37,2,12,12,728080,726580
2019,안과,D38,4,29,29,2035450,1922050
2019,안과,D39,2,10,10,659720,627120
2019,안과,D41,1,1,1,124060,117860
2019,안과,D42,3,7,7,1350200,1283100
2019,안과,D43,8,18,18,1260320,1195120
2019,안과,D44,4,9,9,1274020,1175020
2019,안과,D46,6,10,10,1014780,964580
2019,안과,D47,3,11,11,1416500,1345300
2019,안과,D48,95,139,137,6184290,4714090
2019,안과,D50,23,30,30,1135330,791330
2019,안과,D51,1,1,1,128100,89700
2019,안과,D60,1,3,3,54540,49340
2019,안과,D61,2,2,2,258450,225750
2019,안과,D64,5,7,7,250100,175300
2019,안과,D66,2,6,6,416040,374640
2019,안과,D68,19,21,21,946610,667410
2019,안과,D69,8,13,12,1463260,1299360
2019,안과,D72,2,3,3,64830,45530
2019,안과,D75,1,1,1,0,0
2019,안과,D81,1,1,1,153500,138200
2019,안과,D86,14,32,32,1856580,1578980
2019,안과,E00,1,2,2,46580,32680
2019,안과,E01,4,4,4,708220,496020
2019,안과,E03,80,162,162,6482860,4565260
2019,안과,E04,13,16,15,401810,286310
2019,안과,E05,71,145,144,6412930,4555530
2019,안과,E06,27,41,41,2088900,1484300
2019,안과,E07,12,14,13,381110,274110
2019,안과,E10,2263,5371,5371,498251560,369500470
2019,안과,E11,2896,6900,6898,642560850,459772690
2019,안과,E12,4,24,24,2018150,1573250
2019,안과,E13,1539,3567,3566,231087610,167985040
2019,안과,E14,1537,3464,3463,395101600,283022710
2019,안과,E21,2,2,2,44660,35260
2019,안과,E22,7,22,22,1948600,1754600
2019,안과,E23,4,4,4,80180,58380
2019,안과,E24,3,27,27,675230,609430
2019,안과,E27,3,3,3,111890,91790
2019,안과,E28,1,3,3,42590,29890
2019,안과,E34,1,1,1,16600,13200
2019,안과,E35,2,2,2,46300,32500
2019,안과,E41,1,1,1,13670,12170
2019,안과,E50,7970,12419,12419,311874340,228618080
2019,안과,E53,2,2,2,156240,112140
2019,안과,E55,26,28,28,954050,660790
2019,안과,E56,1,4,4,114150,80050
2019,안과,E58,1,1,1,15690,10990
2019,안과,E61,87,115,115,2358910,1775510
2019,안과,E63,1,1,1,11210,7910
2019,안과,E64,1,1,1,13660,9660
2019,안과,E66,39,74,74,1030830,725230
2019,안과,E67,12,14,14,592020,418020
2019,안과,E70,11,13,13,590760,454560
2019,안과,E75,2,12,12,172820,121220
2019,안과,E76,2,2,2,41590,34190
2019,안과,E78,303,864,862,15059800,10840170
2019,안과,E79,2,2,2,174820,122420
2019,안과,E80,1,3,3,381820,267420
2019,안과,E83,3,9,9,1026280,923780
2019,안과,E85,3,4,4,196450,150450
2019,안과,E86,11,11,11,353760,256260
2019,안과,E87,28,68,68,1910610,1448810
2019,안과,E88,3,4,4,289480,202880
2019,안과,E89,6,17,17,129100,98800
2019,안과,E90,1,1,1,15690,10990
2019,안과,F00,30,160,160,1154820,871820
2019,안과,F01,3,3,3,32510,28010
2019,안과,F02,1,1,1,22050,17650
2019,안과,F03,13,19,19,267870,220270
2019,안과,F05,1,1,1,15940,14440
2019,안과,F06,141,312,311,8960420,6770920
2019,안과,F07,1,1,1,22360,17960
2019,안과,F10,1,1,1,11210,9710
2019,안과,F13,1,2,2,11220,8020
2019,안과,F20,3,5,5,284080,247080
2019,안과,F25,1,2,2,304440,274140
2019,안과,F32,41,174,174,6343390,4592490
2019,안과,F33,8,16,16,159170,120370
2019,안과,F34,6,9,9,358890,260490
2019,안과,F40,11,15,15,259650,199150
2019,안과,F41,63,101,101,2175750,1629550
2019,안과,F43,12,24,24,496320,364020
2019,안과,F45,15,28,28,272920,201320
2019,안과,F48,4,5,5,152770,112470
2019,안과,F51,170,347,347,6997400,5668200
2019,안과,F52,4,4,4,77930,54730
2019,안과,F54,3,7,7,111750,78550
2019,안과,F84,2,3,3,56400,43300
2019,안과,F90,9,21,21,176090,126290
2019,안과,F92,1,3,3,38550,27050
2019,안과,F95,222,248,248,6060020,4615620
2019,안과,G00,1,1,1,26440,18540
2019,안과,G05,5,5,5,126720,92920
2019,안과,G12,1,2,1,32950,27450
2019,안과,G20,51,149,149,7786100,6963600
2019,안과,G21,3,4,4,157580,110580
2019,안과,G22,1,1,1,116750,81750
2019,안과,G24,2781,4419,4416,128961510,94863270
2019,안과,G25,39,58,58,1155960,855460
2019,안과,G30,5,7,7,59220,42120
2019,안과,G31,1431,3849,3849,125932320,99283120
2019,안과,G35,9,47,47,1940630,1751130
2019,안과,G36,7,20,20,3136180,2745080
2019,안과,G40,9,16,16,497840,386040
2019,안과,G41,1,1,1,87390,78690
2019,안과,G43,1062,1557,1554,77680060,55175960
2019,안과,G44,145,174,174,11269390,7944390
2019,안과,G45,312,374,372,29405560,20735460
2019,안과,G46,2,5,5,73230,58430
2019,안과,G47,344,780,780,12509180,9464620
2019,안과,G50,111,182,182,12627570,8940870
2019,안과,G51,1137,2047,2046,60914130,45850030
2019,안과,G52,43,52,52,2500610,1819710
2019,안과,G53,19,78,78,7947220,5690420
2019,안과,G54,1,1,1,18470,12970
2019,안과,G55,1,2,2,27360,24260
2019,안과,G56,1,2,2,0,0
2019,안과,G60,1,5,5,528580,476080
2019,안과,G61,8,13,13,845660,761660
2019,안과,G63,5,18,18,797480,562180
2019,안과,G64,2,3,3,91720,68820
2019,안과,G70,52,110,109,4403900,3656200
2019,안과,G71,8,12,12,772330,615580
2019,안과,G73,13,29,29,492380,389380
2019,안과,G80,2,2,2,143660,100660
2019,안과,G82,1,2,2,38830,35030
2019,안과,G90,12,15,15,870860,631460
2019,안과,G93,3,6,6,281190,203490
2019,안과,G95,1,3,3,0,0
2019,안과,H00,1558895,2630036,2629805,65993455060,47202743440
2019,안과,H01,487871,850870,850773,20222994590,15036403170
2019,안과,H02,250455,660681,660496,34423251660,25037395350
2019,안과,H03,7493,12729,12728,252036910,185303110
2019,안과,H04,2219411,4092477,4092100,114191993910,84465380670
2019,안과,H05,8850,15472,15460,427262890,309762010
2019,안과,H06,1029,1818,1816,80068160,57268790
2019,안과,H10,3836783,6579773,6579257,147597592550,109918327520
2019,안과,H11,522842,770541,770473,28854627670,20864576690
2019,안과,H13,6683,12700,12699,257976690,190980990
2019,안과,H15,62794,106599,106575,2470811080,1796216700
2019,안과,H16,1627916,3071388,3071025,76408676500,56603571580
2019,안과,H17,12763,25932,25925,873177470,644370730
2019,안과,H18,31751,72572,72539,2284490150,1666453670
2019,안과,H19,319063,610202,610137,15377741120,11424339340
2019,안과,H20,73214,290439,290372,7715331520,5680466280
2019,안과,H21,4914,10830,10846,450248130,326163930
2019,안과,H22,452,1754,1753,54540490,44320590
2019,안과,H25,1002988,3166383,3167558,482754717720,381902408900
2019,안과,H26,267178,672676,672781,136576500370,102630818310
2019,안과,H27,15709,53618,53733,3191245440,2472799880
2019,안과,H28,2170,5380,5379,600089940,472169800
2019,안과,H30,7267,17250,17223,1301682390,937806330
2019,안과,H31,11068,19856,19848,1581757840,1132528050
2019,안과,H32,345,803,801,41707420,30567830
2019,안과,H33,51428,113701,114168,14370644940,10407502510
2019,안과,H34,35648,123203,123127,9045851550,6532561840
2019,안과,H35,725066,1526222,1526675,122360713120,94181537220
2019,안과,H36,279396,762846,763006,43160230180,31686680340
2019,안과,H40,739496,2117065,2116595,111142723250,80887295900
2019,안과,H42,2882,6339,6339,193507380,141939770
2019,안과,H43,220071,335747,335979,20354895910,14864062730
2019,안과,H44,10914,32731,32735,1450813690,1067461510
2019,안과,H45,547,1043,1043,52348300,39062000
2019,안과,H46,1298,2299,2287,172664680,123680600
2019,안과,H47,20693,43997,43962,2802183700,1996982500
2019,안과,H48,629,1139,1139,87881980,64811690
2019,안과,H49,3678,6126,6100,278010110,204477750
2019,안과,H50,65970,92244,92047,4516184070,3339101870
2019,안과,H51,1927,2201,2198,98281560,74150070
2019,안과,H52,2406283,3334899,3334290,141264608540,100723888900
2019,안과,H53,47142,63754,63658,3033400130,2185099900
2019,안과,H54,3594,6321,6311,261441930,192572580
2019,안과,H55,475,666,661,28561690,20710090
2019,안과,H57,62179,94760,94724,2984135780,2148322570
2019,안과,H58,77,105,105,4808980,3588620
2019,안과,H59,410,1307,1307,63301050,45697590
2019,안과,H60,1415,2137,2140,53067620,38251710
2019,안과,H61,274,358,358,31742670,22345470
2019,안과,H62,166,735,735,11666770,8381570
2019,안과,H65,277,594,594,17853130,12873930
2019,안과,H66,150,493,504,32399790,23323080
2019,안과,H67,1,1,1,19580,13780
2019,안과,H68,90,104,104,2603450,1834850
2019,안과,H69,14,14,14,351700,253100
2019,안과,H70,2,2,2,34090,27290
2019,안과,H71,5,16,16,837470,586970
2019,안과,H72,60,151,156,15970190,11537330
2019,안과,H73,318,708,708,50035110,35876010
2019,안과,H74,11,25,25,2370190,1662890
2019,안과,H81,1213,3467,3465,535923580,376585320
2019,안과,H82,1,1,1,33750,23650
2019,안과,H83,9,11,11,753960,528260
2019,안과,H90,254,349,349,19646010,13961410
2019,안과,H91,273,484,484,49422560,34905060
2019,안과,H92,235,317,317,10744470,7629070
2019,안과,H93,1027,2388,2389,251682760,177868010
2019,안과,H95,11,22,22,570880,415180
2019,안과,I00,8,12,12,242720,175920
2019,안과,I05,1,5,5,80120,69520
2019,안과,I10,1592,4436,4433,103425390,74944240
2019,안과,I11,5,15,15,116720,89320
2019,안과,I12,2,8,8,98030,82530
2019,안과,I13,5,19,19,167790,145290
2019,안과,I15,2,2,2,8180,5780
2019,안과,I20,21,39,39,496550,370050
2019,안과,I21,3,3,3,39670,27870
2019,안과,I23,1,1,1,13990,9890
2019,안과,I24,1,4,4,12160,8560
2019,안과,I25,6,18,18,142860,122560
2019,안과,I26,1,1,1,17220,15520
2019,안과,I31,1,1,1,26000,18200
2019,안과,I42,4,8,8,236410,182610
2019,안과,I47,2,3,3,58380,48080
2019,안과,I48,15,29,29,328660,273960
2019,안과,I49,13,25,25,1148600,828900
2019,안과,I50,1,1,1,95280,66780
2019,안과,I51,4,5,5,80340,61840
2019,안과,I63,15,47,47,918690,671090
2019,안과,I64,1,3,3,33630,29130
2019,안과,I65,2,4,4,79110,55710
2019,안과,I66,2,3,3,32510,24810
2019,안과,I67,15,32,32,1431980,1133380
2019,안과,I69,6,30,30,362250,282850
2019,안과,I70,7,22,22,555860,396060
2019,안과,I73,1368,4113,4113,105887250,82994250
2019,안과,I74,2,25,25,11210,9710
2019,안과,I77,3,6,6,398370,288970
2019,안과,I78,50,95,95,3874730,2807430
2019,안과,I79,1,6,6,217730,163830
2019,안과,I80,4,4,4,122350,85850
2019,안과,I82,2,4,4,65700,59000
2019,안과,I83,10,14,14,393950,276450
2019,안과,I86,3,18,18,283430,226830
2019,안과,I87,45,80,80,5596340,3914140
2019,안과,I88,23,30,30,605760,427260
2019,안과,I89,202,449,449,11292050,8496350
2019,안과,I95,3,3,3,100180,70380
2019,안과,I97,2,3,3,36090,27190
2019,안과,J00,1209,2015,2014,34680260,24984320
2019,안과,J01,577,1108,1108,32619740,23252540
2019,안과,J02,1955,2963,2967,51433190,36746950
2019,안과,J03,1783,2598,2598,45607040,32466000
2019,안과,J04,2957,4433,4434,99519200,71413340
2019,안과,J05,3,5,5,184110,129110
2019,안과,J06,1491,2740,2738,57461470,41310570
2019,안과,J09,194,271,354,18572840,15544410
2019,안과,J10,150,184,194,5877510,4418390
2019,안과,J11,12,12,12,175140,126140
2019,안과,J15,14,27,27,927120,650320
2019,안과,J16,3,7,7,87060,61160
2019,안과,J18,3,10,10,182180,128080
2019,안과,J20,708,1232,1231,19162640,14186240
2019,안과,J21,340,1697,1697,61500580,46484780
2019,안과,J22,7,12,12,228290,165690
2019,안과,J30,32573,48134,48139,1008925580,737867000
2019,안과,J31,1502,2094,2098,49376690,35677170
2019,안과,J32,1328,3263,3327,253041000,180358830
2019,안과,J33,31,72,86,8999590,6791010
2019,안과,J34,1335,2637,2672,118444130,84779980
2019,안과,J35,148,200,209,7933550,6529660
2019,안과,J36,3089,6845,6934,421312720,297956440
2019,안과,J37,2,3,3,49230,38330
2019,안과,J38,596,977,978,29977600,21218490
2019,안과,J39,583,1686,1686,93211790,67384590
2019,안과,J40,180,261,261,5348690,3875190
2019,안과,J41,14,19,19,455290,340790
2019,안과,J42,82,104,104,1918790,1389190
2019,안과,J43,2,7,7,1415540,991240
2019,안과,J44,8,22,22,523020,409220
2019,안과,J45,220,569,565,11950620,8948820
2019,안과,J46,1,1,1,19250,17350
2019,안과,J62,3,3,3,215080,150680
2019,안과,J84,5,21,21,507230,426830
2019,안과,J98,1,1,1,49120,34420
2019,안과,K00,1,1,1,46180,32380
2019,안과,K04,1,1,1,35170,24670
2019,안과,K05,12,19,19,143650,101050
2019,안과,K06,1,1,1,11210,7910
2019,안과,K07,36,45,45,559060,418960
2019,안과,K08,3,4,4,76360,53660
2019,안과,K10,3,3,3,60280,42380
2019,안과,K11,105,149,148,4592100,3255500
2019,안과,K12,368,587,587,11527930,8349330
2019,안과,K13,11,15,15,735940,546740
2019,안과,K14,66,120,120,2975590,2198630
2019,안과,K20,4,5,5,108540,78540
2019,안과,K21,1565,2687,2686,61187890,44235990
2019,안과,K22,1,1,1,66030,46230
2019,안과,K25,272,370,370,7150250,5168650
2019,안과,K26,17,33,33,631540,451640
2019,안과,K27,84,215,215,5903610,4329510
2019,안과,K28,1,1,1,15690,10990
2019,안과,K29,13853,20945,20943,626151250,450352740
2019,안과,K30,9294,14605,14602,355580700,262056100
2019,안과,K31,63,82,81,6464000,4540200
2019,안과,K42,1,1,1,15690,10990
2019,안과,K46,1,1,1,15690,10990
2019,안과,K50,13,23,23,3024110,2716610
2019,안과,K51,15,32,32,2405290,2143190
2019,안과,K52,101,149,149,2484050,1821150
2019,안과,K56,1,1,1,13670,9570
2019,안과,K58,178,240,240,7108900,5118200
2019,안과,K59,899,1100,1099,22746080,16467980
2019,안과,K61,2,2,2,11210,9710
2019,안과,K62,3,3,3,479320,335620
2019,안과,K63,38,41,41,8711280,6095930
2019,안과,K64,13,17,17,363360,268860
2019,안과,K70,6,17,17,231570,162270
2019,안과,K71,1,1,1,8180,5780
2019,안과,K72,1,2,2,29540,26540
2019,안과,K73,1,3,3,137700,96600
2019,안과,K74,4,5,5,206950,145150
2019,안과,K75,27,33,33,1992640,1402440
2019,안과,K76,39,58,58,2826990,1981690
2019,안과,K77,2,6,6,113000,79400
2019,안과,K80,15,29,29,559210,392010
2019,안과,K81,7,7,7,1011480,708380
2019,안과,K82,2,3,3,48340,34040
2019,안과,K90,1,1,1,50930,35730
2019,안과,K91,1,2,2,0,0
2019,안과,K92,75,134,134,3489310,2506210
2019,안과,L00,4,4,4,87800,65200
2019,안과,L01,419,603,603,12898150,9685850
2019,안과,L02,2375,3792,3792,95705510,68891810
2019,안과,L03,6344,10895,10895,256549650,188851650
2019,안과,L04,96,140,140,4661510,3272410
2019,안과,L08,199,344,344,5201650,3912050
2019,안과,L10,2,2,2,375540,334340
2019,안과,L12,2,2,2,35070,29570
2019,안과,L13,25,54,54,1605760,1178270
2019,안과,L20,4022,6604,6604,128546670,95521870
2019,안과,L21,153,326,326,4384960,3303760
2019,안과,L23,1932,3331,3331,65820080,49895980
2019,안과,L24,17,53,53,705860,555860
2019,안과,L25,30,45,45,584300,427000
2019,안과,L26,1,1,1,15690,10990
2019,안과,L28,48,79,79,2038350,1444050
2019,안과,L29,5124,7038,7038,139753720,103245690
2019,안과,L30,178,314,314,4702240,3426740
2019,안과,L40,33,46,46,648400,485300
2019,안과,L41,1,1,1,11210,7910
2019,안과,L43,2,3,3,68560,53160
2019,안과,L50,1888,2925,2923,95965250,69253750
2019,안과,L51,19,206,206,4535370,3342970
2019,안과,L57,25,57,57,4496870,3251270
2019,안과,L60,1,8,8,335810,235410
2019,안과,L63,11,20,20,432350,309150
2019,안과,L64,16,35,35,483460,343360
2019,안과,L65,8,50,50,675800,474700
2019,안과,L66,2,3,3,88760,62360
2019,안과,L67,1,1,1,11210,7910
2019,안과,L70,96,165,165,2434000,1762100
2019,안과,L71,500,1148,1148,54855750,38658150
2019,안과,L72,145,198,198,14943970,10635970
2019,안과,L73,10,24,24,476020,369820
2019,안과,L74,1,1,1,27670,19370
2019,안과,L75,1,1,1,15690,10990
2019,안과,L80,2,2,2,26900,18900
2019,안과,L81,12,14,14,190500,135400
2019,안과,L82,2,2,2,55910,42910
2019,안과,L83,12,27,27,2697130,1889430
2019,안과,L84,30,44,44,2373720,1668120
2019,안과,L85,24,24,24,398270,289970
2019,안과,L86,1,1,1,11210,9710
2019,안과,L90,22,40,40,1081050,772240
2019,안과,L91,66,102,102,3280280,2337980
2019,안과,L92,19,31,31,1742230,1227530
2019,안과,L93,7,8,8,1013670,771070
2019,안과,L94,1,1,1,77540,54340
2019,안과,L95,31,100,100,4869840,3435140
2019,안과,L98,21,30,30,742120,527520
2019,안과,M01,29,41,41,1040510,737610
2019,안과,M02,1,4,4,260410,234610
2019,안과,M03,3,3,3,73050,64650
2019,안과,M05,222,752,751,47706590,42533790
2019,안과,M06,18,57,57,3297460,2755160
2019,안과,M07,7,8,8,447470,397770
2019,안과,M08,15,38,38,3408530,3068630
2019,안과,M09,1,2,2,27320,19320
2019,안과,M10,41,98,98,1540010,1109410
2019,안과,M12,8,12,12,120640,85240
2019,안과,M13,154,242,242,4576120,3292020
2019,안과,M15,16,46,46,1093840,773940
2019,안과,M17,175,292,292,5920520,4186820
2019,안과,M19,6,8,8,110340,79440
2019,안과,M22,1,1,1,15690,10990
2019,안과,M24,2,2,2,29360,20560
2019,안과,M25,70,137,135,3150220,2300520
2019,안과,M30,2,6,6,634110,451440
2019,안과,M31,4,11,11,568780,512580
2019,안과,M32,109,360,360,23966320,21463420
2019,안과,M33,4,13,13,966410,870410
2019,안과,M34,4,20,20,4859540,4610340
2019,안과,M35,2135,7362,7360,404090500,355579540
2019,안과,M41,1,1,1,15690,10990
2019,안과,M42,1,3,3,42590,38090
2019,안과,M43,1,2,2,36940,25940
2019,안과,M45,326,1386,1385,68676310,61183910
2019,안과,M46,4,5,5,56580,39780
2019,안과,M47,5,10,10,54930,42430
2019,안과,M48,12,56,56,724530,580430
2019,안과,M50,7,30,30,213460,161460
2019,안과,M51,37,93,93,996800,721700
2019,안과,M53,1,2,2,22420,15820
2019,안과,M54,270,566,566,13719800,9733700
2019,안과,M60,18,59,59,673230,533230
2019,안과,M61,4,5,5,99780,70080
2019,안과,M62,290,707,707,7937660,5631060
2019,안과,M65,1,1,1,13990,9890
2019,안과,M67,1,1,1,0,0
2019,안과,M70,2,2,2,11210,7910
2019,안과,M72,9,32,32,187750,132350
2019,안과,M75,15,61,61,684260,482560
2019,안과,M76,1,1,1,0,0
2019,안과,M77,18,36,36,376300,265600
2019,안과,M79,1103,2143,2143,68949100,49727900
2019,안과,M80,2,5,5,39660,31560
2019,안과,M81,42,98,98,4121170,2907970
2019,안과,M82,2,5,5,62980,46180
2019,안과,M85,9,10,10,282270,201270
2019,안과,M89,1,19,19,135670,123070
2019,안과,M94,9,24,24,736370,606170
2019,안과,M96,1,1,1,5610,4010
2019,안과,M99,1,1,1,15690,10990
2019,안과,N02,1,6,6,0,0
2019,안과,N10,5,6,6,354750,253150
2019,안과,N12,1,1,1,24690,17290
2019,안과,N16,1,1,1,23140,16240
2019,안과,N17,1,2,2,38500,34700
2019,안과,N18,211,712,712,71106520,63070640
2019,안과,N19,17,58,58,2160330,1834830
2019,안과,N20,10,10,10,1251620,876720
2019,안과,N21,4,9,9,84850,71050
2019,안과,N28,9,9,9,1367870,957970
2019,안과,N30,67,102,102,1824010,1310710
2019,안과,N31,10,31,31,379970,325870
2019,안과,N34,3,6,6,98360,84060
2019,안과,N39,21,38,38,697800,538100
2019,안과,N40,181,426,426,4759820,3718820
2019,안과,N41,8,13,13,60580,49880
2019,안과,N42,5,7,7,82090,64890
2019,안과,N43,1,1,1,49840,34940
2019,안과,N48,3,8,8,77360,54660
2019,안과,N49,1,3,3,40990,28890
2019,안과,N51,2,3,3,12970,9170
2019,안과,N60,2,3,3,46850,32950
2019,안과,N63,1,1,1,19580,13780
2019,안과,N64,5,5,5,204260,143260
2019,안과,N72,1,1,1,11230,7930
2019,안과,N76,7,11,11,217150,157350
2019,안과,N77,4,20,20,247060,175960
2019,안과,N80,2,4,4,159400,111800
2019,안과,N83,1,1,1,15690,10990
2019,안과,N85,1,2,1,25690,24190
2019,안과,N86,1,1,1,5610,4010
2019,안과,N91,1,1,1,15690,10990
2019,안과,N92,3,6,6,29360,20560
2019,안과,N93,1,1,1,15690,10990
2019,안과,N94,10,17,17,155240,109440
2019,안과,N95,31,96,96,1340630,963230
2019,안과,O21,2,2,2,29680,23680
2019,안과,O92,1,1,1,21260,14960
2019,안과,P00,1,1,1,22370,15670
2019,안과,P01,1,1,1,44310,31110
2019,안과,P07,3,3,3,56650,52050
2019,안과,P15,2,2,2,91560,64160
2019,안과,P22,1,1,1,19380,15380
2019,안과,P38,3,4,4,73050,67850
2019,안과,P39,527,733,733,14057260,12640460
2019,안과,Q07,6,8,8,388540,277440
2019,안과,Q10,3618,6495,6486,691850070,615600130
2019,안과,Q11,608,971,971,29105960,21266820
2019,안과,Q12,309,405,405,20605640,14668970
2019,안과,Q13,124,188,188,8433620,6132320
2019,안과,Q14,154,246,246,20396410,14433530
2019,안과,Q15,89,245,245,11888240,8630780
2019,안과,Q16,1,1,1,51280,35980
2019,안과,Q17,82,154,155,3674980,3252780
2019,안과,Q18,416,818,817,43338260,30650090
2019,안과,Q21,1,1,1,18470,12970
2019,안과,Q27,1,1,1,18470,12970
2019,안과,Q28,1,3,3,969760,678960
2019,안과,Q35,1,2,2,50190,37590
2019,안과,Q38,3,12,12,269090,188990
2019,안과,Q44,1,7,7,183330,165330
2019,안과,Q55,1,1,1,5610,4510
2019,안과,Q60,1,1,1,15690,10990
2019,안과,Q67,1,2,2,22420,19420
2019,안과,Q68,6,6,6,162060,135360
2019,안과,Q75,5,7,7,617190,541490
2019,안과,Q81,1,1,1,32630,22930
2019,안과,Q82,16,25,25,503970,420790
2019,안과,Q85,57,102,101,7410140,6258340
2019,안과,Q87,24,60,60,5657530,5029930
2019,안과,Q90,16,43,43,1342020,1199220
2019,안과,Q91,1,6,6,88420,80120
2019,안과,Q93,1,2,2,33950,26950
2019,안과,Q96,1,1,1,156860,141260
2019,안과,R00,36,59,59,1248390,895990
2019,안과,R03,9,33,33,282220,246820
2019,안과,R04,268,489,492,15042460,10791820
2019,안과,R05,107,175,175,2342350,1674850
2019,안과,R06,6,6,6,324060,227060
2019,안과,R07,45,53,53,1376690,984490
2019,안과,R09,43,92,92,1878540,1454840
2019,안과,R10,133,171,171,9631050,6796750
2019,안과,R11,648,737,737,12277250,9683950
2019,안과,R12,4287,6561,6560,152087250,110861620
2019,안과,R14,56,87,87,1543320,1088620
2019,안과,R17,3,3,3,113030,79230
2019,안과,R19,3,3,3,51070,35870
2019,안과,R20,7,13,13,344270,258270
2019,안과,R21,2,2,2,15690,14190
2019,안과,R22,3,7,7,330440,233840
2019,안과,R23,4,5,5,91110,72010
2019,안과,R25,104,134,134,3687900,2636900
2019,안과,R26,1,1,1,81750,57250
2019,안과,R27,1,1,1,197280,138180
2019,안과,R30,1,1,1,87910,61610
2019,안과,R31,2,4,4,90570,63670
2019,안과,R32,1,1,1,11210,9710
2019,안과,R35,7,14,14,173560,126260
2019,안과,R39,3,5,5,200,200
2019,안과,R41,22,111,111,2987940,2791240
2019,안과,R42,259,332,333,15929890,11407860
2019,안과,R43,25,47,47,1040030,751330
2019,안과,R44,1,1,1,54390,38090
2019,안과,R45,1,2,2,152950,107250
2019,안과,R48,1,1,1,14480,14480
2019,안과,R49,3,4,4,79180,55580
2019,안과,R50,16,17,17,311230,233530
2019,안과,R51,563,728,727,23414180,16748770
2019,안과,R52,457,590,590,16088320,11438520
2019,안과,R53,184,301,308,6320090,4463720
2019,안과,R55,6,8,8,127330,89430
2019,안과,R56,21,43,43,830990,592890
2019,안과,R57,3,4,4,267970,191370
2019,안과,R58,1,4,4,76820,63020
2019,안과,R59,1,2,1,86120,64720
2019,안과,R60,83,171,171,3874050,3106450
2019,안과,R61,1,1,1,19580,13780
2019,안과,R63,1,2,2,22420,15820
2019,안과,R69,14,17,17,456830,322730
2019,안과,R73,7,8,8,240210,178810
2019,안과,R76,1,1,1,15690,10990
2019,안과,R79,5,5,5,553230,389930
2019,안과,R81,709,875,875,44265670,31479970
2019,안과,R84,1,5,5,58500,41300
2019,안과,R86,1,1,1,4090,2890
2019,안과,R93,1,5,5,36080,25480
2019,안과,R94,24,29,29,1255510,894210
2019,안과,S00,21626,27062,27050,1027947750,740323430
2019,안과,S01,1914,3351,3351,149872700,108448770
2019,안과,S02,957,1309,1304,64484820,42501010
2019,안과,S04,272,481,481,26581770,19393380
2019,안과,S05,116152,198585,198540,5426490240,3924676770
2019,안과,S06,1,1,1,19380,15380
2019,안과,S07,1,1,1,26280,20780
2019,안과,S09,14,34,34,2318840,1643740
2019,안과,S10,3,3,3,80040,56140
2019,안과,S12,1,1,1,21260,14960
2019,안과,S13,11,16,16,132160,93360
2019,안과,S16,2,2,2,27980,19780
2019,안과,S19,1,1,1,31200,21900
2019,안과,S22,1,5,5,103440,72640
2019,안과,S23,3,11,11,118950,94850
2019,안과,S33,92,113,113,2054700,1463400
2019,안과,S42,1,2,2,22420,15820
2019,안과,S43,11,15,15,118920,89920
2019,안과,S44,1,7,7,0,0
2019,안과,S45,1,1,1,22360,15660
2019,안과,S46,1,1,1,13660,9660
2019,안과,S50,5,8,8,205960,149060
2019,안과,S52,3,4,4,107940,75840
2019,안과,S53,1,5,5,47870,33870
2019,안과,S60,2,2,2,26900,22100
2019,안과,S61,14,23,23,612440,446940
2019,안과,S63,1,2,2,28760,20260
2019,안과,S66,1,1,1,48810,34210
2019,안과,S73,2,6,6,57690,51290
2019,안과,S75,1,3,3,0,0
2019,안과,S81,8,13,13,283820,203720
2019,안과,S83,2,3,3,43140,30340
2019,안과,S90,1,1,1,11210,7910
2019,안과,S93,9,27,27,323420,229820
2019,안과,S99,2,4,4,16830,12030
2019,안과,T01,3,10,10,484650,339750
2019,안과,T10,1,1,1,42610,29910
2019,안과,T13,1,1,1,11210,7910
2019,안과,T14,265,357,357,12391690,8886790
2019,안과,T15,442079,640467,640449,25923069140,18416475120
2019,안과,T16,326,499,499,17328010,12415710
2019,안과,T17,131,147,147,6869210,4834910
2019,안과,T18,2,2,2,74120,51920
2019,안과,T20,24,32,32,673360,481160
2019,안과,T21,2,6,6,122660,86060
2019,안과,T22,1,2,2,75440,52940
2019,안과,T23,11,23,23,524620,424720
2019,안과,T24,2,2,2,55650,39050
2019,안과,T25,1,5,5,65430,46130
2019,안과,T26,6231,9227,9224,220746360,159263260
2019,안과,T28,1,1,1,22050,15450
2019,안과,T30,12,16,16,430980,302280
2019,안과,T33,1,1,1,19580,13780
2019,안과,T44,1,1,1,54390,38090
2019,안과,T46,2,2,2,16360,11560
2019,안과,T49,1,2,2,74440,52140
2019,안과,T52,4,5,5,146350,102650
2019,안과,T54,9,12,12,262890,188290
2019,안과,T56,2,2,2,33570,23570
2019,안과,T63,2,2,2,39730,27930
2019,안과,T67,3,4,4,78120,59920
2019,안과,T70,6,8,8,380870,267070
2019,안과,T78,505,904,904,59486680,41978280
2019,안과,T79,2,2,2,227930,159630
2019,안과,T81,42,124,124,3142120,2312320
2019,안과,T85,1961,6316,6324,1067774440,825284520
2019,안과,T86,12,70,70,1358400,1099900
2019,안과,T88,11,25,25,2211100,1649900
2019,안과,T90,22,25,25,813520,576320
2019,안과,T95,1,1,1,22360,15660
2019,안과,Z00,116,129,129,3077760,2228760
2019,안과,Z01,42263,51368,51332,1972553190,1420565420
2019,안과,Z02,5,5,5,19380,15380
2019,안과,Z03,1112,1277,1277,61047750,42936250
2019,안과,Z04,17,30,30,678200,527300
2019,안과,Z09,66,174,174,5800430,4126330
2019,안과,Z13,2,2,2,52000,36500
2019,안과,Z26,2,2,2,94210,66010
2019,안과,Z30,7,7,7,121500,85300
2019,안과,Z41,2,2,2,26900,18900
2019,안과,Z44,9,19,19,2244750,1586250
2019,안과,Z46,60,108,108,2225750,1564250
2019,안과,Z48,14,20,20,6841330,5350990
2019,안과,Z49,3,13,13,752340,677840
2019,안과,Z54,612,3318,3318,50538760,43643860
2019,안과,Z71,19,26,26,1216080,890080
2019,안과,Z72,1,1,1,123910,86810
2019,안과,Z82,2,3,2,81840,61740
2019,안과,Z85,1,1,1,21260,17060
2019,안과,Z86,3,3,3,52790,40490
2019,안과,Z88,16,28,28,2155260,1569560
2019,안과,Z90,9,21,21,504460,387960
2019,안과,Z91,17,47,47,2630470,1953170
2019,안과,Z94,535,2239,2238,81574080,60203910
2019,안과,Z96,212695,745900,745841,24747806650,18483041170
2019,안과,Z97,443,1041,1041,26954510,21444210
2019,안과,Z98,68129,286013,285996,8047791490,6133618060
2019,안과,Z99,3,4,4,193120,169720
2019,이비인후과,A00,1,1,1,15690,10990
2019,이비인후과,A01,1,1,1,19580,13780
2019,이비인후과,A02,10,11,49,7514630,6840390
2019,이비인후과,A03,1,1,1,19580,17680
2019,이비인후과,A04,4628,7135,7271,139702940,105947160
2019,이비인후과,A05,169,225,225,3433310,2491510
2019,이비인후과,A06,1720,4457,4457,68731770,52094670
2019,이비인후과,A07,1,1,1,19580,13780
2019,이비인후과,A08,5391,7669,8464,231492520,191510650
2019,이비인후과,A09,49644,96121,96920,1661291220,1275908760
2019,이비인후과,A15,9,66,66,2000230,1958430
2019,이비인후과,A16,4,5,5,108120,80120
2019,이비인후과,A17,3,3,3,33230,23430
2019,이비인후과,A18,26,224,225,6900710,6228060
2019,이비인후과,A19,1,1,1,19420,13620
2019,이비인후과,A21,1,1,1,11210,9710
2019,이비인후과,A23,2,2,2,53290,37390
2019,이비인후과,A26,29,56,59,1154370,876390
2019,이비인후과,A30,4,7,7,99290,76590
2019,이비인후과,A31,1028,1881,1879,29002410,22034710
2019,이비인후과,A32,1,6,6,71740,50540
2019,이비인후과,A35,4,4,4,135580,95180
2019,이비인후과,A36,1,1,1,15690,10990
2019,이비인후과,A37,6,8,57,4744100,4279110
2019,이비인후과,A38,52,112,117,2412210,1853190
2019,이비인후과,A41,1,1,1,13670,9570
2019,이비인후과,A42,11,11,11,201180,142880
2019,이비인후과,A43,1,1,1,15690,10990
2019,이비인후과,A46,126,262,262,4539300,3370900
2019,이비인후과,A49,401,614,614,10903540,8058340
2019,이비인후과,A51,2,2,2,39040,27340
2019,이비인후과,A52,2,2,2,406910,287210
2019,이비인후과,A53,2,2,2,204090,142890
2019,이비인후과,A54,1,1,1,17860,12560
2019,이비인후과,A56,2,2,2,31380,21980
2019,이비인후과,A58,1,1,1,17890,17090
2019,이비인후과,A59,17,24,24,520990,370790
2019,이비인후과,A60,243,403,402,6677480,4841380
2019,이비인후과,A63,4,5,5,80480,56580
2019,이비인후과,A64,2,3,3,76320,53520
2019,이비인후과,A65,3,5,5,87050,61150
2019,이비인후과,A66,41,61,61,3608220,2535020
2019,이비인후과,A69,6733,10636,10633,234019390,170595490
2019,이비인후과,A75,8,11,11,359160,254260
2019,이비인후과,A79,5,6,6,92210,74610
2019,이비인후과,A85,1,1,1,11210,7910
2019,이비인후과,A86,1,1,1,19580,13780
2019,이비인후과,A87,254,585,650,18235070,14410780
2019,이비인후과,A88,5,9,11,366370,335310
2019,이비인후과,A92,2,2,2,33310,23410
2019,이비인후과,B00,46352,73188,73222,1273519590,950744770
2019,이비인후과,B01,1164,2211,2215,31681800,23317020
2019,이비인후과,B02,11190,20538,20583,362215980,267891410
2019,이비인후과,B05,17,18,18,476600,336700
2019,이비인후과,B07,846,1442,1442,51765300,36927700
2019,이비인후과,B08,17613,34453,35249,628919940,510199220
2019,이비인후과,B09,1173,2462,2462,36619920,28333520
2019,이비인후과,B15,32,36,36,1348030,944930
2019,이비인후과,B16,6,6,6,158570,111370
2019,이비인후과,B17,231,469,469,21801160,15508270
2019,이비인후과,B18,171,407,406,18460750,13131280
2019,이비인후과,B19,45,60,60,1949180,1375480
2019,이비인후과,B20,1,1,1,15690,10990
2019,이비인후과,B25,1,2,2,52730,47530
2019,이비인후과,B26,1309,2163,2224,57970970,43433940
2019,이비인후과,B27,1248,1716,1715,29236200,21428300
2019,이비인후과,B30,2171,2989,2989,53982330,39998530
2019,이비인후과,B33,823,1339,1339,22546290,16667590
2019,이비인후과,B34,1601,2350,2354,41906350,31324840
2019,이비인후과,B35,11430,22625,22624,353261740,264307240
2019,이비인후과,B36,1497,3089,3089,50652960,39117360
2019,이비인후과,B37,8703,18701,18697,303651200,241560700
2019,이비인후과,B40,1,1,1,15690,14190
2019,이비인후과,B43,27,32,32,697960,519460
2019,이비인후과,B44,4,4,4,71050,53850
2019,이비인후과,B46,11,14,14,230760,163960
2019,이비인후과,B47,18,32,32,1536430,1174190
2019,이비인후과,B48,36,109,109,1472230,1107930
2019,이비인후과,B49,178,435,435,7722710,5795740
2019,이비인후과,B50,2,2,2,26900,18900
2019,이비인후과,B51,1,1,1,15690,10990
2019,이비인후과,B54,11,11,11,176670,127070
2019,이비인후과,B58,6,15,15,205850,146950
2019,이비인후과,B64,1,1,1,19580,13780
2019,이비인후과,B66,9,12,12,189190,140190
2019,이비인후과,B67,1,1,1,21830,15330
2019,이비인후과,B76,1,1,1,19580,13780
2019,이비인후과,B80,2,2,2,32290,24190
2019,이비인후과,B81,2,2,2,77580,54380
2019,이비인후과,B82,3,3,3,49300,38300
2019,이비인후과,B83,7,7,7,190900,135400
2019,이비인후과,B85,30,39,39,599060,445260
2019,이비인후과,B86,45,62,62,1133560,847160
2019,이비인후과,B88,62,111,111,4196220,2926360
2019,이비인후과,B89,5,7,7,544050,384350
2019,이비인후과,B97,35,57,57,1446480,1058980
2019,이비인후과,B98,34,52,52,1105030,822830
2019,이비인후과,C00,6,15,15,1571940,1332440
2019,이비인후과,C01,16,59,59,1735930,1609230
2019,이비인후과,C02,156,654,666,48219730,42861340
2019,이비인후과,C03,10,17,17,2175800,1751860
2019,이비인후과,C04,11,32,32,1710680,1541680
2019,이비인후과,C05,30,103,103,4064960,3823660
2019,이비인후과,C06,38,292,293,8785290,8302530
2019,이비인후과,C07,74,225,243,40486320,32665410
2019,이비인후과,C08,69,142,151,24572140,20390150
2019,이비인후과,C09,137,621,625,31272340,27350180
2019,이비인후과,C10,28,92,92,2916010,2677010
2019,이비인후과,C11,202,1111,1112,36278550,33692840
2019,이비인후과,C12,9,27,27,911100,840200
2019,이비인후과,C13,48,351,351,12869470,11661290
2019,이비인후과,C14,12,44,44,804400,710500
2019,이비인후과,C15,39,125,125,4508220,4257320
2019,이비인후과,C16,159,590,590,17144300,16211000
2019,이비인후과,C17,7,11,11,506380,465880
2019,이비인후과,C18,98,272,272,9337760,8856560
2019,이비인후과,C19,16,33,33,1361760,1274960
2019,이비인후과,C20,32,123,123,3509070,3335770
2019,이비인후과,C21,1,1,1,15700,15000
2019,이비인후과,C22,74,202,202,7034350,6659150
2019,이비인후과,C23,8,37,37,932850,882450
2019,이비인후과,C24,17,51,51,1346040,1269240
2019,이비인후과,C25,31,149,149,3599750,3410450
2019,이비인후과,C30,72,512,512,12107370,11281970
2019,이비인후과,C31,61,488,490,12425710,11646190
2019,이비인후과,C32,416,1410,1426,107516900,98661160
2019,이비인후과,C33,4,26,26,2759120,2583490
2019,이비인후과,C34,307,1357,1357,39045460,36799420
2019,이비인후과,C37,13,39,39,2312350,2199150
2019,이비인후과,C38,3,12,12,245130,233630
2019,이비인후과,C41,10,102,102,2208370,2073070
2019,이비인후과,C43,14,138,138,3770550,3572450
2019,이비인후과,C44,57,221,226,9664700,8593480
2019,이비인후과,C46,1,1,1,15690,14990
2019,이비인후과,C47,1,3,3,100350,95550
2019,이비인후과,C48,1,6,6,158140,150540
2019,이비인후과,C49,12,34,34,1196740,1121540
2019,이비인후과,C50,226,746,746,29018960,27122660
2019,이비인후과,C53,7,12,12,527600,498000
2019,이비인후과,C54,21,39,39,1522850,1437250
2019,이비인후과,C55,2,5,5,82960,58260
2019,이비인후과,C56,36,152,152,6033470,5606670
2019,이비인후과,C57,4,7,7,191820,166120
2019,이비인후과,C58,2,2,2,55280,42780
2019,이비인후과,C61,112,427,427,14593710,13785310
2019,이비인후과,C62,2,2,2,129110,112910
2019,이비인후과,C64,27,118,118,4720540,4475640
2019,이비인후과,C65,2,6,6,211370,201170
2019,이비인후과,C66,2,2,2,28840,27540
2019,이비인후과,C67,38,81,81,2539450,2397950
2019,이비인후과,C68,1,1,1,29670,20770
2019,이비인후과,C69,2,5,5,72670,58170
2019,이비인후과,C71,19,53,53,1642000,1555500
2019,이비인후과,C72,15,27,27,1388680,1219780
2019,이비인후과,C73,2412,5920,6411,1553836050,1244846790
2019,이비인후과,C74,1,2,2,363570,345470
2019,이비인후과,C75,5,17,17,779660,697360
2019,이비인후과,C76,35,44,44,6731380,4866580
2019,이비인후과,C77,215,407,408,31542050,23837720
2019,이비인후과,C78,10,20,20,1019570,969570
2019,이비인후과,C79,14,20,20,1527970,1182470
2019,이비인후과,C80,16,48,48,3842240,3641940
2019,이비인후과,C81,14,24,24,1118110,980410
2019,이비인후과,C82,8,16,16,791810,745510
2019,이비인후과,C83,24,67,69,4658080,4236770
2019,이비인후과,C84,12,71,71,1928090,1819290
2019,이비인후과,C85,119,326,327,20366580,16647510
2019,이비인후과,C86,13,63,68,2171930,1932920
2019,이비인후과,C88,8,34,34,1148310,1079010
2019,이비인후과,C90,21,111,111,3069920,2923020
2019,이비인후과,C91,14,32,32,990530,835730
2019,이비인후과,C92,31,106,106,3698350,3371250
2019,이비인후과,C93,2,2,2,43010,41010
2019,이비인후과,C94,2,19,19,517450,492550
2019,이비인후과,C95,6,11,11,204800,195300
2019,이비인후과,C96,10,30,30,741310,676510
2019,이비인후과,D00,50,70,70,4908640,3809240
2019,이비인후과,D01,14,49,49,1806700,1709600
2019,이비인후과,D02,20,71,72,4188030,3912920
2019,이비인후과,D03,6,13,13,998470,734770
2019,이비인후과,D04,12,21,21,696460,637360
2019,이비인후과,D05,28,62,62,3193370,2987290
2019,이비인후과,D06,32,116,116,4346970,4023370
2019,이비인후과,D07,4,13,13,244520,222820
2019,이비인후과,D09,3,16,16,514880,490180
2019,이비인후과,D10,16466,27562,27550,1444296630,1033302680
2019,이비인후과,D11,1516,2754,2911,331291150,226534110
2019,이비인후과,D12,9,10,10,2062890,1639790
2019,이비인후과,D13,16,24,24,2242160,1755380
2019,이비인후과,D14,2661,4555,4579,264800150,194617990
2019,이비인후과,D15,6,7,7,103550,85050
2019,이비인후과,D16,38,54,54,2172690,1606630
2019,이비인후과,D17,819,1471,1467,72140670,51571890
2019,이비인후과,D18,219,369,370,16364940,11579840
2019,이비인후과,D21,1513,2469,2472,129819300,92811010
2019,이비인후과,D22,24,38,37,1039940,745840
2019,이비인후과,D23,3559,6533,6533,320073410,229758950
2019,이비인후과,D24,7,8,8,154230,116830
2019,이비인후과,D25,2,3,3,42590,29890
2019,이비인후과,D26,3,3,3,60550,45650
2019,이비인후과,D27,2,4,4,48110,38210
2019,이비인후과,D29,8,9,8,120810,105610
2019,이비인후과,D31,1,1,1,15690,10990
2019,이비인후과,D32,53,196,196,6252100,5784300
2019,이비인후과,D33,74,167,166,6352600,5578820
2019,이비인후과,D34,2067,2833,2799,144645910,102566620
2019,이비인후과,D35,40,179,178,3384210,2857010
2019,이비인후과,D36,440,640,642,23341500,16936140
2019,이비인후과,D37,517,813,811,48621910,35029610
2019,이비인후과,D38,114,156,155,8630210,6359960
2019,이비인후과,D39,7,20,20,659830,621230
2019,이비인후과,D40,1,1,1,15690,14190
2019,이비인후과,D41,1,1,1,39590,37690
2019,이비인후과,D42,3,5,5,102910,94510
2019,이비인후과,D43,14,47,47,1413710,1305010
2019,이비인후과,D44,380,538,540,57279860,42217760
2019,이비인후과,D45,2,5,5,154520,147120
2019,이비인후과,D46,13,58,58,1442030,1353730
2019,이비인후과,D47,75,135,135,8270270,6400570
2019,이비인후과,D48,38,76,75,2683920,2127320
2019,이비인후과,D50,1507,2866,2866,164883340,123329550
2019,이비인후과,D51,10,25,25,683600,488500
2019,이비인후과,D52,6,11,11,135030,108530
2019,이비인후과,D53,29,39,38,1262760,906760
2019,이비인후과,D55,2,2,2,335660,235060
2019,이비인후과,D59,2,10,10,134660,97960
2019,이비인후과,D60,1,1,1,20730,14530
2019,이비인후과,D61,4,13,13,299650,270250
2019,이비인후과,D62,2,5,5,179640,126040
2019,이비인후과,D63,1,3,3,50960,46060
2019,이비인후과,D64,506,849,849,80490550,60861560
2019,이비인후과,D66,3,34,34,529540,512340
2019,이비인후과,D68,11,15,15,234680,171480
2019,이비인후과,D69,160,289,289,6752970,5031970
2019,이비인후과,D70,4,81,81,978890,837190
2019,이비인후과,D71,1,7,7,465440,419140
2019,이비인후과,D72,14,16,16,792790,616460
2019,이비인후과,D75,8,14,14,272260,195460
2019,이비인후과,D80,1,2,2,46680,42080
2019,이비인후과,D84,1,1,1,11210,7910
2019,이비인후과,D86,3,6,6,1380780,1226880
2019,이비인후과,D89,3,4,4,59640,42040
2019,이비인후과,E00,6,10,10,225860,158660
2019,이비인후과,E01,4,6,6,69720,54520
2019,이비인후과,E02,8,18,18,479750,336850
2019,이비인후과,E03,2852,7992,7987,205591470,147652340
2019,이비인후과,E04,5111,7502,7552,556795600,386732200
2019,이비인후과,E05,802,1935,1936,87209300,61031740
2019,이비인후과,E06,1714,2965,2968,106583890,75167280
2019,이비인후과,E07,2302,3374,3369,160234610,113215390
2019,이비인후과,E10,109,368,368,5333540,4121240
2019,이비인후과,E11,1777,8636,8635,171179420,130698150
2019,이비인후과,E12,1,5,5,56050,39550
2019,이비인후과,E13,186,557,556,9082970,7063270
2019,이비인후과,E14,634,2194,2196,42935140,32603610
2019,이비인후과,E15,1,1,1,15690,14690
2019,이비인후과,E16,15,37,37,729570,559970
2019,이비인후과,E20,9,39,39,479870,341170
2019,이비인후과,E21,6,8,8,492710,350110
2019,이비인후과,E22,12,21,21,722440,606840
2019,이비인후과,E23,12,30,30,405270,286070
2019,이비인후과,E24,3,3,3,41980,32080
2019,이비인후과,E25,2,2,2,26900,18900
2019,이비인후과,E27,5,6,6,222220,161620
2019,이비인후과,E28,18,59,59,815950,575650
2019,이비인후과,E29,4,7,7,106010,81910
2019,이비인후과,E30,235,890,889,77435530,54270530
2019,이비인후과,E32,1,1,1,31120,21820
2019,이비인후과,E34,44,56,54,787540,579840
2019,이비인후과,E35,14,45,45,966320,682320
2019,이비인후과,E41,211,329,329,10966110,7756510
2019,이비인후과,E42,1,1,1,15690,14190
2019,이비인후과,E43,3,4,4,54400,43100
2019,이비인후과,E44,26,48,48,827930,623630
2019,이비인후과,E46,3,7,7,87430,73730
2019,이비인후과,E50,596,1020,1020,15493340,11638240
2019,이비인후과,E51,24,39,39,601430,504930
2019,이비인후과,E53,115,254,254,4979760,3922760
2019,이비인후과,E54,2,4,4,376220,295860
2019,이비인후과,E55,2048,3094,3094,68068940,49326960
2019,이비인후과,E56,806,1288,1288,35695250,25287750
2019,이비인후과,E58,33,75,75,981970,750070
2019,이비인후과,E61,170,318,318,6831720,5324520
2019,이비인후과,E63,42,50,50,1188080,873780
2019,이비인후과,E64,4,24,24,527550,374950
2019,이비인후과,E65,1,1,1,15690,10990
2019,이비인후과,E66,285,464,462,7924410,5622810
2019,이비인후과,E67,1,1,1,16470,11570
2019,이비인후과,E70,2,3,3,48310,40910
2019,이비인후과,E72,1,2,2,26900,24300
2019,이비인후과,E73,17,41,41,598560,534160
2019,이비인후과,E75,11,15,15,354960,253560
2019,이비인후과,E76,7,64,64,1681200,1508700
2019,이비인후과,E77,2,15,15,569970,513670
2019,이비인후과,E78,4484,12517,12526,337905960,249634810
2019,이비인후과,E79,6,9,9,102710,73910
2019,이비인후과,E80,3,4,4,144810,101410
2019,이비인후과,E83,35,59,59,1506920,1115320
2019,이비인후과,E84,2,3,3,45050,31550
2019,이비인후과,E86,1770,2491,2489,55001670,39640150
2019,이비인후과,E87,53,120,120,2334530,1968730
2019,이비인후과,E88,17,54,53,2283620,1678720
2019,이비인후과,E89,112,254,254,5398650,4052550
2019,이비인후과,F00,163,964,964,11796800,9710700
2019,이비인후과,F01,49,159,159,2317310,1980810
2019,이비인후과,F02,4,9,9,169260,138160
2019,이비인후과,F03,45,103,103,1809170,1610070
2019,이비인후과,F05,6,13,13,190570,152570
2019,이비인후과,F06,1884,4887,4886,72151190,59637890
2019,이비인후과,F07,21,48,47,772120,628020
2019,이비인후과,F10,6,17,17,219820,189620
2019,이비인후과,F12,1,1,1,18530,14730
2019,이비인후과,F13,15,18,18,385730,284730
2019,이비인후과,F15,2,2,2,29410,26610
2019,이비인후과,F17,29,47,47,760020,552920
2019,이비인후과,F20,32,144,144,1031600,845100
2019,이비인후과,F22,1,6,6,70310,61310
2019,이비인후과,F24,1,3,3,83610,58710
2019,이비인후과,F28,1,1,1,17720,16020
2019,이비인후과,F30,1,1,1,67030,46930
2019,이비인후과,F31,30,58,58,1129950,950650
2019,이비인후과,F32,955,1794,1794,32460450,24628440
2019,이비인후과,F33,125,321,321,5053050,3983450
2019,이비인후과,F34,78,165,165,3480360,2582960
2019,이비인후과,F38,383,1129,1129,18543230,14616630
2019,이비인후과,F39,249,433,433,9076580,6888180
2019,이비인후과,F40,112,199,199,3450180,2576980
2019,이비인후과,F41,3362,7283,7282,134038600,101656300
2019,이비인후과,F42,7,38,38,678590,488190
2019,이비인후과,F43,350,697,697,16451350,12266990
2019,이비인후과,F44,72,82,82,3665920,2596220
2019,이비인후과,F45,2603,4354,4353,70799920,52763140
2019,이비인후과,F48,882,1740,1740,32214820,24157620
2019,이비인후과,F50,18,36,36,732140,534840
2019,이비인후과,F51,3352,7990,7995,118317430,90487230
2019,이비인후과,F52,60,83,83,476150,371450
2019,이비인후과,F54,53,87,87,4114610,2905510
2019,이비인후과,F59,11,13,13,236700,166300
2019,이비인후과,F60,6,8,8,108940,81640
2019,이비인후과,F63,2,2,2,29360,23160
2019,이비인후과,F66,3,6,6,55550,39250
2019,이비인후과,F78,1,1,1,15690,10990
2019,이비인후과,F80,124,155,155,2568120,2034620
2019,이비인후과,F81,1,1,1,14150,12650
2019,이비인후과,F84,8,27,26,458970,398270
2019,이비인후과,F88,1,1,1,16600,13200
2019,이비인후과,F89,4,4,4,65490,54290
2019,이비인후과,F90,38,72,72,952500,683200
2019,이비인후과,F91,1,1,1,61080,42780
2019,이비인후과,F92,12,32,32,409680,338980
2019,이비인후과,F93,1,1,1,11210,7910
2019,이비인후과,F95,50,80,80,1092760,818260
2019,이비인후과,F98,9,10,10,139580,107580
2019,이비인후과,F99,1,1,1,15690,10990
2019,이비인후과,G00,9,10,10,160680,120080
2019,이비인후과,G02,4,4,4,58280,40880
2019,이비인후과,G03,43,57,56,980120,703420
2019,이비인후과,G05,53,81,81,1752030,1259930
2019,이비인후과,G06,1,4,4,0,0
2019,이비인후과,G09,1,3,3,59820,42020
2019,이비인후과,G11,3,3,3,54850,38550
2019,이비인후과,G12,7,18,18,284160,256560
2019,이비인후과,G14,1,1,1,13140,9240
2019,이비인후과,G20,54,105,104,1684890,1413090
2019,이비인후과,G21,12,28,28,392620,344120
2019,이비인후과,G22,8,43,43,657570,538770
2019,이비인후과,G24,408,798,798,11483560,8713260
2019,이비인후과,G25,248,443,442,37388760,29043020
2019,이비인후과,G26,5,5,6,770060,606440
2019,이비인후과,G30,23,82,82,1131470,965970
2019,이비인후과,G31,7569,19640,19638,287892260,234703460
2019,이비인후과,G32,7,14,14,221580,174280
2019,이비인후과,G35,5,17,17,967220,871320
2019,이비인후과,G37,2,2,2,30590,21590
2019,이비인후과,G40,337,763,763,14413280,11255910
2019,이비인후과,G41,17,65,65,811460,614860
2019,이비인후과,G43,13677,23411,23404,490725200,357480630
2019,이비인후과,G44,3081,4739,4739,193582460,137807060
2019,이비인후과,G45,137,283,283,12701410,9299110
2019,이비인후과,G46,63,129,128,2334690,1783190
2019,이비인후과,G47,36180,94892,113004,18139185280,14337453860
2019,이비인후과,G50,12308,16853,16846,291698900,219392400
2019,이비인후과,G51,2651,5445,5431,123711980,90834630
2019,이비인후과,G52,1415,2755,2748,57892840,42433640
2019,이비인후과,G53,790,1549,1549,25853040,19974940
2019,이비인후과,G54,12,17,17,415150,302350
2019,이비인후과,G55,2,17,17,200370,173070
2019,이비인후과,G56,43,132,132,3096650,2413950
2019,이비인후과,G57,18,54,54,1799420,1269320
2019,이비인후과,G58,204,402,402,19573180,13873980
2019,이비인후과,G59,8,12,12,171380,140880
2019,이비인후과,G61,6,9,9,118670,92170
2019,이비인후과,G62,50,87,86,1329750,1057650
2019,이비인후과,G63,97,222,222,4586980,3553180
2019,이비인후과,G64,146,246,246,3616450,2826050
2019,이비인후과,G70,6,21,21,519370,456270
2019,이비인후과,G71,44,96,96,2242710,1742610
2019,이비인후과,G72,2,3,3,22420,17620
2019,이비인후과,G73,5,8,7,112800,96100
2019,이비인후과,G81,1,6,6,325310,228010
2019,이비인후과,G82,3,10,10,134740,94940
2019,이비인후과,G83,3,4,3,61550,47450
2019,이비인후과,G90,426,888,892,25451150,18767790
2019,이비인후과,G91,7,13,13,178180,128680
2019,이비인후과,G93,56,81,81,2326230,1721030
2019,이비인후과,G95,4,25,25,477190,425690
2019,이비인후과,G96,12,14,14,395160,277360
2019,이비인후과,G98,8,14,14,241790,196990
2019,이비인후과,G99,5,5,5,97310,75610
2019,이비인후과,H00,8570,11895,11895,225738460,162786360
2019,이비인후과,H01,8175,11815,11814,209051160,155479060
2019,이비인후과,H02,627,1214,1213,36392490,26400090
2019,이비인후과,H03,32,42,42,757880,570880
2019,이비인후과,H04,10772,19423,19475,403842230,303649500
2019,이비인후과,H05,445,909,914,30302280,21732100
2019,이비인후과,H06,27,40,40,761700,559000
2019,이비인후과,H10,103121,148735,148733,2646400020,1956999830
2019,이비인후과,H11,3724,10368,10368,164405190,123878690
2019,이비인후과,H13,179,230,230,4105330,3126830
2019,이비인후과,H15,15,82,82,1135250,827450
2019,이비인후과,H16,9609,15426,15425,284124980,212584580
2019,이비인후과,H17,3,4,4,62600,51600
2019,이비인후과,H18,1323,2034,2034,42504750,31249750
2019,이비인후과,H19,1063,1656,1656,26540660,20745160
2019,이비인후과,H20,68,105,105,2359430,1711530
2019,이비인후과,H21,7,11,11,189540,134840
2019,이비인후과,H25,1086,2611,2611,44738640,37789440
2019,이비인후과,H26,128,285,285,3724260,3108760
2019,이비인후과,H27,2,3,3,53350,39350
2019,이비인후과,H28,1,1,1,67120,47020
2019,이비인후과,H30,31,74,74,1278000,1009400
2019,이비인후과,H31,16,16,16,379140,272340
2019,이비인후과,H32,17,90,90,1357690,1097590
2019,이비인후과,H33,9,11,10,334000,251700
2019,이비인후과,H34,104,178,178,2558460,1997160
2019,이비인후과,H35,109,167,167,4926300,3667000
2019,이비인후과,H36,229,597,597,9683130,7802230
2019,이비인후과,H40,369,1042,1041,17071940,13904540
2019,이비인후과,H42,10,85,85,944150,813950
2019,이비인후과,H43,43,54,53,1412570,1037070
2019,이비인후과,H44,14,22,22,266040,195440
2019,이비인후과,H46,1,1,1,20440,14340
2019,이비인후과,H47,2,4,4,163840,114840
2019,이비인후과,H49,2,2,2,55280,38780
2019,이비인후과,H50,27,39,38,987850,732650
2019,이비인후과,H51,1,1,1,16470,11570
2019,이비인후과,H52,486,604,604,18602550,13262350
2019,이비인후과,H53,327,365,365,24713540,17723540
2019,이비인후과,H54,12,13,12,286640,222940
2019,이비인후과,H55,6,9,9,194470,138270
2019,이비인후과,H57,89,156,156,2589330,1920030
2019,이비인후과,H58,1,2,2,26900,18900
2019,이비인후과,H59,3,3,3,41630,33930
2019,이비인후과,H60,1343537,3069591,3069540,51156144670,38520307460
2019,이비인후과,H61,507044,766840,766850,24083911710,17469853770
2019,이비인후과,H62,34396,102500,102513,1733962630,1306559480
2019,이비인후과,H65,477307,1402623,1402873,32162114760,23749924550
2019,이비인후과,H66,499121,1652969,1656298,33246648900,25082662520
2019,이비인후과,H67,7841,18583,18582,374740640,280620240
2019,이비인후과,H68,172202,320415,320386,7267897310,5259284370
2019,이비인후과,H69,41413,61005,60991,1810991460,1291572860
2019,이비인후과,H70,964,2350,2361,47821090,36063200
2019,이비인후과,H71,4405,17920,18458,1000305590,759703370
2019,이비인후과,H72,13296,40827,40976,1974453250,1430322600
2019,이비인후과,H73,58572,180284,180281,4276684500,3133326650
2019,이비인후과,H74,4489,11147,11221,533333550,389128480
2019,이비인후과,H75,8,35,35,471240,382340
2019,이비인후과,H80,43,85,86,5510760,4029280
2019,이비인후과,H81,438926,987146,989296,55719328850,39772634900
2019,이비인후과,H82,847,1493,1493,36554020,26999920
2019,이비인후과,H83,10199,18039,18050,631818810,453424960
2019,이비인후과,H90,326279,531748,531564,27142291370,19395684210
2019,이비인후과,H91,187086,354387,354751,18572602000,13211978100
2019,이비인후과,H92,44844,58343,58337,1020007290,760156010
2019,이비인후과,H93,240121,511734,511598,16152598310,11744038820
2019,이비인후과,H94,3,3,3,50960,35760
2019,이비인후과,H95,1521,6515,6526,139092710,104293800
2019,이비인후과,I00,14,26,26,329150,258050
2019,이비인후과,I01,2,3,3,40040,33740
2019,이비인후과,I02,2,3,3,50960,35760
2019,이비인후과,I05,2,13,13,157560,134860
2019,이비인후과,I06,3,3,3,47260,39560
2019,이비인후과,I08,1,92,92,1081040,943040
2019,이비인후과,I09,2,8,8,353810,250610
2019,이비인후과,I10,17882,76150,76144,1149539080,884565170
2019,이비인후과,I11,275,1119,1119,16485820,13024920
2019,이비인후과,I12,8,25,25,272310,194510
2019,이비인후과,I13,26,94,94,1408800,1075800
2019,이비인후과,I15,350,1417,1417,19119340,14741740
2019,이비인후과,I20,227,716,724,9118640,7144020
2019,이비인후과,I21,15,32,32,312180,258580
2019,이비인후과,I23,2,3,3,44610,31310
2019,이비인후과,I24,21,42,42,559480,445280
2019,이비인후과,I25,22,56,56,911810,714010
2019,이비인후과,I26,2,2,2,33240,29840
2019,이비인후과,I27,2,3,3,44470,40470
2019,이비인후과,I33,1,1,1,19580,17680
2019,이비인후과,I34,1,1,1,15690,14190
2019,이비인후과,I35,1,1,1,11210,9710
2019,이비인후과,I40,1,2,2,28910,25910
2019,이비인후과,I41,2,2,2,28830,20230
2019,이비인후과,I42,6,23,23,923150,829450
2019,이비인후과,I43,1,1,1,46850,32850
2019,이비인후과,I47,54,91,90,1120570,805670
2019,이비인후과,I48,30,59,59,2240280,1799070
2019,이비인후과,I49,173,257,255,4457160,3336260
2019,이비인후과,I50,35,105,105,1450150,1159350
2019,이비인후과,I51,13,15,15,233170,182270
2019,이비인후과,I52,2,2,2,27300,21900
2019,이비인후과,I60,5,9,9,65010,49310
2019,이비인후과,I61,2,2,2,31380,28380
2019,이비인후과,I63,92,275,274,4777570,3873270
2019,이비인후과,I64,12,58,58,449270,372070
2019,이비인후과,I65,17,39,39,1684570,1217770
2019,이비인후과,I66,78,118,118,1820120,1485020
2019,이비인후과,I67,443,925,924,15762520,12277120
2019,이비인후과,I68,15,49,49,464600,375600
2019,이비인후과,I69,51,140,140,2274050,1804750
2019,이비인후과,I70,101,236,235,4558280,3495180
2019,이비인후과,I71,3,3,3,42580,33180
2019,이비인후과,I72,5,5,5,77860,54660
2019,이비인후과,I73,22357,47309,47306,1034946950,776479330
2019,이비인후과,I74,10,20,20,437030,342730
2019,이비인후과,I77,7,8,8,126880,95480
2019,이비인후과,I78,430,769,769,13747480,10240480
2019,이비인후과,I79,38,66,66,2013120,1446120
2019,이비인후과,I80,33,201,201,2185630,1817630
2019,이비인후과,I81,1,1,1,11210,9710
2019,이비인후과,I82,7,10,10,153910,122710
2019,이비인후과,I83,118,431,431,6396020,4800420
2019,이비인후과,I85,1,1,1,39590,27790
2019,이비인후과,I86,14,23,23,338680,242780
2019,이비인후과,I87,236,397,397,5809360,4267560
2019,이비인후과,I88,9760,15050,15045,336962460,239160680
2019,이비인후과,I89,301,446,446,8975070,6397470
2019,이비인후과,I95,298,356,355,17692540,12658740
2019,이비인후과,I97,1,3,3,38010,26810
2019,이비인후과,I98,3,9,9,105370,74270
2019,이비인후과,I99,8,8,8,103900,80900
2019,이비인후과,J00,534254,920319,920284,15945676760,11759510130
2019,이비인후과,J01,2175380,5135853,5135959,98317568560,72029228460
2019,이비인후과,J02,1347906,2445504,2445544,42494083100,31004370530
2019,이비인후과,J03,1720682,3175296,3178619,58588213780,42457140850
2019,이비인후과,J04,2181053,4440177,4439875,81546541840,59985919690
2019,이비인후과,J05,28783,61078,61236,1228223840,899561600
2019,이비인후과,J06,1436318,2808018,2807936,49095458190,36004167700
2019,이비인후과,J09,15915,23407,23629,429164010,312298750
2019,이비인후과,J10,238594,369057,372367,6894304250,5054498130
2019,이비인후과,J11,73204,114104,115883,2250864170,1672927390
2019,이비인후과,J12,3859,7101,7112,117491490,84500130
2019,이비인후과,J13,24,36,36,645380,469080
2019,이비인후과,J14,2,2,2,26900,22100
2019,이비인후과,J15,45701,94422,94980,1695416710,1263606040
2019,이비인후과,J16,675,1307,1307,21393720,16468820
2019,이비인후과,J17,517,896,896,17234870,12909670
2019,이비인후과,J18,58956,127494,129271,2507087880,1875689470
2019,이비인후과,J20,4600432,11876623,11878004,203933760870,149922490040
2019,이비인후과,J21,304322,776872,777271,13166280560,9896194570
2019,이비인후과,J22,142804,304482,304480,5649047560,4124532440
2019,이비인후과,J30,2634370,5608810,5608851,107301663900,78171603680
2019,이비인후과,J31,691774,1526912,1527475,27728767260,20268367510
2019,이비인후과,J32,1609477,4315678,4322482,107715549720,78412287680
2019,이비인후과,J33,26799,62439,62371,2561153120,1857889340
2019,이비인후과,J34,863088,1741099,1747235,49440623030,36329321140
2019,이비인후과,J35,333334,617316,627580,20043827530,15508893290
2019,이비인후과,J36,165663,300586,301325,6278178770,4514024750
2019,이비인후과,J37,388459,822605,822632,16347103850,11983919570
2019,이비인후과,J38,471707,824302,824454,27413658600,19574051080
2019,이비인후과,J39,231834,418251,418348,8328875740,6002378780
2019,이비인후과,J40,538544,1176877,1176970,21457566360,15680809840
2019,이비인후과,J41,56609,121077,121070,1928216420,1451278610
2019,이비인후과,J42,80673,179524,179525,3071994970,2263832640
2019,이비인후과,J43,22,35,34,577770,456870
2019,이비인후과,J44,3051,5602,5597,152713980,112239480
2019,이비인후과,J45,154263,338387,338347,6880088370,5093775040
2019,이비인후과,J46,2686,5566,5566,98520680,74835180
2019,이비인후과,J47,146,457,456,7086560,5616460
2019,이비인후과,J60,11,12,12,193770,146270
2019,이비인후과,J62,2,2,2,32940,23140
2019,이비인후과,J63,1,1,1,11210,7910
2019,이비인후과,J66,1,1,1,26620,18720
2019,이비인후과,J67,4,4,4,72190,53890
2019,이비인후과,J68,14,16,16,382920,272020
2019,이비인후과,J69,4,7,7,101190,72890
2019,이비인후과,J80,8,9,9,225090,165790
2019,이비인후과,J81,3,4,4,62800,53000
2019,이비인후과,J82,45,80,80,2715750,1905450
2019,이비인후과,J84,21,68,68,2328810,2058340
2019,이비인후과,J85,1,1,1,11210,7910
2019,이비인후과,J90,3,3,2,87200,65400
2019,이비인후과,J91,2,3,3,61110,43010
2019,이비인후과,J92,1,1,1,15690,10990
2019,이비인후과,J93,33,42,42,758670,556770
2019,이비인후과,J95,6,18,17,359110,278910
2019,이비인후과,J96,8,8,8,132310,103410
2019,이비인후과,J98,3321,8863,8863,120927330,89914940
2019,이비인후과,J99,4,5,5,82870,62470
2019,이비인후과,K00,5,6,6,90130,65730
2019,이비인후과,K01,5,6,6,231090,162090
2019,이비인후과,K02,47,54,54,865840,636840
2019,이비인후과,K03,6,6,6,99440,69940
2019,이비인후과,K04,488,826,825,14512890,10938190
2019,이비인후과,K05,5881,9527,9527,146622010,114748910
2019,이비인후과,K06,67,78,78,1860000,1354500
2019,이비인후과,K07,21600,30842,30839,516008010,391170150
2019,이비인후과,K08,630,934,934,16389640,11941240
2019,이비인후과,K09,1314,2163,2148,85147170,60865380
2019,이비인후과,K10,470,716,715,12207160,9211560
2019,이비인후과,K11,60163,100785,100790,2379937760,1725712420
2019,이비인후과,K12,339297,615635,615606,11442833670,8530582980
2019,이비인후과,K13,9162,15711,15699,362252770,268594970
2019,이비인후과,K14,53244,99305,99293,1585582540,1246204100
2019,이비인후과,K20,246,380,380,5961790,4589190
2019,이비인후과,K21,347659,730757,730654,18025224530,13062347100
2019,이비인후과,K22,92,119,119,2885150,2160450
2019,이비인후과,K23,4,5,5,101030,74130
2019,이비인후과,K25,5246,9087,9086,178191550,131751500
2019,이비인후과,K26,947,1520,1520,26270840,19524690
2019,이비인후과,K27,4485,7775,7775,151269540,110068840
2019,이비인후과,K28,145,212,212,3490600,2642500
2019,이비인후과,K29,167612,288191,288180,5442386610,3957224770
2019,이비인후과,K30,20570,31369,31366,613988080,445508890
2019,이비인후과,K31,580,1015,1015,38029100,28660510
2019,이비인후과,K35,48,51,50,934160,668960
2019,이비인후과,K36,15,17,17,384560,272060
2019,이비인후과,K37,26,97,96,2875950,2244340
2019,이비인후과,K38,7,7,7,145810,104110
2019,이비인후과,K40,12,18,18,585260,419860
2019,이비인후과,K41,3,4,4,53420,37620
2019,이비인후과,K42,2,2,2,29680,26480
2019,이비인후과,K43,2,3,3,58760,46960
2019,이비인후과,K45,1,1,1,15690,10990
2019,이비인후과,K46,1,1,1,16600,13200
2019,이비인후과,K50,58,101,101,18474410,16361430
2019,이비인후과,K51,35,79,79,8034710,6850490
2019,이비인후과,K52,7845,12980,12976,201587480,151197180
2019,이비인후과,K55,3,10,10,122310,105710
2019,이비인후과,K56,10,78,78,926870,781870
2019,이비인후과,K57,8,16,16,268140,188340
2019,이비인후과,K58,9582,14266,14266,234316410,173227830
2019,이비인후과,K59,18934,35580,35583,637356430,487929180
2019,이비인후과,K60,11,114,114,1362960,982760
2019,이비인후과,K61,20,46,46,681300,524400
2019,이비인후과,K62,13,15,15,236970,185670
2019,이비인후과,K63,229,317,317,42858990,33749280
2019,이비인후과,K64,376,1075,1075,30369310,21740310
2019,이비인후과,K65,1,1,1,21510,17210
2019,이비인후과,K67,1,1,1,15690,10990
2019,이비인후과,K70,121,255,255,5339200,3858200
2019,이비인후과,K71,80,177,177,5059410,3687530
2019,이비인후과,K72,2,3,3,39890,28090
2019,이비인후과,K73,90,175,175,3951820,2879670
2019,이비인후과,K74,20,52,52,764930,596230
2019,이비인후과,K75,333,569,569,13160650,9475350
2019,이비인후과,K76,901,1483,1483,53761480,38333110
2019,이비인후과,K77,11,20,20,654660,459160
2019,이비인후과,K80,96,212,211,5427970,4071800
2019,이비인후과,K81,8,9,9,295260,210260
2019,이비인후과,K82,13,23,23,341330,248530
2019,이비인후과,K83,8,11,11,127170,92670
2019,이비인후과,K85,21,25,25,1441990,1010590
2019,이비인후과,K86,11,15,14,251780,209680
2019,이비인후과,K87,2,2,2,32720,29320
2019,이비인후과,K90,7,9,9,152390,110990
2019,이비인후과,K91,5,12,12,202640,158240
2019,이비인후과,K92,183,254,254,5501140,4118590
2019,이비인후과,K93,23,30,30,604850,455150
2019,이비인후과,L00,6,6,13,863100,755300
2019,이비인후과,L01,16775,25553,25557,428524980,318046100
2019,이비인후과,L02,18234,29298,29298,558009350,407574320
2019,이비인후과,L03,24564,42924,42929,748151850,546978260
2019,이비인후과,L04,330050,583423,583430,10595469550,7632385580
2019,이비인후과,L05,176,250,250,5269740,3792640
2019,이비인후과,L08,7129,9980,9979,179550030,130877060
2019,이비인후과,L10,28,44,44,717660,536660
2019,이비인후과,L12,33,47,47,707090,562390
2019,이비인후과,L13,698,1242,1242,18921710,14097910
2019,이비인후과,L20,29556,44988,44974,811313610,606834020
2019,이비인후과,L21,5775,8383,8383,138201830,105013440
2019,이비인후과,L22,76,90,90,1466180,1217280
2019,이비인후과,L23,28014,44056,44054,809952880,605044600
2019,이비인후과,L24,2643,3990,3989,66823950,50603050
2019,이비인후과,L25,3340,4753,4752,77922020,59163320
2019,이비인후과,L26,1,1,1,15690,10990
2019,이비인후과,L27,179,249,248,6691350,4893850
2019,이비인후과,L28,1701,2694,2693,55175790,40738690
2019,이비인후과,L29,7677,14200,14200,225995800,170994380
2019,이비인후과,L30,16275,23770,23769,416159790,314610670
2019,이비인후과,L40,558,938,938,16516680,12170280
2019,이비인후과,L41,6,9,9,146370,107770
2019,이비인후과,L42,18,25,25,398040,282040
2019,이비인후과,L43,418,1119,1117,19851750,15257350
2019,이비인후과,L44,5,5,5,70980,52480
2019,이비인후과,L50,37549,63330,63321,1275972410,940692400
2019,이비인후과,L51,15,23,23,436730,315530
2019,이비인후과,L52,2,2,2,60650,42550
2019,이비인후과,L53,24,31,31,460910,339310
2019,이비인후과,L54,1,8,8,107600,75600
2019,이비인후과,L55,36,44,44,782960,556960
2019,이비인후과,L56,8,8,8,127470,93270
2019,이비인후과,L57,21,40,40,1248470,1007970
2019,이비인후과,L59,2,5,5,15690,10990
2019,이비인후과,L60,217,377,377,10676500,7689300
2019,이비인후과,L62,4,6,6,95940,75640
2019,이비인후과,L63,357,875,874,25951790,18281890
2019,이비인후과,L64,77,123,123,1821590,1281390
2019,이비인후과,L65,87,138,138,2243160,1593060
2019,이비인후과,L66,32,52,52,810170,591370
2019,이비인후과,L70,613,1110,1110,16278370,11496070
2019,이비인후과,L71,112,137,136,1995040,1516840
2019,이비인후과,L72,1751,2755,2768,90874520,65028610
2019,이비인후과,L73,140,318,318,6051640,4313540
2019,이비인후과,L74,33,37,37,548310,457010
2019,이비인후과,L75,1,1,1,16490,11590
2019,이비인후과,L80,37,51,53,4180060,3162340
2019,이비인후과,L81,80,86,85,1083510,797110
2019,이비인후과,L82,24,27,27,970830,690230
2019,이비인후과,L83,6,10,10,443820,312920
2019,이비인후과,L84,1444,2453,2453,118063050,83661050
2019,이비인후과,L85,1015,1435,1435,24427540,18422940
2019,이비인후과,L86,5,6,6,101520,77720
2019,이비인후과,L88,1,1,1,15690,10990
2019,이비인후과,L89,128,257,257,6792970,4959470
2019,이비인후과,L90,22,27,27,494100,365400
2019,이비인후과,L91,391,646,645,24026330,16953400
2019,이비인후과,L92,109,137,137,5824620,4129520
2019,이비인후과,L93,2,8,8,667770,467770
2019,이비인후과,L94,3,3,3,47070,39370
2019,이비인후과,L95,11,12,12,266140,189240
2019,이비인후과,L98,334,826,826,21603400,15515300
2019,이비인후과,L99,3,3,3,47070,32970
2019,이비인후과,M00,902,1947,1947,30194750,22025750
2019,이비인후과,M01,29,33,33,644660,486260
2019,이비인후과,M02,678,1218,1218,22162620,16056550
2019,이비인후과,M03,518,895,895,14908870,11000470
2019,이비인후과,M05,302,734,734,15734270,13254870
2019,이비인후과,M06,369,750,750,11313260,8962360
2019,이비인후과,M07,22,69,69,978510,733810
2019,이비인후과,M08,19,37,37,529540,391840
2019,이비인후과,M09,5,16,16,204220,174020
2019,이비인후과,M10,632,1539,1539,24858260,18572060
2019,이비인후과,M11,3,4,4,82370,57770
2019,이비인후과,M12,31,76,76,1144460,934360
2019,이비인후과,M13,5383,10029,10029,166554870,127232570
2019,이비인후과,M14,8,8,8,221990,157890
2019,이비인후과,M15,435,1025,1025,15555100,12196600
2019,이비인후과,M16,17,63,63,932670,796670
2019,이비인후과,M17,572,1910,1910,29789790,23854590
2019,이비인후과,M18,2,5,5,80770,56770
2019,이비인후과,M19,4017,7698,7698,133466080,95362080
2019,이비인후과,M20,5,5,5,73240,51440
2019,이비인후과,M21,6,7,7,129650,94350
2019,이비인후과,M22,9,13,13,199440,147840
2019,이비인후과,M23,15,21,21,295530,243330
2019,이비인후과,M24,145,232,230,6537000,4781000
2019,이비인후과,M25,16195,29288,29288,535356260,388654850
2019,이비인후과,M30,20,72,72,2085780,1817280
2019,이비인후과,M31,10,159,159,4505090,4056490
2019,이비인후과,M32,17,55,55,1855750,1614950
2019,이비인후과,M33,13,18,18,248150,184350
2019,이비인후과,M34,1,3,3,38110,34410
2019,이비인후과,M35,1160,2909,2906,52337190,42923590
2019,이비인후과,M41,28,75,75,1484860,1047160
2019,이비인후과,M43,116,147,147,2944350,2266550
2019,이비인후과,M45,42,88,88,2517980,2151080
2019,이비인후과,M46,108,208,208,3581290,2721990
2019,이비인후과,M47,184,360,359,9405200,6995200
2019,이비인후과,M48,168,609,609,10997330,8921730
2019,이비인후과,M49,29,89,89,4768610,3507610
2019,이비인후과,M50,308,938,938,65983480,46835580
2019,이비인후과,M51,256,642,641,23248870,16632070
2019,이비인후과,M53,655,1058,1056,30000420,21326620
2019,이비인후과,M54,11325,22350,22349,561647530,412644460
2019,이비인후과,M60,1605,2135,2135,37963630,27522360
2019,이비인후과,M61,2,48,48,557680,483880
2019,이비인후과,M62,5251,8567,8566,165316240,119255440
2019,이비인후과,M63,32,45,45,872350,643550
2019,이비인후과,M65,141,418,418,8594500,6496200
2019,이비인후과,M67,20,27,27,1258990,893290
2019,이비인후과,M70,48,60,60,1081270,785670
2019,이비인후과,M71,35,85,85,1413800,1037300
2019,이비인후과,M72,118,246,246,7422810,5287010
2019,이비인후과,M73,194,453,453,6636720,5251120
2019,이비인후과,M75,578,1522,1522,39708760,29269760
2019,이비인후과,M76,72,155,155,3340890,2356890
2019,이비인후과,M77,326,772,773,16939900,12091360
2019,이비인후과,M79,87213,140972,140968,2695499970,1966140660
2019,이비인후과,M80,33,73,73,1217400,905300
2019,이비인후과,M81,416,1083,1083,26887670,20558610
2019,이비인후과,M82,10,16,16,280090,206890
2019,이비인후과,M83,7,7,7,106620,86920
2019,이비인후과,M84,3,3,3,88720,72220
2019,이비인후과,M85,6,10,14,2177170,1143000
2019,이비인후과,M86,1,2,2,30170,25470
2019,이비인후과,M87,1,37,37,424570,299670
2019,이비인후과,M89,179,320,320,5086190,3947490
2019,이비인후과,M92,2,2,2,51570,36170
2019,이비인후과,M93,3,14,14,475460,333360
2019,이비인후과,M94,16,44,44,711950,530350
2019,이비인후과,M95,415,977,977,82656000,59684560
2019,이비인후과,M96,2,3,3,301950,211550
2019,이비인후과,M99,36,152,152,2515580,1906280
2019,이비인후과,N00,4171,7512,7512,161183300,114322200
2019,이비인후과,N01,2,2,2,31440,22040
2019,이비인후과,N02,15,18,18,454640,322540
2019,이비인후과,N03,2,5,5,154990,108690
2019,이비인후과,N04,12,24,24,382820,269320
2019,이비인후과,N05,6,10,10,213510,157610
2019,이비인후과,N06,8,9,9,202100,148200
2019,이비인후과,N08,8,11,11,217690,159790
2019,이비인후과,N10,527,983,982,19061860,13974160
2019,이비인후과,N11,3,4,4,55660,39260
2019,이비인후과,N12,41,136,136,2659250,1884150
2019,이비인후과,N13,5,7,7,105580,97580
2019,이비인후과,N15,2,2,2,79550,55750
2019,이비인후과,N16,1,1,1,15690,10990
2019,이비인후과,N17,2,2,2,22420,19420
2019,이비인후과,N18,45,104,104,2147150,1909450
2019,이비인후과,N19,17,44,44,891900,693400
2019,이비인후과,N20,20,69,69,856060,696860
2019,이비인후과,N21,27,63,63,1055360,786760
2019,이비인후과,N22,4,6,6,118550,88850
2019,이비인후과,N23,3,4,4,139240,97640
2019,이비인후과,N28,13,15,15,845040,592240
2019,이비인후과,N30,5163,8420,8439,136903920,102925100
2019,이비인후과,N31,259,608,608,8791340,7221740
2019,이비인후과,N32,134,277,277,3765090,3159290
2019,이비인후과,N33,1,1,1,11210,7910
2019,이비인후과,N34,192,303,303,5071190,3863990
2019,이비인후과,N36,1,1,1,19580,17680
2019,이비인후과,N37,11,25,25,428160,336460
2019,이비인후과,N39,709,1407,1407,21602480,16902680
2019,이비인후과,N40,2404,6895,6895,93796130,75689000
2019,이비인후과,N41,258,749,749,9397020,7782020
2019,이비인후과,N42,57,150,150,1748720,1370120
2019,이비인후과,N43,2,2,2,27480,23580
2019,이비인후과,N45,13,18,16,251350,196950
2019,이비인후과,N47,2,2,2,35270,27970
2019,이비인후과,N48,282,372,378,6435850,5065100
2019,이비인후과,N50,5,8,8,136140,105140
2019,이비인후과,N51,3,5,5,23000,17300
2019,이비인후과,N60,4,4,4,59840,50440
2019,이비인후과,N61,5,9,9,115610,81510
2019,이비인후과,N62,2,3,3,141120,99020
2019,이비인후과,N63,4,4,4,60140,42340
2019,이비인후과,N64,21,21,21,336290,241690
2019,이비인후과,N71,1,1,1,15690,10990
2019,이비인후과,N72,3,3,3,53340,37440
2019,이비인후과,N73,1,1,1,15690,10990
2019,이비인후과,N74,1,2,2,30790,21690
2019,이비인후과,N76,121,166,166,2702850,2034650
2019,이비인후과,N77,13,15,15,215620,153320
2019,이비인후과,N80,9,23,23,313980,228380
2019,이비인후과,N81,2,4,4,58930,44630
2019,이비인후과,N84,1,1,1,15690,10990
2019,이비인후과,N85,2,4,4,44840,31640
2019,이비인후과,N88,1,3,3,47380,33380
2019,이비인후과,N89,1,1,1,19580,13780
2019,이비인후과,N91,11,27,27,600390,421390
2019,이비인후과,N92,23,31,31,462810,325710
2019,이비인후과,N93,6,16,16,201250,165650
2019,이비인후과,N94,1246,1975,1975,29531600,20879000
2019,이비인후과,N95,424,1265,1265,17385090,12911890
2019,이비인후과,N96,1,1,1,19580,17680
2019,이비인후과,N97,20,87,87,1261580,887980
2019,이비인후과,N98,2,5,5,60540,42640
2019,이비인후과,O00,33,47,47,1166190,1044490
2019,이비인후과,O02,1,2,2,30170,25470
2019,이비인후과,O08,1,12,12,318930,223630
2019,이비인후과,O21,3,9,9,133230,111030
2019,이비인후과,O24,1,1,1,19580,13780
2019,이비인후과,O26,4,4,4,82640,57940
2019,이비인후과,O30,1,3,3,46480,32680
2019,이비인후과,O60,1,1,1,19580,13780
2019,이비인후과,O86,1,1,1,15690,10990
2019,이비인후과,O90,3,5,5,208440,146140
2019,이비인후과,O91,5,5,5,76460,53660
2019,이비인후과,O92,4,4,4,62760,43960
2019,이비인후과,O99,4,5,5,73670,62370
2019,이비인후과,P01,1,3,3,76030,53330
2019,이비인후과,P07,2,2,2,37710,36010
2019,이비인후과,P22,16,92,92,1513900,1361300
2019,이비인후과,P23,1,2,2,35470,32070
2019,이비인후과,P28,44,46,46,1232090,901090
2019,이비인후과,P35,6,6,6,96260,67560
2019,이비인후과,P38,10,12,12,242810,231310
2019,이비인후과,P39,3,4,4,70680,65480
2019,이비인후과,P59,8,9,9,187260,178660
2019,이비인후과,P78,1,1,1,12610,12010
2019,이비인후과,P81,4,4,4,116230,95430
2019,이비인후과,P83,6,6,6,108080,97380
2019,이비인후과,P90,1,1,1,17890,17090
2019,이비인후과,P92,4,4,4,75450,72050
2019,이비인후과,Q04,1,3,3,33630,30330
2019,이비인후과,Q10,1,1,1,100030,70030
2019,이비인후과,Q15,6,14,14,170060,144160
2019,이비인후과,Q16,47,84,84,1925410,1425210
2019,이비인후과,Q17,164,323,322,12361730,9007540
2019,이비인후과,Q18,4689,12782,12947,398860690,298330220
2019,이비인후과,Q20,1,103,130,4621660,4143480
2019,이비인후과,Q21,6,9,9,255070,184970
2019,이비인후과,Q23,1,2,2,99660,89760
2019,이비인후과,Q26,3,3,3,86780,64980
2019,이비인후과,Q27,2,3,3,70850,57550
2019,이비인후과,Q28,2,2,2,35270,27970
2019,이비인후과,Q30,15,22,22,792910,571010
2019,이비인후과,Q31,21,21,21,620690,513190
2019,이비인후과,Q32,2,2,2,33580,28080
2019,이비인후과,Q34,2,3,3,54710,43410
2019,이비인후과,Q35,28,51,51,942500,786200
2019,이비인후과,Q36,5,8,8,2516880,1797190
2019,이비인후과,Q37,3,3,3,54730,41630
2019,이비인후과,Q38,2330,4188,4265,231901050,192170350
2019,이비인후과,Q39,2,3,5,2046250,1637630
2019,이비인후과,Q43,1,1,1,14540,13840
2019,이비인후과,Q53,3,6,4,85160,72660
2019,이비인후과,Q54,1,1,1,11790,9390
2019,이비인후과,Q55,1,1,1,19580,13780
2019,이비인후과,Q63,1,4,4,63450,60550
2019,이비인후과,Q65,1,1,1,12610,12010
2019,이비인후과,Q66,4,6,6,104140,74840
2019,이비인후과,Q67,21,37,37,583480,450080
2019,이비인후과,Q68,2,2,2,35270,24770
2019,이비인후과,Q69,1,1,1,12610,12010
2019,이비인후과,Q70,1,1,1,18530,14730
2019,이비인후과,Q72,1,5,5,105160,73960
2019,이비인후과,Q74,3,3,3,43490,33490
2019,이비인후과,Q75,2,3,3,210820,187220
2019,이비인후과,Q76,5,5,5,90630,72730
2019,이비인후과,Q77,2,2,2,227430,204830
2019,이비인후과,Q78,2,4,4,110100,96100
2019,이비인후과,Q79,2,2,2,37520,26320
2019,이비인후과,Q81,2,7,7,105540,91240
2019,이비인후과,Q82,23,39,39,948080,741080
2019,이비인후과,Q85,15,28,29,1526520,1358330
2019,이비인후과,Q87,18,156,156,2832090,2558090
2019,이비인후과,Q89,419,627,636,24930790,18793650
2019,이비인후과,Q90,21,183,183,3118540,2802840
2019,이비인후과,Q91,1,26,26,343520,310920
2019,이비인후과,Q93,2,14,23,1203320,1135720
2019,이비인후과,Q96,3,3,3,61590,52390
2019,이비인후과,Q98,1,3,3,44450,40150
2019,이비인후과,Q99,2,2,2,28830,20230
2019,이비인후과,R00,414,701,699,12593080,9016180
2019,이비인후과,R01,8,11,11,161980,129280
2019,이비인후과,R02,4,5,5,80750,56750
2019,이비인후과,R03,94,178,178,2732780,2074080
2019,이비인후과,R04,175012,293277,293308,8649235960,6244578870
2019,이비인후과,R05,33722,57755,57742,980537760,729939760
2019,이비인후과,R06,17132,31957,32019,880853330,657295420
2019,이비인후과,R07,48589,77066,77062,1265774660,913439860
2019,이비인후과,R09,26034,44345,44340,760335690,555533990
2019,이비인후과,R10,6916,8948,8946,254850860,190077450
2019,이비인후과,R11,10223,14346,14346,331238290,240648200
2019,이비인후과,R12,5863,9750,9747,174537820,127990390
2019,이비인후과,R13,488,787,784,16666600,12269700
2019,이비인후과,R14,60,77,77,1353660,982660
2019,이비인후과,R15,3,3,3,61440,43140
2019,이비인후과,R17,10,12,12,266280,201880
2019,이비인후과,R18,2,2,2,27420,23020
2019,이비인후과,R19,2655,4071,4069,119068770,85338870
2019,이비인후과,R20,76,88,87,1542430,1168830
2019,이비인후과,R21,245,292,291,5070450,3887350
2019,이비인후과,R22,1735,2240,2231,52270390,37891110
2019,이비인후과,R23,62,85,85,1286450,966550
2019,이비인후과,R25,406,618,615,10035170,7646470
2019,이비인후과,R26,19,27,27,733180,558680
2019,이비인후과,R27,2,2,2,27480,20380
2019,이비인후과,R29,33,70,70,1105060,819760
2019,이비인후과,R30,57,76,76,1459370,1117270
2019,이비인후과,R31,48,80,80,1349000,978900
2019,이비인후과,R32,85,190,190,2904580,2379580
2019,이비인후과,R33,5,5,5,82340,64140
2019,이비인후과,R35,95,190,189,2798240,2297840
2019,이비인후과,R36,2,2,2,29680,26480
2019,이비인후과,R39,12,12,12,211600,165200
2019,이비인후과,R40,24,58,59,4677350,3733660
2019,이비인후과,R41,282,559,558,9411010,7309610
2019,이비인후과,R42,97655,176141,176085,9186715650,6557818490
2019,이비인후과,R43,27857,49585,49551,1259287320,905673050
2019,이비인후과,R44,23,24,24,484940,371440
2019,이비인후과,R45,673,1415,1415,23002980,17659680
2019,이비인후과,R46,204,309,309,3868490,2853390
2019,이비인후과,R47,807,6316,6313,84641730,65398830
2019,이비인후과,R49,8209,15737,15731,516773870,370613210
2019,이비인후과,R50,27179,40416,40428,707620400,515775940
2019,이비인후과,R51,26470,35937,35925,638286690,465400160
2019,이비인후과,R52,24062,38368,38374,712273820,518440270
2019,이비인후과,R53,2128,3364,3364,57226980,41686880
2019,이비인후과,R54,9,11,11,186170,145270
2019,이비인후과,R55,117,160,160,8821700,6280200
2019,이비인후과,R56,106,232,239,5839710,4574860
2019,이비인후과,R57,42,88,88,1530600,1210600
2019,이비인후과,R58,86,115,122,3628050,2525850
2019,이비인후과,R59,7789,11866,11867,262036560,187078130
2019,이비인후과,R60,1469,3106,3106,74051340,53328340
2019,이비인후과,R61,51,59,59,1080540,792640
2019,이비인후과,R62,302,778,777,11804650,9075450
2019,이비인후과,R63,432,561,561,10728180,7941770
2019,이비인후과,R64,3,4,4,64160,54560
2019,이비인후과,R68,11200,13309,13266,224082040,159694040
2019,이비인후과,R69,13,22,22,339370,272970
2019,이비인후과,R70,1,2,2,30350,24150
2019,이비인후과,R72,1,1,1,15690,10990
2019,이비인후과,R73,242,399,398,9673450,7224750
2019,이비인후과,R74,8,11,11,232720,163420
2019,이비인후과,R76,52,67,67,2880780,1520010
2019,이비인후과,R77,1,1,1,12730,8930
2019,이비인후과,R78,11,41,41,758330,547530
2019,이비인후과,R79,12,15,14,859380,608180
2019,이비인후과,R80,32,49,49,816550,585050
2019,이비인후과,R81,84,285,285,3807930,2912970
2019,이비인후과,R82,6,8,8,150290,106590
2019,이비인후과,R84,36,38,38,640690,501190
2019,이비인후과,R85,1,1,1,15690,10990
2019,이비인후과,R86,1,1,1,15690,10990
2019,이비인후과,R87,4,11,11,132690,99690
2019,이비인후과,R89,4,5,5,101020,70820
2019,이비인후과,R91,7,12,12,320250,240450
2019,이비인후과,R93,1,1,1,19580,13780
2019,이비인후과,R94,747,1018,1018,39644150,28088150
2019,이비인후과,S00,22344,34299,34299,696953750,517065930
2019,이비인후과,S01,20464,41376,41375,893354910,666179480
2019,이비인후과,S02,11970,21150,21563,1542964410,1141841100
2019,이비인후과,S03,2762,4123,4146,81884160,61513660
2019,이비인후과,S04,129,201,201,3870170,2940170
2019,이비인후과,S05,99,130,130,3188250,2349050
2019,이비인후과,S06,17,20,20,664540,489440
2019,이비인후과,S07,44,60,60,1094600,823300
2019,이비인후과,S08,12,22,22,531450,392450
2019,이비인후과,S09,7371,20975,20991,1099334560,779568710
2019,이비인후과,S10,488,623,621,17001100,12167200
2019,이비인후과,S11,101,198,198,4376010,3181110
2019,이비인후과,S12,15,19,19,676320,503820
2019,이비인후과,S13,2007,2862,2860,48751390,36498190
2019,이비인후과,S14,2,2,2,43520,30520
2019,이비인후과,S15,4,4,4,70560,51360
2019,이비인후과,S16,7,8,8,134310,94310
2019,이비인후과,S17,8,12,12,545140,390140
2019,이비인후과,S19,14,17,17,299820,215620
2019,이비인후과,S20,22,34,34,623620,489520
2019,이비인후과,S21,13,63,63,1082890,849490
2019,이비인후과,S22,13,100,100,1284160,915960
2019,이비인후과,S23,147,249,249,5228490,3856690
2019,이비인후과,S24,2,5,5,73830,56630
2019,이비인후과,S25,1,1,1,14480,14480
2019,이비인후과,S28,1,1,1,17920,12620
2019,이비인후과,S29,2,2,2,29130,22930
2019,이비인후과,S30,16,21,21,391130,311030
2019,이비인후과,S31,22,42,42,761770,549170
2019,이비인후과,S32,5,19,19,239120,203020
2019,이비인후과,S33,637,1583,1583,29076120,21749920
2019,이비인후과,S34,4,4,4,65000,47200
2019,이비인후과,S40,16,30,30,538990,424790
2019,이비인후과,S41,17,25,25,475190,344690
2019,이비인후과,S42,1,4,4,68170,47770
2019,이비인후과,S43,372,602,602,12424270,8951070
2019,이비인후과,S44,1,2,2,49880,34980
2019,이비인후과,S46,5,16,16,258780,212980
2019,이비인후과,S49,4,10,10,183430,134530
2019,이비인후과,S50,90,155,155,2913040,2182750
2019,이비인후과,S51,109,190,190,3883800,2918600
2019,이비인후과,S52,5,9,9,123840,90240
2019,이비인후과,S53,36,62,61,1234830,936030
2019,이비인후과,S54,2,2,2,45450,31850
2019,이비인후과,S55,3,3,3,76070,62070
2019,이비인후과,S56,5,11,11,179540,126240
2019,이비인후과,S57,1,1,1,21830,17530
2019,이비인후과,S59,19,39,39,845590,617890
2019,이비인후과,S60,246,305,305,6704870,4993670
2019,이비인후과,S61,753,1349,1349,28009910,20593710
2019,이비인후과,S62,9,16,16,280880,197580
2019,이비인후과,S63,220,430,430,9765430,6906830
2019,이비인후과,S65,82,153,153,3420920,2470560
2019,이비인후과,S66,17,26,26,395980,283180
2019,이비인후과,S67,2,4,4,68020,53620
2019,이비인후과,S68,15,23,23,471130,354430
2019,이비인후과,S69,14,26,26,542420,402120
2019,이비인후과,S70,13,24,24,469610,370010
2019,이비인후과,S71,15,22,22,465870,357070
2019,이비인후과,S72,2,4,4,58110,47810
2019,이비인후과,S73,18,58,58,1032450,741350
2019,이비인후과,S76,3,9,9,162940,114340
2019,이비인후과,S79,3,3,3,54980,38580
2019,이비인후과,S80,158,260,260,5140930,3885130
2019,이비인후과,S81,267,626,626,13192460,9691660
2019,이비인후과,S82,65,107,107,4537900,3238490
2019,이비인후과,S83,68,244,244,4244610,3137610
2019,이비인후과,S84,2,3,3,54140,38040
2019,이비인후과,S85,3,6,6,78680,61480
2019,이비인후과,S86,4,13,13,229860,161260
2019,이비인후과,S87,1,1,1,25720,18020
2019,이비인후과,S89,7,19,19,341590,245190
2019,이비인후과,S90,130,192,192,3827660,2878500
2019,이비인후과,S91,243,373,373,7445210,5563510
2019,이비인후과,S92,5,5,5,95430,67030
2019,이비인후과,S93,188,442,442,8936550,6350950
2019,이비인후과,S95,4,5,5,135710,95210
2019,이비인후과,S97,4,4,4,85480,59980
2019,이비인후과,S99,17,31,31,608990,436290
2019,이비인후과,T00,183,339,339,6364820,5051600
2019,이비인후과,T01,120,249,249,5271390,3836690
2019,이비인후과,T03,7,7,7,112910,83910
2019,이비인후과,T04,381,835,835,16656170,12074770
2019,이비인후과,T06,3,4,4,73290,54990
2019,이비인후과,T09,18,27,27,509710,382410
2019,이비인후과,T10,4,5,5,101730,71530
2019,이비인후과,T11,20,30,30,756300,549600
2019,이비인후과,T12,3,3,3,47070,36170
2019,이비인후과,T13,106,146,146,2700720,2018120
2019,이비인후과,T14,1198,1996,1996,40875780,30012880
2019,이비인후과,T15,2146,2658,2658,100210820,71092020
2019,이비인후과,T16,150296,200863,200854,6123027130,4418212040
2019,이비인후과,T17,108867,124479,124437,4467704170,3185485560
2019,이비인후과,T18,1797,1887,1883,51214400,37044420
2019,이비인후과,T20,146,251,252,7533820,5998510
2019,이비인후과,T21,67,156,156,4228180,3068880
2019,이비인후과,T22,110,263,263,6044280,4456180
2019,이비인후과,T23,338,635,635,17285050,12459550
2019,이비인후과,T24,58,177,177,4688020,3467420
2019,이비인후과,T25,71,161,161,4384210,3152210
2019,이비인후과,T26,2,2,2,37520,29520
2019,이비인후과,T27,13,22,22,813110,619010
2019,이비인후과,T28,150,218,220,4311910,3171360
2019,이비인후과,T29,35,72,72,2110680,1491180
2019,이비인후과,T30,721,1405,1405,37072190,26838390
2019,이비인후과,T31,5,19,19,663400,465300
2019,이비인후과,T32,1,1,1,8180,5780
2019,이비인후과,T33,21,31,31,596010,433010
2019,이비인후과,T35,3,5,5,106880,74980
2019,이비인후과,T37,2,14,14,194680,140680
2019,이비인후과,T39,2,2,2,31360,21960
2019,이비인후과,T46,2,2,2,35270,24770
2019,이비인후과,T49,1,1,1,20490,16190
2019,이비인후과,T50,2,2,2,56600,39700
2019,이비인후과,T51,1,1,1,19580,13780
2019,이비인후과,T52,1,2,2,22420,15820
2019,이비인후과,T54,1,1,1,15690,10990
2019,이비인후과,T56,2,3,3,48930,34430
2019,이비인후과,T58,1,1,1,15690,10990
2019,이비인후과,T59,2,2,2,35270,24770
2019,이비인후과,T60,4,6,6,102500,75500
2019,이비인후과,T61,2,3,3,74600,55500
2019,이비인후과,T62,1,1,1,19580,13780
2019,이비인후과,T63,20,27,27,442830,342730
2019,이비인후과,T65,2,2,2,55280,38780
2019,이비인후과,T66,1,1,1,23460,16460
2019,이비인후과,T67,1091,1775,1775,33225990,24147090
2019,이비인후과,T68,1,1,1,14240,11340
2019,이비인후과,T69,2,2,2,31380,21980
2019,이비인후과,T70,825,1148,1148,28349370,20035470
2019,이비인후과,T73,170,261,261,4361450,3163550
2019,이비인후과,T75,71,88,88,1934870,1382970
2019,이비인후과,T78,1694,2506,2506,51578330,37938630
2019,이비인후과,T79,432,726,726,15742260,11247960
2019,이비인후과,T81,917,1616,1866,94033120,71165320
2019,이비인후과,T87,1,1,1,15690,10990
2019,이비인후과,T88,359,507,507,9454660,6993760
2019,이비인후과,T90,4,11,11,148810,121110
2019,이비인후과,T91,2,2,2,31380,25180
2019,이비인후과,T93,4,6,6,112370,78970
2019,이비인후과,T95,5,11,11,144000,108200
2019,이비인후과,Z00,798,1001,1001,17456570,12829570
2019,이비인후과,Z01,7344,8802,8799,383662760,272813060
2019,이비인후과,Z02,13,13,13,48380,33980
2019,이비인후과,Z03,609,718,717,12392000,9533300
2019,이비인후과,Z04,89,96,96,2342960,1723760
2019,이비인후과,Z08,101,150,150,4787570,3507970
2019,이비인후과,Z09,18,37,37,505640,375140
2019,이비인후과,Z10,31,94,94,1547000,1167200
2019,이비인후과,Z11,10,11,11,699270,490070
2019,이비인후과,Z12,1,1,1,116860,81860
2019,이비인후과,Z13,30,36,36,2268090,1954590
2019,이비인후과,Z20,66,73,73,2952220,1788850
2019,이비인후과,Z22,2,2,2,51610,36210
2019,이비인후과,Z23,40,93,93,1917430,1463730
2019,이비인후과,Z24,68,86,86,1355200,966800
2019,이비인후과,Z25,2084,3168,3164,53874780,40837390
2019,이비인후과,Z26,1657,2731,2730,50295490,36940890
2019,이비인후과,Z27,64,81,81,1156600,906200
2019,이비인후과,Z29,173,460,460,8531270,6290870
2019,이비인후과,Z30,21,23,23,414570,291470
2019,이비인후과,Z31,3,3,3,50960,35760
2019,이비인후과,Z32,29,43,43,881460,785860
2019,이비인후과,Z33,9,22,22,499460,406360
2019,이비인후과,Z34,83,223,223,6004380,5416080
2019,이비인후과,Z35,3,5,5,63000,44300
2019,이비인후과,Z38,7,8,8,196330,153430
2019,이비인후과,Z39,1,1,1,12970,9170
2019,이비인후과,Z41,5,10,10,209060,146760
2019,이비인후과,Z45,1,2,2,71960,54260
2019,이비인후과,Z46,7,11,11,700200,503100
2019,이비인후과,Z48,1090,2138,2136,44510400,32791900
2019,이비인후과,Z49,1,43,43,1139680,1027080
2019,이비인후과,Z50,1,1,1,23350,16350
2019,이비인후과,Z52,1,1,1,84460,59160
2019,이비인후과,Z54,375,1178,1186,19998130,14448380
2019,이비인후과,Z57,15,15,15,609030,426830
2019,이비인후과,Z58,8,30,30,492470,346770
2019,이비인후과,Z60,1,1,1,34540,24240
2019,이비인후과,Z61,1,1,1,15690,14190
2019,이비인후과,Z70,6,6,6,89660,66060
2019,이비인후과,Z71,624,768,768,13909710,10589910
2019,이비인후과,Z72,10,12,12,213680,150180
2019,이비인후과,Z73,18,20,20,296130,233530
2019,이비인후과,Z76,9,30,30,312380,261080
2019,이비인후과,Z82,11,13,13,216970,172570
2019,이비인후과,Z83,1,1,1,56790,39790
2019,이비인후과,Z86,1,1,1,15690,10990
2019,이비인후과,Z87,1,1,1,11210,7910
2019,이비인후과,Z88,5,5,5,90000,63100
2019,이비인후과,Z92,3,3,3,41040,28940
2019,이비인후과,Z93,22,40,40,11782420,9223420
2019,이비인후과,Z94,8,17,17,509280,402580
2019,이비인후과,Z96,63,107,107,3796300,2856600
2019,이비인후과,Z97,35,86,86,7517170,5291370
2019,이비인후과,Z98,949,3361,3364,54924620,39886860
2019,피부과,A03,1,1,1,15690,10990
2019,피부과,A04,30,62,62,982240,698940
2019,피부과,A05,1,1,1,11270,7970
2019,피부과,A06,191,460,460,7338180,5227880
2019,피부과,A08,21,25,25,331770,237170
2019,피부과,A09,180,319,319,5517320,3949960
2019,피부과,A18,9,17,17,364690,270990
2019,피부과,A26,47,81,81,1450540,1045940
2019,피부과,A28,1,1,1,13660,9660
2019,피부과,A30,5,5,5,68210,53810
2019,피부과,A31,5,12,12,217400,152800
2019,피부과,A35,2,2,2,97050,68050
2019,피부과,A38,3,8,8,111290,88590
2019,피부과,A46,919,2148,2147,36357930,27005960
2019,피부과,A48,248,351,351,5848060,4240360
2019,피부과,A49,7046,12388,12388,259977950,187488090
2019,피부과,A51,73,111,111,4168460,2949990
2019,피부과,A52,3,3,3,65300,45800
2019,피부과,A53,45,83,83,1583600,1156900
2019,피부과,A54,36,60,60,2271100,1597300
2019,피부과,A55,1,2,2,31380,21980
2019,피부과,A56,195,377,377,6298750,4716750
2019,피부과,A57,5,19,19,342470,257870
2019,피부과,A59,64,118,118,1817960,1285360
2019,피부과,A60,9516,18734,18733,289262360,221048630
2019,피부과,A63,681,1436,1436,78582680,55409980
2019,피부과,A64,11,11,11,784500,549600
2019,피부과,A66,37,52,52,887900,626200
2019,피부과,A67,1,1,1,15690,10990
2019,피부과,A69,8,9,9,154010,114910
2019,피부과,A74,2,2,2,29350,23150
2019,피부과,A75,25,39,39,639320,476720
2019,피부과,A77,4,10,10,121390,91590
2019,피부과,B00,204851,318925,318919,5397770960,3954536050
2019,피부과,B01,4150,8759,8759,129403380,93104470
2019,피부과,B02,174954,530882,530872,12712544200,9205856790
2019,피부과,B05,2,2,2,95100,66600
2019,피부과,B06,2,2,2,26900,18900
2019,피부과,B07,339248,1010588,1010509,59174224110,41770235570
2019,피부과,B08,67503,102271,102265,3432530630,2532992850
2019,피부과,B09,5158,6806,6806,112812910,84156910
2019,피부과,B15,5,7,7,256600,180000
2019,피부과,B17,15,20,20,1160280,813380
2019,피부과,B18,11,30,30,539250,406650
2019,피부과,B19,1,1,1,13670,9570
2019,피부과,B20,4,6,6,88860,68260
2019,피부과,B25,8,13,13,192190,151990
2019,피부과,B26,2,2,2,11210,7910
2019,피부과,B30,56,74,74,1708510,1229710
2019,피부과,B33,44,71,71,1050850,781850
2019,피부과,B34,243,306,306,5417700,3940900
2019,피부과,B35,850528,2044751,2044743,32380607800,23831981820
2019,피부과,B36,38058,56548,56547,997195450,715959110
2019,피부과,B37,3704,5824,5823,93553180,71888680
2019,피부과,B38,5,7,7,109480,83680
2019,피부과,B41,1,1,1,15690,10990
2019,피부과,B42,4,5,5,218870,160070
2019,피부과,B43,67,93,93,4187360,2938360
2019,피부과,B45,1,1,1,15690,14190
2019,피부과,B46,1,1,1,13660,9660
2019,피부과,B48,14,31,31,1006270,705970
2019,피부과,B49,5,5,5,81990,66090
2019,피부과,B54,1,1,1,15690,10990
2019,피부과,B56,1,1,1,8180,5780
2019,피부과,B60,3,3,3,52590,36890
2019,피부과,B64,1,1,1,19580,13780
2019,피부과,B65,1,1,1,15690,10990
2019,피부과,B66,4,6,6,85230,63530
2019,피부과,B69,4,4,4,56260,39460
2019,피부과,B70,1,1,1,52320,36720
2019,피부과,B76,3,5,5,92660,73060
2019,피부과,B80,1,1,1,15690,10990
2019,피부과,B81,1,1,1,19580,13780
2019,피부과,B82,2,5,5,70750,49750
2019,피부과,B83,16,17,17,371130,266730
2019,피부과,B85,2991,3739,3739,62619100,46315800
2019,피부과,B86,17527,37117,37116,565663540,424516740
2019,피부과,B87,1,1,1,15690,10990
2019,피부과,B88,3878,6798,6798,127884460,92608360
2019,피부과,B89,1,2,2,30790,21690
2019,피부과,B95,1,1,1,12970,9170
2019,피부과,B96,3,3,3,45970,37070
2019,피부과,B99,1,1,1,15700,11000
2019,피부과,C00,1,2,2,22420,18020
2019,피부과,C06,1,2,2,28030,26730
2019,피부과,C10,1,1,1,13230,12630
2019,피부과,C16,15,68,68,1014460,939260
2019,피부과,C18,24,116,116,1843890,1753790
2019,피부과,C19,1,6,6,84240,80440
2019,피부과,C20,7,27,27,344220,316120
2019,피부과,C22,10,72,72,1911830,1819030
2019,피부과,C23,2,8,8,338240,321840
2019,피부과,C24,5,7,7,103700,91800
2019,피부과,C25,5,50,50,945420,786320
2019,피부과,C32,1,1,1,15690,14990
2019,피부과,C34,19,268,268,4679600,4409500
2019,피부과,C37,1,1,1,17590,16790
2019,피부과,C43,196,242,242,5454600,4166350
2019,피부과,C44,645,1339,1339,53557310,43373930
2019,피부과,C46,4,5,5,158050,112650
2019,피부과,C49,2,2,2,35270,27970
2019,피부과,C50,33,153,153,5069710,4747910
2019,피부과,C53,5,20,20,344460,273260
2019,피부과,C54,2,6,4,146950,141350
2019,피부과,C56,5,22,22,1124040,961640
2019,피부과,C60,1,1,1,11210,9710
2019,피부과,C61,19,67,67,1193830,1087830
2019,피부과,C64,8,66,66,1425130,1357830
2019,피부과,C66,1,4,4,67400,64300
2019,피부과,C67,6,32,32,420190,400690
2019,피부과,C71,1,1,1,21830,15330
2019,피부과,C73,24,70,70,1302100,1206300
2019,피부과,C76,9,44,44,3000420,2274220
2019,피부과,C77,4,12,12,168470,152970
2019,피부과,C78,2,2,2,33040,31540
2019,피부과,C79,3,8,8,112900,104000
2019,피부과,C80,9,25,25,372780,337280
2019,피부과,C81,1,2,2,73990,70390
2019,피부과,C83,3,20,20,345420,274320
2019,피부과,C84,57,1567,1567,57328850,52590650
2019,피부과,C85,3,3,3,47070,36970
2019,피부과,C86,4,72,72,1714660,1573450
2019,피부과,C88,1,39,39,1024060,973060
2019,피부과,C90,1,13,13,212100,147200
2019,피부과,C91,2,34,34,1443550,1373650
2019,피부과,C92,1,80,80,1870750,1781650
2019,피부과,C95,1,1,1,150540,105440
2019,피부과,C96,1,3,3,35370,33870
2019,피부과,D00,1,4,4,64070,61170
2019,피부과,D01,1,2,2,140980,98780
2019,피부과,D03,24,25,25,505070,388450
2019,피부과,D04,227,520,516,21212780,17281350
2019,피부과,D05,4,6,6,150690,88390
2019,피부과,D06,4,12,12,169900,162200
2019,피부과,D10,37,43,43,1968810,1387910
2019,피부과,D11,2,2,2,31380,21980
2019,피부과,D13,2,2,2,26900,18900
2019,피부과,D16,11,14,14,450170,322070
2019,피부과,D17,6442,11447,11446,626228830,444322840
2019,피부과,D18,6219,15305,15305,642830570,514234350
2019,피부과,D19,5,8,8,291030,203830
2019,피부과,D20,1,1,1,15690,14190
2019,피부과,D21,6184,10022,10022,421457810,300704910
2019,피부과,D22,4859,5738,5738,131554700,95777000
2019,피부과,D23,159604,257654,257536,10619822980,7584256100
2019,피부과,D24,4,4,4,66060,48260
2019,피부과,D28,2,2,2,40940,38440
2019,피부과,D29,41,65,65,3360570,2375170
2019,피부과,D30,13,30,30,3233810,2274260
2019,피부과,D31,5,8,8,244440,171340
2019,피부과,D32,5,6,6,234630,173730
2019,피부과,D33,1,1,1,17350,12150
2019,피부과,D35,3,22,22,447020,398720
2019,피부과,D36,1672,2380,2380,82660800,59116600
2019,피부과,D37,3,6,6,210100,199100
2019,피부과,D38,1,1,1,15690,14990
2019,피부과,D39,1,1,1,31270,29770
2019,피부과,D41,1,9,9,141830,135230
2019,피부과,D43,2,14,14,168770,161270
2019,피부과,D44,4,37,37,452100,429700
2019,피부과,D45,1,1,1,17590,16790
2019,피부과,D47,15,39,39,559750,496350
2019,피부과,D48,84,108,108,3738900,2710150
2019,피부과,D50,234,273,273,16703030,11721530
2019,피부과,D52,21,37,37,1167430,860130
2019,피부과,D53,5,6,6,570320,399420
2019,피부과,D59,18,28,28,1141570,800270
2019,피부과,D60,1,1,1,15310,10810
2019,피부과,D61,1,2,2,33040,29840
2019,피부과,D63,1,1,1,21380,14980
2019,피부과,D64,19,25,25,514390,375790
2019,피부과,D66,1,5,5,79080,71480
2019,피부과,D68,3,5,5,158850,115350
2019,피부과,D69,9810,15960,15959,254547640,195623830
2019,피부과,D70,1,1,1,15690,14190
2019,피부과,D72,4,6,6,284040,199040
2019,피부과,D76,35,41,41,1076830,824780
2019,피부과,D81,1,1,1,16600,13200
2019,피부과,D84,5,31,31,595740,377640
2019,피부과,D86,7,16,16,286770,208870
2019,피부과,D89,2,3,3,42000,33200
2019,피부과,E01,1,1,1,15690,14190
2019,피부과,E02,2,4,4,148180,105780
2019,피부과,E03,68,138,138,2846240,2046140
2019,피부과,E05,12,35,35,820490,581590
2019,피부과,E06,13,38,38,1067750,769350
2019,피부과,E07,13,16,16,859200,606000
2019,피부과,E10,31,120,120,1934310,1635210
2019,피부과,E11,90,312,312,5093710,3784750
2019,피부과,E13,9,40,40,656540,540300
2019,피부과,E14,86,208,208,3266870,2642270
2019,피부과,E23,1,1,1,15690,10990
2019,피부과,E24,3,3,3,47070,36170
2019,피부과,E27,2,2,2,54910,38510
2019,피부과,E28,3,19,19,246600,173800
2019,피부과,E29,1,1,1,16600,13200
2019,피부과,E30,6,6,6,139020,97620
2019,피부과,E34,27,28,28,891030,628230
2019,피부과,E35,3,3,3,230980,161880
2019,피부과,E40,1,1,1,21750,20750
2019,피부과,E46,6,13,13,197720,139020
2019,피부과,E50,271,467,467,7230000,5151600
2019,피부과,E52,2,8,8,120950,109250
2019,피부과,E53,1,1,1,40340,28240
2019,피부과,E54,1,1,1,11210,7910
2019,피부과,E55,279,513,513,12310820,8690720
2019,피부과,E56,1,2,2,31380,21980
2019,피부과,E61,1,1,1,15690,10990
2019,피부과,E66,116,177,177,3029710,2161810
2019,피부과,E67,2,2,2,31380,21980
2019,피부과,E70,2,2,2,31380,21980
2019,피부과,E72,1,1,1,15690,10990
2019,피부과,E75,25,31,31,724040,521140
2019,피부과,E76,1,5,5,75890,53290
2019,피부과,E77,1,6,6,67260,47460
2019,피부과,E78,486,1115,1115,19603350,14256340
2019,피부과,E79,2,3,3,52650,36950
2019,피부과,E80,2,2,2,31380,21980
2019,피부과,E83,3,9,9,105370,74270
2019,피부과,E84,1,7,7,102600,72000
2019,피부과,E85,17,27,27,806180,618880
2019,피부과,E86,1,7,7,78470,55370
2019,피부과,E88,83,104,104,2181430,1585030
2019,피부과,E89,4,14,14,211010,165410
2019,피부과,F00,4,5,5,69490,61990
2019,피부과,F03,4,8,8,105580,93580
2019,피부과,F05,2,3,3,45050,31550
2019,피부과,F06,137,315,315,4126510,3346210
2019,피부과,F10,1,1,1,15690,10990
2019,피부과,F22,1,1,1,15690,14190
2019,피부과,F31,5,13,13,169900,132700
2019,피부과,F32,66,189,189,2302520,1881520
2019,피부과,F33,5,23,23,253570,200770
2019,피부과,F34,3,3,3,46600,34600
2019,피부과,F38,2,2,2,26900,18900
2019,피부과,F39,8,14,14,194550,145450
2019,피부과,F40,11,19,19,243130,201430
2019,피부과,F41,117,291,291,3556320,2846020
2019,피부과,F42,1,2,2,87900,61600
2019,피부과,F43,6,9,9,123840,86940
2019,피부과,F45,241,352,352,6105400,4624400
2019,피부과,F48,52,69,69,1413130,1036230
2019,피부과,F50,3,5,5,68900,48500
2019,피부과,F51,420,926,926,13172690,9777890
2019,피부과,F52,36,46,46,568690,434690
2019,피부과,F54,24,29,29,430660,311360
2019,피부과,F60,106,270,270,3439410,2963010
2019,피부과,F61,1,1,1,8180,5780
2019,피부과,F63,272,307,307,5278990,3784590
2019,피부과,F90,3,4,4,80800,56700
2019,피부과,F92,6,13,13,147610,110110
2019,피부과,F98,18,26,26,538610,382310
2019,피부과,F99,1,2,2,21150,18150
2019,피부과,G05,19,40,40,906870,668670
2019,피부과,G20,13,48,48,703790,634090
2019,피부과,G23,3,4,4,92880,65180
2019,피부과,G24,10,10,10,146390,106990
2019,피부과,G25,9,22,22,273580,215080
2019,피부과,G31,916,2600,2600,35850700,29070700
2019,피부과,G40,1,1,1,17900,17100
2019,피부과,G43,145,298,298,3891270,2801570
2019,피부과,G44,35,45,45,603380,435080
2019,피부과,G46,1,2,2,22420,15820
2019,피부과,G47,899,2262,2262,30791300,23011500
2019,피부과,G50,28,55,55,705280,522280
2019,피부과,G51,9,11,11,166900,127700
2019,피부과,G52,2,5,5,66610,56310
2019,피부과,G53,21865,68350,68350,1353537200,1033615800
2019,피부과,G54,12,14,14,231320,186820
2019,피부과,G55,1,1,1,0,0
2019,피부과,G56,8,8,8,153190,110290
2019,피부과,G57,5,5,5,90120,70420
2019,피부과,G58,75,91,91,1430130,1151630
2019,피부과,G59,2,2,2,24180,17080
2019,피부과,G61,1,2,2,22400,15800
2019,피부과,G62,15,16,16,242330,184630
2019,피부과,G63,13,22,22,380200,297600
2019,피부과,G64,31,43,43,660030,516330
2019,피부과,G70,5,5,5,90120,70420
2019,피부과,G71,3,10,10,103140,83540
2019,피부과,G73,34,79,79,1953790,1404790
2019,피부과,G90,25,47,47,705120,534520
2019,피부과,G91,11,17,17,283350,204750
2019,피부과,G93,1,5,5,71310,50010
2019,피부과,G95,1,7,7,47380,36880
2019,피부과,G96,5,10,10,108650,76250
2019,피부과,G99,1,1,1,15690,14190
2019,피부과,H00,1839,2201,2201,42235980,30326830
2019,피부과,H01,16000,19918,19918,346578750,251309880
2019,피부과,H02,506,763,763,26059940,18471440
2019,피부과,H03,126,154,154,5130240,3678790
2019,피부과,H04,489,941,941,13145050,9627750
2019,피부과,H05,13,17,17,282040,203540
2019,피부과,H06,2,2,2,23600,16700
2019,피부과,H10,9354,11851,11851,203313710,147051630
2019,피부과,H11,306,500,500,7053310,5090310
2019,피부과,H13,16,32,32,444980,341080
2019,피부과,H16,493,564,564,10563810,7697510
2019,피부과,H18,4,7,7,81610,57210
2019,피부과,H19,35,61,61,842180,608780
2019,피부과,H25,21,73,73,872650,728150
2019,피부과,H26,8,11,11,112890,91890
2019,피부과,H30,16,16,16,255240,196640
2019,피부과,H34,1,6,6,0,0
2019,피부과,H35,17,54,54,756250,639250
2019,피부과,H36,2,7,7,89300,78400
2019,피부과,H40,58,97,97,1247160,947060
2019,피부과,H42,12,19,19,306990,244190
2019,피부과,H44,10,10,10,142190,107890
2019,피부과,H46,1,1,1,15690,10990
2019,피부과,H49,2,3,3,43140,34640
2019,피부과,H52,1,1,1,10630,7530
2019,피부과,H57,2,4,4,142180,99680
2019,피부과,H60,3190,5133,5133,122065560,86675270
2019,피부과,H61,35,99,99,3107730,2204830
2019,피부과,H62,5,10,10,145600,115900
2019,피부과,H65,3,4,4,46480,32680
2019,피부과,H66,15,31,31,570510,426710
2019,피부과,H67,1,1,1,0,0
2019,피부과,H81,31,59,59,769890,597290
2019,피부과,H82,1,3,3,185590,130090
2019,피부과,H92,4,4,4,68580,51680
2019,피부과,H93,17,29,29,490340,369340
2019,피부과,I00,3,17,17,214140,182740
2019,피부과,I05,1,1,1,17820,12520
2019,피부과,I10,497,1731,1731,20744730,15980230
2019,피부과,I11,24,66,66,564110,433510
2019,피부과,I12,1,12,12,136970,96670
2019,피부과,I13,3,5,5,65450,53550
2019,피부과,I15,31,97,97,1192970,918170
2019,피부과,I20,24,72,72,880350,718650
2019,피부과,I21,1,2,2,26900,18900
2019,피부과,I22,1,1,1,0,0
2019,피부과,I24,1,1,1,15690,10990
2019,피부과,I25,5,7,7,80110,66810
2019,피부과,I27,1,1,1,11210,9710
2019,피부과,I42,4,14,14,251620,226920
2019,피부과,I47,7,7,7,92330,69030
2019,피부과,I48,4,12,12,38110,26810
2019,피부과,I49,15,74,74,859660,723160
2019,피부과,I50,3,10,10,31380,21980
2019,피부과,I62,1,4,4,53800,47800
2019,피부과,I63,7,18,18,190770,163570
2019,피부과,I65,1,1,1,12970,9170
2019,피부과,I67,8,18,18,174470,139270
2019,피부과,I69,1,1,1,15690,10990
2019,피부과,I70,3,5,5,114910,80610
2019,피부과,I72,2,2,2,33350,30150
2019,피부과,I73,838,1578,1578,24139730,18516530
2019,피부과,I77,6,6,6,67460,50660
2019,피부과,I78,1925,2192,2192,43442100,31856650
2019,피부과,I79,14,20,20,297760,209860
2019,피부과,I80,60,105,105,1600350,1273650
2019,피부과,I82,2,2,2,30170,28670
2019,피부과,I83,244,449,449,6981840,5310640
2019,피부과,I86,26,31,31,936420,667720
2019,피부과,I87,111,150,150,3044470,2217070
2019,피부과,I88,38,45,45,849710,610110
2019,피부과,I89,57,96,96,1666350,1237050
2019,피부과,I95,3,3,3,43140,34640
2019,피부과,I98,2,2,2,31380,25180
2019,피부과,I99,2,2,2,26900,20700
2019,피부과,J00,1318,2412,2412,34528280,25210980
2019,피부과,J01,68,143,143,1791340,1299340
2019,피부과,J02,219,419,419,5735100,4289700
2019,피부과,J03,475,747,747,10703820,7715520
2019,피부과,J04,281,442,442,7619400,5662800
2019,피부과,J06,699,1201,1201,16336130,11837230
2019,피부과,J09,1,2,2,30840,24540
2019,피부과,J10,14,15,15,182130,132730
2019,피부과,J11,43,65,65,904730,670530
2019,피부과,J12,1,1,1,15690,14190
2019,피부과,J15,5,6,6,73810,57510
2019,피부과,J18,3,4,4,42730,34430
2019,피부과,J20,501,927,927,12554020,9207820
2019,피부과,J21,30,67,67,1043470,770170
2019,피부과,J22,13,15,15,218230,155230
2019,피부과,J30,2335,4611,4611,102145600,73416000
2019,피부과,J31,30,49,49,1099550,776150
2019,피부과,J32,54,135,135,1609860,1201460
2019,피부과,J34,1716,2765,2765,61109300,43342300
2019,피부과,J35,23,50,50,1906930,1482030
2019,피부과,J36,16,22,22,251640,183940
2019,피부과,J37,5,9,9,135860,98660
2019,피부과,J39,28,36,36,487780,356980
2019,피부과,J40,142,202,202,3047520,2266120
2019,피부과,J41,13,32,32,347860,260660
2019,피부과,J42,21,31,31,410270,307970
2019,피부과,J44,7,44,44,530610,427910
2019,피부과,J45,75,190,190,2236480,1665080
2019,피부과,J47,2,2,2,15690,10990
2019,피부과,J70,1,1,1,13180,11680
2019,피부과,J98,3,19,19,47050,33050
2019,피부과,K00,10,15,15,280490,196690
2019,피부과,K01,1,1,1,15690,10990
2019,피부과,K02,1,1,1,39840,27940
2019,피부과,K04,1,1,1,15690,14190
2019,피부과,K05,11,16,16,228840,173140
2019,피부과,K06,10,12,12,254330,182830
2019,피부과,K07,7,12,12,214270,150570
2019,피부과,K08,1,1,1,11210,7910
2019,피부과,K09,3,11,11,178440,129540
2019,피부과,K11,79,111,111,3565820,2528420
2019,피부과,K12,2387,3887,3887,60923230,46706030
2019,피부과,K13,17424,24406,24406,399530060,288898180
2019,피부과,K14,98,153,153,2334810,1890510
2019,피부과,K20,28,54,54,726230,537430
2019,피부과,K21,944,1847,1847,30149220,22221020
2019,피부과,K22,5,6,6,141510,102870
2019,피부과,K23,4,5,5,73340,55140
2019,피부과,K25,628,1279,1279,20662240,15179240
2019,피부과,K26,15,27,27,323880,252380
2019,피부과,K27,196,403,403,7167250,5234250
2019,피부과,K28,17,26,26,370420,293920
2019,피부과,K29,37916,74993,74993,1409720400,1023176890
2019,피부과,K30,7956,16442,16442,355534280,256495740
2019,피부과,K31,62,78,78,1239220,887020
2019,피부과,K40,36,36,36,706620,527120
2019,피부과,K41,1,1,1,15690,10990
2019,피부과,K43,1,1,1,11210,9710
2019,피부과,K44,1,1,1,15690,10990
2019,피부과,K45,7,10,10,480670,341870
2019,피부과,K46,4,4,4,66650,53850
2019,피부과,K50,9,13,13,180520,132720
2019,피부과,K51,3,14,14,226000,187900
2019,피부과,K52,90,260,260,8565120,6124420
2019,피부과,K56,1,1,1,15680,10980
2019,피부과,K57,2,2,2,22420,15820
2019,피부과,K58,126,231,231,3795030,2872030
2019,피부과,K59,344,681,681,10346970,7804270
2019,피부과,K60,10,10,10,150010,117010
2019,피부과,K61,5,8,8,73380,53380
2019,피부과,K62,5,6,6,157870,115470
2019,피부과,K63,19,42,42,710130,502530
2019,피부과,K64,97,124,124,1781320,1389320
2019,피부과,K66,1,1,1,15690,10990
2019,피부과,K70,30,98,98,1367900,992100
2019,피부과,K71,26,47,47,1249760,914060
2019,피부과,K73,29,50,50,1107540,805840
2019,피부과,K74,66,78,78,1726870,1278270
2019,피부과,K75,75,122,122,2913460,2077860
2019,피부과,K76,265,434,434,10973060,7842060
2019,피부과,K77,17,23,23,363720,258620
2019,피부과,K80,5,7,7,62170,45470
2019,피부과,K81,3,4,4,63030,45230
2019,피부과,K82,4,7,7,117440,82340
2019,피부과,K85,2,2,2,26920,22120
2019,피부과,K86,2,2,2,105310,77010
2019,피부과,K91,1,2,2,39760,27960
2019,피부과,K92,28,103,103,1514260,1171860
2019,피부과,K93,1,1,1,15690,10990
2019,피부과,L00,46,63,63,1038760,809860
2019,피부과,L01,63598,120127,120126,2299743290,1703807190
2019,피부과,L02,416359,793457,793353,17415366190,12405960920
2019,피부과,L03,132011,242178,242177,4797796050,3477956770
2019,피부과,L04,340,512,512,8926180,6448580
2019,피부과,L05,9329,17059,17059,322427180,229081080
2019,피부과,L08,246253,444778,444749,8643137400,6275496650
2019,피부과,L10,203,726,726,11990040,9252340
2019,피부과,L11,1448,1700,1700,29491720,21141270
2019,피부과,L12,188,538,538,8117330,6617930
2019,피부과,L13,1131,2420,2419,47010450,34448780
2019,피부과,L14,12,26,26,442390,343590
2019,피부과,L20,332779,860288,860286,16781165440,12106318210
2019,피부과,L21,412476,823925,823924,13082414930,9642602760
2019,피부과,L22,209,258,258,4363500,3752100
2019,피부과,L23,1911006,3702909,3702887,64383800730,47358768880
2019,피부과,L24,777577,1290783,1290770,21643395260,15901577280
2019,피부과,L25,153070,255018,255007,4216419200,3107936530
2019,피부과,L26,2080,3083,3083,52434050,38376800
2019,피부과,L27,24142,44694,44691,751422400,559974170
2019,피부과,L28,240887,522779,522732,12011893340,8700167270
2019,피부과,L29,66500,135999,135998,2126815710,1657557970
2019,피부과,L30,571926,1024735,1024731,17411980810,12785590160
2019,피부과,L40,74477,433188,433157,14055809620,10095218980
2019,피부과,L41,3161,12117,12117,331357780,237228880
2019,피부과,L42,29094,61321,61318,1421962760,1005627960
2019,피부과,L43,2049,4488,4488,102474240,74046440
2019,피부과,L44,6805,10302,10302,190936920,140789920
2019,피부과,L45,10,26,26,473470,332470
2019,피부과,L50,480089,1127991,1127985,21092411840,15338389580
2019,피부과,L51,10764,23101,23100,363252590,266275390
2019,피부과,L52,1950,4711,4711,73607330,53843730
2019,피부과,L53,22299,43128,43128,714842880,527501860
2019,피부과,L54,858,1740,1740,28161750,21121650
2019,피부과,L55,5884,7178,7178,146059280,103283100
2019,피부과,L56,11375,16476,16476,264887530,194274530
2019,피부과,L57,9295,15234,15234,610222680,444386210
2019,피부과,L58,26,53,53,869250,697750
2019,피부과,L59,572,699,699,11832630,8473130
2019,피부과,L60,51517,93200,93196,2348841470,1683217350
2019,피부과,L62,71,90,90,1440120,1023120
2019,피부과,L63,95033,445340,445106,14750381230,10372125940
2019,피부과,L64,5923,8628,8628,171112350,120771850
2019,피부과,L65,9547,13384,13378,243176290,173973080
2019,피부과,L66,1114,2384,2384,48515790,34326490
2019,피부과,L67,173,199,199,4201140,3114740
2019,피부과,L68,82,106,106,1682330,1194630
2019,피부과,L70,19674,42860,42860,789463200,556620290
2019,피부과,L71,11198,25332,25332,387264470,277298540
2019,피부과,L72,67264,127381,127378,5184662640,3679140320
2019,피부과,L73,135568,268530,268530,4450753860,3171074480
2019,피부과,L74,7387,9218,9218,150404430,112544130
2019,피부과,L75,251,397,397,13742580,9669380
2019,피부과,L80,49425,789996,789990,47391332790,33540179330
2019,피부과,L81,16937,21208,21207,385539000,282282040
2019,피부과,L82,5848,7358,7358,186203940,138285440
2019,피부과,L83,781,1134,1134,19409920,13667570
2019,피부과,L84,133741,288242,288218,14216253810,10048788920
2019,피부과,L85,138229,223423,223423,3725129610,2822263530
2019,피부과,L86,389,540,540,9204840,6741240
2019,피부과,L87,398,475,475,8312080,5941080
2019,피부과,L88,24,73,73,1845120,1340620
2019,피부과,L89,944,3248,3248,70423190,53945690
2019,피부과,L90,8342,15566,15566,398567220,283291580
2019,피부과,L91,81714,239999,239950,8063183170,5670089240
2019,피부과,L92,4108,7058,7058,253841290,181096170
2019,피부과,L93,177,502,502,12937080,9230380
2019,피부과,L94,392,678,678,17534500,12570900
2019,피부과,L95,2930,5211,5211,87991430,65555930
2019,피부과,L97,335,1178,1177,23256950,18122950
2019,피부과,L98,12838,27352,27352,777306030,567518920
2019,피부과,L99,512,798,798,15971170,12081170
2019,피부과,M00,8,12,12,307340,219440
2019,피부과,M01,3,5,5,127050,89050
2019,피부과,M02,9,13,13,195290,166090
2019,피부과,M05,14,27,27,322100,262400
2019,피부과,M06,39,43,43,637740,500240
2019,피부과,M07,53,379,379,128631060,115561760
2019,피부과,M10,64,135,135,1844720,1394520
2019,피부과,M11,2,2,2,35560,32160
2019,피부과,M12,14,48,48,388280,281480
2019,피부과,M13,254,466,466,6845460,5319860
2019,피부과,M15,69,148,148,1967120,1605020
2019,피부과,M16,1,1,1,13670,12170
2019,피부과,M17,47,113,113,1350530,1099930
2019,피부과,M19,64,115,115,1590360,1237460
2019,피부과,M20,3,3,3,55040,40840
2019,피부과,M21,1,1,1,15690,14190
2019,피부과,M22,1,1,1,15690,10990
2019,피부과,M23,1,8,8,101520,71520
2019,피부과,M24,6,13,13,191640,156740
2019,피부과,M25,603,945,945,24631990,17871890
2019,피부과,M30,2,2,2,32290,24190
2019,피부과,M31,32,47,47,933050,682850
2019,피부과,M32,32,61,61,1512260,1199260
2019,피부과,M33,13,24,24,389280,294580
2019,피부과,M34,26,136,136,8963350,7427950
2019,피부과,M35,261,889,889,13838630,11071530
2019,피부과,M41,3,3,3,42590,29890
2019,피부과,M45,8,20,20,402100,362500
2019,피부과,M46,3,5,5,62980,50480
2019,피부과,M47,3,3,3,46480,35880
2019,피부과,M48,27,81,81,899000,727100
2019,피부과,M50,6,10,10,110050,83750
2019,피부과,M51,11,17,17,175280,131280
2019,피부과,M53,40,46,46,1197430,868430
2019,피부과,M54,378,661,661,13490720,9813720
2019,피부과,M60,535,651,651,35408700,25414140
2019,피부과,M62,40,47,47,696990,503190
2019,피부과,M65,11,17,17,331000,234100
2019,피부과,M67,280,437,437,11654410,8511710
2019,피부과,M70,4,5,5,104990,76890
2019,피부과,M71,68,117,117,3093080,2292980
2019,피부과,M72,538,1037,1037,57073450,40253430
2019,피부과,M73,383,616,616,10590810,7565610
2019,피부과,M75,12,13,13,133660,96460
2019,피부과,M76,3,6,6,42590,33090
2019,피부과,M77,11,17,17,218670,175070
2019,피부과,M79,16103,21028,21022,1061529850,760801230
2019,피부과,M80,3,5,5,44850,31950
2019,피부과,M81,33,70,70,1791780,1312480
2019,피부과,M82,1,4,4,170160,119360
2019,피부과,M85,4,14,14,328630,239730
2019,피부과,M86,2,8,8,142530,126430
2019,피부과,M89,10,16,16,267590,201690
2019,피부과,M90,1,1,1,15690,10990
2019,피부과,M92,1,1,1,15690,10990
2019,피부과,M93,2,2,2,31380,21980
2019,피부과,M94,1,1,1,13100,9200
2019,피부과,N00,2,3,3,48270,33870
2019,피부과,N02,11,13,13,596000,431200
2019,피부과,N03,1,1,1,15690,10990
2019,피부과,N05,2,7,7,93360,65760
2019,피부과,N08,1,1,1,21080,14780
2019,피부과,N10,104,217,217,7764720,5561680
2019,피부과,N11,4,10,10,149310,128910
2019,피부과,N12,2,4,4,223940,157040
2019,피부과,N18,8,65,65,1423230,1272430
2019,피부과,N19,2,2,2,54690,38290
2019,피부과,N20,32,37,37,843410,620510
2019,피부과,N21,72,93,93,1458090,1115590
2019,피부과,N22,1,1,1,11250,7950
2019,피부과,N23,37,41,41,4228230,2961730
2019,피부과,N25,1,1,1,11790,9390
2019,피부과,N28,5,7,7,169160,124360
2019,피부과,N30,7258,17052,17052,275304970,212686490
2019,피부과,N31,2357,5492,5492,98773030,76542550
2019,피부과,N32,62,111,111,1436390,1095390
2019,피부과,N33,10,12,12,513010,325160
2019,피부과,N34,3763,7981,7981,222304310,159504630
2019,피부과,N35,5,5,5,90600,72000
2019,피부과,N36,8,12,12,2314900,1624500
2019,피부과,N37,2,2,2,31380,28380
2019,피부과,N39,922,2283,2283,38282800,30026040
2019,피부과,N40,12392,47852,47852,771435080,605701510
2019,피부과,N41,1548,3850,3850,75742860,55867620
2019,피부과,N42,36,74,74,892440,700640
2019,피부과,N43,38,43,43,1283480,935020
2019,피부과,N44,4,4,4,68690,49790
2019,피부과,N45,374,811,811,14193650,10317050
2019,피부과,N46,5,5,5,176390,123590
2019,피부과,N47,7,13,13,557350,390650
2019,피부과,N48,754,1049,1049,16614260,12686060
2019,피부과,N49,24,41,41,928710,658610
2019,피부과,N50,35,47,47,914330,672430
2019,피부과,N51,6,9,9,133920,107720
2019,피부과,N61,1,8,8,233480,163880
2019,피부과,N62,8,9,9,140030,98330
2019,피부과,N63,5,8,8,157240,113840
2019,피부과,N64,5,5,5,78450,54950
2019,피부과,N71,1,1,1,15690,10990
2019,피부과,N72,10,11,11,190400,136700
2019,피부과,N73,5,5,5,96560,69660
2019,피부과,N75,2,2,2,37100,26100
2019,피부과,N76,144,232,232,5302590,3846290
2019,피부과,N77,14,72,72,1028580,779080
2019,피부과,N80,3,4,4,58280,40880
2019,피부과,N84,1,3,3,0,0
2019,피부과,N85,1,1,1,15690,10990
2019,피부과,N87,1,1,1,15690,14190
2019,피부과,N88,2,2,2,35270,24770
2019,피부과,N89,1,1,1,16870,11870
2019,피부과,N90,2,3,3,66320,46520
2019,피부과,N91,6,9,9,122480,86080
2019,피부과,N92,9,9,9,272920,195620
2019,피부과,N93,4,4,4,62170,43670
2019,피부과,N94,31,45,45,670030,474030
2019,피부과,N95,155,398,398,5942860,4396360
2019,피부과,N97,1,5,5,64420,45420
2019,피부과,O26,17,30,30,501790,364390
2019,피부과,O43,1,5,5,60480,42580
2019,피부과,O74,1,1,1,19520,13720
2019,피부과,O91,1,1,1,15690,10990
2019,피부과,O99,11,11,11,346720,260520
2019,피부과,P07,1,2,2,40670,32270
2019,피부과,P23,1,2,2,22420,15820
2019,피부과,P39,1,1,1,17890,17090
2019,피부과,P54,1,1,1,16600,13200
2019,피부과,P80,1,1,1,15690,10990
2019,피부과,P81,1,1,1,17890,17090
2019,피부과,P83,3,6,6,191540,182240
2019,피부과,P91,1,1,1,29400,20600
2019,피부과,Q14,1,1,1,15690,10990
2019,피부과,Q15,1,1,1,15690,10990
2019,피부과,Q17,14,31,31,1140170,829970
2019,피부과,Q18,9,24,24,595690,418990
2019,피부과,Q27,72,81,81,1488610,1129210
2019,피부과,Q28,2,2,2,31380,21980
2019,피부과,Q30,1,1,1,23070,15330
2019,피부과,Q35,1,1,1,47030,32930
2019,피부과,Q36,11,11,11,194130,139430
2019,피부과,Q53,5,5,5,87270,70670
2019,피부과,Q54,1,1,1,15690,10990
2019,피부과,Q55,4,6,6,88490,67890
2019,피부과,Q61,1,1,1,15690,10990
2019,피부과,Q67,1,1,1,16600,13200
2019,피부과,Q75,1,1,1,19580,13780
2019,피부과,Q80,247,362,362,6107230,4412630
2019,피부과,Q81,19,30,30,402180,295280
2019,피부과,Q82,5840,14515,14514,1199598630,906807830
2019,피부과,Q83,3,5,5,79770,68170
2019,피부과,Q84,32,33,33,604730,466330
2019,피부과,Q85,478,1102,1102,64937950,52461350
2019,피부과,Q89,9,10,10,164470,118770
2019,피부과,Q90,1,1,1,15690,14190
2019,피부과,Q96,1,36,36,3661740,2991640
2019,피부과,R00,7,12,12,261100,183100
2019,피부과,R02,31,117,117,2591740,1890040
2019,피부과,R03,16,54,54,683710,505410
2019,피부과,R04,5,8,8,104880,78780
2019,피부과,R05,97,144,144,1945870,1436870
2019,피부과,R06,3,4,4,53790,40990
2019,피부과,R07,12,17,17,345980,263880
2019,피부과,R09,11,32,32,449430,358830
2019,피부과,R10,168,179,179,16856380,12035340
2019,피부과,R11,42,76,76,1193140,889640
2019,피부과,R12,1337,2126,2126,47070810,33608970
2019,피부과,R14,1,1,1,15690,10990
2019,피부과,R17,5,7,7,136490,102890
2019,피부과,R19,2,7,7,92770,73270
2019,피부과,R20,204,249,249,3834910,2906410
2019,피부과,R21,744,1431,1431,20871210,16188610
2019,피부과,R22,946,1760,1760,79892520,56513530
2019,피부과,R23,4419,5605,5605,92651660,67827160
2019,피부과,R25,10,11,11,146800,113500
2019,피부과,R26,1,1,1,15690,10990
2019,피부과,R29,4,11,11,130560,107960
2019,피부과,R30,148,184,184,3108080,2446280
2019,피부과,R31,356,524,524,25478420,18400460
2019,피부과,R32,215,441,441,6018490,5020490
2019,피부과,R33,9,14,14,410740,305040
2019,피부과,R35,375,1014,1014,13532780,10887380
2019,피부과,R39,40,40,40,740220,519420
2019,피부과,R40,1,1,1,11210,7910
2019,피부과,R41,1,1,1,19580,17680
2019,피부과,R42,28,32,32,537830,390030
2019,피부과,R45,2,4,4,65280,50180
2019,피부과,R50,132,510,510,9430770,7201970
2019,피부과,R51,205,307,307,5285830,3993250
2019,피부과,R52,4378,8074,8074,151366110,111158510
2019,피부과,R53,65,132,132,2463480,1757680
2019,피부과,R54,1,1,1,15690,14190
2019,피부과,R55,2,2,2,32290,22690
2019,피부과,R56,3,6,6,111140,81140
2019,피부과,R57,28,45,45,697630,511330
2019,피부과,R58,11,11,11,168690,124890
2019,피부과,R59,81,87,87,1521270,1081570
2019,피부과,R60,272,450,450,8326650,6205850
2019,피부과,R61,1854,2285,2285,37587360,26782960
2019,피부과,R62,2,2,2,45530,31930
2019,피부과,R63,11,20,20,272890,196190
2019,피부과,R68,46,51,47,858200,610900
2019,피부과,R69,2,2,2,31380,21980
2019,피부과,R72,1,1,1,75820,53120
2019,피부과,R73,12,14,14,377660,271460
2019,피부과,R76,7,9,9,235730,131200
2019,피부과,R78,1,12,12,141870,100170
2019,피부과,R79,7,7,7,330360,231660
2019,피부과,R80,6,11,11,167400,121300
2019,피부과,R81,16,47,47,541100,395400
2019,피부과,R82,5,6,6,226220,170020
2019,피부과,R86,2,3,3,62030,43630
2019,피부과,R89,3,3,3,48240,37040
2019,피부과,R91,2,2,2,35270,27970
2019,피부과,R94,143,232,232,6301730,4464630
2019,피부과,S00,27816,72649,72649,1523274190,1114988160
2019,피부과,S01,8801,23738,23738,529705910,387700220
2019,피부과,S02,7,7,7,120050,87450
2019,피부과,S03,5,45,45,1359530,953230
2019,피부과,S05,18,25,25,405090,300290
2019,피부과,S07,24,104,104,2502730,1803630
2019,피부과,S08,7,12,12,245820,180020
2019,피부과,S09,36,47,47,1140800,817500
2019,피부과,S10,512,920,920,18641650,13448860
2019,피부과,S11,109,241,241,5316810,3824810
2019,피부과,S13,28,34,34,317200,241300
2019,피부과,S15,2,3,3,113340,79540
2019,피부과,S18,1,1,1,21830,15330
2019,피부과,S19,4,6,6,118330,83030
2019,피부과,S20,510,1033,1033,21680720,16114080
2019,피부과,S21,130,262,262,5943540,4362640
2019,피부과,S23,10,19,19,331850,257950
2019,피부과,S29,2,9,9,173900,121900
2019,피부과,S30,645,1241,1241,25388580,18555030
2019,피부과,S31,167,376,376,8242460,6052380
2019,피부과,S33,88,161,161,2184970,1638970
2019,피부과,S40,846,1847,1847,39912240,28968970
2019,피부과,S41,136,401,401,8717110,6374110
2019,피부과,S43,8,9,9,114540,85340
2019,피부과,S45,2,7,7,162220,125720
2019,피부과,S46,2,2,2,37520,26320
2019,피부과,S49,2,4,4,70190,49290
2019,피부과,S50,2628,6387,6387,140691240,102256180
2019,피부과,S51,863,2252,2252,50310790,36769690
2019,피부과,S53,2,4,4,58100,44300
2019,피부과,S55,2,4,4,83410,58510
2019,피부과,S56,5,17,17,495880,347780
2019,피부과,S59,9,33,33,866290,608190
2019,피부과,S60,6634,11298,11298,278601040,200734990
2019,피부과,S61,3758,8903,8903,200044550,144439080
2019,피부과,S62,1,1,1,15690,10990
2019,피부과,S63,12,13,13,245800,174800
2019,피부과,S65,72,139,139,3298790,2354660
2019,피부과,S66,21,35,35,772840,560640
2019,피부과,S67,2,2,2,30000,21100
2019,피부과,S69,31,53,53,1258240,891300
2019,피부과,S70,659,1432,1432,29566450,22168910
2019,피부과,S71,178,472,472,9968380,7521790
2019,피부과,S73,1,2,2,30580,27380
2019,피부과,S79,1,1,1,21830,15330
2019,피부과,S80,7844,22224,22224,470712350,337776040
2019,피부과,S81,1845,6081,6081,131897910,95690870
2019,피부과,S82,1,1,1,15690,10990
2019,피부과,S83,2,2,2,31380,21980
2019,피부과,S85,9,16,16,348510,241640
2019,피부과,S86,1,4,4,104550,82550
2019,피부과,S87,6,37,37,827090,580490
2019,피부과,S89,16,33,33,749320,525820
2019,피부과,S90,5133,9121,9121,200132350,145556250
2019,피부과,S91,1826,3949,3949,87167810,63496650
2019,피부과,S92,2,10,10,232920,163320
2019,피부과,S93,22,23,23,377060,280060
2019,피부과,S94,1,1,1,15690,10990
2019,피부과,S95,6,10,10,232160,162860
2019,피부과,S96,3,9,9,226380,158780
2019,피부과,S97,2,16,16,407650,285950
2019,피부과,S99,22,25,25,574110,406610
2019,피부과,T00,44341,96531,96481,2017331750,1468196530
2019,피부과,T01,2458,6045,6045,132650490,96001070
2019,피부과,T02,1,1,1,51600,36200
2019,피부과,T03,3,3,3,42590,34590
2019,피부과,T04,21,72,72,1650510,1164410
2019,피부과,T09,358,694,694,14840920,10854340
2019,피부과,T11,230,537,537,11511020,8373310
2019,피부과,T12,2,4,4,53780,37780
2019,피부과,T13,406,960,960,20505590,14949740
2019,피부과,T14,95926,180310,180310,3677634830,2686347660
2019,피부과,T15,1,1,1,17350,12150
2019,피부과,T16,7,13,13,407710,285810
2019,피부과,T18,1,1,1,15690,10990
2019,피부과,T20,14616,35827,35810,1725391080,1220709270
2019,피부과,T21,7601,23645,23640,938157100,664430870
2019,피부과,T22,20415,60029,60004,2387813860,1686701460
2019,피부과,T23,34921,87512,87491,4215077260,3001925680
2019,피부과,T24,14101,51580,51573,2086223230,1474882850
2019,피부과,T25,6469,23373,23368,1109374820,788668130
2019,피부과,T26,77,139,135,4959280,3494520
2019,피부과,T27,1,1,1,15690,10990
2019,피부과,T28,13,29,29,1125270,802570
2019,피부과,T29,4039,12019,12019,516043830,364917230
2019,피부과,T30,35954,96192,96192,4074357640,2884035290
2019,피부과,T31,6585,17198,17198,621471400,441261060
2019,피부과,T32,1,1,1,47240,33140
2019,피부과,T33,677,1326,1325,26273520,19150340
2019,피부과,T34,6,22,22,1134330,795230
2019,피부과,T35,239,449,449,9997370,7198270
2019,피부과,T36,1,1,1,19580,13780
2019,피부과,T46,1,1,1,12970,9170
2019,피부과,T48,1,1,1,15690,10990
2019,피부과,T49,6,27,27,337830,264630
2019,피부과,T50,1,1,1,15690,10990
2019,피부과,T51,1,1,1,12970,9170
2019,피부과,T53,3,4,4,64880,47180
2019,피부과,T56,1,1,1,15690,10990
2019,피부과,T60,17,21,21,424020,314220
2019,피부과,T62,41,66,66,1086770,817870
2019,피부과,T63,9617,12676,12676,218782430,163145830
2019,피부과,T67,8,14,14,139090,97690
2019,피부과,T69,5280,7431,7431,120589870,89069070
2019,피부과,T73,5,5,5,86200,66000
2019,피부과,T78,3106,5519,5519,113495370,81461970
2019,피부과,T79,1589,3390,3390,80809120,58309700
2019,피부과,T80,2,2,2,35270,24770
2019,피부과,T81,15,30,30,703230,524130
2019,피부과,T86,2,24,24,528840,375440
2019,피부과,T88,93,130,130,2015840,1532740
2019,피부과,T91,2,6,6,119400,106700
2019,피부과,T95,86,169,169,7118000,5008600
2019,피부과,U99,1,1,1,15690,10990
2019,피부과,Z00,68,69,69,1198570,887270
2019,피부과,Z01,2,2,2,35270,24770
2019,피부과,Z02,7,8,8,15690,14190
2019,피부과,Z03,437,446,446,23085810,16520410
2019,피부과,Z04,47,48,48,792760,588260
2019,피부과,Z11,9,17,17,413640,290640
2019,피부과,Z20,14,15,15,580030,207950
2019,피부과,Z22,2,3,3,44940,31640
2019,피부과,Z23,1,1,1,19580,13780
2019,피부과,Z25,3,3,3,38690,28290
2019,피부과,Z26,3,3,3,45040,31640
2019,피부과,Z30,5,5,5,82310,57710
2019,피부과,Z32,2,2,2,45140,31740
2019,피부과,Z33,1,2,2,29840,20940
2019,피부과,Z34,2,2,2,75550,52950
2019,피부과,Z35,1,4,4,49280,34680
2019,피부과,Z41,3,3,3,15850,11150
2019,피부과,Z42,3,7,7,181060,127160
2019,피부과,Z45,1,2,2,39180,33180
2019,피부과,Z48,584,1006,1006,19205740,14719540
2019,피부과,Z51,1,1,1,16600,13200
2019,피부과,Z70,2,2,2,31380,21980
2019,피부과,Z71,472,517,517,7866580,5825680
2019,피부과,Z72,1,2,2,26900,18900
2019,피부과,Z73,1,1,1,13040,9140
2019,피부과,Z82,2,5,5,44840,31640
2019,피부과,Z86,1,1,1,19580,17680
2019,피부과,Z88,30,72,72,1710290,1212790
2019,피부과,Z92,1,1,1,15690,10990
2019,피부과,Z95,2,3,3,45920,34920
2019,피부과,Z98,106,249,249,5058880,3673320
2019,비뇨의학과,A01,1,1,1,15690,10990
2019,비뇨의학과,A03,1,1,1,13300,9400
2019,비뇨의학과,A04,111,169,169,4122280,3157520
2019,비뇨의학과,A05,15,19,19,291410,236510
2019,비뇨의학과,A06,33,46,46,1185520,836620
2019,비뇨의학과,A07,6,13,13,511460,358560
2019,비뇨의학과,A08,21,32,32,474000,354300
2019,비뇨의학과,A09,149,237,237,3509190,2633690
2019,비뇨의학과,A15,1,1,1,46680,42080
2019,비뇨의학과,A18,12,48,48,1022270,842670
2019,비뇨의학과,A22,1,1,1,15690,10990
2019,비뇨의학과,A26,6,10,10,165550,121550
2019,비뇨의학과,A28,1,1,1,11210,7910
2019,비뇨의학과,A30,1,1,1,15700,11000
2019,비뇨의학과,A31,6,10,10,266650,186950
2019,비뇨의학과,A35,2,2,2,81950,57450
2019,비뇨의학과,A44,1,1,1,52320,36720
2019,비뇨의학과,A46,64,119,119,2088670,1585670
2019,비뇨의학과,A48,72,96,96,2308550,1621350
2019,비뇨의학과,A49,1893,3387,3387,164937380,115848400
2019,비뇨의학과,A50,7,11,11,243200,170900
2019,비뇨의학과,A51,1763,3222,3222,257193750,180374660
2019,비뇨의학과,A52,108,218,218,9240100,6536100
2019,비뇨의학과,A53,2091,4101,4101,189530330,132797130
2019,비뇨의학과,A54,6216,12495,12495,572046790,400343140
2019,비뇨의학과,A55,23,55,55,2057460,1447460
2019,비뇨의학과,A56,11416,23436,23436,1034514040,726745850
2019,비뇨의학과,A57,110,219,219,7250740,5229640
2019,비뇨의학과,A58,3,6,6,401290,281190
2019,비뇨의학과,A59,2903,4326,4326,132983120,93043830
2019,비뇨의학과,A60,36924,74078,74077,1890052440,1348416700
2019,비뇨의학과,A63,44621,85400,85405,6857890600,4803245120
2019,비뇨의학과,A64,20321,40067,40067,2788957270,1956105570
2019,비뇨의학과,A65,1,1,1,17300,12200
2019,비뇨의학과,A66,11,12,12,301880,217380
2019,비뇨의학과,A67,1,1,1,15690,10990
2019,비뇨의학과,A69,31,35,35,560370,434970
2019,비뇨의학과,A71,3,3,3,33630,23730
2019,비뇨의학과,A74,406,790,790,25293580,17774980
2019,비뇨의학과,A75,13,26,26,1035450,737950
2019,비뇨의학과,A77,4,8,8,198270,147170
2019,비뇨의학과,A86,1,1,1,18070,12670
2019,비뇨의학과,A88,1,1,1,15690,10990
2019,비뇨의학과,A92,1,1,1,19580,13780
2019,비뇨의학과,A94,1,3,3,237380,166280
2019,비뇨의학과,B00,69043,116060,116059,2098998660,1549662280
2019,비뇨의학과,B01,542,1136,1136,16482280,11826480
2019,비뇨의학과,B02,57763,165779,166149,3086819880,2326307140
2019,비뇨의학과,B05,12,14,14,473440,331940
2019,비뇨의학과,B07,42248,80750,80746,3686719230,2609419250
2019,비뇨의학과,B08,9858,13226,13226,450896820,329437600
2019,비뇨의학과,B09,397,532,532,8456340,6277240
2019,비뇨의학과,B15,2,3,3,146880,102980
2019,비뇨의학과,B16,1,3,3,151460,106160
2019,비뇨의학과,B17,31,36,36,2172010,1531910
2019,비뇨의학과,B18,26,46,46,1235620,873620
2019,비뇨의학과,B19,3,3,3,168340,118040
2019,비뇨의학과,B20,3,3,3,62010,47110
2019,비뇨의학과,B21,2,2,2,23890,16990
2019,비뇨의학과,B23,2,2,2,30790,21690
2019,비뇨의학과,B24,6,8,8,94810,71110
2019,비뇨의학과,B26,6,9,9,206180,148680
2019,비뇨의학과,B30,46,61,61,1349120,980920
2019,비뇨의학과,B33,6,7,7,103310,73910
2019,비뇨의학과,B34,73,107,107,3159300,2231000
2019,비뇨의학과,B35,338826,767988,767986,11777821420,8887925660
2019,비뇨의학과,B36,9277,15349,15349,247953900,180116240
2019,비뇨의학과,B37,3145,5346,5346,120886940,88418010
2019,비뇨의학과,B40,5,7,7,111190,88190
2019,비뇨의학과,B42,1,1,1,19580,17680
2019,비뇨의학과,B43,209,577,577,16017340,11265840
2019,비뇨의학과,B45,1,1,1,15690,10990
2019,비뇨의학과,B47,1,2,2,22420,19420
2019,비뇨의학과,B48,36,438,438,5682930,4492730
2019,비뇨의학과,B49,523,1037,1037,14593360,10918660
2019,비뇨의학과,B54,3,3,3,46940,35340
2019,비뇨의학과,B55,2,2,2,31380,21980
2019,비뇨의학과,B58,1,1,1,17520,12320
2019,비뇨의학과,B60,64,95,95,3790770,2673470
2019,비뇨의학과,B65,1,1,1,15690,10990
2019,비뇨의학과,B66,9,18,18,263910,206910
2019,비뇨의학과,B77,1,1,1,15690,14190
2019,비뇨의학과,B80,1,1,1,11210,9710
2019,비뇨의학과,B82,1,1,1,15690,14190
2019,비뇨의학과,B83,7,7,7,115540,85840
2019,비뇨의학과,B85,7217,9126,9126,221954010,158408280
2019,비뇨의학과,B86,4249,7156,7156,120977070,90310710
2019,비뇨의학과,B88,213,358,358,19120310,13708010
2019,비뇨의학과,B89,3,3,3,44870,31470
2019,비뇨의학과,B92,1,1,1,15690,14190
2019,비뇨의학과,B95,9,17,17,250790,185490
2019,비뇨의학과,B97,13,17,17,702460,492660
2019,비뇨의학과,C00,1,1,1,17650,16850
2019,비뇨의학과,C06,1,4,4,92880,88280
2019,비뇨의학과,C09,1,3,3,210470,200070
2019,비뇨의학과,C10,2,17,17,321680,305880
2019,비뇨의학과,C11,3,11,11,352720,335820
2019,비뇨의학과,C13,1,1,1,19580,18680
2019,비뇨의학과,C15,12,43,43,1214090,1157590
2019,비뇨의학과,C16,61,261,261,14656200,13924700
2019,비뇨의학과,C17,3,7,7,686120,652120
2019,비뇨의학과,C18,65,339,339,14494600,13742400
2019,비뇨의학과,C19,12,56,56,2898030,2756530
2019,비뇨의학과,C20,37,165,165,11974670,11329670
2019,비뇨의학과,C21,3,4,4,474780,451380
2019,비뇨의학과,C22,57,246,246,13783740,13037600
2019,비뇨의학과,C23,5,16,16,932170,885870
2019,비뇨의학과,C24,7,20,20,1094900,1003700
2019,비뇨의학과,C25,24,126,126,5181240,4877820
2019,비뇨의학과,C26,2,4,4,412160,391760
2019,비뇨의학과,C30,1,5,5,1642200,1560400
2019,비뇨의학과,C31,1,2,2,28920,27620
2019,비뇨의학과,C32,2,8,8,334050,317650
2019,비뇨의학과,C34,63,303,303,11504450,10862020
2019,비뇨의학과,C39,1,3,3,267700,254500
2019,비뇨의학과,C40,1,1,1,106360,101060
2019,비뇨의학과,C41,2,3,3,48730,45730
2019,비뇨의학과,C43,80,102,102,3526220,3057420
2019,비뇨의학과,C44,215,569,569,21652590,18838290
2019,비뇨의학과,C46,1,6,6,69710,57710
2019,비뇨의학과,C48,1,1,1,21830,20830
2019,비뇨의학과,C49,5,22,22,2261110,2148410
2019,비뇨의학과,C50,64,210,210,10698570,10146870
2019,비뇨의학과,C52,1,1,1,102330,97230
2019,비뇨의학과,C53,25,69,69,4306620,3985720
2019,비뇨의학과,C54,4,6,6,603720,570420
2019,비뇨의학과,C56,8,50,50,9441160,8819760
2019,비뇨의학과,C60,18,21,21,1007140,736740
2019,비뇨의학과,C61,7346,24157,24284,1891527230,1639762610
2019,비뇨의학과,C62,201,309,314,22921600,17192360
2019,비뇨의학과,C63,38,51,51,4449010,3151570
2019,비뇨의학과,C64,175,587,586,27117660,24363920
2019,비뇨의학과,C65,37,132,132,6273920,5638720
2019,비뇨의학과,C66,64,170,169,8275260,7594030
2019,비뇨의학과,C67,1535,5693,5743,568305540,490343730
2019,비뇨의학과,C68,13,23,23,2949560,2166660
2019,비뇨의학과,C71,5,6,6,1179380,1120780
2019,비뇨의학과,C72,1,2,2,33440,31940
2019,비뇨의학과,C73,66,280,280,17730050,16628450
2019,비뇨의학과,C75,3,13,13,397040,368040
2019,비뇨의학과,C76,11,21,21,1444030,1108030
2019,비뇨의학과,C77,2,2,2,239460,219360
2019,비뇨의학과,C78,7,46,46,650660,625660
2019,비뇨의학과,C79,15,50,50,2017820,1907220
2019,비뇨의학과,C80,3,4,4,100710,95110
2019,비뇨의학과,C81,1,3,3,54510,46810
2019,비뇨의학과,C82,1,1,1,21620,20620
2019,비뇨의학과,C83,9,52,52,1416500,1345600
2019,비뇨의학과,C84,5,6,6,440080,418480
2019,비뇨의학과,C85,7,40,40,717900,681300
2019,비뇨의학과,C86,1,2,2,31380,29980
2019,비뇨의학과,C88,1,1,1,15690,14990
2019,비뇨의학과,C90,8,35,35,2573580,2446880
2019,비뇨의학과,C91,2,12,12,609950,580150
2019,비뇨의학과,C92,10,47,47,3916100,3722700
2019,비뇨의학과,C95,3,3,3,232280,220780
2019,비뇨의학과,C96,2,4,4,219280,200680
2019,비뇨의학과,D00,8,38,38,2010860,1912260
2019,비뇨의학과,D01,16,98,98,6535370,6214670
2019,비뇨의학과,D02,2,8,8,95820,87120
2019,비뇨의학과,D03,47,66,66,2193790,1608890
2019,비뇨의학과,D04,25,52,52,2556330,2075230
2019,비뇨의학과,D05,1,1,1,15690,14990
2019,비뇨의학과,D06,8,37,37,1528140,1452140
2019,비뇨의학과,D07,42,115,115,6027030,5187810
2019,비뇨의학과,D09,35,141,144,9958230,9353130
2019,비뇨의학과,D10,50,63,63,3886570,2801770
2019,비뇨의학과,D11,1,1,1,11210,9710
2019,비뇨의학과,D12,74,170,170,30814830,22047240
2019,비뇨의학과,D13,7,9,9,961230,681230
2019,비뇨의학과,D15,1,1,1,11210,9710
2019,비뇨의학과,D16,6,6,6,94140,69140
2019,비뇨의학과,D17,12980,24686,24683,1495191450,1061946670
2019,비뇨의학과,D18,884,1199,1196,42059240,30299240
2019,비뇨의학과,D19,3,3,3,292100,204600
2019,비뇨의학과,D20,3,9,9,361980,268380
2019,비뇨의학과,D21,3125,5325,5323,365898030,259999430
2019,비뇨의학과,D22,1163,1442,1442,30557940,22235560
2019,비뇨의학과,D23,40595,69065,69057,4031350740,2872283000
2019,비뇨의학과,D24,9,21,21,396320,324320
2019,비뇨의학과,D25,17,18,18,648890,458590
2019,비뇨의학과,D26,2,2,2,426730,290170
2019,비뇨의학과,D27,6,6,6,551430,389430
2019,비뇨의학과,D28,134,193,193,43321470,30536650
2019,비뇨의학과,D29,12281,22106,22111,3141105510,2198527630
2019,비뇨의학과,D30,977,1832,1832,345669030,249417780
2019,비뇨의학과,D31,6,6,6,166460,124160
2019,비뇨의학과,D32,12,72,72,4888970,4645670
2019,비뇨의학과,D33,8,35,35,909570,827270
2019,비뇨의학과,D34,4,4,4,280610,196610
2019,비뇨의학과,D35,16,39,39,1505970,1114270
2019,비뇨의학과,D36,921,1398,1398,112296280,79632000
2019,비뇨의학과,D37,13,24,24,2356330,2189030
2019,비뇨의학과,D38,1,1,1,11210,9710
2019,비뇨의학과,D39,1,5,5,859320,816620
2019,비뇨의학과,D40,168,258,258,14082580,10204070
2019,비뇨의학과,D41,145,309,331,77166830,61649250
2019,비뇨의학과,D43,2,3,3,44390,31190
2019,비뇨의학과,D44,4,9,9,567520,534120
2019,비뇨의학과,D45,2,3,3,57270,54570
2019,비뇨의학과,D46,13,42,42,4672710,4440010
2019,비뇨의학과,D47,4,8,8,144860,132260
2019,비뇨의학과,D48,18,46,46,1214230,967330
2019,비뇨의학과,D50,133,289,289,6180940,4895340
2019,비뇨의학과,D51,1,2,2,196320,137520
2019,비뇨의학과,D52,6,13,13,161410,134410
2019,비뇨의학과,D53,14,19,19,799930,561030
2019,비뇨의학과,D55,1,1,1,15690,10990
2019,비뇨의학과,D60,1,1,1,19580,13780
2019,비뇨의학과,D61,1,1,1,40750,28550
2019,비뇨의학과,D62,4,10,10,2315430,1849570
2019,비뇨의학과,D64,54,69,69,2698280,1914280
2019,비뇨의학과,D66,1,1,1,15690,10990
2019,비뇨의학과,D68,1,1,1,15690,10990
2019,비뇨의학과,D69,1477,2237,2237,36737230,29204730
2019,비뇨의학과,D72,2,2,2,26900,23900
2019,비뇨의학과,D75,7,8,8,197030,141130
2019,비뇨의학과,D76,5,6,6,189550,137650
2019,비뇨의학과,E02,1,1,1,15690,14190
2019,비뇨의학과,E03,103,384,384,7613700,5576540
2019,비뇨의학과,E05,13,19,19,535460,370400
2019,비뇨의학과,E06,3,11,11,2651660,2444860
2019,비뇨의학과,E07,22,33,33,1127210,821810
2019,비뇨의학과,E10,64,141,141,6741840,4902040
2019,비뇨의학과,E11,494,1640,1640,37761000,29031370
2019,비뇨의학과,E12,15,29,29,1197630,855730
2019,비뇨의학과,E13,151,294,294,10450320,8101620
2019,비뇨의학과,E14,260,816,816,18099870,13609090
2019,비뇨의학과,E21,2,4,4,75630,60530
2019,비뇨의학과,E22,51,95,95,2070530,1511630
2019,비뇨의학과,E23,156,551,551,10490170,7871810
2019,비뇨의학과,E24,1,2,2,30170,28670
2019,비뇨의학과,E25,1,1,1,11210,9710
2019,비뇨의학과,E26,1,1,1,18960,17160
2019,비뇨의학과,E27,5,7,7,99160,85460
2019,비뇨의학과,E28,22,55,55,1337040,964040
2019,비뇨의학과,E29,2195,4718,4717,172611030,122203300
2019,비뇨의학과,E30,3,3,3,47070,32970
2019,비뇨의학과,E34,277,396,396,9982440,7125240
2019,비뇨의학과,E35,27,40,40,845390,592990
2019,비뇨의학과,E46,1,1,1,47360,33160
2019,비뇨의학과,E50,142,310,310,7347040,5233240
2019,비뇨의학과,E51,1,11,11,128220,111720
2019,비뇨의학과,E53,33,42,42,1861620,1346420
2019,비뇨의학과,E55,227,539,539,17938400,13297700
2019,비뇨의학과,E58,10,27,27,359340,301840
2019,비뇨의학과,E63,6,6,6,83470,63770
2019,비뇨의학과,E64,1,1,1,15610,14110
2019,비뇨의학과,E66,127,249,249,4172320,2950420
2019,비뇨의학과,E67,1,1,1,19580,13780
2019,비뇨의학과,E70,5,6,6,86630,71230
2019,비뇨의학과,E75,4,6,6,47070,36170
2019,비뇨의학과,E78,1554,4074,4074,91860890,67187030
2019,비뇨의학과,E79,62,100,100,4163030,2948230
2019,비뇨의학과,E80,2,2,2,152160,110160
2019,비뇨의학과,E83,11,19,19,267760,214860
2019,비뇨의학과,E86,16,19,19,1527230,1085330
2019,비뇨의학과,E87,168,399,399,10086440,7560840
2019,비뇨의학과,E88,25,27,27,954300,681500
2019,비뇨의학과,E89,8,40,40,556440,413240
2019,비뇨의학과,E90,1,1,1,30170,30170
2019,비뇨의학과,F00,53,254,254,2973400,2524700
2019,비뇨의학과,F01,7,22,22,155500,121100
2019,비뇨의학과,F02,3,3,3,47070,43070
2019,비뇨의학과,F03,17,38,38,514820,442320
2019,비뇨의학과,F05,2,3,3,28030,23530
2019,비뇨의학과,F06,627,1415,1415,19556070,16165770
2019,비뇨의학과,F07,2,7,7,122620,100520
2019,비뇨의학과,F10,4,4,4,60900,42700
2019,비뇨의학과,F17,10,22,22,269020,194820
2019,비뇨의학과,F20,14,71,71,751790,629990
2019,비뇨의학과,F22,1,1,1,11210,9710
2019,비뇨의학과,F23,3,3,3,157490,114590
2019,비뇨의학과,F25,1,1,1,19580,17680
2019,비뇨의학과,F30,1,8,8,89680,63280
2019,비뇨의학과,F31,13,18,18,256710,199210
2019,비뇨의학과,F32,349,774,774,11585520,8647240
2019,비뇨의학과,F33,20,38,38,500350,400850
2019,비뇨의학과,F34,47,61,61,1037290,798390
2019,비뇨의학과,F38,61,114,114,1682910,1207510
2019,비뇨의학과,F39,24,70,70,1135930,842030
2019,비뇨의학과,F40,9,16,16,238830,186130
2019,비뇨의학과,F41,349,760,760,11264820,8884220
2019,비뇨의학과,F42,2,3,3,134620,94420
2019,비뇨의학과,F43,18,36,36,408200,315100
2019,비뇨의학과,F45,278,518,518,8410660,6486400
2019,비뇨의학과,F48,167,292,292,7340260,5372560
2019,비뇨의학과,F50,3,14,14,156760,110860
2019,비뇨의학과,F51,872,2480,2480,38098020,29157620
2019,비뇨의학과,F52,1690,2653,2653,87111640,60839050
2019,비뇨의학과,F54,4,10,10,121050,99250
2019,비뇨의학과,F55,1,2,2,366690,256790
2019,비뇨의학과,F59,1,1,1,15690,10990
2019,비뇨의학과,F60,3,5,5,73350,59450
2019,비뇨의학과,F63,12,13,13,199810,141710
2019,비뇨의학과,F64,13,79,79,1063000,749200
2019,비뇨의학과,F66,81,150,150,2392270,1757270
2019,비뇨의학과,F89,1,1,1,15690,10990
2019,비뇨의학과,F90,1,2,2,26900,18900
2019,비뇨의학과,F92,17,88,88,2306020,2013920
2019,비뇨의학과,F95,3,4,4,58280,40880
2019,비뇨의학과,F98,892,2434,2434,50336410,35876700
2019,비뇨의학과,F99,1,1,1,15690,10990
2019,비뇨의학과,G04,1,3,3,66560,46760
2019,비뇨의학과,G05,1,1,1,11210,9710
2019,비뇨의학과,G06,1,3,3,139340,97740
2019,비뇨의학과,G11,8,27,27,708760,633360
2019,비뇨의학과,G12,3,35,35,7010560,6307560
2019,비뇨의학과,G20,44,175,175,6009850,5386790
2019,비뇨의학과,G22,1,7,7,91020,80520
2019,비뇨의학과,G23,1,1,1,11210,9710
2019,비뇨의학과,G24,5,5,5,65470,51070
2019,비뇨의학과,G25,16,71,71,905670,717170
2019,비뇨의학과,G30,7,34,34,487400,414100
2019,비뇨의학과,G31,2356,5652,5652,81256650,65601580
2019,비뇨의학과,G35,6,28,28,1133890,1009490
2019,비뇨의학과,G40,8,28,28,309980,239880
2019,비뇨의학과,G41,1,1,1,3370,2370
2019,비뇨의학과,G43,195,380,380,5893130,4479930
2019,비뇨의학과,G44,150,306,306,10484640,7482640
2019,비뇨의학과,G45,5,16,16,192810,165610
2019,비뇨의학과,G46,2,9,9,117220,96920
2019,비뇨의학과,G47,2094,5574,5574,77765310,60022060
2019,비뇨의학과,G50,49,128,128,2216010,1704410
2019,비뇨의학과,G51,10,15,15,360870,272570
2019,비뇨의학과,G52,14,21,21,286850,247550
2019,비뇨의학과,G53,8257,25003,25004,380287460,307432740
2019,비뇨의학과,G54,16,50,50,2438830,1737730
2019,비뇨의학과,G56,37,131,131,2320590,1720790
2019,비뇨의학과,G57,12,17,17,402710,291510
2019,비뇨의학과,G58,38,104,104,10147760,7565370
2019,비뇨의학과,G59,20,42,42,456420,393120
2019,비뇨의학과,G60,1,5,5,186540,168140
2019,비뇨의학과,G61,4,8,8,148270,131370
2019,비뇨의학과,G62,29,146,146,2256650,1832250
2019,비뇨의학과,G63,15,49,49,464220,363120
2019,비뇨의학과,G64,28,58,58,810970,677170
2019,비뇨의학과,G70,6,6,6,126480,91980
2019,비뇨의학과,G71,1,1,1,11210,7910
2019,비뇨의학과,G72,1,1,1,15690,14190
2019,비뇨의학과,G73,1,1,1,15690,10990
2019,비뇨의학과,G80,1,2,2,22420,19420
2019,비뇨의학과,G81,2,7,7,169390,118990
2019,비뇨의학과,G82,10,30,30,769770,547270
2019,비뇨의학과,G83,2,22,22,1598440,1120040
2019,비뇨의학과,G90,19,41,41,663720,533720
2019,비뇨의학과,G91,29,53,53,822070,613870
2019,비뇨의학과,G95,8,32,32,796770,660670
2019,비뇨의학과,G98,2,2,2,31380,21980
2019,비뇨의학과,H00,574,699,699,13793600,10051100
2019,비뇨의학과,H01,1609,1950,1950,35265770,26172770
2019,비뇨의학과,H02,118,137,137,5563580,3935380
2019,비뇨의학과,H03,4,5,5,109220,76620
2019,비뇨의학과,H04,348,656,656,8903380,6480980
2019,비뇨의학과,H05,6,8,8,116930,91930
2019,비뇨의학과,H06,2,11,11,202070,164570
2019,비뇨의학과,H10,1523,2015,2015,32089620,24021910
2019,비뇨의학과,H11,148,357,357,5608140,4077840
2019,비뇨의학과,H13,26,42,42,612150,454350
2019,비뇨의학과,H15,1,2,2,0,0
2019,비뇨의학과,H16,374,523,523,8271820,6169420
2019,비뇨의학과,H18,1,3,3,26990,19090
2019,비뇨의학과,H19,48,69,69,1146930,848130
2019,비뇨의학과,H20,2,7,7,55470,39170
2019,비뇨의학과,H25,27,60,60,737680,641380
2019,비뇨의학과,H26,7,19,19,254710,191610
2019,비뇨의학과,H30,1,1,1,10630,9130
2019,비뇨의학과,H33,1,1,1,15690,10990
2019,비뇨의학과,H34,3,5,5,144450,101450
2019,비뇨의학과,H35,17,20,20,243480,190580
2019,비뇨의학과,H36,4,6,6,80110,65710
2019,비뇨의학과,H40,39,78,78,714510,576110
2019,비뇨의학과,H42,1,7,7,82950,72450
2019,비뇨의학과,H44,7,8,8,103410,82710
2019,비뇨의학과,H47,2,2,2,31380,21980
2019,비뇨의학과,H53,2,2,2,35270,24770
2019,비뇨의학과,H54,1,2,2,26310,21610
2019,비뇨의학과,H57,1,1,1,10630,7530
2019,비뇨의학과,H60,825,1368,1368,26672180,19961480
2019,비뇨의학과,H61,81,133,133,3440430,2519130
2019,비뇨의학과,H62,5,6,6,87620,69720
2019,비뇨의학과,H65,160,262,262,4002780,3253280
2019,비뇨의학과,H66,161,266,266,3947800,3289500
2019,비뇨의학과,H67,7,9,9,140180,106680
2019,비뇨의학과,H68,1,1,1,17520,15820
2019,비뇨의학과,H72,3,3,3,47070,39370
2019,비뇨의학과,H73,2,3,3,48730,44030
2019,비뇨의학과,H81,91,222,222,3302520,2554420
2019,비뇨의학과,H83,3,11,11,152310,132610
2019,비뇨의학과,H90,2,2,2,33580,31280
2019,비뇨의학과,H91,49,68,68,1581730,1182330
2019,비뇨의학과,H92,7,7,7,116640,90540
2019,비뇨의학과,H93,156,360,360,4587290,3827090
2019,비뇨의학과,I00,2,3,3,38550,30350
2019,비뇨의학과,I10,3066,13391,13391,210628770,164941120
2019,비뇨의학과,I11,191,992,992,14325210,11360150
2019,비뇨의학과,I12,26,58,58,1044930,798130
2019,비뇨의학과,I13,12,35,35,1288350,1003950
2019,비뇨의학과,I15,135,479,479,6676810,5161310
2019,비뇨의학과,I20,35,105,105,1433220,1140220
2019,비뇨의학과,I21,3,16,16,77840,57140
2019,비뇨의학과,I24,2,5,5,60960,44760
2019,비뇨의학과,I25,5,19,19,223310,162210
2019,비뇨의학과,I34,1,11,11,130610,114110
2019,비뇨의학과,I35,3,4,4,105560,82960
2019,비뇨의학과,I42,2,27,27,341500,302000
2019,비뇨의학과,I47,9,12,12,188940,150740
2019,비뇨의학과,I48,10,20,20,225800,174600
2019,비뇨의학과,I49,28,67,67,1068190,824790
2019,비뇨의학과,I50,14,24,24,383880,321480
2019,비뇨의학과,I51,11,17,17,478310,356310
2019,비뇨의학과,I61,1,2,2,30790,21690
2019,비뇨의학과,I63,20,98,98,1086910,931550
2019,비뇨의학과,I64,4,14,14,114760,87560
2019,비뇨의학과,I65,3,13,13,150210,130710
2019,비뇨의학과,I67,25,37,37,481930,395130
2019,비뇨의학과,I68,2,4,4,53790,44590
2019,비뇨의학과,I69,5,12,12,172910,148110
2019,비뇨의학과,I70,16,41,41,750170,612470
2019,비뇨의학과,I72,1,1,1,15690,10990
2019,비뇨의학과,I73,579,1292,1292,21279600,16416900
2019,비뇨의학과,I74,3,3,3,37850,26650
2019,비뇨의학과,I77,3,5,5,75630,53130
2019,비뇨의학과,I78,271,315,315,5475830,4210130
2019,비뇨의학과,I79,1,1,1,15690,14190
2019,비뇨의학과,I80,45,65,65,1464160,1081860
2019,비뇨의학과,I82,6,8,8,119020,89820
2019,비뇨의학과,I83,97,238,238,3536260,2832660
2019,비뇨의학과,I84,2,4,4,44920,38920
2019,비뇨의학과,I86,5805,9422,9432,877470460,647539880
2019,비뇨의학과,I87,200,418,418,7307900,5591770
2019,비뇨의학과,I88,314,555,555,35628410,24976760
2019,비뇨의학과,I89,158,273,273,10896980,7701680
2019,비뇨의학과,I95,13,16,16,270040,211940
2019,비뇨의학과,I99,4,12,12,157180,120480
2019,비뇨의학과,J00,4032,8234,8234,124939400,96893830
2019,비뇨의학과,J01,114,195,195,3067280,2279380
2019,비뇨의학과,J02,669,1553,1553,23328520,18271120
2019,비뇨의학과,J03,1393,2710,2710,40528650,30718620
2019,비뇨의학과,J04,442,932,932,14998290,11582680
2019,비뇨의학과,J06,1636,2869,2869,46583810,35043520
2019,비뇨의학과,J09,1,1,1,11210,7910
2019,비뇨의학과,J10,13,17,17,247160,184960
2019,비뇨의학과,J11,11,15,15,183660,150360
2019,비뇨의학과,J12,16,18,18,371100,265200
2019,비뇨의학과,J15,8,22,22,412200,320300
2019,비뇨의학과,J18,5,11,11,343970,251470
2019,비뇨의학과,J20,2100,4670,4670,69188280,53715780
2019,비뇨의학과,J21,148,286,286,4974410,3868010
2019,비뇨의학과,J22,34,82,82,1112160,808760
2019,비뇨의학과,J30,2345,4493,4493,77123930,57757530
2019,비뇨의학과,J31,58,140,140,1858150,1379540
2019,비뇨의학과,J32,104,175,175,2793860,2113560
2019,비뇨의학과,J33,3,9,9,118220,101120
2019,비뇨의학과,J34,348,620,620,11455220,8308120
2019,비뇨의학과,J35,7,8,8,234410,173510
2019,비뇨의학과,J36,12,19,19,413420,296520
2019,비뇨의학과,J37,9,9,9,134140,97440
2019,비뇨의학과,J38,4,4,4,83380,68780
2019,비뇨의학과,J39,166,239,239,3484200,2631600
2019,비뇨의학과,J40,259,582,582,8506040,6526720
2019,비뇨의학과,J41,101,344,344,4611660,3767060
2019,비뇨의학과,J42,81,205,205,2949390,2374990
2019,비뇨의학과,J44,43,109,109,2358330,1811830
2019,비뇨의학과,J45,141,431,431,6323460,5080060
2019,비뇨의학과,J46,4,7,7,100270,74370
2019,비뇨의학과,J47,8,30,30,397260,343560
2019,비뇨의학과,J61,1,1,1,11210,7910
2019,비뇨의학과,J70,2,2,2,26910,21210
2019,비뇨의학과,J85,1,1,1,11210,9710
2019,비뇨의학과,J90,1,1,1,13660,12160
2019,비뇨의학과,J93,1,1,1,20830,14630
2019,비뇨의학과,J98,2,2,2,30540,24040
2019,비뇨의학과,K00,1,1,1,19580,13780
2019,비뇨의학과,K03,1,1,1,15690,10990
2019,비뇨의학과,K04,34,111,111,2297090,1668490
2019,비뇨의학과,K05,39,81,81,957020,801420
2019,비뇨의학과,K06,6,7,7,91910,66410
2019,비뇨의학과,K07,9,23,23,298640,242040
2019,비뇨의학과,K08,20,26,26,398510,310710
2019,비뇨의학과,K09,3,3,3,62650,43950
2019,비뇨의학과,K10,1,1,1,15690,10990
2019,비뇨의학과,K11,22,28,28,1283710,922310
2019,비뇨의학과,K12,1380,2450,2450,38638360,30833680
2019,비뇨의학과,K13,1582,2134,2134,35136630,26224630
2019,비뇨의학과,K14,128,194,194,3024850,2485350
2019,비뇨의학과,K20,11,18,18,232570,186770
2019,비뇨의학과,K21,1944,3379,3379,68681800,50930400
2019,비뇨의학과,K22,6,6,6,983900,690800
2019,비뇨의학과,K23,13,13,13,213710,163410
2019,비뇨의학과,K25,539,1185,1185,20304220,15611620
2019,비뇨의학과,K26,83,113,113,2111710,1555810
2019,비뇨의학과,K27,371,616,616,9996610,7482210
2019,비뇨의학과,K28,5,11,11,139200,98000
2019,비뇨의학과,K29,17405,30730,30757,832328220,615426960
2019,비뇨의학과,K30,4786,8102,8102,178388990,130423690
2019,비뇨의학과,K31,57,117,117,1914410,1443310
2019,비뇨의학과,K35,19,21,21,1097650,773650
2019,비뇨의학과,K36,6,6,6,483550,338650
2019,비뇨의학과,K37,4,4,4,200950,140850
2019,비뇨의학과,K40,3009,3547,3546,122163190,91883110
2019,비뇨의학과,K41,34,36,36,904270,674870
2019,비뇨의학과,K42,2,2,2,35180,24780
2019,비뇨의학과,K43,98,104,104,1978570,1497170
2019,비뇨의학과,K45,39,55,55,1000950,807350
2019,비뇨의학과,K46,263,289,289,7635780,5783080
2019,비뇨의학과,K50,18,23,23,634790,524290
2019,비뇨의학과,K51,14,31,31,849360,716160
2019,비뇨의학과,K52,63,102,102,1825020,1387060
2019,비뇨의학과,K56,7,7,7,117330,90730
2019,비뇨의학과,K57,7,10,10,275420,193020
2019,비뇨의학과,K58,232,383,383,5983310,4616250
2019,비뇨의학과,K59,1364,2715,2715,43383460,33582580
2019,비뇨의학과,K60,58,65,65,1068410,800310
2019,비뇨의학과,K61,196,463,463,14300110,10812050
2019,비뇨의학과,K62,117,153,153,3657350,2724050
2019,비뇨의학과,K63,21,81,81,2373290,1829490
2019,비뇨의학과,K64,909,1356,1356,22441890,17092830
2019,비뇨의학과,K65,4,11,11,1095710,767510
2019,비뇨의학과,K70,62,153,153,3187770,2266570
2019,비뇨의학과,K71,25,41,41,1136030,820530
2019,비뇨의학과,K72,15,40,40,608950,493750
2019,비뇨의학과,K73,135,333,333,6610440,4946350
2019,비뇨의학과,K74,28,59,59,985580,788480
2019,비뇨의학과,K75,98,148,148,4270720,3047320
2019,비뇨의학과,K76,658,1157,1157,54654870,39077470
2019,비뇨의학과,K77,10,16,16,636100,446000
2019,비뇨의학과,K80,69,101,101,2119760,1574300
2019,비뇨의학과,K81,9,16,16,514170,371270
2019,비뇨의학과,K82,7,10,10,155380,118180
2019,비뇨의학과,K83,8,9,9,137020,96220
2019,비뇨의학과,K85,2,2,2,36460,29160
2019,비뇨의학과,K86,3,3,3,66270,46470
2019,비뇨의학과,K90,1,1,1,19580,13780
2019,비뇨의학과,K92,22,29,29,2650750,1875050
2019,비뇨의학과,K93,1,2,2,28560,20060
2019,비뇨의학과,L00,4,4,4,68010,52910
2019,비뇨의학과,L01,25327,43076,43076,786176520,585808100
2019,비뇨의학과,L02,126980,248858,248856,4869644530,3541391180
2019,비뇨의학과,L03,63289,115484,115491,2247213160,1664246920
2019,비뇨의학과,L04,1046,1929,1929,51207080,36947830
2019,비뇨의학과,L05,4606,8824,8824,149881430,108247030
2019,비뇨의학과,L08,56082,102087,102089,1810544580,1345786300
2019,비뇨의학과,L10,58,146,146,2402090,1908090
2019,비뇨의학과,L11,331,385,385,6597940,4729640
2019,비뇨의학과,L12,22,82,82,1325810,1090510
2019,비뇨의학과,L13,1621,2976,2976,59334000,43651100
2019,비뇨의학과,L14,1,1,1,13180,9280
2019,비뇨의학과,L20,50478,108242,108244,1809326990,1327725550
2019,비뇨의학과,L21,120246,237274,237272,3776563690,2872945300
2019,비뇨의학과,L22,77,91,91,1667780,1391280
2019,비뇨의학과,L23,705496,1453326,1453315,24520154470,18648385140
2019,비뇨의학과,L24,152950,280897,280914,4489601780,3426466620
2019,비뇨의학과,L25,62396,114316,114316,1833364420,1399589280
2019,비뇨의학과,L26,386,554,608,12725210,9652830
2019,비뇨의학과,L27,6057,11801,11801,194837530,148664470
2019,비뇨의학과,L28,34443,69992,69991,1295455400,978685760
2019,비뇨의학과,L29,27534,57572,57569,936574080,730482130
2019,비뇨의학과,L30,142442,259689,259688,4308626930,3251380740
2019,비뇨의학과,L40,18493,54033,54033,817928890,616056240
2019,비뇨의학과,L41,192,391,391,6477980,4852580
2019,비뇨의학과,L42,1957,3219,3219,51943130,37042430
2019,비뇨의학과,L43,1761,3336,3336,62393080,46709980
2019,비뇨의학과,L44,612,1074,1074,17648270,12986170
2019,비뇨의학과,L45,42,65,65,1110870,828170
2019,비뇨의학과,L50,174285,395018,395019,7208255880,5423593360
2019,비뇨의학과,L51,653,1393,1393,22145750,16639950
2019,비뇨의학과,L52,308,664,664,12162560,8934400
2019,비뇨의학과,L53,998,1828,1828,32074390,23706030
2019,비뇨의학과,L54,5,8,8,140080,101980
2019,비뇨의학과,L55,606,728,728,14031770,10067070
2019,비뇨의학과,L56,997,1380,1380,22791210,16957710
2019,비뇨의학과,L57,1203,1891,1891,54023390,40883890
2019,비뇨의학과,L58,4,4,4,60270,47870
2019,비뇨의학과,L59,85,100,100,1582410,1137310
2019,비뇨의학과,L60,9086,17700,17700,456759680,335104080
2019,비뇨의학과,L62,74,80,80,1259450,913950
2019,비뇨의학과,L63,19850,74369,74368,2405145320,1693119630
2019,비뇨의학과,L64,901,1436,1436,27304320,19295720
2019,비뇨의학과,L65,615,983,983,20363260,14638960
2019,비뇨의학과,L66,3509,7113,7110,120779130,86732760
2019,비뇨의학과,L67,6,6,6,15690,10990
2019,비뇨의학과,L68,10,10,10,135080,94780
2019,비뇨의학과,L70,7604,18572,18572,288779170,205125270
2019,비뇨의학과,L71,3047,6352,6352,94213780,69757580
2019,비뇨의학과,L72,16133,29850,29847,1483723140,1055761110
2019,비뇨의학과,L73,25595,49968,49968,788821370,567456500
2019,비뇨의학과,L74,1291,1948,1948,30926990,23047690
2019,비뇨의학과,L75,32,46,46,2225910,1582710
2019,비뇨의학과,L80,2470,3824,3824,74049000,55876040
2019,비뇨의학과,L81,3553,4144,4143,67194300,50134100
2019,비뇨의학과,L82,2094,2723,2723,60742340,46446440
2019,비뇨의학과,L83,287,423,423,23350100,16386900
2019,비뇨의학과,L84,46725,86825,86823,3666470090,2609764050
2019,비뇨의학과,L85,25197,45201,45201,717894110,568894880
2019,비뇨의학과,L86,161,212,212,3260920,2497920
2019,비뇨의학과,L87,77,114,114,1763400,1316500
2019,비뇨의학과,L88,175,674,674,11386230,8610530
2019,비뇨의학과,L89,327,1389,1389,26928480,21761610
2019,비뇨의학과,L90,532,935,935,24618180,17459780
2019,비뇨의학과,L91,9929,24837,24837,806228300,568859340
2019,비뇨의학과,L92,835,1132,1131,54739860,39007760
2019,비뇨의학과,L93,12,23,23,600420,482120
2019,비뇨의학과,L94,24,28,28,809740,577240
2019,비뇨의학과,L95,190,363,362,6594100,4844600
2019,비뇨의학과,L97,21,66,66,1454940,1083140
2019,비뇨의학과,L98,2510,5217,5217,119668760,90305660
2019,비뇨의학과,L99,30,30,30,473700,384300
2019,비뇨의학과,M00,11,18,18,208290,157490
2019,비뇨의학과,M01,1,1,1,13670,12170
2019,비뇨의학과,M02,22,102,102,1646460,1209460
2019,비뇨의학과,M05,3,21,21,868440,765040
2019,비뇨의학과,M06,109,363,363,5147860,4413760
2019,비뇨의학과,M07,6,9,9,153210,125810
2019,비뇨의학과,M08,3,3,3,117410,84810
2019,비뇨의학과,M10,286,777,777,16854920,12587530
2019,비뇨의학과,M11,13,47,47,751400,599100
2019,비뇨의학과,M12,19,44,44,1173040,886840
2019,비뇨의학과,M13,550,1647,1647,22594240,18614200
2019,비뇨의학과,M14,4,6,6,83770,68770
2019,비뇨의학과,M15,211,530,530,7543620,6238120
2019,비뇨의학과,M16,17,32,32,442780,365080
2019,비뇨의학과,M17,333,1115,1115,18192790,14843890
2019,비뇨의학과,M19,114,278,278,3948620,3231620
2019,비뇨의학과,M20,5,5,5,82570,57870
2019,비뇨의학과,M22,2,2,2,36180,30880
2019,비뇨의학과,M23,2,6,6,72180,50780
2019,비뇨의학과,M24,97,364,364,8000290,5677590
2019,비뇨의학과,M25,355,832,832,12821780,10309780
2019,비뇨의학과,M30,1,1,1,23710,21410
2019,비뇨의학과,M31,12,19,19,336880,253880
2019,비뇨의학과,M32,9,37,37,637500,536700
2019,비뇨의학과,M33,9,23,23,362100,277300
2019,비뇨의학과,M34,6,10,10,585150,421750
2019,비뇨의학과,M35,26,99,99,4146230,3759330
2019,비뇨의학과,M40,1,1,1,11210,9710
2019,비뇨의학과,M43,26,77,77,976630,796230
2019,비뇨의학과,M45,9,21,21,538480,476680
2019,비뇨의학과,M46,2,10,10,131800,92900
2019,비뇨의학과,M47,53,162,162,3534480,2859180
2019,비뇨의학과,M48,156,552,552,21541100,16121300
2019,비뇨의학과,M49,6,114,114,1867550,1638150
2019,비뇨의학과,M50,16,58,58,933800,796600
2019,비뇨의학과,M51,158,421,421,7644550,6186050
2019,비뇨의학과,M53,5,8,8,123760,96060
2019,비뇨의학과,M54,4797,9074,9074,476119260,339363030
2019,비뇨의학과,M60,194,271,271,9625300,6867100
2019,비뇨의학과,M62,431,772,772,32811490,23409490
2019,비뇨의학과,M63,4,6,6,701260,491060
2019,비뇨의학과,M65,272,760,760,12201130,9868230
2019,비뇨의학과,M66,1,1,1,19580,17680
2019,비뇨의학과,M67,240,526,526,18682950,13585350
2019,비뇨의학과,M70,27,76,76,1194410,927910
2019,비뇨의학과,M71,19,29,29,946180,676680
2019,비뇨의학과,M72,148,250,250,8608160,6321160
2019,비뇨의학과,M73,7,16,16,523540,367140
2019,비뇨의학과,M75,239,519,519,15792070,11729770
2019,비뇨의학과,M76,4,14,14,188840,140540
2019,비뇨의학과,M77,16,57,57,820560,671560
2019,비뇨의학과,M79,4514,8309,8309,234729850,174043790
2019,비뇨의학과,M80,9,27,27,513770,406870
2019,비뇨의학과,M81,66,219,219,3320840,2608340
2019,비뇨의학과,M82,12,23,23,1474820,1320860
2019,비뇨의학과,M84,3,5,5,75110,62910
2019,비뇨의학과,M85,2,3,3,100020,70220
2019,비뇨의학과,M86,1,3,3,37540,26340
2019,비뇨의학과,M89,6,17,17,217240,184440
2019,비뇨의학과,M90,3,5,5,67470,50970
2019,비뇨의학과,M94,2,4,4,56260,50260
2019,비뇨의학과,M96,13,17,17,226410,189410
2019,비뇨의학과,M99,6,14,14,215340,162740
2019,비뇨의학과,N00,208,485,485,13939690,10271590
2019,비뇨의학과,N01,25,69,69,1539150,1158650
2019,비뇨의학과,N02,6672,11602,11655,1260198510,891419180
2019,비뇨의학과,N03,34,96,96,2430620,1819620
2019,비뇨의학과,N04,24,36,36,807150,624250
2019,비뇨의학과,N05,40,59,59,1861820,1351820
2019,비뇨의학과,N06,49,62,62,1928290,1359790
2019,비뇨의학과,N07,2,2,2,136010,95310
2019,비뇨의학과,N08,3,5,5,91540,64240
2019,비뇨의학과,N10,9060,22271,22663,1033474030,746049780
2019,비뇨의학과,N11,349,1164,1176,29249170,21972420
2019,비뇨의학과,N12,1205,2785,2785,151366360,107605120
2019,비뇨의학과,N13,1415,2539,2584,917344180,646406790
2019,비뇨의학과,N14,6,10,10,248150,185950
2019,비뇨의학과,N15,9,9,9,272340,196840
2019,비뇨의학과,N16,1,1,1,15690,14190
2019,비뇨의학과,N17,30,43,43,1931880,1409080
2019,비뇨의학과,N18,74,351,351,37203690,32745270
2019,비뇨의학과,N19,84,112,112,4930310,3631110
2019,비뇨의학과,N20,104014,248122,248347,116146214890,81672927770
2019,비뇨의학과,N21,3251,5625,5643,1303822160,931244810
2019,비뇨의학과,N22,18,36,36,1038390,731890
2019,비뇨의학과,N23,2275,3305,3305,912999630,637497060
2019,비뇨의학과,N25,3,3,3,52310,40310
2019,비뇨의학과,N26,20,43,43,1957270,1422670
2019,비뇨의학과,N27,13,19,19,1374110,975510
2019,비뇨의학과,N28,825,1289,1289,134774060,95716670
2019,비뇨의학과,N29,37,55,55,1873770,1327870
2019,비뇨의학과,N30,310929,777903,777951,24999305910,18103298100
2019,비뇨의학과,N31,193627,549095,549204,20177435490,14586278980
2019,비뇨의학과,N32,17337,43599,43605,1340397440,989280770
2019,비뇨의학과,N33,103,358,358,6849310,5351510
2019,비뇨의학과,N34,367795,906038,906052,51882587710,36245287900
2019,비뇨의학과,N35,1185,3955,4037,545586050,398954300
2019,비뇨의학과,N36,1279,2808,2815,293198000,215453970
2019,비뇨의학과,N37,1586,3187,3187,170192420,119605640
2019,비뇨의학과,N39,53163,110251,110544,6043438120,4468721800
2019,비뇨의학과,N40,601349,2874071,2875053,90979987650,67025807590
2019,비뇨의학과,N41,204373,677107,677276,32650030080,22670195120
2019,비뇨의학과,N42,1457,3066,3076,118650550,84953730
2019,비뇨의학과,N43,5061,9829,9880,743434060,553019710
2019,비뇨의학과,N44,740,895,894,32655260,23262080
2019,비뇨의학과,N45,40321,95122,95272,3897420330,2746757410
2019,비뇨의학과,N46,6709,10758,10763,796940200,575231970
2019,비뇨의학과,N47,4475,6106,6117,222870860,161382140
2019,비뇨의학과,N48,68262,101170,101213,2984309550,2152880900
2019,비뇨의학과,N49,5384,10320,10334,407237550,278941080
2019,비뇨의학과,N50,3150,5805,5805,165275770,118605640
2019,비뇨의학과,N51,730,1101,1099,32973260,23314670
2019,비뇨의학과,N60,4,4,4,60450,47850
2019,비뇨의학과,N61,4,5,5,77860,57860
2019,비뇨의학과,N62,563,778,778,476302790,375025130
2019,비뇨의학과,N63,1,1,1,15690,10990
2019,비뇨의학과,N64,11,14,14,211970,153870
2019,비뇨의학과,N70,3,9,9,126710,104710
2019,비뇨의학과,N71,5,8,8,132360,93160
2019,비뇨의학과,N72,591,1678,1678,94659070,66419570
2019,비뇨의학과,N73,238,597,597,36922620,25300180
2019,비뇨의학과,N74,71,136,136,6957000,4910700
2019,비뇨의학과,N75,26,55,55,4748620,3399500
2019,비뇨의학과,N76,4943,10701,10701,485548460,344049180
2019,비뇨의학과,N77,910,1728,1728,77553620,54101170
2019,비뇨의학과,N80,7,12,12,389350,273250
2019,비뇨의학과,N81,348,709,711,180456680,142974350
2019,비뇨의학과,N82,4,8,8,135700,101800
2019,비뇨의학과,N83,6,7,7,337160,236360
2019,비뇨의학과,N84,26,38,38,4292730,3065890
2019,비뇨의학과,N85,3,5,5,316250,221650
2019,비뇨의학과,N86,66,134,134,9401090,6525800
2019,비뇨의학과,N87,4,5,5,515630,361130
2019,비뇨의학과,N89,4,12,12,511860,360960
2019,비뇨의학과,N90,91,325,325,10266990,7269990
2019,비뇨의학과,N91,16,18,18,431460,302560
2019,비뇨의학과,N92,25,31,31,1308780,916980
2019,비뇨의학과,N93,35,58,58,2461760,1729760
2019,비뇨의학과,N94,69,93,93,5156740,3620840
2019,비뇨의학과,N95,648,1735,1735,35869210,26321760
2019,비뇨의학과,N97,5,19,19,270520,189620
2019,비뇨의학과,N99,534,579,579,12142400,8594480
2019,비뇨의학과,O08,1,2,2,53640,37640
2019,비뇨의학과,O20,4,5,5,428220,300020
2019,비뇨의학과,O21,1,1,1,11210,7910
2019,비뇨의학과,O23,1,1,1,15690,10990
2019,비뇨의학과,O30,1,1,1,157780,110480
2019,비뇨의학과,O35,1,1,1,158970,111370
2019,비뇨의학과,O91,1,1,1,5610,4010
2019,비뇨의학과,P23,31,76,76,2650460,1859260
2019,비뇨의학과,P35,1,4,4,57690,40590
2019,비뇨의학과,P78,1,1,1,17890,17090
2019,비뇨의학과,P83,226,277,277,9958130,7912890
2019,비뇨의학과,Q01,1,2,2,31380,21980
2019,비뇨의학과,Q05,52,152,152,2475920,2180020
2019,비뇨의학과,Q06,2,4,4,69400,48800
2019,비뇨의학과,Q07,1,1,1,15690,10990
2019,비뇨의학과,Q18,4,4,4,86570,60770
2019,비뇨의학과,Q21,1,2,2,25690,22390
2019,비뇨의학과,Q24,1,8,8,94600,85400
2019,비뇨의학과,Q27,2,2,2,35270,24770
2019,비뇨의학과,Q36,4,5,5,72270,52570
2019,비뇨의학과,Q39,1,4,4,77600,54600
2019,비뇨의학과,Q40,3,7,7,98490,84790
2019,비뇨의학과,Q44,1,1,1,15690,10990
2019,비뇨의학과,Q50,1,4,4,44840,31640
2019,비뇨의학과,Q52,3,4,4,300500,210500
2019,비뇨의학과,Q53,1493,1697,1697,63628880,50042730
2019,비뇨의학과,Q54,181,265,265,11512800,8670400
2019,비뇨의학과,Q55,1161,1927,1927,114253370,82252260
2019,비뇨의학과,Q60,2,2,2,107300,75200
2019,비뇨의학과,Q61,242,469,469,27502980,19714130
2019,비뇨의학과,Q62,177,275,275,26606570,21303380
2019,비뇨의학과,Q63,15,25,25,2961310,2084710
2019,비뇨의학과,Q64,38,106,106,7221030,5191530
2019,비뇨의학과,Q67,2,2,2,31840,25540
2019,비뇨의학과,Q72,1,1,1,15690,10990
2019,비뇨의학과,Q80,172,299,299,4869680,3836680
2019,비뇨의학과,Q81,5,20,20,356180,257180
2019,비뇨의학과,Q82,296,346,346,6760990,4912990
2019,비뇨의학과,Q83,2,2,2,31380,21980
2019,비뇨의학과,Q84,4,4,4,86410,63810
2019,비뇨의학과,Q85,115,148,148,3660470,2699870
2019,비뇨의학과,Q87,1,1,1,17580,15880
2019,비뇨의학과,Q90,1,1,1,18090,12690
2019,비뇨의학과,Q98,103,337,337,19853750,15588940
2019,비뇨의학과,R00,42,80,80,1565980,1170380
2019,비뇨의학과,R02,21,74,74,1367140,1048240
2019,비뇨의학과,R03,9,9,9,146960,103160
2019,비뇨의학과,R04,34,37,37,995750,724150
2019,비뇨의학과,R05,143,287,287,4376830,3390630
2019,비뇨의학과,R06,7,9,9,211960,148660
2019,비뇨의학과,R07,36,55,55,1492040,1118940
2019,비뇨의학과,R09,43,71,71,1702000,1251500
2019,비뇨의학과,R10,10763,23235,23260,1842995380,1282322400
2019,비뇨의학과,R11,278,560,560,28952020,20856440
2019,비뇨의학과,R12,266,419,419,11552430,8328030
2019,비뇨의학과,R13,6,38,38,462680,394980
2019,비뇨의학과,R14,10,10,10,376980,275680
2019,비뇨의학과,R15,17,22,22,502880,393580
2019,비뇨의학과,R16,1,1,1,14480,14480
2019,비뇨의학과,R17,4,4,4,72890,57190
2019,비뇨의학과,R18,3,3,3,137650,96450
2019,비뇨의학과,R19,13,15,15,502300,360400
2019,비뇨의학과,R20,164,239,239,3537880,2804680
2019,비뇨의학과,R21,187,310,310,6090360,4519060
2019,비뇨의학과,R22,522,800,800,38741590,27529590
2019,비뇨의학과,R23,914,1037,1037,16766480,12586680
2019,비뇨의학과,R25,11,25,25,411700,313600
2019,비뇨의학과,R26,2,2,2,32290,27390
2019,비뇨의학과,R29,3,3,3,47070,42570
2019,비뇨의학과,R30,7081,11351,11353,387609010,278962390
2019,비뇨의학과,R31,45512,81094,81086,8503287390,6015254370
2019,비뇨의학과,R32,1511,4189,4189,92351410,70375920
2019,비뇨의학과,R33,2112,6674,6681,317398160,229666500
2019,비뇨의학과,R34,16,26,26,653190,483390
2019,비뇨의학과,R35,16442,39067,39069,940153420,701645650
2019,비뇨의학과,R36,1360,4313,4313,204478180,143508100
2019,비뇨의학과,R39,6888,10266,10266,294712990,212291810
2019,비뇨의학과,R40,2,3,3,36840,25940
2019,비뇨의학과,R41,108,388,388,5698610,4697910
2019,비뇨의학과,R42,192,322,322,4557090,3722290
2019,비뇨의학과,R43,1,1,1,15690,14190
2019,비뇨의학과,R45,43,72,72,1171690,903990
2019,비뇨의학과,R46,1,2,2,35270,24770
2019,비뇨의학과,R49,1,1,1,15690,14190
2019,비뇨의학과,R50,85,144,144,5740690,4140590
2019,비뇨의학과,R51,260,415,415,5866650,4570150
2019,비뇨의학과,R52,3414,6065,6072,1933603800,1363541120
2019,비뇨의학과,R53,126,225,225,5458450,4036350
2019,비뇨의학과,R54,6,6,6,156340,109740
2019,비뇨의학과,R55,6,17,17,293420,223220
2019,비뇨의학과,R56,5,6,6,93550,65650
2019,비뇨의학과,R57,4,5,5,69490,56590
2019,비뇨의학과,R58,17,25,25,495120,367020
2019,비뇨의학과,R59,88,130,130,8209040,5737100
2019,비뇨의학과,R60,644,1024,1024,24606810,18379650
2019,비뇨의학과,R61,292,346,346,5794660,4185660
2019,비뇨의학과,R62,5,10,10,144780,104480
2019,비뇨의학과,R63,16,30,30,666860,527360
2019,비뇨의학과,R64,1,1,1,11210,7910
2019,비뇨의학과,R68,41,48,48,831480,613680
2019,비뇨의학과,R73,87,105,105,2313450,1744150
2019,비뇨의학과,R75,1,1,1,128390,89890
2019,비뇨의학과,R76,127,186,186,6240410,4103040
2019,비뇨의학과,R79,54,76,76,3168840,2238140
2019,비뇨의학과,R80,546,690,690,21977080,15725990
2019,비뇨의학과,R81,151,251,251,6834260,5237160
2019,비뇨의학과,R82,217,270,270,6619520,4845420
2019,비뇨의학과,R86,1629,3000,3004,167572430,118077950
2019,비뇨의학과,R87,4,7,7,394130,276330
2019,비뇨의학과,R91,5,6,6,90240,69240
2019,비뇨의학과,R93,7,9,9,1773210,1246510
2019,비뇨의학과,R94,226,338,336,11513100,8187800
2019,비뇨의학과,S00,5132,10767,10767,214541980,158829010
2019,비뇨의학과,S01,1739,3913,3913,87486690,64834450
2019,비뇨의학과,S02,1,1,1,15690,10990
2019,비뇨의학과,S03,3,4,4,56260,42060
2019,비뇨의학과,S04,1,1,1,13660,12160
2019,비뇨의학과,S05,11,25,25,581110,430910
2019,비뇨의학과,S06,2,2,2,34970,26770
2019,비뇨의학과,S07,153,417,417,7959830,5828230
2019,비뇨의학과,S08,2,5,5,116130,83630
2019,비뇨의학과,S09,78,229,229,4618860,3576860
2019,비뇨의학과,S10,137,189,189,4029170,2955110
2019,비뇨의학과,S11,22,62,62,1364260,997960
2019,비뇨의학과,S13,21,33,33,1736540,1243340
2019,비뇨의학과,S14,3,4,4,62760,43960
2019,비뇨의학과,S15,3,10,10,207280,150880
2019,비뇨의학과,S17,8,12,12,221120,158920
2019,비뇨의학과,S19,8,9,9,175530,131930
2019,비뇨의학과,S20,129,226,226,4611350,3492290
2019,비뇨의학과,S21,42,97,97,2205710,1614510
2019,비뇨의학과,S22,8,11,11,197210,150110
2019,비뇨의학과,S23,13,18,18,363830,285130
2019,비뇨의학과,S24,2,3,3,47070,32970
2019,비뇨의학과,S25,1,1,1,21830,15330
2019,비뇨의학과,S29,3,4,4,89920,67120
2019,비뇨의학과,S30,2402,3275,3280,95305300,68277540
2019,비뇨의학과,S31,1294,2662,2667,68629100,49546940
2019,비뇨의학과,S32,5,29,29,554810,444710
2019,비뇨의학과,S33,373,692,692,25754890,18667440
2019,비뇨의학과,S34,35,41,41,1178650,845150
2019,비뇨의학과,S35,2,4,4,66080,46380
2019,비뇨의학과,S36,2,2,2,34650,24350
2019,비뇨의학과,S37,255,435,480,28915890,21047560
2019,비뇨의학과,S38,65,129,129,6283800,4585560
2019,비뇨의학과,S39,23,33,72,5853990,4300160
2019,비뇨의학과,S40,236,525,525,10424780,7976360
2019,비뇨의학과,S41,55,179,179,3968630,2893730
2019,비뇨의학과,S43,10,17,17,221060,160460
2019,비뇨의학과,S44,1,1,1,15690,10990
2019,비뇨의학과,S45,4,8,8,162390,126290
2019,비뇨의학과,S46,2,2,2,26900,22100
2019,비뇨의학과,S47,4,20,20,369700,293700
2019,비뇨의학과,S49,17,46,46,1123660,824360
2019,비뇨의학과,S50,768,1754,1754,36353350,27661080
2019,비뇨의학과,S51,262,633,633,13831170,10409870
2019,비뇨의학과,S52,1,2,2,41480,32880
2019,비뇨의학과,S53,4,10,10,145480,109380
2019,비뇨의학과,S54,1,1,1,11210,9710
2019,비뇨의학과,S55,7,18,18,439550,324850
2019,비뇨의학과,S56,2,5,5,129090,90590
2019,비뇨의학과,S57,29,58,58,1144920,827220
2019,비뇨의학과,S59,12,16,16,343950,257950
2019,비뇨의학과,S60,1852,3083,3083,74950380,55167500
2019,비뇨의학과,S61,2153,4712,4712,106330620,78001920
2019,비뇨의학과,S62,2,2,2,37520,26320
2019,비뇨의학과,S63,7,15,15,222710,179510
2019,비뇨의학과,S65,76,110,110,3174720,2272020
2019,비뇨의학과,S66,8,9,9,160050,112350
2019,비뇨의학과,S67,42,71,71,1570690,1145590
2019,비뇨의학과,S68,2,22,22,420390,294590
2019,비뇨의학과,S69,20,22,22,516690,377590
2019,비뇨의학과,S70,393,834,834,16641470,12960710
2019,비뇨의학과,S71,104,266,266,5773140,4314540
2019,비뇨의학과,S72,1,1,1,21830,15330
2019,비뇨의학과,S73,5,6,6,97100,68300
2019,비뇨의학과,S76,1,9,9,223800,156900
2019,비뇨의학과,S77,10,30,30,530340,425440
2019,비뇨의학과,S79,25,99,99,1956000,1435800
2019,비뇨의학과,S80,1910,4635,4635,92932480,68589070
2019,비뇨의학과,S81,598,1510,1510,32164160,23859460
2019,비뇨의학과,S82,3,3,3,35270,24770
2019,비뇨의학과,S83,7,10,10,144710,107610
2019,비뇨의학과,S85,3,6,6,150900,105800
2019,비뇨의학과,S86,6,11,11,243860,174160
2019,비뇨의학과,S87,73,256,256,4983440,3638340
2019,비뇨의학과,S89,28,79,79,1747860,1300160
2019,비뇨의학과,S90,1585,2731,2731,59314930,43921190
2019,비뇨의학과,S91,735,1443,1443,30620750,22494170
2019,비뇨의학과,S92,4,5,5,94460,71860
2019,비뇨의학과,S93,19,26,26,457520,340220
2019,비뇨의학과,S94,1,1,1,15690,10990
2019,비뇨의학과,S95,6,15,15,321610,267610
2019,비뇨의학과,S96,2,2,2,26900,18900
2019,비뇨의학과,S97,38,52,52,1067150,787350
2019,비뇨의학과,S99,43,72,72,1413750,1066290
2019,비뇨의학과,T00,2410,4843,4843,95410860,72398840
2019,비뇨의학과,T01,351,857,857,19457460,14549360
2019,비뇨의학과,T03,3,4,4,63830,44830
2019,비뇨의학과,T04,4,9,9,282150,197850
2019,비뇨의학과,T09,98,194,194,4649040,3450700
2019,비뇨의학과,T11,74,111,111,2109170,1566570
2019,비뇨의학과,T13,102,188,188,4347430,3168350
2019,비뇨의학과,T14,7836,12948,12948,258217690,191441510
2019,비뇨의학과,T16,46,46,46,1165110,875410
2019,비뇨의학과,T17,10,10,10,248360,184260
2019,비뇨의학과,T18,1,1,1,19580,13780
2019,비뇨의학과,T19,131,204,204,25854870,18536090
2019,비뇨의학과,T20,2207,4715,4715,168446760,120995320
2019,비뇨의학과,T21,2009,5603,5610,191316560,138219880
2019,비뇨의학과,T22,5601,15245,15245,521790930,370899190
2019,비뇨의학과,T23,8360,19483,19483,752035900,540091710
2019,비뇨의학과,T24,3832,12688,12692,426700720,304549550
2019,비뇨의학과,T25,1975,6528,6528,249706910,179817350
2019,비뇨의학과,T26,69,145,145,4982800,3520000
2019,비뇨의학과,T28,38,94,94,2199450,1595050
2019,비뇨의학과,T29,199,503,503,16962960,12187660
2019,비뇨의학과,T30,5085,13050,13050,459139080,328477460
2019,비뇨의학과,T31,1637,4078,4078,152241220,108289140
2019,비뇨의학과,T32,3,3,3,54850,42450
2019,비뇨의학과,T33,485,763,763,12386810,9261910
2019,비뇨의학과,T34,2,4,4,79870,55970
2019,비뇨의학과,T35,105,158,158,2463580,1860680
2019,비뇨의학과,T38,1,1,1,15690,10990
2019,비뇨의학과,T39,3,3,3,50970,39470
2019,비뇨의학과,T46,1,2,2,23870,16770
2019,비뇨의학과,T60,1,1,1,19580,13780
2019,비뇨의학과,T62,2,5,5,72970,51270
2019,비뇨의학과,T63,1943,2568,2568,44521460,33584960
2019,비뇨의학과,T67,2,3,3,188240,131840
2019,비뇨의학과,T69,685,962,962,15785860,11811760
2019,비뇨의학과,T70,1,1,1,15690,10990
2019,비뇨의학과,T73,1,1,1,15690,10990
2019,비뇨의학과,T75,8,10,10,131540,100340
2019,비뇨의학과,T78,5725,12190,12190,237037040,176750420
2019,비뇨의학과,T79,698,1354,1354,31021690,22621730
2019,비뇨의학과,T80,2,2,2,124360,87060
2019,비뇨의학과,T81,86,174,174,5585360,4211210
2019,비뇨의학과,T83,25,50,50,2120160,1535060
2019,비뇨의학과,T85,1,1,1,86920,60920
2019,비뇨의학과,T88,264,555,555,11118400,8532400
2019,비뇨의학과,T91,4,5,5,92390,64790
2019,비뇨의학과,T93,2,2,2,31380,21980
2019,비뇨의학과,T95,75,141,141,3546110,2479230
2019,비뇨의학과,U82,3,7,7,213760,143000
2019,비뇨의학과,Z00,428,558,558,11401510,8156410
2019,비뇨의학과,Z01,7,14,14,948770,675370
2019,비뇨의학과,Z02,12,13,13,230650,165450
2019,비뇨의학과,Z03,1469,2584,2584,262391740,188174980
2019,비뇨의학과,Z04,385,447,447,7540540,5517740
2019,비뇨의학과,Z08,1,1,1,48550,34050
2019,비뇨의학과,Z10,1,1,1,33820,23720
2019,비뇨의학과,Z11,239,491,491,23820690,16808590
2019,비뇨의학과,Z12,641,947,947,113359140,79956650
2019,비뇨의학과,Z13,4,18,18,760920,535420
2019,비뇨의학과,Z20,811,1058,1058,80675080,56599380
2019,비뇨의학과,Z21,2,2,2,24870,17570
2019,비뇨의학과,Z22,60,140,140,8130000,5715400
2019,비뇨의학과,Z23,5,12,12,377990,265290
2019,비뇨의학과,Z24,2,4,4,55950,44250
2019,비뇨의학과,Z25,19,20,20,169850,124750
2019,비뇨의학과,Z26,26,36,36,1232300,875000
2019,비뇨의학과,Z29,1,1,1,15690,10990
2019,비뇨의학과,Z30,380,457,457,13066310,9202010
2019,비뇨의학과,Z31,274,510,510,104889010,79736720
2019,비뇨의학과,Z33,1,1,1,15690,10990
2019,비뇨의학과,Z34,7,8,8,665310,489410
2019,비뇨의학과,Z41,17,20,20,390160,277760
2019,비뇨의학과,Z42,1,1,1,22740,18040
2019,비뇨의학과,Z43,2,35,35,876650,717550
2019,비뇨의학과,Z48,505,930,930,17883900,13614820
2019,비뇨의학과,Z52,4,4,4,93330,65530
2019,비뇨의학과,Z54,41,88,88,1270330,893430
2019,비뇨의학과,Z57,2,2,2,36860,25960
2019,비뇨의학과,Z63,1,4,4,462250,323850
2019,비뇨의학과,Z64,1,1,1,15690,10990
2019,비뇨의학과,Z70,540,818,818,17904410,12863220
2019,비뇨의학과,Z71,1242,1462,1462,23131140,17152140
2019,비뇨의학과,Z72,17,21,21,450960,330360
2019,비뇨의학과,Z73,1,1,1,15690,10990
2019,비뇨의학과,Z82,12,17,17,209300,167900
2019,비뇨의학과,Z83,4,5,5,260160,185360
2019,비뇨의학과,Z84,1,1,1,15680,10980
2019,비뇨의학과,Z88,2,3,3,52150,41250
2019,비뇨의학과,Z90,3,3,3,331610,232310
2019,비뇨의학과,Z91,1,1,1,15690,14190
2019,비뇨의학과,Z92,109,339,339,15356830,10765130
2019,비뇨의학과,Z93,58,443,443,29380350,22249450
2019,비뇨의학과,Z94,8,20,20,551100,416900
2019,비뇨의학과,Z95,1,3,3,42590,29890
2019,비뇨의학과,Z96,7,19,19,1243370,877270
2019,비뇨의학과,Z97,4,5,5,65010,52510
2019,비뇨의학과,Z98,393,602,606,14294400,10482020
2019,비뇨의학과,Z99,1,2,2,66380,66380
2019,"진단방사선과,영상의학과",A04,633,955,955,24950330,18188330
2019,"진단방사선과,영상의학과",A05,2,3,3,62670,44070
2019,"진단방사선과,영상의학과",A06,1,1,1,373970,261870
2019,"진단방사선과,영상의학과",A08,53,58,58,6036760,4334960
2019,"진단방사선과,영상의학과",A09,1826,2201,2201,137692940,99748940
2019,"진단방사선과,영상의학과",A15,86,87,86,10299760,7571260
2019,"진단방사선과,영상의학과",A16,1134,1180,1180,157341670,112047670
2019,"진단방사선과,영상의학과",A17,3,3,3,1533010,1073210
2019,"진단방사선과,영상의학과",A18,45,46,45,10361790,8006560
2019,"진단방사선과,영상의학과",A31,113,120,120,17060230,11996930
2019,"진단방사선과,영상의학과",A42,1,1,1,373960,261860
2019,"진단방사선과,영상의학과",A49,53,156,156,10516760,8070460
2019,"진단방사선과,영상의학과",A53,14,14,14,381630,268130
2019,"진단방사선과,영상의학과",A56,3,3,3,149940,105040
2019,"진단방사선과,영상의학과",A58,3,3,3,116230,81430
2019,"진단방사선과,영상의학과",A59,30,41,41,770560,550660
2019,"진단방사선과,영상의학과",A60,35,57,57,1411380,1031480
2019,"진단방사선과,영상의학과",A63,4,5,5,293010,205310
2019,"진단방사선과,영상의학과",A69,4,4,4,254390,181390
2019,"진단방사선과,영상의학과",A75,3,3,3,215440,150940
2019,"진단방사선과,영상의학과",A86,1,1,1,496950,347950
2019,"진단방사선과,영상의학과",A87,1,1,1,584410,461710
2019,"진단방사선과,영상의학과",B00,138,200,200,5046650,3669050
2019,"진단방사선과,영상의학과",B02,437,842,842,22122830,16266330
2019,"진단방사선과,영상의학과",B06,2,3,3,33630,23730
2019,"진단방사선과,영상의학과",B07,15,15,15,557680,390880
2019,"진단방사선과,영상의학과",B08,1,1,1,11210,7910
2019,"진단방사선과,영상의학과",B15,9,17,17,1325380,928680
2019,"진단방사선과,영상의학과",B16,3,3,3,248950,174450
2019,"진단방사선과,영상의학과",B17,51,59,59,8283490,5811200
2019,"진단방사선과,영상의학과",B18,3662,5347,5346,673404190,468428930
2019,"진단방사선과,영상의학과",B19,27,33,33,2836450,2009750
2019,"진단방사선과,영상의학과",B25,2,3,3,43360,34760
2019,"진단방사선과,영상의학과",B26,19,20,20,2077910,1458510
2019,"진단방사선과,영상의학과",B30,1,2,2,26900,18900
2019,"진단방사선과,영상의학과",B34,1,1,1,233190,163290
2019,"진단방사선과,영상의학과",B35,321,641,641,11070170,8211210
2019,"진단방사선과,영상의학과",B36,6,14,14,305870,217970
2019,"진단방사선과,영상의학과",B37,255,312,312,14179960,10016260
2019,"진단방사선과,영상의학과",B43,1,1,1,11210,7910
2019,"진단방사선과,영상의학과",B44,12,13,13,2114050,1480450
2019,"진단방사선과,영상의학과",B47,4,5,5,806050,564450
2019,"진단방사선과,영상의학과",B49,2,2,2,14250,10050
2019,"진단방사선과,영상의학과",B59,2,2,2,273760,191760
2019,"진단방사선과,영상의학과",B66,21,21,21,3015650,2121950
2019,"진단방사선과,영상의학과",B67,1,1,1,230380,161280
2019,"진단방사선과,영상의학과",B69,3,3,3,918920,643320
2019,"진단방사선과,영상의학과",B81,3,4,4,166850,118850
2019,"진단방사선과,영상의학과",B82,1,1,1,26180,18380
2019,"진단방사선과,영상의학과",B83,1,1,1,17730,12430
2019,"진단방사선과,영상의학과",B85,1,1,1,15690,10990
2019,"진단방사선과,영상의학과",B86,4,4,4,22900,18000
2019,"진단방사선과,영상의학과",B88,4,12,12,739890,592390
2019,"진단방사선과,영상의학과",B89,4,4,4,399360,279760
2019,"진단방사선과,영상의학과",B90,951,985,985,114061740,80370640
2019,"진단방사선과,영상의학과",B91,1,1,1,26540,18640
2019,"진단방사선과,영상의학과",B94,1,1,1,314980,220580
2019,"진단방사선과,영상의학과",B98,106,127,127,3735500,2625020
2019,"진단방사선과,영상의학과",B99,3,3,3,446720,316020
2019,"진단방사선과,영상의학과",C00,4,7,7,2968010,2819910
2019,"진단방사선과,영상의학과",C01,8,8,8,3017380,2866980
2019,"진단방사선과,영상의학과",C02,100,129,129,53988260,49615660
2019,"진단방사선과,영상의학과",C03,49,69,69,36344170,33916970
2019,"진단방사선과,영상의학과",C04,10,14,14,6374430,5906230
2019,"진단방사선과,영상의학과",C05,30,34,34,15298650,14182850
2019,"진단방사선과,영상의학과",C06,67,76,76,33706450,30103150
2019,"진단방사선과,영상의학과",C07,18,19,19,5359000,4637000
2019,"진단방사선과,영상의학과",C08,14,23,22,2749200,2560100
2019,"진단방사선과,영상의학과",C09,34,43,43,8533470,7660170
2019,"진단방사선과,영상의학과",C10,7,8,8,3078890,2784790
2019,"진단방사선과,영상의학과",C11,28,31,31,10484040,9399040
2019,"진단방사선과,영상의학과",C12,1,1,1,217390,206590
2019,"진단방사선과,영상의학과",C13,11,15,15,3549980,3320780
2019,"진단방사선과,영상의학과",C14,2,2,2,421010,297110
2019,"진단방사선과,영상의학과",C15,56,59,59,13935970,12419570
2019,"진단방사선과,영상의학과",C16,801,907,899,216023560,194406510
2019,"진단방사선과,영상의학과",C17,23,31,31,7329570,6120490
2019,"진단방사선과,영상의학과",C18,599,701,699,215745660,193226060
2019,"진단방사선과,영상의학과",C19,101,115,114,44898940,40715140
2019,"진단방사선과,영상의학과",C20,468,562,562,253944160,234704060
2019,"진단방사선과,영상의학과",C21,19,22,22,7990820,6990120
2019,"진단방사선과,영상의학과",C22,1229,1393,1391,381934400,304367120
2019,"진단방사선과,영상의학과",C23,137,149,149,38999660,31018060
2019,"진단방사선과,영상의학과",C24,234,251,250,70791230,53764830
2019,"진단방사선과,영상의학과",C25,680,752,751,205435410,156961330
2019,"진단방사선과,영상의학과",C26,15,16,16,4827560,3669960
2019,"진단방사선과,영상의학과",C30,10,10,10,3812120,3508920
2019,"진단방사선과,영상의학과",C31,20,22,22,9652330,8961830
2019,"진단방사선과,영상의학과",C32,78,86,86,21298930,19085230
2019,"진단방사선과,영상의학과",C33,2,2,2,720820,684920
2019,"진단방사선과,영상의학과",C34,1909,2409,2400,538952570,444190370
2019,"진단방사선과,영상의학과",C37,13,16,16,3837620,3324820
2019,"진단방사선과,영상의학과",C38,25,30,30,5968440,4752940
2019,"진단방사선과,영상의학과",C40,19,24,24,8915830,6824430
2019,"진단방사선과,영상의학과",C41,75,82,81,34041970,28534070
2019,"진단방사선과,영상의학과",C43,16,32,32,6553470,6083970
2019,"진단방사선과,영상의학과",C44,36,40,40,11369800,10598100
2019,"진단방사선과,영상의학과",C45,8,11,10,1905190,1728690
2019,"진단방사선과,영상의학과",C46,4,5,5,1517440,1299340
2019,"진단방사선과,영상의학과",C47,5,5,5,1810540,1616740
2019,"진단방사선과,영상의학과",C48,34,37,37,12910670,10735570
2019,"진단방사선과,영상의학과",C49,95,109,109,38445620,33254020
2019,"진단방사선과,영상의학과",C50,2623,3546,3539,782810600,706571120
2019,"진단방사선과,영상의학과",C51,2,3,3,1382350,1313350
2019,"진단방사선과,영상의학과",C52,4,4,4,1296310,1231610
2019,"진단방사선과,영상의학과",C53,165,175,175,68322950,62921560
2019,"진단방사선과,영상의학과",C54,150,164,164,59750450,55049650
2019,"진단방사선과,영상의학과",C55,26,30,30,9511350,8570950
2019,"진단방사선과,영상의학과",C56,236,279,276,84095780,73114180
2019,"진단방사선과,영상의학과",C57,12,25,25,2884230,2272030
2019,"진단방사선과,영상의학과",C58,3,4,4,1760360,1437060
2019,"진단방사선과,영상의학과",C60,3,3,3,618400,525900
2019,"진단방사선과,영상의학과",C61,510,604,600,220462150,205071560
2019,"진단방사선과,영상의학과",C62,6,13,13,1981560,1785360
2019,"진단방사선과,영상의학과",C64,388,445,442,110240300,87266910
2019,"진단방사선과,영상의학과",C65,31,31,31,7966790,6597090
2019,"진단방사선과,영상의학과",C66,30,31,31,7781690,6256490
2019,"진단방사선과,영상의학과",C67,304,346,346,87205510,73134110
2019,"진단방사선과,영상의학과",C68,6,6,6,1533730,1273730
2019,"진단방사선과,영상의학과",C69,5,8,8,2850350,2400550
2019,"진단방사선과,영상의학과",C70,3,4,4,1714350,1318050
2019,"진단방사선과,영상의학과",C71,379,403,403,118678410,94197410
2019,"진단방사선과,영상의학과",C72,65,67,67,29314730,21718530
2019,"진단방사선과,영상의학과",C73,1369,1657,1661,257761800,225865430
2019,"진단방사선과,영상의학과",C74,6,6,6,2224570,1807370
2019,"진단방사선과,영상의학과",C75,5,6,6,2059700,1683900
2019,"진단방사선과,영상의학과",C76,25,25,25,6777950,5144550
2019,"진단방사선과,영상의학과",C77,376,399,398,56836260,50448960
2019,"진단방사선과,영상의학과",C78,234,262,261,69903960,56223400
2019,"진단방사선과,영상의학과",C79,212,224,224,99160710,83417010
2019,"진단방사선과,영상의학과",C80,20,20,20,6890900,6341100
2019,"진단방사선과,영상의학과",C81,16,19,19,6620540,5734740
2019,"진단방사선과,영상의학과",C82,8,8,8,2526070,2335970
2019,"진단방사선과,영상의학과",C83,54,62,62,21698050,20615150
2019,"진단방사선과,영상의학과",C84,1,1,1,381110,362110
2019,"진단방사선과,영상의학과",C85,79,86,86,30760370,26342970
2019,"진단방사선과,영상의학과",C86,6,6,6,2351130,2233930
2019,"진단방사선과,영상의학과",C88,23,27,27,8180770,7508170
2019,"진단방사선과,영상의학과",C90,34,41,40,12907740,11883040
2019,"진단방사선과,영상의학과",C91,9,11,11,2388940,2270040
2019,"진단방사선과,영상의학과",C92,20,27,27,5209210,4844910
2019,"진단방사선과,영상의학과",C93,1,1,1,133940,127340
2019,"진단방사선과,영상의학과",C94,4,4,4,1567750,1489550
2019,"진단방사선과,영상의학과",C95,4,4,4,1331200,1169200
2019,"진단방사선과,영상의학과",C96,8,9,9,3327370,2975270
2019,"진단방사선과,영상의학과",D00,16,17,17,4817420,4281520
2019,"진단방사선과,영상의학과",D01,187,206,206,48327310,39629190
2019,"진단방사선과,영상의학과",D02,12,12,12,1660270,1292370
2019,"진단방사선과,영상의학과",D03,1,1,1,600710,570710
2019,"진단방사선과,영상의학과",D04,5,14,14,3567060,3142160
2019,"진단방사선과,영상의학과",D05,175,224,224,40103680,36549100
2019,"진단방사선과,영상의학과",D06,44,49,49,16332870,15412670
2019,"진단방사선과,영상의학과",D07,9,11,10,1322780,1157580
2019,"진단방사선과,영상의학과",D09,28,28,28,7654960,6998660
2019,"진단방사선과,영상의학과",D10,132,132,132,24954490,17486690
2019,"진단방사선과,영상의학과",D11,381,398,398,74928840,52667340
2019,"진단방사선과,영상의학과",D12,4252,4518,4515,1237114540,867934060
2019,"진단방사선과,영상의학과",D13,10666,10995,10974,2460236230,1723528000
2019,"진단방사선과,영상의학과",D14,8066,8464,8464,1345126210,945188480
2019,"진단방사선과,영상의학과",D15,356,371,371,71755560,50636460
2019,"진단방사선과,영상의학과",D16,1066,1093,1092,121293160,85418360
2019,"진단방사선과,영상의학과",D17,1284,1375,1375,104983130,74197930
2019,"진단방사선과,영상의학과",D18,6071,6274,6274,1432160940,1002556580
2019,"진단방사선과,영상의학과",D19,14,14,14,2378100,1665500
2019,"진단방사선과,영상의학과",D20,66,68,68,16233140,11368340
2019,"진단방사선과,영상의학과",D21,1025,1088,1088,108101170,76241070
2019,"진단방사선과,영상의학과",D22,1,1,1,264120,184920
2019,"진단방사선과,영상의학과",D23,267,710,709,45968880,32535580
2019,"진단방사선과,영상의학과",D24,7285,8872,8872,401429150,283223740
2019,"진단방사선과,영상의학과",D25,2171,2293,2304,409839880,290212140
2019,"진단방사선과,영상의학과",D26,537,556,556,50767450,35590560
2019,"진단방사선과,영상의학과",D27,1636,1682,1681,339921820,239012820
2019,"진단방사선과,영상의학과",D28,19,19,19,4143340,2901340
2019,"진단방사선과,영상의학과",D29,127,150,150,11734640,8268640
2019,"진단방사선과,영상의학과",D30,4311,4408,4408,977430170,685585990
2019,"진단방사선과,영상의학과",D31,59,59,59,18716620,13278520
2019,"진단방사선과,영상의학과",D32,608,654,654,328382570,243824220
2019,"진단방사선과,영상의학과",D33,1060,1100,1099,484871690,348696890
2019,"진단방사선과,영상의학과",D34,5466,6692,6692,345549250,245001980
2019,"진단방사선과,영상의학과",D35,1360,1425,1425,558259240,395998110
2019,"진단방사선과,영상의학과",D36,368,376,375,50156560,35403560
2019,"진단방사선과,영상의학과",D37,4777,4989,4983,1110093220,788174500
2019,"진단방사선과,영상의학과",D38,3185,3378,3376,552477170,389403870
2019,"진단방사선과,영상의학과",D39,729,754,751,187596150,133139050
2019,"진단방사선과,영상의학과",D40,100,109,108,17159990,12395790
2019,"진단방사선과,영상의학과",D41,990,1091,1090,232055630,164333230
2019,"진단방사선과,영상의학과",D42,54,63,63,24915670,18862370
2019,"진단방사선과,영상의학과",D43,512,536,535,176430550,136436850
2019,"진단방사선과,영상의학과",D44,1669,1947,1939,256305180,182828880
2019,"진단방사선과,영상의학과",D45,6,12,12,1226010,1103810
2019,"진단방사선과,영상의학과",D46,11,11,11,2770780,2370580
2019,"진단방사선과,영상의학과",D47,83,106,105,16994830,14008430
2019,"진단방사선과,영상의학과",D48,1547,1849,1842,235918690,168641290
2019,"진단방사선과,영상의학과",D50,891,1448,1447,52705500,37724210
2019,"진단방사선과,영상의학과",D51,4,7,7,190320,142420
2019,"진단방사선과,영상의학과",D52,6,13,13,277780,208280
2019,"진단방사선과,영상의학과",D53,12,24,24,1710250,1207250
2019,"진단방사선과,영상의학과",D58,1,1,1,113670,79570
2019,"진단방사선과,영상의학과",D59,1,1,1,77490,54290
2019,"진단방사선과,영상의학과",D61,2,3,3,1741800,1567700
2019,"진단방사선과,영상의학과",D63,3,3,3,228460,163260
2019,"진단방사선과,영상의학과",D64,372,447,446,22091660,15751260
2019,"진단방사선과,영상의학과",D66,1,1,1,122050,109850
2019,"진단방사선과,영상의학과",D68,3,3,3,180200,151300
2019,"진단방사선과,영상의학과",D69,41,50,50,3247400,2300300
2019,"진단방사선과,영상의학과",D72,36,48,48,1605120,1145120
2019,"진단방사선과,영상의학과",D73,123,125,125,27922090,19549000
2019,"진단방사선과,영상의학과",D75,12,14,14,504010,355710
2019,"진단방사선과,영상의학과",D76,6,6,6,2176850,1717650
2019,"진단방사선과,영상의학과",D84,4,21,21,246010,173510
2019,"진단방사선과,영상의학과",D86,18,20,20,4370400,3298600
2019,"진단방사선과,영상의학과",E00,2,2,2,31380,21980
2019,"진단방사선과,영상의학과",E02,3,14,14,198150,141350
2019,"진단방사선과,영상의학과",E03,1480,4130,4129,140265510,100273790
2019,"진단방사선과,영상의학과",E04,3961,4613,4613,262780170,185106790
2019,"진단방사선과,영상의학과",E05,565,1912,1911,73021250,51598260
2019,"진단방사선과,영상의학과",E06,1038,1789,1789,79929790,56239170
2019,"진단방사선과,영상의학과",E07,2131,2442,2442,106111450,75149260
2019,"진단방사선과,영상의학과",E10,22,41,41,5602760,3967060
2019,"진단방사선과,영상의학과",E11,3397,16743,16742,422326020,317115740
2019,"진단방사선과,영상의학과",E13,181,513,513,17675600,12803100
2019,"진단방사선과,영상의학과",E14,953,3163,3163,85912740,62646480
2019,"진단방사선과,영상의학과",E15,2,2,2,26900,18900
2019,"진단방사선과,영상의학과",E16,51,60,60,8831700,6213900
2019,"진단방사선과,영상의학과",E20,3,3,3,133820,93820
2019,"진단방사선과,영상의학과",E21,5,8,8,271690,192390
2019,"진단방사선과,영상의학과",E22,1312,1677,1677,576623280,405841980
2019,"진단방사선과,영상의학과",E23,215,226,226,76492900,54227600
2019,"진단방사선과,영상의학과",E24,3,3,3,397240,278340
2019,"진단방사선과,영상의학과",E25,1,1,1,15690,10990
2019,"진단방사선과,영상의학과",E26,2,2,2,540230,378330
2019,"진단방사선과,영상의학과",E27,34,63,63,6817770,5118880
2019,"진단방사선과,영상의학과",E28,42,49,49,2535660,1777160
2019,"진단방사선과,영상의학과",E29,4,4,4,147710,103610
2019,"진단방사선과,영상의학과",E30,268,271,271,47173790,33403190
2019,"진단방사선과,영상의학과",E32,25,25,25,3548740,2499640
2019,"진단방사선과,영상의학과",E34,45,52,52,3583400,2522600
2019,"진단방사선과,영상의학과",E35,5,5,5,196940,141340
2019,"진단방사선과,영상의학과",E42,1,1,1,15690,14190
2019,"진단방사선과,영상의학과",E46,3,7,7,357710,286910
2019,"진단방사선과,영상의학과",E50,105,168,168,2257440,1608740
2019,"진단방사선과,영상의학과",E51,2,2,2,890540,623440
2019,"진단방사선과,영상의학과",E53,5,8,8,109910,87910
2019,"진단방사선과,영상의학과",E55,643,863,863,20684970,14792870
2019,"진단방사선과,영상의학과",E56,16,25,25,455630,353130
2019,"진단방사선과,영상의학과",E58,101,195,195,3592560,2664760
2019,"진단방사선과,영상의학과",E59,1,1,1,11210,9710
2019,"진단방사선과,영상의학과",E61,2,2,2,31380,25180
2019,"진단방사선과,영상의학과",E63,1,1,1,15690,10990
2019,"진단방사선과,영상의학과",E65,6,6,6,89660,66060
2019,"진단방사선과,영상의학과",E66,38,75,75,2477240,1748740
2019,"진단방사선과,영상의학과",E71,1,1,1,402020,361820
2019,"진단방사선과,영상의학과",E72,1,1,1,453600,408300
2019,"진단방사선과,영상의학과",E74,1,1,1,113670,79570
2019,"진단방사선과,영상의학과",E75,3,3,3,894700,626400
2019,"진단방사선과,영상의학과",E78,12210,25339,25339,683173400,490339250
2019,"진단방사선과,영상의학과",E79,13,18,18,289560,208660
2019,"진단방사선과,영상의학과",E80,23,28,28,2097850,1476850
2019,"진단방사선과,영상의학과",E83,21,26,26,1729020,1330040
2019,"진단방사선과,영상의학과",E84,1,1,1,344070,240870
2019,"진단방사선과,영상의학과",E85,1,1,1,217380,152180
2019,"진단방사선과,영상의학과",E86,279,674,674,41547720,33143020
2019,"진단방사선과,영상의학과",E87,56,92,92,2668210,2040010
2019,"진단방사선과,영상의학과",E88,24,24,24,3101620,2188220
2019,"진단방사선과,영상의학과",E89,116,310,310,9231700,6646900
2019,"진단방사선과,영상의학과",F00,1001,1464,1463,290706210,206959410
2019,"진단방사선과,영상의학과",F01,234,255,255,55730060,39262060
2019,"진단방사선과,영상의학과",F02,17,30,30,5670040,3973540
2019,"진단방사선과,영상의학과",F03,1031,1067,1067,313704070,220887970
2019,"진단방사선과,영상의학과",F04,1,1,1,274450,192150
2019,"진단방사선과,영상의학과",F05,15,15,15,4115010,2888310
2019,"진단방사선과,영상의학과",F06,731,1236,1235,149504790,106275950
2019,"진단방사선과,영상의학과",F07,166,176,176,20944160,14679160
2019,"진단방사선과,영상의학과",F10,8,13,13,2384090,1686990
2019,"진단방사선과,영상의학과",F11,1,1,1,11210,7910
2019,"진단방사선과,영상의학과",F13,1,1,1,19580,13780
2019,"진단방사선과,영상의학과",F17,12,21,21,271240,194540
2019,"진단방사선과,영상의학과",F20,29,29,29,6935450,5194150
2019,"진단방사선과,영상의학과",F22,2,2,2,745600,522100
2019,"진단방사선과,영상의학과",F23,3,3,3,742810,520110
2019,"진단방사선과,영상의학과",F25,4,10,10,507700,365600
2019,"진단방사선과,영상의학과",F31,5,5,5,1025120,719620
2019,"진단방사선과,영상의학과",F32,47,87,87,1990420,1485520
2019,"진단방사선과,영상의학과",F33,5,5,5,357100,255800
2019,"진단방사선과,영상의학과",F34,3,19,19,364720,305020
2019,"진단방사선과,영상의학과",F38,8,13,13,227370,176370
2019,"진단방사선과,영상의학과",F39,10,11,11,601320,424720
2019,"진단방사선과,영상의학과",F40,23,37,37,1719430,1213930
2019,"진단방사선과,영상의학과",F41,171,323,323,7344590,5557690
2019,"진단방사선과,영상의학과",F42,2,3,3,455210,318810
2019,"진단방사선과,영상의학과",F43,6,8,8,1166350,825750
2019,"진단방사선과,영상의학과",F44,1,1,1,483670,338570
2019,"진단방사선과,영상의학과",F45,19,28,28,1728040,1234140
2019,"진단방사선과,영상의학과",F48,140,162,162,8952660,6332560
2019,"진단방사선과,영상의학과",F50,7,10,10,395570,317370
2019,"진단방사선과,영상의학과",F51,153,384,384,5426010,4082520
2019,"진단방사선과,영상의학과",F52,11,20,20,289810,203610
2019,"진단방사선과,영상의학과",F54,23,32,32,458360,337660
2019,"진단방사선과,영상의학과",F63,1,1,1,101000,70700
2019,"진단방사선과,영상의학과",F68,1,1,1,103520,72520
2019,"진단방사선과,영상의학과",F70,1,1,1,402020,281420
2019,"진단방사선과,영상의학과",F79,1,1,1,101000,70700
2019,"진단방사선과,영상의학과",F80,19,19,19,7904770,5534070
2019,"진단방사선과,영상의학과",F84,2,2,2,654160,457960
2019,"진단방사선과,영상의학과",F90,2,2,2,116690,81690
2019,"진단방사선과,영상의학과",F91,2,2,2,485840,340240
2019,"진단방사선과,영상의학과",F95,5,5,5,844070,591070
2019,"진단방사선과,영상의학과",F98,1,1,1,128950,101950
2019,"진단방사선과,영상의학과",F99,1,1,1,312050,218450
2019,"진단방사선과,영상의학과",G00,1,1,1,15690,10990
2019,"진단방사선과,영상의학과",G03,14,14,14,5946230,4172230
2019,"진단방사선과,영상의학과",G04,16,18,18,6568500,4598900
2019,"진단방사선과,영상의학과",G05,2,2,2,377310,266810
2019,"진단방사선과,영상의학과",G06,6,6,6,2474800,1732600
2019,"진단방사선과,영상의학과",G11,20,20,20,7906960,5798860
2019,"진단방사선과,영상의학과",G12,3,3,3,1001230,781330
2019,"진단방사선과,영상의학과",G13,1,1,1,189280,132580
2019,"진단방사선과,영상의학과",G20,316,335,335,128086410,95545110
2019,"진단방사선과,영상의학과",G21,18,18,18,7771520,5517920
2019,"진단방사선과,영상의학과",G22,18,19,19,7320420,5128120
2019,"진단방사선과,영상의학과",G23,52,52,52,21554950,15090050
2019,"진단방사선과,영상의학과",G24,91,93,93,33554460,23521260
2019,"진단방사선과,영상의학과",G25,209,310,310,42869730,30245130
2019,"진단방사선과,영상의학과",G30,655,663,663,180588190,127548090
2019,"진단방사선과,영상의학과",G31,1880,2924,2924,450364880,319476690
2019,"진단방사선과,영상의학과",G32,24,24,24,6100550,4356750
2019,"진단방사선과,영상의학과",G35,13,14,14,7384180,5299180
2019,"진단방사선과,영상의학과",G37,42,43,43,17074280,12081580
2019,"진단방사선과,영상의학과",G40,195,197,197,79232500,56440100
2019,"진단방사선과,영상의학과",G41,10,10,10,1973580,1408380
2019,"진단방사선과,영상의학과",G43,3637,4091,4090,1136257060,796116420
2019,"진단방사선과,영상의학과",G44,9046,9847,9851,3078600480,2161281750
2019,"진단방사선과,영상의학과",G45,2487,2530,2529,1091573650,767591550
2019,"진단방사선과,영상의학과",G46,140,144,144,48734760,34129260
2019,"진단방사선과,영상의학과",G47,552,1480,1480,30182400,22583400
2019,"진단방사선과,영상의학과",G50,414,444,444,157153250,110384150
2019,"진단방사선과,영상의학과",G51,789,809,808,327341060,229594360
2019,"진단방사선과,영상의학과",G52,411,433,433,122036470,85501170
2019,"진단방사선과,영상의학과",G53,110,215,243,13262360,9579090
2019,"진단방사선과,영상의학과",G54,333,348,348,12578310,11632110
2019,"진단방사선과,영상의학과",G55,2579,2825,2825,289363670,204170470
2019,"진단방사선과,영상의학과",G56,108,139,139,10096050,7182350
2019,"진단방사선과,영상의학과",G57,62,169,169,3594670,2721970
2019,"진단방사선과,영상의학과",G58,58,97,97,5833640,4135240
2019,"진단방사선과,영상의학과",G60,1,1,1,204860,143460
2019,"진단방사선과,영상의학과",G61,6,6,6,1907660,1465160
2019,"진단방사선과,영상의학과",G62,8,10,10,2264130,1593030
2019,"진단방사선과,영상의학과",G63,24,79,79,1647890,1256790
2019,"진단방사선과,영상의학과",G64,12,35,35,898280,654880
2019,"진단방사선과,영상의학과",G70,4,5,5,1368820,1065320
2019,"진단방사선과,영상의학과",G71,4,5,5,69480,54980
2019,"진단방사선과,영상의학과",G72,2,2,2,200670,140570
2019,"진단방사선과,영상의학과",G73,2,2,2,236490,165590
2019,"진단방사선과,영상의학과",G80,12,13,13,3964610,2830310
2019,"진단방사선과,영상의학과",G81,337,338,338,93988190,66146590
2019,"진단방사선과,영상의학과",G82,16,17,17,5584580,3941080
2019,"진단방사선과,영상의학과",G83,59,60,59,24991630,17594230
2019,"진단방사선과,영상의학과",G90,25,43,43,1738430,1332430
2019,"진단방사선과,영상의학과",G91,283,294,294,99259350,70115750
2019,"진단방사선과,영상의학과",G92,2,2,2,985540,689940
2019,"진단방사선과,영상의학과",G93,4721,4790,4790,1890027840,1327351950
2019,"진단방사선과,영상의학과",G94,11,11,11,3563310,2494810
2019,"진단방사선과,영상의학과",G95,113,126,126,29898170,21667170
2019,"진단방사선과,영상의학과",G96,14,14,14,5605990,3924790
2019,"진단방사선과,영상의학과",G97,2,2,2,906310,634510
2019,"진단방사선과,영상의학과",G98,1,1,1,524780,367380
2019,"진단방사선과,영상의학과",G99,36,36,36,9280900,6501700
2019,"진단방사선과,영상의학과",H00,39,44,44,1121610,791710
2019,"진단방사선과,영상의학과",H01,43,62,62,1763780,1265280
2019,"진단방사선과,영상의학과",H02,57,62,62,14660240,10308740
2019,"진단방사선과,영상의학과",H04,867,900,900,82000120,57706220
2019,"진단방사선과,영상의학과",H05,246,252,252,40494470,28427070
2019,"진단방사선과,영상의학과",H06,67,68,68,11017500,7716100
2019,"진단방사선과,영상의학과",H10,85,110,110,1609030,1186430
2019,"진단방사선과,영상의학과",H11,82,145,145,3204100,2284900
2019,"진단방사선과,영상의학과",H16,29,75,75,1100360,861160
2019,"진단방사선과,영상의학과",H20,2,2,2,58970,41370
2019,"진단방사선과,영상의학과",H21,1,1,1,312050,218450
2019,"진단방사선과,영상의학과",H25,43,55,55,1696890,1234590
2019,"진단방사선과,영상의학과",H26,256,267,267,10798060,7595360
2019,"진단방사선과,영상의학과",H28,1,1,1,19580,13780
2019,"진단방사선과,영상의학과",H30,1,1,1,605920,424220
2019,"진단방사선과,영상의학과",H31,3,3,3,870840,614240
2019,"진단방사선과,영상의학과",H33,2,2,2,679210,477810
2019,"진단방사선과,영상의학과",H34,18,21,21,7819920,5478120
2019,"진단방사선과,영상의학과",H35,31,32,32,3481560,2445460
2019,"진단방사선과,영상의학과",H36,1,1,1,411910,288410
2019,"진단방사선과,영상의학과",H40,26,52,52,4626640,3320640
2019,"진단방사선과,영상의학과",H43,3,3,3,104710,73410
2019,"진단방사선과,영상의학과",H44,27,27,27,8507480,5957280
2019,"진단방사선과,영상의학과",H46,15,16,16,7210460,5048060
2019,"진단방사선과,영상의학과",H47,60,64,64,23624560,16644760
2019,"진단방사선과,영상의학과",H48,2,2,2,477220,334120
2019,"진단방사선과,영상의학과",H49,58,58,58,29345580,20695680
2019,"진단방사선과,영상의학과",H50,89,89,89,25017830,17519430
2019,"진단방사선과,영상의학과",H52,3,3,3,425840,298240
2019,"진단방사선과,영상의학과",H53,699,714,714,337448530,237180430
2019,"진단방사선과,영상의학과",H54,56,56,56,17381410,12185010
2019,"진단방사선과,영상의학과",H55,30,30,30,12476500,8735000
2019,"진단방사선과,영상의학과",H57,37,37,37,4179820,2927720
2019,"진단방사선과,영상의학과",H58,1,1,1,608940,426340
2019,"진단방사선과,영상의학과",H59,1,1,1,26570,18670
2019,"진단방사선과,영상의학과",H60,38,51,51,2774710,2000610
2019,"진단방사선과,영상의학과",H61,3,3,3,56090,42490
2019,"진단방사선과,영상의학과",H62,2,4,4,26270,18470
2019,"진단방사선과,영상의학과",H65,57,70,70,6653100,4706100
2019,"진단방사선과,영상의학과",H66,273,282,282,33725590,23712190
2019,"진단방사선과,영상의학과",H67,3,4,4,1156600,809900
2019,"진단방사선과,영상의학과",H68,1,1,1,446790,312790
2019,"진단방사선과,영상의학과",H69,1,1,1,11210,7910
2019,"진단방사선과,영상의학과",H70,72,72,72,7639780,5372180
2019,"진단방사선과,영상의학과",H71,81,81,81,11133860,7850960
2019,"진단방사선과,영상의학과",H72,5,5,5,544230,402630
2019,"진단방사선과,영상의학과",H73,2,2,2,255030,178630
2019,"진단방사선과,영상의학과",H74,64,64,64,7825360,5506160
2019,"진단방사선과,영상의학과",H80,3,3,3,255020,178620
2019,"진단방사선과,영상의학과",H81,3252,3866,3864,1229467420,864442420
2019,"진단방사선과,영상의학과",H82,189,273,273,48021570,33795570
2019,"진단방사선과,영상의학과",H83,10,10,10,3420220,2394620
2019,"진단방사선과,영상의학과",H90,184,184,184,73757170,51884870
2019,"진단방사선과,영상의학과",H91,238,244,244,79153310,55613510
2019,"진단방사선과,영상의학과",H92,30,30,30,2897850,2076450
2019,"진단방사선과,영상의학과",H93,428,441,441,150314310,105557180
2019,"진단방사선과,영상의학과",H95,3,3,3,390240,273240
2019,"진단방사선과,영상의학과",I00,4,8,8,281170,228470
2019,"진단방사선과,영상의학과",I05,3,3,3,183600,128700
2019,"진단방사선과,영상의학과",I07,1,1,1,7840,5540
2019,"진단방사선과,영상의학과",I08,1,1,1,15690,14190
2019,"진단방사선과,영상의학과",I10,9118,46650,46650,999021190,752686990
2019,"진단방사선과,영상의학과",I11,143,326,326,7197940,5448740
2019,"진단방사선과,영상의학과",I12,7,12,12,364320,275820
2019,"진단방사선과,영상의학과",I13,16,29,29,925890,678890
2019,"진단방사선과,영상의학과",I15,93,315,313,6718800,4951900
2019,"진단방사선과,영상의학과",I20,759,1117,1109,113302600,80616400
2019,"진단방사선과,영상의학과",I21,15,18,18,1208250,852250
2019,"진단방사선과,영상의학과",I24,16,31,31,1782630,1329630
2019,"진단방사선과,영상의학과",I25,566,804,804,56424110,40358410
2019,"진단방사선과,영상의학과",I26,82,82,82,18900300,13234500
2019,"진단방사선과,영상의학과",I27,12,13,13,2159780,1516780
2019,"진단방사선과,영상의학과",I28,46,49,49,8658940,6067140
2019,"진단방사선과,영상의학과",I31,30,33,33,4943190,3504690
2019,"진단방사선과,영상의학과",I33,1,1,1,125030,87530
2019,"진단방사선과,영상의학과",I34,3,3,3,271540,193340
2019,"진단방사선과,영상의학과",I35,2,3,3,72900,56100
2019,"진단방사선과,영상의학과",I39,1,1,1,15690,14190
2019,"진단방사선과,영상의학과",I42,4,11,11,282490,229590
2019,"진단방사선과,영상의학과",I44,4,4,4,204480,147580
2019,"진단방사선과,영상의학과",I45,27,33,33,1048490,760890
2019,"진단방사선과,영상의학과",I47,16,25,25,911280,666180
2019,"진단방사선과,영상의학과",I48,39,63,60,1857800,1413000
2019,"진단방사선과,영상의학과",I49,173,260,249,10433110,7639910
2019,"진단방사선과,영상의학과",I50,86,153,152,6862110,5137710
2019,"진단방사선과,영상의학과",I51,953,1094,1093,51324610,37149210
2019,"진단방사선과,영상의학과",I60,76,81,81,28293970,20052070
2019,"진단방사선과,영상의학과",I61,470,511,511,144245300,101883700
2019,"진단방사선과,영상의학과",I62,134,155,155,51976720,36847420
2019,"진단방사선과,영상의학과",I63,7727,8616,8615,3463495080,2439800510
2019,"진단방사선과,영상의학과",I64,175,175,175,107268820,75344320
2019,"진단방사선과,영상의학과",I65,1112,1199,1199,468812900,329862400
2019,"진단방사선과,영상의학과",I66,2045,3038,3038,974947440,688047440
2019,"진단방사선과,영상의학과",I67,8095,8479,8477,3762960980,2643838300
2019,"진단방사선과,영상의학과",I68,118,120,120,59234320,41827220
2019,"진단방사선과,영상의학과",I69,858,1014,1014,374639810,265047510
2019,"진단방사선과,영상의학과",I70,998,1594,1597,262292730,186610660
2019,"진단방사선과,영상의학과",I71,274,289,289,61844830,43507930
2019,"진단방사선과,영상의학과",I72,183,190,190,67454430,47786230
2019,"진단방사선과,영상의학과",I73,321,825,826,30165050,22242290
2019,"진단방사선과,영상의학과",I74,47,60,60,10125380,7137680
2019,"진단방사선과,영상의학과",I77,139,178,184,109738110,86644620
2019,"진단방사선과,영상의학과",I78,17,31,31,1808330,1297330
2019,"진단방사선과,영상의학과",I79,16,16,16,3224090,2318890
2019,"진단방사선과,영상의학과",I80,75,101,101,8751300,6200400
2019,"진단방사선과,영상의학과",I81,13,13,13,2918790,2043790
2019,"진단방사선과,영상의학과",I82,34,49,49,6673700,4876000
2019,"진단방사선과,영상의학과",I83,409,841,849,57930140,41204940
2019,"진단방사선과,영상의학과",I85,3,3,3,466920,327020
2019,"진단방사선과,영상의학과",I86,315,437,439,230079840,181330840
2019,"진단방사선과,영상의학과",I87,332,772,774,57579260,46429270
2019,"진단방사선과,영상의학과",I88,1532,1585,1581,212711690,152868300
2019,"진단방사선과,영상의학과",I89,72,111,111,6525600,4738300
2019,"진단방사선과,영상의학과",I95,17,17,17,1348500,955600
2019,"진단방사선과,영상의학과",I97,1,1,1,20120,16120
2019,"진단방사선과,영상의학과",I98,2,2,2,432390,302790
2019,"진단방사선과,영상의학과",I99,642,3498,3498,86315960,62788160
2019,"진단방사선과,영상의학과",J00,1551,2056,2056,45644920,33402440
2019,"진단방사선과,영상의학과",J01,3706,4131,4131,171965690,122017390
2019,"진단방사선과,영상의학과",J02,1378,1949,1949,33692760,24852360
2019,"진단방사선과,영상의학과",J03,630,916,916,18088630,13084030
2019,"진단방사선과,영상의학과",J04,1146,1258,1258,38050810,27124910
2019,"진단방사선과,영상의학과",J05,4,4,4,278890,195390
2019,"진단방사선과,영상의학과",J06,3628,5417,5417,132358700,99317340
2019,"진단방사선과,영상의학과",J09,5,6,6,88600,66300
2019,"진단방사선과,영상의학과",J10,55,67,67,1534810,1087210
2019,"진단방사선과,영상의학과",J11,143,172,172,3150400,2289200
2019,"진단방사선과,영상의학과",J12,326,335,335,34663460,24368960
2019,"진단방사선과,영상의학과",J14,2,3,3,40280,28380
2019,"진단방사선과,영상의학과",J15,1036,1178,1175,133608380,94302770
2019,"진단방사선과,영상의학과",J16,11,11,11,1388740,972440
2019,"진단방사선과,영상의학과",J17,392,551,551,21365820,15948220
2019,"진단방사선과,영상의학과",J18,9321,12212,12212,959369240,681723310
2019,"진단방사선과,영상의학과",J20,14693,19357,19357,521234410,378921510
2019,"진단방사선과,영상의학과",J21,846,895,895,68879400,49547600
2019,"진단방사선과,영상의학과",J22,373,383,383,15840090,11218990
2019,"진단방사선과,영상의학과",J30,1971,2884,2884,60356400,44208000
2019,"진단방사선과,영상의학과",J31,813,932,932,29451330,21017630
2019,"진단방사선과,영상의학과",J32,8001,8823,8823,578504890,408468490
2019,"진단방사선과,영상의학과",J33,567,597,597,73979350,51958550
2019,"진단방사선과,영상의학과",J34,1300,1361,1361,101021070,71121570
2019,"진단방사선과,영상의학과",J35,229,234,234,9458220,6839420
2019,"진단방사선과,영상의학과",J36,266,396,396,18153170,12935770
2019,"진단방사선과,영상의학과",J37,20,20,20,2199720,1550420
2019,"진단방사선과,영상의학과",J38,105,109,109,19656580,13809780
2019,"진단방사선과,영상의학과",J39,51,52,52,5624300,3950700
2019,"진단방사선과,영상의학과",J40,6008,6964,6964,362963400,257657120
2019,"진단방사선과,영상의학과",J41,3882,4196,4196,188046950,134081550
2019,"진단방사선과,영상의학과",J42,3322,4104,4103,203715790,145474320
2019,"진단방사선과,영상의학과",J43,3510,3696,3696,543322780,381710000
2019,"진단방사선과,영상의학과",J44,958,1058,1058,128906420,90952020
2019,"진단방사선과,영상의학과",J45,1116,1654,1654,65112970,46888270
2019,"진단방사선과,영상의학과",J46,9,12,12,410200,298600
2019,"진단방사선과,영상의학과",J47,4211,4429,4428,603491890,424735290
2019,"진단방사선과,영상의학과",J60,18,19,19,4215100,2972300
2019,"진단방사선과,영상의학과",J61,6,6,6,887670,621670
2019,"진단방사선과,영상의학과",J62,6,6,6,1111850,778650
2019,"진단방사선과,영상의학과",J63,4,4,4,865940,606440
2019,"진단방사선과,영상의학과",J64,51,53,53,6106810,4295310
2019,"진단방사선과,영상의학과",J65,1,1,1,211820,148320
2019,"진단방사선과,영상의학과",J66,2,2,2,424200,297000
2019,"진단방사선과,영상의학과",J67,68,71,71,9326800,6552800
2019,"진단방사선과,영상의학과",J68,3,4,4,91060,68360
2019,"진단방사선과,영상의학과",J69,1,2,2,155320,124320
2019,"진단방사선과,영상의학과",J70,23,23,23,3544890,2584790
2019,"진단방사선과,영상의학과",J81,78,80,80,11194070,7868270
2019,"진단방사선과,영상의학과",J82,31,35,35,5096010,3568910
2019,"진단방사선과,영상의학과",J84,2155,2258,2258,319565660,226387660
2019,"진단방사선과,영상의학과",J85,93,104,104,18478660,13096560
2019,"진단방사선과,영상의학과",J86,22,22,22,5063980,3545780
2019,"진단방사선과,영상의학과",J90,387,440,436,54524360,38893160
2019,"진단방사선과,영상의학과",J91,42,47,46,6577240,4637040
2019,"진단방사선과,영상의학과",J92,257,269,269,31863650,22435650
2019,"진단방사선과,영상의학과",J93,212,240,240,20070940,14100340
2019,"진단방사선과,영상의학과",J94,544,565,565,68238600,48187400
2019,"진단방사선과,영상의학과",J96,1,1,1,122510,85810
2019,"진단방사선과,영상의학과",J98,12685,13315,13314,1785475010,1257227110
2019,"진단방사선과,영상의학과",J99,28,31,31,3838840,2692040
2019,"진단방사선과,영상의학과",K00,1,1,1,216480,151580
2019,"진단방사선과,영상의학과",K01,17,17,17,1737630,1219430
2019,"진단방사선과,영상의학과",K02,23,23,23,1604360,1124360
2019,"진단방사선과,영상의학과",K03,1,1,1,27460,19260
2019,"진단방사선과,영상의학과",K04,120,120,120,6045360,4384460
2019,"진단방사선과,영상의학과",K05,59,113,113,3940440,2826540
2019,"진단방사선과,영상의학과",K07,658,684,684,28030490,19777490
2019,"진단방사선과,영상의학과",K08,10,12,12,503000,363000
2019,"진단방사선과,영상의학과",K09,22,22,22,2793180,1956180
2019,"진단방사선과,영상의학과",K10,31,32,32,5071150,3556150
2019,"진단방사선과,영상의학과",K11,962,996,996,144329920,101246820
2019,"진단방사선과,영상의학과",K12,72,100,100,6518670,4634670
2019,"진단방사선과,영상의학과",K13,4,4,4,55240,41240
2019,"진단방사선과,영상의학과",K14,20,20,19,504280,367780
2019,"진단방사선과,영상의학과",K20,163,304,304,11646690,8349190
2019,"진단방사선과,영상의학과",K21,16159,25062,25061,838713280,599480110
2019,"진단방사선과,영상의학과",K22,119,126,125,10842350,7719750
2019,"진단방사선과,영상의학과",K23,3,3,3,126990,89090
2019,"진단방사선과,영상의학과",K25,4019,5868,5868,256592740,177410990
2019,"진단방사선과,영상의학과",K26,1407,2037,2037,92986860,65243140
2019,"진단방사선과,영상의학과",K27,169,204,204,10118790,7121900
2019,"진단방사선과,영상의학과",K28,1,2,2,18630,13130
2019,"진단방사선과,영상의학과",K29,14413,19126,19125,876978560,609653290
2019,"진단방사선과,영상의학과",K30,1074,1327,1327,66065690,47581970
2019,"진단방사선과,영상의학과",K31,585,655,655,57245390,40439990
2019,"진단방사선과,영상의학과",K35,1215,1230,1229,231391820,162686490
2019,"진단방사선과,영상의학과",K36,84,90,90,14502540,10211440
2019,"진단방사선과,영상의학과",K37,359,361,361,65235490,45835790
2019,"진단방사선과,영상의학과",K38,166,168,168,31175660,21878630
2019,"진단방사선과,영상의학과",K40,429,445,445,43705520,32247820
2019,"진단방사선과,영상의학과",K41,12,13,13,1252130,924230
2019,"진단방사선과,영상의학과",K42,27,32,32,4002190,2951190
2019,"진단방사선과,영상의학과",K43,61,64,64,10147680,7124680
2019,"진단방사선과,영상의학과",K44,67,76,76,13195290,9274290
2019,"진단방사선과,영상의학과",K45,6,7,7,1209970,847270
2019,"진단방사선과,영상의학과",K46,44,46,46,7363780,5244080
2019,"진단방사선과,영상의학과",K50,99,102,102,20639470,15783070
2019,"진단방사선과,영상의학과",K51,52,76,76,9019450,6937950
2019,"진단방사선과,영상의학과",K52,1027,1266,1271,75985710,53898900
2019,"진단방사선과,영상의학과",K55,21,21,21,3996330,2798430
2019,"진단방사선과,영상의학과",K56,533,543,543,88866430,64703280
2019,"진단방사선과,영상의학과",K57,1628,1704,1704,337288630,236883720
2019,"진단방사선과,영상의학과",K58,7719,10455,10455,757831610,535101090
2019,"진단방사선과,영상의학과",K59,4822,6491,6490,432950440,302065200
2019,"진단방사선과,영상의학과",K60,34,41,41,2470630,1768630
2019,"진단방사선과,영상의학과",K61,42,53,53,8035460,5733060
2019,"진단방사선과,영상의학과",K62,271,310,310,47822080,33610590
2019,"진단방사선과,영상의학과",K63,5729,6829,6810,1772488700,1242507040
2019,"진단방사선과,영상의학과",K64,135,179,179,11349780,8112980
2019,"진단방사선과,영상의학과",K65,493,499,499,109257540,76806540
2019,"진단방사선과,영상의학과",K66,88,90,90,21098630,14774230
2019,"진단방사선과,영상의학과",K67,4,4,4,904820,687320
2019,"진단방사선과,영상의학과",K70,1289,1508,1508,201451920,141127790
2019,"진단방사선과,영상의학과",K71,152,215,215,19383500,13776900
2019,"진단방사선과,영상의학과",K72,71,141,141,7243280,5134880
2019,"진단방사선과,영상의학과",K73,1128,1506,1506,144109220,101259940
2019,"진단방사선과,영상의학과",K74,1722,1938,1937,420444420,296097460
2019,"진단방사선과,영상의학과",K75,1372,1997,1997,160304680,112826750
2019,"진단방사선과,영상의학과",K76,21829,23503,23501,3499912810,2452534660
2019,"진단방사선과,영상의학과",K77,14,16,16,2395110,1682210
2019,"진단방사선과,영상의학과",K80,4404,4695,4693,860190770,602991870
2019,"진단방사선과,영상의학과",K81,1182,1225,1223,257419220,180275380
2019,"진단방사선과,영상의학과",K82,2960,3077,3077,512732780,358716980
2019,"진단방사선과,영상의학과",K83,1446,1481,1481,317658040,223207240
2019,"진단방사선과,영상의학과",K85,535,546,546,127928710,89780010
2019,"진단방사선과,영상의학과",K86,3024,3161,3161,676526120,474889660
2019,"진단방사선과,영상의학과",K87,249,276,276,58653000,41230600
2019,"진단방사선과,영상의학과",K90,5,5,5,740590,520390
2019,"진단방사선과,영상의학과",K91,56,66,66,10194880,7240480
2019,"진단방사선과,영상의학과",K92,202,213,213,26912130,18985930
2019,"진단방사선과,영상의학과",K93,7,7,7,1492540,1172540
2019,"진단방사선과,영상의학과",L01,1,2,2,43260,36660
2019,"진단방사선과,영상의학과",L02,250,362,361,13108110,9407710
2019,"진단방사선과,영상의학과",L03,502,835,848,26353790,19048770
2019,"진단방사선과,영상의학과",L04,1454,1602,1602,101449630,71763730
2019,"진단방사선과,영상의학과",L05,6,6,6,104630,87030
2019,"진단방사선과,영상의학과",L08,89,174,174,5615340,4347620
2019,"진단방사선과,영상의학과",L10,4,21,21,1323470,1057970
2019,"진단방사선과,영상의학과",L13,7,9,9,120470,90170
2019,"진단방사선과,영상의학과",L14,2,2,2,273760,191760
2019,"진단방사선과,영상의학과",L20,141,196,196,2769050,2046050
2019,"진단방사선과,영상의학과",L21,53,85,85,1346890,1027190
2019,"진단방사선과,영상의학과",L23,257,360,360,6519300,4894800
2019,"진단방사선과,영상의학과",L24,15,33,33,477080,391880
2019,"진단방사선과,영상의학과",L25,133,288,288,6246130,4827130
2019,"진단방사선과,영상의학과",L27,18,21,21,589860,425760
2019,"진단방사선과,영상의학과",L28,60,197,197,10250630,8153730
2019,"진단방사선과,영상의학과",L29,151,211,211,5468780,4177280
2019,"진단방사선과,영상의학과",L30,161,263,263,9351200,7210100
2019,"진단방사선과,영상의학과",L40,7,8,8,100370,73670
2019,"진단방사선과,영상의학과",L43,2,2,2,28660,20160
2019,"진단방사선과,영상의학과",L50,790,1396,1396,48372090,35154800
2019,"진단방사선과,영상의학과",L53,2,2,2,35270,24770
2019,"진단방사선과,영상의학과",L55,1,1,1,27490,19290
2019,"진단방사선과,영상의학과",L56,13,13,13,2035220,1427720
2019,"진단방사선과,영상의학과",L57,1,1,1,15690,10990
2019,"진단방사선과,영상의학과",L59,1,1,1,15170,10670
2019,"진단방사선과,영상의학과",L60,64,267,267,6954150,5073650
2019,"진단방사선과,영상의학과",L62,1,1,1,119530,83730
2019,"진단방사선과,영상의학과",L63,7,12,12,1202710,849710
2019,"진단방사선과,영상의학과",L64,10,21,21,444390,311290
2019,"진단방사선과,영상의학과",L65,12,34,34,458350,336450
2019,"진단방사선과,영상의학과",L66,3,3,3,47070,32970
2019,"진단방사선과,영상의학과",L70,29,41,41,545840,383440
2019,"진단방사선과,영상의학과",L72,212,276,276,8820330,6310930
2019,"진단방사선과,영상의학과",L73,4,5,5,73070,51370
2019,"진단방사선과,영상의학과",L81,3,3,3,30790,21690
2019,"진단방사선과,영상의학과",L84,51,124,124,5771520,4158920
2019,"진단방사선과,영상의학과",L85,9,10,10,227150,176150
2019,"진단방사선과,영상의학과",L89,34,473,473,31559720,25213920
2019,"진단방사선과,영상의학과",L90,12,12,12,224150,206250
2019,"진단방사선과,영상의학과",L91,5,22,22,379260,275960
2019,"진단방사선과,영상의학과",L92,55,66,66,1303620,943620
2019,"진단방사선과,영상의학과",L93,2,3,3,42590,29890
2019,"진단방사선과,영상의학과",L94,3,4,4,447730,313530
2019,"진단방사선과,영상의학과",L95,1,1,1,15690,10990
2019,"진단방사선과,영상의학과",L98,41,43,43,1207750,975950
2019,"진단방사선과,영상의학과",L99,2,2,2,145070,101670
2019,"진단방사선과,영상의학과",M00,72,96,110,26401770,18602370
2019,"진단방사선과,영상의학과",M01,2,2,2,416870,293470
2019,"진단방사선과,영상의학과",M02,19,33,33,770570,543370
2019,"진단방사선과,영상의학과",M03,1,1,1,15690,10990
2019,"진단방사선과,영상의학과",M05,21,44,44,2739290,2368290
2019,"진단방사선과,영상의학과",M06,163,295,294,8222770,6246470
2019,"진단방사선과,영상의학과",M07,4,4,4,87900,65300
2019,"진단방사선과,영상의학과",M08,10,10,10,860620,690120
2019,"진단방사선과,영상의학과",M09,1,2,2,201500,181400
2019,"진단방사선과,영상의학과",M10,288,633,633,13224960,9637260
2019,"진단방사선과,영상의학과",M11,24,26,26,1500630,1064130
2019,"진단방사선과,영상의학과",M12,62,64,64,3680300,2584600
2019,"진단방사선과,영상의학과",M13,2504,4518,4518,131266740,95856240
2019,"진단방사선과,영상의학과",M14,3,7,7,199840,140340
2019,"진단방사선과,영상의학과",M15,404,494,494,14867270,10774270
2019,"진단방사선과,영상의학과",M16,501,566,566,19562690,14175390
2019,"진단방사선과,영상의학과",M17,7340,12234,12389,441451060,317378830
2019,"진단방사선과,영상의학과",M18,3,3,3,58320,44120
2019,"진단방사선과,영상의학과",M19,1392,1894,1894,96765610,68953110
2019,"진단방사선과,영상의학과",M20,27,32,32,914030,650830
2019,"진단방사선과,영상의학과",M21,378,459,459,52726970,36959270
2019,"진단방사선과,영상의학과",M22,441,543,548,10606000,7599330
2019,"진단방사선과,영상의학과",M23,3303,3455,3485,117854530,84557450
2019,"진단방사선과,영상의학과",M24,2123,3367,3404,129081530,92833040
2019,"진단방사선과,영상의학과",M25,12462,13021,13027,827874020,585014760
2019,"진단방사선과,영상의학과",M30,1,1,1,16600,13200
2019,"진단방사선과,영상의학과",M31,6,6,6,1390400,1153000
2019,"진단방사선과,영상의학과",M32,7,12,12,2022440,1820840
2019,"진단방사선과,영상의학과",M33,2,3,3,343410,309310
2019,"진단방사선과,영상의학과",M34,6,6,6,959880,788980
2019,"진단방사선과,영상의학과",M35,29,40,40,5147440,4072640
2019,"진단방사선과,영상의학과",M40,960,985,985,45473860,31993260
2019,"진단방사선과,영상의학과",M41,4529,4848,4848,273415800,192173180
2019,"진단방사선과,영상의학과",M42,13,13,13,1009750,707450
2019,"진단방사선과,영상의학과",M43,1683,1979,1983,140398920,99912180
2019,"진단방사선과,영상의학과",M45,142,148,148,38196360,27933760
2019,"진단방사선과,영상의학과",M46,385,581,581,61584820,43286950
2019,"진단방사선과,영상의학과",M47,4184,5452,5507,284586620,202420480
2019,"진단방사선과,영상의학과",M48,8518,10993,11028,857304720,613042930
2019,"진단방사선과,영상의학과",M49,673,699,699,25316350,18483950
2019,"진단방사선과,영상의학과",M50,11865,15364,15475,1089882390,770640590
2019,"진단방사선과,영상의학과",M51,28766,33776,34063,2488188490,1764471720
2019,"진단방사선과,영상의학과",M53,983,1060,1076,58708010,42524300
2019,"진단방사선과,영상의학과",M54,29709,40339,40450,1621047070,1155562790
2019,"진단방사선과,영상의학과",M60,336,438,438,25521790,18095790
2019,"진단방사선과,영상의학과",M61,32,32,32,2516490,1787890
2019,"진단방사선과,영상의학과",M62,499,576,576,20961400,14821200
2019,"진단방사선과,영상의학과",M63,1,1,1,15690,10990
2019,"진단방사선과,영상의학과",M65,914,1354,1421,43509070,31363850
2019,"진단방사선과,영상의학과",M66,39,41,41,833620,620220
2019,"진단방사선과,영상의학과",M67,594,631,644,17318550,12579260
2019,"진단방사선과,영상의학과",M68,2,2,2,52040,36540
2019,"진단방사선과,영상의학과",M70,192,290,312,9982060,7093720
2019,"진단방사선과,영상의학과",M71,421,492,512,14394480,10345340
2019,"진단방사선과,영상의학과",M72,184,266,285,12623390,9080990
2019,"진단방사선과,영상의학과",M73,6,6,6,519470,365470
2019,"진단방사선과,영상의학과",M75,6433,8343,8520,253930660,181935330
2019,"진단방사선과,영상의학과",M76,278,301,301,5991380,4228580
2019,"진단방사선과,영상의학과",M77,1527,2328,2372,61459570,43717220
2019,"진단방사선과,영상의학과",M79,3662,4704,4755,128367170,92628850
2019,"진단방사선과,영상의학과",M80,84,355,355,12252330,9068030
2019,"진단방사선과,영상의학과",M81,10280,21443,21442,887222690,640149830
2019,"진단방사선과,영상의학과",M82,27,33,33,1375880,978780
2019,"진단방사선과,영상의학과",M83,60,70,70,3125070,2241970
2019,"진단방사선과,영상의학과",M84,368,484,484,44732950,31514350
2019,"진단방사선과,영상의학과",M85,147,165,168,12221300,8635900
2019,"진단방사선과,영상의학과",M86,84,90,89,24536700,17189800
2019,"진단방사선과,영상의학과",M87,346,367,367,16810600,12109800
2019,"진단방사선과,영상의학과",M89,463,532,532,23182950,16323650
2019,"진단방사선과,영상의학과",M90,12,13,13,1444440,1057240
2019,"진단방사선과,영상의학과",M91,11,11,11,457890,323990
2019,"진단방사선과,영상의학과",M92,138,197,197,21186040,14845640
2019,"진단방사선과,영상의학과",M93,151,157,157,7071930,4978730
2019,"진단방사선과,영상의학과",M94,562,639,679,24635850,17536690
2019,"진단방사선과,영상의학과",M95,40,47,47,3403330,2462730
2019,"진단방사선과,영상의학과",M96,5,9,9,483890,339190
2019,"진단방사선과,영상의학과",M99,1937,2018,2018,141390060,100628860
2019,"진단방사선과,영상의학과",N00,18,22,22,1902360,1446660
2019,"진단방사선과,영상의학과",N01,1,1,1,230380,161280
2019,"진단방사선과,영상의학과",N02,1075,1120,1120,221117550,155410670
2019,"진단방사선과,영상의학과",N03,22,39,39,1784730,1275530
2019,"진단방사선과,영상의학과",N04,5,5,5,791910,554510
2019,"진단방사선과,영상의학과",N05,89,149,149,5951540,4413040
2019,"진단방사선과,영상의학과",N06,1,1,0,14480,14480
2019,"진단방사선과,영상의학과",N08,8,8,8,1033090,723490
2019,"진단방사선과,영상의학과",N10,320,432,432,46787520,33391620
2019,"진단방사선과,영상의학과",N11,124,127,127,24191370,17053070
2019,"진단방사선과,영상의학과",N12,136,145,145,23052820,16616760
2019,"진단방사선과,영상의학과",N13,2179,2309,2309,466077410,329251420
2019,"진단방사선과,영상의학과",N15,24,24,24,5686190,4027190
2019,"진단방사선과,영상의학과",N16,1,1,1,198840,179040
2019,"진단방사선과,영상의학과",N17,16,16,16,596460,439760
2019,"진단방사선과,영상의학과",N18,1542,2811,2812,4355727170,3919451540
2019,"진단방사선과,영상의학과",N19,111,157,157,8956280,6446680
2019,"진단방사선과,영상의학과",N20,7012,9021,9020,1207794670,848297030
2019,"진단방사선과,영상의학과",N21,486,514,514,79174470,55516970
2019,"진단방사선과,영상의학과",N22,15,15,15,2084340,1459340
2019,"진단방사선과,영상의학과",N23,224,229,229,28643060,20146760
2019,"진단방사선과,영상의학과",N25,2,3,3,174630,122430
2019,"진단방사선과,영상의학과",N26,20,20,20,2912500,2094600
2019,"진단방사선과,영상의학과",N27,24,25,25,2969620,2109920
2019,"진단방사선과,영상의학과",N28,3001,3065,3065,570939310,401436450
2019,"진단방사선과,영상의학과",N29,14,16,16,614030,453030
2019,"진단방사선과,영상의학과",N30,1239,2380,2380,117434830,88077520
2019,"진단방사선과,영상의학과",N31,357,479,479,13794380,9954280
2019,"진단방사선과,영상의학과",N32,94,129,129,10697840,7943240
2019,"진단방사선과,영상의학과",N33,4,4,4,594970,416670
2019,"진단방사선과,영상의학과",N34,15,23,23,1560120,1130820
2019,"진단방사선과,영상의학과",N35,8,9,9,1029060,720860
2019,"진단방사선과,영상의학과",N36,2,2,2,229380,160680
2019,"진단방사선과,영상의학과",N39,544,668,668,61813380,46876780
2019,"진단방사선과,영상의학과",N40,2144,3514,3515,344730290,161348190
2019,"진단방사선과,영상의학과",N41,77,318,318,8615420,6258520
2019,"진단방사선과,영상의학과",N42,89,107,107,5238740,3812140
2019,"진단방사선과,영상의학과",N43,132,136,136,5498050,4244250
2019,"진단방사선과,영상의학과",N44,20,22,22,745700,532300
2019,"진단방사선과,영상의학과",N45,290,300,300,12649780,8926380
2019,"진단방사선과,영상의학과",N46,2,2,2,49240,34540
2019,"진단방사선과,영상의학과",N48,20,35,35,868150,622850
2019,"진단방사선과,영상의학과",N49,11,11,11,1178200,828200
2019,"진단방사선과,영상의학과",N50,58,77,77,3140780,2236580
2019,"진단방사선과,영상의학과",N51,56,57,57,2704410,1918210
2019,"진단방사선과,영상의학과",N60,4344,4778,4778,201013830,141947850
2019,"진단방사선과,영상의학과",N61,347,482,482,15465050,11067530
2019,"진단방사선과,영상의학과",N62,335,368,368,14516160,10295260
2019,"진단방사선과,영상의학과",N63,4250,5109,5113,298311840,211164850
2019,"진단방사선과,영상의학과",N64,20086,22051,22050,907489730,644006790
2019,"진단방사선과,영상의학과",N70,134,139,139,21976370,15388270
2019,"진단방사선과,영상의학과",N71,30,31,31,1616840,1139440
2019,"진단방사선과,영상의학과",N72,64,76,76,3958500,2791400
2019,"진단방사선과,영상의학과",N73,168,170,170,28372380,19855530
2019,"진단방사선과,영상의학과",N74,33,34,34,4837630,3392430
2019,"진단방사선과,영상의학과",N75,2,3,3,336770,235770
2019,"진단방사선과,영상의학과",N76,455,833,833,16177360,11876460
2019,"진단방사선과,영상의학과",N77,8,9,9,135100,94800
2019,"진단방사선과,영상의학과",N80,359,361,361,35655510,24979810
2019,"진단방사선과,영상의학과",N81,5,5,5,367430,260530
2019,"진단방사선과,영상의학과",N83,758,777,775,98106570,68958790
2019,"진단방사선과,영상의학과",N84,40,47,47,4037460,2832160
2019,"진단방사선과,영상의학과",N85,61,69,68,5070080,3611780
2019,"진단방사선과,영상의학과",N86,2,2,2,254620,178320
2019,"진단방사선과,영상의학과",N87,72,100,99,5224350,3712150
2019,"진단방사선과,영상의학과",N88,10,11,11,788820,560620
2019,"진단방사선과,영상의학과",N89,9,10,10,349480,245080
2019,"진단방사선과,영상의학과",N90,1,1,1,16600,13200
2019,"진단방사선과,영상의학과",N91,58,62,62,4073600,2856300
2019,"진단방사선과,영상의학과",N92,70,78,78,4253300,3003800
2019,"진단방사선과,영상의학과",N93,46,55,55,2562980,1803280
2019,"진단방사선과,영상의학과",N94,60,84,84,2207460,1549160
2019,"진단방사선과,영상의학과",N95,835,1732,1732,41914800,30092900
2019,"진단방사선과,영상의학과",N96,2,2,2,237580,166380
2019,"진단방사선과,영상의학과",N97,10497,10558,10558,1229730470,861786270
2019,"진단방사선과,영상의학과",N98,1,1,1,204860,143460
2019,"진단방사선과,영상의학과",N99,1,1,1,92210,64610
2019,"진단방사선과,영상의학과",O00,7,7,7,119730,83930
2019,"진단방사선과,영상의학과",O02,1,1,1,15690,10990
2019,"진단방사선과,영상의학과",O22,1,1,1,15690,10990
2019,"진단방사선과,영상의학과",O24,2,2,2,29750,20950
2019,"진단방사선과,영상의학과",O28,395,405,405,99935610,89969910
2019,"진단방사선과,영상의학과",O30,41,41,41,13738300,12366400
2019,"진단방사선과,영상의학과",O33,1,1,1,19580,13780
2019,"진단방사선과,영상의학과",O72,1,2,2,34200,24000
2019,"진단방사선과,영상의학과",O85,1,1,1,210730,147530
2019,"진단방사선과,영상의학과",O86,1,1,1,246760,172760
2019,"진단방사선과,영상의학과",O90,1,1,1,62740,43940
2019,"진단방사선과,영상의학과",O91,10,13,13,247320,173620
2019,"진단방사선과,영상의학과",O92,8,8,8,646680,452780
2019,"진단방사선과,영상의학과",O99,4,5,5,155550,109050
2019,"진단방사선과,영상의학과",P07,7,7,7,481230,446630
2019,"진단방사선과,영상의학과",P12,4,5,5,105550,100650
2019,"진단방사선과,영상의학과",P21,1,1,1,458240,320840
2019,"진단방사선과,영상의학과",P27,1,1,1,237600,166400
2019,"진단방사선과,영상의학과",P28,232,241,241,39877590,27979490
2019,"진단방사선과,영상의학과",P39,9,9,9,910190,864990
2019,"진단방사선과,영상의학과",P57,2,2,2,184860,147960
2019,"진단방사선과,영상의학과",P59,3,3,3,643990,534290
2019,"진단방사선과,영상의학과",P83,15,15,15,499920,466020
2019,"진단방사선과,영상의학과",P92,20,20,20,2310250,2181850
2019,"진단방사선과,영상의학과",P96,1,1,1,34570,32870
2019,"진단방사선과,영상의학과",Q01,2,2,2,2317300,1622300
2019,"진단방사선과,영상의학과",Q02,1,1,1,103520,72520
2019,"진단방사선과,영상의학과",Q03,2,2,2,803500,562500
2019,"진단방사선과,영상의학과",Q04,28,28,28,13330000,9532400
2019,"진단방사선과,영상의학과",Q05,19,19,19,1615590,1318590
2019,"진단방사선과,영상의학과",Q06,3,3,3,444340,315740
2019,"진단방사선과,영상의학과",Q07,4,4,4,1230810,968210
2019,"진단방사선과,영상의학과",Q10,2,2,2,206580,144780
2019,"진단방사선과,영상의학과",Q14,1,1,1,406870,284870
2019,"진단방사선과,영상의학과",Q16,13,13,13,1650450,1182250
2019,"진단방사선과,영상의학과",Q17,20,20,20,1799330,1580230
2019,"진단방사선과,영상의학과",Q18,40,41,41,6007570,4380670
2019,"진단방사선과,영상의학과",Q20,3,3,3,565480,395980
2019,"진단방사선과,영상의학과",Q21,3,4,4,303940,217240
2019,"진단방사선과,영상의학과",Q22,1,1,1,228100,159700
2019,"진단방사선과,영상의학과",Q23,1,1,1,375540,262940
2019,"진단방사선과,영상의학과",Q24,5,5,5,845300,596900
2019,"진단방사선과,영상의학과",Q25,26,26,26,6058600,4272500
2019,"진단방사선과,영상의학과",Q26,19,19,19,4821670,3425770
2019,"진단방사선과,영상의학과",Q27,26,38,38,5903890,4146590
2019,"진단방사선과,영상의학과",Q28,243,253,253,128098040,89751940
2019,"진단방사선과,영상의학과",Q30,2,2,2,251130,175930
2019,"진단방사선과,영상의학과",Q32,4,4,4,585980,410380
2019,"진단방사선과,영상의학과",Q33,16,17,17,2689480,1883480
2019,"진단방사선과,영상의학과",Q34,8,8,8,1419610,994210
2019,"진단방사선과,영상의학과",Q37,2,2,2,216530,151630
2019,"진단방사선과,영상의학과",Q38,3,3,3,445240,311840
2019,"진단방사선과,영상의학과",Q39,4,4,4,612140,428740
2019,"진단방사선과,영상의학과",Q40,18,18,18,2389250,2208150
2019,"진단방사선과,영상의학과",Q43,5,5,5,604170,423070
2019,"진단방사선과,영상의학과",Q44,1071,1095,1095,240682250,168857300
2019,"진단방사선과,영상의학과",Q45,16,17,17,3074390,2152490
2019,"진단방사선과,영상의학과",Q50,10,10,10,1938350,1357250
2019,"진단방사선과,영상의학과",Q51,22,23,23,2867860,2008460
2019,"진단방사선과,영상의학과",Q52,1,1,1,322460,225760
2019,"진단방사선과,영상의학과",Q53,24,25,25,1454800,1185100
2019,"진단방사선과,영상의학과",Q55,5,5,5,187230,137230
2019,"진단방사선과,영상의학과",Q60,25,25,25,4810720,3439020
2019,"진단방사선과,영상의학과",Q61,381,386,386,71961270,50832310
2019,"진단방사선과,영상의학과",Q62,129,137,137,25003120,18794020
2019,"진단방사선과,영상의학과",Q63,73,74,74,15726700,11050400
2019,"진단방사선과,영상의학과",Q64,25,25,25,5043570,3603070
2019,"진단방사선과,영상의학과",Q65,43,43,43,1155010,1055010
2019,"진단방사선과,영상의학과",Q66,21,21,21,2011260,1408560
2019,"진단방사선과,영상의학과",Q67,21,21,21,2413410,1694810
2019,"진단방사선과,영상의학과",Q68,10,10,10,283060,239260
2019,"진단방사선과,영상의학과",Q69,1,1,1,15690,10990
2019,"진단방사선과,영상의학과",Q74,3,3,3,308530,216130
2019,"진단방사선과,영상의학과",Q75,6,6,6,271090,252490
2019,"진단방사선과,영상의학과",Q76,63,65,65,2648330,2069030
2019,"진단방사선과,영상의학과",Q77,1,1,1,291260,203960
2019,"진단방사선과,영상의학과",Q78,15,17,17,1915480,1341680
2019,"진단방사선과,영상의학과",Q79,10,10,10,1535140,1075140
2019,"진단방사선과,영상의학과",Q81,1,3,3,205430,164430
2019,"진단방사선과,영상의학과",Q82,98,98,98,8908090,8369390
2019,"진단방사선과,영상의학과",Q83,63,63,63,1628290,1152790
2019,"진단방사선과,영상의학과",Q85,28,31,31,9404220,7595820
2019,"진단방사선과,영상의학과",Q87,1,1,1,109190,86290
2019,"진단방사선과,영상의학과",Q89,84,87,87,15587360,10967760
2019,"진단방사선과,영상의학과",Q96,2,2,2,257520,212120
2019,"진단방사선과,영상의학과",Q98,2,2,2,358190,280890
2019,"진단방사선과,영상의학과",Q99,1,1,1,86920,60920
2019,"진단방사선과,영상의학과",R00,304,340,338,13050530,9339230
2019,"진단방사선과,영상의학과",R01,2,2,2,50520,35420
2019,"진단방사선과,영상의학과",R03,286,337,337,6924320,5589220
2019,"진단방사선과,영상의학과",R04,1162,1210,1210,145788430,102682530
2019,"진단방사선과,영상의학과",R05,16770,17753,17753,771530890,551146990
2019,"진단방사선과,영상의학과",R06,1668,1994,1994,123665630,89273330
2019,"진단방사선과,영상의학과",R07,16683,17913,17913,982451930,698923200
2019,"진단방사선과,영상의학과",R09,886,946,946,82220950,58216150
2019,"진단방사선과,영상의학과",R10,22002,23218,23215,2894815680,2041926490
2019,"진단방사선과,영상의학과",R11,442,617,617,41677320,32007320
2019,"진단방사선과,영상의학과",R12,74,93,93,4491770,3253370
2019,"진단방사선과,영상의학과",R13,216,652,652,46392450,36169150
2019,"진단방사선과,영상의학과",R14,432,605,605,58690500,41470800
2019,"진단방사선과,영상의학과",R15,2,2,2,40290,33690
2019,"진단방사선과,영상의학과",R16,257,270,270,46958890,33050790
2019,"진단방사선과,영상의학과",R17,149,152,152,27421380,19224080
2019,"진단방사선과,영상의학과",R18,120,134,132,26158550,18715550
2019,"진단방사선과,영상의학과",R19,1076,1526,1526,157777070,111423670
2019,"진단방사선과,영상의학과",R20,131,137,137,47397480,33346980
2019,"진단방사선과,영상의학과",R21,3,4,4,192630,141330
2019,"진단방사선과,영상의학과",R22,2538,2682,2682,214549000,151809700
2019,"진단방사선과,영상의학과",R23,29,32,32,747330,584030
2019,"진단방사선과,영상의학과",R25,236,248,248,76499770,53811470
2019,"진단방사선과,영상의학과",R26,165,170,170,69915620,49555720
2019,"진단방사선과,영상의학과",R27,32,34,33,15136600,10687600
2019,"진단방사선과,영상의학과",R29,94,95,95,14828590,10454390
2019,"진단방사선과,영상의학과",R30,237,643,643,47055140,36558520
2019,"진단방사선과,영상의학과",R31,4613,4797,4795,877370340,616600630
2019,"진단방사선과,영상의학과",R32,15,20,20,513010,379510
2019,"진단방사선과,영상의학과",R33,5,5,5,82430,65130
2019,"진단방사선과,영상의학과",R34,2,3,3,131870,75280
2019,"진단방사선과,영상의학과",R35,87,96,96,6496690,4671390
2019,"진단방사선과,영상의학과",R39,99,153,153,9323050,7000250
2019,"진단방사선과,영상의학과",R40,19,19,19,8354700,5852400
2019,"진단방사선과,영상의학과",R41,1088,1100,1100,272864600,193601400
2019,"진단방사선과,영상의학과",R42,5972,6247,6285,2078678600,1461346300
2019,"진단방사선과,영상의학과",R43,25,26,26,8877040,6286640
2019,"진단방사선과,영상의학과",R44,115,117,117,40390040,28372240
2019,"진단방사선과,영상의학과",R45,14,16,16,1406790,998790
2019,"진단방사선과,영상의학과",R46,3,3,3,593870,415770
2019,"진단방사선과,영상의학과",R47,204,207,207,102936920,72465020
2019,"진단방사선과,영상의학과",R48,1,1,1,384840,269440
2019,"진단방사선과,영상의학과",R49,46,53,53,3436380,2522480
2019,"진단방사선과,영상의학과",R50,250,289,288,26458990,19282290
2019,"진단방사선과,영상의학과",R51,13696,14339,14339,4383553760,3078456920
2019,"진단방사선과,영상의학과",R52,516,607,607,31046940,22376240
2019,"진단방사선과,영상의학과",R53,468,517,517,63442710,44504610
2019,"진단방사선과,영상의학과",R54,1,1,1,81240,65040
2019,"진단방사선과,영상의학과",R55,620,650,649,293146290,205476250
2019,"진단방사선과,영상의학과",R56,35,37,37,12918560,9311660
2019,"진단방사선과,영상의학과",R57,5,19,19,692870,500270
2019,"진단방사선과,영상의학과",R58,2,4,4,49450,40950
2019,"진단방사선과,영상의학과",R59,1206,1267,1266,101055440,71699540
2019,"진단방사선과,영상의학과",R60,407,576,576,23486060,16991700
2019,"진단방사선과,영상의학과",R61,4,4,4,275160,194660
2019,"진단방사선과,영상의학과",R62,17,17,17,1002240,713940
2019,"진단방사선과,영상의학과",R63,433,532,531,69791990,49802390
2019,"진단방사선과,영상의학과",R64,1,1,1,125520,87920
2019,"진단방사선과,영상의학과",R68,181,206,206,3689450,2737250
2019,"진단방사선과,영상의학과",R71,3,6,6,144360,101360
2019,"진단방사선과,영상의학과",R72,87,107,107,2556540,1819240
2019,"진단방사선과,영상의학과",R73,696,921,921,27188140,19924100
2019,"진단방사선과,영상의학과",R74,277,290,290,47950840,33574860
2019,"진단방사선과,영상의학과",R76,154,161,161,25181730,17640130
2019,"진단방사선과,영상의학과",R77,275,330,330,43137500,30426100
2019,"진단방사선과,영상의학과",R78,3,4,4,94480,66180
2019,"진단방사선과,영상의학과",R79,194,248,248,22290290,15575810
2019,"진단방사선과,영상의학과",R80,175,211,211,7668910,5471210
2019,"진단방사선과,영상의학과",R81,133,181,181,4798920,3519920
2019,"진단방사선과,영상의학과",R82,29,31,31,1718320,1207320
2019,"진단방사선과,영상의학과",R83,2,2,2,1032770,723070
2019,"진단방사선과,영상의학과",R84,6,7,7,865500,613100
2019,"진단방사선과,영상의학과",R85,3,3,3,730220,511220
2019,"진단방사선과,영상의학과",R86,5,5,5,830790,581790
2019,"진단방사선과,영상의학과",R87,30,38,38,2661330,1865330
2019,"진단방사선과,영상의학과",R89,17,20,20,2285030,1600430
2019,"진단방사선과,영상의학과",R90,567,581,581,198038440,138873640
2019,"진단방사선과,영상의학과",R91,13324,13698,13697,1918701760,1348499210
2019,"진단방사선과,영상의학과",R92,4754,5142,5142,234245470,165709380
2019,"진단방사선과,영상의학과",R93,10618,10810,10810,2170988730,1524716710
2019,"진단방사선과,영상의학과",R94,3475,3894,3894,406985700,286156560
2019,"진단방사선과,영상의학과",S00,2495,2568,2568,230480840,163186140
2019,"진단방사선과,영상의학과",S01,221,390,417,20319990,14907630
2019,"진단방사선과,영상의학과",S02,2787,2860,2891,357854160,252984630
2019,"진단방사선과,영상의학과",S03,83,88,88,5230890,3681490
2019,"진단방사선과,영상의학과",S04,9,10,10,3793160,2657460
2019,"진단방사선과,영상의학과",S05,530,538,538,60246510,42459410
2019,"진단방사선과,영상의학과",S06,5203,5401,5415,711050260,501143810
2019,"진단방사선과,영상의학과",S07,5,5,5,407990,285790
2019,"진단방사선과,영상의학과",S09,162,167,167,16844750,11871650
2019,"진단방사선과,영상의학과",S10,22,23,23,1976670,1386570
2019,"진단방사선과,영상의학과",S11,4,4,4,300420,210520
2019,"진단방사선과,영상의학과",S12,95,96,96,17520040,12268640
2019,"진단방사선과,영상의학과",S13,5805,6746,6905,317891600,224577290
2019,"진단방사선과,영상의학과",S14,14,14,14,4491480,3144980
2019,"진단방사선과,영상의학과",S15,3,3,3,699370,489670
2019,"진단방사선과,영상의학과",S17,2,2,2,346500,242700
2019,"진단방사선과,영상의학과",S19,6,6,6,179990,126190
2019,"진단방사선과,영상의학과",S20,1876,2087,2087,154673440,109037840
2019,"진단방사선과,영상의학과",S21,3,4,4,115460,80960
2019,"진단방사선과,영상의학과",S22,14457,15649,15658,2246682450,1580610360
2019,"진단방사선과,영상의학과",S23,3174,3551,3565,215477030,152222000
2019,"진단방사선과,영상의학과",S24,5,5,5,918940,643540
2019,"진단방사선과,영상의학과",S25,1,1,1,125030,87530
2019,"진단방사선과,영상의학과",S27,136,144,144,21574660,15118460
2019,"진단방사선과,영상의학과",S29,147,151,151,18824830,13226030
2019,"진단방사선과,영상의학과",S30,386,408,408,36630950,25778750
2019,"진단방사선과,영상의학과",S31,9,160,160,10305360,8263160
2019,"진단방사선과,영상의학과",S32,8980,9272,9313,1875169480,1319664450
2019,"진단방사선과,영상의학과",S33,6567,7730,7971,382190830,270966500
2019,"진단방사선과,영상의학과",S34,2,2,2,253360,177360
2019,"진단방사선과,영상의학과",S35,7,7,7,1379470,965970
2019,"진단방사선과,영상의학과",S36,28,28,28,9264050,6524450
2019,"진단방사선과,영상의학과",S37,19,19,19,3869690,2709690
2019,"진단방사선과,영상의학과",S38,2,2,2,31380,25180
2019,"진단방사선과,영상의학과",S39,54,55,55,3693520,2650720
2019,"진단방사선과,영상의학과",S40,245,255,255,12446910,8852910
2019,"진단방사선과,영상의학과",S41,3,5,5,100620,72820
2019,"진단방사선과,영상의학과",S42,1279,1403,1418,154229300,109161960
2019,"진단방사선과,영상의학과",S43,3340,3712,3776,115221990,82196620
2019,"진단방사선과,영상의학과",S44,5,5,5,69490,48790
2019,"진단방사선과,영상의학과",S45,3,3,3,290560,203460
2019,"진단방사선과,영상의학과",S46,2793,3218,3297,88371180,64323240
2019,"진단방사선과,영상의학과",S49,127,130,130,4109420,2896320
2019,"진단방사선과,영상의학과",S50,423,460,460,21027960,14935260
2019,"진단방사선과,영상의학과",S51,13,38,70,6493740,5507090
2019,"진단방사선과,영상의학과",S52,2658,2780,2780,339884830,239087230
2019,"진단방사선과,영상의학과",S53,1214,1454,1454,55827160,39625360
2019,"진단방사선과,영상의학과",S54,4,28,28,408790,290190
2019,"진단방사선과,영상의학과",S55,2,2,2,313830,219730
2019,"진단방사선과,영상의학과",S56,136,148,181,11366480,8385980
2019,"진단방사선과,영상의학과",S57,1,1,1,15690,10990
2019,"진단방사선과,영상의학과",S59,16,16,16,882330,620630
2019,"진단방사선과,영상의학과",S60,851,936,936,55974450,39398270
2019,"진단방사선과,영상의학과",S61,214,541,541,16427270,11836170
2019,"진단방사선과,영상의학과",S62,3141,3355,3382,386038500,271414640
2019,"진단방사선과,영상의학과",S63,3153,3710,3753,174866650,123703620
2019,"진단방사선과,영상의학과",S64,11,13,26,2128430,1633290
2019,"진단방사선과,영상의학과",S65,8,33,33,857950,646550
2019,"진단방사선과,영상의학과",S66,170,197,197,7882970,5559970
2019,"진단방사선과,영상의학과",S67,10,13,26,2425340,1841370
2019,"진단방사선과,영상의학과",S68,16,99,237,26615800,20858620
2019,"진단방사선과,영상의학과",S69,163,164,164,6759730,4806830
2019,"진단방사선과,영상의학과",S70,400,445,445,27521280,19414680
2019,"진단방사선과,영상의학과",S71,16,28,28,948560,678560
2019,"진단방사선과,영상의학과",S72,537,580,580,75421650,53412950
2019,"진단방사선과,영상의학과",S73,558,640,650,27871940,20043450
2019,"진단방사선과,영상의학과",S74,1,1,1,119530,83730
2019,"진단방사선과,영상의학과",S75,6,6,6,755290,528890
2019,"진단방사선과,영상의학과",S76,482,534,534,26409390,18630290
2019,"진단방사선과,영상의학과",S79,32,33,33,1630650,1149050
2019,"진단방사선과,영상의학과",S80,1962,2238,2251,87556400,62533360
2019,"진단방사선과,영상의학과",S81,33,92,92,2490790,1805790
2019,"진단방사선과,영상의학과",S82,3313,3520,3548,488687340,344017030
2019,"진단방사선과,영상의학과",S83,12050,12643,12786,2675257820,1877082330
2019,"진단방사선과,영상의학과",S84,1,2,2,24870,17570
2019,"진단방사선과,영상의학과",S85,7,7,7,955130,668730
2019,"진단방사선과,영상의학과",S86,556,620,669,23198840,16699110
2019,"진단방사선과,영상의학과",S87,2,5,5,97450,68450
2019,"진단방사선과,영상의학과",S89,170,176,176,6096670,4323870
2019,"진단방사선과,영상의학과",S90,1577,1712,1712,80558830,56929130
2019,"진단방사선과,영상의학과",S91,38,76,87,4224650,3318850
2019,"진단방사선과,영상의학과",S92,5497,5735,5751,698328150,490815980
2019,"진단방사선과,영상의학과",S93,5335,6123,6173,285102240,201369740
2019,"진단방사선과,영상의학과",S94,1,1,1,119530,83730
2019,"진단방사선과,영상의학과",S95,4,5,5,355740,251040
2019,"진단방사선과,영상의학과",S96,422,428,428,21486450,15132250
2019,"진단방사선과,영상의학과",S97,8,8,8,1053280,737780
2019,"진단방사선과,영상의학과",S99,148,157,157,7053310,4951010
2019,"진단방사선과,영상의학과",T00,18,37,37,1500540,1070140
2019,"진단방사선과,영상의학과",T02,3,3,3,299550,209750
2019,"진단방사선과,영상의학과",T03,309,325,325,13761560,9815560
2019,"진단방사선과,영상의학과",T08,32,49,49,5168820,3716220
2019,"진단방사선과,영상의학과",T09,11,20,20,1621350,1183450
2019,"진단방사선과,영상의학과",T10,2,2,2,35270,24770
2019,"진단방사선과,영상의학과",T11,4,4,4,219280,153580
2019,"진단방사선과,영상의학과",T12,1,1,1,28920,20320
2019,"진단방사선과,영상의학과",T13,11,15,15,482930,344830
2019,"진단방사선과,영상의학과",T14,165,193,193,26271580,18502680
2019,"진단방사선과,영상의학과",T15,4,4,4,194770,136570
2019,"진단방사선과,영상의학과",T16,2,2,2,154180,107980
2019,"진단방사선과,영상의학과",T17,74,78,78,4152830,2941530
2019,"진단방사선과,영상의학과",T18,172,182,182,6702630,4881130
2019,"진단방사선과,영상의학과",T19,8,8,8,372190,260890
2019,"진단방사선과,영상의학과",T20,5,6,6,301500,211400
2019,"진단방사선과,영상의학과",T21,2,2,2,274700,192400
2019,"진단방사선과,영상의학과",T22,25,68,68,2911050,2044850
2019,"진단방사선과,영상의학과",T23,36,90,90,3780520,2679820
2019,"진단방사선과,영상의학과",T24,17,51,59,3844660,2813970
2019,"진단방사선과,영상의학과",T25,12,53,53,2494960,1748860
2019,"진단방사선과,영상의학과",T29,1,5,5,218280,152980
2019,"진단방사선과,영상의학과",T30,2,7,7,285890,202390
2019,"진단방사선과,영상의학과",T31,2,2,2,631380,442080
2019,"진단방사선과,영상의학과",T42,4,4,4,67440,54240
2019,"진단방사선과,영상의학과",T59,1,1,1,15690,10990
2019,"진단방사선과,영상의학과",T63,1,1,1,17660,12460
2019,"진단방사선과,영상의학과",T66,1,1,1,125030,87530
2019,"진단방사선과,영상의학과",T67,5,5,5,93570,68970
2019,"진단방사선과,영상의학과",T69,1,1,1,223050,156150
2019,"진단방사선과,영상의학과",T70,2,2,2,208290,145890
2019,"진단방사선과,영상의학과",T75,4,5,5,194810,140210
2019,"진단방사선과,영상의학과",T78,30,40,40,885390,626890
2019,"진단방사선과,영상의학과",T79,2,2,2,444220,311020
2019,"진단방사선과,영상의학과",T81,21,21,21,4371490,3064090
2019,"진단방사선과,영상의학과",T83,2,2,2,48540,34040
2019,"진단방사선과,영상의학과",T84,6,6,6,489570,420070
2019,"진단방사선과,영상의학과",T85,9,10,10,287590,204690
2019,"진단방사선과,영상의학과",T87,2,2,2,31380,21980
2019,"진단방사선과,영상의학과",T88,8,8,8,223030,160130
2019,"진단방사선과,영상의학과",T90,8,8,8,2000590,1470290
2019,"진단방사선과,영상의학과",T91,65,70,70,4819790,3437990
2019,"진단방사선과,영상의학과",T92,8,10,10,634130,451030
2019,"진단방사선과,영상의학과",T93,13,13,13,444470,321270
2019,"진단방사선과,영상의학과",T95,1,1,1,250540,175440
2019,"진단방사선과,영상의학과",T97,1,1,1,30390,21290
2019,"진단방사선과,영상의학과",T98,1,1,1,241800,169300
2019,"진단방사선과,영상의학과",Z00,1496,1520,1520,113328310,79581010
2019,"진단방사선과,영상의학과",Z01,908,1023,1023,30857960,22530860
2019,"진단방사선과,영상의학과",Z02,3,3,3,15690,10990
2019,"진단방사선과,영상의학과",Z03,1691,1728,1728,219585590,154571060
2019,"진단방사선과,영상의학과",Z04,95,95,95,1838740,1373940
2019,"진단방사선과,영상의학과",Z08,78,84,83,15772290,11981990
2019,"진단방사선과,영상의학과",Z09,442,458,458,18768150,14012850
2019,"진단방사선과,영상의학과",Z10,187,209,209,4888700,3441000
2019,"진단방사선과,영상의학과",Z11,94,98,98,7278700,5143300
2019,"진단방사선과,영상의학과",Z12,19,19,19,2652450,1857350
2019,"진단방사선과,영상의학과",Z13,53,55,55,12048820,8482920
2019,"진단방사선과,영상의학과",Z20,51,52,52,2583050,1814850
2019,"진단방사선과,영상의학과",Z22,9,9,9,1052930,737430
2019,"진단방사선과,영상의학과",Z24,4,6,6,446300,312500
2019,"진단방사선과,영상의학과",Z25,6,6,6,103090,76090
2019,"진단방사선과,영상의학과",Z26,9,9,9,792200,559200
2019,"진단방사선과,영상의학과",Z30,14,15,15,530850,372450
2019,"진단방사선과,영상의학과",Z32,1,1,1,11210,7910
2019,"진단방사선과,영상의학과",Z34,43,43,43,1110530,999430
2019,"진단방사선과,영상의학과",Z35,2,2,2,222350,155650
2019,"진단방사선과,영상의학과",Z36,2,2,2,297600,208400
2019,"진단방사선과,영상의학과",Z41,1,1,1,15690,10990
2019,"진단방사선과,영상의학과",Z42,5,6,6,93930,65930
2019,"진단방사선과,영상의학과",Z47,1,1,1,15690,10990
2019,"진단방사선과,영상의학과",Z48,4,6,6,122020,85620
2019,"진단방사선과,영상의학과",Z50,1,1,1,15690,14190
2019,"진단방사선과,영상의학과",Z51,13,13,13,360760,253060
2019,"진단방사선과,영상의학과",Z52,26,26,26,3217880,2253380
2019,"진단방사선과,영상의학과",Z54,7,7,7,318200,227500
2019,"진단방사선과,영상의학과",Z58,1,1,1,224990,157590
2019,"진단방사선과,영상의학과",Z59,1,1,1,28960,20360
2019,"진단방사선과,영상의학과",Z71,1761,1842,1842,29984700,22326900
2019,"진단방사선과,영상의학과",Z72,1,2,2,223010,156110
2019,"진단방사선과,영상의학과",Z73,1,1,1,15690,14190
2019,"진단방사선과,영상의학과",Z75,1,1,1,15690,10990
2019,"진단방사선과,영상의학과",Z80,75,80,80,8552840,5996940
2019,"진단방사선과,영상의학과",Z82,33,33,33,10414690,7297890
2019,"진단방사선과,영상의학과",Z83,1,1,1,16770,11770
2019,"진단방사선과,영상의학과",Z84,2,2,2,35270,24770
2019,"진단방사선과,영상의학과",Z85,103,107,107,18979950,13332650
2019,"진단방사선과,영상의학과",Z86,4,5,5,772330,540830
2019,"진단방사선과,영상의학과",Z87,1,1,1,24600,19700
2019,"진단방사선과,영상의학과",Z88,2,2,2,31370,21970
2019,"진단방사선과,영상의학과",Z89,1,1,1,25500,17900
2019,"진단방사선과,영상의학과",Z92,1,1,1,125030,87530
2019,"진단방사선과,영상의학과",Z93,1,2,2,134500,107700
2019,"진단방사선과,영상의학과",Z94,23,45,45,4066270,3039580
2019,"진단방사선과,영상의학과",Z95,10,11,11,1150970,817570
2019,"진단방사선과,영상의학과",Z96,22,26,26,1784750,1257350
2019,"진단방사선과,영상의학과",Z97,11,11,11,1349920,945420
2019,"진단방사선과,영상의학과",Z98,193,197,197,32877870,23457070
2019,"진단방사선과,영상의학과",Z99,3,3,3,472940,450140
2019,병리과,B35,2,2,2,10630,7530
2019,병리과,E05,3,6,6,578600,405300
2019,병리과,E14,1,1,1,27360,19160
2019,병리과,E78,5,5,5,44840,35240
2019,병리과,F51,3,9,9,94010,66310
2019,병리과,I10,3,20,20,180410,127310
2019,병리과,J00,1,1,1,0,0
2019,병리과,J03,2,5,5,77700,54700
2019,병리과,K59,1,1,1,15690,10990
2019,병리과,K76,19,24,24,2015630,1414230
2019,병리과,M10,1,3,3,40560,28560
2019,병리과,N40,3,5,5,62170,43670
2019,진단검사의학과,A04,1,1,1,23580,16580
2019,진단검사의학과,A08,1,2,2,26910,23910
2019,진단검사의학과,A09,145,204,204,3162010,2340310
2019,진단검사의학과,A59,4,9,9,142200,106300
2019,진단검사의학과,A60,2,7,7,283770,198870
2019,진단검사의학과,A63,2,3,3,314630,220430
2019,진단검사의학과,B00,60,102,102,1613760,1193360
2019,진단검사의학과,B02,33,92,92,1277910,1000410
2019,진단검사의학과,B07,1,1,1,13660,9660
2019,진단검사의학과,B08,1,1,1,20490,16190
2019,진단검사의학과,B18,34,126,126,5038820,3557720
2019,진단검사의학과,B35,197,788,788,10704010,8436110
2019,진단검사의학과,B36,3,7,7,128650,90350
2019,진단검사의학과,B37,1,1,1,7840,6340
2019,진단검사의학과,C16,1,1,1,13230,11730
2019,진단검사의학과,C22,1,1,1,51240,41040
2019,진단검사의학과,C61,2,2,2,142050,125350
2019,진단검사의학과,D01,1,1,1,15690,14190
2019,진단검사의학과,D13,1,2,2,27710,23810
2019,진단검사의학과,D14,2,2,2,26900,20700
2019,진단검사의학과,D21,1,1,1,15690,14190
2019,진단검사의학과,D23,7,12,12,276990,199190
2019,진단검사의학과,D24,1,2,2,26900,18900
2019,진단검사의학과,D34,1,1,1,15700,11000
2019,진단검사의학과,D50,37,67,67,1408070,1007870
2019,진단검사의학과,D51,1,2,2,34320,30920
2019,진단검사의학과,D53,26,28,28,748350,533750
2019,진단검사의학과,D64,34,38,38,2233990,1572590
2019,진단검사의학과,D69,9,15,15,524040,371040
2019,진단검사의학과,E03,34,118,118,2852030,2037430
2019,진단검사의학과,E04,2,2,2,31380,25180
2019,진단검사의학과,E05,9,45,45,1314320,953420
2019,진단검사의학과,E06,17,21,21,1075560,754160
2019,진단검사의학과,E07,3,4,4,65440,53440
2019,진단검사의학과,E10,5,28,28,479270,414870
2019,진단검사의학과,E11,288,2820,2820,59046040,49145360
2019,진단검사의학과,E14,4,12,12,352330,254030
2019,진단검사의학과,E23,1,11,11,167450,117550
2019,진단검사의학과,E30,1,9,9,36810,26010
2019,진단검사의학과,E50,1,3,3,42590,29890
2019,진단검사의학과,E55,25,31,31,421380,314580
2019,진단검사의학과,E78,339,1021,1021,20390950,14906950
2019,진단검사의학과,E79,3,5,5,83310,60710
2019,진단검사의학과,E87,1,1,1,46150,32350
2019,진단검사의학과,E88,1,2,2,30170,25470
2019,진단검사의학과,F00,7,29,29,523460,419660
2019,진단검사의학과,F03,1,2,2,30170,28670
2019,진단검사의학과,F06,4,10,10,144600,120300
2019,진단검사의학과,F32,4,12,12,160420,129020
2019,진단검사의학과,F41,8,18,18,252790,207790
2019,진단검사의학과,F45,2,2,2,29390,20590
2019,진단검사의학과,F48,2,3,3,45860,39660
2019,진단검사의학과,F51,4,30,30,344060,299060
2019,진단검사의학과,F52,3,3,3,0,0
2019,진단검사의학과,G20,2,13,13,150210,130710
2019,진단검사의학과,G24,3,3,3,50960,35760
2019,진단검사의학과,G25,18,22,22,331060,244460
2019,진단검사의학과,G31,112,569,569,8187090,6810890
2019,진단검사의학과,G43,15,27,27,381480,288980
2019,진단검사의학과,G44,73,120,120,2863970,2043770
2019,진단검사의학과,G47,77,223,223,3195280,2556880
2019,진단검사의학과,G50,1,1,1,19580,17680
2019,진단검사의학과,G51,1,2,2,51770,36270
2019,진단검사의학과,G53,2,4,4,50130,44130
2019,진단검사의학과,G54,19,68,68,1956370,1379270
2019,진단검사의학과,G56,1,1,1,14520,13020
2019,진단검사의학과,H00,18,20,20,374090,262690
2019,진단검사의학과,H02,1,1,1,15690,10990
2019,진단검사의학과,H04,21,37,37,508190,370790
2019,진단검사의학과,H10,28,44,44,624020,483320
2019,진단검사의학과,H16,1,1,1,11210,9710
2019,진단검사의학과,H25,4,8,8,120270,104870
2019,진단검사의학과,H60,8,13,13,199140,141640
2019,진단검사의학과,H66,3,4,4,86940,69640
2019,진단검사의학과,H67,1,2,2,30170,25470
2019,진단검사의학과,H73,1,3,3,38110,26810
2019,진단검사의학과,H81,45,71,71,1066850,832150
2019,진단검사의학과,H91,1,1,1,19580,17680
2019,진단검사의학과,H93,5,7,7,105230,75730
2019,진단검사의학과,I10,576,5643,5640,100494910,84796610
2019,진단검사의학과,I20,10,16,16,410200,300600
2019,진단검사의학과,I21,1,1,1,39340,27540
2019,진단검사의학과,I25,1,1,1,52080,36480
2019,진단검사의학과,I47,1,1,1,27000,18900
2019,진단검사의학과,I48,1,2,2,26900,23900
2019,진단검사의학과,I49,7,15,15,240530,188530
2019,진단검사의학과,I51,1,3,3,41380,33380
2019,진단검사의학과,I63,1,1,1,15690,14190
2019,진단검사의학과,I64,1,1,1,14320,10120
2019,진단검사의학과,I65,1,4,4,61740,53140
2019,진단검사의학과,I67,1,1,1,61860,43360
2019,진단검사의학과,I69,2,4,4,133270,93570
2019,진단검사의학과,I70,6,6,6,73690,60690
2019,진단검사의학과,I73,1,2,2,30170,25470
2019,진단검사의학과,I80,1,1,1,15690,14190
2019,진단검사의학과,I83,1,4,4,48880,42880
2019,진단검사의학과,I86,1,1,1,16560,14960
2019,진단검사의학과,I87,5,7,7,103740,84940
2019,진단검사의학과,I95,1,2,2,25690,22390
2019,진단검사의학과,J00,6,11,11,129240,98240
2019,진단검사의학과,J01,3,4,4,66330,52730
2019,진단검사의학과,J02,6,9,9,127180,91180
2019,진단검사의학과,J03,62,103,103,1480560,1125060
2019,진단검사의학과,J10,16,18,18,266840,187840
2019,진단검사의학과,J11,24,40,40,578910,411910
2019,진단검사의학과,J15,4,9,9,163110,119710
2019,진단검사의학과,J18,1,7,7,85300,74800
2019,진단검사의학과,J20,1578,3098,3098,47667990,35124590
2019,진단검사의학과,J21,736,1526,1526,24252680,18006480
2019,진단검사의학과,J30,98,195,195,2784990,2087890
2019,진단검사의학과,J32,11,15,15,204600,163500
2019,진단검사의학과,J34,1,2,2,30170,25470
2019,진단검사의학과,J40,2,2,2,22420,19420
2019,진단검사의학과,J41,1,1,1,11210,9710
2019,진단검사의학과,J42,4,9,9,129850,119150
2019,진단검사의학과,J43,1,1,1,13670,12170
2019,진단검사의학과,J44,3,6,6,86030,78330
2019,진단검사의학과,J45,22,69,69,954630,781030
2019,진단검사의학과,J84,1,1,1,20670,14470
2019,진단검사의학과,J93,1,1,1,15690,10990
2019,진단검사의학과,K07,2,9,9,114330,80430
2019,진단검사의학과,K11,2,2,2,28930,20330
2019,진단검사의학과,K12,15,20,20,290010,217910
2019,진단검사의학과,K13,2,3,3,39360,34560
2019,진단검사의학과,K14,12,14,14,208600,168000
2019,진단검사의학과,K21,129,243,243,4600240,3425740
2019,진단검사의학과,K22,1,1,1,99250,69550
2019,진단검사의학과,K25,10,24,24,563080,448280
2019,진단검사의학과,K26,2,4,4,34870,24670
2019,진단검사의학과,K27,80,187,187,2595110,1971810
2019,진단검사의학과,K29,500,742,742,14218630,10335230
2019,진단검사의학과,K30,22,36,36,519510,394710
2019,진단검사의학과,K31,4,4,4,90630,63630
2019,진단검사의학과,K40,1,2,2,27990,19690
2019,진단검사의학과,K51,1,7,7,94210,80210
2019,진단검사의학과,K52,11,13,13,203690,161390
2019,진단검사의학과,K58,92,139,139,1945520,1441120
2019,진단검사의학과,K59,30,40,40,590990,473290
2019,진단검사의학과,K63,2,2,2,22420,15820
2019,진단검사의학과,K64,2,5,5,70300,49300
2019,진단검사의학과,K70,3,9,9,307820,223320
2019,진단검사의학과,K71,42,147,147,2870700,2150500
2019,진단검사의학과,K73,2,10,10,368770,261170
2019,진단검사의학과,K74,4,7,7,148960,104560
2019,진단검사의학과,K75,24,49,49,1700070,1212770
2019,진단검사의학과,K76,148,233,233,8674490,6165490
2019,진단검사의학과,K80,1,1,1,13230,9330
2019,진단검사의학과,K85,1,1,1,12300,10800
2019,진단검사의학과,K86,2,2,2,149860,105060
2019,진단검사의학과,L01,1,1,1,15700,11000
2019,진단검사의학과,L02,81,269,269,4968190,3795390
2019,진단검사의학과,L03,108,233,233,4764260,3524660
2019,진단검사의학과,L04,17,22,22,358700,281600
2019,진단검사의학과,L08,76,148,148,2566320,2004220
2019,진단검사의학과,L20,10,22,22,337110,244910
2019,진단검사의학과,L21,36,61,61,935310,721010
2019,진단검사의학과,L23,486,1826,1826,27140920,20821820
2019,진단검사의학과,L26,2,2,2,24410,17210
2019,진단검사의학과,L29,1,4,4,60590,51990
2019,진단검사의학과,L30,5,7,7,82950,67450
2019,진단검사의학과,L40,6,44,44,618810,547810
2019,진단검사의학과,L50,47,76,76,1709890,1257290
2019,진단검사의학과,L60,3,8,8,162880,140380
2019,진단검사의학과,L63,7,47,47,1853160,1300160
2019,진단검사의학과,L70,4,5,5,75840,53240
2019,진단검사의학과,L72,1,1,1,21830,15330
2019,진단검사의학과,L80,1,3,3,44460,39560
2019,진단검사의학과,L81,2,2,2,39160,27560
2019,진단검사의학과,L84,18,29,29,997960,731260
2019,진단검사의학과,L85,1,1,1,13670,12170
2019,진단검사의학과,L91,1,1,1,15690,10990
2019,진단검사의학과,L98,3,5,5,76030,61930
2019,진단검사의학과,M06,6,16,16,292240,207840
2019,진단검사의학과,M10,22,84,84,1316850,936250
2019,진단검사의학과,M13,88,232,232,3128170,2541870
2019,진단검사의학과,M17,117,445,445,8778620,6638520
2019,진단검사의학과,M19,30,83,83,1313170,967470
2019,진단검사의학과,M24,48,222,222,4128380,2921180
2019,진단검사의학과,M25,11,11,11,354370,252570
2019,진단검사의학과,M41,1,1,1,15690,10990
2019,진단검사의학과,M43,1,1,1,15690,14190
2019,진단검사의학과,M46,1,15,15,170780,120480
2019,진단검사의학과,M47,36,257,257,4688730,3761330
2019,진단검사의학과,M48,26,93,93,1471180,1202280
2019,진단검사의학과,M51,11,58,58,1364350,957750
2019,진단검사의학과,M54,417,1610,1610,28391900,21182000
2019,진단검사의학과,M62,7,9,9,129970,95770
2019,진단검사의학과,M65,2,4,4,53950,47950
2019,진단검사의학과,M67,2,2,2,64560,45260
2019,진단검사의학과,M70,1,1,1,11210,7910
2019,진단검사의학과,M75,218,754,754,14478060,10551760
2019,진단검사의학과,M76,2,3,3,74240,52040
2019,진단검사의학과,M77,229,642,642,10707930,7868130
2019,진단검사의학과,M79,46,130,130,2432810,1852110
2019,진단검사의학과,M81,6,32,32,367250,312950
2019,진단검사의학과,M92,1,1,1,25550,17950
2019,진단검사의학과,M94,1,2,2,26900,18900
2019,진단검사의학과,N06,1,1,1,28360,19860
2019,진단검사의학과,N18,1,15,15,574310,402410
2019,진단검사의학과,N19,4,4,4,72730,60830
2019,진단검사의학과,N20,3,3,3,48550,37350
2019,진단검사의학과,N21,2,2,2,25730,19930
2019,진단검사의학과,N29,1,1,1,11210,9710
2019,진단검사의학과,N30,190,750,750,14202910,10803510
2019,진단검사의학과,N31,35,107,107,1565150,1241550
2019,진단검사의학과,N32,6,8,8,107300,91300
2019,진단검사의학과,N34,127,534,534,10475130,7787230
2019,진단검사의학과,N39,2,9,9,167000,135000
2019,진단검사의학과,N40,132,652,652,8920800,7288100
2019,진단검사의학과,N41,6,24,24,465390,327090
2019,진단검사의학과,N51,1,2,2,30790,21690
2019,진단검사의학과,N61,1,1,1,81040,56740
2019,진단검사의학과,N76,2,2,2,37440,26240
2019,진단검사의학과,N81,1,1,1,11210,9710
2019,진단검사의학과,N94,13,16,16,237640,169840
2019,진단검사의학과,N95,21,54,54,695560,515460
2019,진단검사의학과,Q44,1,1,1,15690,10990
2019,진단검사의학과,Q67,1,2,2,31080,27680
2019,진단검사의학과,Q87,1,1,1,11210,9710
2019,진단검사의학과,R00,7,14,14,312600,234100
2019,진단검사의학과,R03,23,32,32,569300,423900
2019,진단검사의학과,R04,1,1,1,14750,13250
2019,진단검사의학과,R06,1,2,2,25690,22390
2019,진단검사의학과,R07,31,37,37,952020,686920
2019,진단검사의학과,R10,199,242,242,8347090,5964690
2019,진단검사의학과,R11,5,5,5,79810,58710
2019,진단검사의학과,R20,1,1,1,11210,7910
2019,진단검사의학과,R25,1,1,1,11210,9710
2019,진단검사의학과,R29,2,2,2,22420,19420
2019,진단검사의학과,R30,2,3,3,70230,49330
2019,진단검사의학과,R31,10,17,17,260860,215460
2019,진단검사의학과,R34,1,2,2,31500,28400
2019,진단검사의학과,R35,1,1,1,12300,10800
2019,진단검사의학과,R39,1,1,1,15690,14190
2019,진단검사의학과,R41,6,6,6,76220,66420
2019,진단검사의학과,R42,105,121,121,2286040,1722440
2019,진단검사의학과,R50,3,5,5,183100,130500
2019,진단검사의학과,R51,17,18,18,258470,196270
2019,진단검사의학과,R53,4,6,6,57780,46780
2019,진단검사의학과,R60,13,23,23,615460,445860
2019,진단검사의학과,R63,3,3,3,59540,45240
2019,진단검사의학과,R72,1,2,2,47130,33030
2019,진단검사의학과,R73,185,426,426,6378860,5156760
2019,진단검사의학과,R80,1,3,3,126390,88690
2019,진단검사의학과,R82,3,3,3,82820,58120
2019,진단검사의학과,R91,1,2,2,22420,15820
2019,진단검사의학과,R94,3,3,3,204790,143490
2019,진단검사의학과,S00,8,10,10,169520,126820
2019,진단검사의학과,S01,20,48,48,1085470,824470
2019,진단검사의학과,S02,1,1,1,22800,16000
2019,진단검사의학과,S03,8,20,20,271310,209310
2019,진단검사의학과,S13,7,19,19,433360,305360
2019,진단검사의학과,S20,16,44,44,734610,578110
2019,진단검사의학과,S21,3,3,3,65490,45990
2019,진단검사의학과,S22,4,23,23,344460,290360
2019,진단검사의학과,S23,33,122,122,2155610,1655710
2019,진단검사의학과,S31,4,5,5,100190,72490
2019,진단검사의학과,S32,2,5,5,93030,73330
2019,진단검사의학과,S33,113,319,319,5291810,3916810
2019,진단검사의학과,S40,1,1,1,36080,25280
2019,진단검사의학과,S41,3,7,7,138780,97280
2019,진단검사의학과,S42,4,10,10,185490,130290
2019,진단검사의학과,S43,38,115,115,1887860,1390760
2019,진단검사의학과,S50,4,5,5,106470,76870
2019,진단검사의학과,S51,10,31,31,599480,423880
2019,진단검사의학과,S52,1,2,2,34680,24380
2019,진단검사의학과,S53,27,61,61,1099440,795140
2019,진단검사의학과,S61,45,100,100,2203930,1565730
2019,진단검사의학과,S62,14,87,87,1713490,1228090
2019,진단검사의학과,S63,166,346,346,6762860,4868460
2019,진단검사의학과,S67,5,7,7,176500,123900
2019,진단검사의학과,S70,4,16,16,233860,191960
2019,진단검사의학과,S71,3,9,9,168410,144710
2019,진단검사의학과,S73,38,87,87,1432330,1086930
2019,진단검사의학과,S76,2,4,4,58140,40940
2019,진단검사의학과,S80,10,19,19,341600,240100
2019,진단검사의학과,S81,20,52,52,1100460,835360
2019,진단검사의학과,S82,3,24,24,446760,334060
2019,진단검사의학과,S83,75,238,238,3791120,2713420
2019,진단검사의학과,S86,3,10,10,144160,101360
2019,진단검사의학과,S91,22,44,44,876070,631370
2019,진단검사의학과,S92,5,25,25,605720,458020
2019,진단검사의학과,S93,239,548,548,8906100,6360100
2019,진단검사의학과,S97,4,4,4,93880,65880
2019,진단검사의학과,T14,5,5,5,77860,56460
2019,진단검사의학과,T17,1,1,1,31700,22200
2019,진단검사의학과,T23,1,1,1,39960,28060
2019,진단검사의학과,T30,6,11,11,374960,268460
2019,진단검사의학과,Z03,1,1,1,11210,7910
2019,진단검사의학과,Z98,1,2,2,34700,24300
2019,결핵과,A09,26,31,31,519620,381520
2019,결핵과,B00,29,57,57,812520,652320
2019,결핵과,B02,17,54,54,768270,622970
2019,결핵과,B18,1,1,1,15690,10990
2019,결핵과,B35,158,232,232,3024800,2291600
2019,결핵과,B98,1,1,1,15690,10990
2019,결핵과,C16,2,2,2,31380,25980
2019,결핵과,D15,1,1,1,19580,13780
2019,결핵과,D50,18,27,27,405820,302320
2019,결핵과,E03,7,39,39,513670,370770
2019,결핵과,E05,3,25,25,434620,307720
2019,결핵과,E07,5,5,5,220980,154880
2019,결핵과,E11,154,1214,1214,19663120,15449720
2019,결핵과,E78,91,375,375,5535340,4166640
2019,결핵과,E86,1,1,1,16770,11770
2019,결핵과,E89,1,6,6,71740,62740
2019,결핵과,F06,4,4,4,65010,56110
2019,결핵과,F32,1,1,1,13230,9330
2019,결핵과,F41,3,4,4,59720,42020
2019,결핵과,F51,56,207,207,2757180,2116580
2019,결핵과,F52,2,2,2,0,0
2019,결핵과,G43,24,47,47,701200,514300
2019,결핵과,G44,1,1,1,11210,9710
2019,결핵과,G47,2,2,2,30790,27390
2019,결핵과,G51,1,1,1,11210,9710
2019,결핵과,G55,3,7,7,72410,61910
2019,결핵과,G58,2,2,2,35270,24770
2019,결핵과,H00,1,1,1,15690,10990
2019,결핵과,H10,7,8,8,128560,92260
2019,결핵과,H65,10,20,20,276640,219540
2019,결핵과,H81,6,9,9,124530,105730
2019,결핵과,H93,1,1,1,11210,9710
2019,결핵과,I05,1,1,1,15690,14190
2019,결핵과,I10,502,4253,4253,62039550,48439250
2019,결핵과,I47,2,9,9,123990,87290
2019,결핵과,I49,5,5,5,85870,66570
2019,결핵과,I67,1,2,2,22540,19540
2019,결핵과,I73,15,45,45,689970,558770
2019,결핵과,I95,1,1,1,15690,10990
2019,결핵과,J00,810,1416,1416,21971050,16690850
2019,결핵과,J01,27,43,43,631970,451270
2019,결핵과,J02,4,4,4,46180,34280
2019,결핵과,J03,81,121,121,1872230,1394130
2019,결핵과,J10,9,17,17,248890,175390
2019,결핵과,J15,10,17,17,282140,233840
2019,결핵과,J18,7,26,26,338120,295720
2019,결핵과,J20,605,1489,1489,21493970,16616270
2019,결핵과,J30,71,168,168,2304630,1738530
2019,결핵과,J41,4137,13952,13952,191941760,158764860
2019,결핵과,J42,8,50,50,590690,472490
2019,결핵과,J43,2,15,15,178480,143880
2019,결핵과,J44,7,64,64,775170,665970
2019,결핵과,J45,314,1185,1185,15426380,12790380
2019,결핵과,J47,17,84,84,1084420,874520
2019,결핵과,J84,2,8,8,98050,85650
2019,결핵과,J90,3,3,3,66510,53210
2019,결핵과,K07,1,2,2,22420,19420
2019,결핵과,K08,1,1,1,13150,11650
2019,결핵과,K11,1,1,1,21520,17220
2019,결핵과,K12,1,1,1,19580,17680
2019,결핵과,K21,27,81,81,1010880,785680
2019,결핵과,K25,6,13,13,172300,127800
2019,결핵과,K26,1,1,1,19580,17680
2019,결핵과,K29,952,2206,2206,31648460,24076560
2019,결핵과,K52,8,14,14,179900,156200
2019,결핵과,K58,3,4,4,62760,50360
2019,결핵과,K59,14,37,37,466970,358670
2019,결핵과,K62,2,3,3,38110,26810
2019,결핵과,K75,176,344,344,6933130,5178530
2019,결핵과,K92,1,2,2,32490,26790
2019,결핵과,L01,1,1,1,5610,4010
2019,결핵과,L02,35,67,67,918200,709600
2019,결핵과,L04,246,371,371,5989600,4341300
2019,결핵과,L20,7,13,13,172420,123120
2019,결핵과,L23,10,16,16,159510,137210
2019,결핵과,L40,6,8,8,174540,122640
2019,결핵과,L50,36,68,68,963530,720430
2019,결핵과,M06,2,2,2,22420,17620
2019,결핵과,M10,11,36,36,473010,338510
2019,결핵과,M13,1,1,1,15690,14190
2019,결핵과,M15,1,1,1,13230,9330
2019,결핵과,M17,4,11,11,109260,93560
2019,결핵과,M25,10,21,21,288860,233960
2019,결핵과,M48,4,14,14,161420,121020
2019,결핵과,M51,1,1,1,13150,11650
2019,결핵과,M54,8,9,9,127140,103540
2019,결핵과,M79,43,62,62,901140,714940
2019,결핵과,M81,2,4,4,49320,40120
2019,결핵과,N10,1,1,1,17630,12430
2019,결핵과,N19,1,4,4,56250,39550
2019,결핵과,N30,39,93,93,1343880,1001280
2019,결핵과,N39,3,3,3,42590,34890
2019,결핵과,N40,14,77,77,801090,660990
2019,결핵과,N94,8,10,10,152430,106830
2019,결핵과,R00,6,6,6,93580,65680
2019,결핵과,R03,12,13,13,197660,154760
2019,결핵과,R04,3,3,3,48150,40350
2019,결핵과,R06,1,1,1,11210,7910
2019,결핵과,R07,3,3,3,46480,32680
2019,결핵과,R10,3,4,4,52500,38800
2019,결핵과,R11,1,1,1,11210,9710
2019,결핵과,R17,1,1,1,11210,7910
2019,결핵과,R18,1,5,5,112150,78850
2019,결핵과,R25,1,1,1,19580,13780
2019,결핵과,R31,2,5,5,71300,50200
2019,결핵과,R41,29,88,88,1205820,989320
2019,결핵과,R42,20,30,30,513710,375410
2019,결핵과,R50,1,2,2,34600,24300
2019,결핵과,R51,8,8,8,126110,92410
2019,결핵과,R60,15,47,47,655950,489850
2019,결핵과,R63,19,23,23,458650,341650
2019,결핵과,S13,1,7,7,106690,74990
2019,결핵과,S23,15,47,47,661000,543900
2019,결핵과,S24,38,79,79,999010,864810
2019,결핵과,S33,11,57,57,771180,604980
2019,결핵과,S43,10,29,29,404770,328670
2019,결핵과,S73,3,4,4,44840,37040
2019,결핵과,S86,1,2,2,34700,24300
2019,결핵과,T30,1,1,1,11210,9710
2019,결핵과,T35,1,1,1,11210,9710
2019,결핵과,Z03,15,15,15,338560,265060
2019,재활의학과,A01,1,1,1,25720,18020
2019,재활의학과,A04,14,29,29,425450,330050
2019,재활의학과,A05,7,7,7,135430,98730
2019,재활의학과,A08,59,67,67,1133210,803410
2019,재활의학과,A09,2381,3180,3180,58899420,42951580
2019,재활의학과,A15,1,1,1,15690,14190
2019,재활의학과,A16,1,1,1,11210,7910
2019,재활의학과,A17,1,7,7,389360,273060
2019,재활의학과,A18,1,1,1,128720,115920
2019,재활의학과,A28,1,1,1,36630,25730
2019,재활의학과,A31,1,3,3,216770,154970
2019,재활의학과,A35,12,12,12,478730,339730
2019,재활의학과,A41,1,1,1,23030,18430
2019,재활의학과,A48,1,1,1,39750,27850
2019,재활의학과,A49,17,34,34,787510,601810
2019,재활의학과,A51,1,1,1,15690,14190
2019,재활의학과,A54,1,1,1,5610,4010
2019,재활의학과,A56,1,2,2,26500,23500
2019,재활의학과,A60,2,3,3,48730,37830
2019,재활의학과,A64,1,1,1,15690,10990
2019,재활의학과,A69,8,11,11,186750,135450
2019,재활의학과,A74,2,3,3,57010,40110
2019,재활의학과,A81,1,45,45,1659810,1494310
2019,재활의학과,A85,1,1,1,13660,9660
2019,재활의학과,A88,1,1,1,83610,58610
2019,재활의학과,A97,1,3,3,168700,118200
2019,재활의학과,B00,564,794,794,12850190,9541990
2019,재활의학과,B01,2,3,3,38110,26810
2019,재활의학과,B02,1361,3261,3281,75067490,56116100
2019,재활의학과,B05,1,1,1,19580,13780
2019,재활의학과,B07,39,67,67,1777770,1289770
2019,재활의학과,B08,38,74,74,1070450,830050
2019,재활의학과,B15,3,6,5,160470,116970
2019,재활의학과,B17,4,12,12,530530,376130
2019,재활의학과,B18,62,138,138,10332970,7250770
2019,재활의학과,B19,2,2,2,30800,21700
2019,재활의학과,B25,5,120,120,5767610,5216240
2019,재활의학과,B26,4,5,5,156440,117140
2019,재활의학과,B30,9,11,11,133870,98070
2019,재활의학과,B33,31,54,54,782040,582840
2019,재활의학과,B35,2865,7249,7249,110293790,82846910
2019,재활의학과,B36,30,57,57,527750,414250
2019,재활의학과,B37,17,24,24,733630,546930
2019,재활의학과,B43,8,8,8,154050,114750
2019,재활의학과,B49,3,6,6,71740,52340
2019,재활의학과,B50,1,1,1,15690,10990
2019,재활의학과,B58,1,1,1,11210,7910
2019,재활의학과,B66,2,2,2,31380,21980
2019,재활의학과,B83,2,2,2,39410,30010
2019,재활의학과,B85,2,2,2,31380,21980
2019,재활의학과,B86,6,7,7,88370,67970
2019,재활의학과,B88,19,29,35,1200060,859410
2019,재활의학과,B91,69,115,115,3224540,2346140
2019,재활의학과,B94,3,120,120,2209420,1720920
2019,재활의학과,C02,2,40,40,1030390,963850
2019,재활의학과,C06,1,5,5,66000,63000
2019,재활의학과,C07,2,30,30,349040,286340
2019,재활의학과,C08,1,182,182,3924980,3924980
2019,재활의학과,C09,1,3,3,55110,52410
2019,재활의학과,C11,2,4,4,70810,65710
2019,재활의학과,C14,1,1,1,28070,26670
2019,재활의학과,C15,1,2,2,46970,36470
2019,재활의학과,C16,42,358,358,11783320,10859020
2019,재활의학과,C17,2,6,6,310640,285840
2019,재활의학과,C18,33,124,124,5435630,5163830
2019,재활의학과,C20,11,104,104,2405240,2268300
2019,재활의학과,C21,1,6,6,149320,141920
2019,재활의학과,C22,17,83,98,3164850,2965940
2019,재활의학과,C23,1,15,15,486980,463680
2019,재활의학과,C24,4,41,41,1068150,1014750
2019,재활의학과,C25,12,84,84,1831980,1530720
2019,재활의학과,C32,2,2,2,126710,120510
2019,재활의학과,C34,37,214,214,6396230,5983430
2019,재활의학과,C37,2,3,3,158110,150410
2019,재활의학과,C38,1,1,1,224120,212920
2019,재활의학과,C40,3,45,45,790450,750850
2019,재활의학과,C41,5,32,70,3139590,2774600
2019,재활의학과,C43,2,288,288,8277010,7883410
2019,재활의학과,C44,4,45,45,832370,788170
2019,재활의학과,C45,2,3,3,220220,206620
2019,재활의학과,C48,2,4,4,211930,201630
2019,재활의학과,C49,3,32,32,621430,591630
2019,재활의학과,C50,136,1341,1374,35630390,32606260
2019,재활의학과,C53,8,26,27,729340,686220
2019,재활의학과,C54,3,28,28,1088300,902440
2019,재활의학과,C55,1,4,4,155660,148160
2019,재활의학과,C56,10,79,79,1863640,1640780
2019,재활의학과,C61,11,92,92,2190860,2027060
2019,재활의학과,C64,8,221,221,12730540,12059640
2019,재활의학과,C65,2,4,4,273440,259940
2019,재활의학과,C66,1,1,1,64360,61160
2019,재활의학과,C67,6,10,10,346920,305720
2019,재활의학과,C69,3,29,90,9908260,9241110
2019,재활의학과,C70,1,9,9,452010,429610
2019,재활의학과,C71,29,804,804,40512080,37579650
2019,재활의학과,C72,8,296,296,12546560,11921060
2019,재활의학과,C73,49,253,253,9135880,8232880
2019,재활의학과,C75,2,5,5,205080,164180
2019,재활의학과,C76,2,98,98,2742740,2614340
2019,재활의학과,C77,4,46,46,2688440,2557140
2019,재활의학과,C78,4,37,37,694230,635030
2019,재활의학과,C79,12,143,182,5381920,4896290
2019,재활의학과,C80,3,11,11,887280,831980
2019,재활의학과,C81,2,23,23,327990,312890
2019,재활의학과,C83,3,19,19,708110,656070
2019,재활의학과,C85,3,4,4,99700,90900
2019,재활의학과,C90,5,30,30,1487550,1309450
2019,재활의학과,C91,2,12,12,273750,248950
2019,재활의학과,C92,2,35,35,1019510,969610
2019,재활의학과,C96,1,1,1,16600,15800
2019,재활의학과,C97,1,2,2,35330,29530
2019,재활의학과,D00,7,17,17,1003520,888720
2019,재활의학과,D01,5,13,13,670170,595470
2019,재활의학과,D02,6,47,47,1565110,1489610
2019,재활의학과,D03,1,1,1,11210,10710
2019,재활의학과,D04,3,9,9,603750,574050
2019,재활의학과,D05,27,155,155,5381600,5053060
2019,재활의학과,D06,4,8,8,164660,151460
2019,재활의학과,D07,8,14,14,1116930,1043230
2019,재활의학과,D09,8,48,48,2255300,2143700
2019,재활의학과,D10,3,3,3,47070,36170
2019,재활의학과,D11,3,6,6,84590,63390
2019,재활의학과,D12,7,11,11,311610,218710
2019,재활의학과,D13,1,2,2,264230,185030
2019,재활의학과,D14,3,26,26,362440,262440
2019,재활의학과,D16,28,63,63,1253660,902260
2019,재활의학과,D17,256,434,434,14790410,10777970
2019,재활의학과,D18,15,43,86,3487560,2426200
2019,재활의학과,D21,20,23,23,511390,370590
2019,재활의학과,D22,2,2,2,31380,21980
2019,재활의학과,D23,41,66,66,3929560,2811760
2019,재활의학과,D24,1,6,6,123450,86950
2019,재활의학과,D25,2,2,2,26900,18900
2019,재활의학과,D26,3,12,12,762760,534660
2019,재활의학과,D27,1,1,1,21830,15330
2019,재활의학과,D29,2,3,3,28780,24680
2019,재활의학과,D31,1,2,2,82690,57990
2019,재활의학과,D32,14,220,220,10775180,8975580
2019,재활의학과,D33,12,186,398,31188310,28290010
2019,재활의학과,D34,4,6,6,382010,269510
2019,재활의학과,D35,3,14,14,1077120,914980
2019,재활의학과,D36,11,48,48,670680,486680
2019,재활의학과,D37,4,5,5,472150,375950
2019,재활의학과,D42,1,79,79,5852220,5561620
2019,재활의학과,D43,5,110,110,3673680,3493780
2019,재활의학과,D46,4,50,50,1376470,1292830
2019,재활의학과,D47,1,33,33,830860,791360
2019,재활의학과,D48,22,144,144,2203220,2014820
2019,재활의학과,D50,183,370,396,12585090,9075730
2019,재활의학과,D51,5,25,25,588780,447080
2019,재활의학과,D52,3,5,5,166200,128100
2019,재활의학과,D53,3,4,4,80230,56430
2019,재활의학과,D59,1,5,5,373140,298840
2019,재활의학과,D63,2,2,2,26900,23900
2019,재활의학과,D64,118,181,181,7727120,5521520
2019,재활의학과,D66,87,1309,1309,12377156770,11199703060
2019,재활의학과,D67,14,174,174,2927530240,2629486040
2019,재활의학과,D68,8,248,248,992717370,902591670
2019,재활의학과,D69,124,257,257,3454890,2763690
2019,재활의학과,D72,3,4,4,61060,42960
2019,재활의학과,D75,1,1,1,11210,7910
2019,재활의학과,D76,3,55,55,2710990,2430390
2019,재활의학과,D82,1,89,89,1235070,1112270
2019,재활의학과,D83,1,150,190,23310080,21299810
2019,재활의학과,D84,1,2,2,28390,22590
2019,재활의학과,D86,1,1,1,15690,10990
2019,재활의학과,E01,3,3,3,187960,131660
2019,재활의학과,E03,215,876,879,23306390,16860120
2019,재활의학과,E04,18,20,20,1090160,775560
2019,재활의학과,E05,61,217,217,7776310,5528810
2019,재활의학과,E06,6,14,14,428160,318560
2019,재활의학과,E07,67,94,94,4764060,3381860
2019,재활의학과,E10,83,214,210,6501470,4908660
2019,재활의학과,E11,1991,10152,10152,238400620,180742810
2019,재활의학과,E12,3,10,10,698730,582030
2019,재활의학과,E13,165,713,713,16305500,12370600
2019,재활의학과,E14,621,2205,2205,58710370,44213120
2019,재활의학과,E16,6,19,19,679390,478590
2019,재활의학과,E22,5,6,6,148840,106940
2019,재활의학과,E23,5,26,26,6490170,4546470
2019,재활의학과,E24,2,3,3,106710,100010
2019,재활의학과,E25,1,1,1,19580,13780
2019,재활의학과,E27,8,39,39,1027890,737910
2019,재활의학과,E28,7,9,9,860080,576400
2019,재활의학과,E30,13,22,22,865460,606960
2019,재활의학과,E34,9,15,15,298480,209580
2019,재활의학과,E35,2,6,6,231120,169320
2019,재활의학과,E41,1,1,1,15690,14190
2019,재활의학과,E46,3,3,3,114270,81870
2019,재활의학과,E50,97,169,169,2400000,1711300
2019,재활의학과,E51,2,2,2,95640,67040
2019,재활의학과,E53,13,34,34,650870,535470
2019,재활의학과,E55,702,1271,1271,32033050,23284650
2019,재활의학과,E56,24,27,27,553780,395180
2019,재활의학과,E58,10,20,20,251460,211660
2019,재활의학과,E61,12,19,19,561790,408990
2019,재활의학과,E63,3,3,3,48270,37070
2019,재활의학과,E65,2,4,4,64820,52220
2019,재활의학과,E66,52,112,112,1618620,1142220
2019,재활의학과,E71,2,2,2,31380,28380
2019,재활의학과,E72,4,94,94,3919730,3533430
2019,재활의학과,E74,2,12,12,1133600,1050740
2019,재활의학과,E75,7,312,312,25808750,23673380
2019,재활의학과,E76,4,177,177,7209210,6497410
2019,재활의학과,E77,1,47,47,2753780,2481880
2019,재활의학과,E78,1734,5163,5176,120419250,88515510
2019,재활의학과,E79,13,32,32,982270,689770
2019,재활의학과,E80,1,26,26,310650,280250
2019,재활의학과,E83,44,128,128,5038320,4343950
2019,재활의학과,E85,1,1,1,15690,14190
2019,재활의학과,E86,176,267,267,5525020,4070920
2019,재활의학과,E87,11,17,17,413880,324380
2019,재활의학과,E88,39,97,97,3474300,2396500
2019,재활의학과,E89,3,6,6,77420,63320
2019,재활의학과,F00,513,6413,6413,149967110,118589790
2019,재활의학과,F01,35,247,304,12521080,10515310
2019,재활의학과,F02,4,6,6,104080,76380
2019,재활의학과,F03,66,366,366,16323560,13065160
2019,재활의학과,F06,699,2032,2032,37754630,31143030
2019,재활의학과,F07,28,77,77,1421630,1105830
2019,재활의학과,F10,7,24,24,368400,274100
2019,재활의학과,F17,4,9,9,112300,79100
2019,재활의학과,F20,8,68,68,2254160,1814460
2019,재활의학과,F21,3,3,3,278510,250910
2019,재활의학과,F22,2,7,7,71750,61250
2019,재활의학과,F28,1,1,1,15690,14190
2019,재활의학과,F29,1,1,1,15690,10990
2019,재활의학과,F31,12,77,77,671930,522230
2019,재활의학과,F32,193,456,456,7710620,6123320
2019,재활의학과,F33,9,30,30,383520,284720
2019,재활의학과,F34,6,31,31,2386270,1699070
2019,재활의학과,F38,12,21,21,469350,364250
2019,재활의학과,F39,2,14,14,166750,120250
2019,재활의학과,F40,10,39,39,418860,309460
2019,재활의학과,F41,356,951,951,15867030,12232930
2019,재활의학과,F42,2,2,2,26460,21060
2019,재활의학과,F43,5,8,8,122250,92750
2019,재활의학과,F44,1,1,1,197800,138500
2019,재활의학과,F45,28,50,50,738260,556360
2019,재활의학과,F48,296,397,401,9310560,6827100
2019,재활의학과,F50,2,2,2,28660,25660
2019,재활의학과,F51,374,1024,1024,15708800,12085600
2019,재활의학과,F52,7,8,8,63130,47430
2019,재활의학과,F54,1,1,1,15690,10990
2019,재활의학과,F62,1,1,1,18910,13310
2019,재활의학과,F66,1,1,1,47840,46840
2019,재활의학과,F70,1,1,1,52760,41760
2019,재활의학과,F71,1,1,1,50900,35700
2019,재활의학과,F72,4,39,39,4157490,3985260
2019,재활의학과,F73,5,103,103,4472490,3717790
2019,재활의학과,F79,25,632,631,15379100,10939100
2019,재활의학과,F80,106,232,232,3395190,2554890
2019,재활의학과,F81,4,5,5,85970,68170
2019,재활의학과,F83,1,2,2,22420,15820
2019,재활의학과,F84,117,3707,3707,162615770,127050310
2019,재활의학과,F89,12,309,309,9907080,7937770
2019,재활의학과,F90,10,59,59,1181820,1054020
2019,재활의학과,F92,9,9,9,142770,117470
2019,재활의학과,F95,3,4,4,63080,46080
2019,재활의학과,F98,1,1,1,15690,10990
2019,재활의학과,F99,1,1,1,15690,10990
2019,재활의학과,G03,3,4,4,80500,65400
2019,재활의학과,G04,7,14,34,2519190,1870600
2019,재활의학과,G05,4,11,11,888190,622290
2019,재활의학과,G11,36,1405,1404,115929920,107242550
2019,재활의학과,G12,64,679,948,59433160,48907160
2019,재활의학과,G14,146,363,363,11762240,8421840
2019,재활의학과,G20,368,5024,5397,271251120,239037390
2019,재활의학과,G21,19,209,209,11666080,10228180
2019,재활의학과,G22,13,49,49,1324190,1027190
2019,재활의학과,G23,6,20,20,1605620,1399320
2019,재활의학과,G24,265,793,793,37314370,32031670
2019,재활의학과,G25,445,1925,2036,53672760,39952280
2019,재활의학과,G30,24,348,348,16630150,14056550
2019,재활의학과,G31,946,3863,3863,121432800,97653800
2019,재활의학과,G32,5,11,11,1379990,975590
2019,재활의학과,G35,9,80,135,9618430,8478920
2019,재활의학과,G36,1,19,120,14866730,13812470
2019,재활의학과,G37,13,223,270,16082420,12463520
2019,재활의학과,G40,143,3934,4724,368612240,338858530
2019,재활의학과,G41,23,1091,1091,97071020,90351850
2019,재활의학과,G43,944,2426,2426,78198330,55980430
2019,재활의학과,G44,1977,4755,4755,182379740,130180240
2019,재활의학과,G45,28,103,167,2701040,2026470
2019,재활의학과,G46,36,334,334,11603800,9400400
2019,재활의학과,G47,1847,5512,5512,85193650,65080450
2019,재활의학과,G50,159,391,413,12153980,9124730
2019,재활의학과,G51,694,4679,4679,108195090,80195890
2019,재활의학과,G52,2,18,18,398730,292230
2019,재활의학과,G53,603,2367,2383,65455240,50060340
2019,재활의학과,G54,3396,13638,13728,951552980,678783700
2019,재활의학과,G55,731,4902,4935,199847650,145735940
2019,재활의학과,G56,14948,36976,37036,2749176070,1947623630
2019,재활의학과,G57,3243,10654,10718,449104760,321751970
2019,재활의학과,G58,1056,2530,2540,116827900,85062050
2019,재활의학과,G59,19,48,48,2502550,1815450
2019,재활의학과,G60,49,245,258,16348000,13559630
2019,재활의학과,G61,52,779,1170,63522470,54732090
2019,재활의학과,G62,609,1453,1453,145453390,105524290
2019,재활의학과,G63,865,3539,3573,195833620,145657110
2019,재활의학과,G64,312,788,788,48993100,35147400
2019,재활의학과,G70,12,49,49,2064520,1825620
2019,재활의학과,G71,90,3607,3974,246139920,221881080
2019,재활의학과,G72,18,124,124,4214100,3009800
2019,재활의학과,G73,4,13,13,293930,206330
2019,재활의학과,G80,794,33420,42049,3800674230,3344255380
2019,재활의학과,G81,1356,22937,29508,1955535960,1541791590
2019,재활의학과,G82,392,6105,7689,488005050,388303270
2019,재활의학과,G83,223,1502,1591,62816400,50444270
2019,재활의학과,G90,13,231,231,24477280,22795370
2019,재활의학과,G91,21,640,832,73446490,68762210
2019,재활의학과,G93,113,4216,4217,336657010,288106170
2019,재활의학과,G95,81,1067,1468,74205860,58599870
2019,재활의학과,G96,3,5,5,140990,103990
2019,재활의학과,G98,1,1,1,15690,10990
2019,재활의학과,G99,109,287,299,26244660,18907750
2019,재활의학과,H00,134,171,171,2647900,1926200
2019,재활의학과,H01,145,211,211,3448330,2665030
2019,재활의학과,H02,3,3,3,45050,34750
2019,재활의학과,H03,3,4,4,67020,57720
2019,재활의학과,H04,329,580,580,7819160,5898460
2019,재활의학과,H05,1,4,4,62250,50950
2019,재활의학과,H10,379,521,521,8002640,5927540
2019,재활의학과,H11,134,269,268,3833750,2744100
2019,재활의학과,H13,1,2,2,31420,22020
2019,재활의학과,H16,48,62,62,818030,627230
2019,재활의학과,H19,7,14,14,161200,113600
2019,재활의학과,H25,26,75,75,1143380,915680
2019,재활의학과,H26,7,13,13,177530,140330
2019,재활의학과,H33,1,1,1,15690,10990
2019,재활의학과,H34,1,1,1,19580,13780
2019,재활의학과,H35,5,11,11,186310,160210
2019,재활의학과,H36,16,26,26,694300,527900
2019,재활의학과,H40,32,87,87,1079910,913610
2019,재활의학과,H43,1,1,1,23440,16440
2019,재활의학과,H44,3,3,3,26900,18900
2019,재활의학과,H46,1,29,29,1131450,793250
2019,재활의학과,H47,1,1,1,15690,10990
2019,재활의학과,H49,1,1,1,11210,7910
2019,재활의학과,H51,1,1,1,22610,15910
2019,재활의학과,H52,1,1,1,15690,10990
2019,재활의학과,H53,7,7,7,127740,100340
2019,재활의학과,H54,2,5,5,319290,259380
2019,재활의학과,H57,1,1,1,13660,9660
2019,재활의학과,H60,297,477,477,8768420,6298220
2019,재활의학과,H61,49,57,57,1999200,1405700
2019,재활의학과,H62,4,8,8,232980,166380
2019,재활의학과,H65,97,172,172,2661320,1902320
2019,재활의학과,H66,145,293,293,4279770,3169970
2019,재활의학과,H69,41,46,46,818720,579720
2019,재활의학과,H70,2,2,2,34040,23840
2019,재활의학과,H72,2,3,3,42590,29890
2019,재활의학과,H73,1,4,4,65310,45910
2019,재활의학과,H74,1,1,1,15690,14190
2019,재활의학과,H81,729,1552,1551,29103100,22916700
2019,재활의학과,H82,1,2,2,31160,21960
2019,재활의학과,H83,2,2,2,35270,27970
2019,재활의학과,H90,55,55,55,2915090,2072390
2019,재활의학과,H91,23,114,114,15998490,11205890
2019,재활의학과,H92,5,6,6,119830,88630
2019,재활의학과,H93,58,86,86,2053600,1518700
2019,재활의학과,I00,15,39,39,1520450,1160350
2019,재활의학과,I10,9445,52232,52256,956857630,742304400
2019,재활의학과,I11,64,333,333,5561500,4868900
2019,재활의학과,I12,2,2,2,50730,37130
2019,재활의학과,I13,5,16,16,374750,294750
2019,재활의학과,I15,68,249,249,3597690,2806210
2019,재활의학과,I20,109,369,375,7212030,5870990
2019,재활의학과,I21,4,9,9,143220,115220
2019,재활의학과,I24,5,7,7,93930,66030
2019,재활의학과,I25,19,172,172,2039150,1581650
2019,재활의학과,I26,1,1,1,5610,4110
2019,재활의학과,I35,1,3,3,64000,50500
2019,재활의학과,I39,1,1,1,15690,10990
2019,재활의학과,I42,4,32,32,771180,670880
2019,재활의학과,I45,6,14,14,157330,129330
2019,재활의학과,I47,4,7,7,103810,82910
2019,재활의학과,I48,11,28,28,351610,291610
2019,재활의학과,I49,64,112,112,2100110,1606310
2019,재활의학과,I50,25,77,77,2503740,1981140
2019,재활의학과,I51,8,10,10,190230,142730
2019,재활의학과,I60,10,151,337,25627280,19379460
2019,재활의학과,I61,166,5301,6678,461550570,360032730
2019,재활의학과,I62,16,366,582,41387490,32168090
2019,재활의학과,I63,742,13010,20486,1384211910,1062224480
2019,재활의학과,I64,24,68,71,1707730,1259940
2019,재활의학과,I65,14,93,93,1126890,830190
2019,재활의학과,I66,6,104,104,3903910,3126910
2019,재활의학과,I67,71,843,1160,69454290,58852040
2019,재활의학과,I68,4,21,21,288030,232730
2019,재활의학과,I69,314,3768,5218,245210190,188609250
2019,재활의학과,I70,32,91,91,2278490,1663390
2019,재활의학과,I71,4,14,14,220210,187710
2019,재활의학과,I72,2,2,2,24870,19370
2019,재활의학과,I73,747,2242,2244,46820820,35574320
2019,재활의학과,I74,8,13,13,299080,259180
2019,재활의학과,I77,4,4,4,57690,40590
2019,재활의학과,I78,8,20,20,515130,369430
2019,재활의학과,I79,13,42,42,696710,497910
2019,재활의학과,I80,39,64,64,1555280,1131680
2019,재활의학과,I82,5,5,5,150640,108840
2019,재활의학과,I83,261,609,609,14605180,10640680
2019,재활의학과,I86,27,33,33,545990,413190
2019,재활의학과,I87,891,2037,2048,49443820,36786680
2019,재활의학과,I88,36,49,49,1054480,754080
2019,재활의학과,I89,177,560,584,13660380,10700860
2019,재활의학과,I95,13,18,18,523940,376140
2019,재활의학과,I97,50,245,245,3939210,3191710
2019,재활의학과,J00,5155,9052,9052,146330120,110542470
2019,재활의학과,J01,462,826,826,13004070,9349970
2019,재활의학과,J02,2643,4807,4807,81145060,61173460
2019,재활의학과,J03,5630,9711,9711,164358530,116810430
2019,재활의학과,J04,384,665,665,10299220,7969080
2019,재활의학과,J05,2,2,2,29770,24270
2019,재활의학과,J06,4781,8292,8292,135748600,102435600
2019,재활의학과,J09,7,12,12,206410,146410
2019,재활의학과,J10,189,240,240,3515450,2505850
2019,재활의학과,J11,606,777,777,15508010,11108410
2019,재활의학과,J12,2,3,3,26940,22140
2019,재활의학과,J15,458,652,651,18157430,13680930
2019,재활의학과,J16,1,1,1,25040,19840
2019,재활의학과,J17,2,2,2,52740,39140
2019,재활의학과,J18,306,588,588,10122950,7791050
2019,재활의학과,J20,8962,19858,19858,316231160,236530960
2019,재활의학과,J21,572,823,823,16875840,13276340
2019,재활의학과,J22,93,163,163,2796010,2031610
2019,재활의학과,J30,3680,6998,6998,117052940,87329760
2019,재활의학과,J31,139,165,165,3938890,2869290
2019,재활의학과,J32,178,262,262,5178010,3712610
2019,재활의학과,J33,1,1,1,55740,39040
2019,재활의학과,J34,45,52,52,865860,621960
2019,재활의학과,J35,31,38,38,762100,551000
2019,재활의학과,J36,112,193,193,2871060,2088660
2019,재활의학과,J38,14,20,20,496840,351940
2019,재활의학과,J39,227,510,510,7485440,5944640
2019,재활의학과,J40,2628,5410,5414,88758560,70756770
2019,재활의학과,J41,37,63,63,912720,714920
2019,재활의학과,J42,151,303,303,5225330,4233630
2019,재활의학과,J43,2,17,17,380350,313450
2019,재활의학과,J44,19,68,68,1024970,800670
2019,재활의학과,J45,339,865,865,13900640,10979540
2019,재활의학과,J46,3,20,20,484170,341270
2019,재활의학과,J47,7,32,32,827350,631850
2019,재활의학과,J84,5,64,64,1011510,914310
2019,재활의학과,J86,1,1,1,13670,9570
2019,재활의학과,J90,3,5,5,188510,138910
2019,재활의학과,J91,1,1,1,26310,18510
2019,재활의학과,J93,17,27,27,647760,454860
2019,재활의학과,J95,1,2,2,59500,44000
2019,재활의학과,J98,11,14,14,466410,344910
2019,재활의학과,K02,1,1,1,15690,10990
2019,재활의학과,K04,3,7,7,92080,70280
2019,재활의학과,K05,205,333,333,4913510,3862110
2019,재활의학과,K06,1,1,1,15690,10990
2019,재활의학과,K07,1171,2638,2638,62386460,45319360
2019,재활의학과,K08,21,25,25,395560,291360
2019,재활의학과,K09,4,5,5,171510,120310
2019,재활의학과,K10,35,96,96,3312220,2332920
2019,재활의학과,K11,25,31,31,541690,384390
2019,재활의학과,K12,239,367,367,7046140,5205200
2019,재활의학과,K13,5,7,7,102310,75110
2019,재활의학과,K14,10,19,19,267630,215430
2019,재활의학과,K20,4,4,4,70540,52740
2019,재활의학과,K21,3169,6731,6731,177333090,130375290
2019,재활의학과,K23,1,1,1,11210,7910
2019,재활의학과,K25,358,619,619,18973860,13715260
2019,재활의학과,K26,62,116,116,4498560,3266860
2019,재활의학과,K27,590,1447,1447,38115430,28574530
2019,재활의학과,K28,23,26,26,338300,258900
2019,재활의학과,K29,11854,29430,29430,778683980,568150380
2019,재활의학과,K30,973,1953,1953,49106920,36163720
2019,재활의학과,K31,4,32,32,559440,409140
2019,재활의학과,K35,4,7,7,118920,83420
2019,재활의학과,K36,1,2,2,29570,20770
2019,재활의학과,K37,5,5,5,73380,53380
2019,재활의학과,K38,4,9,9,134150,97450
2019,재활의학과,K40,15,16,16,246880,194580
2019,재활의학과,K41,1,1,1,11210,9710
2019,재활의학과,K43,2,2,2,31380,21980
2019,재활의학과,K46,11,17,17,297190,223590
2019,재활의학과,K50,14,53,53,1018300,861200
2019,재활의학과,K51,8,19,19,504680,437680
2019,재활의학과,K52,657,1132,1132,17614560,13664360
2019,재활의학과,K55,1,1,1,11210,7910
2019,재활의학과,K56,5,7,7,180560,126560
2019,재활의학과,K57,1,1,1,0,0
2019,재활의학과,K58,923,2019,2019,62864490,44575070
2019,재활의학과,K59,1176,2112,2118,33552400,25933970
2019,재활의학과,K60,4,4,4,52350,44650
2019,재활의학과,K61,4,34,34,720590,583790
2019,재활의학과,K62,3,3,3,47070,32970
2019,재활의학과,K63,77,81,81,40584520,28415620
2019,재활의학과,K64,74,146,146,2486990,1917090
2019,재활의학과,K66,1,1,29,1840670,1359480
2019,재활의학과,K70,35,78,78,1161130,832530
2019,재활의학과,K72,1,1,1,15800,14300
2019,재활의학과,K73,42,125,125,2401530,1746430
2019,재활의학과,K74,12,33,33,900240,683140
2019,재활의학과,K75,113,218,226,6862150,4853670
2019,재활의학과,K76,414,689,689,23996510,17138610
2019,재활의학과,K80,20,56,56,994570,720070
2019,재활의학과,K81,9,12,12,257210,189710
2019,재활의학과,K82,12,22,22,514710,377510
2019,재활의학과,K83,1,1,1,17620,12420
2019,재활의학과,K85,1,1,1,27360,19160
2019,재활의학과,K86,4,6,6,303110,216010
2019,재활의학과,K91,2,3,3,43750,36050
2019,재활의학과,K92,25,46,46,757190,622790
2019,재활의학과,L01,29,91,91,2251600,1998700
2019,재활의학과,L02,658,1383,1383,26401180,20006120
2019,재활의학과,L03,4654,9930,9972,220819800,162514850
2019,재활의학과,L04,1438,2262,2262,37325270,27382570
2019,재활의학과,L05,48,91,91,1557090,1196890
2019,재활의학과,L08,325,617,617,11532870,8761770
2019,재활의학과,L13,20,31,31,507960,361360
2019,재활의학과,L20,295,715,715,15404100,11179360
2019,재활의학과,L21,203,339,339,5650460,4300960
2019,재활의학과,L22,4,5,5,42220,34620
2019,재활의학과,L23,1848,3408,3408,52487900,41332600
2019,재활의학과,L24,652,1088,1088,18400140,13922350
2019,재활의학과,L25,418,725,725,12431280,9424780
2019,재활의학과,L26,1,1,1,11210,7910
2019,재활의학과,L27,7,31,31,95360,70460
2019,재활의학과,L28,45,75,75,1205740,930740
2019,재활의학과,L29,364,802,802,14462750,11357470
2019,재활의학과,L30,782,1409,1409,24791630,19015350
2019,재활의학과,L40,69,146,146,3081930,2212190
2019,재활의학과,L42,2,4,4,44840,31640
2019,재활의학과,L43,1,1,1,11210,7910
2019,재활의학과,L50,1186,2151,2151,45662430,33625630
2019,재활의학과,L51,1,1,1,11210,9710
2019,재활의학과,L52,2,3,3,45450,38250
2019,재활의학과,L53,2,2,2,45640,35940
2019,재활의학과,L55,5,9,9,281250,198250
2019,재활의학과,L56,1,1,1,16030,11230
2019,재활의학과,L57,1,1,1,11210,9710
2019,재활의학과,L60,973,2390,2390,64699800,46872960
2019,재활의학과,L63,30,77,77,2351720,1653620
2019,재활의학과,L64,17,27,27,377470,265070
2019,재활의학과,L65,39,69,69,1092790,785390
2019,재활의학과,L66,5,11,11,149600,105200
2019,재활의학과,L70,69,138,138,1886170,1359470
2019,재활의학과,L72,62,106,106,3047050,2226370
2019,재활의학과,L73,7,107,107,1455810,1022410
2019,재활의학과,L80,2,4,4,299180,199740
2019,재활의학과,L81,5,6,6,179650,129850
2019,재활의학과,L82,3,3,3,38110,30010
2019,재활의학과,L84,299,558,558,23862580,17065430
2019,재활의학과,L85,40,80,80,1420100,1084500
2019,재활의학과,L89,64,311,311,7820090,6238490
2019,재활의학과,L90,7,13,44,3329920,2855380
2019,재활의학과,L91,2,2,2,54370,38170
2019,재활의학과,L92,1,1,1,65190,45690
2019,재활의학과,L93,1,1,1,59090,41390
2019,재활의학과,L94,4,4,4,62760,47160
2019,재활의학과,L95,7,10,10,183300,140100
2019,재활의학과,L98,12,17,17,329530,238230
2019,재활의학과,L99,1,1,1,32580,22880
2019,재활의학과,M00,69,435,520,15772900,12088910
2019,재활의학과,M02,355,1017,1017,24158720,17827220
2019,재활의학과,M05,456,4235,4237,126009580,111786920
2019,재활의학과,M06,943,3827,3827,96309830,71526130
2019,재활의학과,M07,35,85,85,2043490,1695290
2019,재활의학과,M08,7,86,86,1151360,1004160
2019,재활의학과,M09,3,4,4,73220,51420
2019,재활의학과,M10,4518,14090,14094,292060740,211913490
2019,재활의학과,M11,4,17,17,303890,227290
2019,재활의학과,M12,2737,8577,8597,283030430,204566120
2019,재활의학과,M13,26668,99690,99883,3030356040,2224313910
2019,재활의학과,M14,262,3732,3732,121259820,92024920
2019,재활의학과,M15,2274,9664,9664,230507980,174110200
2019,재활의학과,M16,2361,10700,11159,316651070,235119920
2019,재활의학과,M17,126876,718116,728897,26424283010,19480706080
2019,재활의학과,M18,179,671,671,19400090,13982690
2019,재활의학과,M19,27550,99932,100375,2825920090,2074688220
2019,재활의학과,M20,1055,2236,2568,79792800,57703830
2019,재활의학과,M21,4139,10627,10863,233488870,174064470
2019,재활의학과,M22,3744,10297,10913,299885260,215434630
2019,재활의학과,M23,4499,18039,20459,643693080,469114970
2019,재활의학과,M24,9473,49306,50232,1248003090,919951570
2019,재활의학과,M25,47131,169039,169231,4967620390,3624646690
2019,재활의학과,M30,6,111,131,5357320,4721700
2019,재활의학과,M32,32,324,324,10073710,8829110
2019,재활의학과,M33,5,15,15,250300,205300
2019,재활의학과,M34,5,38,38,856710,773310
2019,재활의학과,M35,43,366,366,12434330,10974030
2019,재활의학과,M36,2,6,6,119480,98480
2019,재활의학과,M40,1268,6506,6520,142560860,104091150
2019,재활의학과,M41,4809,27059,27149,644605820,460982580
2019,재활의학과,M43,7505,35304,35716,1408397380,1041363280
2019,재활의학과,M45,284,2345,2467,75932110,65014610
2019,재활의학과,M46,957,6950,7186,241750140,181330200
2019,재활의학과,M47,60998,362318,363961,16598576070,12183626000
2019,재활의학과,M48,50012,348303,350799,14151137710,10686785440
2019,재활의학과,M49,658,5899,5899,159059870,121362170
2019,재활의학과,M50,52713,280435,282690,11337194910,8216863210
2019,재활의학과,M51,95410,571863,579931,22480844040,16483225480
2019,재활의학과,M53,20919,87895,87941,3625249350,2601676760
2019,재활의학과,M54,269327,1259349,1260329,48708485690,35289828440
2019,재활의학과,M60,150,341,341,10397590,7362630
2019,재활의학과,M61,173,820,820,27253240,19222140
2019,재활의학과,M62,14889,52036,52056,1517177550,1100003470
2019,재활의학과,M65,39468,123032,123156,3205115030,2315668350
2019,재활의학과,M66,948,2869,2889,81403040,59191370
2019,재활의학과,M67,3483,8087,8122,223588380,160265130
2019,재활의학과,M70,4921,14854,14854,371766540,268611440
2019,재활의학과,M71,2666,7068,7111,214317270,154024620
2019,재활의학과,M72,14861,53834,53859,1213944430,874698280
2019,재활의학과,M73,4,8,8,208650,157050
2019,재활의학과,M75,112096,526374,528611,17581413920,12703473140
2019,재활의학과,M76,13782,41504,41635,1063667560,759942110
2019,재활의학과,M77,54202,203131,203508,5500195730,3920492830
2019,재활의학과,M79,82033,285319,285448,7273189270,5305344360
2019,재활의학과,M80,399,2779,2779,77752800,61395800
2019,재활의학과,M81,9810,33713,33713,1547939610,1133835310
2019,재활의학과,M82,9,23,23,376790,299790
2019,재활의학과,M83,24,78,78,1497080,1236780
2019,재활의학과,M84,111,495,544,14339920,10450300
2019,재활의학과,M85,39,102,102,2676250,1920850
2019,재활의학과,M86,8,43,43,723190,559890
2019,재활의학과,M87,133,736,1010,37199950,27343180
2019,재활의학과,M88,1,2,2,371310,334310
2019,재활의학과,M89,263,1027,1170,43093360,33238380
2019,재활의학과,M90,2,3,3,126150,90950
2019,재활의학과,M91,7,26,26,511800,402100
2019,재활의학과,M92,679,1994,1994,45192150,32183650
2019,재활의학과,M93,64,208,247,7630980,5510750
2019,재활의학과,M94,793,3076,3121,89198060,63712780
2019,재활의학과,M95,215,353,352,6024900,5614980
2019,재활의학과,M96,901,5983,6031,271314630,202937660
2019,재활의학과,M99,2674,15521,15752,437517940,329125410
2019,재활의학과,N02,3,4,4,146500,102700
2019,재활의학과,N03,1,1,1,0,0
2019,재활의학과,N04,1,1,1,19580,13780
2019,재활의학과,N05,2,2,2,31690,22290
2019,재활의학과,N06,1,1,1,39110,27410
2019,재활의학과,N10,39,53,53,1065870,787070
2019,재활의학과,N12,9,16,16,368900,258900
2019,재활의학과,N13,2,6,6,89340,80340
2019,재활의학과,N17,2,16,16,424930,301430
2019,재활의학과,N18,32,245,256,9289100,8062890
2019,재활의학과,N19,3,3,3,95640,70540
2019,재활의학과,N20,14,17,17,743400,527100
2019,재활의학과,N21,15,26,26,596370,428970
2019,재활의학과,N22,1,1,1,15690,10990
2019,재활의학과,N28,9,10,10,174980,132580
2019,재활의학과,N29,1,1,1,15760,14260
2019,재활의학과,N30,780,1366,1366,22174970,16869790
2019,재활의학과,N31,132,364,364,5845770,4828570
2019,재활의학과,N32,13,29,29,492090,401490
2019,재활의학과,N34,37,80,80,1243570,953370
2019,재활의학과,N39,70,167,167,2957030,2432430
2019,재활의학과,N40,739,2401,2401,35019010,28271710
2019,재활의학과,N41,16,39,39,550000,399800
2019,재활의학과,N42,15,45,45,922770,691670
2019,재활의학과,N45,6,8,8,111590,84490
2019,재활의학과,N46,5,10,10,496670,348370
2019,재활의학과,N48,115,156,156,2409300,1968500
2019,재활의학과,N49,1,1,1,19580,13780
2019,재활의학과,N50,4,4,4,53800,42800
2019,재활의학과,N51,3,3,3,22420,19420
2019,재활의학과,N60,1,1,1,15690,10990
2019,재활의학과,N62,1,1,1,11210,9710
2019,재활의학과,N63,1,2,2,30170,25470
2019,재활의학과,N64,6,7,7,126050,95850
2019,재활의학과,N71,2,2,2,22420,17620
2019,재활의학과,N72,3,8,8,101750,71550
2019,재활의학과,N73,3,3,3,66980,50380
2019,재활의학과,N74,1,3,3,56880,40080
2019,재활의학과,N75,3,7,7,158750,111450
2019,재활의학과,N76,26,30,30,556680,409380
2019,재활의학과,N77,3,4,4,51410,38810
2019,재활의학과,N80,6,21,21,503740,357840
2019,재활의학과,N81,1,1,1,16890,11890
2019,재활의학과,N83,6,16,16,382410,271710
2019,재활의학과,N91,1,4,4,123380,86480
2019,재활의학과,N92,2,3,3,158680,111180
2019,재활의학과,N93,2,4,4,128950,90550
2019,재활의학과,N94,119,195,195,3746030,2630390
2019,재활의학과,N95,226,580,580,10949070,8018270
2019,재활의학과,N97,4,20,20,242260,170160
2019,재활의학과,O00,1,1,1,15690,10990
2019,재활의학과,O02,1,1,1,11210,7910
2019,재활의학과,O21,1,1,1,15690,10990
2019,재활의학과,O71,1,4,4,415240,290940
2019,재활의학과,O91,1,1,1,15690,10990
2019,재활의학과,P07,20,425,425,40375990,37524720
2019,재활의학과,P10,1,27,27,772840,734740
2019,재활의학과,P11,1,1,1,48500,34000
2019,재활의학과,P14,1,17,17,306970,215370
2019,재활의학과,P21,1,43,43,2749720,2515320
2019,재활의학과,P22,135,5416,6749,592144990,549476010
2019,재활의학과,P27,2,73,73,5578160,4041860
2019,재활의학과,P52,6,218,218,29076110,28219420
2019,재활의학과,P90,1,1,1,15690,10990
2019,재활의학과,P91,26,580,580,39135510,35572760
2019,재활의학과,P94,17,177,266,21782690,19747640
2019,재활의학과,Q01,1,2,2,906480,634680
2019,재활의학과,Q02,3,81,81,7513420,6762420
2019,재활의학과,Q03,3,47,47,3323570,3073290
2019,재활의학과,Q04,18,1068,1128,84726810,76599580
2019,재활의학과,Q05,18,768,768,32459380,30121180
2019,재활의학과,Q06,4,81,81,4906520,4415020
2019,재활의학과,Q07,9,486,486,28019920,26570620
2019,재활의학과,Q13,1,1,1,16600,13200
2019,재활의학과,Q15,1,113,113,5281290,4177090
2019,재활의학과,Q17,2,27,27,1088750,1029750
2019,재활의학과,Q18,2,2,2,59080,41480
2019,재활의학과,Q21,5,68,68,2260020,2092220
2019,재활의학과,Q22,2,230,230,17358610,16077640
2019,재활의학과,Q23,6,254,254,15220390,13908610
2019,재활의학과,Q24,1,10,10,594430,535630
2019,재활의학과,Q25,2,44,44,888650,800550
2019,재활의학과,Q27,3,7,7,157130,112130
2019,재활의학과,Q28,5,71,71,5228950,3664850
2019,재활의학과,Q31,1,36,181,34308180,32151650
2019,재활의학과,Q35,1,11,11,204010,161910
2019,재활의학과,Q38,2,3,3,48710,34310
2019,재활의학과,Q39,1,10,10,600370,541370
2019,재활의학과,Q43,1,61,61,3885270,3500570
2019,재활의학과,Q44,1,1,1,11210,7910
2019,재활의학과,Q45,1,1,1,15690,10990
2019,재활의학과,Q53,1,1,1,20490,16190
2019,재활의학과,Q61,1,1,1,15690,10990
2019,재활의학과,Q65,29,68,68,1326590,1072490
2019,재활의학과,Q66,293,699,720,19590000,14434860
2019,재활의학과,Q67,25,32,32,659170,494670
2019,재활의학과,Q68,113,629,629,10958750,9537150
2019,재활의학과,Q70,2,2,2,73590,56790
2019,재활의학과,Q71,2,2,2,56410,39610
2019,재활의학과,Q72,3,10,10,282650,209850
2019,재활의학과,Q73,1,5,5,99020,69520
2019,재활의학과,Q74,34,120,120,3182220,2560220
2019,재활의학과,Q75,14,311,311,6761590,6069750
2019,재활의학과,Q76,11,54,54,1047210,737410
2019,재활의학과,Q77,7,299,299,17131960,15675750
2019,재활의학과,Q78,13,85,85,3864920,3684520
2019,재활의학과,Q79,8,189,189,8223370,7452640
2019,재활의학과,Q81,1,13,13,255070,179070
2019,재활의학과,Q82,4,7,7,119500,85700
2019,재활의학과,Q84,2,2,2,40980,32380
2019,재활의학과,Q85,17,688,688,37893330,35054780
2019,재활의학과,Q87,51,2566,2611,187578160,172577240
2019,재활의학과,Q89,1,3,3,42590,29890
2019,재활의학과,Q90,45,1536,1536,89557670,82546840
2019,재활의학과,Q92,1,95,95,6348630,5719630
2019,재활의학과,Q93,40,1603,1648,105606410,97171110
2019,재활의학과,Q96,1,119,119,4137180,3729780
2019,재활의학과,Q99,7,249,249,11350110,10142710
2019,재활의학과,R00,36,48,47,1625960,1211600
2019,재활의학과,R01,1,1,1,11210,7910
2019,재활의학과,R03,23,24,24,437410,322410
2019,재활의학과,R04,19,23,23,546360,398360
2019,재활의학과,R05,247,339,339,9433290,6747230
2019,재활의학과,R06,128,137,137,3220010,2427410
2019,재활의학과,R07,549,709,709,18618240,13580240
2019,재활의학과,R09,5,15,15,223280,186080
2019,재활의학과,R10,512,638,638,11966600,8868200
2019,재활의학과,R11,280,404,404,7791400,5975800
2019,재활의학과,R12,163,401,401,12721560,9088760
2019,재활의학과,R13,31,815,987,61403090,54752060
2019,재활의학과,R14,4,8,8,191660,134560
2019,재활의학과,R15,1,1,1,19580,13780
2019,재활의학과,R17,2,3,3,141180,98980
2019,재활의학과,R18,1,1,1,11210,9710
2019,재활의학과,R19,4,12,12,143480,119080
2019,재활의학과,R20,71,100,100,5017640,3571040
2019,재활의학과,R21,5,5,5,69480,56480
2019,재활의학과,R22,119,160,177,5884840,4699860
2019,재활의학과,R23,8,55,55,5254670,5153070
2019,재활의학과,R25,307,532,532,31203660,22341260
2019,재활의학과,R26,932,3155,3588,138309950,107932560
2019,재활의학과,R27,7,34,34,1164520,822620
2019,재활의학과,R29,463,748,748,32520190,24758380
2019,재활의학과,R30,5,12,12,269540,210640
2019,재활의학과,R31,12,14,14,326680,229280
2019,재활의학과,R32,34,126,126,3421270,2637170
2019,재활의학과,R35,42,122,122,1805570,1483970
2019,재활의학과,R39,7,17,17,367690,278790
2019,재활의학과,R40,1,2,2,16360,13360
2019,재활의학과,R41,55,124,124,2259500,1870200
2019,재활의학과,R42,733,1392,1392,36025520,26930520
2019,재활의학과,R43,3,12,12,352870,247470
2019,재활의학과,R44,1,1,1,144950,101550
2019,재활의학과,R45,10,43,43,520370,433170
2019,재활의학과,R47,662,12697,12697,161773860,128670360
2019,재활의학과,R48,1,8,8,109700,77000
2019,재활의학과,R49,1,1,1,15690,10990
2019,재활의학과,R50,58,73,76,1700350,1241340
2019,재활의학과,R51,1231,3471,3510,115588650,82882810
2019,재활의학과,R52,156,453,464,11958630,8558020
2019,재활의학과,R53,142,252,252,4373200,3312900
2019,재활의학과,R54,1,2,2,26900,23900
2019,재활의학과,R55,9,9,9,237100,166200
2019,재활의학과,R56,19,68,68,706660,531360
2019,재활의학과,R57,7,9,9,233290,187090
2019,재활의학과,R58,1,2,2,26900,23900
2019,재활의학과,R59,16,31,31,551200,394000
2019,재활의학과,R60,391,889,889,20542750,15060910
2019,재활의학과,R61,5,5,5,357470,252170
2019,재활의학과,R62,2101,64026,69997,4478828620,3989634800
2019,재활의학과,R63,153,235,235,5581390,4233550
2019,재활의학과,R68,25,25,25,446260,312960
2019,재활의학과,R69,2,2,2,50330,35330
2019,재활의학과,R73,166,254,252,5392130,4115640
2019,재활의학과,R76,8,8,8,461980,222090
2019,재활의학과,R78,1,1,1,19580,13780
2019,재활의학과,R79,1,8,8,215190,151190
2019,재활의학과,R80,11,13,13,349240,245140
2019,재활의학과,R81,15,32,32,896870,670770
2019,재활의학과,R91,3,6,6,444350,314450
2019,재활의학과,R94,25,39,39,1448670,1006430
2019,재활의학과,S00,2476,3556,3573,88082930,64479560
2019,재활의학과,S01,1471,3192,3192,75142230,55848090
2019,재활의학과,S02,298,645,661,19479970,14010850
2019,재활의학과,S03,583,1171,1171,31957700,23357700
2019,재활의학과,S04,32,214,214,5339410,4072610
2019,재활의학과,S05,21,26,26,556080,432880
2019,재활의학과,S06,170,951,1362,85848560,66965520
2019,재활의학과,S07,29,66,66,1606420,1210620
2019,재활의학과,S08,3,7,7,132860,100660
2019,재활의학과,S09,129,206,206,5946940,4314390
2019,재활의학과,S10,57,129,129,3223880,2326680
2019,재활의학과,S11,51,144,144,3078560,2226470
2019,재활의학과,S12,27,122,190,8446630,6178070
2019,재활의학과,S13,34571,117821,118322,3465168670,2462417350
2019,재활의학과,S14,173,1426,1750,85340770,62584190
2019,재활의학과,S15,2,3,3,54870,38470
2019,재활의학과,S16,2,2,2,37420,26220
2019,재활의학과,S19,3,11,11,209010,146710
2019,재활의학과,S20,2557,4412,4412,124083200,90234070
2019,재활의학과,S21,129,397,397,8129200,6353790
2019,재활의학과,S22,3754,11490,12574,419088160,309612180
2019,재활의학과,S23,14636,28595,28736,883697260,637220260
2019,재활의학과,S24,11,86,235,10252670,7632420
2019,재활의학과,S25,1,1,1,15690,14190
2019,재활의학과,S27,1,3,3,54320,38220
2019,재활의학과,S29,11,25,25,488710,369310
2019,재활의학과,S30,1179,2644,2658,68723640,50311550
2019,재활의학과,S31,222,588,588,12066850,9537460
2019,재활의학과,S32,1555,6024,7711,309359770,230163830
2019,재활의학과,S33,76839,266582,268584,8680358930,6214671540
2019,재활의학과,S34,98,558,611,33637570,24191210
2019,재활의학과,S35,3,4,4,266890,186990
2019,재활의학과,S36,1,1,2,80520,60790
2019,재활의학과,S37,3,6,6,137300,96400
2019,재활의학과,S39,63,174,253,10133530,7453540
2019,재활의학과,S40,1129,3373,3394,93971070,68643400
2019,재활의학과,S41,199,544,558,12901500,9792150
2019,재활의학과,S42,1008,5699,6036,157937230,117457000
2019,재활의학과,S43,22218,83359,83680,2293158040,1647616440
2019,재활의학과,S44,713,2679,2691,101882000,72795530
2019,재활의학과,S45,4,6,6,125620,93920
2019,재활의학과,S46,12487,60400,61350,1753516920,1265946260
2019,재활의학과,S48,4,8,8,107600,95600
2019,재활의학과,S49,240,752,768,23847090,17403500
2019,재활의학과,S50,1782,3641,3651,100062300,72077510
2019,재활의학과,S51,528,1483,1498,37220130,27440160
2019,재활의학과,S52,2348,12600,12867,383734520,281275590
2019,재활의학과,S53,10995,36164,36250,890103010,636675850
2019,재활의학과,S54,577,1795,1795,74646870,52776170
2019,재활의학과,S55,13,31,31,840840,617440
2019,재활의학과,S56,1147,4514,4586,106141560,75455650
2019,재활의학과,S57,8,50,50,1485120,1052520
2019,재활의학과,S58,33,64,64,1027240,780240
2019,재활의학과,S59,33,111,111,3128430,2372430
2019,재활의학과,S60,5866,10591,10604,317691820,226555790
2019,재활의학과,S61,4812,12465,12465,306963140,221663170
2019,재활의학과,S62,4399,15308,15364,481812660,343833420
2019,재활의학과,S63,46771,111210,111249,3112571990,2214349950
2019,재활의학과,S64,231,649,649,32228990,22781990
2019,재활의학과,S65,31,81,94,3384250,2467850
2019,재활의학과,S66,2432,8011,8011,209891380,150417530
2019,재활의학과,S67,110,330,337,10237290,7298080
2019,재활의학과,S68,54,191,215,4835780,3603870
2019,재활의학과,S69,296,734,734,22959800,16253500
2019,재활의학과,S70,1731,4079,4090,105252010,77374540
2019,재활의학과,S71,241,617,617,13231200,9608300
2019,재활의학과,S72,381,2730,4168,156551110,117748220
2019,재활의학과,S73,4518,12904,12930,333580690,241419560
2019,재활의학과,S74,114,1009,1009,42312290,29849490
2019,재활의학과,S75,5,10,10,253590,177890
2019,재활의학과,S76,3661,12263,12546,301019690,215067680
2019,재활의학과,S77,3,5,5,187400,131500
2019,재활의학과,S78,41,64,64,1111590,830890
2019,재활의학과,S79,28,61,61,1598700,1139900
2019,재활의학과,S80,6645,15194,15225,407163590,294511300
2019,재활의학과,S81,1557,4746,4746,111333490,81900780
2019,재활의학과,S82,2375,12592,15127,506397690,370132040
2019,재활의학과,S83,30116,106112,109039,2684781370,1937244310
2019,재활의학과,S84,293,1225,1225,53992680,38937080
2019,재활의학과,S85,23,81,81,2429140,1756140
2019,재활의학과,S86,4283,17068,17327,405290400,290052150
2019,재활의학과,S87,77,264,264,9471460,6766860
2019,재활의학과,S88,75,143,143,2276330,1751030
2019,재활의학과,S89,119,362,371,9917100,7036090
2019,재활의학과,S90,5507,9697,9747,281921470,202533630
2019,재활의학과,S91,1650,4377,4377,101887460,75207390
2019,재활의학과,S92,5480,20093,21096,769074030,550416700
2019,재활의학과,S93,68459,190418,191765,5331495820,3793888010
2019,재활의학과,S94,74,274,299,15172230,10978340
2019,재활의학과,S95,7,11,11,334020,234420
2019,재활의학과,S96,3018,9429,9515,243339430,174963560
2019,재활의학과,S97,30,60,60,1743090,1313490
2019,재활의학과,S98,10,18,18,281980,215280
2019,재활의학과,S99,452,1176,1176,34653960,24827660
2019,재활의학과,T00,98,215,215,5750160,4152960
2019,재활의학과,T01,37,86,86,1993020,1477620
2019,재활의학과,T02,4,14,14,244130,176130
2019,재활의학과,T03,10,35,35,601370,452770
2019,재활의학과,T04,1,1,1,46840,32840
2019,재활의학과,T05,1,1,1,60640,42540
2019,재활의학과,T06,2,5,5,99410,74810
2019,재활의학과,T08,59,402,447,16344650,12425010
2019,재활의학과,T09,76,154,154,3645910,2663810
2019,재활의학과,T10,4,5,5,150740,107340
2019,재활의학과,T11,24,70,70,1585930,1143230
2019,재활의학과,T12,4,19,19,580960,407960
2019,재활의학과,T13,70,183,183,4032740,3005140
2019,재활의학과,T14,940,2236,2250,52542180,37908910
2019,재활의학과,T15,1,1,1,25360,17760
2019,재활의학과,T16,20,20,20,503570,367270
2019,재활의학과,T17,27,27,27,925250,658550
2019,재활의학과,T18,9,10,10,227110,169510
2019,재활의학과,T20,30,73,73,3305380,2314270
2019,재활의학과,T21,51,155,155,4924810,3493560
2019,재활의학과,T22,116,414,414,14898350,10644110
2019,재활의학과,T23,330,833,896,40935720,30203210
2019,재활의학과,T24,100,541,541,18619280,13499600
2019,재활의학과,T25,79,275,275,10367930,7340800
2019,재활의학과,T28,1,2,2,22420,15820
2019,재활의학과,T29,2,3,3,88760,62260
2019,재활의학과,T30,155,460,460,13186730,9826290
2019,재활의학과,T31,4,7,7,272180,190880
2019,재활의학과,T33,6,7,7,121500,87000
2019,재활의학과,T35,2,2,2,35880,27680
2019,재활의학과,T50,2,14,14,185450,133080
2019,재활의학과,T56,3,3,3,142320,101220
2019,재활의학과,T58,1,1,1,15690,10990
2019,재활의학과,T60,1,2,2,80660,58660
2019,재활의학과,T67,20,33,33,807880,582680
2019,재활의학과,T69,3,3,3,60060,42060
2019,재활의학과,T70,3,3,3,42700,30000
2019,재활의학과,T73,48,68,68,1038520,743220
2019,재활의학과,T75,2,9,9,406600,285100
2019,재활의학과,T78,30,51,51,1023420,751420
2019,재활의학과,T79,30,55,76,2896950,2144700
2019,재활의학과,T80,2,3,3,46480,32680
2019,재활의학과,T81,15,28,28,561450,401450
2019,재활의학과,T84,12,52,99,4260810,3191340
2019,재활의학과,T85,1,6,6,172210,128010
2019,재활의학과,T87,5,19,19,425050,343750
2019,재활의학과,T90,4,114,172,15595310,13410650
2019,재활의학과,T91,67,359,405,19018230,14655380
2019,재활의학과,T92,65,343,369,9948900,7372180
2019,재활의학과,T93,80,405,405,8820950,6519350
2019,재활의학과,T95,7,31,34,1390250,1037460
2019,재활의학과,Z00,90,100,100,2015860,1440460
2019,재활의학과,Z01,17,17,17,191810,137810
2019,재활의학과,Z03,1,1,1,14770,10370
2019,재활의학과,Z04,70,94,94,3395740,2457840
2019,재활의학과,Z09,6,13,13,264330,185830
2019,재활의학과,Z11,11,11,11,246460,177360
2019,재활의학과,Z12,1,1,1,35130,24630
2019,재활의학과,Z13,1,24,24,2754350,2616710
2019,재활의학과,Z20,3,3,3,112190,78690
2019,재활의학과,Z23,7,7,7,347470,250170
2019,재활의학과,Z24,5,5,5,0,0
2019,재활의학과,Z25,66,152,152,2676120,2149420
2019,재활의학과,Z26,34,54,54,755320,562120
2019,재활의학과,Z27,1,1,1,0,0
2019,재활의학과,Z29,19,21,21,464780,342480
2019,재활의학과,Z30,2,2,2,30790,21690
2019,재활의학과,Z31,1,1,1,11210,7910
2019,재활의학과,Z32,1,1,1,15690,10990
2019,재활의학과,Z33,1,1,1,15690,10990
2019,재활의학과,Z34,728,728,728,17170400,15464800
2019,재활의학과,Z35,1,1,1,15690,10990
2019,재활의학과,Z47,20,165,165,2817810,2134010
2019,재활의학과,Z48,408,947,947,20253610,14718110
2019,재활의학과,Z50,4,21,21,359850,295550
2019,재활의학과,Z51,1,1,1,20070,14070
2019,재활의학과,Z54,50,468,468,7568310,5819510
2019,재활의학과,Z57,3,3,3,58490,41190
2019,재활의학과,Z64,1,1,1,15690,10990
2019,재활의학과,Z70,4,4,4,66650,49950
2019,재활의학과,Z71,119,126,126,2818940,2065270
2019,재활의학과,Z73,1,1,1,13310,9410
2019,재활의학과,Z75,1,1,1,19580,13780
2019,재활의학과,Z82,1,1,1,15690,14190
2019,재활의학과,Z83,1,1,1,73670,51570
2019,재활의학과,Z85,1,1,1,21170,14870
2019,재활의학과,Z89,1,2,2,26900,18900
2019,재활의학과,Z92,1,1,1,21830,15330
2019,재활의학과,Z93,3,53,53,534110,465410
2019,재활의학과,Z94,3,51,51,1140100,802500
2019,재활의학과,Z96,51,300,300,6055880,4890880
2019,재활의학과,Z98,488,2030,2090,40980020,30302120
2019,핵의학과,C16,3,3,3,1969590,1870490
2019,핵의학과,C18,2,5,5,1827280,1732880
2019,핵의학과,C19,1,1,1,976950,928150
2019,핵의학과,C20,7,7,7,6425130,6142630
2019,핵의학과,C23,1,1,1,976950,928150
2019,핵의학과,C24,1,1,1,976950,928150
2019,핵의학과,C25,1,1,1,15690,14190
2019,핵의학과,C34,10,10,10,9150390,8343790
2019,핵의학과,C50,713,921,921,423381470,394615870
2019,핵의학과,C53,10,20,20,5805950,5238350
2019,핵의학과,C54,11,11,11,9712650,9227350
2019,핵의학과,C56,6,8,8,6566080,6075080
2019,핵의학과,C61,8,8,8,2159010,2051210
2019,핵의학과,C73,360,1387,1411,89676940,70841010
2019,핵의학과,C77,15,40,40,6755760,6111060
2019,핵의학과,C78,11,50,50,7207830,6730930
2019,핵의학과,C79,7,16,16,4257050,3597350
2019,핵의학과,C82,1,1,1,911080,865580
2019,핵의학과,C83,1,2,2,1018830,968030
2019,핵의학과,D05,157,179,179,85773240,80739740
2019,핵의학과,D37,1,1,1,976950,928150
2019,핵의학과,D39,3,3,3,2724090,2587990
2019,핵의학과,E03,23,67,67,2863460,2052860
2019,핵의학과,E04,13,18,18,1001160,730760
2019,핵의학과,E05,14,65,65,3435400,2438300
2019,핵의학과,E06,18,54,54,2152750,1539750
2019,핵의학과,E11,2,5,5,226610,166110
2019,핵의학과,E89,1,4,4,236630,221730
2019,핵의학과,G43,1,1,1,15780,11080
2019,핵의학과,G44,1,1,1,22650,18150
2019,핵의학과,I10,15,52,52,685790,502810
2019,핵의학과,J02,15,22,22,569440,402840
2019,핵의학과,J03,18,25,25,847590,600990
2019,핵의학과,J04,2,3,3,67770,47670
2019,핵의학과,J06,2,9,9,167470,117570
2019,핵의학과,J15,1,1,1,15690,10990
2019,핵의학과,J30,2,2,2,31460,22060
2019,핵의학과,J31,1,1,1,18110,16310
2019,핵의학과,K22,1,3,3,57650,40450
2019,핵의학과,K29,3,6,6,80700,56700
2019,핵의학과,K52,1,1,1,12970,9170
2019,핵의학과,K76,2,3,3,71500,51600
2019,핵의학과,L08,1,12,12,211790,181790
2019,핵의학과,L29,1,18,18,274110,242710
2019,핵의학과,M54,1,13,13,304110,247710
2019,핵의학과,N50,1,1,1,15690,10990
2019,핵의학과,N95,5,10,10,220440,188040
2019,핵의학과,R59,1,2,2,45300,31800
2019,핵의학과,Z02,1,2,2,0,0
2019,핵의학과,Z10,2,2,2,0,0
2019,가정의학과,A00,2,2,2,30800,24000
2019,가정의학과,A02,12,50,50,651080,466680
2019,가정의학과,A04,21363,30396,30396,834109140,597448390
2019,가정의학과,A05,2612,3534,3536,65652080,47885240
2019,가정의학과,A06,16,24,24,477590,345590
2019,가정의학과,A07,1,1,1,11210,7910
2019,가정의학과,A08,17806,26162,26162,403791320,300108840
2019,가정의학과,A09,138846,199317,199318,3238518040,2390292070
2019,가정의학과,A15,23,153,153,2554840,2325040
2019,가정의학과,A16,26,109,109,2361240,1961640
2019,가정의학과,A18,5,7,7,208560,146260
2019,가정의학과,A26,5,8,8,123220,90320
2019,가정의학과,A28,2,2,2,49520,34720
2019,가정의학과,A30,1,2,2,26900,23900
2019,가정의학과,A31,21,51,51,646840,464040
2019,가정의학과,A35,32,32,32,1346090,964390
2019,가정의학과,A37,2,2,2,31220,21920
2019,가정의학과,A38,60,119,119,1776450,1331880
2019,가정의학과,A40,1,1,1,11210,9710
2019,가정의학과,A41,32,46,46,1679010,1184110
2019,가정의학과,A42,1,2,2,24880,21880
2019,가정의학과,A46,32,81,81,1346410,1033310
2019,가정의학과,A48,6,6,6,109180,76780
2019,가정의학과,A49,541,724,724,12471630,9082230
2019,가정의학과,A51,8,8,8,240150,169850
2019,가정의학과,A53,17,31,31,1180070,925570
2019,가정의학과,A54,70,107,107,2959790,2124990
2019,가정의학과,A55,1,1,1,13670,9570
2019,가정의학과,A56,48,68,68,2364960,1662560
2019,가정의학과,A57,1,2,2,30790,27390
2019,가정의학과,A58,1,2,2,113780,79780
2019,가정의학과,A59,118,190,190,2974320,2169820
2019,가정의학과,A60,715,1295,1295,18960220,14314020
2019,가정의학과,A63,13,31,31,1140240,799540
2019,가정의학과,A64,32,49,49,2919450,2047850
2019,가정의학과,A67,1,2,2,59720,41820
2019,가정의학과,A69,589,815,815,12568880,9569880
2019,가정의학과,A71,3,3,3,44670,31370
2019,가정의학과,A74,19,33,33,382550,282350
2019,가정의학과,A75,35,93,93,2371740,1789440
2019,가정의학과,A79,3,6,6,117090,95190
2019,가정의학과,A87,36,45,45,726440,527440
2019,가정의학과,A88,116,176,176,2674610,2045510
2019,가정의학과,A93,1,1,1,11210,7910
2019,가정의학과,B00,31473,44673,44673,677319200,504498340
2019,가정의학과,B01,2107,4182,4182,57284300,41628300
2019,가정의학과,B02,24148,51643,51642,854739110,645180530
2019,가정의학과,B05,14,14,14,374330,270930
2019,가정의학과,B07,2536,4476,4476,179452590,127317870
2019,가정의학과,B08,10149,18236,18236,282348280,219297850
2019,가정의학과,B09,246,356,356,5197750,4028950
2019,가정의학과,B15,117,179,179,7297570,5062990
2019,가정의학과,B16,79,96,96,7322930,5486830
2019,가정의학과,B17,797,1213,1212,61025230,43152210
2019,가정의학과,B18,2873,9384,9383,474810040,338196890
2019,가정의학과,B19,71,103,103,4888270,3457770
2019,가정의학과,B24,1,1,1,50810,35610
2019,가정의학과,B25,1,26,26,295940,208740
2019,가정의학과,B26,261,426,426,7579060,5512960
2019,가정의학과,B27,2,4,4,101920,71620
2019,가정의학과,B30,797,1022,1022,15649300,11961900
2019,가정의학과,B33,291,378,378,6526530,4920830
2019,가정의학과,B34,508,881,880,12589390,9669990
2019,가정의학과,B35,64883,133334,133332,1958588780,1474551460
2019,가정의학과,B36,1001,1376,1376,21080450,15527650
2019,가정의학과,B37,2434,3513,3513,57592600,43532410
2019,가정의학과,B43,113,175,175,4876990,3499390
2019,가정의학과,B44,3,22,22,89400,64700
2019,가정의학과,B45,1,1,1,12970,11470
2019,가정의학과,B46,1,1,1,15690,10990
2019,가정의학과,B47,1,3,3,43800,30800
2019,가정의학과,B48,122,157,157,2626380,1960080
2019,가정의학과,B49,28,34,34,613640,458540
2019,가정의학과,B53,1,1,1,19580,13780
2019,가정의학과,B54,18,19,19,273090,191790
2019,가정의학과,B56,2,2,2,26900,18900
2019,가정의학과,B64,1,1,1,13660,12160
2019,가정의학과,B66,41,52,52,1332530,956930
2019,가정의학과,B68,5,7,7,94120,66120
2019,가정의학과,B69,4,4,4,62760,43960
2019,가정의학과,B80,18,18,18,275130,211230
2019,가정의학과,B81,1,5,5,70470,49770
2019,가정의학과,B82,9,9,9,145520,110020
2019,가정의학과,B83,18,21,21,333120,248820
2019,가정의학과,B85,241,274,274,3651970,2701970
2019,가정의학과,B86,586,713,713,9246410,6936810
2019,가정의학과,B88,237,290,290,14900340,10655020
2019,가정의학과,B89,14,15,15,206550,147950
2019,가정의학과,B90,6,6,6,159710,112110
2019,가정의학과,B96,3,3,3,47070,32970
2019,가정의학과,B97,1,1,1,16600,13200
2019,가정의학과,B98,57,71,71,991020,712020
2019,가정의학과,C00,1,2,2,90360,85960
2019,가정의학과,C01,2,11,11,184560,171860
2019,가정의학과,C02,8,44,44,984350,928850
2019,가정의학과,C03,1,13,13,368160,350460
2019,가정의학과,C05,6,16,16,638440,535480
2019,가정의학과,C06,2,2,2,31380,28380
2019,가정의학과,C07,3,3,3,95010,85610
2019,가정의학과,C08,3,16,16,226330,215730
2019,가정의학과,C09,14,123,123,3018950,2843230
2019,가정의학과,C10,3,35,35,827340,787640
2019,가정의학과,C11,11,36,36,1026010,976910
2019,가정의학과,C13,3,17,17,406830,387430
2019,가정의학과,C14,3,26,26,385060,364360
2019,가정의학과,C15,43,180,180,4604630,4270330
2019,가정의학과,C16,500,3056,3056,77848710,72682640
2019,가정의학과,C17,14,80,80,2166890,1910290
2019,가정의학과,C18,284,2186,2186,57468300,53556910
2019,가정의학과,C19,19,124,124,2895670,2755570
2019,가정의학과,C20,136,1183,1182,29893340,28359470
2019,가정의학과,C21,5,10,10,166130,149330
2019,가정의학과,C22,240,1414,1414,40740570,38298120
2019,가정의학과,C23,22,168,168,4410300,4083680
2019,가정의학과,C24,88,661,661,16714600,15793380
2019,가정의학과,C25,195,1984,1984,53816040,50389250
2019,가정의학과,C26,16,82,82,1744780,1547070
2019,가정의학과,C30,4,50,50,1143700,1089000
2019,가정의학과,C31,4,54,54,1213410,1150810
2019,가정의학과,C32,14,105,105,2355110,2243010
2019,가정의학과,C34,429,3900,3900,88029990,82791090
2019,가정의학과,C37,6,65,65,1798360,1694160
2019,가정의학과,C38,5,29,29,594070,544970
2019,가정의학과,C39,4,30,30,469320,447420
2019,가정의학과,C40,2,7,7,131290,125190
2019,가정의학과,C41,7,99,99,2370130,2257530
2019,가정의학과,C43,22,104,104,3184380,2966580
2019,가정의학과,C44,51,402,402,8500610,7972890
2019,가정의학과,C45,1,1,1,19580,18680
2019,가정의학과,C46,7,25,25,373420,356220
2019,가정의학과,C47,2,15,15,280920,238320
2019,가정의학과,C48,13,153,153,4156290,3956490
2019,가정의학과,C49,23,134,134,3522980,3289980
2019,가정의학과,C50,679,6065,6065,168496600,154489000
2019,가정의학과,C52,3,10,10,407860,345660
2019,가정의학과,C53,63,428,428,10418950,9775550
2019,가정의학과,C54,56,560,560,14304440,13556910
2019,가정의학과,C55,9,38,38,692750,640450
2019,가정의학과,C56,112,1592,1592,40218980,37913540
2019,가정의학과,C57,17,167,167,2728220,2596920
2019,가정의학과,C61,239,1637,1637,42247440,39392020
2019,가정의학과,C62,1,2,2,41500,39500
2019,가정의학과,C63,2,7,7,126570,119770
2019,가정의학과,C64,75,611,611,17234470,15932120
2019,가정의학과,C65,8,145,145,3709060,3531460
2019,가정의학과,C66,7,38,38,1240560,1107510
2019,가정의학과,C67,84,673,673,15226590,14271990
2019,가정의학과,C68,2,3,3,58400,55700
2019,가정의학과,C69,1,5,5,187950,178850
2019,가정의학과,C70,3,18,18,523400,498400
2019,가정의학과,C71,51,511,511,12757540,12110170
2019,가정의학과,C72,9,23,23,906380,712990
2019,가정의학과,C73,393,2084,2084,60053410,54925490
2019,가정의학과,C74,2,6,6,73690,70390
2019,가정의학과,C75,6,20,20,324560,272660
2019,가정의학과,C76,6,14,14,525680,422690
2019,가정의학과,C77,13,56,56,1698560,1586960
2019,가정의학과,C78,57,411,411,11232600,10612940
2019,가정의학과,C79,19,136,136,5150580,4893680
2019,가정의학과,C80,13,67,67,1351590,1250390
2019,가정의학과,C81,6,15,15,336880,321080
2019,가정의학과,C82,10,23,23,410020,336730
2019,가정의학과,C83,32,222,222,9241050,8751750
2019,가정의학과,C84,1,4,4,55570,52970
2019,가정의학과,C85,39,286,286,6898690,6515330
2019,가정의학과,C86,4,4,4,54680,52180
2019,가정의학과,C88,6,130,130,2866110,2686830
2019,가정의학과,C90,35,165,165,5328550,5066550
2019,가정의학과,C91,15,120,120,3237580,3028590
2019,가정의학과,C92,35,387,387,8139790,7734790
2019,가정의학과,C93,1,1,1,17920,17120
2019,가정의학과,C94,9,62,62,1212060,1153260
2019,가정의학과,C95,13,83,83,2072940,1907460
2019,가정의학과,C96,8,27,27,544440,519040
2019,가정의학과,D00,11,23,23,531540,502540
2019,가정의학과,D01,30,430,430,8881990,8411310
2019,가정의학과,D02,5,7,7,118170,103870
2019,가정의학과,D03,16,29,29,844070,701770
2019,가정의학과,D04,9,37,37,946530,824130
2019,가정의학과,D05,34,221,221,4587630,4022050
2019,가정의학과,D06,17,42,42,1856030,1710670
2019,가정의학과,D07,8,61,61,988100,910800
2019,가정의학과,D09,24,160,160,4059840,3683980
2019,가정의학과,D10,67,97,97,3974170,2882770
2019,가정의학과,D11,17,23,23,340910,250210
2019,가정의학과,D12,557,678,678,166400770,115899000
2019,가정의학과,D13,115,192,191,8919120,6372000
2019,가정의학과,D14,25,33,33,545780,426280
2019,가정의학과,D15,3,4,4,53210,39310
2019,가정의학과,D16,11,15,15,234250,177750
2019,가정의학과,D17,1719,3368,3368,210796960,151560860
2019,가정의학과,D18,123,149,149,7161830,5126120
2019,가정의학과,D19,2,6,6,331900,232500
2019,가정의학과,D20,2,3,3,45860,39660
2019,가정의학과,D21,493,1202,1202,55496680,40349060
2019,가정의학과,D22,91,119,119,2604080,1909280
2019,가정의학과,D23,1538,2898,2898,157480190,113216010
2019,가정의학과,D24,176,224,224,7252490,5160000
2019,가정의학과,D25,65,79,79,1694180,1225180
2019,가정의학과,D26,15,17,17,266870,194570
2019,가정의학과,D27,18,21,21,606250,441750
2019,가정의학과,D28,2,2,2,53330,37430
2019,가정의학과,D29,64,171,171,2557520,2032720
2019,가정의학과,D30,43,47,47,3678240,2563160
2019,가정의학과,D31,5,6,6,683140,479940
2019,가정의학과,D32,39,179,178,5166350,4907150
2019,가정의학과,D33,35,128,128,4556890,4266690
2019,가정의학과,D34,353,445,445,14711160,10571360
2019,가정의학과,D35,48,134,134,4503940,3866540
2019,가정의학과,D36,159,228,228,13681150,9766150
2019,가정의학과,D37,38,74,74,3988410,3427910
2019,가정의학과,D38,18,33,33,562150,496050
2019,가정의학과,D39,3,4,3,100470,88670
2019,가정의학과,D40,6,7,7,90700,75700
2019,가정의학과,D41,13,37,36,800710,642210
2019,가정의학과,D42,3,3,3,64690,56790
2019,가정의학과,D43,11,43,43,631440,587940
2019,가정의학과,D44,72,193,193,4268180,3297380
2019,가정의학과,D45,4,8,8,164940,139940
2019,가정의학과,D46,10,138,138,2606280,2469980
2019,가정의학과,D47,19,40,40,896080,804480
2019,가정의학과,D48,48,91,91,2650330,2183630
2019,가정의학과,D50,12741,23440,23436,702173000,502643910
2019,가정의학과,D51,137,473,473,8128800,6389700
2019,가정의학과,D52,43,104,104,1401790,1078790
2019,가정의학과,D53,72,154,154,3482950,2532250
2019,가정의학과,D55,2,9,9,219490,173190
2019,가정의학과,D56,4,5,5,114710,80510
2019,가정의학과,D58,1,1,1,14480,14480
2019,가정의학과,D59,2,2,2,26340,20840
2019,가정의학과,D60,1,1,1,34380,33380
2019,가정의학과,D61,5,9,9,275720,216820
2019,가정의학과,D62,5,21,21,304730,218630
2019,가정의학과,D63,30,86,86,1341880,1004280
2019,가정의학과,D64,4927,6800,6800,312021960,222796980
2019,가정의학과,D66,2,87,87,551870,498570
2019,가정의학과,D67,1,2,2,162980,146780
2019,가정의학과,D68,14,220,220,2269640,1777740
2019,가정의학과,D69,466,762,762,17493340,12885240
2019,가정의학과,D70,6,13,13,218200,171400
2019,가정의학과,D72,206,366,366,9299150,6777650
2019,가정의학과,D73,7,11,11,692400,521900
2019,가정의학과,D75,28,42,42,1371960,991260
2019,가정의학과,D80,4,26,26,2608320,2297220
2019,가정의학과,D82,2,2,2,47060,33060
2019,가정의학과,D84,4,12,12,195740,154840
2019,가정의학과,D86,2,5,5,69360,62660
2019,가정의학과,D89,5,5,5,101190,74190
2019,가정의학과,E00,4,4,4,61730,43430
2019,가정의학과,E01,7,11,11,480680,344280
2019,가정의학과,E02,48,92,92,3335720,2388420
2019,가정의학과,E03,12767,44444,44441,1229020980,885671400
2019,가정의학과,E04,557,860,860,34985210,24871130
2019,가정의학과,E05,3337,12049,12052,395838190,282171000
2019,가정의학과,E06,475,1083,1083,40536840,28812240
2019,가정의학과,E07,2776,3945,3945,216649120,153037350
2019,가정의학과,E10,1115,5221,5221,100337820,77062910
2019,가정의학과,E11,91616,640582,640549,13346046430,10392088410
2019,가정의학과,E12,34,152,152,3406550,2441650
2019,가정의학과,E13,1603,8452,8452,179231680,137897660
2019,가정의학과,E14,8047,44935,44935,1015434620,777541710
2019,가정의학과,E15,1,1,1,20660,14560
2019,가정의학과,E16,409,655,654,10796030,8624990
2019,가정의학과,E20,15,41,41,777280,555780
2019,가정의학과,E21,12,20,20,799920,582020
2019,가정의학과,E22,69,195,195,5329760,3860860
2019,가정의학과,E23,74,380,380,5917850,4527450
2019,가정의학과,E24,22,38,38,1330430,1070230
2019,가정의학과,E25,2,2,2,45710,32010
2019,가정의학과,E26,3,5,5,197850,140450
2019,가정의학과,E27,299,899,899,38437080,27749680
2019,가정의학과,E28,97,220,220,5549660,3881030
2019,가정의학과,E29,53,143,143,4200640,3144740
2019,가정의학과,E30,334,1111,1110,17733150,12559350
2019,가정의학과,E32,3,9,9,256670,196570
2019,가정의학과,E34,219,345,345,5234450,3863450
2019,가정의학과,E35,18,33,33,1095420,789020
2019,가정의학과,E41,35,83,83,642480,529780
2019,가정의학과,E44,64,93,93,1307940,960840
2019,가정의학과,E46,51,86,86,1885930,1449630
2019,가정의학과,E50,759,1389,1389,20951320,16458320
2019,가정의학과,E51,8,10,10,127230,98230
2019,가정의학과,E53,69,113,113,1686700,1281900
2019,가정의학과,E54,3,3,3,58880,44980
2019,가정의학과,E55,7194,11056,11056,227905330,164781970
2019,가정의학과,E56,122,183,183,5018790,3682890
2019,가정의학과,E58,179,424,424,6575730,5209430
2019,가정의학과,E59,22,34,34,3580840,2515840
2019,가정의학과,E60,1,1,1,210920,137360
2019,가정의학과,E61,346,487,487,9260400,6903300
2019,가정의학과,E63,335,527,527,19817680,15796580
2019,가정의학과,E64,11,16,16,211930,162830
2019,가정의학과,E65,4,4,4,66210,46410
2019,가정의학과,E66,459,804,804,12124010,8544710
2019,가정의학과,E67,3,3,3,52060,36660
2019,가정의학과,E70,1,1,1,15690,10990
2019,가정의학과,E72,1,1,1,59800,41900
2019,가정의학과,E73,3,3,3,61960,52960
2019,가정의학과,E74,52,93,93,1487610,1110110
2019,가정의학과,E75,18,31,31,797030,587630
2019,가정의학과,E78,67531,226254,226234,4565920790,3348631470
2019,가정의학과,E79,224,418,418,11906080,8228020
2019,가정의학과,E80,26,32,32,619160,443360
2019,가정의학과,E83,790,1392,1392,24799370,18471770
2019,가정의학과,E84,3,3,3,42590,32090
2019,가정의학과,E85,3,7,7,102950,92450
2019,가정의학과,E86,1425,2008,2008,48115600,36808500
2019,가정의학과,E87,1089,2288,2288,131121420,104166520
2019,가정의학과,E88,54,89,89,2689970,2003670
2019,가정의학과,E89,241,730,730,15244470,11104070
2019,가정의학과,F00,6516,43943,43935,700151390,554238550
2019,가정의학과,F01,601,2623,2623,73722430,59654130
2019,가정의학과,F02,99,227,227,5673020,4221320
2019,가정의학과,F03,382,1232,1231,39238870,31979170
2019,가정의학과,F04,1,1,1,11210,9710
2019,가정의학과,F05,24,36,36,267980,216880
2019,가정의학과,F06,10682,31314,31313,479634770,400126190
2019,가정의학과,F07,106,426,426,3984130,3156130
2019,가정의학과,F09,23,79,79,991150,822650
2019,가정의학과,F10,97,166,166,2517090,1851490
2019,가정의학과,F11,1,1,1,15690,10990
2019,가정의학과,F13,1,1,1,15690,10990
2019,가정의학과,F17,109,223,223,3269270,2378770
2019,가정의학과,F18,1,1,1,15690,14190
2019,가정의학과,F19,1,1,1,15690,10990
2019,가정의학과,F20,140,562,562,5477900,4585600
2019,가정의학과,F21,3,19,19,244160,219860
2019,가정의학과,F22,4,5,5,58310,44210
2019,가정의학과,F23,8,35,35,372700,277600
2019,가정의학과,F25,9,19,19,229370,190170
2019,가정의학과,F29,6,17,17,263020,215720
2019,가정의학과,F30,14,52,52,662440,504440
2019,가정의학과,F31,352,1301,1301,11215580,8767780
2019,가정의학과,F32,4183,12712,12711,187110820,145918020
2019,가정의학과,F33,456,1477,1477,19413840,15453030
2019,가정의학과,F34,170,458,458,7747410,5962410
2019,가정의학과,F38,283,623,623,9250480,7118180
2019,가정의학과,F39,341,766,766,11441510,8944610
2019,가정의학과,F40,383,876,876,13736840,10520540
2019,가정의학과,F41,14746,35763,35763,522197050,407771510
2019,가정의학과,F42,27,82,82,1328440,1001940
2019,가정의학과,F43,1233,2018,2018,31474470,23477540
2019,가정의학과,F44,3,7,7,99950,73550
2019,가정의학과,F45,1799,3512,3512,64096530,48930730
2019,가정의학과,F48,1612,2950,2950,62941640,47268640
2019,가정의학과,F50,350,1072,1072,57915290,46281390
2019,가정의학과,F51,14628,44909,44908,617139620,477260840
2019,가정의학과,F52,30,36,36,417790,322690
2019,가정의학과,F53,1,1,1,15690,10990
2019,가정의학과,F54,83,116,116,1633090,1285290
2019,가정의학과,F55,3,3,3,33630,29130
2019,가정의학과,F59,18,28,28,356220,250620
2019,가정의학과,F60,5,7,7,99070,77570
2019,가정의학과,F63,5,6,6,91250,64150
2019,가정의학과,F64,3,22,22,272170,192070
2019,가정의학과,F66,14,25,25,270640,190440
2019,가정의학과,F68,1,1,1,15690,10990
2019,가정의학과,F70,1,1,1,15690,14690
2019,가정의학과,F79,1,1,1,15690,10990
2019,가정의학과,F80,64,70,70,1166530,908430
2019,가정의학과,F81,4,4,4,60870,48770
2019,가정의학과,F82,3,3,3,48890,37390
2019,가정의학과,F84,33,46,46,755700,564300
2019,가정의학과,F88,1,1,1,14480,14480
2019,가정의학과,F89,6,6,6,100400,82200
2019,가정의학과,F90,70,196,196,2719940,1931940
2019,가정의학과,F91,6,6,6,131050,91850
2019,가정의학과,F92,32,150,150,1954490,1698190
2019,가정의학과,F93,4,4,4,52680,38680
2019,가정의학과,F94,1,1,1,11790,9390
2019,가정의학과,F95,46,61,61,993840,726240
2019,가정의학과,F98,37,65,65,897900,649000
2019,가정의학과,F99,1,1,1,15690,10990
2019,가정의학과,G00,1,2,2,35430,24930
2019,가정의학과,G03,26,33,33,889110,653610
2019,가정의학과,G04,6,7,7,106850,76750
2019,가정의학과,G05,19,29,29,443590,332890
2019,가정의학과,G10,1,2,2,30170,25470
2019,가정의학과,G11,10,34,34,1202610,1067010
2019,가정의학과,G12,11,73,73,1193860,1093960
2019,가정의학과,G13,2,2,2,31380,28880
2019,가정의학과,G14,3,30,30,1903110,1510110
2019,가정의학과,G20,527,2736,2736,65827810,57852950
2019,가정의학과,G21,56,195,195,2456790,2037690
2019,가정의학과,G22,35,99,99,1319790,1101690
2019,가정의학과,G23,101,324,324,4530090,3863690
2019,가정의학과,G24,621,820,819,13217800,9743400
2019,가정의학과,G25,1755,4079,4078,64999120,51190300
2019,가정의학과,G26,3,5,5,70920,57520
2019,가정의학과,G30,317,1105,1105,19109250,15242850
2019,가정의학과,G31,11693,34370,34370,520876850,430591160
2019,가정의학과,G32,21,66,66,993060,809160
2019,가정의학과,G35,9,22,22,775740,686440
2019,가정의학과,G36,3,14,14,717790,629630
2019,가정의학과,G37,1,6,6,81580,57380
2019,가정의학과,G40,538,1861,1861,23887680,18673720
2019,가정의학과,G41,180,481,481,7350400,5853300
2019,가정의학과,G43,17145,33676,33676,594787690,432874490
2019,가정의학과,G44,14502,22740,22757,577339420,423352510
2019,가정의학과,G45,260,800,800,12217660,9951660
2019,가정의학과,G46,51,250,250,4165440,3449140
2019,가정의학과,G47,33316,98801,98801,1390318070,1066199930
2019,가정의학과,G50,1332,2255,2255,39623390,30759890
2019,가정의학과,G51,519,1245,1245,24157990,17980190
2019,가정의학과,G52,39,50,50,1041270,760770
2019,가정의학과,G53,5587,15581,15581,246972980,195988580
2019,가정의학과,G54,232,459,459,22991400,16519900
2019,가정의학과,G55,332,984,984,37379420,27597920
2019,가정의학과,G56,1608,3674,3674,110272710,80195700
2019,가정의학과,G57,1775,4136,4136,221218250,158310050
2019,가정의학과,G58,2047,3884,3884,238703750,171859650
2019,가정의학과,G59,52,154,154,2633120,2093820
2019,가정의학과,G60,4,57,57,999770,898470
2019,가정의학과,G61,9,26,26,474670,397770
2019,가정의학과,G62,245,851,851,13284750,11383950
2019,가정의학과,G63,538,1696,1696,29637150,23668450
2019,가정의학과,G64,462,844,844,12507890,9998590
2019,가정의학과,G70,32,87,87,1760060,1409660
2019,가정의학과,G71,12,59,59,1092250,891350
2019,가정의학과,G72,8,9,9,143470,108970
2019,가정의학과,G73,1,2,2,22420,15820
2019,가정의학과,G80,12,59,59,930110,696210
2019,가정의학과,G81,38,113,113,7134180,5762980
2019,가정의학과,G82,8,42,42,1683970,1335270
2019,가정의학과,G83,17,28,28,395290,323290
2019,가정의학과,G90,684,947,947,23112030,17004130
2019,가정의학과,G91,13,41,41,489860,377760
2019,가정의학과,G93,204,301,301,6210960,4571160
2019,가정의학과,G94,1,5,5,117000,90700
2019,가정의학과,G95,37,102,102,1739480,1429180
2019,가정의학과,G96,6,8,8,102950,82450
2019,가정의학과,G97,1,1,1,15630,14130
2019,가정의학과,G98,10,12,12,183890,151790
2019,가정의학과,G99,105,144,144,2025400,1536600
2019,가정의학과,H00,13598,17032,17032,279920150,202252250
2019,가정의학과,H01,4326,5111,5111,77930630,58135130
2019,가정의학과,H02,425,819,819,18531750,14473750
2019,가정의학과,H03,22,24,24,518940,376040
2019,가정의학과,H04,9519,15312,15312,219742230,168963840
2019,가정의학과,H05,166,191,191,3250520,2360720
2019,가정의학과,H06,4,4,4,48260,36660
2019,가정의학과,H10,36040,45867,45866,693440970,526671970
2019,가정의학과,H11,2359,3577,3577,52722940,39988140
2019,가정의학과,H13,17,21,21,294700,227700
2019,가정의학과,H15,50,67,67,1102130,846130
2019,가정의학과,H16,3030,4265,4265,64172040,49773480
2019,가정의학과,H17,3,5,5,72290,55790
2019,가정의학과,H18,27,38,38,562850,448550
2019,가정의학과,H19,271,375,375,5413530,4161630
2019,가정의학과,H20,36,57,57,1089900,777480
2019,가정의학과,H21,6,6,6,142850,103350
2019,가정의학과,H25,1401,2804,2804,39754730,33886530
2019,가정의학과,H26,216,359,359,5024510,4222910
2019,가정의학과,H27,3,3,3,38110,30010
2019,가정의학과,H28,14,30,30,450210,376110
2019,가정의학과,H30,4,11,11,182210,150910
2019,가정의학과,H33,8,16,16,217230,162430
2019,가정의학과,H34,42,91,91,1204420,1024020
2019,가정의학과,H35,92,286,286,5924110,5042710
2019,가정의학과,H36,432,1280,1280,19009340,15622340
2019,가정의학과,H40,744,1621,1621,22104290,18102890
2019,가정의학과,H42,32,86,86,1105110,930010
2019,가정의학과,H43,11,11,11,153720,123620
2019,가정의학과,H44,35,40,40,604790,451890
2019,가정의학과,H45,2,2,2,49070,34370
2019,가정의학과,H46,1,1,1,11210,9710
2019,가정의학과,H47,3,3,3,88980,64280
2019,가정의학과,H49,4,14,14,176430,153630
2019,가정의학과,H50,33,39,39,590680,482180
2019,가정의학과,H51,2,4,4,51770,45770
2019,가정의학과,H52,24,26,26,398650,294750
2019,가정의학과,H53,86,106,106,1784320,1346920
2019,가정의학과,H54,58,62,62,975720,761420
2019,가정의학과,H55,2,2,2,27810,21110
2019,가정의학과,H57,142,178,178,2970920,2186720
2019,가정의학과,H59,3,3,3,49950,40750
2019,가정의학과,H60,16340,24585,24585,386899680,287929940
2019,가정의학과,H61,2293,3067,3067,82169690,61115890
2019,가정의학과,H62,254,498,498,8245740,6328740
2019,가정의학과,H65,9373,28244,28244,406489250,310821950
2019,가정의학과,H66,27534,67054,67054,966495350,742954290
2019,가정의학과,H67,169,369,369,5470830,4246430
2019,가정의학과,H68,422,517,517,9249550,6699650
2019,가정의학과,H69,396,581,581,8226020,6163720
2019,가정의학과,H70,25,42,42,581770,454070
2019,가정의학과,H71,6,8,8,113750,83450
2019,가정의학과,H72,76,114,114,1952370,1467270
2019,가정의학과,H73,721,1444,1444,26957460,20413260
2019,가정의학과,H74,1,1,1,11210,7910
2019,가정의학과,H81,22561,38979,38980,650831640,505343940
2019,가정의학과,H82,367,570,570,10107960,7718960
2019,가정의학과,H83,72,121,121,1804120,1413220
2019,가정의학과,H90,118,143,143,3725380,2918880
2019,가정의학과,H91,323,416,416,7022440,5530120
2019,가정의학과,H92,701,819,819,12720150,9495950
2019,가정의학과,H93,1876,2970,2970,47991730,37187370
2019,가정의학과,I00,11,68,68,1072490,797090
2019,가정의학과,I01,3,4,4,49320,38320
2019,가정의학과,I05,8,37,37,370320,269720
2019,가정의학과,I07,1,1,1,16600,15000
2019,가정의학과,I08,19,43,43,997990,747790
2019,가정의학과,I09,1,1,1,16600,13200
2019,가정의학과,I10,288451,2003950,2003858,34999457760,27461423220
2019,가정의학과,I11,2880,19661,19661,355024530,286384520
2019,가정의학과,I12,182,638,638,14975700,11380300
2019,가정의학과,I13,581,4224,4224,86017580,67759480
2019,가정의학과,I15,51,238,238,4044190,3122690
2019,가정의학과,I20,3604,9865,9865,194689920,153500820
2019,가정의학과,I21,112,337,337,6650380,5252480
2019,가정의학과,I22,10,36,36,737170,570870
2019,가정의학과,I23,9,52,52,1031500,941000
2019,가정의학과,I24,59,143,143,2351690,1881490
2019,가정의학과,I25,477,1716,1716,36635200,28460780
2019,가정의학과,I26,13,18,18,249270,191370
2019,가정의학과,I27,5,11,11,154340,134440
2019,가정의학과,I30,2,2,2,453820,365120
2019,가정의학과,I31,5,16,16,496970,379470
2019,가정의학과,I34,14,28,28,1465020,1025660
2019,가정의학과,I35,17,55,55,1289950,1012550
2019,가정의학과,I37,1,1,1,13320,9420
2019,가정의학과,I38,2,2,2,26900,23900
2019,가정의학과,I39,8,8,8,413530,306130
2019,가정의학과,I40,2,2,2,44470,34370
2019,가정의학과,I41,3,3,3,48500,34100
2019,가정의학과,I42,44,147,147,5366510,4704310
2019,가정의학과,I43,1,3,3,40130,35630
2019,가정의학과,I44,280,431,431,11453050,8485450
2019,가정의학과,I45,282,476,476,12587590,9407390
2019,가정의학과,I47,564,970,969,19501400,14509300
2019,가정의학과,I48,462,1381,1380,26383490,20726290
2019,가정의학과,I49,2105,3575,3574,78186170,59010710
2019,가정의학과,I50,1005,3079,3078,56900470,45675650
2019,가정의학과,I51,229,417,417,9499030,7359430
2019,가정의학과,I60,8,10,10,222480,159680
2019,가정의학과,I61,28,107,107,5844270,4630370
2019,가정의학과,I63,1496,5882,5881,113019020,92283640
2019,가정의학과,I64,54,159,159,3265780,2683380
2019,가정의학과,I65,422,1231,1231,42805330,30658970
2019,가정의학과,I66,32,124,124,1842020,1502320
2019,가정의학과,I67,955,2814,2814,44973640,37126660
2019,가정의학과,I68,177,979,979,18486460,15483360
2019,가정의학과,I69,761,2551,2551,66078540,53832440
2019,가정의학과,I70,880,2296,2296,42668750,32775330
2019,가정의학과,I71,21,117,117,2408180,2001280
2019,가정의학과,I72,6,6,6,79490,60190
2019,가정의학과,I73,10288,21402,21402,338476400,264549000
2019,가정의학과,I74,225,697,697,13788200,10856200
2019,가정의학과,I77,6,14,14,195270,159970
2019,가정의학과,I78,79,133,133,1779050,1389150
2019,가정의학과,I79,33,69,69,1039510,794710
2019,가정의학과,I80,365,653,653,9973110,7858370
2019,가정의학과,I81,1,1,1,11210,7910
2019,가정의학과,I82,56,121,121,1899400,1495600
2019,가정의학과,I83,1578,3193,3193,47666620,36756420
2019,가정의학과,I85,3,4,4,177420,124320
2019,가정의학과,I86,70,109,109,1522350,1152450
2019,가정의학과,I87,5368,12148,12147,172839480,129934980
2019,가정의학과,I88,611,804,804,12786400,9274900
2019,가정의학과,I89,1258,3351,3351,51736160,37749780
2019,가정의학과,I95,910,1196,1196,27424950,20322120
2019,가정의학과,I97,15,25,25,368630,284830
2019,가정의학과,I98,7,8,8,121990,94390
2019,가정의학과,I99,44,147,147,2783120,2191920
2019,가정의학과,J00,138946,249127,249127,3805691890,2853877150
2019,가정의학과,J01,69528,145428,145426,2157824100,1610168320
2019,가정의학과,J02,157806,284981,284980,4347493590,3219875860
2019,가정의학과,J03,195696,375160,375159,5751635650,4257348710
2019,가정의학과,J04,69966,134821,134821,2077223520,1556998870
2019,가정의학과,J05,283,458,458,7520400,5791100
2019,가정의학과,J06,189369,338216,338213,5187971810,3866457760
2019,가정의학과,J09,3892,6818,6818,103099700,74131100
2019,가정의학과,J10,33180,50911,50913,749584870,540214440
2019,가정의학과,J11,23388,35090,35090,529884830,382768580
2019,가정의학과,J12,217,390,390,6644770,4939370
2019,가정의학과,J13,2,3,3,57170,43170
2019,가정의학과,J14,3,3,3,43260,30460
2019,가정의학과,J15,6533,14438,14437,310872800,239002910
2019,가정의학과,J16,951,3260,3260,52933240,43484840
2019,가정의학과,J17,53,104,104,2034840,1565940
2019,가정의학과,J18,15239,29898,29898,500997050,381435460
2019,가정의학과,J20,770007,1830656,1830637,27445612850,20586031610
2019,가정의학과,J21,41783,99231,99230,1585297840,1187714040
2019,가정의학과,J22,36545,73685,73685,1096508940,823337340
2019,가정의학과,J30,233107,469368,469361,7121767440,5320415360
2019,가정의학과,J31,5926,11081,11081,164338830,121178440
2019,가정의학과,J32,15407,33583,33583,479344170,355371980
2019,가정의학과,J33,39,97,97,1458240,1057940
2019,가정의학과,J34,2691,3962,3962,73098080,54200380
2019,가정의학과,J35,7917,14253,14253,212551160,156299400
2019,가정의학과,J36,29598,51999,51999,800523300,589186200
2019,가정의학과,J37,483,709,709,10945780,8295180
2019,가정의학과,J38,317,486,486,12163560,8660960
2019,가정의학과,J39,14948,30288,30288,469101430,343516730
2019,가정의학과,J40,56183,113092,113091,1756364990,1328158040
2019,가정의학과,J41,9668,19789,19789,300817310,231859870
2019,가정의학과,J42,7172,15998,15998,235846290,189779190
2019,가정의학과,J43,47,172,172,2695150,2328850
2019,가정의학과,J44,1700,5273,5272,86827690,71125590
2019,가정의학과,J45,34808,94373,94372,1564182160,1210273740
2019,가정의학과,J46,475,1801,1801,29128680,22929480
2019,가정의학과,J47,321,1037,1037,15599910,12347410
2019,가정의학과,J60,4,5,5,75340,54840
2019,가정의학과,J61,1,1,1,15690,14190
2019,가정의학과,J62,1,2,2,31380,28380
2019,가정의학과,J64,13,60,60,1395310,1084610
2019,가정의학과,J68,5,5,5,74410,52110
2019,가정의학과,J69,13,48,48,3394390,2660090
2019,가정의학과,J70,2,2,2,39160,27560
2019,가정의학과,J80,6,6,6,111550,84750
2019,가정의학과,J81,9,24,24,645550,540950
2019,가정의학과,J82,2,4,4,285750,200250
2019,가정의학과,J84,56,184,184,4811120,4136620
2019,가정의학과,J85,3,28,28,2653560,2123660
2019,가정의학과,J86,1,11,11,950200,759900
2019,가정의학과,J90,34,55,55,1679470,1255370
2019,가정의학과,J91,2,3,3,55850,44550
2019,가정의학과,J92,1,1,1,18550,13050
2019,가정의학과,J93,87,115,115,2335950,1724250
2019,가정의학과,J94,11,20,20,373430,296330
2019,가정의학과,J96,10,11,11,187590,146190
2019,가정의학과,J98,192,229,229,5078970,3918470
2019,가정의학과,J99,1,2,2,32300,29000
2019,가정의학과,K00,1,1,1,17890,17090
2019,가정의학과,K01,4,4,4,71040,49840
2019,가정의학과,K02,10,14,14,210520,172120
2019,가정의학과,K03,5,5,5,83900,67100
2019,가정의학과,K04,330,622,622,9446550,7385150
2019,가정의학과,K05,4701,7787,7787,116628240,91662610
2019,가정의학과,K06,18,21,21,327550,256750
2019,가정의학과,K07,790,1194,1194,20304880,15218380
2019,가정의학과,K08,127,176,176,2563190,2028190
2019,가정의학과,K09,18,18,18,447830,322130
2019,가정의학과,K10,45,74,74,1189130,922730
2019,가정의학과,K11,793,1091,1091,18581690,13633190
2019,가정의학과,K12,17517,26118,26118,411539220,311804170
2019,가정의학과,K13,818,1144,1144,17618740,13714240
2019,가정의학과,K14,1182,1686,1686,26425760,20461260
2019,가정의학과,K20,202,332,332,5089200,3907100
2019,가정의학과,K21,107597,207996,207994,3402930880,2553181070
2019,가정의학과,K22,180,511,511,19169980,13854480
2019,가정의학과,K23,3,4,4,57690,49490
2019,가정의학과,K25,16029,32355,32354,696691130,518912990
2019,가정의학과,K26,1446,2568,2568,61341020,44288220
2019,가정의학과,K27,14376,25753,25753,391466930,294609880
2019,가정의학과,K28,14,36,36,448600,333000
2019,가정의학과,K29,185049,313885,313882,5369852790,4016377190
2019,가정의학과,K30,20497,30322,30320,461482660,349947160
2019,가정의학과,K31,4422,6534,6534,114267470,85751180
2019,가정의학과,K35,654,690,690,16535260,11783580
2019,가정의학과,K36,46,46,46,839100,608400
2019,가정의학과,K37,304,321,321,12970050,9152150
2019,가정의학과,K38,48,51,51,883900,635500
2019,가정의학과,K40,219,252,251,3956770,3203470
2019,가정의학과,K41,4,4,4,60730,48330
2019,가정의학과,K42,28,36,36,613530,517330
2019,가정의학과,K43,32,35,35,612920,489320
2019,가정의학과,K44,3,4,4,187330,145530
2019,가정의학과,K45,9,10,10,153920,129620
2019,가정의학과,K46,31,44,44,655620,540020
2019,가정의학과,K50,70,233,233,4569470,3756570
2019,가정의학과,K51,99,226,226,4471860,3819260
2019,가정의학과,K52,62634,89365,89365,1535385780,1134276680
2019,가정의학과,K55,5,23,23,313020,268920
2019,가정의학과,K56,223,275,275,5679370,4164570
2019,가정의학과,K57,103,154,154,3728380,2691780
2019,가정의학과,K58,42018,66471,66468,1313710670,980405970
2019,가정의학과,K59,48183,79910,79908,1187518000,916241420
2019,가정의학과,K60,122,172,172,2639030,2095730
2019,가정의학과,K61,190,474,474,8253860,6532760
2019,가정의학과,K62,310,414,414,26463590,19122190
2019,가정의학과,K63,1329,1738,1738,235903060,166551880
2019,가정의학과,K64,3404,5282,5282,94386600,71652600
2019,가정의학과,K65,35,49,49,942270,695770
2019,가정의학과,K66,4,4,4,159040,113240
2019,가정의학과,K70,1942,3915,3915,112937200,80234380
2019,가정의학과,K71,1372,2537,2537,69933500,49722960
2019,가정의학과,K72,110,206,206,6307230,4491830
2019,가정의학과,K73,3115,6908,6908,172281730,124844590
2019,가정의학과,K74,278,778,778,22362140,16352040
2019,가정의학과,K75,6314,12916,12910,379743130,271791010
2019,가정의학과,K76,16622,27184,27180,1072628860,760693640
2019,가정의학과,K77,101,133,133,3573160,2514760
2019,가정의학과,K80,858,1674,1673,54305970,39084990
2019,가정의학과,K81,180,225,225,10033310,7323620
2019,가정의학과,K82,337,420,420,35761260,24704540
2019,가정의학과,K83,200,335,335,6757640,5033500
2019,가정의학과,K85,145,213,213,7928770,5605780
2019,가정의학과,K86,267,607,607,16972260,12094460
2019,가정의학과,K87,62,75,75,5961750,4229550
2019,가정의학과,K90,138,194,194,9539780,6895380
2019,가정의학과,K91,49,136,136,2284480,1812380
2019,가정의학과,K92,372,480,480,8678920,6589120
2019,가정의학과,K93,195,219,219,3244550,2487450
2019,가정의학과,L01,8340,13049,13049,212704890,161485080
2019,가정의학과,L02,35671,73809,73809,1373420310,1029168290
2019,가정의학과,L03,53075,94301,94300,1647149680,1243740730
2019,가정의학과,L04,16784,28181,28180,432492010,313896110
2019,가정의학과,L05,274,466,466,9480460,6882060
2019,가정의학과,L08,13034,20760,20760,361455600,270062490
2019,가정의학과,L10,13,38,37,2147130,1683530
2019,가정의학과,L11,11,11,11,172000,120600
2019,가정의학과,L12,5,8,8,254790,217290
2019,가정의학과,L13,387,595,595,9499430,7037230
2019,가정의학과,L14,1,2,2,43070,30170
2019,가정의학과,L20,16864,31034,31031,528412710,392676390
2019,가정의학과,L21,12785,20310,20310,304961850,234284900
2019,가정의학과,L22,285,326,326,4782430,3857430
2019,가정의학과,L23,126005,215265,215262,3387893770,2594108910
2019,가정의학과,L24,19090,31593,31593,476339510,367953610
2019,가정의학과,L25,18736,30409,30409,468582930,360493930
2019,가정의학과,L26,17,17,17,250900,182600
2019,가정의학과,L27,788,1127,1127,23019200,16997000
2019,가정의학과,L28,3844,6193,6193,111742440,84036140
2019,가정의학과,L29,4915,8239,8239,123735070,97480270
2019,가정의학과,L30,29275,46838,46836,744785200,566118600
2019,가정의학과,L40,2018,4270,4270,76974800,59740200
2019,가정의학과,L41,39,59,59,884680,673980
2019,가정의학과,L42,152,211,211,3324680,2389080
2019,가정의학과,L43,56,90,90,1711600,1239100
2019,가정의학과,L44,17,23,23,346890,250190
2019,가정의학과,L50,79608,144976,144973,2601590860,1968754100
2019,가정의학과,L51,72,117,117,1942960,1441460
2019,가정의학과,L52,35,70,70,1449870,1041270
2019,가정의학과,L53,99,125,125,1902070,1427670
2019,가정의학과,L54,2,2,2,35270,24770
2019,가정의학과,L55,107,123,123,2086570,1501070
2019,가정의학과,L56,65,83,83,1357430,1002430
2019,가정의학과,L57,83,97,97,2484410,1850790
2019,가정의학과,L58,3,5,5,71950,66750
2019,가정의학과,L59,9,13,13,186990,136490
2019,가정의학과,L60,3671,8055,8057,210998000,154642950
2019,가정의학과,L62,3,4,4,144930,103530
2019,가정의학과,L63,1266,3785,3785,118349630,83369230
2019,가정의학과,L64,170,327,327,5022720,3560720
2019,가정의학과,L65,239,346,345,6031730,4329730
2019,가정의학과,L66,290,543,543,7694750,5586350
2019,가정의학과,L67,2,2,2,35270,24770
2019,가정의학과,L68,1,1,1,0,0
2019,가정의학과,L70,3336,6813,6813,103176000,72782610
2019,가정의학과,L71,228,391,391,6422900,4683300
2019,가정의학과,L72,1083,2279,2279,87797700,63740800
2019,가정의학과,L73,488,890,889,13456120,9859320
2019,가정의학과,L74,155,172,172,2614980,2070980
2019,가정의학과,L75,18,19,19,361770,261670
2019,가정의학과,L80,120,136,136,1994870,1533670
2019,가정의학과,L81,318,353,353,4925850,3736950
2019,가정의학과,L82,146,183,183,3485930,2686930
2019,가정의학과,L83,6,6,6,83970,65570
2019,가정의학과,L84,6625,12673,12673,495429880,354946890
2019,가정의학과,L85,2471,3767,3767,55623360,42588600
2019,가정의학과,L86,62,90,90,1355640,1071940
2019,가정의학과,L87,6,6,6,116390,94890
2019,가정의학과,L88,13,34,34,794330,563330
2019,가정의학과,L89,422,3066,3066,131632000,107870410
2019,가정의학과,L90,85,111,111,2730120,1942120
2019,가정의학과,L91,495,978,978,29710220,20956880
2019,가정의학과,L92,194,327,327,13650770,9845120
2019,가정의학과,L93,14,36,36,869740,619440
2019,가정의학과,L94,5,10,10,150230,105530
2019,가정의학과,L95,42,66,66,1256930,921330
2019,가정의학과,L97,13,182,182,3649260,3121060
2019,가정의학과,L98,143,503,503,10490920,8050220
2019,가정의학과,L99,1,1,1,18030,16230
2019,가정의학과,M00,84,224,223,5818400,4310170
2019,가정의학과,M01,84,115,115,1889000,1399400
2019,가정의학과,M02,93,180,180,3216020,2477320
2019,가정의학과,M03,3,3,3,96080,73080
2019,가정의학과,M05,293,1944,1944,45155430,39087740
2019,가정의학과,M06,1397,4028,4028,78539180,61128520
2019,가정의학과,M07,277,827,826,11535730,9250630
2019,가정의학과,M08,17,65,65,1011570,833670
2019,가정의학과,M09,4,5,5,67670,47670
2019,가정의학과,M10,10513,30982,30982,535263070,396465170
2019,가정의학과,M11,27,71,71,1071010,837610
2019,가정의학과,M12,645,1453,1453,23441100,18435700
2019,가정의학과,M13,44484,139632,139632,2365800810,1893607010
2019,가정의학과,M14,9,37,37,1016430,754430
2019,가정의학과,M15,8238,22719,22719,376715350,303590650
2019,가정의학과,M16,1439,5437,5437,92189980,77293080
2019,가정의학과,M17,62089,313828,313843,7178655390,5659955220
2019,가정의학과,M18,63,266,266,4205680,3163080
2019,가정의학과,M19,13556,47768,47771,874465190,697210190
2019,가정의학과,M20,93,188,188,3408820,2499120
2019,가정의학과,M21,29,44,44,660480,500280
2019,가정의학과,M22,162,536,536,13426370,9607070
2019,가정의학과,M23,699,2388,2391,44626290,34219420
2019,가정의학과,M24,4147,14484,14484,270957140,215084740
2019,가정의학과,M25,21978,57385,57384,1107146550,851652950
2019,가정의학과,M30,11,18,18,231130,177430
2019,가정의학과,M31,11,48,48,665390,545490
2019,가정의학과,M32,29,139,139,2981320,2620360
2019,가정의학과,M33,3,5,5,322010,286810
2019,가정의학과,M34,6,41,41,1483740,1292980
2019,가정의학과,M35,358,1021,1021,25405450,20870810
2019,가정의학과,M36,1,5,5,71560,64660
2019,가정의학과,M40,27,346,346,5560100,4862100
2019,가정의학과,M41,285,1282,1282,23896400,18692200
2019,가정의학과,M42,892,6084,6084,115433040,89905140
2019,가정의학과,M43,335,1321,1321,31645440,24532140
2019,가정의학과,M45,218,864,864,19388520,16560060
2019,가정의학과,M46,72,168,168,5201510,3864110
2019,가정의학과,M47,18061,110876,110881,2361401130,1923133830
2019,가정의학과,M48,22276,153710,153709,3222921520,2653748570
2019,가정의학과,M49,1074,7320,7320,129702200,112238900
2019,가정의학과,M50,4402,17098,17119,447807300,338918950
2019,가정의학과,M51,14083,99212,99240,2096577790,1704412250
2019,가정의학과,M53,8751,24252,24252,822505320,603067200
2019,가정의학과,M54,165263,757891,757891,15473667610,12407461570
2019,가정의학과,M60,3405,10133,10133,175378360,138810160
2019,가정의학과,M61,36,83,83,1725920,1302920
2019,가정의학과,M62,9160,21014,21014,360221260,278243360
2019,가정의학과,M63,1,2,2,45960,32260
2019,가정의학과,M65,10829,31109,31120,660403590,501062620
2019,가정의학과,M66,50,90,90,3610980,2613380
2019,가정의학과,M67,851,1440,1440,35325800,26075200
2019,가정의학과,M70,2936,6321,6321,118317710,88731230
2019,가정의학과,M71,684,1642,1642,44061930,32476330
2019,가정의학과,M72,3469,7947,7947,151714350,114290950
2019,가정의학과,M73,1,1,1,15690,10990
2019,가정의학과,M75,34783,131071,131071,3279983710,2526404980
2019,가정의학과,M76,1118,2907,2916,68447880,49635040
2019,가정의학과,M77,8656,23758,23758,535065380,389854020
2019,가정의학과,M79,123037,281652,281655,5559792220,4230064480
2019,가정의학과,M80,923,3366,3366,111812210,85516470
2019,가정의학과,M81,20632,64392,64391,2400083300,1771199060
2019,가정의학과,M82,137,374,374,8295500,6198400
2019,가정의학과,M83,84,211,211,3767520,2866120
2019,가정의학과,M84,15,41,41,950910,775210
2019,가정의학과,M85,113,216,216,4151830,3125230
2019,가정의학과,M86,19,59,59,1147240,901940
2019,가정의학과,M87,14,46,46,966640,697540
2019,가정의학과,M88,2,3,3,53030,41930
2019,가정의학과,M89,326,785,785,14537480,11237560
2019,가정의학과,M90,1,6,6,139840,115140
2019,가정의학과,M91,3,4,4,83380,62880
2019,가정의학과,M92,52,83,83,1568270,1102070
2019,가정의학과,M93,1,1,1,19580,13780
2019,가정의학과,M94,311,412,412,7757470,5724870
2019,가정의학과,M95,8,8,8,123660,91360
2019,가정의학과,M96,115,723,723,13599440,11209540
2019,가정의학과,M99,424,5518,5518,94675150,79723250
2019,가정의학과,N00,406,745,745,16586590,12172890
2019,가정의학과,N01,5,14,14,207640,173940
2019,가정의학과,N02,401,504,504,12062830,8763930
2019,가정의학과,N03,24,39,39,741360,551460
2019,가정의학과,N04,58,142,142,2810620,2034120
2019,가정의학과,N05,83,207,207,4164810,3192550
2019,가정의학과,N06,221,329,329,5165760,3879760
2019,가정의학과,N08,5,8,8,755300,538500
2019,가정의학과,N10,4258,8149,8148,163422040,120258710
2019,가정의학과,N11,378,787,787,16993340,12816640
2019,가정의학과,N12,1274,2279,2279,39367340,28901100
2019,가정의학과,N13,330,1075,1075,62620410,49089210
2019,가정의학과,N14,1,1,1,16940,11940
2019,가정의학과,N15,10,23,23,402880,286280
2019,가정의학과,N17,46,70,70,1448340,1082240
2019,가정의학과,N18,226,853,853,20669700,15984540
2019,가정의학과,N19,117,340,340,8109670,6213070
2019,가정의학과,N20,487,622,622,19555880,14049710
2019,가정의학과,N21,456,578,578,13099950,9642550
2019,가정의학과,N22,14,17,17,417630,305630
2019,가정의학과,N23,60,89,89,12666360,8945060
2019,가정의학과,N25,2,10,10,120400,107400
2019,가정의학과,N26,1,2,2,104820,75320
2019,가정의학과,N27,2,2,2,29930,22330
2019,가정의학과,N28,218,273,273,13024800,9462600
2019,가정의학과,N29,2,2,2,27330,21830
2019,가정의학과,N30,51006,92356,92356,1540554990,1160670120
2019,가정의학과,N31,7228,15487,15487,221291740,180816160
2019,가정의학과,N32,1217,2250,2250,36637970,29260370
2019,가정의학과,N33,24,42,42,690200,546200
2019,가정의학과,N34,3190,5709,5709,111162350,83144250
2019,가정의학과,N35,2,2,2,41970,31770
2019,가정의학과,N36,23,31,31,456000,336400
2019,가정의학과,N37,104,176,176,3803990,2927890
2019,가정의학과,N39,8541,16041,16039,311815710,241775410
2019,가정의학과,N40,21181,72939,72939,1052039510,853294450
2019,가정의학과,N41,761,3946,3946,127903300,90662910
2019,가정의학과,N42,126,226,226,9193830,6686230
2019,가정의학과,N43,17,27,27,610810,457810
2019,가정의학과,N44,14,17,17,282090,205490
2019,가정의학과,N45,167,293,293,5691540,4177570
2019,가정의학과,N46,11,51,51,715170,514870
2019,가정의학과,N47,7,8,8,130310,104510
2019,가정의학과,N48,1036,1323,1323,21171940,16144040
2019,가정의학과,N49,16,28,28,531080,401080
2019,가정의학과,N50,82,136,136,3274020,2375220
2019,가정의학과,N51,23,35,35,507110,369910
2019,가정의학과,N60,33,41,41,759310,557410
2019,가정의학과,N61,101,172,172,2852200,2038300
2019,가정의학과,N62,55,62,62,1340150,992350
2019,가정의학과,N63,115,140,140,3489360,2542760
2019,가정의학과,N64,362,423,423,10198200,7403000
2019,가정의학과,N70,21,37,37,838520,607820
2019,가정의학과,N71,77,203,203,3056970,2232070
2019,가정의학과,N72,105,168,168,5291380,3768880
2019,가정의학과,N73,255,516,516,9391490,6815490
2019,가정의학과,N74,55,90,90,1808550,1313250
2019,가정의학과,N75,23,55,55,1073750,784750
2019,가정의학과,N76,2222,3768,3768,62246770,45838870
2019,가정의학과,N77,131,217,217,3189890,2385590
2019,가정의학과,N80,56,97,97,2924430,2059830
2019,가정의학과,N81,15,16,16,264840,213240
2019,가정의학과,N82,1,1,1,15690,10990
2019,가정의학과,N83,11,13,13,215210,159710
2019,가정의학과,N84,2,3,3,49970,35170
2019,가정의학과,N85,16,23,22,348240,266040
2019,가정의학과,N86,4,5,5,270720,189620
2019,가정의학과,N87,28,39,39,1876680,1337080
2019,가정의학과,N88,3,3,3,38530,27230
2019,가정의학과,N89,3,3,3,51870,43670
2019,가정의학과,N90,5,5,5,74870,60970
2019,가정의학과,N91,170,281,281,11207430,7873730
2019,가정의학과,N92,225,290,290,6364170,4460870
2019,가정의학과,N93,104,155,155,3128160,2265960
2019,가정의학과,N94,9223,15635,15635,228699480,161587780
2019,가정의학과,N95,8612,25834,25834,382693360,278887510
2019,가정의학과,N96,3,11,11,147750,103750
2019,가정의학과,N97,200,1291,1291,15023490,10568590
2019,가정의학과,O00,2,3,3,105080,94680
2019,가정의학과,O02,1,1,1,19580,13780
2019,가정의학과,O06,1,1,1,17160,12060
2019,가정의학과,O10,1,1,1,11210,7910
2019,가정의학과,O12,2,2,2,30790,21690
2019,가정의학과,O13,1,2,2,30790,21690
2019,가정의학과,O14,1,1,1,19580,13780
2019,가정의학과,O16,1,2,2,31370,21970
2019,가정의학과,O20,1,1,1,17160,15460
2019,가정의학과,O21,10,15,15,219140,167540
2019,가정의학과,O22,1,1,1,19580,13780
2019,가정의학과,O23,1,1,1,15690,10990
2019,가정의학과,O24,10,16,16,464760,330860
2019,가정의학과,O26,15,100,100,1178590,830190
2019,가정의학과,O30,1,2,2,24880,22480
2019,가정의학과,O60,1,1,1,11210,7910
2019,가정의학과,O71,1,1,1,14480,14480
2019,가정의학과,O90,2,3,3,325960,228260
2019,가정의학과,O91,24,26,26,416850,292650
2019,가정의학과,O92,8,8,8,129410,90710
2019,가정의학과,O94,1,1,1,15690,10990
2019,가정의학과,P05,1,1,1,17360,12160
2019,가정의학과,P12,1,1,1,17890,17090
2019,가정의학과,P13,1,1,1,20490,16190
2019,가정의학과,P22,5,45,45,655390,592590
2019,가정의학과,P23,9,12,12,173630,126430
2019,가정의학과,P24,1,1,1,12610,12010
2019,가정의학과,P28,16,20,20,313170,243970
2019,가정의학과,P35,2,2,2,22420,15820
2019,가정의학과,P38,7,7,7,167660,156160
2019,가정의학과,P39,1,1,1,17890,17090
2019,가정의학과,P57,1,1,1,12280,8680
2019,가정의학과,P59,10,11,11,215820,198220
2019,가정의학과,P80,1,1,1,13210,11710
2019,가정의학과,P81,2,2,2,37830,36030
2019,가정의학과,P83,8,15,15,327820,302020
2019,가정의학과,P90,1,1,1,17890,17090
2019,가정의학과,P92,3,3,3,48390,46190
2019,가정의학과,Q02,1,2,2,23580,18780
2019,가정의학과,Q04,2,3,3,139840,126040
2019,가정의학과,Q05,1,2,2,140190,126290
2019,가정의학과,Q06,2,3,3,51110,47110
2019,가정의학과,Q10,2,2,2,35270,24770
2019,가정의학과,Q16,6,8,8,110530,86830
2019,가정의학과,Q17,5,6,6,259720,186720
2019,가정의학과,Q18,16,19,19,391330,297830
2019,가정의학과,Q20,1,3,3,33630,30330
2019,가정의학과,Q21,17,31,31,531340,412940
2019,가정의학과,Q22,3,3,3,50250,42250
2019,가정의학과,Q23,1,2,2,26900,24300
2019,가정의학과,Q24,4,6,6,159630,138630
2019,가정의학과,Q25,1,1,1,15690,14190
2019,가정의학과,Q26,2,4,4,99450,89650
2019,가정의학과,Q27,1,1,1,15690,10990
2019,가정의학과,Q28,7,27,27,647480,501980
2019,가정의학과,Q31,1,1,1,17890,17090
2019,가정의학과,Q34,1,8,8,94160,82160
2019,가정의학과,Q35,1,1,1,15690,10990
2019,가정의학과,Q36,34,45,45,662030,526830
2019,가정의학과,Q37,2,2,2,31380,21980
2019,가정의학과,Q38,20,49,49,942560,839460
2019,가정의학과,Q39,1,1,1,141820,99320
2019,가정의학과,Q40,1,1,1,17890,17090
2019,가정의학과,Q42,1,1,1,15690,10990
2019,가정의학과,Q43,1,1,1,13660,9660
2019,가정의학과,Q44,50,64,64,5276800,3472270
2019,가정의학과,Q50,1,1,1,11210,7910
2019,가정의학과,Q52,1,1,1,16600,13200
2019,가정의학과,Q53,17,27,27,449780,369380
2019,가정의학과,Q54,1,1,1,17890,17090
2019,가정의학과,Q55,6,6,6,92690,66290
2019,가정의학과,Q61,50,56,56,3674650,2504580
2019,가정의학과,Q62,2,3,3,73910,58710
2019,가정의학과,Q65,3,3,3,53870,46170
2019,가정의학과,Q66,15,24,24,351250,263450
2019,가정의학과,Q67,32,34,33,553340,414740
2019,가정의학과,Q68,7,11,10,165790,144590
2019,가정의학과,Q69,1,3,3,40280,38380
2019,가정의학과,Q70,3,3,3,50180,41280
2019,가정의학과,Q74,9,9,9,127430,96930
2019,가정의학과,Q75,5,33,33,400030,296030
2019,가정의학과,Q76,6,6,6,91720,72920
2019,가정의학과,Q77,1,9,9,117640,106340
2019,가정의학과,Q80,12,21,21,300640,224640
2019,가정의학과,Q81,5,5,5,141190,100890
2019,가정의학과,Q82,69,87,87,1672130,1244930
2019,가정의학과,Q83,7,8,8,119830,93330
2019,가정의학과,Q84,21,32,32,555230,404030
2019,가정의학과,Q85,29,43,43,1076290,882990
2019,가정의학과,Q87,7,52,52,720900,612500
2019,가정의학과,Q89,2,2,2,37470,30870
2019,가정의학과,Q90,8,58,57,2426540,2170540
2019,가정의학과,Q93,1,5,5,111830,100930
2019,가정의학과,Q96,2,2,2,31380,25180
2019,가정의학과,Q98,1,1,1,24000,16800
2019,가정의학과,Q99,3,3,3,58130,41530
2019,가정의학과,R00,4006,5429,5426,120814640,87911310
2019,가정의학과,R01,44,46,46,721630,578030
2019,가정의학과,R02,3,10,10,235350,166850
2019,가정의학과,R03,3206,3774,3774,73328070,55078110
2019,가정의학과,R04,1615,1883,1883,47430170,34733650
2019,가정의학과,R05,1661,2263,2263,38880170,29360410
2019,가정의학과,R06,1103,1292,1291,37430290,27828140
2019,가정의학과,R07,8455,11312,11309,321110470,232926180
2019,가정의학과,R09,467,749,749,14986500,11211000
2019,가정의학과,R10,27534,40417,40416,885043170,652382650
2019,가정의학과,R11,18769,25715,25714,421147440,314800790
2019,가정의학과,R12,1755,2424,2424,38078700,28477640
2019,가정의학과,R13,145,464,464,56898120,45565920
2019,가정의학과,R14,1270,1910,1910,25703790,19649690
2019,가정의학과,R15,22,35,35,557970,502870
2019,가정의학과,R16,94,130,130,6185760,4312580
2019,가정의학과,R17,219,287,287,9600410,6947710
2019,가정의학과,R18,24,31,31,1136540,825340
2019,가정의학과,R19,586,693,693,21340280,15248480
2019,가정의학과,R20,306,363,363,6826930,5189830
2019,가정의학과,R21,844,1060,1060,17007620,12875020
2019,가정의학과,R22,749,881,878,50162600,35696560
2019,가정의학과,R23,280,325,325,7004040,5208140
2019,가정의학과,R25,1602,2361,2359,41088150,31170550
2019,가정의학과,R26,40,45,44,687010,568810
2019,가정의학과,R27,4,6,6,81770,63970
2019,가정의학과,R29,70,83,83,1596810,1218410
2019,가정의학과,R30,356,456,456,11236910,8468910
2019,가정의학과,R31,1898,2526,2526,56386000,41307610
2019,가정의학과,R32,842,1777,1776,25736010,21343210
2019,가정의학과,R33,16,18,18,493540,369440
2019,가정의학과,R34,2,3,3,44150,39350
2019,가정의학과,R35,1174,1927,1927,30212820,23793120
2019,가정의학과,R36,14,47,47,678500,570500
2019,가정의학과,R39,302,731,731,47809910,38063010
2019,가정의학과,R40,18,21,21,472110,349910
2019,가정의학과,R41,775,1757,1757,25731980,21133480
2019,가정의학과,R42,21117,30708,30709,748287080,556756070
2019,가정의학과,R43,43,50,50,758310,585210
2019,가정의학과,R44,18,20,20,286010,221510
2019,가정의학과,R45,451,735,734,10673010,8209210
2019,가정의학과,R46,5,5,5,73970,53670
2019,가정의학과,R47,35,40,40,780380,615580
2019,가정의학과,R48,3,3,3,50960,35760
2019,가정의학과,R49,63,69,69,1511450,1162950
2019,가정의학과,R50,9243,13516,13516,249333130,185495590
2019,가정의학과,R51,22572,31022,31021,492858280,364758100
2019,가정의학과,R52,3999,6064,6064,102783190,75825990
2019,가정의학과,R53,1158,1423,1423,37346950,26794870
2019,가정의학과,R54,24,37,37,537150,462450
2019,가정의학과,R55,558,677,677,16921280,12357800
2019,가정의학과,R56,123,208,208,3889350,2901750
2019,가정의학과,R57,35,46,46,954580,701180
2019,가정의학과,R58,33,39,39,981950,716250
2019,가정의학과,R59,225,290,290,4589060,3332560
2019,가정의학과,R60,6439,11421,11421,270651470,199341560
2019,가정의학과,R61,205,292,290,5326420,3885720
2019,가정의학과,R62,130,165,164,2674830,1964730
2019,가정의학과,R63,4104,6197,6195,130721410,99987480
2019,가정의학과,R64,6,7,7,88830,78930
2019,가정의학과,R68,10447,12164,12147,205909570,145961670
2019,가정의학과,R69,208,218,218,6762330,4839730
2019,가정의학과,R71,4,5,5,101260,72960
2019,가정의학과,R72,42,51,51,1067980,776480
2019,가정의학과,R73,14179,20393,20391,394210440,307393300
2019,가정의학과,R74,284,342,342,11898830,8425230
2019,가정의학과,R76,53,68,68,2145950,1286340
2019,가정의학과,R77,1,2,2,25690,24190
2019,가정의학과,R78,2,5,5,60960,49060
2019,가정의학과,R79,169,187,187,4866910,3465210
2019,가정의학과,R80,885,1214,1214,24891160,18077460
2019,가정의학과,R81,789,1075,1075,17537520,14085720
2019,가정의학과,R82,211,284,284,5428650,3984290
2019,가정의학과,R84,7,8,8,123810,92610
2019,가정의학과,R86,11,22,22,369290,274090
2019,가정의학과,R87,11,26,26,281440,208740
2019,가정의학과,R89,4,4,4,62400,46400
2019,가정의학과,R90,1,1,1,11210,7910
2019,가정의학과,R91,177,242,242,6718290,4947290
2019,가정의학과,R92,151,171,171,11803030,8351130
2019,가정의학과,R93,31,40,40,1574330,1022160
2019,가정의학과,R94,1640,2210,2210,86460140,61272950
2019,가정의학과,S00,6492,10091,10091,196888480,151168300
2019,가정의학과,S01,11575,24208,24208,511845500,390999130
2019,가정의학과,S02,72,103,103,2524610,1852510
2019,가정의학과,S03,432,714,714,11849440,9114240
2019,가정의학과,S04,6,12,12,369010,258510
2019,가정의학과,S05,181,217,217,3690390,2802190
2019,가정의학과,S06,183,224,224,3820160,2979360
2019,가정의학과,S07,111,185,185,3753240,2931300
2019,가정의학과,S08,10,31,31,636440,483140
2019,가정의학과,S09,154,227,227,4052830,3143630
2019,가정의학과,S10,194,247,247,4797610,3597710
2019,가정의학과,S11,321,675,675,15560630,11686810
2019,가정의학과,S12,3,19,19,295660,207760
2019,가정의학과,S13,13632,27613,27642,584980480,432635830
2019,가정의학과,S14,22,86,86,2682000,2111900
2019,가정의학과,S15,6,6,6,108250,75950
2019,가정의학과,S16,120,242,242,3665060,2824760
2019,가정의학과,S17,2,4,4,70150,63150
2019,가정의학과,S19,7,9,9,180880,133780
2019,가정의학과,S20,1930,3080,3080,60298230,46857130
2019,가정의학과,S21,611,1721,1721,33691440,26774530
2019,가정의학과,S22,850,1885,1925,49172440,37027210
2019,가정의학과,S23,8742,14594,14606,361438940,274423380
2019,가정의학과,S25,4,7,7,245560,172060
2019,가정의학과,S27,5,7,7,117510,86110
2019,가정의학과,S28,2,2,2,41750,29350
2019,가정의학과,S29,25,38,38,823960,604060
2019,가정의학과,S30,852,1734,1734,59995990,47583970
2019,가정의학과,S31,1282,3062,3062,59943210,47694020
2019,가정의학과,S32,173,593,612,13672310,10558250
2019,가정의학과,S33,38051,110645,110795,2119409380,1632471130
2019,가정의학과,S34,21,32,32,538580,401080
2019,가정의학과,S35,4,6,6,296960,145280
2019,가정의학과,S36,6,6,6,121500,91300
2019,가정의학과,S37,8,8,8,168940,122840
2019,가정의학과,S38,1,1,1,11790,9390
2019,가정의학과,S39,33,56,56,951890,730590
2019,가정의학과,S40,1089,1709,1709,34762080,26401820
2019,가정의학과,S41,624,1376,1376,28886950,21930820
2019,가정의학과,S42,137,318,342,8068770,6178880
2019,가정의학과,S43,13997,35614,35646,688356910,518281190
2019,가정의학과,S44,143,400,400,15086130,10752230
2019,가정의학과,S45,10,24,24,414720,334120
2019,가정의학과,S46,1763,5302,5339,157901310,115213540
2019,가정의학과,S48,2,2,2,37260,26160
2019,가정의학과,S49,85,121,121,1785840,1328140
2019,가정의학과,S50,1890,3568,3568,77142960,59211660
2019,가정의학과,S51,2848,8475,8475,178255270,140224230
2019,가정의학과,S52,355,1198,1198,31688860,24070760
2019,가정의학과,S53,3156,7490,7490,151418520,111961520
2019,가정의학과,S54,358,996,996,32695180,23433680
2019,가정의학과,S55,6,19,19,480780,370980
2019,가정의학과,S56,122,328,328,7847670,5628770
2019,가정의학과,S57,42,85,85,1736870,1325170
2019,가정의학과,S59,94,202,202,4329000,3217200
2019,가정의학과,S60,5553,8552,8552,195846060,145414920
2019,가정의학과,S61,24242,55570,55570,1228304700,908843800
2019,가정의학과,S62,794,1868,1868,52765620,38296920
2019,가정의학과,S63,10162,17685,17684,410337890,297722320
2019,가정의학과,S64,15,16,16,507160,372960
2019,가정의학과,S65,95,210,210,4547570,3325070
2019,가정의학과,S66,238,440,440,9188200,6713800
2019,가정의학과,S67,272,467,467,9752360,7195360
2019,가정의학과,S68,7,18,18,368520,272320
2019,가정의학과,S69,197,353,353,6794370,5022670
2019,가정의학과,S70,881,1750,1750,47423260,37499650
2019,가정의학과,S71,710,2005,2005,42017790,32368200
2019,가정의학과,S72,51,83,87,2401200,1917930
2019,가정의학과,S73,1646,3788,3788,71324860,55079260
2019,가정의학과,S74,341,1025,1025,40259640,28730840
2019,가정의학과,S75,11,23,23,551320,393520
2019,가정의학과,S76,177,303,306,7500410,5412340
2019,가정의학과,S77,4,6,6,126370,94370
2019,가정의학과,S79,24,30,30,560770,409470
2019,가정의학과,S80,4967,10242,10242,209864710,159039530
2019,가정의학과,S81,7431,19690,19690,416791150,315876410
2019,가정의학과,S82,271,939,950,24392840,18059900
2019,가정의학과,S83,5415,13511,13524,263866020,197196410
2019,가정의학과,S84,37,93,93,2471610,1736910
2019,가정의학과,S85,12,37,37,769660,630660
2019,가정의학과,S86,205,457,457,8732050,6337850
2019,가정의학과,S87,226,536,536,10874260,8017960
2019,가정의학과,S89,133,268,268,5220350,3864650
2019,가정의학과,S90,4026,6521,6521,140225310,104618940
2019,가정의학과,S91,8284,18870,18870,395360770,297962010
2019,가정의학과,S92,724,1809,1840,55277240,40314700
2019,가정의학과,S93,14876,29483,29507,654754900,478075530
2019,가정의학과,S94,5,7,7,218910,153610
2019,가정의학과,S95,11,31,31,595990,503490
2019,가정의학과,S96,169,288,288,6343210,4568610
2019,가정의학과,S97,96,222,222,4565670,3494470
2019,가정의학과,S99,177,353,353,6921590,5338290
2019,가정의학과,T00,399,666,666,12892860,9698840
2019,가정의학과,T01,377,826,826,18073680,13601340
2019,가정의학과,T03,37,94,94,1430160,1120460
2019,가정의학과,T04,7,26,26,547280,389380
2019,가정의학과,T06,3,56,56,983420,707720
2019,가정의학과,T08,8,22,22,301270,252070
2019,가정의학과,T09,430,1059,1059,20711320,16035720
2019,가정의학과,T10,6,9,9,191970,149270
2019,가정의학과,T11,176,354,354,15917490,11471650
2019,가정의학과,T12,4,20,20,323920,273420
2019,가정의학과,T13,330,652,652,14149540,10624040
2019,가정의학과,T14,4070,7784,7784,155778990,118137240
2019,가정의학과,T15,572,722,722,21346710,15554810
2019,가정의학과,T16,1812,2154,2154,56743130,41250830
2019,가정의학과,T17,1333,1390,1390,37193520,26979820
2019,가정의학과,T18,73,75,75,1980980,1456480
2019,가정의학과,T19,3,3,3,100670,70570
2019,가정의학과,T20,613,1351,1351,49710210,36092350
2019,가정의학과,T21,989,3091,3091,100674240,73556090
2019,가정의학과,T22,2813,8472,8472,285476350,204558360
2019,가정의학과,T23,6126,16230,16230,615322210,443758580
2019,가정의학과,T24,1889,7161,7161,245584350,178455330
2019,가정의학과,T25,1348,5223,5223,190495190,137568170
2019,가정의학과,T26,40,83,83,3527370,2523470
2019,가정의학과,T27,2,3,3,67820,51920
2019,가정의학과,T28,20,23,23,340580,243580
2019,가정의학과,T29,187,483,483,16157240,11559850
2019,가정의학과,T30,2457,6373,6373,224728550,161227630
2019,가정의학과,T31,245,886,886,30160400,21318420
2019,가정의학과,T32,1,8,8,211210,201110
2019,가정의학과,T33,75,106,106,1884110,1396910
2019,가정의학과,T34,4,5,5,72780,53280
2019,가정의학과,T35,28,38,38,563570,401370
2019,가정의학과,T39,1,1,1,12970,11470
2019,가정의학과,T40,2,2,2,35270,28670
2019,가정의학과,T46,1,1,1,15690,10990
2019,가정의학과,T47,1,1,1,15690,10990
2019,가정의학과,T49,2,2,2,25580,23480
2019,가정의학과,T50,2,2,2,37740,34040
2019,가정의학과,T51,1,1,1,58320,40920
2019,가정의학과,T52,47,47,47,665750,476850
2019,가정의학과,T56,44,104,104,5496170,3778590
2019,가정의학과,T57,27,125,125,3475370,2493470
2019,가정의학과,T60,21,35,35,545770,462370
2019,가정의학과,T62,2,2,2,26900,18900
2019,가정의학과,T63,488,585,585,9914990,7453390
2019,가정의학과,T65,23,27,27,408170,297670
2019,가정의학과,T67,365,447,447,8857070,6822370
2019,가정의학과,T68,4,5,5,62660,51260
2019,가정의학과,T69,82,93,93,1544280,1111480
2019,가정의학과,T70,6,6,6,98030,68730
2019,가정의학과,T73,70,75,75,1390630,1009230
2019,가정의학과,T75,16,24,24,499850,407450
2019,가정의학과,T78,2217,3273,3273,67896820,49872720
2019,가정의학과,T79,3030,6622,6622,131100310,99150890
2019,가정의학과,T80,2,2,2,39100,29700
2019,가정의학과,T81,64,122,122,2433100,1783000
2019,가정의학과,T82,1,3,3,42590,29890
2019,가정의학과,T83,3,7,7,89890,76190
2019,가정의학과,T85,2,13,13,183810,128810
2019,가정의학과,T88,57,61,61,928870,697470
2019,가정의학과,T90,3,4,4,80010,56310
2019,가정의학과,T91,24,80,80,1419620,1169720
2019,가정의학과,T92,6,41,41,634560,466060
2019,가정의학과,T93,14,77,77,1266740,913540
2019,가정의학과,T95,11,18,18,372220,262920
2019,가정의학과,T98,3,6,6,123960,97260
2019,가정의학과,U84,2,16,16,212320,207820
2019,가정의학과,Z00,978,1211,1211,34107830,24524940
2019,가정의학과,Z01,664,808,808,13264940,10122140
2019,가정의학과,Z02,8,9,9,3040,2140
2019,가정의학과,Z03,628,736,735,16424710,12612380
2019,가정의학과,Z04,116,125,125,2411070,1792270
2019,가정의학과,Z09,3,3,3,32290,24190
2019,가정의학과,Z10,2,2,2,0,0
2019,가정의학과,Z11,7,7,7,255570,183470
2019,가정의학과,Z12,1,2,2,65250,45750
2019,가정의학과,Z13,226,331,331,8201180,6135980
2019,가정의학과,Z20,59,80,80,2527920,1776190
2019,가정의학과,Z22,44,49,49,4775490,3347490
2019,가정의학과,Z23,31,33,33,1153500,809100
2019,가정의학과,Z24,27,31,31,243280,170880
2019,가정의학과,Z25,183,190,190,3711430,2770330
2019,가정의학과,Z26,315,386,386,5738090,4322790
2019,가정의학과,Z27,87,174,174,3070290,2354290
2019,가정의학과,Z29,14,15,15,206180,158280
2019,가정의학과,Z30,24,34,34,434270,304970
2019,가정의학과,Z31,15,77,77,969680,765080
2019,가정의학과,Z32,3,10,10,59610,42010
2019,가정의학과,Z33,3,4,4,67560,53860
2019,가정의학과,Z34,7,8,8,243230,173730
2019,가정의학과,Z35,7,25,25,360790,280090
2019,가정의학과,Z37,1,1,1,15690,10990
2019,가정의학과,Z39,1,1,1,15690,10990
2019,가정의학과,Z41,2,2,2,22420,17620
2019,가정의학과,Z42,7,14,14,282000,200000
2019,가정의학과,Z43,1,15,15,278420,246120
2019,가정의학과,Z48,1276,2693,2693,52696520,39693990
2019,가정의학과,Z49,1,7,7,87430,78130
2019,가정의학과,Z52,2,4,4,43450,30550
2019,가정의학과,Z54,23,33,33,661790,527090
2019,가정의학과,Z58,2,2,2,31380,21980
2019,가정의학과,Z60,2,2,2,31380,21980
2019,가정의학과,Z62,1,1,1,19580,13780
2019,가정의학과,Z64,4,4,4,29350,20650
2019,가정의학과,Z70,4,4,4,42590,31690
2019,가정의학과,Z71,2915,3314,3314,45660460,34294860
2019,가정의학과,Z72,5,6,6,91420,74720
2019,가정의학과,Z73,179,242,242,3779630,2792330
2019,가정의학과,Z75,7,8,8,178130,126530
2019,가정의학과,Z82,7,20,20,264990,219490
2019,가정의학과,Z83,10,11,11,201080,164680
2019,가정의학과,Z84,3,3,3,47070,32970
2019,가정의학과,Z85,2,4,4,71740,57040
2019,가정의학과,Z86,1,1,1,19580,13780
2019,가정의학과,Z87,2,14,14,172060,128660
2019,가정의학과,Z88,6,6,6,88720,64820
2019,가정의학과,Z91,1,1,1,11210,7910
2019,가정의학과,Z92,12,16,16,362510,272710
2019,가정의학과,Z93,5,13,13,1466310,1233610
2019,가정의학과,Z94,17,42,42,976710,706810
2019,가정의학과,Z95,9,26,26,388590,325990
2019,가정의학과,Z96,3,4,4,61850,52750
2019,가정의학과,Z98,601,1577,1597,31767630,24489390
2019,직업환경의학과,A08,33,39,39,569290,413690
2019,직업환경의학과,A09,14,15,15,211510,148710
2019,직업환경의학과,A16,1,1,1,23030,16130
2019,직업환경의학과,A53,1,1,1,25190,17690
2019,직업환경의학과,B00,4,4,4,51770,36470
2019,직업환경의학과,B02,16,21,21,290670,205870
2019,직업환경의학과,B15,2,5,5,230760,161860
2019,직업환경의학과,B18,10,24,24,877000,615100
2019,직업환경의학과,B30,1,1,1,11210,7910
2019,직업환경의학과,B35,23,45,45,582490,423290
2019,직업환경의학과,B86,1,1,1,11210,7910
2019,직업환경의학과,B90,2,2,2,41580,32880
2019,직업환경의학과,C16,1,1,1,15690,10990
2019,직업환경의학과,C64,1,2,2,55040,38540
2019,직업환경의학과,C86,1,1,1,15690,10990
2019,직업환경의학과,D21,1,4,4,57120,40120
2019,직업환경의학과,D50,7,10,10,357360,250460
2019,직업환경의학과,D61,2,6,6,88160,62060
2019,직업환경의학과,D64,2,3,3,53260,37460
2019,직업환경의학과,D69,2,3,3,46480,32680
2019,직업환경의학과,D72,7,11,11,189850,133350
2019,직업환경의학과,E03,8,21,21,360170,253070
2019,직업환경의학과,E05,3,6,6,117460,82460
2019,직업환경의학과,E07,3,4,4,247420,173420
2019,직업환경의학과,E11,316,1482,1482,24770980,18850080
2019,직업환경의학과,E46,1,1,1,15690,10990
2019,직업환경의학과,E50,3,3,3,38110,26810
2019,직업환경의학과,E63,2,2,2,22420,15820
2019,직업환경의학과,E78,354,879,879,16554010,11652010
2019,직업환경의학과,E89,2,6,6,114680,82880
2019,직업환경의학과,F10,1,2,2,26900,18900
2019,직업환경의학과,F32,1,1,1,11250,7950
2019,직업환경의학과,F41,5,12,12,178990,135290
2019,직업환경의학과,F48,2,3,3,33630,23730
2019,직업환경의학과,F51,6,21,21,265570,201070
2019,직업환경의학과,F52,3,3,3,0,0
2019,직업환경의학과,G05,1,1,1,15700,11000
2019,직업환경의학과,G40,1,5,5,72550,51150
2019,직업환경의학과,G43,3,4,4,62170,43670
2019,직업환경의학과,G44,9,10,10,147310,103510
2019,직업환경의학과,G45,1,1,1,15690,10990
2019,직업환경의학과,G47,16,29,29,404450,294750
2019,직업환경의학과,G53,1,1,1,11210,7910
2019,직업환경의학과,G54,1,23,23,313370,220570
2019,직업환경의학과,G56,6,23,23,371770,261570
2019,직업환경의학과,G57,1,1,1,15690,10990
2019,직업환경의학과,G62,1,1,1,15690,10990
2019,직업환경의학과,G64,1,1,1,19580,17680
2019,직업환경의학과,H00,6,8,8,113940,84440
2019,직업환경의학과,H02,2,2,2,26900,18900
2019,직업환경의학과,H04,13,23,23,316620,232720
2019,직업환경의학과,H05,1,1,1,11210,7910
2019,직업환경의학과,H16,1,1,1,11210,7910
2019,직업환경의학과,H35,1,4,4,57690,40590
2019,직업환경의학과,H54,1,1,1,15690,10990
2019,직업환경의학과,H60,1,2,2,22420,15820
2019,직업환경의학과,H65,1,1,1,13660,9660
2019,직업환경의학과,H81,4,7,7,80240,56640
2019,직업환경의학과,H83,1,1,1,15690,10990
2019,직업환경의학과,H90,30,54,54,1450940,1022040
2019,직업환경의학과,H91,7,8,8,173320,121720
2019,직업환경의학과,I05,1,1,1,15690,10990
2019,직업환경의학과,I10,699,2591,2591,37517530,28837930
2019,직업환경의학과,I20,2,2,2,24150,19350
2019,직업환경의학과,I25,1,1,1,11210,7910
2019,직업환경의학과,I45,1,1,1,19580,13780
2019,직업환경의학과,I47,1,4,4,59900,51200
2019,직업환경의학과,I49,2,3,3,80760,58960
2019,직업환경의학과,I51,1,1,1,23030,16130
2019,직업환경의학과,I61,1,1,1,15690,10990
2019,직업환경의학과,I65,1,1,1,11210,7910
2019,직업환경의학과,I70,3,9,9,127820,89920
2019,직업환경의학과,I73,7,9,9,134310,104710
2019,직업환경의학과,I80,1,1,1,11210,7910
2019,직업환경의학과,I83,1,1,1,15690,10990
2019,직업환경의학과,I87,1,1,1,11210,7910
2019,직업환경의학과,I95,1,1,1,15690,10990
2019,직업환경의학과,J00,47,56,56,777380,561780
2019,직업환경의학과,J01,2,2,2,34100,23900
2019,직업환경의학과,J02,1,1,1,15700,11000
2019,직업환경의학과,J03,45,55,55,777630,551030
2019,직업환경의학과,J06,339,504,504,7152260,5098360
2019,직업환경의학과,J10,3,4,4,49780,34980
2019,직업환경의학과,J18,1,1,1,18550,13050
2019,직업환경의학과,J20,2,2,2,48350,33950
2019,직업환경의학과,J21,24,32,32,578280,406480
2019,직업환경의학과,J30,46,58,58,1427110,1001310
2019,직업환경의학과,J34,1,1,1,15690,10990
2019,직업환경의학과,J35,1,1,1,11210,7910
2019,직업환경의학과,J36,1,1,1,16890,11890
2019,직업환경의학과,J40,4,5,5,81530,59130
2019,직업환경의학과,J43,4,4,4,96740,67940
2019,직업환경의학과,J45,8,21,21,292660,215660
2019,직업환경의학과,J47,1,1,1,25320,17820
2019,직업환경의학과,J90,1,1,1,59680,41780
2019,직업환경의학과,K00,1,1,1,19580,13780
2019,직업환경의학과,K04,2,2,2,19050,15250
2019,직업환경의학과,K12,5,5,5,69490,48790
2019,직업환경의학과,K20,1,1,1,25320,17820
2019,직업환경의학과,K21,61,118,118,1641150,1158250
2019,직업환경의학과,K25,1,1,1,11210,7910
2019,직업환경의학과,K29,56,79,79,1157360,822560
2019,직업환경의학과,K30,9,9,9,145790,102590
2019,직업환경의학과,K58,33,48,48,681920,481520
2019,직업환경의학과,K59,3,10,10,133840,118640
2019,직업환경의학과,K64,1,1,1,15690,10990
2019,직업환경의학과,K70,12,24,24,437700,314600
2019,직업환경의학과,K73,66,111,111,2456890,1726890
2019,직업환경의학과,K76,39,53,53,1583720,1110820
2019,직업환경의학과,K80,1,4,4,117430,87030
2019,직업환경의학과,L02,6,11,11,207120,145420
2019,직업환경의학과,L03,16,22,22,327990,230390
2019,직업환경의학과,L20,1,2,2,34110,24010
2019,직업환경의학과,L21,1,1,1,11210,7910
2019,직업환경의학과,L23,13,15,15,226700,159300
2019,직업환경의학과,L24,1,1,1,15690,10990
2019,직업환경의학과,L25,12,20,20,271360,190760
2019,직업환경의학과,L27,3,4,4,59320,41620
2019,직업환경의학과,L30,10,16,16,234470,169770
2019,직업환경의학과,L50,9,17,17,249870,175470
2019,직업환경의학과,L60,2,2,2,31380,21980
2019,직업환경의학과,L63,2,2,2,11210,7910
2019,직업환경의학과,L64,3,3,3,62580,43880
2019,직업환경의학과,L65,1,2,2,26900,18900
2019,직업환경의학과,L84,1,1,1,15690,10990
2019,직업환경의학과,L92,1,4,4,177580,124380
2019,직업환경의학과,M05,2,14,14,215490,151590
2019,직업환경의학과,M06,1,2,2,44780,31480
2019,직업환경의학과,M10,36,124,124,1951660,1383160
2019,직업환경의학과,M13,45,154,154,2318440,1646140
2019,직업환경의학과,M15,3,8,8,106370,74770
2019,직업환경의학과,M17,16,27,27,554440,397640
2019,직업환경의학과,M19,8,19,19,294160,206860
2019,직업환경의학과,M22,1,2,2,26900,18900
2019,직업환경의학과,M23,1,1,1,46990,45990
2019,직업환경의학과,M24,3,13,13,230530,162130
2019,직업환경의학과,M41,2,2,2,113160,79260
2019,직업환경의학과,M43,143,167,167,4265320,2995120
2019,직업환경의학과,M47,7,36,36,492200,346400
2019,직업환경의학과,M48,7,13,13,215060,157060
2019,직업환경의학과,M50,42,306,306,3449140,2452640
2019,직업환경의학과,M51,95,229,229,4046940,2878640
2019,직업환경의학과,M53,52,139,139,2537880,1792580
2019,직업환경의학과,M54,14,56,56,948280,672580
2019,직업환경의학과,M60,1,1,1,129140,90440
2019,직업환경의학과,M62,1,1,1,11210,9710
2019,직업환경의학과,M65,18,40,40,683280,484680
2019,직업환경의학과,M67,5,5,5,109340,76740
2019,직업환경의학과,M70,4,9,9,164230,120230
2019,직업환경의학과,M71,3,10,10,230950,162050
2019,직업환경의학과,M72,15,21,21,302330,212330
2019,직업환경의학과,M75,62,208,208,3392700,2392100
2019,직업환경의학과,M76,3,4,4,59630,41830
2019,직업환경의학과,M77,69,276,276,4084080,2881980
2019,직업환경의학과,M79,109,439,439,6253800,4402300
2019,직업환경의학과,M92,1,1,1,15690,10990
2019,직업환경의학과,M94,3,4,4,71740,50340
2019,직업환경의학과,M99,3,3,3,50960,35760
2019,직업환경의학과,N19,1,2,2,41680,29480
2019,직업환경의학과,N30,7,8,8,123580,86880
2019,직업환경의학과,N39,3,3,3,65630,49730
2019,직업환경의학과,N40,14,24,24,369250,275850
2019,직업환경의학과,N42,1,1,1,37230,29830
2019,직업환경의학과,N48,2,2,2,19390,15490
2019,직업환경의학과,N76,1,1,1,15690,10990
2019,직업환경의학과,N94,2,3,3,33630,23730
2019,직업환경의학과,P72,1,2,2,72860,51160
2019,직업환경의학과,Q76,3,3,3,77280,54180
2019,직업환경의학과,R00,1,1,1,18630,16830
2019,직업환경의학과,R03,8,8,8,138340,96940
2019,직업환경의학과,R07,5,6,6,146630,102930
2019,직업환경의학과,R10,2,2,2,126950,88950
2019,직업환경의학과,R11,4,4,4,55910,42510
2019,직업환경의학과,R20,1,1,1,15690,10990
2019,직업환경의학과,R22,1,1,1,11210,7910
2019,직업환경의학과,R31,3,3,3,59740,41940
2019,직업환경의학과,R42,4,4,4,64870,45470
2019,직업환경의학과,R50,1,1,1,11210,7910
2019,직업환경의학과,R52,1,1,1,11210,7910
2019,직업환경의학과,R53,1,1,1,0,0
2019,직업환경의학과,R73,14,17,17,447300,314000
2019,직업환경의학과,R76,1,1,1,25320,17820
2019,직업환경의학과,R79,1,1,1,15690,10990
2019,직업환경의학과,R80,2,2,2,35720,25120
2019,직업환경의학과,R94,19,21,21,448200,314400
2019,직업환경의학과,S00,1,1,1,11210,7910
2019,직업환경의학과,S01,7,8,8,146070,106570
2019,직업환경의학과,S02,1,2,2,40100,28100
2019,직업환경의학과,S10,1,2,2,37160,26060
2019,직업환경의학과,S13,40,70,70,1318870,933270
2019,직업환경의학과,S20,2,2,2,37330,26230
2019,직업환경의학과,S22,2,2,2,40240,28240
2019,직업환경의학과,S23,19,29,29,658510,462310
2019,직업환경의학과,S30,1,2,2,26900,18900
2019,직업환경의학과,S32,3,5,5,91590,64290
2019,직업환경의학과,S33,164,688,688,10577720,7560520
2019,직업환경의학과,S42,1,2,2,39160,27460
2019,직업환경의학과,S43,9,12,12,223470,168170
2019,직업환경의학과,S46,13,28,28,442330,314830
2019,직업환경의학과,S49,1,1,1,21440,15040
2019,직업환경의학과,S52,1,1,1,23470,16470
2019,직업환경의학과,S53,4,7,7,149340,104840
2019,직업환경의학과,S54,1,1,1,21370,14970
2019,직업환경의학과,S60,4,6,6,105620,74220
2019,직업환경의학과,S61,19,38,38,798180,572380
2019,직업환경의학과,S62,8,19,19,374360,271060
2019,직업환경의학과,S63,37,78,78,1532260,1076560
2019,직업환경의학과,S64,1,1,1,19630,13830
2019,직업환경의학과,S66,1,1,1,21830,15330
2019,직업환경의학과,S71,1,2,2,54810,38410
2019,직업환경의학과,S73,3,8,8,123990,87190
2019,직업환경의학과,S76,2,13,13,205570,144670
2019,직업환경의학과,S79,1,1,1,21370,14970
2019,직업환경의학과,S80,5,5,5,154170,108070
2019,직업환경의학과,S81,3,4,4,77130,54130
2019,직업환경의학과,S83,13,32,32,511160,401560
2019,직업환경의학과,S86,1,2,2,32240,22640
2019,직업환경의학과,S89,2,2,2,67820,47520
2019,직업환경의학과,S90,9,12,12,244460,171660
2019,직업환경의학과,S91,2,3,3,50590,35590
2019,직업환경의학과,S92,2,3,3,86950,61050
2019,직업환경의학과,S93,44,115,115,1757540,1235240
2019,직업환경의학과,S98,1,158,158,990760,701160
2019,직업환경의학과,T14,1,1,1,21830,15330
2019,직업환경의학과,T21,1,1,1,15690,10990
2019,직업환경의학과,T23,3,3,3,99730,70030
2019,직업환경의학과,T25,1,2,2,75440,52940
2019,직업환경의학과,T56,1,2,2,68800,48300
2019,직업환경의학과,T88,1,1,1,17520,12320
2019,직업환경의학과,Z00,2,2,2,35270,24770
2019,직업환경의학과,Z03,1,1,1,15690,10990
2019,직업환경의학과,Z22,1,1,1,54470,38170
2019,직업환경의학과,Z24,3,3,3,0,0
2019,직업환경의학과,Z25,3,3,3,35270,24770
2019,직업환경의학과,Z26,3,4,4,11210,7910
2019,치과,A00,19,20,20,464370,328070
2019,치과,A42,115,133,131,3545440,2579440
2019,치과,A50,1,1,1,15050,11950
2019,치과,A69,2420,3005,3000,49953210,37539210
2019,치과,B00,23077,27104,27093,376966180,283756680
2019,치과,B02,11,11,11,143710,105610
2019,치과,B05,16,16,16,445680,345780
2019,치과,B07,8,11,11,141760,102260
2019,치과,B08,23,26,26,431340,328140
2019,치과,B26,207,242,242,4313510,3119210
2019,치과,B37,2098,3037,3036,41984980,32033480
2019,치과,B54,1,1,1,0,0
2019,치과,C00,32,36,36,834320,599920
2019,치과,C01,2,2,2,29180,21880
2019,치과,C02,53,58,58,1934360,1388560
2019,치과,C03,20,53,53,845140,713740
2019,치과,C04,15,15,15,388370,284270
2019,치과,C05,5,5,5,95830,70930
2019,치과,C06,1,3,3,76440,53640
2019,치과,C08,1,1,1,18590,16790
2019,치과,C09,1,1,1,22230,15630
2019,치과,C30,1,1,1,28300,19900
2019,치과,C31,2,2,2,84750,73950
2019,치과,C41,24,28,28,1486980,1039600
2019,치과,C43,10,13,13,505590,356490
2019,치과,C49,3,3,3,35760,25160
2019,치과,C90,22,26,26,752110,537610
2019,치과,C93,17,18,18,673660,474860
2019,치과,D00,11,12,12,230600,173500
2019,치과,D02,2,3,3,36740,25740
2019,치과,D03,4,5,5,142780,101980
2019,치과,D10,1805,3059,3051,160031650,113452650
2019,치과,D11,10,12,12,283130,203130
2019,치과,D14,2,2,2,36200,25400
2019,치과,D16,275,444,443,28916630,20400950
2019,치과,D17,92,122,122,3337130,2396930
2019,치과,D18,24,29,29,773450,555150
2019,치과,D21,37,41,41,778410,599210
2019,치과,D22,5,5,5,76360,59460
2019,치과,D23,6,6,6,130250,91450
2019,치과,D37,9,11,11,339780,245380
2019,치과,D38,3,3,3,141870,99470
2019,치과,D50,1,1,1,14130,9930
2019,치과,D69,24,27,27,468970,355170
2019,치과,E03,1,1,1,14130,9930
2019,치과,E10,854,1026,960,38300490,27227550
2019,치과,E11,20,25,25,946470,662680
2019,치과,E13,103,116,111,4089490,2899140
2019,치과,E14,24,31,31,437290,316590
2019,치과,E50,2,2,2,28260,19860
2019,치과,E53,3,3,3,73740,54440
2019,치과,E55,4,4,4,52970,41570
2019,치과,E64,1,1,1,14130,12630
2019,치과,E78,1,5,5,0,0
2019,치과,F43,1,1,1,35500,24900
2019,치과,F45,1805,2005,2005,39864150,28720050
2019,치과,F51,4,4,4,45260,32760
2019,치과,F54,1,1,1,163880,114780
2019,치과,F95,8,8,8,132830,102230
2019,치과,F98,8,8,8,123350,96650
2019,치과,G05,1,1,1,18000,12600
2019,치과,G24,73,90,90,2349880,1679980
2019,치과,G43,13,19,19,243230,170730
2019,치과,G44,2,2,2,87470,61270
2019,치과,G47,48,92,92,1300810,931710
2019,치과,G50,2076,3549,3549,54759730,40409230
2019,치과,G51,88,158,158,2172840,1588340
2019,치과,G52,18,40,40,567530,421230
2019,치과,G53,1,1,1,26830,18830
2019,치과,G54,23,72,72,784390,567290
2019,치과,G58,2,2,2,19950,14050
2019,치과,G64,1,1,1,11810,8310
2019,치과,G93,1,1,1,0,0
2019,치과,H00,2,2,2,9370,6570
2019,치과,H01,1,1,1,9370,6570
2019,치과,H04,5,12,12,94000,66000
2019,치과,H11,1,2,2,23500,16500
2019,치과,H13,1,1,1,14130,9930
2019,치과,H81,1,2,2,18740,13140
2019,치과,H93,1,1,1,14130,9930
2019,치과,I10,3,9,9,46260,32460
2019,치과,I20,3,6,6,42240,33640
2019,치과,I33,1,2,2,207770,145570
2019,치과,I49,1,2,2,23500,16500
2019,치과,I78,1,1,1,50480,35380
2019,치과,I88,1,1,1,14130,9930
2019,치과,J00,58,68,68,1082260,760960
2019,치과,J01,11371,14403,14397,343566100,244047400
2019,치과,J02,1,1,1,9370,7870
2019,치과,J03,152,186,186,2829940,2042340
2019,치과,J06,14,22,22,206820,149120
2019,치과,J11,1,1,1,0,0
2019,치과,J20,3,6,6,39990,28590
2019,치과,J30,18,24,24,639860,453260
2019,치과,J32,7236,9365,9342,242439030,172216830
2019,치과,J33,1,1,1,46650,32750
2019,치과,J34,28,43,43,786080,568880
2019,치과,J35,52,66,66,900130,653330
2019,치과,J36,63,114,114,2697730,1919230
2019,치과,J45,3,3,3,127620,89420
2019,치과,K00,1798557,3232461,3231799,93837173630,68276913690
2019,치과,K01,1098175,2109265,2108907,104287669030,73303972250
2019,치과,K02,6054913,10423961,10411113,516525458960,370904575340
2019,치과,K03,1865385,2805281,2796931,137835536740,97433276090
2019,치과,K04,3959184,13316558,13299515,555591994800,397134692940
2019,치과,K05,15751985,32014013,31956299,1418436584340,1001977228810
2019,치과,K06,120551,167059,166518,5637867340,4040016100
2019,치과,K07,749969,1175409,1173979,37997241130,27070162460
2019,치과,K08,1375214,4186076,3854339,1455153153120,1022502531660
2019,치과,K09,1250,1857,1855,73709060,52365100
2019,치과,K10,28049,53523,53200,1468025730,1060436440
2019,치과,K11,3408,4512,4506,114100530,82423230
2019,치과,K12,313756,411007,410531,6144875060,4673154840
2019,치과,K13,5089,7403,7392,138834080,105036980
2019,치과,K14,3808,6499,6497,117146230,86276330
2019,치과,K20,4,6,6,56370,40870
2019,치과,K21,57,68,66,2270590,1612190
2019,치과,K25,52,58,55,1844920,1315620
2019,치과,K29,1473,1861,1820,69440610,49311910
2019,치과,K30,525,604,569,14663490,10484990
2019,치과,K50,1,1,1,46520,32620
2019,치과,K52,1,1,1,14140,9940
2019,치과,L03,1,1,1,14130,9930
2019,치과,L04,3,3,3,79570,55770
2019,치과,L08,1,1,1,14130,9930
2019,치과,L10,4,7,7,142320,109120
2019,치과,L12,5,8,8,136090,96790
2019,치과,L20,3,3,3,37630,26430
2019,치과,L23,1,2,2,23500,20500
2019,치과,L24,10,14,14,160330,115430
2019,치과,L25,2,4,4,9370,6570
2019,치과,L28,11,20,20,378340,271040
2019,치과,L43,410,1054,1054,14543550,10739850
2019,치과,L50,8,12,12,115530,81130
2019,치과,L70,1,1,1,14130,9930
2019,치과,L81,170,179,179,3147490,2290690
2019,치과,M05,1,1,1,0,0
2019,치과,M10,1,2,2,14130,9930
2019,치과,M12,2,2,2,127700,89400
2019,치과,M13,11,28,28,953800,668700
2019,치과,M35,38,72,72,3079990,2393790
2019,치과,M62,1,1,1,14130,9930
2019,치과,M72,1,21,21,267390,226890
2019,치과,M77,1,1,1,36190,25390
2019,치과,M79,386,494,493,12841160,9199860
2019,치과,M82,1,1,1,14130,9930
2019,치과,M85,4,4,4,89660,62860
2019,치과,M86,4,9,9,236980,176180
2019,치과,M87,1,7,7,90430,71530
2019,치과,M88,1,2,2,24700,22300
2019,치과,N39,1,1,1,14130,9930
2019,치과,N40,1,2,2,0,0
2019,치과,N41,1,1,1,0,0
2019,치과,N94,1,1,1,0,0
2019,치과,N95,1,1,1,11810,8310
2019,치과,P71,12,12,12,184560,151860
2019,치과,Q18,1,1,1,54970,38570
2019,치과,Q35,98,183,183,121606100,85294100
2019,치과,Q36,235,486,486,287682940,208214840
2019,치과,Q37,496,1168,1170,719006540,514953560
2019,치과,Q38,5594,9781,9757,282907740,203962640
2019,치과,Q67,10,10,10,196890,139990
2019,치과,Q74,1,5,5,3179520,2225920
2019,치과,Q75,6,7,7,227440,159640
2019,치과,Q78,2,2,2,150500,121600
2019,치과,R05,2,2,2,25940,18240
2019,치과,R06,11,41,41,886150,621450
2019,치과,R12,8465,10161,10101,282425890,202164920
2019,치과,R19,1698,1782,1782,29162470,21730070
2019,치과,R20,14,45,45,628810,477610
2019,치과,R25,2,2,2,40960,31460
2019,치과,R43,8,11,11,180090,130390
2019,치과,R44,63,145,145,1843540,1398740
2019,치과,R51,95,103,103,2429420,1726820
2019,치과,R52,15,16,16,432720,310320
2019,치과,R57,3,3,3,57220,41220
2019,치과,R58,341,406,405,9893380,7108080
2019,치과,R63,5,5,5,118270,88870
2019,치과,R68,9,10,10,154720,116020
2019,치과,S00,17530,20266,20262,378522890,288176690
2019,치과,S01,12141,16109,16099,305908000,230897800
2019,치과,S02,602567,1019670,1017351,33161448510,23701081010
2019,치과,S03,74399,103286,103197,2653479300,1954497500
2019,치과,S04,779,1600,1600,19826760,14488860
2019,치과,S05,1,1,1,36680,28980
2019,치과,S06,1,1,1,23470,18570
2019,치과,S07,4,11,11,560310,401210
2019,치과,S08,45,49,49,1200910,863310
2019,치과,S09,20,22,22,399970,298470
2019,치과,S61,1,1,1,11130,7830
2019,치과,T14,2,3,3,67830,47630
2019,치과,T17,2,2,2,475210,332710
2019,치과,T18,94,98,98,1523760,1119560
2019,치과,T20,1,1,1,15050,11950
2019,치과,T78,1,2,2,23500,16500
2019,치과,T79,229,251,249,5071120,3795120
2019,치과,T80,6,8,8,104460,73360
2019,치과,T81,26,29,29,501970,362470
2019,치과,T84,3,10,10,173470,125670
2019,치과,T85,336229,402151,401252,12563725590,9003005150
2019,치과,T87,2,2,2,18740,13140
2019,치과,T98,2,3,3,40050,31850
2019,치과,Z01,7430,8271,8271,176544070,128791870
2019,치과,Z02,21,21,21,0,0
2019,치과,Z03,2,2,2,18740,13140
2019,치과,Z04,28,33,33,821070,606870
2019,치과,Z11,1,1,1,33710,9930
2019,치과,Z29,615523,790843,790803,68795089510,58013734270
2019,치과,Z46,1161838,1726909,1643526,92299032210,65735850330
2019,치과,Z47,38,46,46,1541050,1103050
2019,치과,Z48,9249,11716,11657,187605240,136775240
2019,치과,Z56,1,1,1,14130,9930
2019,치과,Z71,14,14,14,193420,135920
2019,치과,Z72,34,34,34,479320,378520
2019,치과,Z88,2,2,2,15850,12850
2019,치과,Z96,2578,3492,3480,176193700,124745240
2019,치과,Z97,18021,20688,20523,801412090,571702960
2019,치과,Z98,2,2,2,90930,63730