진료년도,표시과목,주상병코드,환자수,명세서 청구건수,입내원일수,요양급여비용총액,보험자부담금
2020,일반의,A00,7,10,10,236870,171270
2020,일반의,A01,5,8,8,205210,144110
2020,일반의,A02,83,156,368,35559020,30019610
2020,일반의,A03,6,6,20,2037550,1569440
2020,일반의,A04,90784,127859,131833,3037321960,2280580430
2020,일반의,A05,5364,8202,8996,235176050,184100170
2020,일반의,A06,497,675,674,12599370,9395570
2020,일반의,A07,642,873,873,13090670,9917170
2020,일반의,A08,45246,61832,62968,1293329650,978223050
2020,일반의,A09,600463,845360,858915,17765195470,13230695240
2020,일반의,A15,278,2092,2100,112496590,109583850
2020,일반의,A16,393,1292,1314,73027830,65551190
2020,일반의,A17,2,2,2,51040,35840
2020,일반의,A18,136,422,422,14606660,11970400
2020,일반의,A19,4,5,15,2854680,2693490
2020,일반의,A20,1,1,1,20140,14140
2020,일반의,A22,3,5,5,69860,49060
2020,일반의,A24,2,2,2,32280,25880
2020,일반의,A25,6,7,7,145040,104340
2020,일반의,A26,64,99,105,2216930,1665530
2020,일반의,A27,2,4,4,199340,143540
2020,일반의,A28,45,57,57,1619780,1147980
2020,일반의,A30,78,111,156,5067010,3917050
2020,일반의,A31,468,1690,1688,47177210,34800640
2020,일반의,A35,44,52,52,1791660,1280160
2020,일반의,A37,1,1,1,16140,11340
2020,일반의,A38,79,127,133,3511460,2833600
2020,일반의,A39,1,2,2,70080,70080
2020,일반의,A40,23,30,30,612280,451080
2020,일반의,A41,78,130,176,8317650,6432860
2020,일반의,A42,35,52,52,1311210,906270
2020,일반의,A43,1,1,1,73280,51380
2020,일반의,A44,1,1,1,12130,9630
2020,일반의,A46,262,566,577,12097730,9141870
2020,일반의,A48,714,1129,1129,31339180,22179630
2020,일반의,A49,11404,20634,20809,705566330,502220820
2020,일반의,A50,8,12,12,244730,188530
2020,일반의,A51,842,1542,1540,143920200,101066670
2020,일반의,A52,17,63,63,1434440,1023440
2020,일반의,A53,513,809,808,36006310,26539990
2020,일반의,A54,1357,2395,2395,99396190,69681360
2020,일반의,A55,242,270,270,4785650,3369950
2020,일반의,A56,4878,9218,9218,346246890,242874850
2020,일반의,A57,27,43,43,1815470,1279370
2020,일반의,A58,16,19,19,1309720,1064770
2020,일반의,A59,8389,14833,14833,572779170,403319830
2020,일반의,A60,19587,35234,35262,968848840,693893690
2020,일반의,A63,34397,57573,57580,4873273370,3417112820
2020,일반의,A64,5706,9770,9769,760198080,534362380
2020,일반의,A65,8,12,12,427200,301600
2020,일반의,A66,46,92,92,3413740,2464040
2020,일반의,A67,12,13,13,215300,160900
2020,일반의,A69,2777,4310,4323,78673310,59703110
2020,일반의,A71,20,33,33,735550,519250
2020,일반의,A74,367,483,483,13397910,9442810
2020,일반의,A75,590,1164,1666,99434450,76130260
2020,일반의,A77,60,139,139,3402380,2451780
2020,일반의,A79,65,114,114,2149150,1634250
2020,일반의,A80,2,3,3,43840,35940
2020,일반의,A81,7,128,128,3317220,2579120
2020,일반의,A82,2,2,2,40830,28630
2020,일반의,A86,6,6,10,1279790,1089730
2020,일반의,A87,419,583,612,16219770,12131790
2020,일반의,A88,459,817,817,14888930,11449010
2020,일반의,A92,1,1,1,18050,12650
2020,일반의,A93,2,3,3,47550,40150
2020,일반의,A98,6,9,23,1651860,1276990
2020,일반의,A99,13,14,14,239530,179530
2020,일반의,B00,196033,282001,282245,4775322280,3527804140
2020,일반의,B01,4238,7156,7413,168649600,131486160
2020,일반의,B02,201583,473775,484368,10694459760,7982476330
2020,일반의,B05,15,20,20,457320,339320
2020,일반의,B06,10,12,12,282220,205920
2020,일반의,B07,119558,277445,277431,15016263820,10600181230
2020,일반의,B08,25250,35592,35746,1184751790,879501460
2020,일반의,B09,944,1191,1191,19490720,14999420
2020,일반의,B15,335,536,712,46796580,36212470
2020,일반의,B16,264,391,391,16364410,11689010
2020,일반의,B17,3073,4684,4805,270510500,191827950
2020,일반의,B18,21352,58969,59209,3911297120,2756230020
2020,일반의,B19,610,989,1000,38484930,27344570
2020,일반의,B20,4,4,4,61920,45420
2020,일반의,B24,19,41,41,615410,496810
2020,일반의,B25,14,155,155,6802810,6084910
2020,일반의,B26,918,1370,1396,32654620,24322870
2020,일반의,B27,46,78,127,7860450,6581340
2020,일반의,B30,2970,4617,4617,80757570,61069420
2020,일반의,B33,1717,2623,2623,47056110,34913910
2020,일반의,B34,957,1320,1402,34526430,27323240
2020,일반의,B35,754265,1722923,1722986,27136775500,20226056640
2020,일반의,B36,20898,31082,31081,518133230,378332260
2020,일반의,B37,92026,167103,167120,6718414400,4747275460
2020,일반의,B38,6,9,9,147670,114370
2020,일반의,B39,1,2,2,41340,29040
2020,일반의,B40,87,252,252,12072350,8539150
2020,일반의,B41,1,1,1,17070,13570
2020,일반의,B42,1,1,1,16140,11340
2020,일반의,B43,1035,1394,1394,39792620,28600660
2020,일반의,B44,14,45,45,643820,482820
2020,일반의,B45,1,1,1,16140,14540
2020,일반의,B46,18,20,20,557840,469240
2020,일반의,B47,123,227,227,3394240,2624640
2020,일반의,B48,390,890,890,15288070,11482870
2020,일반의,B49,1763,3567,3567,59970470,44402170
2020,일반의,B50,39,50,50,691520,523920
2020,일반의,B51,8,8,8,96240,70840
2020,일반의,B52,5,5,5,80700,56700
2020,일반의,B53,10,11,11,158540,117940
2020,일반의,B54,157,167,167,2859640,2061240
2020,일반의,B56,8,9,9,223540,177640
2020,일반의,B58,70,209,209,4157490,2956590
2020,일반의,B60,18,22,22,276880,215880
2020,일반의,B64,23,34,34,571380,433880
2020,일반의,B65,35,38,38,662670,487170
2020,일반의,B66,1543,1779,1779,34636130,25398330
2020,일반의,B67,4,4,4,63960,44960
2020,일반의,B68,70,77,77,1182100,865600
2020,일반의,B69,18,48,48,769890,619590
2020,일반의,B71,23,23,23,346840,254240
2020,일반의,B73,1,1,1,12010,8410
2020,일반의,B74,1,1,1,16140,11340
2020,일반의,B76,28,32,32,493690,359990
2020,일반의,B77,29,30,30,471770,348470
2020,일반의,B79,19,20,20,2298160,1594420
2020,일반의,B80,88,91,91,1459350,1105450
2020,일반의,B81,29,29,29,3083560,2164460
2020,일반의,B82,148,172,172,6200620,4444020
2020,일반의,B83,279,351,351,6261570,4568650
2020,일반의,B85,2079,2579,2579,52521490,38061790
2020,일반의,B86,7333,12171,12172,201993700,152501080
2020,일반의,B87,14,16,16,299680,236880
2020,일반의,B88,4732,7015,7022,207471010,150398490
2020,일반의,B89,146,157,157,2877410,2114010
2020,일반의,B90,337,467,467,29316660,20798570
2020,일반의,B91,8,107,107,5095830,3574830
2020,일반의,B92,27,31,31,513630,413330
2020,일반의,B94,20,23,23,814460,580160
2020,일반의,B96,13,15,15,181810,130010
2020,일반의,B97,1100,2015,2016,152334390,107155680
2020,일반의,B98,5969,7519,7530,165569790,117182790
2020,일반의,B99,85,106,130,4497060,3528930
2020,일반의,C00,7,31,31,882100,832700
2020,일반의,C01,22,134,187,7669850,6890450
2020,일반의,C02,90,535,1015,70030950,62936600
2020,일반의,C03,22,282,378,14649480,13486500
2020,일반의,C04,12,103,278,19341210,17203740
2020,일반의,C05,21,246,526,20352910,17834410
2020,일반의,C06,55,291,399,28817360,26594820
2020,일반의,C07,50,221,367,22894880,19509390
2020,일반의,C08,50,418,600,56008190,53069970
2020,일반의,C09,77,529,876,40360500,36386290
2020,일반의,C10,35,265,674,53404440,48524240
2020,일반의,C11,91,789,1991,143709860,130607010
2020,일반의,C12,9,55,162,7162820,6303820
2020,일반의,C13,58,370,602,42436090,39082220
2020,일반의,C14,13,106,283,9098890,7681370
2020,일반의,C15,518,3032,5401,410192650,377655190
2020,일반의,C16,4854,31236,38275,2367076660,2196153420
2020,일반의,C17,116,736,1212,120499160,112778710
2020,일반의,C18,2817,18071,24125,2011713080,1868477230
2020,일반의,C19,319,2099,3191,196795140,180451010
2020,일반의,C20,1371,9098,14883,1193109380,1099792430
2020,일반의,C21,86,488,518,26397930,24016440
2020,일반의,C22,2436,14690,21322,1962413230,1812585210
2020,일반의,C23,376,2580,3967,403370450,376590360
2020,일반의,C24,681,4744,7815,737674210,686510840
2020,일반의,C25,1498,10809,16073,1901646910,1778400570
2020,일반의,C26,48,366,364,8047840,7458740
2020,일반의,C30,33,192,477,57293900,52604870
2020,일반의,C31,36,295,402,21342440,19608500
2020,일반의,C32,128,785,1069,44937460,40616010
2020,일반의,C33,26,166,202,19549400,18569620
2020,일반의,C34,3992,26795,43554,3805558430,3522296160
2020,일반의,C37,100,986,1213,80989970,75427800
2020,일반의,C38,31,246,341,13925390,12308140
2020,일반의,C39,27,120,122,2790130,2649120
2020,일반의,C40,21,64,139,6983040,6197680
2020,일반의,C41,80,733,865,38518780,35592620
2020,일반의,C43,405,1045,1673,161996250,146980390
2020,일반의,C44,948,5364,5796,238813060,217289700
2020,일반의,C45,27,91,208,55475880,51949260
2020,일반의,C46,26,265,279,7338660,6791570
2020,일반의,C47,12,23,23,1431370,1351570
2020,일반의,C48,79,602,1079,102532380,94517580
2020,일반의,C49,206,1784,2553,225527410,208252160
2020,일반의,C50,6828,45944,71466,3343616210,2977904170
2020,일반의,C51,31,382,522,26204120,24010840
2020,일반의,C52,11,149,246,14544590,13319710
2020,일반의,C53,602,3925,6498,323418430,294193690
2020,일반의,C54,593,3717,5204,278542860,243290520
2020,일반의,C55,72,695,833,30850290,28041210
2020,일반의,C56,1111,9620,13257,869930930,778926850
2020,일반의,C57,66,540,1123,62587220,56114360
2020,일반의,C58,6,27,27,1490540,1311230
2020,일반의,C60,7,93,93,5467440,5188940
2020,일반의,C61,2824,19165,21749,1285368170,1197112950
2020,일반의,C62,46,162,184,8750880,7292830
2020,일반의,C63,11,34,66,2424210,2007360
2020,일반의,C64,619,4079,4794,356348370,328115630
2020,일반의,C65,95,641,941,86285030,78848780
2020,일반의,C66,98,590,991,194344770,182245040
2020,일반의,C67,915,5693,7108,572939530,531907900
2020,일반의,C68,18,86,99,8164460,7620520
2020,일반의,C69,28,259,287,10032470,9016310
2020,일반의,C70,37,250,276,17079980,16088960
2020,일반의,C71,401,3416,6024,804684200,751179950
2020,일반의,C72,50,380,387,9918360,8635380
2020,일반의,C73,8431,26336,33984,1851419010,1611654260
2020,일반의,C74,34,277,369,16084000,14812770
2020,일반의,C75,30,291,291,6737920,5744720
2020,일반의,C76,78,316,375,20001470,19189240
2020,일반의,C77,146,486,739,32624960,27470860
2020,일반의,C78,379,2213,3049,179974250,166055140
2020,일반의,C79,192,1191,1874,220363810,205962330
2020,일반의,C80,227,1981,2581,256510910,239599630
2020,일반의,C81,55,254,393,9446400,8561650
2020,일반의,C82,68,513,677,25141220,23032040
2020,일반의,C83,249,1595,2980,232113240,213331340
2020,일반의,C84,43,469,630,31594670,29131730
2020,일반의,C85,264,1485,1765,85790300,78420830
2020,일반의,C86,31,208,702,73939220,67903840
2020,일반의,C88,75,285,335,20190430,18472370
2020,일반의,C90,240,1534,2365,175399490,161274450
2020,일반의,C91,80,554,596,18489750,16623160
2020,일반의,C92,207,1381,1659,110697990,102808100
2020,일반의,C93,9,31,163,53436000,50294390
2020,일반의,C94,24,78,138,9409400,8610000
2020,일반의,C95,58,246,269,12831420,11976960
2020,일반의,C96,37,240,241,5124230,4667680
2020,일반의,C97,1,1,1,11540,11040
2020,일반의,D00,131,621,673,23105430,21474410
2020,일반의,D01,550,2385,2531,145345150,133772680
2020,일반의,D02,56,675,675,18273540,17305300
2020,일반의,D03,151,201,197,4681620,3653120
2020,일반의,D04,117,619,619,22155690,20412810
2020,일반의,D05,758,3216,3534,193378380,176928950
2020,일반의,D06,761,2709,2822,191880560,174461190
2020,일반의,D07,318,706,851,55118960,43095500
2020,일반의,D09,123,662,694,22488780,20703350
2020,일반의,D10,429,659,676,36185880,25920160
2020,일반의,D11,194,285,285,10237010,7432430
2020,일반의,D12,21554,26073,26977,8077582940,5734170230
2020,일반의,D13,9149,10425,10446,1398632860,961456390
2020,일반의,D14,1638,1953,2027,235095830,165813810
2020,일반의,D15,168,211,210,14208760,10032130
2020,일반의,D16,261,360,378,26308740,18907080
2020,일반의,D17,30313,79356,79834,5350938310,3815442160
2020,일반의,D18,6453,8366,8413,1275841360,881888960
2020,일반의,D19,22,54,54,2898300,2175500
2020,일반의,D20,9,11,21,1484090,1080760
2020,일반의,D21,13823,40971,41267,2761647840,1972477260
2020,일반의,D22,2629,3149,3148,84001190,60636390
2020,일반의,D23,65055,132571,132844,8736645360,6208706540
2020,일반의,D24,20631,27742,28020,1672418430,1186083940
2020,일반의,D25,45280,59579,62488,8623147870,6115289600
2020,일반의,D26,825,960,986,97888520,68648530
2020,일반의,D27,8678,11564,12248,1611286880,1099750580
2020,일반의,D28,2161,3878,3933,622780560,437861250
2020,일반의,D29,1802,3290,3287,420176400,295286260
2020,일반의,D30,1820,2127,2167,306922160,212622220
2020,일반의,D31,100,151,151,11788990,8588460
2020,일반의,D32,572,4042,4206,167262530,151164760
2020,일반의,D33,525,1908,2177,139735380,114785140
2020,일반의,D34,15565,19349,19367,1393971660,982507000
2020,일반의,D35,797,1951,1968,131160430,96998010
2020,일반의,D36,3174,6760,6847,429096840,305139900
2020,일반의,D37,2500,3970,4103,438710240,325072870
2020,일반의,D38,830,1139,1257,113857240,82011620
2020,일반의,D39,806,1152,1174,126789630,88322290
2020,일반의,D40,198,558,558,29063000,21692900
2020,일반의,D41,438,649,653,75250310,54308600
2020,일반의,D42,33,166,301,10215740,9074980
2020,일반의,D43,177,643,1090,118939860,103983650
2020,일반의,D44,2835,4153,4149,310981120,222394480
2020,일반의,D45,67,354,354,9941910,9301010
2020,일반의,D46,135,804,1133,53925220,48633700
2020,일반의,D47,273,1232,1295,57228710,52231820
2020,일반의,D48,1724,2700,2943,243389390,184928760
2020,일반의,D50,54451,101361,101489,3100526810,2260198960
2020,일반의,D51,586,1874,1873,32134150,25805650
2020,일반의,D52,503,957,957,15978540,12102990
2020,일반의,D53,648,1291,1287,55120370,39824540
2020,일반의,D55,13,15,15,513170,377670
2020,일반의,D56,8,13,14,662810,551540
2020,일반의,D57,2,2,2,32280,26480
2020,일반의,D58,20,45,45,939460,699260
2020,일반의,D59,66,161,161,2677360,2161600
2020,일반의,D60,4,5,5,223270,201270
2020,일반의,D61,57,145,150,4135480,3275810
2020,일반의,D62,73,88,102,4631550,3418010
2020,일반의,D63,128,426,426,23190380,19985020
2020,일반의,D64,19795,27477,27508,1233688590,885090810
2020,일반의,D65,4,12,12,228620,162920
2020,일반의,D66,1009,13424,13424,86576662210,78289180280
2020,일반의,D67,245,3006,3005,31729706430,28684682180
2020,일반의,D68,456,1072,1072,1814273190,1630461190
2020,일반의,D69,4552,8078,8093,162668660,122603930
2020,일반의,D70,32,53,53,1061600,810500
2020,일반의,D71,1,1,1,18590,13090
2020,일반의,D72,2108,2658,2651,95452040,67796870
2020,일반의,D73,133,161,161,17360790,11710700
2020,일반의,D74,1,1,1,14060,9860
2020,일반의,D75,523,679,695,23011280,16567220
2020,일반의,D76,22,38,38,940540,755940
2020,일반의,D77,15,21,21,377050,280050
2020,일반의,D80,4,95,95,1235230,1104230
2020,일반의,D81,7,19,19,266500,215600
2020,일반의,D82,11,178,178,8176250,7354750
2020,일반의,D83,2,5,5,79450,69150
2020,일반의,D84,91,341,378,8974060,7126340
2020,일반의,D86,28,71,70,2855740,2455640
2020,일반의,D89,37,130,130,2347430,1764070
2020,일반의,E00,25,49,49,1307070,946770
2020,일반의,E01,54,92,92,3331650,2313950
2020,일반의,E02,921,4410,4410,144064460,105633110
2020,일반의,E03,64839,233216,233248,6915240380,5027184640
2020,일반의,E04,31008,38498,38482,2713951880,1909171070
2020,일반의,E05,19372,67006,67016,2681325940,1913034880
2020,일반의,E06,10887,21115,21106,1191922390,843598870
2020,일반의,E07,20406,28133,28116,1602792290,1138818390
2020,일반의,E10,6251,26552,27513,644997000,494823110
2020,일반의,E11,536581,3454208,3468386,78910378770,61066287600
2020,일반의,E12,219,896,896,17310460,13728790
2020,일반의,E13,17458,90623,90726,2058171680,1582849030
2020,일반의,E14,80956,395562,396077,8972688840,6848060420
2020,일반의,E15,9,15,15,327140,271940
2020,일반의,E16,3027,4519,4535,96546370,74200000
2020,일반의,E20,307,766,766,22147160,16485360
2020,일반의,E21,616,1296,1299,101152880,76173730
2020,일반의,E22,2001,3894,3886,210901190,150846290
2020,일반의,E23,628,2878,2880,73995430,54882470
2020,일반의,E24,107,328,377,15299380,12155050
2020,일반의,E25,41,174,174,4224480,3520680
2020,일반의,E26,9,23,23,1592150,1276150
2020,일반의,E27,666,1762,1785,65908660,49292390
2020,일반의,E28,9128,19354,19316,1317886170,855340130
2020,일반의,E29,748,1564,1564,44753080,31838560
2020,일반의,E30,7342,33640,33622,3272937140,2300396560
2020,일반의,E32,27,42,42,652000,485700
2020,일반의,E34,1132,2611,2611,71628260,49996970
2020,일반의,E35,137,198,197,9693580,6959930
2020,일반의,E40,1,4,4,85600,60200
2020,일반의,E41,302,649,649,13169920,10610220
2020,일반의,E42,5,6,6,178870,131170
2020,일반의,E43,7,7,7,214420,161320
2020,일반의,E44,91,198,198,5891810,4219210
2020,일반의,E45,7,7,7,103160,79760
2020,일반의,E46,661,1403,1403,26943830,21075980
2020,일반의,E50,6859,11180,11178,173807040,129857820
2020,일반의,E51,103,188,291,10017360,7074320
2020,일반의,E53,1132,1923,1923,73638580,52289070
2020,일반의,E54,169,358,358,8593420,6269860
2020,일반의,E55,39838,61969,61997,1282670170,929536350
2020,일반의,E56,1886,4808,4825,162072570,127804100
2020,일반의,E58,1726,3739,3739,57823010,44847510
2020,일반의,E59,13,35,86,4844720,4188000
2020,일반의,E60,48,99,99,1625020,1236620
2020,일반의,E61,1228,1820,1820,38443300,29658280
2020,일반의,E63,2444,4629,4630,112931620,90023570
2020,일반의,E64,97,151,160,4252270,3304840
2020,일반의,E65,32,35,35,571980,414180
2020,일반의,E66,5578,10070,10083,423408990,305634020
2020,일반의,E67,50,83,84,1626900,1167670
2020,일반의,E68,4,5,5,93290,65590
2020,일반의,E70,27,31,30,846300,622900
2020,일반의,E71,46,328,332,30044170,26687250
2020,일반의,E72,53,223,223,11959080,10664460
2020,일반의,E73,209,317,317,5159740,4566270
2020,일반의,E74,48,77,77,4198710,3643810
2020,일반의,E75,52,404,404,12091030,10527930
2020,일반의,E76,15,95,95,8863940,7793940
2020,일반의,E77,6,19,19,463340,393640
2020,일반의,E78,481471,1416691,1416760,32389183970,23607491790
2020,일반의,E79,1696,2531,2531,98717510,70355480
2020,일반의,E80,243,294,293,11103050,7884350
2020,일반의,E83,3693,6889,6889,139584950,105758190
2020,일반의,E84,9,9,9,200100,151200
2020,일반의,E85,11,15,15,336330,280630
2020,일반의,E86,33506,50047,50157,1357723140,1008428430
2020,일반의,E87,9461,23033,23117,939827270,744182850
2020,일반의,E88,785,2543,2561,70587790,53387730
2020,일반의,E89,1859,5279,5291,141893130,103311560
2020,일반의,E90,61,338,338,4641330,3289230
2020,일반의,F00,50819,323716,355440,9702290600,7469316020
2020,일반의,F01,2149,8312,9031,252139870,196676720
2020,일반의,F02,347,1214,1238,39573410,31778040
2020,일반의,F03,5818,18621,18790,714343920,567613090
2020,일반의,F04,27,82,82,1128870,945570
2020,일반의,F05,232,639,639,20404250,15847050
2020,일반의,F06,69516,200153,203048,4381956730,3505280480
2020,일반의,F07,459,1139,1257,41990670,31915260
2020,일반의,F09,101,459,459,11131090,8841190
2020,일반의,F10,2308,10367,27528,2002795870,1540921220
2020,일반의,F11,6,17,17,894230,697530
2020,일반의,F12,1,3,3,125290,104990
2020,일반의,F13,24,62,111,4911940,3697330
2020,일반의,F15,6,12,12,233750,198150
2020,일반의,F16,4,16,16,790330,630430
2020,일반의,F17,410,912,912,17043310,12589770
2020,일반의,F18,3,4,4,60310,42410
2020,일반의,F19,19,51,61,2974550,2357920
2020,일반의,F20,3701,41182,72546,4894666240,4041024290
2020,일반의,F21,21,240,258,12831160,11048480
2020,일반의,F22,281,1688,3526,265156880,207188940
2020,일반의,F23,378,2380,2951,177652770,142592520
2020,일반의,F24,2,10,10,722580,535180
2020,일반의,F25,394,4231,9082,674672570,568619580
2020,일반의,F28,113,803,1621,145225400,122273760
2020,일반의,F29,708,6791,9750,619986530,508929040
2020,일반의,F30,111,578,755,29926380,25294720
2020,일반의,F31,7532,56236,65265,3601117680,2788375830
2020,일반의,F32,56371,341295,355453,18808517580,14842439100
2020,일반의,F33,6247,41598,41933,2052240350,1620678050
2020,일반의,F34,2456,12064,12712,539256270,425057260
2020,일반의,F38,2009,5019,5019,117396500,90520700
2020,일반의,F39,1411,3613,3613,88016230,70032990
2020,일반의,F40,3719,16534,16534,742523470,592359770
2020,일반의,F41,90464,351161,353318,12277426880,9699182730
2020,일반의,F42,1794,14133,14197,854469490,671034920
2020,일반의,F43,10325,39078,39153,2085192670,1662364360
2020,일반의,F44,101,328,328,18625100,14218400
2020,일반의,F45,10239,28328,28329,795335650,624144900
2020,일반의,F48,17284,36733,36849,845459920,651993420
2020,일반의,F50,2682,10181,10191,520337840,408075580
2020,일반의,F51,72780,275711,276103,6193585210,4859713120
2020,일반의,F52,928,1429,1429,21079300,15323670
2020,일반의,F53,11,32,32,2214900,1661800
2020,일반의,F54,187,293,293,4975050,3765650
2020,일반의,F55,9,14,14,281650,214550
2020,일반의,F59,74,100,100,1552520,1109720
2020,일반의,F60,143,829,858,51337980,40573040
2020,일반의,F61,1,2,2,279360,207160
2020,일반의,F62,5,14,156,15067220,11501130
2020,일반의,F63,243,1113,1349,85665210,66603870
2020,일반의,F64,1141,7265,7263,144817630,105117930
2020,일반의,F65,27,132,132,8093910,6389610
2020,일반의,F66,68,149,149,3207400,2435800
2020,일반의,F68,12,49,49,2812980,2181280
2020,일반의,F69,4,8,8,366740,291540
2020,일반의,F70,569,4148,4651,240469070,187779100
2020,일반의,F71,260,2887,4027,228164290,180832680
2020,일반의,F72,134,1107,1115,44024730,32574460
2020,일반의,F73,27,138,354,19144230,14593220
2020,일반의,F78,67,292,646,46645470,36954910
2020,일반의,F79,95,574,627,31313440,24333570
2020,일반의,F80,721,3507,3505,237343600,211090810
2020,일반의,F81,58,218,218,8700670,6540470
2020,일반의,F82,13,17,17,544450,431650
2020,일반의,F83,16,705,705,29184570,20889970
2020,일반의,F84,1025,11110,13108,775054220,636966020
2020,일반의,F88,4,4,4,139400,120200
2020,일반의,F89,52,121,133,9292480,7643580
2020,일반의,F90,7294,61671,61812,3704124210,2900844110
2020,일반의,F91,198,1326,1491,83750630,68569890
2020,일반의,F92,357,1523,1751,76396970,59028210
2020,일반의,F93,346,1495,1495,94373620,73853120
2020,일반의,F94,105,558,558,34935380,27504680
2020,일반의,F95,1397,8087,8085,525815980,405496180
2020,일반의,F98,470,1820,2065,136939630,114584580
2020,일반의,F99,701,4956,4956,231552140,178081040
2020,일반의,G00,8,9,16,1827150,1563980
2020,일반의,G01,1,1,1,23900,16800
2020,일반의,G02,5,6,6,83870,69170
2020,일반의,G03,73,114,163,12282490,9810870
2020,일반의,G04,30,314,315,19799870,17829220
2020,일반의,G05,567,892,912,20005820,14810840
2020,일반의,G06,7,9,33,1800610,1344890
2020,일반의,G09,4,46,46,1273190,911690
2020,일반의,G10,5,18,18,658940,519190
2020,일반의,G11,79,1773,1775,99430120,88705120
2020,일반의,G12,166,1884,1889,98074700,85958130
2020,일반의,G13,4,14,14,642110,601010
2020,일반의,G14,52,147,147,4181390,3189790
2020,일반의,G20,4810,29342,30120,797556860,688485610
2020,일반의,G21,578,2318,2317,50975160,41794040
2020,일반의,G22,241,818,818,23787650,18664450
2020,일반의,G23,64,592,602,19630530,16454680
2020,일반의,G24,2747,4586,4599,96611390,73303780
2020,일반의,G25,12643,32131,32107,684208280,527689690
2020,일반의,G26,8,39,39,658580,553980
2020,일반의,G30,2531,12588,12641,231160440,185749360
2020,일반의,G31,80790,233785,233917,3973123720,3247834440
2020,일반의,G32,124,377,377,5544060,4518560
2020,일반의,G35,66,475,475,11441820,10166220
2020,일반의,G36,16,81,81,2387290,2108490
2020,일반의,G37,47,286,293,15363380,11150920
2020,일반의,G40,5151,27227,27233,854041770,712069060
2020,일반의,G41,368,2146,2168,57161800,46212200
2020,일반의,G43,90104,176817,177107,3792286060,2786948170
2020,일반의,G44,74402,124112,124788,4276003720,3066913300
2020,일반의,G45,2561,7447,7692,294017980,217855850
2020,일반의,G46,1064,3086,4013,157561210,109781560
2020,일반의,G47,199288,646869,650285,19227144370,15088614580
2020,일반의,G50,6673,15272,15350,461556300,351340370
2020,일반의,G51,4048,12057,12261,323452640,235928690
2020,일반의,G52,236,434,433,10077210,7653010
2020,일반의,G53,38096,125732,126445,2516921200,1988585730
2020,일반의,G54,4554,13336,13891,792345760,570399800
2020,일반의,G55,1875,7967,8263,362445880,265359130
2020,일반의,G56,23864,58209,59214,2256586620,1624784600
2020,일반의,G57,18464,58360,58614,2548760470,1840311700
2020,일반의,G58,11116,23252,23313,932932850,684499020
2020,일반의,G59,626,1619,1618,36855820,28724290
2020,일반의,G60,28,245,265,9647570,8460330
2020,일반의,G61,103,774,979,36452170,31256030
2020,일반의,G62,1652,4847,4861,104896270,81700100
2020,일반의,G63,3898,14103,14108,451361920,373514620
2020,일반의,G64,4315,8854,8949,194569540,150096400
2020,일반의,G70,233,922,931,26678040,22455080
2020,일반의,G71,164,3510,3514,152738110,135552760
2020,일반의,G72,45,76,108,4988460,3594630
2020,일반의,G73,38,74,74,2398590,1815290
2020,일반의,G80,1170,49666,54142,4001182470,3396706610
2020,일반의,G81,952,14712,18095,1116045960,845056300
2020,일반의,G82,328,4700,5619,314972100,243659200
2020,일반의,G83,494,1377,1444,49539170,38383160
2020,일반의,G90,3747,7997,8241,289068880,210688480
2020,일반의,G91,165,831,845,44059960,35957690
2020,일반의,G93,2542,6653,6674,502245500,344715140
2020,일반의,G94,13,26,26,663840,480340
2020,일반의,G95,754,3450,3555,91200500,70690480
2020,일반의,G96,35,184,194,10053300,7839850
2020,일반의,G97,6,18,19,1866730,1422180
2020,일반의,G98,113,170,169,8561280,5717680
2020,일반의,G99,332,681,700,14846430,11314190
2020,일반의,H00,77370,106117,106117,2175394210,1568104140
2020,일반의,H01,35035,44082,44082,778443030,575624530
2020,일반의,H02,8363,19682,19802,908813450,657003340
2020,일반의,H03,774,1477,1477,33741470,26056170
2020,일반의,H04,91306,163589,163587,2770673300,2072751290
2020,일반의,H05,910,1081,1084,23418300,17266680
2020,일반의,H06,56,87,87,1566550,1173450
2020,일반의,H10,192565,273984,273997,4799204630,3657668170
2020,일반의,H11,23421,37714,37715,713355820,528404350
2020,일반의,H13,237,295,295,4526450,3459350
2020,일반의,H15,552,828,828,18544390,13240190
2020,일반의,H16,26895,45028,45025,832562140,633576490
2020,일반의,H17,109,324,324,6520430,5284730
2020,일반의,H18,776,1463,1463,26752490,20662490
2020,일반의,H19,5444,9419,9424,247921360,182654630
2020,일반의,H20,865,2807,2807,65361100,47908310
2020,일반의,H21,55,81,81,2586530,1836430
2020,일반의,H22,5,13,13,252870,177970
2020,일반의,H25,14808,38100,38099,1229346550,955544650
2020,일반의,H26,2344,4047,4051,149677190,110853150
2020,일반의,H27,858,2098,2098,59450400,46449700
2020,일반의,H28,31,71,71,5554730,4445330
2020,일반의,H30,233,305,305,7227040,5737590
2020,일반의,H31,53,221,221,4275790,3215190
2020,일반의,H32,11,20,20,289680,229680
2020,일반의,H33,83,113,120,6102560,4362500
2020,일반의,H34,303,729,729,16083110,12302910
2020,일반의,H35,4314,7365,7362,301227570,225315370
2020,일반의,H36,5104,13346,13357,314579000,244715380
2020,일반의,H40,9329,20819,20816,601412190,453699800
2020,일반의,H42,125,280,280,3952960,3269060
2020,일반의,H43,1934,2963,2959,88324040,64264940
2020,일반의,H44,248,345,345,5811490,4346090
2020,일반의,H45,4,8,8,131770,94370
2020,일반의,H46,19,27,27,1715690,1219390
2020,일반의,H47,91,151,151,11088040,7872040
2020,일반의,H48,2,3,3,75790,58890
2020,일반의,H49,35,68,70,6306430,4509020
2020,일반의,H50,450,543,538,21996220,16723220
2020,일반의,H51,5,5,5,154760,113460
2020,일반의,H52,20075,25687,25686,1071923830,763969430
2020,일반의,H53,986,1320,1320,79254290,55120870
2020,일반의,H54,252,586,584,13086280,10504880
2020,일반의,H55,68,81,81,7300300,5466800
2020,일반의,H57,729,876,875,20415320,14946720
2020,일반의,H59,24,57,57,856910,739110
2020,일반의,H60,96360,164020,164045,2861117600,2144031070
2020,일반의,H61,17259,27030,27036,802716910,590757700
2020,일반의,H62,1406,3229,3229,59392310,45605210
2020,일반의,H65,29423,65020,65186,1288007280,970078330
2020,일반의,H66,69012,162618,163292,3452358780,2642484910
2020,일반의,H67,729,1214,1214,20659830,15364630
2020,일반의,H68,2983,5070,5070,92083220,67806720
2020,일반의,H69,790,1063,1063,35564150,25526750
2020,일반의,H70,188,290,293,11345800,7652210
2020,일반의,H71,187,872,954,100590910,78568350
2020,일반의,H72,528,1174,1204,69960240,51866510
2020,일반의,H73,885,2283,2283,43130730,32188130
2020,일반의,H74,82,153,159,17505460,12873270
2020,일반의,H75,1,1,1,14930,10530
2020,일반의,H80,27,57,73,13335860,10077470
2020,일반의,H81,114964,215990,218865,5640813170,4272990870
2020,일반의,H82,1053,1696,1709,30360860,24094230
2020,일반의,H83,731,1092,1093,24736900,18445110
2020,일반의,H90,6834,14645,14925,2832800310,1997801000
2020,일반의,H91,4410,7921,7922,412652640,295388430
2020,일반의,H92,3076,3929,3927,71977970,53461760
2020,일반의,H93,15260,29663,29658,871004740,642407810
2020,일반의,H94,3,3,3,64740,53140
2020,일반의,H95,8,9,9,175580,134080
2020,일반의,I00,185,477,479,11173010,8408660
2020,일반의,I01,20,33,33,547330,434030
2020,일반의,I02,2,2,2,43860,30760
2020,일반의,I05,251,970,968,29383200,22176300
2020,일반의,I06,71,266,265,12176570,8947070
2020,일반의,I07,67,158,158,4495910,3345310
2020,일반의,I08,207,462,460,11159950,8592250
2020,일반의,I09,9,10,10,217150,158350
2020,일반의,I10,1727582,11448260,11447666,2.10857E+11,1.65563E+11
2020,일반의,I11,17796,107372,107430,2136621580,1718316110
2020,일반의,I12,829,3839,3837,83625950,64914450
2020,일반의,I13,2105,13341,13355,270751620,214682720
2020,일반의,I15,1831,8381,8380,140888340,111001660
2020,일반의,I20,25119,78844,79338,1787440740,1363995500
2020,일반의,I21,1316,3652,3737,124307330,87753040
2020,일반의,I22,151,1183,1183,23663770,19546580
2020,일반의,I23,68,236,236,4156370,3246970
2020,일반의,I24,676,1968,1967,46969460,36911960
2020,일반의,I25,4472,11738,11819,324026000,244818770
2020,일반의,I26,116,324,324,8391890,6392060
2020,일반의,I27,66,175,175,4081230,3285330
2020,일반의,I28,19,26,26,2481000,1766200
2020,일반의,I30,23,40,46,1915270,1442150
2020,일반의,I31,156,342,342,16889550,12077440
2020,일반의,I32,1,6,6,18780,13380
2020,일반의,I33,8,65,65,2239400,1628000
2020,일반의,I34,363,1067,1064,53390160,35023630
2020,일반의,I35,474,1483,1489,49945930,37936770
2020,일반의,I36,28,49,49,1676870,1210370
2020,일반의,I37,28,36,36,1693070,1404170
2020,일반의,I38,20,35,35,704990,537990
2020,일반의,I39,30,66,66,1658790,1249290
2020,일반의,I40,19,38,38,791270,620770
2020,일반의,I41,3,3,3,44160,32960
2020,일반의,I42,383,1583,1615,55971970,46366200
2020,일반의,I43,7,7,7,1119630,787330
2020,일반의,I44,119,233,251,5833810,4400680
2020,일반의,I45,260,381,381,8938460,6679460
2020,일반의,I46,9,10,10,717560,517260
2020,일반의,I47,1953,4394,4407,97829340,73506590
2020,일반의,I48,4294,15176,15179,369410890,280314280
2020,일반의,I49,9467,18395,18464,428871280,323580800
2020,일반의,I50,7434,24801,25061,571860270,453203580
2020,일반의,I51,2190,3417,3421,101214150,75737730
2020,일반의,I52,5,7,7,193720,155920
2020,일반의,I60,128,994,1054,29434750,22395870
2020,일반의,I61,434,3887,4003,147286620,115378440
2020,일반의,I62,70,472,500,44916840,37778830
2020,일반의,I63,12374,55600,57668,1581282560,1220749430
2020,일반의,I64,806,3554,3554,120490040,95908080
2020,일반의,I65,5868,12810,12854,534610020,375243480
2020,일반의,I66,1094,2309,2374,147166430,103864770
2020,일반의,I67,11657,27798,28503,1790017790,1255814600
2020,일반의,I68,370,1113,1129,35892520,28320560
2020,일반의,I69,4341,21176,21604,467691020,374764010
2020,일반의,I70,10056,25720,25742,683429560,506642820
2020,일반의,I71,319,733,794,33794180,24675820
2020,일반의,I72,266,390,401,14736370,10568920
2020,일반의,I73,64866,145721,145732,2410732130,1894757820
2020,일반의,I74,753,1954,1953,62691660,57241590
2020,일반의,I77,163,473,484,15356510,11091350
2020,일반의,I78,1304,2237,2235,45118360,34380270
2020,일반의,I79,588,1271,1271,24498830,19160320
2020,일반의,I80,2526,5101,5358,127751030,96041560
2020,일반의,I81,6,7,7,900750,635210
2020,일반의,I82,511,1150,1150,26482730,20593070
2020,일반의,I83,33165,80034,81127,5294373000,4074112300
2020,일반의,I84,2,4,4,59020,41520
2020,일반의,I85,33,53,82,4102840,2992070
2020,일반의,I86,1859,3858,3863,490038350,352713330
2020,일반의,I87,29905,59143,59149,1115482390,844229850
2020,일반의,I88,4978,7109,7169,172412750,124646090
2020,일반의,I89,4853,10114,10157,210814840,158287640
2020,일반의,I95,4500,6388,6413,152910700,114466860
2020,일반의,I97,61,144,151,3569330,2637060
2020,일반의,I98,112,185,185,8056870,5951170
2020,일반의,I99,660,1161,1161,19219730,15240230
2020,일반의,J00,460752,812680,812939,13197677250,10072133040
2020,일반의,J01,191190,383221,383521,6322508270,4755127760
2020,일반의,J02,440766,733229,733564,11968535610,8946240240
2020,일반의,J03,632919,1085238,1088551,18636784600,13854240890
2020,일반의,J04,225298,434140,434542,7227873600,5485407150
2020,일반의,J05,3752,5764,5834,111189670,85452660
2020,일반의,J06,693561,1255958,1256467,20442700410,15448847280
2020,일반의,J09,5825,7567,7795,157688830,115895570
2020,일반의,J10,68571,91857,99380,2820261350,2223154220
2020,일반의,J11,56173,76044,77108,1491030150,1103601690
2020,일반의,J12,752,910,1107,55263550,44102650
2020,일반의,J13,39,78,83,2303660,1758250
2020,일반의,J14,23,37,151,16766500,14082310
2020,일반의,J15,14267,32228,34569,923124780,736973560
2020,일반의,J16,835,1893,1893,32744860,25622560
2020,일반의,J17,244,447,447,9015060,6761460
2020,일반의,J18,40008,83420,96665,4106381750,3298044400
2020,일반의,J20,2121373,4643584,4649205,75464788220,57454575010
2020,일반의,J21,77881,175473,176315,3017217210,2344314580
2020,일반의,J22,82504,172606,172676,2771882770,2113814300
2020,일반의,J30,922069,1809181,1809025,30590408110,22959889990
2020,일반의,J31,26330,62559,62575,1272166770,982022170
2020,일반의,J32,43975,93214,93265,1865418850,1382776980
2020,일반의,J33,336,634,638,23479670,16962470
2020,일반의,J34,21287,41459,41765,2477912140,1888326800
2020,일반의,J35,13151,25583,25640,525429270,391145650
2020,일반의,J36,96486,171383,172066,2874606360,2136938610
2020,일반의,J37,6556,13002,13003,231749460,177488490
2020,일반의,J38,7785,13914,13913,497625830,357075510
2020,일반의,J39,28578,48211,48252,882358190,653278410
2020,일반의,J40,226452,471601,473369,7932545170,6101936600
2020,일반의,J41,52520,135310,135365,2102218360,1680215690
2020,일반의,J42,46921,121771,121984,1929356110,1553117930
2020,일반의,J43,1638,2219,2224,177285920,124884630
2020,일반의,J44,13339,46865,47394,878525360,710913780
2020,일반의,J45,127853,381190,383914,7043827180,5499795300
2020,일반의,J46,2821,8718,8876,169710490,131538270
2020,일반의,J47,3418,8963,9020,287675250,212985130
2020,일반의,J60,22,59,65,1334240,1087280
2020,일반의,J61,40,84,84,1671460,1339360
2020,일반의,J62,19,23,23,755490,541490
2020,일반의,J63,4,5,5,253600,182900
2020,일반의,J64,36,101,101,2306570,1814770
2020,일반의,J65,3,4,4,150530,105530
2020,일반의,J66,2,2,2,34690,28090
2020,일반의,J67,13,32,38,1631330,1257160
2020,일반의,J68,26,26,26,547570,394670
2020,일반의,J69,73,227,254,11291970,8587430
2020,일반의,J70,69,89,89,1641440,1195140
2020,일반의,J80,32,36,46,2474080,1909670
2020,일반의,J81,73,159,232,13479920,10461800
2020,일반의,J82,54,99,99,1573780,1264180
2020,일반의,J84,938,1698,1812,85838180,65314280
2020,일반의,J85,24,50,72,3052590,2319080
2020,일반의,J86,10,33,33,860790,609890
2020,일반의,J90,323,458,506,25461880,18769720
2020,일반의,J91,30,48,48,1418980,1060680
2020,일반의,J92,36,36,36,2078750,1487350
2020,일반의,J93,915,1310,1329,41659000,30332930
2020,일반의,J94,166,241,241,16482120,11778620
2020,일반의,J96,94,180,180,8704780,7009600
2020,일반의,J98,14905,17457,17447,1817231620,1265653900
2020,일반의,J99,6,10,10,499710,396810
2020,일반의,K00,40,51,51,825630,614730
2020,일반의,K01,63,77,77,1284670,916570
2020,일반의,K02,123,156,156,2301700,1770000
2020,일반의,K03,138,225,225,3724280,2999480
2020,일반의,K04,3056,5450,5462,82890470,65940140
2020,일반의,K05,35598,61699,61719,937641860,741799200
2020,일반의,K06,118,174,174,2853010,2162210
2020,일반의,K07,6558,11453,11455,246518340,182128030
2020,일반의,K08,2226,3183,3183,51789320,39010580
2020,일반의,K09,110,146,147,6126070,4481940
2020,일반의,K10,334,669,669,14376000,10720800
2020,일반의,K11,6238,8793,8821,178434070,131269560
2020,일반의,K12,81813,130214,130353,2173971910,1664931190
2020,일반의,K13,5882,7933,7931,134336680,99642970
2020,일반의,K14,6842,10384,10382,167839450,131485840
2020,일반의,K20,3839,5964,5973,118781230,87731170
2020,일반의,K21,785782,1499407,1500665,31680675320,23393693670
2020,일반의,K22,843,1632,1665,51088560,38004290
2020,일반의,K23,199,310,310,5128870,3804770
2020,일반의,K25,137194,246699,248578,6940538360,5078899680
2020,일반의,K26,46793,67855,68040,2673244850,1899030410
2020,일반의,K27,51704,103914,104146,1859059570,1422434340
2020,일반의,K28,218,377,377,7156190,5331290
2020,일반의,K29,1088851,1853852,1855667,43196662030,31643004880
2020,일반의,K30,127126,194153,194199,3760920280,2808677930
2020,일반의,K31,19915,30230,30299,1436726160,1040796430
2020,일반의,K35,3716,4917,6460,1348677460,994538290
2020,일반의,K36,528,636,638,46282850,32811440
2020,일반의,K37,1689,1807,1835,83400460,60172540
2020,일반의,K38,214,236,236,14014930,9875490
2020,일반의,K40,2021,2731,2928,203853890,155621240
2020,일반의,K41,89,129,129,2497410,1924210
2020,일반의,K42,174,222,230,11483120,8761980
2020,일반의,K43,265,380,387,10037050,7671810
2020,일반의,K44,27,39,37,1364300,1012900
2020,일반의,K45,56,69,69,1637480,1250180
2020,일반의,K46,297,350,352,9241410,7054710
2020,일반의,K50,873,2098,2123,66006980,52887070
2020,일반의,K51,1134,3094,3098,135645590,108281500
2020,일반의,K52,307777,447146,448961,8377546780,6276025250
2020,일반의,K55,97,294,305,10858070,8439400
2020,일반의,K56,5850,9327,9777,250635960,189225360
2020,일반의,K57,2158,3247,3659,304125710,217795080
2020,일반의,K58,227321,361031,361885,10188855930,7531890450
2020,일반의,K59,264478,447710,448117,10754541420,8066369060
2020,일반의,K60,5986,15987,17670,1760882020,1318608270
2020,일반의,K61,3496,11479,11899,1094836930,851195930
2020,일반의,K62,4670,6578,6697,608564820,434131690
2020,일반의,K63,130746,144394,145558,51342398090,36022388660
2020,일반의,K64,40264,85218,91047,7898316580,5899360250
2020,일반의,K65,265,410,468,23739170,17325230
2020,일반의,K66,150,240,268,24114400,16192110
2020,일반의,K67,234,288,288,4980390,3697090
2020,일반의,K70,11624,25726,27000,976254540,698778170
2020,일반의,K71,6561,13078,13769,432866260,311742850
2020,일반의,K72,730,1404,1447,45382930,33165530
2020,일반의,K73,28713,60632,61569,2121415680,1526431580
2020,일반의,K74,2291,5893,6571,350507230,257432210
2020,일반의,K75,53490,95730,96859,3484633380,2472173040
2020,일반의,K76,131017,192822,193595,11303929380,7882024650
2020,일반의,K77,886,2065,2083,63060400,46761940
2020,일반의,K80,10993,19062,19587,1115248320,774647640
2020,일반의,K81,1819,2595,2990,219169840,156659590
2020,일반의,K82,16240,17769,17830,2202492580,1506828830
2020,일반의,K83,2059,3241,3325,165636050,118015380
2020,일반의,K85,1127,1998,2432,145380540,106883270
2020,일반의,K86,3399,5006,5152,446695960,309142760
2020,일반의,K87,567,677,674,97808550,65952910
2020,일반의,K90,273,439,439,10440510,7806610
2020,일반의,K91,345,902,924,20843660,16064890
2020,일반의,K92,5385,7550,7636,244627220,180117750
2020,일반의,K93,723,1034,1034,19602510,14345710
2020,일반의,L00,30,45,50,1428590,1183110
2020,일반의,L01,60342,98302,98357,1853370300,1379565900
2020,일반의,L02,419748,876590,877207,18496000340,13433658800
2020,일반의,L03,352882,666816,670069,13426792420,10013342860
2020,일반의,L04,68534,110782,110920,1910828190,1400020770
2020,일반의,L05,8211,18973,19011,358151510,254878930
2020,일반의,L08,151861,271525,271585,5169416510,3801156070
2020,일반의,L10,218,692,711,17453530,14288680
2020,일반의,L11,742,810,810,14147810,10097410
2020,일반의,L12,144,393,393,6599160,5454860
2020,일반의,L13,5379,9197,9197,167761250,123287260
2020,일반의,L14,47,88,88,1931140,1399940
2020,일반의,L20,226146,461502,461898,9263821070,6831551880
2020,일반의,L21,230340,416265,416257,6789854790,5066474290
2020,일반의,L22,1204,1532,1538,24746080,21107250
2020,일반의,L23,1426657,2678371,2679085,46118373550,34834809880
2020,일반의,L24,278209,471695,471722,7885739230,5910672560
2020,일반의,L25,168670,290973,290990,4860961530,3704819370
2020,일반의,L26,1243,1962,1962,30642220,22650220
2020,일반의,L27,12311,23158,23235,425089230,321965080
2020,일반의,L28,70835,132532,132534,3046147670,2233424950
2020,일반의,L29,88128,161096,161107,3056313210,2347247150
2020,일반의,L30,359237,619608,619613,10601602690,7918024090
2020,일반의,L40,39586,112328,112415,2101777840,1545978530
2020,일반의,L41,544,1219,1219,21825420,16143620
2020,일반의,L42,4968,7892,7893,141959680,100894590
2020,일반의,L43,2142,3677,3677,86932310,62880590
2020,일반의,L44,927,1329,1329,21923670,16177770
2020,일반의,L45,32,67,67,1358430,1031430
2020,일반의,L50,632557,1184176,1184361,22583497600,16844915510
2020,일반의,L51,1777,3143,3160,56925830,42801010
2020,일반의,L52,457,992,992,17431680,12826420
2020,일반의,L53,3528,5936,5939,97947280,74136650
2020,일반의,L54,54,79,79,1149880,872580
2020,일반의,L55,2071,2669,2669,63227130,44979070
2020,일반의,L56,1619,2176,2176,36500020,26662220
2020,일반의,L57,2709,3816,3816,130102830,94699150
2020,일반의,L58,18,89,89,2327090,2049640
2020,일반의,L59,185,204,204,3630380,2618480
2020,일반의,L60,45329,113435,113529,3377966880,2444716590
2020,일반의,L62,53,67,67,1491070,1088270
2020,일반의,L63,47895,187013,187007,6649069510,4672299610
2020,일반의,L64,7104,11583,11582,181936110,128404810
2020,일반의,L65,4548,7125,7122,130144930,92417530
2020,일반의,L66,6162,12521,12521,283700110,201386640
2020,일반의,L67,29,48,48,800350,568750
2020,일반의,L68,53,68,68,1319240,925540
2020,일반의,L70,46553,92816,92815,1745568570,1230191910
2020,일반의,L71,10695,21625,21624,348338740,251714810
2020,일반의,L72,53306,126556,126679,7491622620,5297947650
2020,일반의,L73,62136,127893,127898,2218020570,1580056840
2020,일반의,L74,2891,3701,3701,62475490,47531290
2020,일반의,L75,2304,5789,5810,200240940,148684460
2020,일반의,L80,4627,20461,20456,968891600,690400070
2020,일반의,L81,10225,12484,12481,194376940,142218040
2020,일반의,L82,2214,2736,2736,61255910,45852380
2020,일반의,L83,293,405,405,9352340,6645890
2020,일반의,L84,115405,258137,258288,12191232610,8647789200
2020,일반의,L85,65044,97582,97581,1647135580,1228293270
2020,일반의,L86,997,1309,1309,21641340,16109740
2020,일반의,L87,164,184,184,3522980,2516980
2020,일반의,L88,178,546,546,10860900,8440900
2020,일반의,L89,4910,30068,30280,1161318770,932390070
2020,일반의,L90,4351,7634,7634,386940910,272200810
2020,일반의,L91,41887,102024,102024,3656198660,2571812450
2020,일반의,L92,3550,6084,6098,295351380,213786630
2020,일반의,L93,132,343,342,7792870,5797670
2020,일반의,L94,227,341,341,9071190,6472790
2020,일반의,L95,494,755,782,17841490,13304090
2020,일반의,L97,260,1510,3811,199662410,147637280
2020,일반의,L98,3393,7579,7744,214535040,161252980
2020,일반의,L99,91,124,124,2393530,1750830
2020,일반의,M00,5943,19378,20013,462002740,364541240
2020,일반의,M01,241,372,381,7202140,5653230
2020,일반의,M02,1056,2951,2951,51592030,40792330
2020,일반의,M03,174,355,355,6186670,4762670
2020,일반의,M05,2484,15410,15785,576757590,495177020
2020,일반의,M06,17752,64490,64861,1360614820,1080879850
2020,일반의,M07,1225,2822,2856,55953440,43971850
2020,일반의,M08,294,1175,1175,58869440,45388810
2020,일반의,M09,13,16,16,422990,315890
2020,일반의,M10,88008,276208,276972,5278919230,3897831540
2020,일반의,M11,545,1091,1091,24342890,18115490
2020,일반의,M12,4094,13453,13508,371911530,275278770
2020,일반의,M13,261803,922110,923635,19149253570,15075998010
2020,일반의,M14,719,2439,2439,49381240,39721890
2020,일반의,M15,59040,209640,209682,3469153710,2877500170
2020,일반의,M16,16296,64944,66466,1589494020,1247507480
2020,일반의,M17,623221,3505025,3556248,1.08137E+11,81347512400
2020,일반의,M18,1875,5687,5687,101068420,77415220
2020,일반의,M19,138502,476299,482848,11651372860,8941449870
2020,일반의,M20,2018,5986,7719,282693430,209420840
2020,일반의,M21,3584,12369,13111,297772000,221787890
2020,일반의,M22,3999,17587,17817,394687740,297482750
2020,일반의,M23,9531,31824,37809,1255948340,935573590
2020,일반의,M24,19306,79746,81100,1756141330,1345912020
2020,일반의,M25,200947,610489,614217,15615029620,11679218020
2020,일반의,M30,138,316,370,23559240,21349260
2020,일반의,M31,74,152,152,3303280,2739380
2020,일반의,M32,304,1365,1393,56309990,47094190
2020,일반의,M33,63,121,121,5030730,4283730
2020,일반의,M34,31,200,200,3340020,2866020
2020,일반의,M35,1709,5510,5554,132061120,111509100
2020,일반의,M36,9,13,13,252250,194250
2020,일반의,M40,3394,14838,15175,395620210,291899840
2020,일반의,M41,6408,28232,28782,755402440,552439810
2020,일반의,M42,1937,11477,11477,211492270,181393470
2020,일반의,M43,11598,59981,63316,2253329060,1679542140
2020,일반의,M45,2905,14592,14962,319646000,265173890
2020,일반의,M46,8057,33876,34150,1098837750,828967810
2020,일반의,M47,212891,1422099,1429175,40208375280,31503525630
2020,일반의,M48,286233,1987006,2009176,57097898540,44979970420
2020,일반의,M49,11858,72704,73081,3090664000,2365149380
2020,일반의,M50,91012,444784,461082,15786603510,11741213180
2020,일반의,M51,224176,1500955,1555304,48878669770,37528157080
2020,일반의,M53,99861,349726,352637,12276562150,8985473050
2020,일반의,M54,1430629,7779216,7821891,2.01211E+11,1.55746E+11
2020,일반의,M60,25027,58900,58978,1340169770,1008056600
2020,일반의,M61,444,1497,1540,49480060,36709280
2020,일반의,M62,78659,243106,243490,5178472460,3894351870
2020,일반의,M63,280,560,560,9555490,8112790
2020,일반의,M65,165400,443238,444834,11236142340,8308476290
2020,일반의,M66,629,1990,2078,58858910,44617470
2020,일반의,M67,20835,43671,44055,1283361290,936485830
2020,일반의,M68,11,15,15,306240,224140
2020,일반의,M70,18661,49722,50119,1507195470,1094333740
2020,일반의,M71,11336,28397,28786,855634680,625079100
2020,일반의,M72,46435,135389,135981,3043303760,2246613470
2020,일반의,M73,20,31,31,701000,522600
2020,일반의,M75,425853,1726025,1739681,53437385940,39682735340
2020,일반의,M76,31796,85782,86103,2271501120,1662539430
2020,일반의,M77,164621,501039,502408,13328143420,9603269640
2020,일반의,M79,760284,1999645,2002388,43348682120,32982732930
2020,일반의,M80,5704,19147,19271,880244590,649732950
2020,일반의,M81,199817,595816,596206,26224942950,19166680230
2020,일반의,M82,980,2600,2600,88173540,65151960
2020,일반의,M83,4338,7976,8035,182645350,134324300
2020,일반의,M84,378,1287,1561,48735190,36835010
2020,일반의,M85,5919,8242,8287,282860260,201709120
2020,일반의,M86,300,1819,3337,178303210,134643380
2020,일반의,M87,537,1956,3244,149068550,111627310
2020,일반의,M88,2,3,3,60260,47860
2020,일반의,M89,2629,7922,8003,165584050,132288400
2020,일반의,M90,22,48,73,2943440,2240770
2020,일반의,M91,50,84,125,4883790,3712850
2020,일반의,M92,1293,2865,3021,82764090,59464610
2020,일반의,M93,116,330,538,22074780,16709010
2020,일반의,M94,3439,5645,5931,148941020,109016460
2020,일반의,M95,552,1717,1716,98873310,75210990
2020,일반의,M96,4422,31279,32008,1452117000,1100559370
2020,일반의,M99,12756,72095,73812,1989318290,1514861590
2020,일반의,N00,1335,2641,2658,56242430,43033910
2020,일반의,N01,36,69,69,1848890,1319190
2020,일반의,N02,1236,1712,1709,80246080,57367080
2020,일반의,N03,284,661,661,15868730,12320970
2020,일반의,N04,305,741,741,15670480,11722180
2020,일반의,N05,671,1185,1217,42490040,30127140
2020,일반의,N06,395,508,506,10913840,7987070
2020,일반의,N07,3,3,3,47820,33620
2020,일반의,N08,86,145,145,3447470,2562470
2020,일반의,N10,22062,44963,48527,1584114800,1186713070
2020,일반의,N11,1321,3251,3272,79376450,59447780
2020,일반의,N12,3035,5980,6232,176433130,131024120
2020,일반의,N13,1194,2050,2140,127611100,93767250
2020,일반의,N14,13,28,28,988890,709390
2020,일반의,N15,76,182,232,11375370,8167870
2020,일반의,N16,5,5,5,87530,65830
2020,일반의,N17,453,971,1065,44971120,33600350
2020,일반의,N18,11136,703686,704455,1.3423E+11,1.21463E+11
2020,일반의,N19,886,2109,2274,95763650,73601280
2020,일반의,N20,19623,40501,40609,16377901530,11495267520
2020,일반의,N21,3573,5096,5133,518286980,367378180
2020,일반의,N22,97,123,124,6605530,4623700
2020,일반의,N23,199,242,242,10294540,7367820
2020,일반의,N25,33,330,330,47491730,42482010
2020,일반의,N26,18,20,20,2829630,1934260
2020,일반의,N27,11,11,11,951650,668650
2020,일반의,N28,4855,6445,6450,502415680,331639960
2020,일반의,N29,33,42,42,1585250,1131150
2020,일반의,N30,344702,697195,697567,17224606520,12651908910
2020,일반의,N31,68911,167243,167254,4439842490,3372532360
2020,일반의,N32,7308,15731,15732,420076840,321094630
2020,일반의,N33,136,266,266,5034640,3825020
2020,일반의,N34,76298,158759,158777,7995429130,5645770860
2020,일반의,N35,102,293,292,22912850,16217650
2020,일반의,N36,423,795,800,44530800,33008140
2020,일반의,N37,438,713,714,17932150,13045100
2020,일반의,N39,50673,103441,107061,6123727230,4707181790
2020,일반의,N40,213294,845658,845665,21071168470,15896811570
2020,일반의,N41,34144,96945,97011,4651347320,3212562480
2020,일반의,N42,1541,3278,3282,87424730,65421350
2020,일반의,N43,824,1287,1304,88314780,64814220
2020,일반의,N44,162,190,190,6368810,4565110
2020,일반의,N45,7510,16281,16332,723055540,510925240
2020,일반의,N46,32297,53336,53332,3363746790,2271855320
2020,일반의,N47,606,754,753,27750310,20224510
2020,일반의,N48,19309,28745,28747,761475020,557978040
2020,일반의,N49,1013,1801,1807,60180760,43011170
2020,일반의,N50,994,1762,1762,40867220,29430530
2020,일반의,N51,699,1139,1139,62305470,44142500
2020,일반의,N60,15125,20058,20102,1034189520,730840440
2020,일반의,N61,1464,2911,2924,75456220,53883890
2020,일반의,N62,6814,20439,20447,6337826820,4885356960
2020,일반의,N63,20229,27712,27728,1807482890,1280048370
2020,일반의,N64,36078,41338,41323,1788392430,1259847740
2020,일반의,N70,1280,2355,2541,394105850,295796740
2020,일반의,N71,6830,11768,11795,610663120,427692860
2020,일반의,N72,140083,237648,237635,14488839130,10158398740
2020,일반의,N73,27732,52283,52637,3950742950,2775292070
2020,일반의,N74,2674,4693,4701,264665130,185672360
2020,일반의,N75,2221,4824,4875,365243900,256631630
2020,일반의,N76,162942,296872,296862,14168510390,9952712750
2020,일반의,N77,7420,17024,17024,670821420,472890810
2020,일반의,N80,8276,13899,14865,2052666590,1440844460
2020,일반의,N81,706,1300,1530,196007170,148037690
2020,일반의,N82,10,27,34,2771270,2035690
2020,일반의,N83,6743,8767,9071,1229434370,866541810
2020,일반의,N84,12984,22220,22478,3957927910,2694466420
2020,일반의,N85,3833,7034,7090,1195595430,794548870
2020,일반의,N86,25487,47773,47771,3413869750,2394895230
2020,일반의,N87,15128,29579,29668,2451858380,1723913830
2020,일반의,N88,282,381,506,45551190,36174100
2020,일반의,N89,736,933,933,30929700,22360630
2020,일반의,N90,495,742,743,42726040,30739470
2020,일반의,N91,42677,61524,61498,5166653670,3579257860
2020,일반의,N92,34855,53890,53890,4424040260,3042696750
2020,일반의,N93,60141,92117,92153,9684355960,6674731030
2020,일반의,N94,41023,62857,62848,2780850340,1939786270
2020,일반의,N95,92094,280134,280139,6008779070,4297975860
2020,일반의,N96,1062,2245,2237,343710020,220862420
2020,일반의,N97,59170,412470,412268,74410224990,45548291360
2020,일반의,N98,1067,1888,1899,547504500,356421480
2020,일반의,N99,26,43,43,1880850,1350050
2020,일반의,O00,1196,3262,3516,300209010,196719730
2020,일반의,O01,42,145,145,6507470,4474770
2020,일반의,O02,5237,12362,12445,1874654260,1468841900
2020,일반의,O03,974,1902,1912,164775290,121804600
2020,일반의,O04,43,56,56,4575200,3160340
2020,일반의,O05,79,126,127,10933400,8001320
2020,일반의,O06,125,199,200,12079430,8522200
2020,일반의,O07,3,5,7,381780,244120
2020,일반의,O08,496,796,812,44497510,32395830
2020,일반의,O10,21,36,38,2945780,2428660
2020,일반의,O11,4,4,14,4202340,3652600
2020,일반의,O12,83,93,103,10401330,9096140
2020,일반의,O13,113,305,360,35249750,31058440
2020,일반의,O14,21,25,107,30490260,26527410
2020,일반의,O15,1,1,6,2313750,1951240
2020,일반의,O16,41,84,89,8158440,6939130
2020,일반의,O20,3936,7423,8277,677571530,597802290
2020,일반의,O21,1251,2223,2370,98763350,87037500
2020,일반의,O22,347,376,376,48340980,43421480
2020,일반의,O23,398,573,588,53256770,47759800
2020,일반의,O24,1889,5116,5394,331300430,288786570
2020,일반의,O25,2,3,3,47820,33620
2020,일반의,O26,2967,15249,15558,2114147820,1877364330
2020,일반의,O28,368,415,417,16703850,14534840
2020,일반의,O30,2112,7099,7377,666118380,595377280
2020,일반의,O31,65,146,146,11964650,10774350
2020,일반의,O32,318,421,1744,549493230,466189560
2020,일반의,O33,745,852,5047,1690971830,1425783750
2020,일반의,O34,1098,2827,5928,1464388620,1276604780
2020,일반의,O35,33,48,49,3328210,2934860
2020,일반의,O36,114,212,308,65104460,55919570
2020,일반의,O40,1,1,1,20350,18350
2020,일반의,O41,72,92,298,99871060,86663940
2020,일반의,O42,387,453,1477,461240440,421612060
2020,일반의,O43,3,3,3,637330,485230
2020,일반의,O44,192,300,568,128403760,110190630
2020,일반의,O45,11,11,49,23020100,20250350
2020,일반의,O46,37,44,65,8859590,7709270
2020,일반의,O47,229,390,548,77514270,67848800
2020,일반의,O48,2,2,2,36280,25480
2020,일반의,O60,1755,2843,6945,1005314430,878740190
2020,일반의,O61,158,175,681,190512850,163495430
2020,일반의,O62,4,6,94,14739870,12721270
2020,일반의,O63,97,100,468,206445310,194218380
2020,일반의,O64,28,32,185,65015750,57337270
2020,일반의,O65,361,377,2417,817508090,715089100
2020,일반의,O66,33,36,143,43232720,37060390
2020,일반의,O68,155,162,1051,367947810,320012620
2020,일반의,O69,3,3,14,4382920,4069320
2020,일반의,O70,14,15,20,3911090,3606000
2020,일반의,O71,10,17,35,3762050,2665660
2020,일반의,O72,240,373,411,27855840,15532360
2020,일반의,O73,42,57,57,4837000,3211070
2020,일반의,O74,3,4,4,191650,116400
2020,일반의,O75,14,14,40,17143970,16814600
2020,일반의,O80,2831,3020,9379,4677966670,4608563700
2020,일반의,O81,529,547,1838,1116418870,1103094090
2020,일반의,O82,3595,4327,19499,6328950970,5424050240
2020,일반의,O83,493,565,1778,907912640,888414540
2020,일반의,O84,51,60,343,117508780,99459390
2020,일반의,O85,4,5,7,499850,366910
2020,일반의,O86,1308,2222,2255,73077200,31116130
2020,일반의,O87,37,40,66,20210530,19622640
2020,일반의,O89,3,3,3,151020,105820
2020,일반의,O90,1444,2378,2431,72707060,36711090
2020,일반의,O91,830,1055,1059,18997000,13226960
2020,일반의,O92,468,623,624,11291310,7692070
2020,일반의,O94,1,1,1,22030,15430
2020,일반의,O95,1,1,1,0,0
2020,일반의,O98,4,5,5,250120,225320
2020,일반의,O99,1053,1599,1625,42171070,33583140
2020,일반의,P00,3,3,9,672410,656280
2020,일반의,P01,13,17,19,1392920,1170390
2020,일반의,P02,2,2,17,1671450,1628490
2020,일반의,P04,2,3,3,98930,94130
2020,일반의,P05,36,115,115,7278870,5312350
2020,일반의,P07,255,1268,1506,93613710,89743540
2020,일반의,P11,3,28,28,3457720,3232220
2020,일반의,P12,23,27,27,458760,422360
2020,일반의,P13,55,66,66,1646280,1565580
2020,일반의,P14,31,85,171,27274560,15988470
2020,일반의,P15,3,3,3,166850,158550
2020,일반의,P21,3,36,36,3949260,3180560
2020,일반의,P22,170,4207,4226,466963370,436219750
2020,일반의,P23,118,237,237,6147370,4266230
2020,일반의,P24,13,13,36,3688660,3649950
2020,일반의,P27,3,3,3,48420,34020
2020,일반의,P28,210,226,227,20333610,14214860
2020,일반의,P29,2,2,2,41220,30820
2020,일반의,P35,146,162,162,2692000,1924800
2020,일반의,P36,9,9,11,462730,426270
2020,일반의,P37,3,3,3,43170,33570
2020,일반의,P38,1222,2283,2324,57604100,54936690
2020,일반의,P39,208,224,224,3973500,3779800
2020,일반의,P51,3,3,3,110560,105160
2020,일반의,P52,11,393,393,22259340,20854440
2020,일반의,P54,10,10,14,724900,696380
2020,일반의,P55,1,1,1,22200,15600
2020,일반의,P57,7,9,12,586690,534170
2020,일반의,P59,2388,6760,9172,358429240,349760200
2020,일반의,P70,15,15,50,5019570,4954690
2020,일반의,P71,4,144,144,21156800,19801820
2020,일반의,P72,8,8,8,418610,397910
2020,일반의,P74,67,69,69,8397160,7978160
2020,일반의,P77,1,1,1,16140,11340
2020,일반의,P78,12,12,12,374980,351580
2020,일반의,P80,7,7,7,409570,292070
2020,일반의,P81,17,17,17,299150,275350
2020,일반의,P83,228,464,465,11831640,10871880
2020,일반의,P90,9,74,74,10900880,10225170
2020,일반의,P91,51,2401,2401,157217760,139460450
2020,일반의,P92,189,210,210,4223350,3979150
2020,일반의,P94,4,90,90,4528060,4134560
2020,일반의,P95,5,5,7,1647140,1600260
2020,일반의,P96,7,8,8,140810,134110
2020,일반의,Q00,1,1,1,214450,193050
2020,일반의,Q01,2,3,3,51180,43580
2020,일반의,Q02,4,97,97,3673970,3308170
2020,일반의,Q03,18,518,518,22908050,19387850
2020,일반의,Q04,34,946,946,43939970,37310570
2020,일반의,Q05,22,241,247,11112640,9955800
2020,일반의,Q06,7,28,39,1216350,894790
2020,일반의,Q07,15,175,175,8213630,7325030
2020,일반의,Q10,85,106,106,3130050,2407650
2020,일반의,Q11,2,4,4,66280,61280
2020,일반의,Q12,5,6,6,85340,68340
2020,일반의,Q13,2,2,2,27680,19480
2020,일반의,Q14,1,1,1,74020,51820
2020,일반의,Q15,8,21,21,658240,510040
2020,일반의,Q16,280,1237,1421,238168030,205526680
2020,일반의,Q17,200,563,582,43280180,37387580
2020,일반의,Q18,237,569,585,20797730,15604790
2020,일반의,Q20,6,157,157,5005550,4944750
2020,일반의,Q21,255,468,491,25674810,21751930
2020,일반의,Q22,8,11,11,739630,646830
2020,일반의,Q23,70,197,206,11170530,9603210
2020,일반의,Q24,31,134,134,3010260,2615360
2020,일반의,Q25,50,77,77,2350470,1853970
2020,일반의,Q26,14,25,25,1990720,1462220
2020,일반의,Q27,52,111,112,5883620,5029370
2020,일반의,Q28,78,130,130,6494090,4385460
2020,일반의,Q30,4,4,4,64560,45360
2020,일반의,Q31,10,11,11,212990,192590
2020,일반의,Q32,4,4,4,69930,62530
2020,일반의,Q33,7,9,10,520940,498230
2020,일반의,Q34,25,28,28,1819490,1304990
2020,일반의,Q35,13,15,15,266010,233810
2020,일반의,Q36,45,49,49,824390,603090
2020,일반의,Q37,5,5,5,79990,69290
2020,일반의,Q38,1226,1577,1578,71700040,67469620
2020,일반의,Q39,22,27,27,1915140,1361940
2020,일반의,Q40,34,37,37,2921760,2717860
2020,일반의,Q41,2,2,2,110370,77370
2020,일반의,Q42,5,8,8,351730,254730
2020,일반의,Q43,27,245,245,17022920,15978320
2020,일반의,Q44,1181,1394,1393,172109050,115022020
2020,일반의,Q45,12,12,12,1635210,1148430
2020,일반의,Q50,44,55,56,4700000,3264340
2020,일반의,Q51,255,477,487,107901330,72120040
2020,일반의,Q52,83,138,138,7630380,5906580
2020,일반의,Q53,310,371,377,23536430,18185510
2020,일반의,Q54,39,52,52,1132590,855990
2020,일반의,Q55,182,230,229,8051560,5968060
2020,일반의,Q56,5,52,52,742850,535750
2020,일반의,Q60,15,15,15,1198740,848040
2020,일반의,Q61,935,1332,1339,88678620,61119050
2020,일반의,Q62,49,100,104,7553330,6486110
2020,일반의,Q63,22,23,23,2133730,1602130
2020,일반의,Q64,22,26,26,2267010,1641710
2020,일반의,Q65,58,88,88,2179790,1802790
2020,일반의,Q66,301,472,510,12948090,9509900
2020,일반의,Q67,228,323,322,7887380,6762380
2020,일반의,Q68,140,577,589,10191440,8814610
2020,일반의,Q69,60,87,87,1522720,1147620
2020,일반의,Q70,13,15,14,386010,313210
2020,일반의,Q71,3,3,3,104950,95350
2020,일반의,Q72,6,19,19,578770,442370
2020,일반의,Q73,3,3,3,64830,45530
2020,일반의,Q74,214,592,592,13912900,10128330
2020,일반의,Q75,41,286,286,8637760,7806260
2020,일반의,Q76,99,204,203,4422140,3488940
2020,일반의,Q77,10,98,98,2172910,1966710
2020,일반의,Q78,29,83,91,4098120,3312210
2020,일반의,Q79,42,268,268,11658540,10624640
2020,일반의,Q80,125,199,199,3485050,2647750
2020,일반의,Q81,60,191,191,3723320,2696170
2020,일반의,Q82,1756,2665,2671,115368170,83377070
2020,일반의,Q83,640,1297,1398,485136710,381493530
2020,일반의,Q84,68,162,162,3697190,2750090
2020,일반의,Q85,955,2122,2122,486958000,423138640
2020,일반의,Q86,1,7,7,153980,123580
2020,일반의,Q87,108,2261,2261,131097280,119255060
2020,일반의,Q89,65,147,147,9223950,7153820
2020,일반의,Q90,83,2036,2036,112490730,103286340
2020,일반의,Q92,1,1,1,11540,8140
2020,일반의,Q93,35,1062,1062,82715930,76912770
2020,일반의,Q96,26,121,121,4341900,2790040
2020,일반의,Q98,19,158,158,3530050,2953650
2020,일반의,Q99,27,721,721,34270400,28924430
2020,일반의,R00,19668,27382,27338,916540820,656644540
2020,일반의,R01,343,389,387,12121770,9683870
2020,일반의,R02,34,255,271,9929030,7285570
2020,일반의,R03,27921,31519,31509,575775180,455781700
2020,일반의,R04,7508,9940,9947,281060080,206249540
2020,일반의,R05,14852,25640,25644,483911810,371827340
2020,일반의,R06,8895,11510,11539,658146400,503750370
2020,일반의,R07,57507,68833,69041,2798858590,1999086350
2020,일반의,R09,2405,3579,3577,70234750,52985150
2020,일반의,R10,219163,310127,311283,15703400060,11191080230
2020,일반의,R11,85862,115355,115622,2169978350,1633074920
2020,일반의,R12,9510,14942,14945,300803360,222919200
2020,일반의,R13,2777,15414,15464,815244320,652911490
2020,일반의,R14,1871,2680,2696,52976920,39750760
2020,일반의,R15,284,399,398,12972920,9684120
2020,일반의,R16,139,162,163,16234620,11203340
2020,일반의,R17,1105,1414,1436,67724540,48630930
2020,일반의,R18,354,527,632,40482390,28323340
2020,일반의,R19,8395,9597,9606,497244650,351748970
2020,일반의,R20,1516,2061,2061,70970410,50172740
2020,일반의,R21,2712,3611,3610,61925830,47255260
2020,일반의,R22,6199,9903,9974,486715870,347461110
2020,일반의,R23,8993,19542,19540,355298430,258619030
2020,일반의,R25,6229,10073,10064,203899920,152202410
2020,일반의,R26,785,1621,1635,75722790,55332290
2020,일반의,R27,83,199,198,25139540,17555040
2020,일반의,R29,359,967,967,21645480,15524080
2020,일반의,R30,5197,14114,14115,662016260,517538890
2020,일반의,R31,16380,22985,23002,1473581590,1045319710
2020,일반의,R32,8023,17979,18025,361842330,293983530
2020,일반의,R33,1329,3939,3938,221584030,167797530
2020,일반의,R34,391,1052,1051,43003200,34467200
2020,일반의,R35,10213,19858,19855,405243020,312638200
2020,일반의,R36,72,99,99,3040270,2195470
2020,일반의,R39,3076,13264,13264,652494060,520555390
2020,일반의,R40,92,156,167,5395760,4022930
2020,일반의,R41,6259,15468,15575,296956540,233218190
2020,일반의,R42,108251,165949,167307,4674576710,3425989010
2020,일반의,R43,291,519,518,14027690,10259130
2020,일반의,R44,506,612,612,21841110,15913810
2020,일반의,R45,2389,5064,5064,87629500,67253650
2020,일반의,R46,23,189,189,3866580,2816680
2020,일반의,R47,799,9214,9214,108154490,83471620
2020,일반의,R48,9,12,12,177770,140870
2020,일반의,R49,250,310,309,7580370,5672020
2020,일반의,R50,46415,62612,63622,1481479800,1121571880
2020,일반의,R51,120277,175079,175593,5388508610,3375059000
2020,일반의,R52,27489,53066,53094,973774410,739680470
2020,일반의,R53,8171,11149,11321,260752540,191927420
2020,일반의,R54,528,1464,1467,62352400,49860200
2020,일반의,R55,2640,3231,3304,154339530,107289400
2020,일반의,R56,818,1475,1480,39973600,31311560
2020,일반의,R57,524,1355,1363,42544270,32921830
2020,일반의,R58,298,383,391,9252960,7052340
2020,일반의,R59,3579,5082,5082,266828690,188455370
2020,일반의,R60,36325,67340,67348,1829840190,1348867360
2020,일반의,R61,1918,2916,2926,94240000,69915170
2020,일반의,R62,5496,122750,126173,3529669010,3066358180
2020,일반의,R63,23167,34373,34484,890538190,686396000
2020,일반의,R64,56,181,180,8862920,8618920
2020,일반의,R65,5,5,5,162710,119310
2020,일반의,R68,42875,50853,50804,922816860,666414700
2020,일반의,R69,213,246,246,8471330,6121530
2020,일반의,R70,110,152,152,6228460,4005340
2020,일반의,R71,37,49,49,1137280,821480
2020,일반의,R72,1127,1285,1285,51822940,36919730
2020,일반의,R73,72987,106844,107123,2350431140,1819909740
2020,일반의,R74,880,1154,1151,47575700,33729910
2020,일반의,R76,3563,7197,7192,323162260,202095120
2020,일반의,R77,220,287,286,11786270,8226290
2020,일반의,R78,167,547,547,24628670,17458710
2020,일반의,R79,3184,3754,3747,168090400,116784360
2020,일반의,R80,5492,6708,6700,163458400,117773060
2020,일반의,R81,7987,12401,12401,206733220,163724920
2020,일반의,R82,3731,4173,4172,112241650,80958650
2020,일반의,R83,2,3,3,108280,79280
2020,일반의,R84,83,111,110,2428820,1839020
2020,일반의,R85,9,10,10,768020,548220
2020,일반의,R86,297,434,434,17814100,12526200
2020,일반의,R87,15223,23246,23242,2104205630,1472855870
2020,일반의,R89,73,130,130,3489270,2580270
2020,일반의,R90,493,569,565,17762720,12896410
2020,일반의,R91,11771,13581,13549,901797890,636787080
2020,일반의,R92,22092,23647,23624,693633030,491370890
2020,일반의,R93,6090,6681,6666,852596340,593638250
2020,일반의,R94,24237,30221,30220,1417892680,1003098620
2020,일반의,R96,5,5,5,64820,55320
2020,일반의,R99,8,8,8,113520,99020
2020,일반의,S00,59285,103668,104366,2370957620,1769129230
2020,일반의,S01,92384,229357,230512,6167025210,4559979080
2020,일반의,S02,1531,2665,3721,192626340,142657100
2020,일반의,S03,4185,6972,7047,154233800,114314600
2020,일반의,S04,508,1221,1239,58214710,40993950
2020,일반의,S05,2397,3593,3617,85229730,62610800
2020,일반의,S06,3046,4959,8391,493272810,362153360
2020,일반의,S07,1355,3275,3287,84080350,62438580
2020,일반의,S08,34,87,87,2560660,1841160
2020,일반의,S09,1305,2627,2641,88342270,64058470
2020,일반의,S10,2007,3042,3046,65130970,48146430
2020,일반의,S11,2360,5555,5567,127485560,95357400
2020,일반의,S12,90,433,643,25512630,19322110
2020,일반의,S13,153963,419879,435490,13083623150,9476693100
2020,일반의,S14,723,3493,3763,160479460,112402490
2020,일반의,S15,26,60,60,1464580,1110580
2020,일반의,S16,358,939,948,22137810,16417210
2020,일반의,S17,32,71,71,1420800,1180100
2020,일반의,S18,1,3,3,56550,39650
2020,일반의,S19,179,634,634,25837470,18304770
2020,일반의,S20,32803,55199,55810,1405554570,1058936200
2020,일반의,S21,4332,12369,12373,267342630,204510320
2020,일반의,S22,23904,61939,90119,4257053310,3157614700
2020,일반의,S23,92079,162143,164256,4696777920,3479155550
2020,일반의,S24,86,202,202,8972970,6316370
2020,일반의,S25,14,21,21,415410,331810
2020,일반의,S26,1,4,4,52400,46400
2020,일반의,S27,91,162,249,9892410,7302250
2020,일반의,S28,33,67,67,1273030,1051630
2020,일반의,S29,339,487,487,11091290,8257290
2020,일반의,S30,11303,22031,22732,566426910,429777450
2020,일반의,S31,9894,24994,25081,560538400,428871080
2020,일반의,S32,7168,23269,39576,2074604460,1550592500
2020,일반의,S33,389897,1178047,1247258,37080994630,27429668840
2020,일반의,S34,191,712,746,23442750,18132200
2020,일반의,S35,45,114,114,2738770,2016770
2020,일반의,S36,33,81,137,10038620,7391290
2020,일반의,S37,97,140,163,4993300,3697010
2020,일반의,S38,21,49,49,1363590,1063990
2020,일반의,S39,515,1209,1216,24836530,18922270
2020,일반의,S40,8876,18988,19243,470377410,351581620
2020,일반의,S41,5619,14452,14462,334929190,250239770
2020,일반의,S42,3730,12861,16789,745490230,555407670
2020,일반의,S43,127369,374286,381290,9679197570,7142838070
2020,일반의,S44,330,1010,1040,41258180,29410170
2020,일반의,S45,47,72,79,2485140,1804580
2020,일반의,S46,16989,66576,70859,2145131130,1579918680
2020,일반의,S47,39,120,126,3516620,2671390
2020,일반의,S48,4,5,5,102050,71650
2020,일반의,S49,413,1238,1263,27473970,20199270
2020,일반의,S50,18518,36502,36636,900869490,671298040
2020,일반의,S51,21493,62350,62578,1562118950,1169751990
2020,일반의,S52,11129,51278,56426,2365201850,1748767650
2020,일반의,S53,39898,97764,98567,2706264870,1970283140
2020,일반의,S54,360,1286,1336,46873070,34528940
2020,일반의,S55,72,161,161,4309250,3150850
2020,일반의,S56,1732,5451,5754,218932260,157870650
2020,일반의,S57,303,814,836,24136130,18134570
2020,일반의,S58,16,32,32,949860,762060
2020,일반의,S59,339,792,806,22888840,16578260
2020,일반의,S60,58365,94885,94987,2568992820,1871446430
2020,일반의,S61,185644,506439,506880,13090260850,9525851660
2020,일반의,S62,19289,66212,69782,2685443270,1941310820
2020,일반의,S63,148787,291193,292460,8217716470,5903663540
2020,일반의,S64,328,748,852,34321030,25021640
2020,일반의,S65,1514,3467,3470,96184860,68863500
2020,일반의,S66,4829,18227,19595,835329440,607414580
2020,일반의,S67,3412,9349,9499,267336710,194497010
2020,일반의,S68,293,1401,1576,70490780,51801500
2020,일반의,S69,1307,2596,2606,75984400,54760830
2020,일반의,S70,12139,23408,23958,560860790,425255510
2020,일반의,S71,6907,20147,20264,498397430,373797480
2020,일반의,S72,1619,6693,10876,500780270,379948560
2020,일반의,S73,15558,37957,39075,952524390,714742410
2020,일반의,S74,763,1770,1791,62054390,44874850
2020,일반의,S75,66,142,170,6652940,5031950
2020,일반의,S76,4474,14298,15506,508046120,370645910
2020,일반의,S77,84,265,265,5726650,4311570
2020,일반의,S78,12,20,20,624110,462710
2020,일반의,S79,352,855,867,23867580,17796500
2020,일반의,S80,49550,104983,106090,2584306720,1915986770
2020,일반의,S81,47744,146344,147301,3641480650,2705766540
2020,일반의,S82,8532,34797,50021,2435029510,1801514150
2020,일반의,S83,83450,226902,244579,7216821450,5283160530
2020,일반의,S84,261,824,862,30439130,21753140
2020,일반의,S85,176,565,612,17310840,12810990
2020,일반의,S86,5618,16826,19302,663182120,484675770
2020,일반의,S87,1004,3129,3135,72891480,55075470
2020,일반의,S88,48,165,180,6331460,5087530
2020,일반의,S89,1412,2918,2920,73686220,53809620
2020,일반의,S90,44642,73153,73331,1921920860,1400493490
2020,일반의,S91,54608,136219,136601,3306119680,2445302920
2020,일반의,S92,22273,73543,87991,4044249720,2933179290
2020,일반의,S93,189017,412112,424945,12945934220,9328552640
2020,일반의,S94,233,738,738,20070330,14501230
2020,일반의,S95,204,583,620,16577190,12237060
2020,일반의,S96,3867,11571,12408,422429180,307901840
2020,일반의,S97,1496,3450,3520,93332720,68109430
2020,일반의,S98,27,78,91,3467720,2656870
2020,일반의,S99,1155,2095,2199,72392450,52699460
2020,일반의,T00,9041,17558,17612,394891140,293426720
2020,일반의,T01,2368,5514,5567,146638790,108394740
2020,일반의,T02,18,26,26,620670,465570
2020,일반의,T03,439,800,800,33554850,24072250
2020,일반의,T04,85,199,199,5179930,3871030
2020,일반의,T05,6,6,6,209810,150810
2020,일반의,T06,30,88,103,2693000,2155570
2020,일반의,T07,159,243,243,3943460,2891960
2020,일반의,T08,159,580,632,19474950,15185680
2020,일반의,T09,3246,7259,7286,166171590,125153060
2020,일반의,T10,57,111,111,3117740,2299240
2020,일반의,T11,1536,3990,3989,89519000,68180970
2020,일반의,T12,38,78,78,2146040,1613040
2020,일반의,T13,2187,5776,5778,131108980,95661170
2020,일반의,T14,48181,90019,90096,2053022370,1504297730
2020,일반의,T15,14108,19059,19059,760224170,539204120
2020,일반의,T16,10893,13178,13178,398444630,288368640
2020,일반의,T17,9172,9802,9799,303544150,219818900
2020,일반의,T18,844,1013,1017,38852460,28472670
2020,일반의,T19,880,1118,1118,76184830,54072720
2020,일반의,T20,9598,23447,23665,1102456420,792700500
2020,일반의,T21,8196,27656,27805,1142658230,821027780
2020,일반의,T22,22679,73995,74216,2951204030,2095741540
2020,일반의,T23,52706,147277,147469,6628993370,4748196110
2020,일반의,T24,15858,65269,65806,2733566570,1957196680
2020,일반의,T25,12314,49885,50266,2267485850,1640480090
2020,일반의,T26,423,736,738,25576400,18351850
2020,일반의,T27,9,10,10,217320,171920
2020,일반의,T28,154,239,239,6175850,4575250
2020,일반의,T29,777,2470,2487,116338750,83887990
2020,일반의,T30,23743,61335,61364,2553362320,1819422500
2020,일반의,T31,4255,18388,18388,1139295720,897410940
2020,일반의,T32,1,1,1,15940,14440
2020,일반의,T33,1086,1747,1747,35337880,25528220
2020,일반의,T34,32,91,103,4577320,3389290
2020,일반의,T35,302,393,406,8931260,6557420
2020,일반의,T36,3,4,4,65930,56730
2020,일반의,T37,154,571,571,20731130,15275030
2020,일반의,T38,6,7,7,102440,80040
2020,일반의,T39,5,11,11,204230,160930
2020,일반의,T40,2,2,2,32280,22680
2020,일반의,T42,10,12,13,508920,382200
2020,일반의,T43,1,1,1,11540,10040
2020,일반의,T44,1,1,1,8410,5910
2020,일반의,T45,6,9,10,292100,256750
2020,일반의,T46,15,39,39,577910,425110
2020,일반의,T47,13,20,20,342560,284360
2020,일반의,T48,4,4,4,71870,56970
2020,일반의,T49,19,35,35,508840,369940
2020,일반의,T50,32,45,45,969600,699300
2020,일반의,T51,41,81,81,1593820,1157520
2020,일반의,T52,29,31,37,910720,700480
2020,일반의,T54,3,3,3,48550,34150
2020,일반의,T55,6,6,6,87480,69280
2020,일반의,T56,200,691,691,18199290,13186030
2020,일반의,T57,27,90,90,4144140,2967040
2020,일반의,T58,11,13,13,315450,224650
2020,일반의,T59,15,24,24,668250,490650
2020,일반의,T60,241,302,302,5672760,4434560
2020,일반의,T61,23,25,25,491870,354970
2020,일반의,T62,68,188,188,2864830,2119530
2020,일반의,T63,11735,14684,14776,276933300,211681560
2020,일반의,T65,77,171,171,2362100,1690100
2020,일반의,T66,1,1,1,53430,37430
2020,일반의,T67,4882,8896,8954,211023640,159772630
2020,일반의,T68,23,24,24,554470,412370
2020,일반의,T69,1376,1861,1861,33116260,24181260
2020,일반의,T70,374,2571,2571,84608670,62540310
2020,일반의,T71,1,1,1,5890,4190
2020,일반의,T73,1436,2231,2242,45664100,34375900
2020,일반의,T74,3,3,3,53350,39050
2020,일반의,T75,298,389,389,5982310,4716150
2020,일반의,T78,18866,33950,34016,723014110,541828410
2020,일반의,T79,12974,22603,22637,484296230,357978760
2020,일반의,T80,40,74,74,1278570,936870
2020,일반의,T81,2173,5812,5929,158761370,117356880
2020,일반의,T82,14,46,46,434630,324730
2020,일반의,T83,638,961,962,69884690,50130670
2020,일반의,T84,41,189,248,8194550,6374520
2020,일반의,T85,22,38,39,1741830,1281070
2020,일반의,T86,1,1,1,11540,8140
2020,일반의,T87,13,62,62,1015510,836010
2020,일반의,T88,451,736,743,15719870,12208870
2020,일반의,T90,51,160,160,3773220,2915320
2020,일반의,T91,909,4649,4811,151888610,119656820
2020,일반의,T92,387,2521,2531,46561410,37231070
2020,일반의,T93,345,1869,1884,36804510,29180960
2020,일반의,T94,3,7,7,138490,114290
2020,일반의,T95,179,452,452,14918170,10807570
2020,일반의,T96,3,4,4,72560,54160
2020,일반의,T97,1,1,1,22660,15960
2020,일반의,T98,12,14,14,313580,232080
2020,일반의,U07,270,312,3482,97471700,77850570
2020,일반의,U83,1,1,1,0,0
2020,일반의,U84,2,37,37,472010,455010
2020,일반의,Z00,10376,13091,13090,632240280,459573890
2020,일반의,Z01,4992,5551,5551,151997520,113615940
2020,일반의,Z02,331,355,355,3987270,2888060
2020,일반의,Z03,7208,8202,8214,331766640,233725020
2020,일반의,Z04,890,1045,1045,30147590,22489680
2020,일반의,Z08,19,48,48,1665880,1221760
2020,일반의,Z09,128,187,187,5438530,3255350
2020,일반의,Z10,253,273,273,3359980,2432580
2020,일반의,Z11,2328,2608,2608,125223390,85296430
2020,일반의,Z12,178,192,192,11929330,8426410
2020,일반의,Z13,807,974,973,25541030,20075430
2020,일반의,Z20,2910,3469,3467,151652230,103737030
2020,일반의,Z21,1,1,1,27180,19080
2020,일반의,Z22,152,190,190,9790730,6902580
2020,일반의,Z23,369,422,422,14010130,9911030
2020,일반의,Z24,871,1023,1022,7531620,5325310
2020,일반의,Z25,3798,4228,4228,63293380,47025840
2020,일반의,Z26,3845,4753,4755,55581590,42302650
2020,일반의,Z27,118,129,129,1973540,1505040
2020,일반의,Z28,42,44,44,199460,160860
2020,일반의,Z29,1475,1681,1681,28490370,20358000
2020,일반의,Z30,4547,5384,5383,219706180,152315860
2020,일반의,Z31,50855,286883,286724,96622805280,59409995670
2020,일반의,Z32,18557,41186,41205,958358900,682204490
2020,일반의,Z33,82,84,84,4020270,3435670
2020,일반의,Z34,41049,195884,197272,18277353660,16390975190
2020,일반의,Z35,15338,60476,60477,3735101220,3357389980
2020,일반의,Z36,21,25,24,2281240,1893560
2020,일반의,Z37,20,29,39,5803860,5601640
2020,일반의,Z38,3186,9680,45789,3514001620,3465931930
2020,일반의,Z39,5650,9796,9800,329358260,156172040
2020,일반의,Z40,22,45,45,1155840,821240
2020,일반의,Z41,124,144,144,3370530,2423430
2020,일반의,Z42,44,59,59,1222040,865120
2020,일반의,Z43,21,193,193,10246400,8297800
2020,일반의,Z44,3,5,5,82570,75170
2020,일반의,Z45,7,7,7,155630,110330
2020,일반의,Z46,3,5,5,117970,95970
2020,일반의,Z47,205,359,1536,115846930,86988210
2020,일반의,Z48,15212,34441,34462,728126060,535146780
2020,일반의,Z49,11,15,15,360080,298580
2020,일반의,Z50,14,61,61,1067240,787640
2020,일반의,Z51,45,70,79,1799360,1486450
2020,일반의,Z52,32,68,71,1599350,1155320
2020,일반의,Z53,2,2,2,161060,145060
2020,일반의,Z54,926,2244,2824,99823730,73152260
2020,일반의,Z55,4,4,4,447320,354420
2020,일반의,Z56,16,18,24,728850,535130
2020,일반의,Z57,19,22,22,841980,590480
2020,일반의,Z58,58,70,70,1288480,993380
2020,일반의,Z59,3,3,3,61090,42890
2020,일반의,Z60,6,8,8,290250,237650
2020,일반의,Z62,120,157,157,2950900,2275200
2020,일반의,Z63,75,150,150,8655310,6891510
2020,일반의,Z64,28,31,31,528730,371430
2020,일반의,Z65,4,5,5,89860,66060
2020,일반의,Z70,459,855,855,21820810,15807910
2020,일반의,Z71,35726,44928,44634,913477190,704738220
2020,일반의,Z72,77,125,125,1954690,1403090
2020,일반의,Z73,893,1778,1782,60641780,45639770
2020,일반의,Z74,2,2,2,27680,22680
2020,일반의,Z75,26,28,28,1064160,749560
2020,일반의,Z76,128,162,162,1957300,1383600
2020,일반의,Z80,28,32,32,986610,694210
2020,일반의,Z82,64,165,165,4539410,3436010
2020,일반의,Z83,296,416,415,7579170,5831470
2020,일반의,Z84,7,9,9,131720,95820
2020,일반의,Z85,20,35,34,2426880,1740970
2020,일반의,Z86,12,16,16,252080,195080
2020,일반의,Z87,15,29,30,1039620,787180
2020,일반의,Z88,33,40,40,1978680,1410980
2020,일반의,Z90,11,16,15,236010,190210
2020,일반의,Z91,10,10,10,406020,286320
2020,일반의,Z92,52,150,150,1911280,1551480
2020,일반의,Z93,91,589,589,42618890,33602690
2020,일반의,Z94,156,509,520,13998450,10713880
2020,일반의,Z95,140,531,531,10960720,8638540
2020,일반의,Z96,402,1544,1554,31809220,26264810
2020,일반의,Z97,226,282,282,21366460,14892860
2020,일반의,Z98,10181,27068,27600,628960910,463122300
2020,일반의,Z99,31,224,224,10602950,9235630
2020,내과,A00,7,11,11,191610,145410
2020,내과,A01,18,21,21,480970,339670
2020,내과,A02,1704,2577,2715,68531710,50088460
2020,내과,A03,19,19,19,636860,458460
2020,내과,A04,300966,425845,426596,8985420400,6550714620
2020,내과,A05,12500,16731,16733,319217720,235269440
2020,내과,A06,1100,1630,1630,32524660,24619360
2020,내과,A07,52,65,65,2438420,1776820
2020,내과,A08,63179,81786,81862,1588236290,1155612890
2020,내과,A09,1016217,1425011,1430152,34906564240,25305231820
2020,내과,A15,550,3326,3375,119673470,109766140
2020,내과,A16,853,2198,2207,90114800,74804690
2020,내과,A17,8,43,43,465780,284870
2020,내과,A18,165,728,736,44437620,38679570
2020,내과,A19,7,12,12,494540,355340
2020,내과,A21,1,6,6,79210,69910
2020,내과,A22,1,1,1,11540,8140
2020,내과,A23,2,11,11,156580,113180
2020,내과,A25,3,3,17,1312630,988710
2020,내과,A26,31,54,89,4171200,3098250
2020,내과,A27,2,4,4,186200,128540
2020,내과,A28,19,21,21,599010,420410
2020,내과,A30,26,26,26,370100,288100
2020,내과,A31,1103,4340,4348,100458990,73887050
2020,내과,A35,74,77,77,2635280,1852780
2020,내과,A36,1,1,1,11540,10040
2020,내과,A37,21,22,22,301980,215080
2020,내과,A38,16,29,29,439410,332210
2020,내과,A39,1,1,1,16140,11340
2020,내과,A40,16,17,17,308020,227920
2020,내과,A41,445,608,781,86447890,65116420
2020,내과,A42,3,6,6,256070,179570
2020,내과,A46,106,184,191,4966940,3737110
2020,내과,A48,253,337,337,6472280,4835280
2020,내과,A49,2259,3180,3195,83652520,60329220
2020,내과,A50,2,2,2,466400,326600
2020,내과,A51,27,42,42,1878240,1352150
2020,내과,A52,20,24,24,448440,330540
2020,내과,A53,131,186,186,7513770,5388270
2020,내과,A54,51,105,105,4156540,2924640
2020,내과,A55,2,4,4,153200,107400
2020,내과,A56,127,258,258,8502730,5942110
2020,내과,A57,2,2,2,41230,30830
2020,내과,A58,1,1,1,20140,14140
2020,내과,A59,205,280,280,5606170,4093370
2020,내과,A60,1874,3259,3259,58562080,43054030
2020,내과,A63,201,370,370,24927750,17605950
2020,내과,A64,175,284,284,18534410,12967010
2020,내과,A65,8,9,9,187680,136280
2020,내과,A66,15,19,19,354680,249080
2020,내과,A68,2,2,2,37940,26640
2020,내과,A69,2065,3048,3048,82440120,59748510
2020,내과,A71,5,5,5,66900,49000
2020,내과,A74,23,25,25,525260,376860
2020,내과,A75,850,1785,2080,96404070,71568810
2020,내과,A77,35,47,77,4898040,3743320
2020,내과,A79,96,169,169,4838540,3523540
2020,내과,A80,1,1,1,277610,194410
2020,내과,A81,1,2,2,502170,452070
2020,내과,A86,7,17,17,250410,208010
2020,내과,A87,149,218,218,5852190,4211580
2020,내과,A88,455,673,673,19078240,14037040
2020,내과,A93,3,3,3,200180,140280
2020,내과,A98,8,11,11,297350,227450
2020,내과,A99,16,17,17,275540,198840
2020,내과,B00,73830,99027,99157,1651535630,1214838550
2020,내과,B01,1090,1808,1823,31410670,22942270
2020,내과,B02,136607,269881,272104,4914903450,3692481460
2020,내과,B05,13,13,13,428430,300730
2020,내과,B06,14,22,22,862890,654390
2020,내과,B07,949,1459,1459,61892000,44093170
2020,내과,B08,790,1107,1107,20645890,15817590
2020,내과,B09,186,227,227,4040980,2993280
2020,내과,B15,712,1148,1180,60055430,42964570
2020,내과,B16,512,659,659,43823190,31130940
2020,내과,B17,10959,16729,16736,946186930,667360000
2020,내과,B18,163689,588377,588565,41775042400,29231525630
2020,내과,B19,1673,2435,2462,126419020,89536740
2020,내과,B20,3,3,3,50930,35830
2020,내과,B23,1,1,1,16140,11340
2020,내과,B24,7,7,7,137320,98820
2020,내과,B25,3,3,3,44110,33310
2020,내과,B26,448,638,641,17764400,12726290
2020,내과,B27,61,131,131,5663560,4010560
2020,내과,B30,455,573,579,9337150,6999480
2020,내과,B33,542,721,721,13238030,10165530
2020,내과,B34,1073,1497,1497,30371660,22333560
2020,내과,B35,133968,277803,277830,4352516280,3277910530
2020,내과,B36,2082,3171,3171,51369330,38490430
2020,내과,B37,10214,14871,14884,481394850,346829340
2020,내과,B43,98,156,155,3147070,2297070
2020,내과,B44,25,111,111,3483310,2639710
2020,내과,B45,2,3,3,39220,34620
2020,내과,B46,27,58,58,719300,555900
2020,내과,B47,45,84,84,1498280,1148280
2020,내과,B48,160,338,338,5943840,4453540
2020,내과,B49,267,450,450,8340350,6271150
2020,내과,B50,31,36,36,564240,421340
2020,내과,B51,11,15,15,301670,213870
2020,내과,B53,2,2,2,95520,66920
2020,내과,B54,94,124,124,2501830,1823080
2020,내과,B56,3,3,3,41740,29340
2020,내과,B57,1,1,1,16140,14540
2020,내과,B58,4,5,5,125170,94070
2020,내과,B59,1,2,2,58540,42940
2020,내과,B60,17,21,21,290220,225320
2020,내과,B64,7,7,7,257970,176760
2020,내과,B65,20,23,23,292940,216340
2020,내과,B66,1655,1885,1885,42859730,31093770
2020,내과,B67,4,8,8,303670,225670
2020,내과,B68,43,47,47,933540,665140
2020,내과,B69,14,22,22,395040,293740
2020,내과,B71,42,47,47,913720,665020
2020,내과,B76,18,18,18,279000,205300
2020,내과,B77,26,28,28,670000,491500
2020,내과,B79,6,6,6,1286600,902800
2020,내과,B80,29,29,29,488830,384930
2020,내과,B81,161,192,191,34108800,23836190
2020,내과,B82,78,95,95,5111760,3627760
2020,내과,B83,151,181,181,3949110,2853810
2020,내과,B85,133,154,154,2642010,1943210
2020,내과,B86,615,1036,1036,15473310,11810010
2020,내과,B87,1,2,2,32680,22980
2020,내과,B88,6137,8500,8506,605337090,428196130
2020,내과,B89,197,248,248,8368120,5985120
2020,내과,B90,1481,1802,1802,50068710,35947280
2020,내과,B94,6,12,12,251960,188460
2020,내과,B95,8,9,20,2579380,2093270
2020,내과,B96,43,48,105,10351120,8006820
2020,내과,B97,9,13,13,1057790,740990
2020,내과,B98,12187,17473,17471,479584500,331406990
2020,내과,B99,23,25,25,802840,572040
2020,내과,C00,8,41,41,985270,889970
2020,내과,C01,18,37,37,1407100,1326800
2020,내과,C02,136,602,602,22208200,20783990
2020,내과,C03,38,132,132,6883270,6528770
2020,내과,C04,10,49,49,1752630,1667530
2020,내과,C05,33,163,163,6076340,5704740
2020,내과,C06,73,330,330,10601430,10082430
2020,내과,C07,49,339,339,12174230,11285730
2020,내과,C08,69,257,257,12965560,12118730
2020,내과,C09,95,642,642,50048840,47519240
2020,내과,C10,51,236,251,14417570,13539360
2020,내과,C11,112,494,589,59022310,55922750
2020,내과,C12,8,62,62,2553340,2418040
2020,내과,C13,57,384,426,50118240,47597480
2020,내과,C14,17,74,74,3994330,3796330
2020,내과,C15,1056,4811,4947,194020960,179537210
2020,내과,C16,12278,52369,53614,2582549230,2404094830
2020,내과,C17,232,1027,1084,63281880,59486200
2020,내과,C18,6537,26082,27744,1993572380,1834915440
2020,내과,C19,622,2526,2657,184912490,170316400
2020,내과,C20,2427,9759,10505,765364540,703316370
2020,내과,C21,114,577,613,61203970,57266670
2020,내과,C22,5199,23070,23953,1533770190,1416117370
2020,내과,C23,571,2315,2507,157394730,146190030
2020,내과,C24,1060,4676,5675,457196620,425848410
2020,내과,C25,2338,10667,11845,757359420,691922610
2020,내과,C26,61,316,315,11794830,10698940
2020,내과,C30,35,113,130,6884910,6477370
2020,내과,C31,35,234,234,7454610,7080310
2020,내과,C32,251,1326,1520,118084150,110639140
2020,내과,C33,27,90,93,3133700,2955280
2020,내과,C34,6611,31923,34632,1920068870,1797225300
2020,내과,C37,172,706,1030,135085120,127024420
2020,내과,C38,46,161,161,6346040,5813640
2020,내과,C39,42,137,137,4309510,3953610
2020,내과,C40,22,131,131,5667940,5406840
2020,내과,C41,51,254,254,10814380,10175380
2020,내과,C43,196,1047,1058,67109320,63428920
2020,내과,C44,779,4761,4846,247926030,234698970
2020,내과,C45,27,181,204,16284990,15159530
2020,내과,C46,40,155,155,6581050,6185750
2020,내과,C47,10,34,34,1142920,1086820
2020,내과,C48,95,441,840,191675420,179508200
2020,내과,C49,212,1074,1222,99508580,93812030
2020,내과,C50,6773,28295,29931,1432929220,1336205540
2020,내과,C51,15,55,55,2914660,2766870
2020,내과,C52,7,64,64,1070850,1015450
2020,내과,C53,741,3597,3890,220650180,205652350
2020,내과,C54,468,2234,2451,166790980,156673760
2020,내과,C55,78,323,323,12878920,11993720
2020,내과,C56,898,5053,5291,252073630,232883910
2020,내과,C57,80,319,384,13964940,12846860
2020,내과,C58,8,28,28,1927350,1824350
2020,내과,C60,5,14,14,219770,206770
2020,내과,C61,4393,21423,22120,1278723810,1202344260
2020,내과,C62,36,288,288,6544700,6125900
2020,내과,C63,7,22,22,1442650,1370950
2020,내과,C64,1331,7293,7449,572239620,538524080
2020,내과,C65,171,998,999,72704640,68270590
2020,내과,C66,144,1157,1294,87062480,81804320
2020,내과,C67,1331,7292,7410,433006450,407333910
2020,내과,C68,23,198,198,4539620,4117720
2020,내과,C69,18,350,350,8541140,8123220
2020,내과,C70,28,166,166,7676900,7265600
2020,내과,C71,387,1987,2120,116792990,109576990
2020,내과,C72,89,762,762,25204900,23944000
2020,내과,C73,17445,73597,73821,4122674190,3511545040
2020,내과,C74,53,201,208,11967210,10705520
2020,내과,C75,47,247,247,8954780,8158480
2020,내과,C76,61,255,255,7904970,7409870
2020,내과,C77,122,618,633,48895550,46106300
2020,내과,C78,232,793,811,42725560,39469400
2020,내과,C79,177,1230,1294,109664390,103549020
2020,내과,C80,124,537,639,38657840,36058770
2020,내과,C81,78,411,415,36506380,34622210
2020,내과,C82,115,625,625,22234760,20808960
2020,내과,C83,436,1598,1782,127621450,119593530
2020,내과,C84,50,256,276,12758860,11977260
2020,내과,C85,472,1806,1906,117441910,109860290
2020,내과,C86,29,132,142,3907390,3664900
2020,내과,C88,233,771,771,37331250,34918130
2020,내과,C90,472,4129,4226,513643370,488085420
2020,내과,C91,167,704,704,30560860,28869760
2020,내과,C92,485,2050,2050,89926060,85076660
2020,내과,C93,23,99,99,5141890,4846790
2020,내과,C94,41,182,182,6628820,6268220
2020,내과,C95,107,312,314,12039870,11103520
2020,내과,C96,60,179,179,5189090,4758890
2020,내과,D00,449,2006,2006,123618540,116698870
2020,내과,D01,1624,5243,5252,546068430,507599120
2020,내과,D02,47,195,194,4755540,4503140
2020,내과,D03,31,88,88,4525050,4117350
2020,내과,D04,134,712,712,29034500,27513590
2020,내과,D05,587,1775,1807,109558520,103321290
2020,내과,D06,600,1834,1845,119089110,112325290
2020,내과,D07,88,378,378,16709760,15735260
2020,내과,D09,161,551,553,27817210,25957460
2020,내과,D10,98,129,128,5315250,3812050
2020,내과,D11,144,185,183,7434800,5452100
2020,내과,D12,101367,133359,134185,33854035390,23828222800
2020,내과,D13,14988,19915,19908,2431685620,1702749050
2020,내과,D14,3286,3967,3963,496055820,350240650
2020,내과,D15,139,198,198,15262250,10848440
2020,내과,D16,80,102,102,4685170,3371710
2020,내과,D17,2899,5575,5569,366959170,259795250
2020,내과,D18,4192,5139,5132,697721210,472779700
2020,내과,D19,4,4,4,72680,55480
2020,내과,D20,17,23,23,4657220,3268210
2020,내과,D21,569,909,907,63719950,45208420
2020,내과,D22,46,52,50,1069760,791860
2020,내과,D23,890,1905,1903,96305590,69306910
2020,내과,D24,7575,9554,9586,411672830,293947260
2020,내과,D25,2581,3002,2999,368742840,257770200
2020,내과,D26,215,254,252,21361220,15048780
2020,내과,D27,867,1048,1075,150663060,105241030
2020,내과,D28,41,80,80,10695870,7433830
2020,내과,D29,111,192,191,10074510,7575110
2020,내과,D30,2040,2581,2576,300438850,209777260
2020,내과,D31,8,8,8,414130,294130
2020,내과,D32,795,3556,3559,157775410,148165910
2020,내과,D33,498,2062,2060,98334950,90303860
2020,내과,D34,18812,26708,26645,1508080340,1066339480
2020,내과,D35,819,2436,2430,139711820,111961050
2020,내과,D36,190,239,232,11432580,8140750
2020,내과,D37,4165,7489,7470,874628640,700475330
2020,내과,D38,447,774,782,60271290,45424060
2020,내과,D39,236,508,520,40804110,33359450
2020,내과,D40,101,235,233,9814700,7862400
2020,내과,D41,337,632,637,60812040,46686480
2020,내과,D42,52,284,284,14404230,13408130
2020,내과,D43,169,645,646,29125320,27210610
2020,내과,D44,2044,3573,3576,271357210,201625540
2020,내과,D45,184,517,517,21737690,19953340
2020,내과,D46,291,2121,2117,126694180,120472160
2020,내과,D47,605,2613,2664,180289950,168289880
2020,내과,D48,611,979,970,62949680,48686610
2020,내과,D50,142880,271445,271423,9867622960,7058814410
2020,내과,D51,1701,6365,6365,132929330,103635950
2020,내과,D52,839,1642,1642,39049890,29493500
2020,내과,D53,530,1216,1214,34155510,25565600
2020,내과,D55,80,104,104,5564890,3946390
2020,내과,D56,5,10,10,777000,558700
2020,내과,D57,1,2,2,249220,155710
2020,내과,D58,29,39,39,1325150,1022450
2020,내과,D59,49,126,126,3039120,2493420
2020,내과,D60,6,14,14,472240,406240
2020,내과,D61,145,557,557,46436360,41306550
2020,내과,D62,82,104,104,5337910,3778410
2020,내과,D63,492,1514,1515,67342200,51762590
2020,내과,D64,43521,59170,59161,3004730860,2132000560
2020,내과,D65,2,2,2,126500,90900
2020,내과,D66,92,1588,1588,10028521360,9036976360
2020,내과,D67,17,291,291,3295985140,2966404840
2020,내과,D68,421,812,810,143900020,125040040
2020,내과,D69,4927,7861,7841,271636580,196606710
2020,내과,D70,32,112,112,2100080,1817380
2020,내과,D71,6,7,7,150740,107740
2020,내과,D72,3495,4845,4829,176476090,126065890
2020,내과,D73,193,239,236,23455840,16340540
2020,내과,D74,2,2,2,32100,22600
2020,내과,D75,1342,1735,1728,104843880,74905470
2020,내과,D76,9,26,26,1826990,1639790
2020,내과,D77,11,22,22,690720,497320
2020,내과,D80,12,34,35,1077500,875290
2020,내과,D81,9,11,11,752340,579630
2020,내과,D82,4,5,5,262220,189720
2020,내과,D84,41,147,147,3868470,2758070
2020,내과,D86,64,314,314,13696100,12111360
2020,내과,D89,54,110,110,5389320,3892920
2020,내과,E00,12,17,17,588810,440810
2020,내과,E01,147,205,205,13129720,9259220
2020,내과,E02,563,1386,1386,79499870,56823670
2020,내과,E03,231081,977421,977360,32911369650,23801783880
2020,내과,E04,66306,126245,126146,7622961320,5409214170
2020,내과,E05,84370,389537,389536,16758278810,11923684860
2020,내과,E06,36880,114286,114310,5630505040,4008437680
2020,내과,E07,72055,108935,108893,6846400260,4843020130
2020,내과,E10,9930,45973,45990,1397771310,1042246840
2020,내과,E11,1489313,10779694,10780713,2.79186E+11,2.11724E+11
2020,내과,E12,165,560,558,17737830,13279990
2020,내과,E13,20613,120109,120220,3203627050,2405611080
2020,내과,E14,111777,589230,589263,16468548380,12276402590
2020,내과,E15,11,19,49,1875580,1537970
2020,내과,E16,2365,4024,4063,212673580,177246420
2020,내과,E20,256,676,676,22224030,16090140
2020,내과,E21,435,1174,1171,91142260,75201360
2020,내과,E22,791,1880,1879,69166430,52697480
2020,내과,E23,1071,4567,4566,162588480,128807630
2020,내과,E24,415,1087,1086,48808920,39113590
2020,내과,E25,21,64,64,1233920,964820
2020,내과,E26,46,135,133,3997780,2917580
2020,내과,E27,1299,3370,3366,146220130,114263860
2020,내과,E28,862,1514,1512,79114800,55503930
2020,내과,E29,166,673,673,11941470,9596260
2020,내과,E30,791,2163,2156,53837920,38024120
2020,내과,E31,3,3,3,51470,39370
2020,내과,E32,43,63,61,2291770,1652930
2020,내과,E34,213,411,411,10395980,7629680
2020,내과,E35,721,884,884,55882270,39677520
2020,내과,E41,431,654,654,15874880,12349080
2020,내과,E42,5,6,6,83480,65780
2020,내과,E43,81,103,103,4058490,2939710
2020,내과,E44,138,180,180,3584190,2746190
2020,내과,E45,1,1,1,13570,9570
2020,내과,E46,530,976,976,20839090,15798690
2020,내과,E50,1953,3479,3486,51648150,39038720
2020,내과,E51,43,87,87,1764070,1354870
2020,내과,E53,1061,2162,2162,55427610,42600850
2020,내과,E54,26,68,68,1316900,966060
2020,내과,E55,56817,87396,87394,2118907380,1524253130
2020,내과,E56,2740,4297,4297,122776020,90345490
2020,내과,E58,1672,3329,3329,74301840,55503790
2020,내과,E59,3,3,3,124670,87470
2020,내과,E60,35,50,50,1808620,1312220
2020,내과,E61,1796,2718,2718,68408430,50638110
2020,내과,E63,3429,5605,5605,150821420,114120140
2020,내과,E64,136,211,211,4502510,3445110
2020,내과,E65,60,64,64,1974150,1415450
2020,내과,E66,2013,3151,3150,66762320,47093630
2020,내과,E67,48,52,52,2765150,1968450
2020,내과,E70,11,17,17,434740,330940
2020,내과,E71,18,122,122,15613360,13952960
2020,내과,E72,20,31,31,1235010,923610
2020,내과,E73,52,61,61,1113110,846810
2020,내과,E74,657,1029,1029,19754630,15582860
2020,내과,E75,52,154,154,2624180,2052680
2020,내과,E76,5,7,7,141860,103160
2020,내과,E77,15,15,15,193500,151500
2020,내과,E78,1170657,3970376,3970052,97926206860,71163583160
2020,내과,E79,5099,8027,8026,485132330,344201360
2020,내과,E80,398,549,549,22496840,15750740
2020,내과,E83,4669,8879,8878,233568170,174194550
2020,내과,E84,13,30,30,827700,634800
2020,내과,E85,26,69,69,1686750,1471350
2020,내과,E86,18663,25597,25629,1678023200,1192513010
2020,내과,E87,5209,8591,8685,389442790,291441110
2020,내과,E88,400,510,509,18256830,13111430
2020,내과,E89,4437,16154,16155,585157570,422393310
2020,내과,E90,245,332,332,8156330,5897130
2020,내과,F00,18735,104784,104960,1726806140,1363709500
2020,내과,F01,1519,4661,4684,104686380,82566230
2020,내과,F02,186,607,605,11469260,9155560
2020,내과,F03,2463,6845,6839,156346710,122263630
2020,내과,F04,6,19,19,464760,357460
2020,내과,F05,111,314,314,3744480,3110780
2020,내과,F06,63059,176600,176578,3100239780,2527644960
2020,내과,F07,410,988,987,18085280,14355780
2020,내과,F09,10,54,54,751740,624540
2020,내과,F10,416,790,813,18831050,13922740
2020,내과,F11,3,5,5,162900,120700
2020,내과,F13,9,11,11,155680,123680
2020,내과,F14,1,1,1,16140,14540
2020,내과,F15,6,7,7,148280,104180
2020,내과,F17,469,951,951,15625810,11327500
2020,내과,F18,6,7,7,165230,116030
2020,내과,F19,14,15,15,522510,371010
2020,내과,F20,454,1944,1943,43824690,38004790
2020,내과,F21,4,5,5,296570,264470
2020,내과,F22,16,50,50,579440,502840
2020,내과,F23,20,68,68,1152520,984920
2020,내과,F25,28,60,60,1615260,1402660
2020,내과,F28,4,33,33,408290,327090
2020,내과,F29,19,71,71,2168660,1922260
2020,내과,F30,50,99,99,1426030,1161330
2020,내과,F31,1608,4696,4696,66918110,51617810
2020,내과,F32,21617,62044,62068,1058166190,831858340
2020,내과,F33,1913,5726,5745,93738330,74856730
2020,내과,F34,1089,2604,2613,55554520,42350670
2020,내과,F38,3179,7249,7248,155661890,118429490
2020,내과,F39,1559,3359,3359,58286310,45148670
2020,내과,F40,1930,4313,4313,71196890,55295980
2020,내과,F41,87329,207466,207546,3620434940,2812423000
2020,내과,F42,122,249,249,4002540,3117440
2020,내과,F43,4664,8741,8756,154898710,117752100
2020,내과,F44,9,24,24,586650,454450
2020,내과,F45,17223,36717,36721,676298510,521832570
2020,내과,F48,22599,43241,43236,922839690,698643550
2020,내과,F50,990,1556,1556,27725600,21351400
2020,내과,F51,76783,236178,236174,3603001970,2782632620
2020,내과,F52,245,370,370,6816220,5089140
2020,내과,F53,2,4,4,49150,34650
2020,내과,F54,217,373,373,10475740,7662700
2020,내과,F55,2,12,12,493350,345950
2020,내과,F59,46,61,61,904060,640460
2020,내과,F60,18,22,22,553750,409150
2020,내과,F62,2,2,2,32280,25880
2020,내과,F63,5,6,6,101070,71070
2020,내과,F64,5,59,59,565560,398560
2020,내과,F65,3,6,6,577100,413200
2020,내과,F66,20,38,38,572260,413160
2020,내과,F68,6,22,22,1274260,1166560
2020,내과,F70,14,30,30,526900,398000
2020,내과,F71,2,3,3,108560,83160
2020,내과,F72,1,2,2,85030,73430
2020,내과,F73,4,6,6,106620,85520
2020,내과,F78,7,12,12,261560,188160
2020,내과,F79,6,22,22,390580,274680
2020,내과,F80,72,90,88,2246440,1732240
2020,내과,F81,4,4,4,60300,46200
2020,내과,F82,2,6,6,195670,137170
2020,내과,F83,2,2,2,33210,32410
2020,내과,F84,74,161,161,4967370,3844670
2020,내과,F89,8,8,8,122900,104200
2020,내과,F90,256,717,717,10135630,7252430
2020,내과,F91,12,17,17,253860,205260
2020,내과,F92,190,417,417,6271350,4991250
2020,내과,F93,7,9,9,134020,95320
2020,내과,F94,3,14,14,256210,181310
2020,내과,F95,134,181,180,3481520,2521310
2020,내과,F98,20,34,34,483140,355140
2020,내과,F99,10,10,10,717310,524610
2020,내과,G00,4,5,5,178650,125250
2020,내과,G02,2,7,7,91620,79220
2020,내과,G03,97,106,106,2050320,1488720
2020,내과,G04,15,17,17,324200,250100
2020,내과,G05,586,899,899,17226160,12388550
2020,내과,G06,2,3,3,134530,94330
2020,내과,G08,2,4,4,59520,41920
2020,내과,G09,1,1,1,13620,9620
2020,내과,G10,4,37,41,1475870,1294470
2020,내과,G11,48,422,422,7089470,6294970
2020,내과,G12,88,419,418,9997670,8830170
2020,내과,G13,3,8,8,1089370,959070
2020,내과,G14,14,23,23,866350,610950
2020,내과,G20,3147,14864,14908,427177630,377338740
2020,내과,G21,370,1246,1246,20633590,17401390
2020,내과,G22,172,689,689,10423190,8765780
2020,내과,G23,70,155,155,3795090,3097790
2020,내과,G24,1287,1690,1702,34322920,25334170
2020,내과,G25,7091,15707,15700,300107590,234646880
2020,내과,G26,19,52,52,982010,831510
2020,내과,G30,1507,6111,6110,118202800,94111460
2020,내과,G31,77375,221581,221593,3765296180,3069105570
2020,내과,G32,56,128,128,2030980,1629780
2020,내과,G35,64,306,306,9303340,8312740
2020,내과,G36,15,46,46,1478430,1331430
2020,내과,G37,9,15,15,809560,589160
2020,내과,G40,2800,9747,9747,157413400,120893530
2020,내과,G41,207,671,671,13810220,11405520
2020,내과,G43,130239,237884,237980,4542421390,3311899420
2020,내과,G44,77727,115235,115230,2753475460,2003488960
2020,내과,G45,2381,6356,6352,186689370,141735970
2020,내과,G46,826,2544,2543,69370060,52732170
2020,내과,G47,194262,578784,579192,9209366490,7067795080
2020,내과,G50,3647,6501,6510,119775560,91573990
2020,내과,G51,1943,3371,3434,101768570,75121530
2020,내과,G52,365,775,775,19119170,14172420
2020,내과,G53,32057,78308,78701,1307119990,1036623900
2020,내과,G54,506,1127,1126,48912580,35442680
2020,내과,G55,384,1064,1064,26637320,19919160
2020,내과,G56,3746,9680,9693,271643690,202299960
2020,내과,G57,1837,6474,6521,259761460,192671300
2020,내과,G58,3688,6945,6945,197898850,146860250
2020,내과,G59,364,1425,1425,30678300,24004600
2020,내과,G60,23,62,62,2773260,2445960
2020,내과,G61,107,353,352,15481370,13339200
2020,내과,G62,856,1653,1652,32206340,24923600
2020,내과,G63,6237,22784,22783,539101760,416285470
2020,내과,G64,2839,5503,5498,113153460,86836650
2020,내과,G70,201,933,949,30839280,27221770
2020,내과,G71,119,316,316,9205050,7698350
2020,내과,G72,99,206,206,6871060,4963960
2020,내과,G73,42,140,140,4384510,3366810
2020,내과,G80,34,166,166,3538190,2726990
2020,내과,G81,143,695,705,23194910,17839590
2020,내과,G82,38,311,311,10588050,7534250
2020,내과,G83,44,87,86,1619080,1202480
2020,내과,G90,2607,4439,4447,107293760,80633710
2020,내과,G91,52,101,99,3423050,2467110
2020,내과,G93,2091,2872,2871,171572900,121860520
2020,내과,G94,10,22,21,1638150,1162600
2020,내과,G95,355,808,808,16585720,13171420
2020,내과,G96,25,35,35,660040,527640
2020,내과,G97,3,12,12,250860,182060
2020,내과,G98,99,125,124,3473410,2621510
2020,내과,G99,414,833,833,13137150,10374650
2020,내과,H00,11068,13349,13349,212872850,154354950
2020,내과,H01,4129,4966,4965,77946690,58008190
2020,내과,H02,497,645,644,22535470,16517810
2020,내과,H03,20,30,30,745920,550020
2020,내과,H04,16257,27814,27814,428377060,322726460
2020,내과,H05,263,328,328,12668560,9028960
2020,내과,H06,39,92,91,3539200,2502200
2020,내과,H10,32517,43144,43144,654764860,497289250
2020,내과,H11,5313,8691,8691,130670790,97234280
2020,내과,H13,35,44,44,614340,477140
2020,내과,H15,34,47,47,2360380,1672180
2020,내과,H16,3141,4446,4446,67487150,51177880
2020,내과,H17,5,7,7,93340,75240
2020,내과,H18,45,63,63,1146390,849890
2020,내과,H19,410,639,639,10501470,7963470
2020,내과,H20,254,414,414,42402690,29753490
2020,내과,H21,8,10,9,129600,105500
2020,내과,H22,25,43,43,3640910,2556110
2020,내과,H25,4774,6849,6845,185063080,138915660
2020,내과,H26,2530,2971,2967,119593300,85921700
2020,내과,H27,8,8,8,227500,174400
2020,내과,H28,35,69,69,1266520,998220
2020,내과,H30,17,37,37,1752130,1245730
2020,내과,H31,7,8,8,364340,294940
2020,내과,H32,3,3,3,47820,38720
2020,내과,H33,90,102,102,7681500,5463900
2020,내과,H34,144,338,338,11698430,8193290
2020,내과,H35,647,2183,2181,95180920,81716110
2020,내과,H36,1076,3521,3521,69787220,55165320
2020,내과,H40,1630,3276,3276,44349260,36258650
2020,내과,H42,79,194,194,2469320,2000920
2020,내과,H43,39,63,63,2222230,1573330
2020,내과,H44,122,180,180,5311200,3801900
2020,내과,H45,5,6,6,146180,107680
2020,내과,H46,6,23,23,789440,574740
2020,내과,H47,11,13,13,939550,681950
2020,내과,H48,1,2,1,21610,15210
2020,내과,H49,15,32,32,3564040,2529340
2020,내과,H50,88,99,98,3884700,2777100
2020,내과,H51,2,2,2,27790,24790
2020,내과,H52,42,53,52,714790,545090
2020,내과,H53,279,341,337,17224960,12489720
2020,내과,H54,591,632,631,35244500,25273900
2020,내과,H55,27,30,30,2230000,1564200
2020,내과,H57,163,177,177,4355200,3142200
2020,내과,H58,8,8,8,118680,97480
2020,내과,H59,17,21,21,427880,316380
2020,내과,H60,19279,28802,28800,469230160,350885660
2020,내과,H61,1577,1935,1935,50164520,36715720
2020,내과,H62,242,392,391,6533550,4797650
2020,내과,H65,7336,12986,12986,215346000,160108400
2020,내과,H66,18044,36377,36382,578064190,439855290
2020,내과,H67,150,199,199,3134300,2307400
2020,내과,H68,797,1113,1113,20094720,14547820
2020,내과,H69,75,90,90,1617400,1230700
2020,내과,H70,31,43,43,1841940,1313740
2020,내과,H71,30,45,44,4136880,2944100
2020,내과,H72,57,65,65,1366640,1040440
2020,내과,H73,187,417,417,6421130,4730630
2020,내과,H74,10,10,10,325970,233870
2020,내과,H80,8,12,12,264320,206120
2020,내과,H81,133797,221530,222776,4756797220,3619808150
2020,내과,H82,3207,5635,5633,99873980,77524180
2020,내과,H83,913,1339,1337,25704430,20037750
2020,내과,H90,93,160,159,4714770,3620470
2020,내과,H91,1140,1723,1721,57808430,42002530
2020,내과,H92,944,1024,1024,17903350,13430350
2020,내과,H93,4619,7333,7327,183404470,136415160
2020,내과,H94,4,4,4,59960,45360
2020,내과,H95,8,22,22,570610,406010
2020,내과,I00,436,1212,1211,97392310,75103890
2020,내과,I01,39,54,54,1310790,957990
2020,내과,I02,2,2,2,34320,27320
2020,내과,I05,885,3725,3723,111580000,82711490
2020,내과,I06,223,1124,1123,35071920,26650720
2020,내과,I07,238,616,612,47148640,33488110
2020,내과,I08,397,1144,1150,33553010,25462420
2020,내과,I09,34,140,139,2432480,1924680
2020,내과,I10,3444408,23304296,23303348,4.80387E+11,3.69046E+11
2020,내과,I11,65499,410179,410235,9524178270,7397257260
2020,내과,I12,4004,22451,22447,582469090,443223660
2020,내과,I13,9705,46509,46504,1512055290,1131067180
2020,내과,I15,2229,8358,8357,274668910,201980480
2020,내과,I20,83666,322007,322380,9930022350,7690332010
2020,내과,I21,2730,9626,9641,313236080,245036380
2020,내과,I22,127,594,594,13188100,10427390
2020,내과,I23,102,607,607,14989880,11589080
2020,내과,I24,761,1934,1933,53555270,40503060
2020,내과,I25,10447,40763,40748,1184687690,900161540
2020,내과,I26,279,1032,1035,33431940,25149670
2020,내과,I27,163,461,460,22097310,16667190
2020,내과,I28,10,16,16,1147970,1066470
2020,내과,I30,43,74,74,6174660,4475350
2020,내과,I31,203,446,440,23545450,17465340
2020,내과,I32,1,2,2,181410,131510
2020,내과,I33,9,15,15,444470,316470
2020,내과,I34,1113,4088,4093,177189750,128999320
2020,내과,I35,2013,7671,7665,331206470,252372990
2020,내과,I36,77,231,230,7236400,5350770
2020,내과,I37,71,153,153,19446830,13697830
2020,내과,I38,26,71,70,1866440,1407040
2020,내과,I39,29,69,69,2033060,1508660
2020,내과,I40,23,72,72,1845270,1403070
2020,내과,I41,11,17,17,259840,191940
2020,내과,I42,2223,10688,10835,499058180,425414280
2020,내과,I43,8,52,52,1326120,1023820
2020,내과,I44,537,1035,1027,42705490,31203200
2020,내과,I45,1730,2528,2520,85096930,61919420
2020,내과,I46,12,36,36,1394720,1097020
2020,내과,I47,7995,19388,19369,533903070,394011810
2020,내과,I48,24577,112892,112885,3097696710,2370279640
2020,내과,I49,38697,82032,82015,2985470170,2171179060
2020,내과,I50,24513,102892,103038,2915652300,2240308320
2020,내과,I51,5568,7961,7959,487725430,350280510
2020,내과,I52,17,42,42,1662880,1237580
2020,내과,I60,124,333,333,13747930,9916190
2020,내과,I61,248,887,886,35517400,29299960
2020,내과,I62,37,103,103,4365790,3135250
2020,내과,I63,14549,62975,63325,1444080400,1138842880
2020,내과,I64,583,2228,2224,50734680,39468760
2020,내과,I65,8227,30016,30032,942665910,697339440
2020,내과,I66,691,2419,2430,155024460,111771830
2020,내과,I67,8436,24355,24390,863729900,622223240
2020,내과,I68,426,1131,1131,32590660,24766060
2020,내과,I69,3320,12136,12153,233744710,187148400
2020,내과,I70,23916,69521,69525,1856574270,1380638990
2020,내과,I71,597,1611,1606,57995240,43376340
2020,내과,I72,99,182,221,10547740,7891270
2020,내과,I73,66783,147415,147391,2874508160,2197512060
2020,내과,I74,1157,3138,3139,74034420,57005930
2020,내과,I77,196,376,375,8799670,6592170
2020,내과,I78,674,1270,1270,23479610,17789610
2020,내과,I79,820,1938,1936,38799280,30055980
2020,내과,I80,1706,3536,3534,69292620,52671770
2020,내과,I81,14,58,64,3738170,2746550
2020,내과,I82,401,1078,1076,26615850,20000140
2020,내과,I83,5487,10899,10910,282615120,216131880
2020,내과,I85,105,200,200,8688500,6298680
2020,내과,I86,374,595,594,17816020,13067480
2020,내과,I87,23627,47831,47828,842649210,632456420
2020,내과,I88,7545,10359,10366,310919610,220894590
2020,내과,I89,4047,7378,7378,158340270,117703670
2020,내과,I95,7301,9903,9907,294701970,218265780
2020,내과,I97,39,112,112,1941350,1480150
2020,내과,I98,41,88,124,10592070,7925650
2020,내과,I99,270,445,445,9788800,7284100
2020,내과,J00,523628,833606,833619,13651617500,10218255110
2020,내과,J01,112517,192708,192955,3660032790,2680703360
2020,내과,J02,370942,561632,561631,9184315100,6815285510
2020,내과,J03,412121,635602,635906,10507246310,7705752130
2020,내과,J04,199148,331500,331516,5375558880,4030494870
2020,내과,J05,449,653,661,11070580,8461390
2020,내과,J06,752333,1194988,1195010,19620457800,14606445090
2020,내과,J09,5911,7508,7508,135901130,97777330
2020,내과,J10,83944,107842,109353,2117972690,1545759530
2020,내과,J11,57262,72953,73510,1358681160,983495530
2020,내과,J12,149,217,216,6351550,4639250
2020,내과,J13,43,63,69,3547640,2649320
2020,내과,J14,4,8,8,113720,83920
2020,내과,J15,27713,58989,60064,1472229670,1103922340
2020,내과,J16,628,1217,1261,30194660,22767500
2020,내과,J17,405,634,673,22989300,17306780
2020,내과,J18,61911,121716,124944,3326450790,2491755060
2020,내과,J20,2209979,4182483,4184627,69760477880,52303482090
2020,내과,J21,84036,155490,155690,2785481180,2090808290
2020,내과,J22,119241,217689,217690,3559771320,2675329990
2020,내과,J30,752063,1343054,1343045,23227678150,17250441450
2020,내과,J31,11818,20613,20611,369570190,275112780
2020,내과,J32,46925,90601,90608,1618211350,1196895100
2020,내과,J33,126,202,202,9086940,6468040
2020,내과,J34,2786,4242,4240,113333920,80974850
2020,내과,J35,8258,12502,12514,244228500,179761310
2020,내과,J36,86887,141932,141960,2329697390,1713769990
2020,내과,J37,3316,6264,6263,103433130,79556920
2020,내과,J38,1430,2491,2514,284477260,200867630
2020,내과,J39,18600,31079,31091,509946620,377953100
2020,내과,J40,327324,621908,622039,10933560020,8261708890
2020,내과,J41,88165,178929,178919,3004705120,2309173870
2020,내과,J42,58579,127041,127122,2179303000,1699224350
2020,내과,J43,2621,4473,4477,327781780,233516770
2020,내과,J44,24522,92144,92538,1916557350,1512585210
2020,내과,J45,230816,692046,692893,14598811460,10969511560
2020,내과,J46,4791,15936,16106,314674790,240918210
2020,내과,J47,7848,21113,21122,556467760,419538950
2020,내과,J60,63,85,85,2072480,1555380
2020,내과,J61,20,22,22,469970,354370
2020,내과,J62,20,27,25,968450,716550
2020,내과,J63,9,18,18,426080,311280
2020,내과,J64,860,963,963,35822390,25387090
2020,내과,J65,1,2,2,25600,18000
2020,내과,J66,3,5,5,86370,60670
2020,내과,J67,32,67,77,3948820,2863330
2020,내과,J68,57,85,85,2508200,1827900
2020,내과,J69,58,94,408,71302980,56900270
2020,내과,J70,20,35,35,1431290,1054590
2020,내과,J80,85,223,223,5203150,3986980
2020,내과,J81,196,378,396,37104510,32130400
2020,내과,J82,216,429,429,22478190,15828590
2020,내과,J84,1572,4111,4217,169202780,134246120
2020,내과,J85,107,195,224,12250020,9343310
2020,내과,J86,16,24,23,948460,697260
2020,내과,J90,920,1238,1262,61196340,45722560
2020,내과,J91,61,73,116,11799600,9124040
2020,내과,J92,55,71,71,3072250,2191750
2020,내과,J93,2412,3025,3020,92032130,65728920
2020,내과,J94,815,931,936,41238640,29435090
2020,내과,J95,9,10,10,619370,442670
2020,내과,J96,159,248,247,9918930,7225100
2020,내과,J98,33325,37497,37459,2122880440,1504385440
2020,내과,J99,50,112,112,7899920,5718080
2020,내과,K00,26,28,28,703230,504930
2020,내과,K01,62,71,71,1745250,1235950
2020,내과,K02,97,112,112,2028360,1577860
2020,내과,K03,25,29,29,529910,406810
2020,내과,K04,2309,3413,3413,57461260,44326330
2020,내과,K05,13949,21945,21961,356674230,280375980
2020,내과,K06,54,69,69,1112030,832730
2020,내과,K07,993,1418,1418,31137370,23119590
2020,내과,K08,2162,2526,2526,46230800,33792100
2020,내과,K09,50,55,55,1335990,982790
2020,내과,K10,118,163,163,3528910,2683110
2020,내과,K11,3574,4856,4857,140659440,101708110
2020,내과,K12,43617,65662,65681,1268630880,947179580
2020,내과,K13,957,1281,1279,21199720,15965310
2020,내과,K14,3410,4730,4729,86679430,66485930
2020,내과,K20,6164,11268,11267,227358170,169033970
2020,내과,K21,2524336,5392600,5395079,1.65531E+11,1.19552E+11
2020,내과,K22,3219,7314,7327,307186560,222754670
2020,내과,K23,14,18,18,440800,332300
2020,내과,K25,361174,764607,765415,30923932260,22288598970
2020,내과,K26,84557,155872,155999,7390050850,5251259240
2020,내과,K27,150511,290595,290583,6115962460,4573841600
2020,내과,K28,222,457,457,12678640,9200870
2020,내과,K29,2153496,3683942,3684476,1.18436E+11,85285175300
2020,내과,K30,185813,273665,273670,8184981290,5903516980
2020,내과,K31,34204,49135,49103,4351862460,3089832830
2020,내과,K35,8172,8933,8951,577635370,408146160
2020,내과,K36,1045,1164,1157,70002550,49341990
2020,내과,K37,4249,4622,4596,301650930,212339710
2020,내과,K38,773,899,883,66427010,46955810
2020,내과,K40,1332,1753,1745,119401360,95146520
2020,내과,K41,129,159,158,3546600,2680800
2020,내과,K42,140,186,184,9475170,7075360
2020,내과,K43,243,273,269,7486750,5600980
2020,내과,K44,57,115,128,6075870,4561480
2020,내과,K45,49,66,79,2542360,1938620
2020,내과,K46,281,336,333,8349170,6288310
2020,내과,K50,1827,4773,4773,247253870,203340310
2020,내과,K51,6166,24259,24291,1250111230,1037464740
2020,내과,K52,461295,643838,644304,20071424240,14453578970
2020,내과,K55,580,839,898,78466230,56238500
2020,내과,K56,8510,13935,14139,431918470,317685360
2020,내과,K57,9110,13302,13402,1306798320,919995630
2020,내과,K58,771323,1212524,1213585,70994260110,50498026860
2020,내과,K59,561493,896237,896442,43325952460,31136870040
2020,내과,K60,566,952,960,73969690,58223040
2020,내과,K61,427,749,772,40447120,31614860
2020,내과,K62,13357,17251,17249,2150186320,1513901940
2020,내과,K63,360639,494884,495205,1.62978E+11,1.14486E+11
2020,내과,K64,23763,33338,33405,1761354360,1279047200
2020,내과,K65,724,928,975,49311590,35721280
2020,내과,K66,249,374,373,22360940,15756300
2020,내과,K67,38,66,66,4285900,3102800
2020,내과,K70,22744,50704,50991,2181039200,1554979340
2020,내과,K71,20612,40250,40603,1943271340,1383094830
2020,내과,K72,1213,2283,2283,117202290,83504730
2020,내과,K73,81352,184879,185215,7919041150,5674547600
2020,내과,K74,8809,31117,31685,1894770390,1374122270
2020,내과,K75,164285,313721,314198,15567897860,11005532550
2020,내과,K76,387054,591287,591641,42843716940,30109720580
2020,내과,K77,3814,5319,5319,322500890,227794820
2020,내과,K80,40579,75734,75991,4976536960,3496085020
2020,내과,K81,5225,7297,7415,630126900,445007290
2020,내과,K82,33095,40944,40885,4942662770,3404966170
2020,내과,K83,6234,9346,9406,953872830,668693490
2020,내과,K85,4353,6579,6932,522169720,372311560
2020,내과,K86,9742,15335,15289,1230224830,860867100
2020,내과,K87,2378,2874,2872,355304870,243459820
2020,내과,K90,360,787,786,46879130,33358390
2020,내과,K91,967,2439,2437,81162540,60756930
2020,내과,K92,14802,19891,19996,1429187910,1017456840
2020,내과,K93,158,249,249,4018040,3278640
2020,내과,L00,4,6,6,82890,60190
2020,내과,L01,10147,14783,14783,243077910,184005110
2020,내과,L02,46563,74872,74904,1333958930,1006889490
2020,내과,L03,108579,165520,165758,3049342090,2289824370
2020,내과,L04,52116,78191,78178,1494695600,1079899520
2020,내과,L05,818,1257,1257,22334360,16342290
2020,내과,L08,21822,32035,32034,553502320,416283930
2020,내과,L10,56,115,114,3200180,2772380
2020,내과,L11,4,5,5,195920,139220
2020,내과,L12,26,76,76,1955480,1724380
2020,내과,L13,979,1485,1485,23813670,17780870
2020,내과,L14,95,146,146,2876170,2276670
2020,내과,L20,40788,69821,69815,1322397650,989533780
2020,내과,L21,17354,26490,26488,413680000,318729530
2020,내과,L22,163,212,212,3193390,2663890
2020,내과,L23,187747,316550,316551,5324598720,4097255250
2020,내과,L24,12788,19238,19239,306247100,236414190
2020,내과,L25,25406,40149,40149,674399850,519770350
2020,내과,L26,23,30,30,513410,407910
2020,내과,L27,3620,4985,5004,92573190,68714820
2020,내과,L28,7192,10884,10883,203213470,151999300
2020,내과,L29,18964,28442,28461,563194220,426289250
2020,내과,L30,52670,78963,78960,1398399380,1067336970
2020,내과,L40,3615,7267,7264,133112020,100164060
2020,내과,L41,51,90,90,1356080,1033380
2020,내과,L42,115,161,160,3205600,2349400
2020,내과,L43,61,102,102,3308730,2438830
2020,내과,L44,9,9,9,157640,129040
2020,내과,L50,287368,473576,473606,9880260800,7349052660
2020,내과,L51,128,255,255,6142660,4537160
2020,내과,L52,224,596,596,28926390,20412880
2020,내과,L53,300,473,470,17168320,12446800
2020,내과,L54,7,10,10,624400,437500
2020,내과,L55,164,208,208,4284090,3157790
2020,내과,L56,70,84,84,2326680,1683780
2020,내과,L57,96,127,127,1896320,1463720
2020,내과,L58,12,15,15,712100,510600
2020,내과,L59,18,19,19,503850,365150
2020,내과,L60,2350,4587,4588,124385500,90403410
2020,내과,L62,4,4,4,81630,62130
2020,내과,L63,1273,2622,2621,64422520,45611710
2020,내과,L64,384,642,642,10776980,7645380
2020,내과,L65,809,1231,1231,24526350,17470250
2020,내과,L66,239,385,385,5934690,4278390
2020,내과,L67,2,3,3,49380,34680
2020,내과,L68,6,14,14,719980,509080
2020,내과,L70,3468,6409,6409,99003570,70050600
2020,내과,L71,323,669,668,10836360,7842960
2020,내과,L72,1005,2426,2424,95230500,68149270
2020,내과,L73,310,501,501,8305270,6099670
2020,내과,L74,213,239,239,4385590,3246290
2020,내과,L75,61,262,262,8532080,6329390
2020,내과,L80,160,214,213,4183450,3200150
2020,내과,L81,393,442,440,6708000,4968500
2020,내과,L82,93,122,121,1698380,1348090
2020,내과,L83,30,40,40,1233730,906130
2020,내과,L84,1843,3091,3090,124514660,88604740
2020,내과,L85,3526,5119,5119,87063450,64462050
2020,내과,L86,61,92,92,1270520,994020
2020,내과,L87,13,17,17,258620,188320
2020,내과,L88,4,91,91,1807890,1276390
2020,내과,L89,507,3186,3217,160083260,129107450
2020,내과,L90,100,133,133,4024960,2857360
2020,내과,L91,246,513,513,16555830,11679830
2020,내과,L92,118,145,145,4253830,3116930
2020,내과,L93,179,337,336,16996940,12411540
2020,내과,L94,54,98,98,6738830,4795230
2020,내과,L95,351,840,840,38446350,27238550
2020,내과,L97,9,13,13,268240,218040
2020,내과,L98,493,720,720,13721050,10335340
2020,내과,L99,11,12,12,178060,149060
2020,내과,M00,318,629,671,19978010,15070690
2020,내과,M01,453,657,657,11426120,8478520
2020,내과,M02,2760,4453,4451,84365920,63427920
2020,내과,M03,37,78,78,1159160,895860
2020,내과,M05,32753,214427,214438,13854566160,12174622600
2020,내과,M06,41611,111581,111559,6090598140,4361278840
2020,내과,M07,463,1845,1845,188828480,165619380
2020,내과,M08,234,799,799,72036620,62533020
2020,내과,M09,6,8,8,327520,234820
2020,내과,M10,106290,360344,360374,11696784960,8336338880
2020,내과,M11,251,704,704,17189230,12836530
2020,내과,M12,7159,15125,15124,469601840,338376280
2020,내과,M13,203861,478514,478534,12071700440,9128234390
2020,내과,M14,302,574,573,11632580,8902780
2020,내과,M15,77205,190230,190319,4338378580,3309907390
2020,내과,M16,2790,6847,6878,150774360,117502190
2020,내과,M17,101924,377495,381426,10844052250,8183233690
2020,내과,M18,196,681,681,10333090,7874790
2020,내과,M19,93153,232943,232969,7289777910,5348408290
2020,내과,M20,208,464,476,12545820,8959670
2020,내과,M21,113,179,193,6014180,4567750
2020,내과,M22,150,273,278,7119630,5108460
2020,내과,M23,773,2539,2615,62283140,46902190
2020,내과,M24,3997,8060,8124,184062020,138885050
2020,내과,M25,93421,179887,180002,4779576700,3565573920
2020,내과,M30,77,218,218,6941580,5847790
2020,내과,M31,162,974,974,84748790,74779030
2020,내과,M32,4561,14701,14694,1424081800,1159417780
2020,내과,M33,182,582,593,30003750,25848820
2020,내과,M34,437,2430,2430,167975430,146676040
2020,내과,M35,8401,33621,33612,2167255650,1802482390
2020,내과,M36,6,105,105,1369600,990100
2020,내과,M40,1072,2507,2507,127098430,90523660
2020,내과,M41,753,1599,1656,67591080,48370040
2020,내과,M42,7,8,8,112030,83930
2020,내과,M43,1168,3206,3352,144435990,107976470
2020,내과,M45,7021,29894,29893,3971188090,3485509240
2020,내과,M46,1619,5205,5229,168132380,123519660
2020,내과,M47,24167,103476,103760,2535403770,2020475680
2020,내과,M48,36981,165209,166517,4365964680,3438281630
2020,내과,M49,2752,8884,8886,159697130,128543440
2020,내과,M50,7521,26630,27365,1051305080,772098880
2020,내과,M51,16588,73671,76302,2482116930,1895575310
2020,내과,M53,11342,32106,32188,938548020,705116450
2020,내과,M54,302563,791496,794464,17595924330,13658135620
2020,내과,M60,5128,7432,7440,198758790,145489210
2020,내과,M61,48,110,110,2307640,1663940
2020,내과,M62,29880,50274,50273,1067389530,799838040
2020,내과,M63,143,471,471,7555290,5907590
2020,내과,M65,11922,25543,25666,717100440,523451600
2020,내과,M66,37,99,100,2571680,1931980
2020,내과,M67,1246,2628,2628,113101450,81032300
2020,내과,M68,10,11,11,175900,128200
2020,내과,M70,1084,2025,2025,50045610,36938520
2020,내과,M71,868,1991,1999,72662650,52114970
2020,내과,M72,4653,10071,10098,237394750,175239260
2020,내과,M73,2,2,2,32280,25880
2020,내과,M75,41236,118435,118768,3552689790,2649301870
2020,내과,M76,947,2015,2015,63976890,45599800
2020,내과,M77,9843,25050,25057,739468410,530638430
2020,내과,M79,433196,757030,757312,14557926240,10989491150
2020,내과,M80,7429,22885,22932,1084189670,793891800
2020,내과,M81,269669,813317,813320,36854980020,26688201160
2020,내과,M82,1193,3004,3004,124099670,91258360
2020,내과,M83,1473,2676,2676,59592880,43904750
2020,내과,M84,84,165,217,6767840,5047480
2020,내과,M85,4603,8066,8051,240350460,172383050
2020,내과,M86,63,250,250,5961550,4420920
2020,내과,M87,46,173,173,3707390,2666290
2020,내과,M88,6,25,25,420290,372990
2020,내과,M89,1705,3669,3676,63081580,50342980
2020,내과,M90,9,15,15,335280,257780
2020,내과,M91,8,12,12,194010,144810
2020,내과,M92,43,73,73,2142690,1514890
2020,내과,M93,163,287,287,4399060,3259760
2020,내과,M94,4901,6339,6350,174232520,126630350
2020,내과,M95,24,35,35,1052230,768830
2020,내과,M96,677,2088,2088,78350650,59406830
2020,내과,M99,1080,3696,3696,77878230,62718330
2020,내과,N00,3388,6102,6119,192519020,140072810
2020,내과,N01,174,245,244,6354260,4629560
2020,내과,N02,4971,7797,7779,377881260,269331660
2020,내과,N03,2477,8416,8412,354277700,256068800
2020,내과,N04,1367,4243,4263,183342190,137267440
2020,내과,N05,3333,5517,5514,244022370,173265770
2020,내과,N06,2099,2935,2930,136787030,97008130
2020,내과,N07,3,4,4,139480,99780
2020,내과,N08,642,1286,1285,45092390,32736730
2020,내과,N10,48863,92183,93479,2758651440,2022203200
2020,내과,N11,2062,3614,3614,106374810,77225210
2020,내과,N12,4847,9883,10097,281773550,207057210
2020,내과,N13,2470,4007,3995,236733230,169217590
2020,내과,N14,44,95,95,8442420,6408920
2020,내과,N15,492,904,904,22367380,16653400
2020,내과,N16,42,49,49,1755400,1292100
2020,내과,N17,959,1689,1743,93158980,69296500
2020,내과,N18,37977,3117072,3124151,5.81366E+11,5.26578E+11
2020,내과,N19,3261,5484,5508,210906550,154707120
2020,내과,N20,12733,16264,16278,1138979560,803464290
2020,내과,N21,5703,6876,6884,412536310,292409930
2020,내과,N22,209,261,262,12315080,8828060
2020,내과,N23,820,954,954,63845550,45180740
2020,내과,N25,94,187,187,10807070,9091270
2020,내과,N26,37,51,51,4071100,2946500
2020,내과,N27,59,232,232,12294040,8934840
2020,내과,N28,9149,12080,12075,1075650090,749443900
2020,내과,N29,586,847,847,59702380,41945120
2020,내과,N30,235296,409180,409294,8664521750,6423109300
2020,내과,N31,36558,73080,73073,1247910870,996933020
2020,내과,N32,7932,14204,14201,633353870,465286080
2020,내과,N33,60,102,102,2178960,1625820
2020,내과,N34,8456,14423,14423,319842840,237948230
2020,내과,N35,7,8,11,1055480,811160
2020,내과,N36,44,72,72,1640180,1178620
2020,내과,N37,309,482,482,10256320,7434120
2020,내과,N39,47183,82601,82638,1882954960,1404898670
2020,내과,N40,82277,263635,263556,4610804000,3676177440
2020,내과,N41,1798,3507,3521,78915970,59873200
2020,내과,N42,681,1005,999,36767930,27057240
2020,내과,N43,70,85,85,4392190,3210890
2020,내과,N44,10,10,10,163270,118570
2020,내과,N45,275,472,489,12249840,9335390
2020,내과,N46,36,58,58,3377620,2376720
2020,내과,N47,8,8,8,128520,96720
2020,내과,N48,1204,1862,1862,31317460,24236350
2020,내과,N49,30,39,39,993290,726190
2020,내과,N50,218,404,404,11150460,8182360
2020,내과,N51,58,91,91,1629260,1250760
2020,내과,N60,3322,3743,3727,124870270,87987180
2020,내과,N61,456,738,735,17028930,12275280
2020,내과,N62,602,812,810,31222480,23512780
2020,내과,N63,9970,12058,12002,548042710,384914040
2020,내과,N64,21414,24053,24010,905626890,641069720
2020,내과,N70,87,111,111,7358680,5137940
2020,내과,N71,686,1181,1181,67559540,47478520
2020,내과,N72,3728,5726,5725,322397670,226553030
2020,내과,N73,4456,6951,6989,314666970,222207680
2020,내과,N74,231,294,295,15351710,10900270
2020,내과,N75,60,109,109,5890760,4126740
2020,내과,N76,9972,18195,18192,624634930,443695330
2020,내과,N77,350,516,516,12502210,9005770
2020,내과,N80,839,1127,1127,131010370,91325490
2020,내과,N81,77,87,87,3528980,2575660
2020,내과,N82,1,1,1,23540,22540
2020,내과,N83,720,872,866,87480270,60658160
2020,내과,N84,721,939,939,110604890,76834280
2020,내과,N85,203,246,246,22547690,15465290
2020,내과,N86,1043,1207,1207,66212190,46372100
2020,내과,N87,581,922,918,71029310,50195620
2020,내과,N88,98,118,117,2410740,1762640
2020,내과,N89,19,21,21,556410,414310
2020,내과,N90,11,23,23,805550,585650
2020,내과,N91,2497,3398,3398,283052280,197792770
2020,내과,N92,2005,2650,2650,228041990,157420040
2020,내과,N93,2712,3706,3704,416946110,290156280
2020,내과,N94,22112,32760,32758,587956560,414514560
2020,내과,N95,35642,105622,105623,1895163920,1377768700
2020,내과,N96,52,117,117,2445360,1769960
2020,내과,N97,2271,4797,4796,219984930,154260710
2020,내과,N98,16,98,98,1480220,1040520
2020,내과,N99,9,35,35,563840,417840
2020,내과,O00,32,58,58,2020570,1564150
2020,내과,O02,11,13,13,1203230,912680
2020,내과,O03,6,6,6,238660,167360
2020,내과,O04,1,1,1,20140,14140
2020,내과,O06,1,29,29,391480,274880
2020,내과,O08,4,4,4,98390,69190
2020,내과,O10,28,87,87,1506300,1271500
2020,내과,O12,9,16,16,467710,351610
2020,내과,O13,152,411,411,8449050,6634600
2020,내과,O14,2,2,2,37840,24580
2020,내과,O15,1,1,1,16140,11340
2020,내과,O16,25,58,58,1120360,934560
2020,내과,O20,15,28,28,778770,657170
2020,내과,O21,82,125,133,3974570,3263260
2020,내과,O22,1,1,1,11540,8140
2020,내과,O24,4139,12382,12380,363249360,317747770
2020,내과,O25,1,1,1,16140,14540
2020,내과,O26,71,184,184,4324060,3432260
2020,내과,O28,18,21,21,594130,457730
2020,내과,O32,2,2,2,57770,40570
2020,내과,O34,11,12,32,1672990,1277840
2020,내과,O35,1,1,1,16140,11340
2020,내과,O42,1,1,1,23590,16590
2020,내과,O48,2,2,2,47180,33180
2020,내과,O60,3,4,4,229560,179060
2020,내과,O62,2,2,2,38310,26910
2020,내과,O64,1,4,4,78880,55380
2020,내과,O72,1,1,1,16140,11340
2020,내과,O75,1,1,1,16140,11340
2020,내과,O82,17,18,18,436570,372070
2020,내과,O85,1,4,4,163020,114320
2020,내과,O86,2,3,3,59100,41500
2020,내과,O87,1,1,1,16140,11340
2020,내과,O90,79,179,179,8282460,5867760
2020,내과,O91,247,433,433,6687680,4709680
2020,내과,O92,58,84,84,2829890,1989290
2020,내과,O94,1,28,28,341360,240560
2020,내과,O98,1,1,1,23590,16590
2020,내과,O99,23,39,39,1519230,1290030
2020,내과,P00,1,1,1,37150,26050
2020,내과,P05,4,10,10,419750,294450
2020,내과,P07,8,22,22,290420,239520
2020,내과,P10,1,1,1,13350,9350
2020,내과,P12,2,2,2,28270,20970
2020,내과,P21,3,9,9,311990,227590
2020,내과,P22,3,4,4,57470,51770
2020,내과,P23,59,69,69,1131860,806260
2020,내과,P26,1,3,3,43820,30820
2020,내과,P28,301,383,382,38242700,26746550
2020,내과,P29,2,4,4,148360,104060
2020,내과,P35,4,5,5,67760,54460
2020,내과,P36,6,8,8,125520,119520
2020,내과,P38,11,22,22,474220,451320
2020,내과,P39,1,1,1,18410,17510
2020,내과,P54,1,1,1,138110,131210
2020,내과,P57,5,7,7,748880,524680
2020,내과,P59,13,18,18,418870,370770
2020,내과,P61,2,2,2,21470,15070
2020,내과,P70,1,1,1,376450,263550
2020,내과,P74,2,2,2,32280,22680
2020,내과,P78,1,1,1,12970,12370
2020,내과,P81,1,1,1,31760,30260
2020,내과,P83,4,10,10,182620,169620
2020,내과,P90,1,1,1,22410,21310
2020,내과,P92,13,19,19,597740,554240
2020,내과,P96,1,1,1,18410,17510
2020,내과,Q01,2,9,9,70590,49690
2020,내과,Q02,1,2,2,154180,110580
2020,내과,Q03,3,9,9,386480,314280
2020,내과,Q04,6,8,8,489630,353930
2020,내과,Q05,15,20,20,729950,639560
2020,내과,Q06,1,1,1,18410,17510
2020,내과,Q07,9,18,18,1213690,1089690
2020,내과,Q10,9,9,9,161370,153570
2020,내과,Q12,2,2,2,59740,42940
2020,내과,Q13,1,1,1,11540,10040
2020,내과,Q15,3,3,3,39220,32720
2020,내과,Q16,1,1,1,16140,11340
2020,내과,Q17,9,13,13,208900,167600
2020,내과,Q18,49,65,65,3815630,2695930
2020,내과,Q20,22,39,39,2115640,1748640
2020,내과,Q21,374,785,781,41511830,32322650
2020,내과,Q22,21,66,66,3113730,2718930
2020,내과,Q23,146,552,551,24792000,21486450
2020,내과,Q24,61,225,225,7288270,6405270
2020,내과,Q25,66,169,169,5851900,4447580
2020,내과,Q26,4,6,6,1205110,895310
2020,내과,Q27,24,35,35,1904390,1488790
2020,내과,Q28,23,43,43,2617680,1877680
2020,내과,Q30,3,3,3,47770,33670
2020,내과,Q31,11,19,19,563290,431790
2020,내과,Q32,5,5,5,184730,129530
2020,내과,Q33,6,6,6,447010,318310
2020,내과,Q34,54,54,53,1906080,1375140
2020,내과,Q35,1,1,1,16140,11340
2020,내과,Q36,10,12,12,180820,139420
2020,내과,Q37,1,1,1,16140,15140
2020,내과,Q38,99,101,101,5824200,5013800
2020,내과,Q39,33,46,46,4035340,2830540
2020,내과,Q40,8,10,10,503830,406330
2020,내과,Q41,1,2,2,27680,19480
2020,내과,Q43,13,18,18,889100,621490
2020,내과,Q44,2411,2963,2967,321794110,219379220
2020,내과,Q45,19,22,22,1884620,1335220
2020,내과,Q50,5,7,7,379970,270670
2020,내과,Q51,12,17,17,1997330,1407430
2020,내과,Q52,6,8,8,870920,666330
2020,내과,Q53,12,13,13,307300,241900
2020,내과,Q54,1,1,1,16140,14540
2020,내과,Q55,4,4,4,131600,95000
2020,내과,Q60,45,98,97,5328920,3743510
2020,내과,Q61,2203,3730,3718,303378400,213566620
2020,내과,Q62,28,47,46,2422580,1781580
2020,내과,Q63,34,57,56,6023240,4340240
2020,내과,Q64,16,18,18,1624990,1120190
2020,내과,Q65,32,180,178,7528070,5690270
2020,내과,Q66,12,12,12,335610,240610
2020,내과,Q67,59,65,65,1121180,806480
2020,내과,Q68,19,33,33,843170,678170
2020,내과,Q69,2,2,2,38550,32650
2020,내과,Q70,1,1,1,11540,8140
2020,내과,Q71,1,1,1,16140,11340
2020,내과,Q72,1,15,15,405600,321700
2020,내과,Q74,7,7,7,114100,86300
2020,내과,Q75,4,4,4,71370,63870
2020,내과,Q76,18,21,21,582460,435360
2020,내과,Q77,11,59,59,1780500,1534200
2020,내과,Q78,20,58,58,2227770,1954270
2020,내과,Q79,24,59,59,2193540,1837000
2020,내과,Q80,2,16,16,193840,163240
2020,내과,Q81,5,11,11,152670,117270
2020,내과,Q82,60,71,71,2274820,1674650
2020,내과,Q83,48,57,57,2126860,1516560
2020,내과,Q84,7,8,8,190450,133750
2020,내과,Q85,118,274,274,14465740,12384950
2020,내과,Q86,3,5,5,313460,225460
2020,내과,Q87,80,282,282,14990690,13678990
2020,내과,Q89,108,143,141,4508240,3321140
2020,내과,Q90,45,182,182,4321850,3691840
2020,내과,Q93,4,21,21,475780,428880
2020,내과,Q96,36,106,106,4491260,3689260
2020,내과,Q98,10,85,85,1982310,1710110
2020,내과,Q99,5,6,6,159580,119880
2020,내과,R00,77620,105442,105375,4005376990,2863401840
2020,내과,R01,173,206,204,6853050,5056050
2020,내과,R02,9,32,32,742510,574010
2020,내과,R03,56976,67541,67513,1550542730,1168522470
2020,내과,R04,5859,7605,7589,237057760,174252530
2020,내과,R05,32218,43701,43685,1193955110,856122550
2020,내과,R06,27855,35578,35555,1630568100,1172676040
2020,내과,R07,238327,288622,288523,14205687110,10109306780
2020,내과,R09,4440,5915,5908,135311690,98962070
2020,내과,R10,392434,522330,522729,40084212980,28327732770
2020,내과,R11,116543,150996,151022,3320493000,2423245250
2020,내과,R12,11065,16274,16268,495045890,356962400
2020,내과,R13,478,1239,1237,60412540,46756510
2020,내과,R14,5464,7484,7480,356445490,255347350
2020,내과,R15,212,281,280,4870050,4028050
2020,내과,R16,829,945,943,72455990,51110780
2020,내과,R17,3587,4738,4726,310479050,219072590
2020,내과,R18,598,853,856,58693180,42093250
2020,내과,R19,18959,24307,24293,2447109210,1724591470
2020,내과,R20,1389,1787,1782,56453080,41435550
2020,내과,R21,2202,2956,2955,84312410,61401110
2020,내과,R22,1801,2095,2090,66292680,47166080
2020,내과,R23,1606,2070,2068,94984650,67958780
2020,내과,R25,7357,10386,10374,224400670,165323020
2020,내과,R26,145,182,177,4245590,3357290
2020,내과,R27,22,45,44,3117180,2236380
2020,내과,R29,451,694,694,14202930,10789530
2020,내과,R30,3383,4490,4486,157108500,117019760
2020,내과,R31,20051,26717,26659,1056697910,758195500
2020,내과,R32,3155,6321,6321,100971960,82056160
2020,내과,R33,128,154,154,3955500,2915790
2020,내과,R34,58,78,78,2953010,2153810
2020,내과,R35,5187,8099,8096,164254830,126152350
2020,내과,R36,20,21,21,396360,294960
2020,내과,R39,1285,1612,1610,58368720,42293370
2020,내과,R40,70,127,127,3339190,2410190
2020,내과,R41,5842,13529,13523,217971680,175810970
2020,내과,R42,158166,220860,221021,6711632470,4883049420
2020,내과,R43,179,232,231,5202360,3825060
2020,내과,R44,103,114,112,2291230,1766430
2020,내과,R45,3222,5299,5299,90186140,69043000
2020,내과,R46,15,18,18,474800,350300
2020,내과,R47,78,89,88,3216000,2381400
2020,내과,R48,3,3,3,510490,357490
2020,내과,R49,247,280,279,7860610,5707200
2020,내과,R50,51564,66325,66576,1798397080,1298106830
2020,내과,R51,156164,204939,204922,3953828550,2826433720
2020,내과,R52,36935,61213,61212,1315192360,984258830
2020,내과,R53,9123,11867,11905,433397860,309290500
2020,내과,R54,256,462,462,7533160,6448860
2020,내과,R55,5903,7768,7767,352203860,250302300
2020,내과,R56,550,1008,1015,21516070,16259930
2020,내과,R57,326,581,581,13534690,10128390
2020,내과,R58,248,320,320,10810640,7960920
2020,내과,R59,3574,4600,4584,131449230,93919260
2020,내과,R60,57229,94797,94798,3747657020,2720483760
2020,내과,R61,893,1144,1140,32288140,23427740
2020,내과,R62,206,272,270,5324210,3943210
2020,내과,R63,25541,35467,35504,1231334010,907091500
2020,내과,R64,53,108,112,2118460,1737430
2020,내과,R65,11,12,12,591220,450620
2020,내과,R68,24502,29071,29004,567846690,409305670
2020,내과,R69,62,78,78,1996480,1428180
2020,내과,R70,2,2,2,60840,44940
2020,내과,R71,74,89,87,2387200,1715400
2020,내과,R72,1215,1775,1773,74589170,54416580
2020,내과,R73,134475,199730,199616,5131058390,3872581490
2020,내과,R74,2476,2972,2972,164775030,116837680
2020,내과,R75,3,3,3,50480,35480
2020,내과,R76,8152,17407,17404,654330000,377255870
2020,내과,R77,152,223,223,11953360,8682220
2020,내과,R78,93,169,169,10393060,7313460
2020,내과,R79,2787,3500,3500,236610290,169402970
2020,내과,R80,13911,19253,19233,572760270,408951640
2020,내과,R81,8277,13150,13149,243283740,194742920
2020,내과,R82,3378,4158,4156,126503390,91255770
2020,내과,R83,2,3,3,162570,113970
2020,내과,R84,128,156,155,3888090,2875590
2020,내과,R85,12,20,20,1051200,751400
2020,내과,R86,44,68,68,1671070,1208070
2020,내과,R87,538,919,918,57605190,40364960
2020,내과,R89,23,39,39,897070,646870
2020,내과,R90,14,17,17,456610,367010
2020,내과,R91,6974,8465,8426,346669760,248856260
2020,내과,R92,6570,7160,7136,219956770,155441050
2020,내과,R93,2334,2827,2819,338672160,236062700
2020,내과,R94,47552,64602,64559,4286798190,3027118380
2020,내과,S00,4918,7632,7799,170018460,130258650
2020,내과,S01,4923,9300,9325,208817490,157522240
2020,내과,S02,285,362,362,20237660,14382760
2020,내과,S03,499,674,674,11903070,9068000
2020,내과,S04,37,154,154,3367390,2633190
2020,내과,S05,134,166,166,7687840,5587240
2020,내과,S06,472,718,816,40794160,29811990
2020,내과,S07,68,140,140,4054400,2963700
2020,내과,S08,4,7,7,150070,105270
2020,내과,S09,174,234,247,6549560,4859620
2020,내과,S10,198,266,266,6207870,4561700
2020,내과,S11,150,293,293,6177260,4687860
2020,내과,S12,6,92,102,2805670,2296560
2020,내과,S13,15975,28754,29288,672237740,496901140
2020,내과,S14,173,549,549,23038940,16929340
2020,내과,S15,16,18,18,491530,367330
2020,내과,S16,19,59,59,8825370,7807970
2020,내과,S17,4,8,8,144730,120030
2020,내과,S18,1,3,3,58630,58630
2020,내과,S19,26,34,34,810150,591750
2020,내과,S20,3180,4616,4643,111574970,84707280
2020,내과,S21,360,898,898,19077000,14979530
2020,내과,S22,2901,4974,6342,315623140,234285210
2020,내과,S23,25128,33859,33966,817993660,609751470
2020,내과,S24,25,39,39,1107620,855520
2020,내과,S25,9,10,10,476330,344130
2020,내과,S26,1,1,1,11540,8140
2020,내과,S27,16,23,22,859400,608200
2020,내과,S28,12,18,18,479760,342460
2020,내과,S29,85,135,135,3087260,2287360
2020,내과,S30,815,1442,1535,41021160,31569490
2020,내과,S31,765,1518,1518,31710510,24442510
2020,내과,S32,586,1178,1623,105359960,78146060
2020,내과,S33,47183,118236,121482,2649558900,2052300760
2020,내과,S34,146,327,327,17643610,12794110
2020,내과,S35,14,35,40,2091620,1435460
2020,내과,S36,19,30,52,2885200,2199580
2020,내과,S37,13,19,19,1473530,1041230
2020,내과,S38,1,1,1,49270,34570
2020,내과,S39,23,23,23,484290,371290
2020,내과,S40,734,1281,1347,31259670,23702160
2020,내과,S41,428,896,896,19138430,14570040
2020,내과,S42,195,368,485,24940980,18671850
2020,내과,S43,11971,28085,28314,564120520,433597370
2020,내과,S44,29,66,66,2528360,1775360
2020,내과,S45,9,12,12,456930,336530
2020,내과,S46,1463,3684,3937,128316480,94376670
2020,내과,S47,3,7,7,142400,117900
2020,내과,S48,1,1,1,12610,11110
2020,내과,S49,17,42,42,805710,678010
2020,내과,S50,1257,2052,2091,49133880,37094540
2020,내과,S51,1380,2910,2938,70352250,52797380
2020,내과,S52,397,1424,1620,67946510,50700060
2020,내과,S53,1923,4092,4105,96980370,70769040
2020,내과,S54,152,458,458,25872370,18265970
2020,내과,S55,12,18,18,353490,274190
2020,내과,S56,80,202,216,7149170,5124770
2020,내과,S57,10,15,15,310400,233200
2020,내과,S58,3,4,4,178340,157940
2020,내과,S59,36,44,44,1144420,823220
2020,내과,S60,4952,7177,7213,167416720,123872150
2020,내과,S61,12548,23675,23681,568708520,416402500
2020,내과,S62,661,1870,1955,74468730,53278070
2020,내과,S63,5904,9788,9788,261313000,189115650
2020,내과,S64,84,114,114,2829870,2028670
2020,내과,S65,251,399,399,9449590,6861490
2020,내과,S66,200,600,621,19802000,14192980
2020,내과,S67,140,466,466,13290670,9335300
2020,내과,S68,4,6,6,113050,81450
2020,내과,S69,372,687,687,14391290,10957090
2020,내과,S70,764,1378,1415,30835490,24035770
2020,내과,S71,386,768,768,17633620,13417610
2020,내과,S72,118,289,424,20554130,15723900
2020,내과,S73,771,1471,1510,39521500,29707540
2020,내과,S74,22,55,55,5123330,3604730
2020,내과,S75,6,11,11,569160,402060
2020,내과,S76,152,386,404,9821370,7391880
2020,내과,S77,1,3,3,41090,38090
2020,내과,S78,5,7,7,198550,145050
2020,내과,S79,19,31,31,604180,446380
2020,내과,S80,3075,5519,5678,136389750,102070240
2020,내과,S81,3187,7110,7147,165655650,123945690
2020,내과,S82,361,1194,1474,66388860,48971710
2020,내과,S83,3286,7850,8387,283781890,210011400
2020,내과,S84,81,245,245,7755450,5645450
2020,내과,S85,25,39,39,901480,648280
2020,내과,S86,264,620,730,23626040,17335940
2020,내과,S87,35,93,93,2111430,1656850
2020,내과,S88,40,68,68,1465350,1138450
2020,내과,S89,70,152,152,3387630,2507380
2020,내과,S90,3237,5364,5409,119585590,89503380
2020,내과,S91,4008,7750,7756,177831430,132315690
2020,내과,S92,808,1937,2218,98092670,70853490
2020,내과,S93,7531,13433,14038,373949610,273250730
2020,내과,S94,14,17,17,559900,394600
2020,내과,S95,25,48,48,1088670,808970
2020,내과,S96,246,463,499,13614680,10283970
2020,내과,S97,34,75,75,1696820,1302230
2020,내과,S98,8,11,11,204760,151960
2020,내과,S99,370,850,850,18039750,13973150
2020,내과,T00,889,1274,1291,28442920,21486960
2020,내과,T01,870,2036,2205,66485170,51465770
2020,내과,T02,11,11,11,1237760,868660
2020,내과,T03,438,1204,1204,19205070,16123770
2020,내과,T04,4,5,5,121920,93520
2020,내과,T06,9,24,24,428040,329040
2020,내과,T07,2,2,2,57020,40020
2020,내과,T08,32,71,78,3838460,2817390
2020,내과,T09,351,811,811,15899530,11953430
2020,내과,T10,10,12,12,178600,142400
2020,내과,T11,280,456,456,9872460,7309460
2020,내과,T12,5,8,8,133370,107170
2020,내과,T13,467,865,865,17792340,13430040
2020,내과,T14,7586,11681,11714,282498560,212253960
2020,내과,T15,131,189,189,4957970,3529070
2020,내과,T16,1584,1751,1751,50049730,36061830
2020,내과,T17,1548,1630,1628,56515440,40291110
2020,내과,T18,1228,1430,1432,123839720,87331050
2020,내과,T19,20,27,27,1213430,864030
2020,내과,T20,318,632,632,21873660,15643920
2020,내과,T21,698,1709,1709,61239630,43942890
2020,내과,T22,1377,3655,3655,125959210,91076300
2020,내과,T23,3576,7944,7944,289926870,208531090
2020,내과,T24,805,2821,2830,104079050,75148960
2020,내과,T25,797,2735,2779,108578940,80941330
2020,내과,T26,17,31,31,736250,543450
2020,내과,T27,1,1,1,23390,18790
2020,내과,T28,21,28,28,734990,542190
2020,내과,T29,174,440,463,17188630,12995410
2020,내과,T30,2182,4560,4575,146070000,106292110
2020,내과,T31,104,250,250,10073270,7855870
2020,내과,T32,1,1,1,13570,12070
2020,내과,T33,95,134,134,2722940,1976740
2020,내과,T34,1,5,5,222690,156190
2020,내과,T35,18,20,20,541850,384850
2020,내과,T37,4,4,4,68560,48160
2020,내과,T38,11,11,11,175780,125780
2020,내과,T40,4,4,4,62420,48620
2020,내과,T42,8,16,16,468970,336170
2020,내과,T43,1,1,1,16140,11340
2020,내과,T45,1,2,2,37760,28460
2020,내과,T46,7,12,12,340900,246000
2020,내과,T47,1,2,2,38600,34800
2020,내과,T48,2,2,2,32610,25510
2020,내과,T49,4,4,4,59960,42160
2020,내과,T50,11,14,14,464150,330540
2020,내과,T51,15,22,22,435500,321900
2020,내과,T52,3,3,3,52680,36980
2020,내과,T56,161,338,338,26646790,18901440
2020,내과,T57,23,37,37,6500540,4552440
2020,내과,T58,7,7,7,170130,126030
2020,내과,T59,6,7,7,94580,74780
2020,내과,T60,58,82,82,1566050,1192250
2020,내과,T61,5,6,6,99400,69800
2020,내과,T62,13,16,16,253250,190950
2020,내과,T63,1152,1332,1334,23692670,18062030
2020,내과,T64,4,4,4,68830,51630
2020,내과,T65,82,169,169,3325620,2375720
2020,내과,T66,8,9,9,213380,152080
2020,내과,T67,3407,4830,4846,109704780,82063460
2020,내과,T68,28,32,32,1335620,970420
2020,내과,T69,37,58,58,1414910,1011810
2020,내과,T70,25,27,27,502580,359980
2020,내과,T73,1048,1272,1272,28956640,21370830
2020,내과,T75,248,510,510,7604500,5912000
2020,내과,T78,10974,17646,17663,495935370,364291750
2020,내과,T79,2367,3670,3670,79919140,58758850
2020,내과,T80,38,56,56,1240960,896760
2020,내과,T81,252,377,377,20512380,14947280
2020,내과,T82,55,119,116,4229760,3431660
2020,내과,T83,10,11,11,815740,571740
2020,내과,T84,10,10,10,184680,155780
2020,내과,T85,12,20,19,492980,376080
2020,내과,T86,7,18,18,505060,365860
2020,내과,T88,363,421,420,8780440,6475940
2020,내과,T90,14,48,48,734300,571600
2020,내과,T91,31,143,143,2358080,2000180
2020,내과,T92,33,109,109,1845600,1560300
2020,내과,T93,42,93,93,1605490,1318990
2020,내과,T94,1,4,4,46160,32560
2020,내과,T95,22,52,52,1341990,1019690
2020,내과,T97,1,1,1,16140,11340
2020,내과,T98,10,10,10,486890,341390
2020,내과,U06,1,1,1,11540,10040
2020,내과,U07,58,62,62,1413110,996210
2020,내과,U08,3,8,8,1001470,901420
2020,내과,U82,1,2,2,51920,36420
2020,내과,U83,1,1,1,16140,11340
2020,내과,U84,15,662,662,7730540,7701740
2020,내과,U99,1,2,2,31040,29440
2020,내과,Z00,21472,24054,24053,2070013950,1446748470
2020,내과,Z01,4082,4563,4563,96816610,72692770
2020,내과,Z02,168,216,216,5925740,3812600
2020,내과,Z03,12994,15009,15015,830657090,566573720
2020,내과,Z04,6117,8020,8019,280804530,202741520
2020,내과,Z08,30,50,50,4533720,3274180
2020,내과,Z09,168,198,198,8971930,6334030
2020,내과,Z10,452,489,489,10263810,6969110
2020,내과,Z11,988,1166,1166,57622100,16636200
2020,내과,Z12,15,17,17,479410,357010
2020,내과,Z13,2771,3779,3779,98790620,74042240
2020,내과,Z20,4708,5860,5860,277369190,157092760
2020,내과,Z21,2,2,2,31040,26240
2020,내과,Z22,50,69,69,4281260,2978350
2020,내과,Z23,165,183,183,5067780,3612480
2020,내과,Z24,180,210,210,3662450,2589540
2020,내과,Z25,2154,2382,2382,51547980,37961180
2020,내과,Z26,2480,2874,2873,63952510,47906870
2020,내과,Z27,265,281,281,2999940,2236540
2020,내과,Z28,2,2,2,0,0
2020,내과,Z29,403,519,519,10689870,7955670
2020,내과,Z30,191,216,216,4049310,2844110
2020,내과,Z31,50,199,199,3177080,2252680
2020,내과,Z32,126,171,171,4665880,3565780
2020,내과,Z33,41,62,62,2192630,1886730
2020,내과,Z34,1003,1489,1489,71455770,62092470
2020,내과,Z35,19,96,96,1494170,1122270
2020,내과,Z36,448,451,451,15158970,13013570
2020,내과,Z37,1,1,1,20800,14600
2020,내과,Z39,4,4,4,306790,218090
2020,내과,Z40,1,1,1,61250,42950
2020,내과,Z41,6,6,6,85560,67760
2020,내과,Z43,1,5,5,67840,60340
2020,내과,Z44,2,2,2,169320,118720
2020,내과,Z45,1,1,1,18010,16210
2020,내과,Z47,4,26,26,326570,286570
2020,내과,Z48,813,1507,1507,31935780,24046980
2020,내과,Z49,13,29,29,4641460,4164960
2020,내과,Z50,1,1,1,11540,8140
2020,내과,Z51,25,36,36,1189010,396900
2020,내과,Z52,64,123,123,3968820,2839920
2020,내과,Z54,27,43,43,772470,583570
2020,내과,Z57,15,18,18,300050,210650
2020,내과,Z58,2,3,3,65680,46080
2020,내과,Z59,59,65,65,1608730,1133230
2020,내과,Z60,1,1,1,16140,14540
2020,내과,Z63,2,2,2,35280,26880
2020,내과,Z64,9,9,9,163720,115020
2020,내과,Z70,43,57,57,975670,734670
2020,내과,Z71,29825,34563,34559,662436280,486968580
2020,내과,Z72,86,132,132,2150710,1558610
2020,내과,Z73,716,1011,1011,21806020,15887720
2020,내과,Z75,9,10,10,158090,113090
2020,내과,Z76,6,7,7,132090,58020
2020,내과,Z80,46,59,59,4505350,3196340
2020,내과,Z82,446,763,763,15833970,11858370
2020,내과,Z83,478,664,664,12385550,9393750
2020,내과,Z84,5,5,5,266590,186890
2020,내과,Z85,29,45,45,1160230,847430
2020,내과,Z86,22,25,25,467070,342070
2020,내과,Z87,3,3,3,48890,36590
2020,내과,Z88,28,38,37,799820,581920
2020,내과,Z90,25,81,81,3094800,2234700
2020,내과,Z91,53,134,134,1825030,1384830
2020,내과,Z92,120,210,210,3525900,2759000
2020,내과,Z93,14,72,72,2657510,2081910
2020,내과,Z94,632,2056,2054,114910510,97060040
2020,내과,Z95,694,2694,2692,72471680,55522960
2020,내과,Z96,8,12,12,201470,154870
2020,내과,Z97,3,3,3,52000,39100
2020,내과,Z98,482,1182,1182,25042240,18801540
2020,내과,Z99,44,710,710,117727750,105953950
2020,신경과,A04,73,91,111,4888830,3621190
2020,신경과,A05,5,5,5,80510,62610
2020,신경과,A06,1,1,1,230280,161280
2020,신경과,A08,157,195,197,4307930,3160480
2020,신경과,A09,2233,2974,3007,63724690,46589060
2020,신경과,A15,2,2,2,172900,145600
2020,신경과,A16,1,1,1,29200,20500
2020,신경과,A17,2,2,2,48160,36960
2020,신경과,A18,2,2,2,83210,60210
2020,신경과,A31,1,107,107,1552730,1093930
2020,신경과,A41,3,6,6,68970,62470
2020,신경과,A49,39,93,93,1446620,1144820
2020,신경과,A51,1,1,1,36110,25310
2020,신경과,A53,2,6,6,205340,144040
2020,신경과,A55,1,1,1,16140,11340
2020,신경과,A56,2,2,2,99670,71770
2020,신경과,A60,6,12,12,157760,127160
2020,신경과,A66,1,1,1,16140,11340
2020,신경과,A69,40,64,64,1144320,899920
2020,신경과,A74,5,7,7,100870,75470
2020,신경과,A75,5,7,7,354120,250320
2020,신경과,A81,1,4,4,91310,74910
2020,신경과,A85,2,7,7,197350,138350
2020,신경과,A87,24,27,27,1452570,1070870
2020,신경과,B00,768,1239,1239,25485850,18554000
2020,신경과,B02,3682,8550,9163,293987400,214798470
2020,신경과,B07,19,23,23,402760,297260
2020,신경과,B08,8,16,16,677200,475900
2020,신경과,B17,11,12,12,651630,459530
2020,신경과,B18,325,1051,1048,72082770,52130320
2020,신경과,B19,7,8,8,492480,346140
2020,신경과,B26,1,1,1,16140,11340
2020,신경과,B27,124,244,244,4151220,2987820
2020,신경과,B30,11,15,15,343240,244940
2020,신경과,B33,1,1,1,16140,11340
2020,신경과,B34,4,6,6,85250,65950
2020,신경과,B35,1426,2838,2838,46720510,35772210
2020,신경과,B36,61,130,130,2357330,1789230
2020,신경과,B37,41,57,57,1148650,857940
2020,신경과,B48,2,3,3,120480,89880
2020,신경과,B49,2,3,3,39660,32460
2020,신경과,B54,2,2,2,32280,22680
2020,신경과,B66,11,14,14,252720,180820
2020,신경과,B69,1,1,1,12610,11110
2020,신경과,B76,1,1,1,20140,16140
2020,신경과,B83,1,1,1,16140,14540
2020,신경과,B86,12,19,19,223540,158640
2020,신경과,B88,64,79,79,10248120,7250520
2020,신경과,B89,3,4,4,128820,90720
2020,신경과,B91,46,63,63,3454920,2544320
2020,신경과,B94,1,3,3,290700,287700
2020,신경과,B98,90,121,121,2325480,1643870
2020,신경과,C00,1,2,2,243350,231350
2020,신경과,C05,1,9,9,343330,326830
2020,신경과,C06,1,12,12,640650,608950
2020,신경과,C07,1,1,1,101420,96420
2020,신경과,C08,1,5,5,298820,284220
2020,신경과,C11,4,28,28,1213320,1150720
2020,신경과,C12,1,2,2,224070,161370
2020,신경과,C15,11,27,27,2371550,2222250
2020,신경과,C16,88,491,491,29673420,27901540
2020,신경과,C18,57,387,386,20874870,19606410
2020,신경과,C19,5,108,108,9247360,8714930
2020,신경과,C20,14,54,54,2140970,2027770
2020,신경과,C22,42,236,235,12082570,11395770
2020,신경과,C23,6,46,46,1878320,1695420
2020,신경과,C24,16,80,80,7587550,6989470
2020,신경과,C25,22,59,59,3488870,2992670
2020,신경과,C30,1,15,15,675300,642500
2020,신경과,C32,3,3,3,789250,748950
2020,신경과,C34,92,572,579,27124430,24789250
2020,신경과,C37,4,8,8,1295020,1179920
2020,신경과,C38,1,5,5,191780,182380
2020,신경과,C39,2,2,2,35590,30290
2020,신경과,C43,4,20,23,1135230,1067740
2020,신경과,C44,9,75,75,4758360,4498760
2020,신경과,C45,1,1,1,45380,43180
2020,신경과,C47,1,10,10,278910,227010
2020,신경과,C48,1,1,1,238210,166810
2020,신경과,C49,3,8,8,1792910,1703510
2020,신경과,C50,59,350,350,18164150,17237350
2020,신경과,C53,12,46,46,4699400,4381400
2020,신경과,C54,7,18,18,2011390,1911890
2020,신경과,C56,10,30,30,3535070,3260070
2020,신경과,C57,1,1,1,390010,370510
2020,신경과,C61,63,325,325,26233040,24769140
2020,신경과,C64,14,57,57,3922050,3664910
2020,신경과,C65,2,16,16,758430,721730
2020,신경과,C66,2,2,2,247520,235220
2020,신경과,C67,20,86,86,5710270,5363670
2020,신경과,C70,1,1,0,10070,8570
2020,신경과,C71,45,109,123,10572550,9465220
2020,신경과,C72,14,66,66,2891770,2521870
2020,신경과,C73,64,319,318,21264340,20186500
2020,신경과,C74,3,11,11,1016250,914050
2020,신경과,C75,2,2,2,98320,77120
2020,신경과,C76,13,19,19,3091760,2405360
2020,신경과,C77,1,2,2,55640,52940
2020,신경과,C78,3,11,11,711780,676980
2020,신경과,C79,3,7,7,158700,151000
2020,신경과,C80,8,21,21,878590,834990
2020,신경과,C82,2,3,3,120360,114460
2020,신경과,C83,7,24,24,1839670,1749070
2020,신경과,C84,1,1,1,16140,15340
2020,신경과,C85,10,18,18,2219990,2078090
2020,신경과,C86,1,3,3,529930,503530
2020,신경과,C88,1,2,2,501650,476650
2020,신경과,C90,6,14,14,994910,945710
2020,신경과,C91,2,2,2,21910,15410
2020,신경과,C92,8,10,10,1984070,1885270
2020,신경과,C95,1,33,33,804430,765830
2020,신경과,D00,4,12,12,1275810,1212710
2020,신경과,D01,13,70,70,3380500,3031900
2020,신경과,D02,1,40,40,1175280,1119180
2020,신경과,D03,1,1,1,16140,14540
2020,신경과,D04,1,100,100,1925520,1836120
2020,신경과,D05,7,18,18,850640,806440
2020,신경과,D06,5,29,29,2065230,1963430
2020,신경과,D09,1,11,11,150590,141190
2020,신경과,D10,2,3,3,51740,36340
2020,신경과,D11,1,1,1,16140,14540
2020,신경과,D12,178,199,198,10801080,7400610
2020,신경과,D13,48,59,63,9485390,7246090
2020,신경과,D14,6,7,7,178600,127300
2020,신경과,D15,1,1,1,207340,145140
2020,신경과,D16,5,5,5,192980,135280
2020,신경과,D17,82,222,222,8483420,6077420
2020,신경과,D18,61,95,96,16753520,11990330
2020,신경과,D20,1,1,1,231150,161850
2020,신경과,D21,3,6,6,209150,154350
2020,신경과,D22,1,1,1,16140,14540
2020,신경과,D23,28,44,43,1832620,1351320
2020,신경과,D24,2,3,3,41340,37940
2020,신경과,D25,2,2,2,286780,191570
2020,신경과,D26,1,1,1,11540,8140
2020,신경과,D27,1,1,1,213690,149590
2020,신경과,D29,4,14,14,1136240,796040
2020,신경과,D30,27,30,30,5708750,4051920
2020,신경과,D32,174,806,830,71051940,64700490
2020,신경과,D33,85,409,422,25910040,23337060
2020,신경과,D34,6,7,7,238720,171920
2020,신경과,D35,131,360,371,49676820,38061100
2020,신경과,D37,37,88,95,10510770,8290380
2020,신경과,D38,5,6,6,374600,291200
2020,신경과,D39,5,14,14,1290720,1022180
2020,신경과,D41,12,14,14,2778550,2156810
2020,신경과,D42,8,38,38,1380500,1188400
2020,신경과,D43,101,210,209,33709290,24424420
2020,신경과,D44,86,132,130,28132260,20796740
2020,신경과,D45,5,23,23,487520,464620
2020,신경과,D46,4,21,21,550030,473830
2020,신경과,D47,7,15,15,1645390,1565090
2020,신경과,D48,21,35,36,3301640,2401720
2020,신경과,D50,706,1381,1389,56299370,40389370
2020,신경과,D51,17,80,80,2210760,1704860
2020,신경과,D52,18,36,36,2527490,1776990
2020,신경과,D53,10,20,20,2275450,1786550
2020,신경과,D61,4,5,5,87560,75160
2020,신경과,D64,307,507,507,41405550,29718770
2020,신경과,D66,1,1,1,153020,137720
2020,신경과,D68,9,26,26,1306050,1144450
2020,신경과,D69,46,67,67,3580520,2972220
2020,신경과,D70,2,18,18,284510,257010
2020,신경과,D72,32,37,37,1193770,876670
2020,신경과,D75,6,8,7,146010,115610
2020,신경과,D81,1,1,1,11530,8130
2020,신경과,D84,2,4,4,614960,539060
2020,신경과,D89,1,1,1,16140,11340
2020,신경과,E02,1,1,1,11540,8140
2020,신경과,E03,955,3431,3430,112465990,81405210
2020,신경과,E04,192,330,330,23004970,16345160
2020,신경과,E05,423,1338,1337,60095420,42622410
2020,신경과,E06,341,478,478,40576430,28510630
2020,신경과,E07,236,359,359,23749950,16793650
2020,신경과,E10,70,305,305,8958120,6746820
2020,신경과,E11,9056,49408,49517,1442231040,1088707470
2020,신경과,E12,2,2,2,69520,50720
2020,신경과,E13,252,1283,1283,36432220,27637670
2020,신경과,E14,1728,9094,9094,233851660,177309630
2020,신경과,E16,22,43,42,1753980,1267540
2020,신경과,E20,4,4,4,425230,299830
2020,신경과,E21,2,2,2,55680,39080
2020,신경과,E22,11,26,26,1739240,1289740
2020,신경과,E23,41,74,76,11188570,7969190
2020,신경과,E24,3,4,4,431800,307500
2020,신경과,E26,1,1,1,16140,14540
2020,신경과,E27,40,82,88,8680500,6483630
2020,신경과,E28,1,1,1,34530,24230
2020,신경과,E30,3,14,14,170760,120360
2020,신경과,E34,3,7,7,92200,72300
2020,신경과,E35,1,1,1,62950,44150
2020,신경과,E41,2,2,2,23080,20080
2020,신경과,E44,11,15,15,284090,229490
2020,신경과,E46,1,1,1,16140,11340
2020,신경과,E50,42,94,94,1441500,1077600
2020,신경과,E51,24,63,69,4678860,3478800
2020,신경과,E53,94,196,196,12054130,8713930
2020,신경과,E55,891,1389,1389,41376310,29882000
2020,신경과,E56,21,32,32,726560,525360
2020,신경과,E58,18,34,34,1001820,716920
2020,신경과,E61,6,10,10,1265740,888440
2020,신경과,E63,17,32,32,571670,430270
2020,신경과,E64,1,1,1,16140,11340
2020,신경과,E65,2,2,2,32280,25880
2020,신경과,E66,20,44,44,1262640,886040
2020,신경과,E67,2,2,2,67650,47450
2020,신경과,E71,1,1,1,16140,14540
2020,신경과,E75,2,10,10,659630,594030
2020,신경과,E77,1,3,3,555310,388810
2020,신경과,E78,8838,27648,27670,713171100,521094150
2020,신경과,E79,21,39,39,1633890,1206690
2020,신경과,E80,1,1,1,115870,81170
2020,신경과,E83,65,113,119,11618530,8543860
2020,신경과,E85,1,1,1,85720,60020
2020,신경과,E86,124,188,188,7989410,5791010
2020,신경과,E87,46,85,93,3159740,2367410
2020,신경과,E88,10,10,10,451330,319530
2020,신경과,E89,22,88,87,3295420,2337120
2020,신경과,F00,30591,178248,178589,7089894700,5386759590
2020,신경과,F01,572,2160,2167,100155910,76835100
2020,신경과,F02,72,303,303,13986650,11055120
2020,신경과,F03,980,2618,2619,177496790,127320670
2020,신경과,F05,90,166,166,9476570,6923590
2020,신경과,F06,12801,43874,43870,2363351770,1709298470
2020,신경과,F07,97,212,238,17149350,12282130
2020,신경과,F09,1,1,1,14060,12560
2020,신경과,F10,113,279,279,16024410,12439630
2020,신경과,F13,2,14,14,179420,130420
2020,신경과,F17,5,5,5,514910,363810
2020,신경과,F19,3,3,3,84920,59620
2020,신경과,F20,487,5390,5390,293742090,242607990
2020,신경과,F21,65,648,648,33775660,27393260
2020,신경과,F22,95,594,594,21049870,17365570
2020,신경과,F23,18,163,163,8664140,7075340
2020,신경과,F24,1,1,1,200920,140720
2020,신경과,F25,103,1484,1484,83291550,68307850
2020,신경과,F28,3,21,21,1269470,1052270
2020,신경과,F29,11,67,67,3352860,2709260
2020,신경과,F30,29,146,146,5401700,4412200
2020,신경과,F31,923,8214,8222,447362200,349488490
2020,신경과,F32,10677,53845,54111,1820504610,1436633730
2020,신경과,F33,1538,12030,12030,542593570,424883570
2020,신경과,F34,903,6745,6745,338140790,272669820
2020,신경과,F38,110,403,403,11639990,9130990
2020,신경과,F39,602,2108,2108,69488250,54174180
2020,신경과,F40,263,1015,1015,33944290,26894590
2020,신경과,F41,16725,71958,72356,2054826500,1618825160
2020,신경과,F42,122,943,943,49974970,39984170
2020,신경과,F43,982,3033,3033,133708600,106675000
2020,신경과,F44,17,59,59,3098310,2412910
2020,신경과,F45,2229,8929,8929,272305620,219424220
2020,신경과,F48,1714,6071,6071,184368970,147306870
2020,신경과,F50,23,49,49,2299370,1845770
2020,신경과,F51,3936,15326,15332,407324450,317507750
2020,신경과,F52,10,15,15,236020,197320
2020,신경과,F60,13,22,22,1296570,1043870
2020,신경과,F63,4,5,5,191010,153410
2020,신경과,F64,1,20,20,1188250,973350
2020,신경과,F65,1,3,3,248050,202150
2020,신경과,F68,2,2,2,32280,22680
2020,신경과,F70,7,22,22,862100,687600
2020,신경과,F71,6,27,27,1251290,1148390
2020,신경과,F72,1,13,13,124380,87980
2020,신경과,F78,2,5,5,193660,136260
2020,신경과,F79,2,4,4,119460,93160
2020,신경과,F80,43,226,227,16763270,12202690
2020,신경과,F81,1,1,1,16140,11340
2020,신경과,F84,25,300,300,12979240,10199040
2020,신경과,F89,1,16,16,684590,528690
2020,신경과,F90,147,1097,1097,53533860,41740360
2020,신경과,F91,9,35,35,1422130,1063830
2020,신경과,F92,11,29,29,485910,381110
2020,신경과,F93,6,81,81,4007110,3190510
2020,신경과,F95,91,659,659,28677280,21921480
2020,신경과,F98,8,43,43,2378020,1820620
2020,신경과,F99,4,5,5,338470,288770
2020,신경과,G02,1,2,2,824490,577290
2020,신경과,G03,16,18,28,2033940,1522670
2020,신경과,G04,18,74,74,2026520,1486420
2020,신경과,G05,42,76,76,1970290,1419690
2020,신경과,G08,1,1,1,931520,652120
2020,신경과,G09,1,2,2,23080,16280
2020,신경과,G10,7,21,21,779740,685540
2020,신경과,G11,131,914,942,32426970,27128970
2020,신경과,G12,99,239,239,16241740,13092740
2020,신경과,G13,6,28,28,2023370,1768670
2020,신경과,G14,17,31,31,2546760,1812060
2020,신경과,G20,7244,50145,50781,1943383590,1704853310
2020,신경과,G21,787,3569,3564,131627630,100313390
2020,신경과,G22,548,2180,2179,91384070,69016800
2020,신경과,G23,268,1023,1035,39841010,29452400
2020,신경과,G24,3769,9949,9951,401980730,288600730
2020,신경과,G25,24295,92292,92388,2953946430,2179417620
2020,신경과,G26,16,54,54,1986100,1494800
2020,신경과,G30,4545,24528,24525,1113953950,838693420
2020,신경과,G31,3139,10566,10848,454120810,318560540
2020,신경과,G32,23,110,110,3616160,2927060
2020,신경과,G35,196,620,619,104059350,85617250
2020,신경과,G36,71,337,337,51964580,46360980
2020,신경과,G37,70,366,366,12707900,9015900
2020,신경과,G40,8090,40627,40686,1718564750,1257526750
2020,신경과,G41,45,247,248,8843030,7175780
2020,신경과,G43,73535,203405,204220,8724845780,6141372200
2020,신경과,G44,61477,131443,132084,7132891560,5074770380
2020,신경과,G45,5669,21437,21463,1127619270,816657980
2020,신경과,G46,1476,6539,6543,228601570,168675700
2020,신경과,G47,24523,89400,91782,3393192960,2620991510
2020,신경과,G50,7606,18233,18260,886189910,637682110
2020,신경과,G51,16142,54257,54632,2790566660,1984234790
2020,신경과,G52,799,1219,1226,132541910,93870510
2020,신경과,G53,2952,9732,9776,246781140,185762080
2020,신경과,G54,12191,37096,37092,3191934110,2273139330
2020,신경과,G55,2016,5898,5898,434768210,311429330
2020,신경과,G56,19535,40522,40540,3953110190,2796511840
2020,신경과,G57,4480,9859,9876,762268170,544820980
2020,신경과,G58,1442,3323,3323,185757530,133806310
2020,신경과,G59,133,432,432,13264960,10007760
2020,신경과,G60,59,250,251,15516930,13239930
2020,신경과,G61,126,612,616,50569660,43413760
2020,신경과,G62,7943,19645,19640,2044283690,1471443590
2020,신경과,G63,4548,19509,19509,988937600,738900430
2020,신경과,G64,3592,9550,9593,536412190,389296810
2020,신경과,G70,1457,5742,5800,316900890,277529160
2020,신경과,G71,66,134,134,6140930,4843830
2020,신경과,G72,76,125,125,10468620,7568330
2020,신경과,G73,11,24,24,1978690,1452090
2020,신경과,G80,41,94,94,3428240,2648840
2020,신경과,G81,72,123,122,8607890,6309990
2020,신경과,G82,63,137,137,6383990,4593690
2020,신경과,G83,104,198,197,14104270,10430070
2020,신경과,G90,3226,7079,7100,504894380,359817440
2020,신경과,G91,130,363,366,23382090,17009820
2020,신경과,G92,1,1,1,30610,21510
2020,신경과,G93,2776,4524,4536,597595640,423569590
2020,신경과,G94,3,20,20,865850,642750
2020,신경과,G95,211,492,501,29124360,21582160
2020,신경과,G96,71,88,87,5236460,3733060
2020,신경과,G97,10,24,23,2650110,1857840
2020,신경과,G98,45,51,51,2158790,1521590
2020,신경과,G99,264,608,607,38074460,26976960
2020,신경과,H00,89,107,107,1531900,1092500
2020,신경과,H01,83,112,112,2230760,1616260
2020,신경과,H02,196,263,263,19531780,13635530
2020,신경과,H03,4,9,32,1875630,1391910
2020,신경과,H04,233,437,437,7015760,5135460
2020,신경과,H05,9,16,16,390770,274370
2020,신경과,H06,1,1,1,19730,17830
2020,신경과,H10,403,661,661,8831420,6822620
2020,신경과,H11,161,375,375,5447670,3987370
2020,신경과,H13,1,1,1,16140,14540
2020,신경과,H16,58,97,97,1521120,1124620
2020,신경과,H18,1,1,1,16140,14540
2020,신경과,H19,4,5,5,60220,44320
2020,신경과,H20,1,2,2,27680,19480
2020,신경과,H25,49,170,168,2262180,1865580
2020,신경과,H26,3,5,5,631640,448740
2020,신경과,H28,1,1,1,11540,10040
2020,신경과,H30,1,16,16,632850,443850
2020,신경과,H31,3,5,5,723980,509280
2020,신경과,H33,3,7,7,100060,70260
2020,신경과,H34,19,51,51,4424780,3139280
2020,신경과,H35,21,50,50,2136810,1709410
2020,신경과,H36,13,32,32,435930,378530
2020,신경과,H40,42,106,106,2992170,2222370
2020,신경과,H43,1,1,1,16140,14540
2020,신경과,H44,5,5,5,81770,60670
2020,신경과,H46,16,21,21,1049670,761170
2020,신경과,H47,48,102,100,10674720,7574690
2020,신경과,H48,4,6,6,998970,706170
2020,신경과,H49,139,402,428,19205000,13916780
2020,신경과,H50,6,7,7,581160,417160
2020,신경과,H51,4,7,7,910130,643830
2020,신경과,H52,7,19,19,1821680,1293480
2020,신경과,H53,639,1242,1258,108401970,77007050
2020,신경과,H54,35,51,51,13573380,9263200
2020,신경과,H55,5,5,5,822680,576180
2020,신경과,H57,28,45,45,3645110,2576810
2020,신경과,H58,1,1,1,16140,11340
2020,신경과,H60,107,152,152,3215880,2373680
2020,신경과,H61,4,4,4,88750,65550
2020,신경과,H62,3,21,21,400640,281640
2020,신경과,H65,19,37,37,1155540,838140
2020,신경과,H66,119,252,252,4910280,3720080
2020,신경과,H67,2,8,8,115310,98510
2020,신경과,H69,15,24,24,1320430,934130
2020,신경과,H70,3,3,3,48420,34020
2020,신경과,H72,1,1,1,22610,15910
2020,신경과,H73,1,1,1,20140,14140
2020,신경과,H80,3,5,5,1770580,1239580
2020,신경과,H81,76099,200063,201028,16070157620,11456966370
2020,신경과,H82,567,2607,2601,111439700,81189320
2020,신경과,H83,129,267,267,7240500,5337400
2020,신경과,H90,256,464,464,39260930,27811840
2020,신경과,H91,601,1668,1666,67741570,48635690
2020,신경과,H92,84,143,143,5408960,3937660
2020,신경과,H93,7999,23271,23307,960582160,690769380
2020,신경과,I00,9,30,30,1863420,1404120
2020,신경과,I05,8,31,31,2633820,2471620
2020,신경과,I08,5,11,11,440320,323620
2020,신경과,I10,34902,205122,205195,4271735730,3268703560
2020,신경과,I11,278,1637,1650,38690530,29171140
2020,신경과,I12,13,69,69,1504330,1174830
2020,신경과,I13,19,86,86,2110440,1591940
2020,신경과,I15,15,35,35,1775960,1269260
2020,신경과,I20,728,2614,2620,67657780,52245700
2020,신경과,I21,17,51,51,1053080,812880
2020,신경과,I22,3,22,22,321960,258160
2020,신경과,I23,2,10,10,164880,148180
2020,신경과,I24,11,26,26,611480,443780
2020,신경과,I25,61,277,275,5675470,4426670
2020,신경과,I26,3,10,10,84310,71710
2020,신경과,I27,2,2,2,420220,294220
2020,신경과,I30,2,2,2,307390,215290
2020,신경과,I34,7,8,8,272790,196190
2020,신경과,I35,12,20,19,1563290,1118690
2020,신경과,I36,1,3,3,34620,30120
2020,신경과,I42,20,65,64,3608180,3104980
2020,신경과,I44,9,25,25,2655180,1894680
2020,신경과,I45,6,7,8,1825600,1293010
2020,신경과,I46,1,5,5,489920,161550
2020,신경과,I47,81,252,252,9989920,7246910
2020,신경과,I48,293,1208,1211,34520190,26410130
2020,신경과,I49,479,921,918,46834500,34036110
2020,신경과,I50,188,510,509,18736930,14170730
2020,신경과,I51,27,78,78,994880,778080
2020,신경과,I60,119,322,370,23446550,16810330
2020,신경과,I61,377,2056,2196,102699160,76594870
2020,신경과,I62,57,128,141,8284970,6045370
2020,신경과,I63,17228,105271,106352,3240225470,2470865530
2020,신경과,I64,590,2252,2269,63437370,49326540
2020,신경과,I65,3895,16747,16844,633305540,460174910
2020,신경과,I66,1437,7552,7556,246423850,183742610
2020,신경과,I67,7720,31609,32178,1501874970,1091099260
2020,신경과,I68,51,409,409,14380730,10773080
2020,신경과,I69,3291,17348,17508,499773660,378669540
2020,신경과,I70,557,1902,1902,42342330,31520120
2020,신경과,I71,7,30,30,1237210,982510
2020,신경과,I72,45,73,72,14632860,9920460
2020,신경과,I73,2694,7681,7688,221672290,165131380
2020,신경과,I74,15,54,54,1512950,1151650
2020,신경과,I77,15,69,69,1169510,928910
2020,신경과,I78,5,6,6,163800,114900
2020,신경과,I79,10,33,33,950700,709500
2020,신경과,I80,72,200,200,4297220,3310120
2020,신경과,I81,1,31,31,505000,354400
2020,신경과,I82,6,17,17,275440,221040
2020,신경과,I83,178,388,388,6499280,5034180
2020,신경과,I85,1,2,2,179010,127310
2020,신경과,I86,9,34,34,557870,447070
2020,신경과,I87,627,1200,1200,26167690,19625190
2020,신경과,I88,50,55,55,1108310,796310
2020,신경과,I89,75,172,172,2798310,2143530
2020,신경과,I95,1652,3342,3345,191352080,138263190
2020,신경과,I97,2,13,13,167220,117620
2020,신경과,I99,6,11,11,235680,168380
2020,신경과,J00,2265,3799,3799,57691090,44607790
2020,신경과,J01,332,612,616,14087540,10275990
2020,신경과,J02,1286,2346,2346,37705180,29055380
2020,신경과,J03,867,1280,1339,21427260,15709300
2020,신경과,J04,1664,2934,2934,53821100,39652700
2020,신경과,J05,2,2,2,27690,19490
2020,신경과,J06,2465,3870,3870,63127150,48063250
2020,신경과,J09,1,1,1,11560,8160
2020,신경과,J10,81,115,144,6989530,5589090
2020,신경과,J11,167,219,219,4222410,3038810
2020,신경과,J12,3,6,6,329120,236120
2020,신경과,J14,1,1,1,20140,14140
2020,신경과,J15,18,26,27,922220,693080
2020,신경과,J18,114,231,235,7857070,5697700
2020,신경과,J20,5192,9327,9452,159420010,121471660
2020,신경과,J21,47,65,65,2678140,1932540
2020,신경과,J22,34,74,74,1038050,813150
2020,신경과,J30,2875,5203,5203,103170230,76376930
2020,신경과,J31,21,29,29,450790,329890
2020,신경과,J32,135,199,199,4626600,3399540
2020,신경과,J33,2,2,2,27680,21380
2020,신경과,J34,11,11,11,359760,255560
2020,신경과,J35,2,3,3,39220,27620
2020,신경과,J36,99,145,145,2244460,1665360
2020,신경과,J37,13,20,20,434120,327720
2020,신경과,J38,9,15,15,225060,161660
2020,신경과,J39,146,396,396,6324900,4877800
2020,신경과,J40,1195,2240,2246,36300430,28525370
2020,신경과,J41,174,489,489,7165530,5779830
2020,신경과,J42,310,663,707,17330250,13585570
2020,신경과,J43,12,15,15,928810,666510
2020,신경과,J44,139,321,321,5904160,4800760
2020,신경과,J45,541,1520,1520,27612960,21305190
2020,신경과,J46,11,28,28,483130,372330
2020,신경과,J47,16,34,34,2805290,1976490
2020,신경과,J70,1,1,1,110400,77300
2020,신경과,J80,1,1,1,20140,14140
2020,신경과,J81,2,2,2,34350,28650
2020,신경과,J84,19,38,37,2285880,1930080
2020,신경과,J90,3,6,6,234200,177700
2020,신경과,J93,5,6,6,628150,444350
2020,신경과,J98,197,227,224,32289930,22869990
2020,신경과,K02,1,2,2,31040,26240
2020,신경과,K04,21,61,61,853940,624040
2020,신경과,K05,121,273,273,3611570,2878170
2020,신경과,K06,1,1,1,11540,10040
2020,신경과,K07,226,420,428,12345030,9031950
2020,신경과,K08,18,28,28,1118390,802390
2020,신경과,K09,2,2,2,42750,30050
2020,신경과,K10,7,17,17,329140,257340
2020,신경과,K11,40,54,54,1756280,1307480
2020,신경과,K12,225,402,402,6046420,4811620
2020,신경과,K13,17,28,28,476110,376110
2020,신경과,K14,69,172,172,4283640,3206040
2020,신경과,K20,9,10,10,179760,126260
2020,신경과,K21,5650,10664,10661,338183690,243191890
2020,신경과,K22,8,30,30,1479580,1043180
2020,신경과,K25,834,1734,1735,48676500,35845030
2020,신경과,K26,97,175,175,7184160,5127860
2020,신경과,K27,107,171,171,2668470,2080970
2020,신경과,K28,5,13,13,196070,160970
2020,신경과,K29,7157,12965,12964,346953880,255450550
2020,신경과,K30,880,1287,1287,31285040,23184240
2020,신경과,K31,122,176,174,11712620,8300000
2020,신경과,K35,20,21,21,656840,465240
2020,신경과,K36,3,4,4,69190,53090
2020,신경과,K37,9,9,9,965220,676020
2020,신경과,K38,9,9,9,1023850,721650
2020,신경과,K40,11,11,11,228160,168460
2020,신경과,K41,1,1,1,16140,11340
2020,신경과,K42,2,2,2,32280,25880
2020,신경과,K43,1,1,1,14060,9860
2020,신경과,K46,3,8,8,175410,133210
2020,신경과,K50,15,31,31,1874250,1575150
2020,신경과,K51,24,82,82,2729370,2413370
2020,신경과,K52,664,1025,1029,21634550,16234860
2020,신경과,K55,1,2,2,223990,161290
2020,신경과,K56,4,5,5,154030,112530
2020,신경과,K57,21,31,31,2897880,2036580
2020,신경과,K58,2779,4097,4097,200480610,143522910
2020,신경과,K59,1810,3259,3259,53280240,41687540
2020,신경과,K60,5,5,5,90080,65180
2020,신경과,K61,4,4,4,57400,42300
2020,신경과,K62,12,18,18,2801220,1975220
2020,신경과,K63,1799,2393,2410,765310250,540253890
2020,신경과,K64,80,165,165,3012020,2274400
2020,신경과,K65,3,3,3,349170,247770
2020,신경과,K70,83,150,162,7815560,5621220
2020,신경과,K71,69,138,138,4364480,3170180
2020,신경과,K72,28,66,66,2247190,1645390
2020,신경과,K73,193,285,284,13384400,9622600
2020,신경과,K74,40,110,137,6797710,5087360
2020,신경과,K75,666,1260,1259,70246040,49646400
2020,신경과,K76,917,1617,1617,79756930,56892430
2020,신경과,K80,100,253,256,11131290,7780270
2020,신경과,K81,9,14,14,1316040,900240
2020,신경과,K82,86,107,105,14346590,10131090
2020,신경과,K83,21,26,26,3380710,2392610
2020,신경과,K85,11,20,20,2276690,1599090
2020,신경과,K86,40,54,53,4665300,3285840
2020,신경과,K87,4,4,4,915090,636350
2020,신경과,K90,1,4,4,117560,82560
2020,신경과,K91,3,15,15,270120,206120
2020,신경과,K92,54,77,77,5804010,3914470
2020,신경과,K93,40,40,40,1339790,948890
2020,신경과,L01,63,121,121,2380720,1751430
2020,신경과,L02,1060,2456,2456,58310140,42923850
2020,신경과,L03,981,1551,1574,35669810,26452080
2020,신경과,L04,148,231,231,5580100,4002000
2020,신경과,L05,4,5,5,78020,58620
2020,신경과,L08,128,187,187,3909410,2887930
2020,신경과,L10,1,1,1,16140,11340
2020,신경과,L13,11,11,11,151860,114460
2020,신경과,L20,268,472,481,9641380,7159660
2020,신경과,L21,191,332,332,5565000,4233300
2020,신경과,L22,2,21,21,352460,295660
2020,신경과,L23,1779,3607,3606,60939150,47639250
2020,신경과,L24,37,58,58,1184290,933890
2020,신경과,L25,201,292,292,5674960,4343560
2020,신경과,L27,82,106,106,2307560,1662660
2020,신경과,L28,606,1009,1009,24829620,18129820
2020,신경과,L29,191,326,326,8381980,6297580
2020,신경과,L30,808,1323,1323,22819110,17275310
2020,신경과,L40,72,159,159,3034270,2294690
2020,신경과,L41,1,1,1,14060,12560
2020,신경과,L42,1,2,2,17310,12210
2020,신경과,L50,1592,2743,2742,53905470,40171790
2020,신경과,L51,2,2,2,24820,21820
2020,신경과,L53,6,6,6,187690,131590
2020,신경과,L54,1,1,1,16140,11340
2020,신경과,L55,3,4,4,46160,32560
2020,신경과,L56,4,4,4,69850,52250
2020,신경과,L57,3,4,4,458130,319510
2020,신경과,L59,1,1,1,16140,11340
2020,신경과,L60,113,248,248,7198600,5181600
2020,신경과,L62,1,1,1,31840,22340
2020,신경과,L63,13,26,26,675190,475890
2020,신경과,L64,11,11,11,139940,98240
2020,신경과,L65,11,19,19,854130,598730
2020,신경과,L66,4,4,4,59960,42160
2020,신경과,L70,32,67,67,1227630,878430
2020,신경과,L71,4,4,4,208030,145730
2020,신경과,L72,21,26,34,1305270,950680
2020,신경과,L73,4,5,5,589490,412890
2020,신경과,L74,10,13,13,530180,387080
2020,신경과,L75,1,1,1,45090,31590
2020,신경과,L80,2,2,2,27680,19480
2020,신경과,L81,14,14,14,287860,211660
2020,신경과,L84,41,80,80,2349830,1715930
2020,신경과,L85,37,47,47,1220310,922510
2020,신경과,L86,2,3,3,112500,78900
2020,신경과,L89,20,101,101,1757050,1285650
2020,신경과,L90,4,4,4,64560,48560
2020,신경과,L91,8,11,11,256300,180000
2020,신경과,L93,3,5,5,96860,80960
2020,신경과,L94,1,1,1,303680,212580
2020,신경과,L95,8,10,10,383970,282970
2020,신경과,L98,12,21,21,542280,409180
2020,신경과,M00,8,10,23,1142730,846620
2020,신경과,M01,2,2,2,34150,27150
2020,신경과,M02,416,987,987,30701670,22503870
2020,신경과,M03,4,11,11,161570,117470
2020,신경과,M05,153,756,756,34406170,30817610
2020,신경과,M06,264,662,661,26363400,19689450
2020,신경과,M07,2,8,8,144560,121260
2020,신경과,M08,2,14,14,197040,138840
2020,신경과,M10,1360,3824,3826,82622780,60689260
2020,신경과,M11,7,29,29,2188880,1555180
2020,신경과,M12,439,1562,1587,86612280,62198910
2020,신경과,M13,6489,16364,16487,557745120,406960530
2020,신경과,M14,2,2,2,452990,317190
2020,신경과,M15,1317,5211,5211,103302030,82805330
2020,신경과,M16,268,1146,1208,34852070,25710500
2020,신경과,M17,18302,68169,69728,2403465280,1761704260
2020,신경과,M18,25,199,199,3277310,2401210
2020,신경과,M19,4873,15696,15758,485962120,351179790
2020,신경과,M20,23,41,74,3115580,2325650
2020,신경과,M21,43,136,149,6297400,4563820
2020,신경과,M22,131,349,352,10969860,7776380
2020,신경과,M23,589,3152,3237,104549860,76482940
2020,신경과,M24,1397,5562,5562,140352020,104057520
2020,신경과,M25,4454,14480,14538,489414920,355972030
2020,신경과,M30,4,23,23,1376400,1238300
2020,신경과,M31,51,129,129,12028000,8525730
2020,신경과,M32,15,125,125,4902290,4223620
2020,신경과,M33,14,76,267,23815620,19816500
2020,신경과,M34,6,36,36,1304190,1119390
2020,신경과,M35,69,242,242,11263980,9961880
2020,신경과,M40,71,177,177,9373990,6673590
2020,신경과,M41,106,561,585,14613130,10504840
2020,신경과,M42,1,1,15,961960,711360
2020,신경과,M43,367,1551,1730,79444970,57426670
2020,신경과,M45,61,317,317,13923050,12043150
2020,신경과,M46,36,88,88,4526980,3232780
2020,신경과,M47,14639,53563,54458,2354265520,1710396610
2020,신경과,M48,10727,46128,46342,2036111340,1502020640
2020,신경과,M49,390,1458,1458,123796850,89579550
2020,신경과,M50,8987,29353,29685,1707334060,1227431330
2020,신경과,M51,12958,56294,57346,2676368540,1960737430
2020,신경과,M53,8057,18576,18607,702018580,503705590
2020,신경과,M54,55894,203568,204236,8347612580,6035509170
2020,신경과,M60,21,50,50,1812290,1307090
2020,신경과,M61,7,19,19,609600,427600
2020,신경과,M62,2391,6986,6986,154249030,121851730
2020,신경과,M63,1,1,1,16140,11340
2020,신경과,M65,6405,16728,16742,457578770,334019070
2020,신경과,M66,25,45,45,1132030,866830
2020,신경과,M67,290,425,438,15436100,10983010
2020,신경과,M68,1,8,8,104040,91840
2020,신경과,M70,187,400,400,18404440,13219650
2020,신경과,M71,192,401,401,13861030,10039530
2020,신경과,M72,1480,4373,4382,123854650,89747750
2020,신경과,M75,15971,64532,64864,2475897870,1779975550
2020,신경과,M76,630,2058,2063,47163090,34367690
2020,신경과,M77,5865,19087,19097,603467820,428562340
2020,신경과,M79,22532,53248,53504,1966402880,1428258790
2020,신경과,M80,66,204,204,11334480,8266780
2020,신경과,M81,3788,11266,11265,543623340,397887500
2020,신경과,M82,29,84,84,1203280,999680
2020,신경과,M83,9,15,15,360420,261220
2020,신경과,M84,8,15,15,485450,354050
2020,신경과,M85,4,4,4,96910,68010
2020,신경과,M86,2,2,2,143340,100340
2020,신경과,M87,9,13,13,459990,329690
2020,신경과,M89,126,323,323,9099040,7184040
2020,신경과,M92,55,169,169,5911770,4151270
2020,신경과,M93,1,1,1,31990,22490
2020,신경과,M94,37,68,68,1947150,1368650
2020,신경과,M96,137,561,561,18447110,13773910
2020,신경과,M99,669,2286,2313,80536940,58217890
2020,신경과,N00,1,1,1,285760,200060
2020,신경과,N02,3,12,12,262060,202160
2020,신경과,N04,2,4,4,330000,277400
2020,신경과,N05,3,10,10,361740,274140
2020,신경과,N08,2,9,9,361950,357150
2020,신경과,N10,60,90,119,9309130,6816000
2020,신경과,N11,3,4,4,150670,109470
2020,신경과,N12,27,36,36,974180,704080
2020,신경과,N13,6,6,6,425430,298130
2020,신경과,N14,1,1,1,230250,207250
2020,신경과,N15,2,5,5,513840,359940
2020,신경과,N17,4,6,17,1229880,920460
2020,신경과,N18,88,289,288,18328060,15963460
2020,신경과,N19,28,51,51,2772830,2078530
2020,신경과,N20,66,73,73,4553290,3233890
2020,신경과,N21,59,65,65,5782090,4050590
2020,신경과,N28,31,36,34,5419320,3798900
2020,신경과,N30,1096,1808,1807,31876140,24307740
2020,신경과,N31,375,828,827,13638190,11137480
2020,신경과,N32,32,71,71,1114370,891670
2020,신경과,N33,1,4,4,50760,44660
2020,신경과,N34,54,65,65,1075980,845380
2020,신경과,N35,2,2,2,30730,24130
2020,신경과,N36,1,3,3,43300,38700
2020,신경과,N37,1,3,3,37790,33290
2020,신경과,N39,196,395,395,6444110,5046410
2020,신경과,N40,765,2825,2824,43150920,35129520
2020,신경과,N41,18,22,22,605110,448210
2020,신경과,N42,32,33,33,1058510,762210
2020,신경과,N43,3,4,4,112090,78590
2020,신경과,N45,7,8,8,126280,88880
2020,신경과,N46,5,5,5,109650,76950
2020,신경과,N48,32,43,43,730150,564450
2020,신경과,N49,2,2,2,32280,22680
2020,신경과,N50,2,5,5,69420,58520
2020,신경과,N51,1,1,1,11540,8140
2020,신경과,N60,9,23,23,381340,302740
2020,신경과,N61,1,2,2,162380,113780
2020,신경과,N62,1,1,1,17210,15510
2020,신경과,N63,1,1,1,11540,8140
2020,신경과,N64,48,54,54,1635510,1190010
2020,신경과,N71,1,1,1,11540,8140
2020,신경과,N72,2,5,5,58300,50800
2020,신경과,N73,5,27,27,647510,454410
2020,신경과,N75,1,2,2,84980,59580
2020,신경과,N76,34,95,95,1666020,1260320
2020,신경과,N77,5,6,6,74450,57750
2020,신경과,N80,3,3,3,70750,49650
2020,신경과,N81,1,1,1,45090,31590
2020,신경과,N83,2,2,2,322030,258530
2020,신경과,N90,1,1,1,11540,10540
2020,신경과,N91,1,1,1,16140,11340
2020,신경과,N92,3,3,3,198910,139410
2020,신경과,N93,4,4,4,55360,41260
2020,신경과,N94,64,85,85,2356340,1653340
2020,신경과,N95,300,931,931,16934450,12301850
2020,신경과,N97,2,3,3,53420,37520
2020,신경과,O10,1,1,1,131560,92160
2020,신경과,O20,1,2,2,23080,16280
2020,신경과,O24,1,1,1,30930,21730
2020,신경과,O92,1,3,3,79630,55830
2020,신경과,P10,1,3,3,171590,125990
2020,신경과,P21,3,6,6,87990,62190
2020,신경과,P28,5,7,7,329040,239140
2020,신경과,Q01,1,2,2,208730,146230
2020,신경과,Q02,1,12,12,69240,48840
2020,신경과,Q03,3,106,138,7125220,6227040
2020,신경과,Q04,3,10,10,178500,161000
2020,신경과,Q05,1,4,4,92970,65370
2020,신경과,Q07,2,13,13,1049820,1010420
2020,신경과,Q21,1,1,1,31500,22100
2020,신경과,Q22,1,1,1,275920,275920
2020,신경과,Q24,1,3,3,120140,108340
2020,신경과,Q25,1,3,3,693350,624150
2020,신경과,Q27,2,9,9,212930,149430
2020,신경과,Q28,45,97,96,9576300,6730900
2020,신경과,Q32,1,1,1,11540,10040
2020,신경과,Q38,1,1,1,16140,11340
2020,신경과,Q40,1,1,1,11540,10040
2020,신경과,Q44,9,11,11,1656310,1104310
2020,신경과,Q50,2,2,2,422830,296030
2020,신경과,Q55,1,1,1,11540,10040
2020,신경과,Q60,2,3,3,231440,162240
2020,신경과,Q61,5,5,5,538190,376890
2020,신경과,Q65,1,1,1,20140,16140
2020,신경과,Q66,1,1,1,314760,220360
2020,신경과,Q67,6,7,7,195780,137380
2020,신경과,Q68,6,16,15,313110,270510
2020,신경과,Q74,1,1,1,80080,56080
2020,신경과,Q75,3,4,4,70020,55920
2020,신경과,Q77,2,2,2,90080,67680
2020,신경과,Q78,3,3,3,1071200,949600
2020,신경과,Q82,3,3,3,77370,54270
2020,신경과,Q84,1,1,1,16140,14540
2020,신경과,Q85,18,67,67,2175720,1911220
2020,신경과,Q87,1,3,3,41740,37640
2020,신경과,Q90,1,2,2,27680,21780
2020,신경과,Q99,1,2,2,29760,26860
2020,신경과,R00,1086,1861,1858,53936880,38513480
2020,신경과,R01,2,3,3,972290,680690
2020,신경과,R03,310,425,425,11906600,8635200
2020,신경과,R04,26,36,35,1594990,1163890
2020,신경과,R05,198,241,241,7091540,5248940
2020,신경과,R06,280,438,437,20279100,14564000
2020,신경과,R07,905,1123,1117,44389790,31715880
2020,신경과,R09,20,41,40,822150,641650
2020,신경과,R10,1239,1637,1636,68006810,49361460
2020,신경과,R11,640,812,811,33136780,23954430
2020,신경과,R12,25,36,36,808540,609840
2020,신경과,R13,20,40,40,1546330,1108030
2020,신경과,R14,6,8,8,399740,285240
2020,신경과,R17,8,8,8,580910,414010
2020,신경과,R18,3,3,3,184590,129290
2020,신경과,R19,17,18,18,346420,269220
2020,신경과,R20,2491,4736,4730,472065300,333544550
2020,신경과,R21,30,38,38,898360,646460
2020,신경과,R22,110,118,118,3849590,2973650
2020,신경과,R23,124,143,143,3592930,2582430
2020,신경과,R25,5640,11321,11310,701512270,501207300
2020,신경과,R26,370,637,636,49999930,36341300
2020,신경과,R27,85,210,209,27930000,19507260
2020,신경과,R29,97,125,125,4834780,3482880
2020,신경과,R30,10,14,14,810200,583900
2020,신경과,R31,110,145,143,9571680,6765600
2020,신경과,R32,45,102,102,1533910,1319010
2020,신경과,R33,1,1,1,103360,72360
2020,신경과,R35,33,78,78,1393650,1084950
2020,신경과,R39,13,13,13,1054800,746400
2020,신경과,R40,27,35,36,3245860,2392290
2020,신경과,R41,1882,3542,3538,339467810,237855390
2020,신경과,R42,16904,31799,31804,3195547740,2233217620
2020,신경과,R43,34,46,46,3412410,2421610
2020,신경과,R44,110,145,145,9611700,6852500
2020,신경과,R45,346,1037,1037,25170080,18020940
2020,신경과,R46,2,2,2,638910,447310
2020,신경과,R47,179,269,271,34379430,24165110
2020,신경과,R48,12,51,51,3852880,2767880
2020,신경과,R49,4,4,4,64360,53060
2020,신경과,R50,231,368,368,11581650,8278450
2020,신경과,R51,23231,37691,37689,2647400930,1745916130
2020,신경과,R52,654,984,984,42998540,30767940
2020,신경과,R53,79,112,112,7126890,5063390
2020,신경과,R54,1,1,1,11540,8140
2020,신경과,R55,2613,3868,3895,596567940,421891070
2020,신경과,R56,365,566,565,53578790,37871120
2020,신경과,R57,12,27,27,491130,372230
2020,신경과,R58,1,1,1,14060,12560
2020,신경과,R59,21,21,21,413870,314770
2020,신경과,R60,460,775,775,21818260,16143160
2020,신경과,R61,71,151,151,4626310,3326910
2020,신경과,R62,49,80,80,5056550,4268250
2020,신경과,R63,94,125,125,4787720,3486600
2020,신경과,R64,1,1,1,16140,14540
2020,신경과,R68,51,87,87,1609630,1202730
2020,신경과,R69,3,3,3,50690,43390
2020,신경과,R70,2,6,6,202320,129570
2020,신경과,R71,1,1,1,11540,8140
2020,신경과,R72,3,4,4,200600,140600
2020,신경과,R73,531,684,684,19268680,14463170
2020,신경과,R76,30,39,39,1888270,531950
2020,신경과,R77,1,1,1,21830,17530
2020,신경과,R78,13,84,84,1622850,1151550
2020,신경과,R79,1,1,1,17520,13320
2020,신경과,R80,54,81,81,3148840,2258240
2020,신경과,R81,361,480,480,63748570,44811870
2020,신경과,R82,1,2,2,30220,21220
2020,신경과,R84,1,1,1,18990,17190
2020,신경과,R90,8,8,8,295560,207360
2020,신경과,R91,16,19,17,1743970,1226170
2020,신경과,R92,3,3,3,74890,55790
2020,신경과,R93,4,4,4,169520,118820
2020,신경과,R94,71,97,97,4031420,2888800
2020,신경과,S00,375,485,485,15502480,11212000
2020,신경과,S01,314,737,737,20702680,14998250
2020,신경과,S02,23,26,54,4395390,3250620
2020,신경과,S03,27,42,42,1114540,784060
2020,신경과,S04,32,44,44,2181390,1553190
2020,신경과,S05,5,5,5,189570,136070
2020,신경과,S06,1127,1592,1825,160059250,109665440
2020,신경과,S07,1,2,2,229510,160810
2020,신경과,S08,1,1,1,22610,15910
2020,신경과,S09,25,30,31,2521390,1793190
2020,신경과,S10,6,9,9,161980,131880
2020,신경과,S11,9,16,16,327840,260940
2020,신경과,S12,9,11,11,492610,347310
2020,신경과,S13,2708,6243,6355,242477600,172361620
2020,신경과,S14,52,143,143,11571500,8314830
2020,신경과,S15,1,1,1,16140,11340
2020,신경과,S20,143,232,232,5942970,4479070
2020,신경과,S21,12,70,70,1418050,1140550
2020,신경과,S22,260,577,948,49681310,37260270
2020,신경과,S23,1204,2105,2114,70313340,50973120
2020,신경과,S24,5,6,6,341440,241240
2020,신경과,S29,4,9,9,153160,122960
2020,신경과,S30,69,103,103,2791510,2075310
2020,신경과,S31,34,67,67,1536350,1126750
2020,신경과,S32,127,306,619,33820800,25409560
2020,신경과,S33,4634,12665,13061,453300580,326011600
2020,신경과,S34,30,49,49,6327940,4465840
2020,신경과,S37,2,3,3,331820,232420
2020,신경과,S38,1,1,1,29140,20440
2020,신경과,S39,1,1,1,16470,11570
2020,신경과,S40,56,102,102,4022950,2919750
2020,신경과,S41,22,79,79,1537610,1241810
2020,신경과,S42,37,90,127,5673210,4161560
2020,신경과,S43,1140,3029,3097,122580390,87206490
2020,신경과,S44,34,60,60,5258510,3735810
2020,신경과,S45,18,60,60,2012890,1416390
2020,신경과,S46,617,2657,2816,92579950,66966280
2020,신경과,S49,20,30,30,1065510,753110
2020,신경과,S50,113,190,190,4906060,3498010
2020,신경과,S51,82,210,210,5408090,4021430
2020,신경과,S52,91,187,261,12128020,8740050
2020,신경과,S53,774,1895,1921,74339600,52744940
2020,신경과,S54,144,276,276,22775230,16095010
2020,신경과,S56,12,21,21,814910,595510
2020,신경과,S57,4,5,5,204190,143090
2020,신경과,S59,1,1,1,31720,22220
2020,신경과,S60,272,384,384,11208440,7950240
2020,신경과,S61,823,1919,1919,51628960,37087160
2020,신경과,S62,166,360,361,12445700,8919950
2020,신경과,S63,2200,4721,4729,153720600,108885940
2020,신경과,S64,56,120,120,8885120,6261920
2020,신경과,S65,7,9,9,383310,274410
2020,신경과,S66,31,89,89,2404010,1724210
2020,신경과,S67,6,14,14,494760,347160
2020,신경과,S68,1,1,1,26890,18890
2020,신경과,S69,5,19,19,508030,357030
2020,신경과,S70,75,139,139,4239480,3089080
2020,신경과,S71,21,49,49,1185680,892580
2020,신경과,S72,33,83,120,4376270,3245340
2020,신경과,S73,104,218,218,5034910,3702110
2020,신경과,S74,20,47,47,1963750,1419050
2020,신경과,S75,1,1,1,20530,14430
2020,신경과,S76,106,293,293,9136250,6538150
2020,신경과,S78,4,4,4,286680,221180
2020,신경과,S79,4,6,6,363140,254540
2020,신경과,S80,251,498,498,13678500,9957620
2020,신경과,S81,150,474,474,11236920,8546320
2020,신경과,S82,97,248,323,14549800,10575200
2020,신경과,S83,1103,2913,3195,97526190,71075840
2020,신경과,S84,138,257,257,21560510,15237790
2020,신경과,S85,2,2,2,36280,25480
2020,신경과,S86,65,176,176,3412850,2553350
2020,신경과,S87,11,16,16,624000,450500
2020,신경과,S88,5,6,6,223180,160280
2020,신경과,S89,2,3,3,46970,33070
2020,신경과,S90,244,327,331,9141850,6567980
2020,신경과,S91,259,678,678,15735510,11827210
2020,신경과,S92,185,343,482,23440140,17029500
2020,신경과,S93,2081,4538,4629,133384510,95508430
2020,신경과,S94,36,61,61,6129920,4464720
2020,신경과,S96,364,1003,1024,31080770,21966720
2020,신경과,S97,11,45,45,915660,644060
2020,신경과,S99,8,16,16,595370,424770
2020,신경과,T00,32,65,75,3108180,2283960
2020,신경과,T01,44,70,70,1522250,1239850
2020,신경과,T03,7,16,16,677870,475270
2020,신경과,T04,3,16,16,332680,281180
2020,신경과,T06,1,1,1,16140,11340
2020,신경과,T08,5,5,5,92490,72090
2020,신경과,T09,45,132,132,3368040,2440940
2020,신경과,T11,2,4,4,78770,64670
2020,신경과,T13,4,4,4,378510,267110
2020,신경과,T14,205,363,363,9407670,6829770
2020,신경과,T15,1,1,1,32550,22850
2020,신경과,T16,3,3,3,81780,57380
2020,신경과,T17,5,5,5,181390,127190
2020,신경과,T18,8,9,9,741430,524930
2020,신경과,T20,12,19,19,620700,446600
2020,신경과,T21,27,61,64,2184890,1611060
2020,신경과,T22,48,133,138,5514180,3996250
2020,신경과,T23,95,255,255,10248660,7221380
2020,신경과,T24,45,205,205,6518340,5055440
2020,신경과,T25,26,70,70,2783360,1955460
2020,신경과,T29,3,16,16,971510,680810
2020,신경과,T30,26,43,43,1444880,1043980
2020,신경과,T31,1,1,1,18010,16210
2020,신경과,T33,3,5,5,151870,118570
2020,신경과,T35,1,1,1,14060,9860
2020,신경과,T44,1,6,6,154910,108710
2020,신경과,T46,1,2,2,23080,20080
2020,신경과,T51,1,2,2,637930,446630
2020,신경과,T56,1,9,9,415710,291510
2020,신경과,T58,4,23,23,1016120,647890
2020,신경과,T59,3,3,3,786980,551080
2020,신경과,T63,2,2,2,38470,32670
2020,신경과,T67,11,17,17,1448060,1041160
2020,신경과,T70,3,3,3,77370,54270
2020,신경과,T73,45,54,54,2471420,1786920
2020,신경과,T74,1,1,1,11540,10040
2020,신경과,T75,7,7,7,914890,640690
2020,신경과,T78,197,384,384,8767280,6516580
2020,신경과,T79,7,7,7,165290,118090
2020,신경과,T81,3,7,7,289590,202990
2020,신경과,T84,1,1,13,828180,614040
2020,신경과,T88,4,5,5,203880,146780
2020,신경과,T90,1,1,1,16140,11340
2020,신경과,T91,29,54,54,2005560,1504160
2020,신경과,T92,2,2,2,37210,26110
2020,신경과,T93,5,80,80,1324900,936800
2020,신경과,U07,11,11,11,85460,60860
2020,신경과,Z00,90,100,100,2789690,2052990
2020,신경과,Z01,8,8,8,208040,145940
2020,신경과,Z02,2,2,2,31680,24180
2020,신경과,Z03,64,72,72,3089350,2394200
2020,신경과,Z04,1,1,1,16140,11340
2020,신경과,Z10,3,4,4,59960,42160
2020,신경과,Z11,2,2,2,55440,38940
2020,신경과,Z13,10,13,13,399120,298820
2020,신경과,Z20,2,3,3,45620,32120
2020,신경과,Z23,4,4,4,166730,118830
2020,신경과,Z24,3,4,4,107480,82380
2020,신경과,Z25,109,120,120,2457020,1757220
2020,신경과,Z26,17,21,21,389690,288790
2020,신경과,Z29,3,3,3,45020,31620
2020,신경과,Z30,2,2,2,32280,22680
2020,신경과,Z32,2,2,2,92960,65160
2020,신경과,Z34,2,2,2,103580,90080
2020,신경과,Z47,2,2,24,1469890,1102460
2020,신경과,Z48,52,105,105,1854630,1494130
2020,신경과,Z54,1,2,2,36020,32420
2020,신경과,Z70,2,2,2,27680,19480
2020,신경과,Z71,470,715,715,34019540,27973540
2020,신경과,Z73,4,6,6,194100,144800
2020,신경과,Z82,7,10,10,194780,143780
2020,신경과,Z88,1,1,1,16140,11340
2020,신경과,Z91,1,1,1,30610,21510
2020,신경과,Z94,3,4,4,687810,637510
2020,신경과,Z95,3,12,12,150640,127940
2020,신경과,Z96,1,1,1,220950,154750
2020,신경과,Z98,23,99,99,1575630,1124730
2020,정신건강의학과,A00,1,1,1,106480,74580
2020,정신건강의학과,A04,3,4,4,52790,40990
2020,정신건강의학과,A05,56,80,80,1232600,933300
2020,정신건강의학과,A08,8,15,15,305280,243880
2020,정신건강의학과,A09,24,203,203,17439930,13775730
2020,정신건강의학과,A31,1,1,1,89910,68710
2020,정신건강의학과,A32,1,1,1,64710,54710
2020,정신건강의학과,A41,1,2,2,56400,45400
2020,정신건강의학과,A49,3,4,4,62480,46580
2020,정신건강의학과,A59,1,1,1,14060,9860
2020,정신건강의학과,A69,1,1,1,16140,11340
2020,정신건강의학과,A71,2,2,2,99300,82200
2020,정신건강의학과,A81,1,1,1,11540,10440
2020,정신건강의학과,A88,1,1,1,37550,29250
2020,정신건강의학과,B00,103,174,174,2053990,1561190
2020,정신건강의학과,B02,92,252,251,5646450,4515450
2020,정신건강의학과,B07,3,3,3,47820,37420
2020,정신건강의학과,B16,1,3,3,42180,29580
2020,정신건강의학과,B18,9,20,18,697860,507880
2020,정신건강의학과,B30,4,6,6,164500,126800
2020,정신건강의학과,B35,175,453,453,6245730,4704830
2020,정신건강의학과,B36,8,16,16,333350,234950
2020,정신건강의학과,B37,7,14,14,648090,475190
2020,정신건강의학과,B43,1,1,1,20140,14140
2020,정신건강의학과,B49,2,2,2,32280,22680
2020,정신건강의학과,B56,2,10,10,574580,463780
2020,정신건강의학과,B83,2,3,3,53460,41060
2020,정신건강의학과,B86,5,5,5,114600,86100
2020,정신건강의학과,C15,2,7,7,3122190,2966590
2020,정신건강의학과,C16,19,139,139,14390790,13609790
2020,정신건강의학과,C17,1,7,7,1795810,1706410
2020,정신건강의학과,C18,3,25,25,3181710,3024010
2020,정신건강의학과,C19,2,17,17,370130,352430
2020,정신건강의학과,C20,5,13,13,1548910,1472110
2020,정신건강의학과,C22,8,66,66,9955900,9461400
2020,정신건강의학과,C23,1,4,4,144130,137230
2020,정신건강의학과,C24,2,18,18,2391060,2272360
2020,정신건강의학과,C25,6,39,39,2751180,2612480
2020,정신건강의학과,C34,18,139,139,8025700,7502700
2020,정신건강의학과,C44,5,20,20,6647680,6316080
2020,정신건강의학과,C50,42,293,293,24922420,23578320
2020,정신건강의학과,C53,1,13,13,1476480,1403080
2020,정신건강의학과,C56,5,34,34,5506880,5208980
2020,정신건강의학과,C61,17,166,166,17626220,16685520
2020,정신건강의학과,C63,1,3,3,51570,36270
2020,정신건강의학과,C64,4,29,29,2805880,2550380
2020,정신건강의학과,C66,1,12,12,481470,458270
2020,정신건강의학과,C67,3,26,26,6445210,6124610
2020,정신건강의학과,C68,1,1,1,44870,42670
2020,정신건강의학과,C71,4,15,15,971920,924020
2020,정신건강의학과,C73,21,131,131,18983520,17963520
2020,정신건강의학과,C75,1,1,1,187770,178470
2020,정신건강의학과,C78,1,7,7,640990,609190
2020,정신건강의학과,C81,1,1,1,284940,270740
2020,정신건강의학과,C82,2,4,4,617520,586020
2020,정신건강의학과,C84,1,2,2,201330,191330
2020,정신건강의학과,C85,1,11,11,398290,378690
2020,정신건강의학과,C88,1,18,18,1565600,1488400
2020,정신건강의학과,C90,2,17,17,992460,943260
2020,정신건강의학과,C92,4,12,12,1615640,1530040
2020,정신건강의학과,C95,1,35,35,2060060,1958760
2020,정신건강의학과,D00,1,11,11,2864050,2721350
2020,정신건강의학과,D01,6,25,25,3935540,3740140
2020,정신건강의학과,D05,7,61,61,5915190,5618390
2020,정신건강의학과,D06,1,1,1,132130,125530
2020,정신건강의학과,D07,1,8,8,244230,228030
2020,정신건강의학과,D09,1,2,2,541230,514330
2020,정신건강의학과,D12,1,2,2,31040,29440
2020,정신건강의학과,D13,1,2,1,26210,18410
2020,정신건강의학과,D17,6,6,6,673540,471740
2020,정신건강의학과,D21,47,54,54,7146630,5018430
2020,정신건강의학과,D22,1,1,1,20140,14140
2020,정신건강의학과,D23,14,15,15,2018580,1413780
2020,정신건강의학과,D25,1,2,2,31040,26240
2020,정신건강의학과,D26,1,2,1,26210,18410
2020,정신건강의학과,D30,1,2,2,31040,29440
2020,정신건강의학과,D32,12,27,27,3945790,3717590
2020,정신건강의학과,D33,5,27,27,2630450,2464350
2020,정신건강의학과,D35,2,4,4,76040,59240
2020,정신건강의학과,D37,2,5,5,122160,112860
2020,정신건강의학과,D38,1,18,18,560880,533880
2020,정신건강의학과,D39,1,22,22,3499530,3325930
2020,정신건강의학과,D41,1,7,7,311760,258860
2020,정신건강의학과,D42,1,1,1,63040,53540
2020,정신건강의학과,D43,3,23,23,686030,652930
2020,정신건강의학과,D44,1,1,1,186420,177120
2020,정신건강의학과,D46,1,11,11,652920,620820
2020,정신건강의학과,D47,1,10,10,271760,258960
2020,정신건강의학과,D48,2,5,5,301240,283440
2020,정신건강의학과,D50,170,283,283,5623590,4136590
2020,정신건강의학과,D51,3,8,8,281760,228760
2020,정신건강의학과,D61,2,41,41,1194230,1077830
2020,정신건강의학과,D64,4,6,6,134940,101140
2020,정신건강의학과,D69,1,1,1,20140,14140
2020,정신건강의학과,D70,1,1,1,132290,95490
2020,정신건강의학과,E03,39,187,187,5929160,4576960
2020,정신건강의학과,E04,2,10,10,108960,76960
2020,정신건강의학과,E05,14,39,39,1323790,1004190
2020,정신건강의학과,E06,2,3,3,152780,115780
2020,정신건강의학과,E07,6,12,12,319820,224720
2020,정신건강의학과,E10,7,38,74,4670360,4011150
2020,정신건강의학과,E11,155,753,1018,39135980,28496840
2020,정신건강의학과,E12,1,1,1,17970,12670
2020,정신건강의학과,E13,27,144,144,2102030,1726430
2020,정신건강의학과,E14,64,359,359,17246280,12511880
2020,정신건강의학과,E16,6,8,8,603130,484630
2020,정신건강의학과,E23,1,2,2,60960,54960
2020,정신건강의학과,E27,2,7,7,283610,255510
2020,정신건강의학과,E28,1,1,1,11540,8140
2020,정신건강의학과,E34,2,3,3,148410,122010
2020,정신건강의학과,E35,15,16,16,624810,438610
2020,정신건강의학과,E50,32,51,51,637350,471250
2020,정신건강의학과,E51,28,122,122,9088750,7083050
2020,정신건강의학과,E53,11,27,27,1651250,1306950
2020,정신건강의학과,E55,18,33,33,895760,679360
2020,정신건강의학과,E56,10,48,48,1053170,799070
2020,정신건강의학과,E58,1,1,1,16140,11340
2020,정신건강의학과,E61,1,1,1,28750,20150
2020,정신건강의학과,E63,3,10,10,155760,109460
2020,정신건강의학과,E66,87,240,240,10819010,8509510
2020,정신건강의학과,E71,2,28,28,3843450,3459750
2020,정신건강의학과,E78,244,879,879,22733570,17381210
2020,정신건강의학과,E86,10,17,17,348360,270460
2020,정신건강의학과,E87,1,1,1,3130,2130
2020,정신건강의학과,E88,2,2,2,31680,22280
2020,정신건강의학과,E89,4,10,10,134080,94180
2020,정신건강의학과,F00,42596,300563,314336,23122615640,17991944920
2020,정신건강의학과,F01,848,4010,4416,253026620,190499980
2020,정신건강의학과,F02,156,631,766,52258880,40071270
2020,정신건강의학과,F03,1165,5956,6339,345089200,266570120
2020,정신건강의학과,F04,54,223,223,9611160,7390960
2020,정신건강의학과,F05,530,1793,1813,86413980,67184530
2020,정신건강의학과,F06,11171,50608,53341,3232148540,2470310160
2020,정신건강의학과,F07,428,3204,4484,270541030,213312970
2020,정신건강의학과,F09,121,612,779,43059620,33933440
2020,정신건강의학과,F10,14541,82008,110754,7183299610,5595526850
2020,정신건강의학과,F11,23,120,125,9227730,7287920
2020,정신건강의학과,F12,15,77,77,6031310,4750810
2020,정신건강의학과,F13,73,685,699,42198670,32999790
2020,정신건강의학과,F14,4,20,20,1043370,800470
2020,정신건강의학과,F15,39,209,209,13524370,10848770
2020,정신건강의학과,F16,27,127,127,6045530,4828630
2020,정신건강의학과,F17,69,274,271,11694860,9223060
2020,정신건강의학과,F18,11,56,78,4797160,3724510
2020,정신건강의학과,F19,126,848,848,44855520,34662420
2020,정신건강의학과,F20,34241,438837,583366,36934641340,30894676440
2020,정신건강의학과,F21,729,6631,6651,340265770,274721770
2020,정신건강의학과,F22,3336,28908,32770,1743473130,1398211270
2020,정신건강의학과,F23,2173,18753,19808,1069117910,854493350
2020,정신건강의학과,F24,14,104,104,8737430,6974730
2020,정신건강의학과,F25,4326,55321,69924,4270428060,3538155470
2020,정신건강의학과,F28,854,7257,8671,533309440,434861860
2020,정신건강의학과,F29,6026,57556,68853,3988695010,3227556050
2020,정신건강의학과,F30,853,6969,7570,413996790,325713930
2020,정신건강의학과,F31,51630,527269,545417,31963284230,25100071080
2020,정신건강의학과,F32,516061,4318868,4334372,2.43289E+11,1.92238E+11
2020,정신건강의학과,F33,50409,461793,470162,23239025910,18274933420
2020,정신건강의학과,F34,34478,272725,273710,11926631940,9495162790
2020,정신건강의학과,F38,4481,34912,35266,1548748580,1224976260
2020,정신건강의학과,F39,3503,24570,24993,1253198360,992452610
2020,정신건강의학과,F40,24375,150942,150954,7915929550,6275945500
2020,정신건강의학과,F41,362737,2684376,2689340,1.34958E+11,1.06656E+11
2020,정신건강의학과,F42,23794,214782,215297,12208761980,9639261510
2020,정신건강의학과,F43,93019,439680,440200,26102636620,20839068720
2020,정신건강의학과,F44,676,4904,4902,268819700,215193890
2020,정신건강의학과,F45,35035,231322,232311,10058960480,7966102770
2020,정신건강의학과,F48,7946,46568,46849,1983737820,1581312140
2020,정신건강의학과,F50,2190,14840,15066,985657180,784348500
2020,정신건강의학과,F51,132060,876940,877257,37871210340,30027456110
2020,정신건강의학과,F52,63,197,197,8795310,7000210
2020,정신건강의학과,F53,79,435,435,28684780,22641180
2020,정신건강의학과,F54,86,267,267,11692020,9554220
2020,정신건강의학과,F55,1,1,1,28940,23140
2020,정신건강의학과,F59,41,167,167,9968500,7949100
2020,정신건강의학과,F60,1444,10513,10782,646658020,521075600
2020,정신건강의학과,F61,9,36,36,1691690,1351290
2020,정신건강의학과,F62,22,163,163,6284450,4940450
2020,정신건강의학과,F63,3010,17097,18329,1206088750,948056470
2020,정신건강의학과,F64,655,2153,2153,134521260,104324010
2020,정신건강의학과,F65,223,1592,1644,103851330,82293730
2020,정신건강의학과,F66,28,176,176,12024100,9770400
2020,정신건강의학과,F68,165,582,582,38878070,31300170
2020,정신건강의학과,F69,21,88,88,6916520,5788820
2020,정신건강의학과,F70,4516,25469,28218,1610350410,1264982060
2020,정신건강의학과,F71,1983,12985,14524,771214480,600410570
2020,정신건강의학과,F72,869,6893,8829,470627910,364753670
2020,정신건강의학과,F73,198,1515,2078,129794700,106872350
2020,정신건강의학과,F78,427,2346,2429,154394250,119834370
2020,정신건강의학과,F79,852,4792,5185,321370150,249683200
2020,정신건강의학과,F80,3093,9181,9181,544248600,445337560
2020,정신건강의학과,F81,665,3715,3715,224902540,179113040
2020,정신건강의학과,F82,16,71,71,3401900,2726400
2020,정신건강의학과,F83,34,304,304,19959670,15456970
2020,정신건강의학과,F84,8868,77659,78627,4523699390,3554670540
2020,정신건강의학과,F88,38,192,1503,104347750,83195690
2020,정신건강의학과,F89,227,849,852,60557520,48369120
2020,정신건강의학과,F90,57948,521263,525698,33873315340,26458778540
2020,정신건강의학과,F91,1076,7113,8153,527069880,418715170
2020,정신건강의학과,F92,1189,7912,8266,473233360,377578360
2020,정신건강의학과,F93,4661,22239,22252,1537186490,1217079990
2020,정신건강의학과,F94,573,3240,3240,216580940,173137630
2020,정신건강의학과,F95,11314,85017,85064,5012116810,3909815580
2020,정신건강의학과,F98,1713,6352,6452,542137860,412355860
2020,정신건강의학과,F99,1251,2583,2620,180485650,141024170
2020,정신건강의학과,G04,1,1,1,16140,11340
2020,정신건강의학과,G05,3,3,3,53580,40580
2020,정신건강의학과,G10,1,1,1,48150,43350
2020,정신건강의학과,G11,7,45,45,2285990,1915890
2020,정신건강의학과,G12,3,31,31,4094380,3686280
2020,정신건강의학과,G20,473,2779,2779,207101800,180787600
2020,정신건강의학과,G21,410,2475,3187,197573980,164347250
2020,정신건강의학과,G22,3,44,44,2294900,1793600
2020,정신건강의학과,G23,6,33,33,1908460,1460860
2020,정신건강의학과,G24,34,98,98,3783820,3071380
2020,정신건강의학과,G25,1146,5672,5671,292018270,227080570
2020,정신건강의학과,G26,2,3,3,178240,133540
2020,정신건강의학과,G30,191,1127,1132,67592400,51696950
2020,정신건강의학과,G31,834,3482,3482,150972350,115973750
2020,정신건강의학과,G32,7,28,28,1928120,1460020
2020,정신건강의학과,G35,2,58,58,7478580,6733880
2020,정신건강의학과,G40,4461,41201,41545,1886483610,1462150480
2020,정신건강의학과,G41,81,757,757,46933230,38589130
2020,정신건강의학과,G43,2170,8089,8105,362927930,285494950
2020,정신건강의학과,G44,1866,5091,5091,221142450,170499510
2020,정신건강의학과,G45,36,57,57,3712240,2892940
2020,정신건강의학과,G46,4,11,11,571340,434540
2020,정신건강의학과,G47,4373,20874,20873,1229732700,973250880
2020,정신건강의학과,G50,103,317,317,7680530,6118730
2020,정신건강의학과,G51,75,282,282,5603560,4475260
2020,정신건강의학과,G52,2,10,10,617820,517620
2020,정신건강의학과,G53,38,132,132,4518450,3401250
2020,정신건강의학과,G54,3,3,3,60260,51560
2020,정신건강의학과,G55,1,2,2,58510,46810
2020,정신건강의학과,G56,60,149,149,5781280,4307680
2020,정신건강의학과,G57,38,172,172,17424580,12743280
2020,정신건강의학과,G58,17,59,59,2470740,1916240
2020,정신건강의학과,G59,12,37,37,546860,471760
2020,정신건강의학과,G61,1,11,11,677170,609970
2020,정신건강의학과,G62,9,52,52,1212510,996910
2020,정신건강의학과,G63,13,119,119,1811740,1590340
2020,정신건강의학과,G64,41,89,89,2265370,1790870
2020,정신건강의학과,G70,6,16,16,580120,485120
2020,정신건강의학과,G71,6,32,32,2549540,2287240
2020,정신건강의학과,G72,2,2,2,63510,50610
2020,정신건강의학과,G73,1,1,1,64330,50830
2020,정신건강의학과,G80,24,590,590,40515640,30529740
2020,정신건강의학과,G82,1,26,26,1842880,1366480
2020,정신건강의학과,G83,1,1,1,30500,24300
2020,정신건강의학과,G90,48,107,107,8285700,6539600
2020,정신건강의학과,G91,4,6,6,139240,104840
2020,정신건강의학과,G93,92,191,190,27336610,20197220
2020,정신건강의학과,G94,1,1,1,30500,24300
2020,정신건강의학과,G96,5,31,31,1739710,1378410
2020,정신건강의학과,G98,1,1,1,44830,37130
2020,정신건강의학과,G99,2,3,3,136900,107400
2020,정신건강의학과,H00,20,25,25,278500,203200
2020,정신건강의학과,H01,27,33,33,849660,667660
2020,정신건강의학과,H02,2,3,3,47180,37580
2020,정신건강의학과,H04,92,175,175,1936520,1432920
2020,정신건강의학과,H10,74,109,109,946640,688840
2020,정신건강의학과,H11,17,37,37,973450,813750
2020,정신건강의학과,H16,9,13,13,176250,140150
2020,정신건강의학과,H18,1,4,4,0,0
2020,정신건강의학과,H19,3,3,3,48420,34020
2020,정신건강의학과,H25,13,18,18,284390,230990
2020,정신건강의학과,H26,3,15,15,16140,14540
2020,정신건강의학과,H34,1,2,2,96360,73360
2020,정신건강의학과,H35,9,47,47,2336570,2084770
2020,정신건강의학과,H36,6,7,7,16140,14540
2020,정신건강의학과,H40,15,27,27,327860,262360
2020,정신건강의학과,H43,1,1,1,16140,11340
2020,정신건강의학과,H49,1,7,7,83300,72800
2020,정신건강의학과,H50,1,2,2,33310,32410
2020,정신건강의학과,H51,2,2,2,91960,70260
2020,정신건강의학과,H53,2,4,4,50760,35760
2020,정신건강의학과,H54,2,3,3,47180,40780
2020,정신건강의학과,H60,10,23,23,118920,86220
2020,정신건강의학과,H61,1,2,2,31680,26180
2020,정신건강의학과,H62,1,1,1,11540,8140
2020,정신건강의학과,H65,10,13,13,127650,99350
2020,정신건강의학과,H66,1,1,1,20140,14140
2020,정신건강의학과,H81,488,1339,1338,40916320,32286320
2020,정신건강의학과,H82,2,2,2,47910,39710
2020,정신건강의학과,H90,1,1,1,75310,62110
2020,정신건강의학과,H91,2,2,2,60970,48470
2020,정신건강의학과,H93,290,979,979,48046600,37781400
2020,정신건강의학과,I00,1,9,9,106380,92880
2020,정신건강의학과,I10,1981,11520,11785,226409580,177244000
2020,정신건강의학과,I11,14,66,66,791470,605070
2020,정신건강의학과,I12,4,13,13,188800,160400
2020,정신건강의학과,I13,10,91,91,1515330,1206630
2020,정신건강의학과,I15,18,104,104,1462860,1247660
2020,정신건강의학과,I20,22,77,77,1922290,1453190
2020,정신건강의학과,I21,2,22,22,523030,422330
2020,정신건강의학과,I23,1,14,14,0,0
2020,정신건강의학과,I24,1,22,22,14400,11000
2020,정신건강의학과,I25,6,16,16,512320,402320
2020,정신건강의학과,I26,1,2,0,499720,449750
2020,정신건강의학과,I41,1,17,17,881880,736280
2020,정신건강의학과,I42,2,8,8,357640,319740
2020,정신건강의학과,I47,42,125,125,9700900,7937400
2020,정신건강의학과,I48,7,12,12,344810,254410
2020,정신건강의학과,I49,42,145,145,4413800,3482100
2020,정신건강의학과,I50,6,19,19,519040,488440
2020,정신건강의학과,I60,3,15,15,1859530,1328230
2020,정신건강의학과,I61,8,33,33,772080,599780
2020,정신건강의학과,I62,1,1,1,95850,67150
2020,정신건강의학과,I63,229,1270,1266,31136570,24839690
2020,정신건강의학과,I64,114,1075,1075,15241560,13006860
2020,정신건강의학과,I65,7,56,56,756320,624820
2020,정신건강의학과,I66,5,18,18,535550,422450
2020,정신건강의학과,I67,75,256,256,12344650,9928150
2020,정신건강의학과,I68,1,10,10,136200,118700
2020,정신건강의학과,I69,35,110,110,4572020,3444020
2020,정신건강의학과,I70,8,33,33,1961550,1488250
2020,정신건강의학과,I73,274,859,859,21248630,16689630
2020,정신건강의학과,I74,1,10,10,31300,22300
2020,정신건강의학과,I79,1,2,2,70730,58230
2020,정신건강의학과,I80,2,15,15,131050,111550
2020,정신건강의학과,I82,1,3,3,82660,66860
2020,정신건강의학과,I83,10,30,30,538830,405530
2020,정신건강의학과,I86,20,47,47,986690,759790
2020,정신건강의학과,I87,24,32,32,413390,343990
2020,정신건강의학과,I89,1,1,1,4810,3410
2020,정신건강의학과,I95,11,12,12,319710,254510
2020,정신건강의학과,I99,7,33,33,1367860,1064360
2020,정신건강의학과,J00,505,1144,1143,17782000,13840280
2020,정신건강의학과,J01,25,43,43,456480,351280
2020,정신건강의학과,J02,81,216,216,3120660,2356160
2020,정신건강의학과,J03,182,386,386,6567830,4988730
2020,정신건강의학과,J04,424,662,662,10197950,7634850
2020,정신건강의학과,J06,220,408,408,6668790,5346790
2020,정신건강의학과,J10,4,7,7,82880,58280
2020,정신건강의학과,J11,5,18,18,1153780,997280
2020,정신건강의학과,J15,2,2,2,49200,37700
2020,정신건강의학과,J20,238,473,473,8235600,6466800
2020,정신건강의학과,J21,13,66,66,780350,653850
2020,정신건강의학과,J22,17,39,39,531870,428970
2020,정신건강의학과,J30,330,752,752,10694270,7964870
2020,정신건강의학과,J31,16,36,36,639550,476050
2020,정신건강의학과,J32,12,29,29,467680,365380
2020,정신건강의학과,J35,4,7,7,41740,29340
2020,정신건강의학과,J36,5,6,6,49520,37720
2020,정신건강의학과,J38,2,4,4,121390,98190
2020,정신건강의학과,J39,4,4,4,51820,36420
2020,정신건강의학과,J40,271,600,600,8904050,7354150
2020,정신건강의학과,J41,4,12,12,28220,21920
2020,정신건강의학과,J42,10,31,31,252080,202480
2020,정신건강의학과,J43,1,18,18,1861900,1304100
2020,정신건강의학과,J44,4,29,29,350440,299140
2020,정신건강의학과,J45,52,197,197,2066400,1589800
2020,정신건강의학과,J46,11,54,54,2651800,1890900
2020,정신건강의학과,J47,2,3,3,0,0
2020,정신건강의학과,J98,1,1,1,0,0
2020,정신건강의학과,K02,1,1,1,22080,17680
2020,정신건강의학과,K05,6,21,21,152730,121730
2020,정신건강의학과,K07,4,14,14,232440,202240
2020,정신건강의학과,K08,3,7,7,251140,193240
2020,정신건강의학과,K11,1,1,1,8410,6910
2020,정신건강의학과,K12,8,16,16,211910,166210
2020,정신건강의학과,K13,2,3,3,57870,49570
2020,정신건강의학과,K20,6,22,22,889440,717940
2020,정신건강의학과,K21,304,745,745,33740460,26172260
2020,정신건강의학과,K22,2,2,2,86190,66190
2020,정신건강의학과,K25,65,143,143,3319050,2564850
2020,정신건강의학과,K26,3,10,10,336010,261710
2020,정신건강의학과,K27,28,141,141,6848190,5283790
2020,정신건강의학과,K29,958,2951,2981,156612340,123301630
2020,정신건강의학과,K30,986,4622,4622,319515470,254474170
2020,정신건강의학과,K31,3,13,13,427110,333910
2020,정신건강의학과,K41,1,2,2,87850,70250
2020,정신건강의학과,K50,3,32,32,1949970,1687470
2020,정신건강의학과,K51,4,17,17,641240,575240
2020,정신건강의학과,K52,6,8,8,411670,310370
2020,정신건강의학과,K58,228,459,459,13597480,10564910
2020,정신건강의학과,K59,319,1095,1130,47713540,38271210
2020,정신건강의학과,K60,1,1,1,0,0
2020,정신건강의학과,K61,1,1,1,16000,11200
2020,정신건강의학과,K63,1,1,1,13570,12070
2020,정신건강의학과,K64,11,14,14,151350,113950
2020,정신건강의학과,K70,11,35,35,1807860,1328660
2020,정신건강의학과,K71,3,3,3,195620,145620
2020,정신건강의학과,K73,232,347,347,4959720,3512820
2020,정신건강의학과,K74,7,17,30,2281220,1811270
2020,정신건강의학과,K75,12,30,30,1230020,952720
2020,정신건강의학과,K76,39,80,80,4805740,3648940
2020,정신건강의학과,K80,7,16,16,550790,422790
2020,정신건강의학과,K82,1,6,6,127100,89300
2020,정신건강의학과,K85,1,4,4,29620,20820
2020,정신건강의학과,K91,1,1,1,25170,20470
2020,정신건강의학과,K92,3,3,3,173420,140620
2020,정신건강의학과,L01,7,14,14,172130,126730
2020,정신건강의학과,L02,25,41,41,370680,273080
2020,정신건강의학과,L03,48,81,81,860980,642180
2020,정신건강의학과,L04,1,1,1,11540,8140
2020,정신건강의학과,L08,9,16,16,204190,153890
2020,정신건강의학과,L13,8,8,8,88200,62200
2020,정신건강의학과,L20,55,140,140,2325370,1809770
2020,정신건강의학과,L21,67,134,134,1896570,1473570
2020,정신건강의학과,L22,1,1,1,17070,13570
2020,정신건강의학과,L23,247,363,363,5415680,4158980
2020,정신건강의학과,L24,13,41,41,3315470,2639170
2020,정신건강의학과,L25,24,44,44,945080,749580
2020,정신건강의학과,L27,1,3,3,43820,30820
2020,정신건강의학과,L28,17,44,42,548360,450060
2020,정신건강의학과,L29,62,102,102,2020250,1579650
2020,정신건강의학과,L30,67,106,106,1646850,1210550
2020,정신건강의학과,L40,14,30,30,415060,319560
2020,정신건강의학과,L50,183,307,307,4932970,3717270
2020,정신건강의학과,L55,1,1,1,16140,11340
2020,정신건강의학과,L56,1,1,1,17070,13570
2020,정신건강의학과,L60,1,1,1,69920,49020
2020,정신건강의학과,L63,9,18,18,406230,307030
2020,정신건강의학과,L64,16,48,48,849930,626030
2020,정신건강의학과,L65,6,11,11,379010,304310
2020,정신건강의학과,L66,3,6,6,126860,92160
2020,정신건강의학과,L70,62,114,114,1855640,1316840
2020,정신건강의학과,L71,21,27,27,468180,342380
2020,정신건강의학과,L73,5,7,7,135340,96840
2020,정신건강의학과,L80,1,1,1,1110,810
2020,정신건강의학과,L81,8,26,26,1166150,945150
2020,정신건강의학과,L84,25,27,27,1126640,795240
2020,정신건강의학과,L85,18,27,27,366220,272920
2020,정신건강의학과,L86,1,1,1,11540,8140
2020,정신건강의학과,L89,1,99,99,11081910,7763310
2020,정신건강의학과,L98,2,4,4,157650,125750
2020,정신건강의학과,M00,1,6,6,72460,56160
2020,정신건강의학과,M01,1,2,2,45500,31900
2020,정신건강의학과,M02,4,17,17,454570,360470
2020,정신건강의학과,M05,8,72,72,2338980,2106180
2020,정신건강의학과,M06,12,30,30,425070,323070
2020,정신건강의학과,M08,2,19,19,753200,665600
2020,정신건강의학과,M10,52,123,123,1842330,1392830
2020,정신건강의학과,M12,5,11,11,306800,253000
2020,정신건강의학과,M13,284,1184,1184,19749080,16645180
2020,정신건강의학과,M14,1,1,1,14060,9860
2020,정신건강의학과,M15,75,322,322,4307470,3650870
2020,정신건강의학과,M16,8,16,16,763560,549560
2020,정신건강의학과,M17,542,2417,2415,54724240,42570120
2020,정신건강의학과,M19,744,4432,4431,97779240,80450140
2020,정신건강의학과,M21,1,1,1,16140,11340
2020,정신건강의학과,M23,2,2,2,0,0
2020,정신건강의학과,M24,13,64,64,3565400,2966400
2020,정신건강의학과,M25,102,222,221,3389460,2728860
2020,정신건강의학과,M32,4,41,41,4895060,4407160
2020,정신건강의학과,M34,1,12,12,364380,328380
2020,정신건강의학과,M35,17,129,129,7046110,6167210
2020,정신건강의학과,M43,4,14,14,204080,173580
2020,정신건강의학과,M45,8,37,37,2214400,1989900
2020,정신건강의학과,M46,3,4,4,66870,52770
2020,정신건강의학과,M47,378,1979,1978,30702050,24788110
2020,정신건강의학과,M48,292,1225,1225,41785070,31269870
2020,정신건강의학과,M49,4,14,14,352970,275470
2020,정신건강의학과,M50,46,207,207,2782720,2170720
2020,정신건강의학과,M51,246,1771,1771,22884800,18521700
2020,정신건강의학과,M53,8,25,25,817320,588220
2020,정신건강의학과,M54,1706,6184,6184,153265520,118025380
2020,정신건강의학과,M60,2,4,4,16530,11730
2020,정신건강의학과,M62,498,1207,1207,31140430,23418030
2020,정신건강의학과,M65,6,21,21,599290,426190
2020,정신건강의학과,M67,1,2,2,0,0
2020,정신건강의학과,M72,18,20,20,368220,280220
2020,정신건강의학과,M75,534,1745,1745,46634210,34904810
2020,정신건강의학과,M77,16,34,34,1177460,832760
2020,정신건강의학과,M79,283,1058,1058,29916180,23778480
2020,정신건강의학과,M80,2,9,9,92320,80320
2020,정신건강의학과,M81,55,173,173,3314610,2688510
2020,정신건강의학과,M85,1,4,4,165960,139360
2020,정신건강의학과,M86,1,3,3,24220,19720
2020,정신건강의학과,M89,17,117,117,5612870,4704770
2020,정신건강의학과,M99,1,1,1,16140,14540
2020,정신건강의학과,N00,8,54,54,1964050,1605750
2020,정신건강의학과,N01,1,17,17,440810,386810
2020,정신건강의학과,N03,1,1,1,61700,49000
2020,정신건강의학과,N10,3,4,4,29730,22830
2020,정신건강의학과,N11,1,1,1,16140,11340
2020,정신건강의학과,N12,2,3,3,37140,26140
2020,정신건강의학과,N18,54,508,508,32286140,29040640
2020,정신건강의학과,N20,2,4,2,52420,41520
2020,정신건강의학과,N25,1,13,13,2446890,2446890
2020,정신건강의학과,N30,73,151,151,3931290,2948890
2020,정신건강의학과,N31,50,332,332,26296220,18772620
2020,정신건강의학과,N32,4,27,27,260140,224540
2020,정신건강의학과,N34,7,21,21,441380,348680
2020,정신건강의학과,N39,18,41,41,925170,717270
2020,정신건강의학과,N40,131,431,431,6767390,5341590
2020,정신건강의학과,N41,7,13,12,196890,162120
2020,정신건강의학과,N42,4,7,7,110750,83950
2020,정신건강의학과,N48,7,16,16,953460,729260
2020,정신건강의학과,N49,1,1,1,16140,14540
2020,정신건강의학과,N50,4,6,6,171280,149680
2020,정신건강의학과,N51,2,2,2,53140,42440
2020,정신건강의학과,N76,5,8,8,90860,63860
2020,정신건강의학과,N80,2,4,4,63040,47240
2020,정신건강의학과,N82,1,4,4,358720,251120
2020,정신건강의학과,N83,1,3,3,288810,223210
2020,정신건강의학과,N92,2,5,5,127180,95080
2020,정신건강의학과,N94,171,553,553,36920030,28939030
2020,정신건강의학과,N95,69,299,299,10426160,8013960
2020,정신건강의학과,O21,2,2,2,27680,19480
2020,정신건강의학과,O99,1,1,1,11540,8140
2020,정신건강의학과,P07,1,1,1,122330,109030
2020,정신건강의학과,Q03,1,3,3,265640,239240
2020,정신건강의학과,Q05,2,31,31,1521480,1371280
2020,정신건강의학과,Q13,1,1,1,57690,49690
2020,정신건강의학과,Q20,1,4,4,158780,117080
2020,정신건강의학과,Q67,1,19,19,593720,535620
2020,정신건강의학과,Q85,7,33,33,1452520,1309220
2020,정신건강의학과,Q87,13,81,81,6000450,5498050
2020,정신건강의학과,Q90,27,95,95,4643330,4057230
2020,정신건강의학과,Q93,3,12,12,1266800,1128900
2020,정신건강의학과,Q96,5,59,59,4405430,3968930
2020,정신건강의학과,Q98,1,3,3,293770,261370
2020,정신건강의학과,Q99,1,3,3,378400,340700
2020,정신건강의학과,R00,476,1575,1575,104902090,82371190
2020,정신건강의학과,R04,1,1,1,16140,14540
2020,정신건강의학과,R05,14,17,17,228230,171230
2020,정신건강의학과,R06,18,74,73,5452960,4318360
2020,정신건강의학과,R07,8,11,10,205750,157450
2020,정신건강의학과,R09,3,6,6,60250,47050
2020,정신건강의학과,R10,18,54,54,2676170,1989470
2020,정신건강의학과,R11,209,1100,1100,78070950,60409950
2020,정신건강의학과,R12,35,103,103,6762360,5254460
2020,정신건강의학과,R13,1,14,14,397880,319480
2020,정신건강의학과,R15,2,4,4,696650,576950
2020,정신건강의학과,R19,2,3,3,51180,42380
2020,정신건강의학과,R20,13,14,14,251910,200610
2020,정신건강의학과,R21,2,4,4,55150,38750
2020,정신건강의학과,R22,2,3,3,47180,37580
2020,정신건강의학과,R23,5,37,37,1679400,1306800
2020,정신건강의학과,R25,155,359,359,19880990,15717690
2020,정신건강의학과,R26,3,5,5,119990,109590
2020,정신건강의학과,R27,3,3,3,77140,63140
2020,정신건강의학과,R29,3,4,4,63320,52120
2020,정신건강의학과,R30,6,47,136,6542920,4878800
2020,정신건강의학과,R31,1,2,2,31040,29440
2020,정신건강의학과,R32,2,24,24,721890,569890
2020,정신건강의학과,R33,1,2,2,31040,26240
2020,정신건강의학과,R35,7,9,9,905650,686250
2020,정신건강의학과,R39,2,3,3,47180,40780
2020,정신건강의학과,R40,18,38,38,3215190,2589790
2020,정신건강의학과,R41,311,871,871,58301700,44339560
2020,정신건강의학과,R42,627,2057,2054,76419630,61050270
2020,정신건강의학과,R43,2,2,2,27680,24580
2020,정신건강의학과,R44,13,61,61,2477130,1977230
2020,정신건강의학과,R45,335,453,453,31062570,23408490
2020,정신건강의학과,R46,359,676,676,67539160,52844530
2020,정신건강의학과,R47,940,5142,5142,190821420,158832660
2020,정신건강의학과,R48,13,46,46,3767020,2844220
2020,정신건강의학과,R49,1,1,1,64410,52910
2020,정신건강의학과,R50,1,1,1,16140,11340
2020,정신건강의학과,R51,351,672,672,34650550,27325750
2020,정신건강의학과,R52,34,73,73,3302820,2588920
2020,정신건강의학과,R53,28,42,42,1345100,1042800
2020,정신건강의학과,R55,10,14,14,791170,627570
2020,정신건강의학과,R56,31,109,109,4726790,3760990
2020,정신건강의학과,R60,37,88,88,2070390,1626490
2020,정신건강의학과,R61,6,7,7,115740,87740
2020,정신건강의학과,R62,1155,4317,4317,181686040,152910880
2020,정신건강의학과,R63,68,146,146,4224370,3204670
2020,정신건강의학과,R73,8,9,9,157100,121700
2020,정신건강의학과,R76,1,1,1,0,0
2020,정신건강의학과,R81,12,14,14,257850,195550
2020,정신건강의학과,R82,1,1,1,20140,14140
2020,정신건강의학과,R84,1,1,1,16140,11340
2020,정신건강의학과,R91,1,1,0,19740,15800
2020,정신건강의학과,R94,3,4,4,163600,114700
2020,정신건강의학과,S00,3,3,3,52370,39970
2020,정신건강의학과,S02,1,2,1,26210,18410
2020,정신건강의학과,S03,1,1,1,16140,11340
2020,정신건강의학과,S04,6,25,25,2337000,1637100
2020,정신건강의학과,S06,7,86,86,7364910,5269510
2020,정신건강의학과,S09,1,1,1,44840,37140
2020,정신건강의학과,S13,81,225,225,3233420,2433820
2020,정신건강의학과,S14,1,10,10,739800,729800
2020,정신건강의학과,S20,2,2,2,29710,26610
2020,정신건강의학과,S22,3,55,202,16549650,11521200
2020,정신건강의학과,S23,4,8,8,156870,125770
2020,정신건강의학과,S30,7,9,9,220050,165750
2020,정신건강의학과,S33,132,499,499,12092640,8972140
2020,정신건강의학과,S34,1,3,3,171230,120030
2020,정신건강의학과,S40,8,16,16,471580,337880
2020,정신건강의학과,S43,11,15,15,258060,202760
2020,정신건강의학과,S44,4,20,20,848120,594720
2020,정신건강의학과,S46,2,3,3,37140,26140
2020,정신건강의학과,S50,2,3,3,92340,64740
2020,정신건강의학과,S53,3,6,6,55360,42160
2020,정신건강의학과,S60,2,4,4,148020,113220
2020,정신건강의학과,S61,2,2,2,51780,38380
2020,정신건강의학과,S63,4,15,15,478150,335150
2020,정신건강의학과,S66,1,1,1,11540,8140
2020,정신건강의학과,S69,2,2,2,19270,13570
2020,정신건강의학과,S70,3,7,7,220950,159850
2020,정신건강의학과,S73,2,2,2,32280,25880
2020,정신건강의학과,S80,3,4,4,134610,94410
2020,정신건강의학과,S83,3,5,5,144510,101410
2020,정신건강의학과,S84,1,2,2,66210,46410
2020,정신건강의학과,S86,1,2,2,98020,68720
2020,정신건강의학과,S90,3,4,4,87010,64210
2020,정신건강의학과,S93,22,71,100,1037440,807130
2020,정신건강의학과,S96,1,2,2,61450,45950
2020,정신건강의학과,S99,2,4,4,25030,17530
2020,정신건강의학과,T09,2,35,35,3682970,2586170
2020,정신건강의학과,T14,6,9,9,174740,136940
2020,정신건강의학과,T20,1,1,1,21070,20070
2020,정신건강의학과,T21,1,1,1,0,0
2020,정신건강의학과,T22,2,2,2,36110,25310
2020,정신건강의학과,T23,2,2,2,16140,11340
2020,정신건강의학과,T27,1,2,2,31040,26240
2020,정신건강의학과,T30,1,2,2,23080,16280
2020,정신건강의학과,T40,5,10,10,590660,457060
2020,정신건강의학과,T43,4,15,15,929020,713120
2020,정신건강의학과,T46,1,1,1,44830,37130
2020,정신건강의학과,T48,1,1,1,0,0
2020,정신건강의학과,T50,1,5,5,343060,257660
2020,정신건강의학과,T51,2,13,13,767410,579110
2020,정신건강의학과,T65,5,19,19,1238580,955170
2020,정신건강의학과,T70,1,1,1,0,0
2020,정신건강의학과,T73,2,15,15,1067780,891280
2020,정신건강의학과,T74,2,2,2,127460,115160
2020,정신건강의학과,T75,1,1,1,16140,11340
2020,정신건강의학과,T78,3,8,8,292470,234570
2020,정신건강의학과,T79,1,1,1,16140,11340
2020,정신건강의학과,T88,1,1,1,0,0
2020,정신건강의학과,T95,1,1,1,18010,12610
2020,정신건강의학과,Z00,5625,8823,8863,1005313360,779295190
2020,정신건강의학과,Z01,4,12,12,476530,374930
2020,정신건강의학과,Z02,107,126,126,1319650,1047650
2020,정신건강의학과,Z03,2127,3398,3398,233835300,183582600
2020,정신건강의학과,Z04,753,1216,1216,91485130,75632930
2020,정신건강의학과,Z09,1,1,1,11540,8140
2020,정신건강의학과,Z10,3,4,4,0,0
2020,정신건강의학과,Z13,116,222,222,20098590,14552130
2020,정신건강의학과,Z25,3,28,28,705920,570920
2020,정신건강의학과,Z26,3,4,4,0,0
2020,정신건강의학과,Z29,28,30,30,455880,385680
2020,정신건강의학과,Z41,33,46,46,1837370,1488270
2020,정신건강의학과,Z50,124,280,280,18833600,14138570
2020,정신건강의학과,Z51,21,33,33,3046440,2427140
2020,정신건강의학과,Z54,4,4,4,104450,79050
2020,정신건강의학과,Z55,21,32,32,2411040,1790560
2020,정신건강의학과,Z56,69,110,110,5463680,4501380
2020,정신건강의학과,Z59,1,1,1,30500,24300
2020,정신건강의학과,Z60,120,844,844,61991670,53455170
2020,정신건강의학과,Z61,12,313,313,23491180,19749710
2020,정신건강의학과,Z62,809,2357,2357,164628800,134505550
2020,정신건강의학과,Z63,1012,3856,3856,209415780,175447000
2020,정신건강의학과,Z64,1,1,1,44830,37130
2020,정신건강의학과,Z65,551,987,987,80148350,64093400
2020,정신건강의학과,Z70,17,52,52,3256250,2608050
2020,정신건강의학과,Z71,49430,94971,95136,6773553740,5519020720
2020,정신건강의학과,Z72,26,59,59,4212790,3197950
2020,정신건강의학과,Z73,269,611,611,43588140,36618270
2020,정신건강의학과,Z74,3,4,4,286360,251460
2020,정신건강의학과,Z75,12,13,13,447770,344970
2020,정신건강의학과,Z76,10,14,14,528530,427930
2020,정신건강의학과,Z81,24,95,95,7179560,6200460
2020,정신건강의학과,Z86,5,18,18,546980,444680
2020,정신건강의학과,Z88,1,2,2,31040,29440
2020,정신건강의학과,Z91,9,31,44,4546080,3648770
2020,정신건강의학과,Z94,2,20,20,835580,656080
2020,정신건강의학과,Z99,1,1,1,324310,229910
2020,외과,A03,7,8,8,101100,85900
2020,외과,A04,5460,7882,8507,239019950,178694850
2020,외과,A05,288,387,413,10563940,7921500
2020,외과,A06,327,626,631,15550970,12087110
2020,외과,A07,4,6,6,424620,303120
2020,외과,A08,1648,2469,2575,105602750,77376740
2020,외과,A09,21313,34847,36095,1112094240,822689790
2020,외과,A15,19,133,133,4019020,3519020
2020,외과,A16,25,95,111,5376460,4284110
2020,외과,A18,26,254,255,7489390,6835170
2020,외과,A19,1,3,3,125610,125610
2020,외과,A26,3,15,15,285030,200130
2020,외과,A28,13,19,19,657550,457610
2020,외과,A31,14,172,172,2544990,1805290
2020,외과,A35,2,2,2,87220,61220
2020,외과,A40,10,16,16,881620,622420
2020,외과,A41,4,8,40,5850530,4872520
2020,외과,A46,9,22,22,556020,431620
2020,외과,A48,5,23,60,4925880,3756620
2020,외과,A49,35,64,68,4752490,3350700
2020,외과,A51,136,398,418,23815220,17178550
2020,외과,A53,10,14,14,293230,207830
2020,외과,A54,6,10,10,180610,127010
2020,외과,A56,23,40,40,1060790,751390
2020,외과,A57,2,5,5,104660,73460
2020,외과,A58,2,8,8,435940,317940
2020,외과,A59,54,61,61,7703260,5326920
2020,외과,A60,1261,1963,1963,54582830,39334030
2020,외과,A63,1463,5283,5566,374699790,265008000
2020,외과,A64,9,16,16,1822250,1280850
2020,외과,A66,12,15,15,242880,197180
2020,외과,A67,1,1,1,16140,11340
2020,외과,A69,113,199,199,3027500,2325000
2020,외과,A74,2,2,2,27680,19480
2020,외과,A75,42,105,140,5502720,4228920
2020,외과,A77,4,5,5,206300,147900
2020,외과,A79,3,4,4,55240,40740
2020,외과,A80,1,1,1,18150,12750
2020,외과,A87,1,1,1,16140,11340
2020,외과,A99,1,1,1,13620,9620
2020,외과,B00,8733,13007,13009,221387330,167025630
2020,외과,B01,30,70,70,990090,700490
2020,외과,B02,12508,33231,35256,737022500,564821530
2020,외과,B07,2941,7267,7281,281429540,199435590
2020,외과,B08,279,366,366,13515840,9672390
2020,외과,B09,11,13,13,211520,148620
2020,외과,B15,8,16,25,1769260,1314970
2020,외과,B16,15,59,59,1276710,965210
2020,외과,B17,180,295,302,14818920,10486560
2020,외과,B18,1583,4407,4404,292475740,206421490
2020,외과,B19,53,116,117,3123800,2221130
2020,외과,B26,23,32,32,574370,420370
2020,외과,B30,57,89,89,1447820,1058320
2020,외과,B33,2,2,2,27680,24580
2020,외과,B34,7,10,10,155620,116120
2020,외과,B35,33893,75505,75505,1138428170,870745720
2020,외과,B36,770,1239,1239,20323510,15375980
2020,외과,B37,810,1459,1459,71165120,50598860
2020,외과,B43,41,62,62,1682140,1208440
2020,외과,B46,1,1,1,14060,9860
2020,외과,B47,11,13,13,352430,247330
2020,외과,B48,132,427,427,6670590,5213490
2020,외과,B49,32,50,50,908990,671990
2020,외과,B50,1,1,1,20140,14140
2020,외과,B54,12,22,22,277060,221860
2020,외과,B60,1,1,1,11540,8140
2020,외과,B66,75,113,113,2023430,1476080
2020,외과,B68,3,6,6,196680,125530
2020,외과,B69,1,1,1,11540,10040
2020,외과,B70,2,8,8,496240,369540
2020,외과,B71,1,2,2,65580,45980
2020,외과,B75,2,2,2,51460,36060
2020,외과,B76,3,3,3,39220,34620
2020,외과,B77,1,1,1,16140,14540
2020,외과,B79,2,2,2,33070,23270
2020,외과,B80,13,13,13,374580,283180
2020,외과,B82,5,5,5,139080,99580
2020,외과,B83,7,7,7,144000,110800
2020,외과,B85,72,74,74,1217590,913890
2020,외과,B86,127,165,165,2458730,1904730
2020,외과,B88,64,98,108,3973100,2838470
2020,외과,B89,13,14,14,287680,211380
2020,외과,B90,9,18,18,718370,524070
2020,외과,B91,1,16,16,207910,146410
2020,외과,B96,1,1,1,11540,8140
2020,외과,B97,33,54,54,3980680,2785400
2020,외과,B98,212,286,286,6884070,4879260
2020,외과,B99,2,2,2,34140,27140
2020,외과,C01,1,4,4,82680,78580
2020,외과,C02,11,81,94,3612170,3366430
2020,외과,C03,3,3,3,478380,390480
2020,외과,C05,2,3,3,115990,110290
2020,외과,C06,6,21,21,440390,415490
2020,외과,C07,9,46,46,2057710,1889750
2020,외과,C08,10,49,49,1194180,1127880
2020,외과,C09,10,51,51,2068690,1925090
2020,외과,C10,5,12,12,444590,418090
2020,외과,C11,10,70,70,1454340,1355440
2020,외과,C13,7,88,88,3242120,3042320
2020,외과,C14,1,10,10,138190,138190
2020,외과,C15,58,180,185,5169310,4772050
2020,외과,C16,704,2741,2990,120732210,109377800
2020,외과,C17,22,65,93,9321820,8093360
2020,외과,C18,926,3453,3810,243278320,215200990
2020,외과,C19,138,528,558,30654530,26601100
2020,외과,C20,1004,2957,3240,214997540,184443530
2020,외과,C21,76,157,165,8113470,6442920
2020,외과,C22,330,1730,1922,76013240,68267310
2020,외과,C23,56,322,356,20682450,18097260
2020,외과,C24,115,887,982,24717340,22950690
2020,외과,C25,186,823,922,29667610,27332600
2020,외과,C26,6,15,15,386210,367610
2020,외과,C30,4,7,7,197430,179330
2020,외과,C31,1,19,19,342190,325090
2020,외과,C32,17,127,132,5005990,4595020
2020,외과,C34,454,2443,2560,81332280,73287410
2020,외과,C37,12,88,88,1847860,1741430
2020,외과,C38,6,13,15,1677000,1586210
2020,외과,C39,6,12,12,233830,206330
2020,외과,C40,2,15,15,437980,404730
2020,외과,C41,14,77,76,1964930,1761040
2020,외과,C43,39,169,171,6010090,5454450
2020,외과,C44,191,1187,1197,49686260,43127400
2020,외과,C45,2,3,3,67230,52830
2020,외과,C46,14,30,50,2481320,2277920
2020,외과,C47,3,3,3,102910,78810
2020,외과,C48,15,199,213,6288190,5595300
2020,외과,C49,62,274,275,23046280,21006790
2020,외과,C50,15570,38459,39767,5192437450,4358410850
2020,외과,C51,2,11,11,207940,189440
2020,외과,C52,3,3,3,61100,57200
2020,외과,C53,60,301,338,12678270,11926590
2020,외과,C54,50,181,217,12209060,10844580
2020,외과,C55,7,85,85,1580480,1455730
2020,외과,C56,94,742,768,21215140,19725660
2020,외과,C57,13,42,42,952840,814740
2020,외과,C58,1,20,20,357750,340850
2020,외과,C61,309,1487,1519,48591300,45405570
2020,외과,C63,2,2,2,38750,30450
2020,외과,C64,79,341,386,13352170,11678580
2020,외과,C65,12,31,37,1335840,1213410
2020,외과,C66,8,112,126,3617730,3120600
2020,외과,C67,100,523,524,19169510,18027450
2020,외과,C68,6,12,11,201190,182490
2020,외과,C70,2,4,4,40650,36850
2020,외과,C71,40,322,322,8701150,7881380
2020,외과,C72,8,18,18,1152340,980020
2020,외과,C73,15073,41639,42007,3793624240,3155692110
2020,외과,C74,5,83,83,1422410,1301690
2020,외과,C75,13,40,50,10851080,10018650
2020,외과,C76,13,75,81,4592140,3931890
2020,외과,C77,103,434,449,42074680,37064340
2020,외과,C78,32,149,204,8766810,8058820
2020,외과,C79,16,85,85,3908950,3533010
2020,외과,C80,16,40,41,2559230,2327590
2020,외과,C81,11,88,93,2658450,2356730
2020,외과,C82,15,40,45,2175740,1748470
2020,외과,C83,45,189,195,6092120,5704560
2020,외과,C84,10,55,55,1689330,1604330
2020,외과,C85,61,307,505,25709810,21557070
2020,외과,C86,2,8,8,153280,145680
2020,외과,C88,19,97,96,2729130,2524720
2020,외과,C90,45,121,121,7621000,6988600
2020,외과,C91,23,96,96,3558740,3336090
2020,외과,C92,45,267,267,8235590,6985890
2020,외과,C93,1,1,1,97270,92470
2020,외과,C94,11,17,17,931540,807340
2020,외과,C95,12,25,25,870560,817460
2020,외과,C96,6,14,44,2897950,2393940
2020,외과,C97,1,4,4,47070,44970
2020,외과,D00,23,77,77,5134210,4804910
2020,외과,D01,195,507,543,53752240,48791830
2020,외과,D02,2,2,2,63410,47710
2020,외과,D03,63,188,188,20666430,15375230
2020,외과,D04,23,128,135,6173180,5396030
2020,외과,D05,2841,6280,6690,979514610,811917660
2020,외과,D06,56,403,408,16356540,15105610
2020,외과,D07,10,25,25,1343440,1220240
2020,외과,D09,9,22,26,1448360,1267840
2020,외과,D10,71,156,156,8840020,6441660
2020,외과,D11,147,259,266,18572440,13657070
2020,외과,D12,23320,32550,33204,9624732330,6839863200
2020,외과,D13,549,739,798,122073460,89568530
2020,외과,D14,56,102,103,7372590,5324390
2020,외과,D15,9,12,24,1564730,1119900
2020,외과,D16,84,154,164,8291190,5926570
2020,외과,D17,21264,74987,75696,5852627050,4154644660
2020,외과,D18,1014,2656,2679,211623930,148865610
2020,외과,D19,11,64,68,3083840,2214220
2020,외과,D20,3,4,4,290570,203570
2020,외과,D21,15424,59632,60072,3750060140,2672014070
2020,외과,D22,243,427,427,24006170,17099760
2020,외과,D23,30291,105766,105987,6321051700,4488062860
2020,외과,D24,84522,141884,143695,9782593860,6970378910
2020,외과,D25,1781,2745,2774,342513410,236738390
2020,외과,D26,14,16,16,1034360,724760
2020,외과,D27,192,272,274,24975560,16817430
2020,외과,D28,24,56,56,5096420,3502440
2020,외과,D29,58,170,169,10192180,7273510
2020,외과,D30,167,214,220,21851690,15417930
2020,외과,D31,3,4,4,87430,63330
2020,외과,D32,40,268,268,16325130,14973120
2020,외과,D33,44,162,173,7840060,7053920
2020,외과,D34,22649,34623,34699,2107843460,1468145650
2020,외과,D35,92,251,252,23094180,18196150
2020,외과,D36,1821,4382,4387,289404610,204305830
2020,외과,D37,260,448,453,44914100,35837280
2020,외과,D38,27,91,91,4555890,3803890
2020,외과,D39,48,66,74,7956400,5722060
2020,외과,D40,15,61,61,1948060,1724160
2020,외과,D41,22,30,30,3146710,2299810
2020,외과,D42,4,4,4,321560,278060
2020,외과,D43,16,61,61,2273580,2065780
2020,외과,D44,1016,1591,1585,158318240,112374340
2020,외과,D45,5,10,10,1119480,1058880
2020,외과,D46,14,30,36,1471460,1345000
2020,외과,D47,20,46,46,1566760,1305770
2020,외과,D48,472,905,911,71062870,53287780
2020,외과,D50,2562,5050,5081,140486680,101946110
2020,외과,D51,40,223,223,3510490,2882790
2020,외과,D52,15,88,88,1280290,1062090
2020,외과,D53,21,65,65,1046200,822900
2020,외과,D55,2,2,2,79180,55480
2020,외과,D58,1,4,4,300390,210390
2020,외과,D59,1,1,1,16140,14540
2020,외과,D61,8,18,18,630550,559450
2020,외과,D62,15,24,37,2053100,1573400
2020,외과,D63,4,17,17,335640,250240
2020,외과,D64,1170,1864,1869,76136830,55107820
2020,외과,D66,1,1,1,16140,14540
2020,외과,D68,18,28,28,719620,508090
2020,외과,D69,165,253,262,7793020,5649280
2020,외과,D70,4,10,10,134270,115570
2020,외과,D71,2,4,4,53620,42220
2020,외과,D72,70,92,92,2788680,1978880
2020,외과,D73,9,13,21,1714040,1267580
2020,외과,D75,15,22,22,1046210,734310
2020,외과,D76,1,2,2,30200,21200
2020,외과,D84,16,34,45,1511840,1181320
2020,외과,D86,3,9,9,250070,225370
2020,외과,D89,18,158,158,3027390,1982840
2020,외과,E00,1,1,1,13590,12090
2020,외과,E01,6,11,11,362510,237430
2020,외과,E02,15,48,48,1374330,1011230
2020,외과,E03,19338,64253,64253,2586488600,1834109720
2020,외과,E04,34393,58946,59146,4036916360,2886157990
2020,외과,E05,7515,28144,28147,1450827000,1012451180
2020,외과,E06,10234,22149,22147,1175797160,794871000
2020,외과,E07,10453,17828,17843,965399040,678531610
2020,외과,E10,710,3211,3318,66484190,52729710
2020,외과,E11,37235,235662,236020,5084348430,3968565750
2020,외과,E12,12,47,47,935050,707050
2020,외과,E13,2272,12149,12159,256026000,201858650
2020,외과,E14,7033,37683,37712,820515130,628964500
2020,외과,E16,103,132,146,5210070,3987080
2020,외과,E20,38,92,92,2649670,2021930
2020,외과,E21,33,66,66,2993880,2083240
2020,외과,E22,135,253,252,8014080,5907740
2020,외과,E23,35,113,113,2494220,1836020
2020,외과,E24,12,92,92,3333120,2964720
2020,외과,E26,1,1,1,109910,77010
2020,외과,E27,18,125,125,16353030,14534330
2020,외과,E28,89,189,189,8972430,6441430
2020,외과,E29,4,9,9,138090,97090
2020,외과,E30,60,217,217,3276720,2371820
2020,외과,E32,7,7,7,132640,101040
2020,외과,E34,12,15,15,2575500,1802090
2020,외과,E35,17,24,24,1405150,984550
2020,외과,E40,1,1,1,52740,36940
2020,외과,E41,10,50,50,315770,226370
2020,외과,E44,15,18,28,1032950,821100
2020,외과,E46,8,9,9,114300,92600
2020,외과,E50,332,667,667,9241460,6876160
2020,외과,E51,9,15,15,247550,202850
2020,외과,E53,105,169,169,4002680,2990980
2020,외과,E55,2255,3841,3831,103291290,74790480
2020,외과,E56,33,77,78,4200920,3095800
2020,외과,E58,209,440,440,7549580,5721510
2020,외과,E59,3,4,4,503520,320520
2020,외과,E60,1,1,1,36670,25670
2020,외과,E61,96,228,228,4844530,3489430
2020,외과,E63,86,174,179,3708820,3096050
2020,외과,E64,4,5,5,178080,124780
2020,외과,E65,13,13,13,266730,190430
2020,외과,E66,845,2545,2879,1198934450,824950040
2020,외과,E71,1,1,1,118970,83370
2020,외과,E74,2,3,3,46340,41740
2020,외과,E75,15,47,47,1098250,813150
2020,외과,E77,3,3,3,49830,41730
2020,외과,E78,31228,94696,94738,2283085660,1665934060
2020,외과,E79,63,127,127,2274030,1668930
2020,외과,E80,28,40,40,3741400,2623700
2020,외과,E83,304,728,728,11927680,9193480
2020,외과,E84,3,8,8,365840,262240
2020,외과,E86,376,496,505,12464300,9347840
2020,외과,E87,129,165,169,4060580,3036040
2020,외과,E88,288,781,784,126124040,90028040
2020,외과,E89,744,2157,2156,87186740,60808840
2020,외과,E90,1,1,1,16140,11340
2020,외과,F00,2173,11335,11334,176358280,138919350
2020,외과,F01,69,168,168,2871280,2302780
2020,외과,F02,10,23,26,480600,381970
2020,외과,F03,210,541,540,9338660,7244960
2020,외과,F04,2,2,2,32280,29680
2020,외과,F05,3,3,3,41740,37140
2020,외과,F06,5256,16889,16889,269704350,223626010
2020,외과,F07,40,118,133,2757180,2216250
2020,외과,F09,11,20,20,227770,194170
2020,외과,F10,43,69,74,1410630,1042720
2020,외과,F17,35,61,61,1146070,831630
2020,외과,F20,70,456,456,2954410,2295910
2020,외과,F21,1,1,1,5770,4270
2020,외과,F22,1,1,15,903310,664440
2020,외과,F23,3,14,14,119570,96670
2020,외과,F25,5,19,19,264980,195180
2020,외과,F29,1,1,1,16170,14570
2020,외과,F30,6,20,20,302590,262590
2020,외과,F31,103,434,434,4165830,3226730
2020,외과,F32,1035,3070,3067,44114700,36254720
2020,외과,F33,68,280,280,3503630,2938630
2020,외과,F34,28,96,96,1395470,1117870
2020,외과,F38,122,349,349,5311720,4491420
2020,외과,F39,43,97,97,1194970,963170
2020,외과,F40,104,218,218,3338960,2603460
2020,외과,F41,3535,7982,7993,116868240,93200780
2020,외과,F42,4,9,9,160060,112560
2020,외과,F43,220,453,478,8771680,6637290
2020,외과,F45,537,1052,1064,16960990,13504290
2020,외과,F48,1736,4075,4100,73112220,57488980
2020,외과,F50,71,138,138,2453380,1831580
2020,외과,F51,4404,13913,13916,196406580,155379820
2020,외과,F52,73,105,105,619340,467140
2020,외과,F53,1,1,1,16140,11340
2020,외과,F54,9,11,11,151950,121150
2020,외과,F59,5,6,6,81990,58690
2020,외과,F60,2,2,2,27190,19190
2020,외과,F63,2,2,2,36280,25480
2020,외과,F64,1,3,3,0,0
2020,외과,F66,1,1,1,21680,15180
2020,외과,F68,2,3,3,39230,34630
2020,외과,F78,1,1,1,16140,11340
2020,외과,F80,9,15,15,198880,167680
2020,외과,F83,1,2,2,23900,22100
2020,외과,F84,12,22,22,330500,247200
2020,외과,F88,1,1,1,11540,8140
2020,외과,F90,15,44,44,682870,480970
2020,외과,F91,1,10,10,137270,122270
2020,외과,F92,22,99,110,2568210,1944890
2020,외과,F95,12,16,16,237950,176850
2020,외과,F98,30,66,66,1553220,1124020
2020,외과,F99,1,1,1,13350,11850
2020,외과,G02,1,1,1,16140,11340
2020,외과,G04,3,26,28,840680,617630
2020,외과,G05,20,47,47,764210,616610
2020,외과,G08,1,2,2,27680,19480
2020,외과,G11,5,7,21,1130110,1083560
2020,외과,G12,12,91,91,3841470,3428270
2020,외과,G13,1,9,9,273060,259560
2020,외과,G14,18,32,32,590620,441820
2020,외과,G20,338,2079,2093,46125220,40466070
2020,외과,G21,40,196,196,2793080,2408380
2020,외과,G22,14,43,43,624610,528410
2020,외과,G23,2,3,3,47820,33620
2020,외과,G24,162,287,287,5314680,4083780
2020,외과,G25,617,1535,1539,27573360,21337140
2020,외과,G30,114,482,482,3899030,3113130
2020,외과,G31,7429,22414,22414,341675820,284505920
2020,외과,G32,1,1,1,11540,10040
2020,외과,G35,3,14,14,177910,156610
2020,외과,G36,2,2,2,30520,23820
2020,외과,G37,1,1,1,16140,11340
2020,외과,G40,237,949,964,16873880,13185600
2020,외과,G41,19,61,61,991590,791920
2020,외과,G43,5453,10562,10591,187305640,141637240
2020,외과,G44,3804,6986,7059,239610000,177566680
2020,외과,G45,229,497,510,11417670,8919500
2020,외과,G46,22,113,116,1965200,1563000
2020,외과,G47,11215,33821,33833,488709060,383741760
2020,외과,G50,624,1437,1444,33197730,26524050
2020,외과,G51,319,830,833,14169180,11083930
2020,외과,G52,13,20,20,315790,246190
2020,외과,G53,2880,9669,9720,174038160,139698350
2020,외과,G54,1155,2518,2518,138097560,98610360
2020,외과,G55,314,1977,1977,84378560,65393440
2020,외과,G56,2256,5075,5153,187828780,135822910
2020,외과,G57,1957,6082,6093,226332360,163769960
2020,외과,G58,1175,2219,2239,67148220,51075200
2020,외과,G59,17,60,60,818270,682770
2020,외과,G60,3,55,55,974560,851460
2020,외과,G61,4,9,9,587120,525320
2020,외과,G62,69,154,154,2577390,2010090
2020,외과,G63,295,1430,1433,29754770,23958780
2020,외과,G64,368,622,622,10360130,8209730
2020,외과,G70,18,61,61,2267100,1962300
2020,외과,G71,10,12,12,189020,136020
2020,외과,G72,6,6,6,94160,69360
2020,외과,G73,3,18,18,207440,183340
2020,외과,G80,16,61,61,1876660,1328360
2020,외과,G81,197,579,579,10373130,8668430
2020,외과,G82,16,69,89,2322330,1730200
2020,외과,G83,62,137,137,2552200,1896500
2020,외과,G90,149,297,297,18292370,11428300
2020,외과,G91,11,48,48,892760,669660
2020,외과,G93,145,262,267,9876370,7048240
2020,외과,G95,13,45,60,1443650,1114910
2020,외과,G96,1,1,1,44060,30860
2020,외과,G97,11,16,28,1179110,871640
2020,외과,G98,4,4,4,64560,51760
2020,외과,G99,4,6,6,106710,81510
2020,외과,H00,2341,3580,3580,80034820,58221790
2020,외과,H01,983,1374,1374,23669130,18189570
2020,외과,H02,113,183,183,5754190,4220550
2020,외과,H03,2,2,2,25320,17820
2020,외과,H04,1690,2900,2900,40081710,31112210
2020,외과,H05,34,51,51,971760,725860
2020,외과,H06,9,17,17,270260,199160
2020,외과,H10,3864,5314,5314,77599550,60627750
2020,외과,H11,631,1110,1110,15424750,11856650
2020,외과,H13,4,4,4,62190,50090
2020,외과,H15,1,1,1,16140,11340
2020,외과,H16,608,858,858,12786920,9952820
2020,외과,H17,1,1,1,40080,28080
2020,외과,H18,8,13,13,161920,133020
2020,외과,H19,53,79,79,1283710,985210
2020,외과,H20,5,12,12,174960,124960
2020,외과,H21,1,4,4,54040,38040
2020,외과,H25,323,659,659,9633210,8117710
2020,외과,H26,346,481,481,14583340,10696140
2020,외과,H28,6,6,6,76510,65610
2020,외과,H30,3,3,3,98320,73420
2020,외과,H31,3,11,11,131980,102480
2020,외과,H33,2,3,3,39820,30620
2020,외과,H34,12,32,32,498830,408230
2020,외과,H35,42,121,133,4057460,3396780
2020,외과,H36,116,283,283,3958640,3272220
2020,외과,H40,258,608,608,7967550,6622550
2020,외과,H42,5,13,13,179980,136780
2020,외과,H43,2,2,2,26800,23800
2020,외과,H44,13,21,21,482850,347250
2020,외과,H47,5,5,5,84700,65900
2020,외과,H50,7,10,10,147320,126220
2020,외과,H52,3,4,4,55800,41100
2020,외과,H53,24,34,34,641660,501560
2020,외과,H54,11,14,14,210550,165250
2020,외과,H55,1,1,1,16140,14540
2020,외과,H57,13,13,13,197550,145550
2020,외과,H59,1,1,1,16140,14540
2020,외과,H60,2368,3866,3865,73140160,54203720
2020,외과,H61,256,436,441,13744240,9954440
2020,외과,H62,73,100,100,1528990,1155990
2020,외과,H65,313,656,656,10355890,7984390
2020,외과,H66,814,1604,1637,27517550,21467700
2020,외과,H67,4,5,5,100960,75560
2020,외과,H68,24,31,31,474630,377730
2020,외과,H69,4,5,5,50760,41460
2020,외과,H70,15,29,29,509080,367780
2020,외과,H71,5,134,134,2708400,1897000
2020,외과,H72,7,8,8,128900,93800
2020,외과,H73,204,422,422,6440110,4923010
2020,외과,H74,2,2,2,27680,21880
2020,외과,H80,1,1,1,16140,11340
2020,외과,H81,5836,11354,11561,198831840,158396730
2020,외과,H82,86,131,156,3427010,2645620
2020,외과,H83,114,220,251,5044290,4006840
2020,외과,H90,13,29,29,491550,391150
2020,외과,H91,33,55,55,1789520,1390010
2020,외과,H92,67,78,78,1427880,1082270
2020,외과,H93,697,1228,1234,21978210,17069750
2020,외과,I00,6,8,8,182730,130530
2020,외과,I05,10,36,36,507410,387510
2020,외과,I06,1,3,3,98520,74220
2020,외과,I07,3,6,6,92030,64730
2020,외과,I08,10,26,26,391290,302290
2020,외과,I10,135341,894479,894583,15818975430,12540430710
2020,외과,I11,1907,12660,12665,200555260,163549060
2020,외과,I12,85,468,468,8365760,6685760
2020,외과,I13,48,174,174,3689480,2909700
2020,외과,I15,140,594,594,9267380,7321680
2020,외과,I20,1453,4001,4009,79437490,62655070
2020,외과,I21,101,371,384,7771010,5902440
2020,외과,I22,9,40,40,660120,557320
2020,외과,I23,1,1,1,5770,4270
2020,외과,I24,47,150,150,2959940,2359440
2020,외과,I25,297,1035,1048,26244200,20826450
2020,외과,I26,4,8,8,366700,273700
2020,외과,I27,6,7,7,116790,97190
2020,외과,I28,2,3,3,516850,361950
2020,외과,I31,3,3,3,137610,101810
2020,외과,I32,2,4,4,74610,65010
2020,외과,I34,12,20,20,633100,469300
2020,외과,I35,17,39,39,591520,498620
2020,외과,I38,2,2,2,53530,37530
2020,외과,I39,1,2,2,40540,30940
2020,외과,I40,2,4,4,16140,14540
2020,외과,I42,19,46,46,1834720,1515190
2020,외과,I44,10,15,20,1219990,867670
2020,외과,I45,26,34,33,784170,564970
2020,외과,I47,100,219,219,3882920,2938720
2020,외과,I48,224,627,626,12390090,9751390
2020,외과,I49,993,1938,1943,59928810,44773790
2020,외과,I50,640,2118,2127,38832250,31593140
2020,외과,I51,161,242,242,6484090,4890660
2020,외과,I60,11,60,74,2420410,1851710
2020,외과,I61,21,59,267,13107800,9718670
2020,외과,I62,11,22,22,371130,287730
2020,외과,I63,774,3488,3784,75734580,60923120
2020,외과,I64,56,112,112,1655430,1339730
2020,외과,I65,207,548,548,14623520,10985410
2020,외과,I66,28,123,124,3394080,2668290
2020,외과,I67,843,2369,2408,193681600,143961470
2020,외과,I68,7,35,35,452720,381320
2020,외과,I69,217,907,966,21574080,17138440
2020,외과,I70,583,1992,1993,54140940,41481320
2020,외과,I71,33,80,80,2121990,1630190
2020,외과,I72,23,45,58,4865140,3667400
2020,외과,I73,5505,11950,11962,214123710,169157970
2020,외과,I74,77,191,191,4770590,3618690
2020,외과,I77,25,46,46,2046190,1549940
2020,외과,I78,337,380,380,6724920,4980120
2020,외과,I79,107,197,204,3450560,2748890
2020,외과,I80,1241,2888,2887,94715300,73539830
2020,외과,I81,1,13,13,212520,186620
2020,외과,I82,119,313,314,11336450,8535810
2020,외과,I83,62117,163265,169074,14796387210,11289605320
2020,외과,I84,1,2,2,52880,37080
2020,외과,I85,1,1,1,16140,11340
2020,외과,I86,201,321,322,18079270,12965090
2020,외과,I87,8588,13807,13810,304159890,225009380
2020,외과,I88,1481,2108,2135,83481830,60167420
2020,외과,I89,846,1518,1523,36700810,27802000
2020,외과,I95,237,339,351,7558150,5785860
2020,외과,I97,19,51,51,1175980,1008780
2020,외과,I98,12,29,29,530190,401290
2020,외과,I99,15,44,44,593320,450020
2020,외과,J00,24237,50750,50787,796171670,627778990
2020,외과,J01,2821,4912,4931,80279270,60202560
2020,외과,J02,19180,34325,34336,536275480,406509290
2020,외과,J03,24960,48013,48111,772654560,587650120
2020,외과,J04,9773,19784,19787,299648400,236127570
2020,외과,J05,495,1098,1098,16950870,12968470
2020,외과,J06,32248,63030,63064,980387830,765991880
2020,외과,J09,231,273,314,12610800,10271650
2020,외과,J10,1848,2579,3101,124572040,99322300
2020,외과,J11,1357,1854,1935,36782490,27179960
2020,외과,J12,22,32,86,4573000,3506470
2020,외과,J14,2,4,4,65700,46300
2020,외과,J15,1101,1916,2102,63418730,47779140
2020,외과,J16,4,4,7,516230,385810
2020,외과,J17,5,9,44,3584170,2722650
2020,외과,J18,1940,3747,4205,112073320,86150280
2020,외과,J20,77542,157327,157797,2655732710,2054700600
2020,외과,J21,4072,7981,8017,127823950,99563960
2020,외과,J22,2449,4491,4544,78825430,60696620
2020,외과,J30,31311,59218,59218,916352940,708453380
2020,외과,J31,889,1712,1712,26128440,19862840
2020,외과,J32,448,942,942,16378310,12331420
2020,외과,J33,6,7,7,87570,72970
2020,외과,J34,215,366,366,6875160,5376540
2020,외과,J35,250,452,470,8924570,6457740
2020,외과,J36,5931,11521,11648,202514270,154264830
2020,외과,J37,926,1690,1690,25827730,19470870
2020,외과,J38,35,40,39,1323530,952260
2020,외과,J39,2976,5888,5888,91930520,72925020
2020,외과,J40,18693,39569,39605,642931810,506120510
2020,외과,J41,3492,8084,8112,127974560,102726290
2020,외과,J42,5240,13974,14043,214478880,174111550
2020,외과,J43,47,76,76,4146550,2997600
2020,외과,J44,908,3119,3195,60836950,49084790
2020,외과,J45,9286,25578,26269,448711260,356067060
2020,외과,J46,155,470,470,6939330,5476230
2020,외과,J47,169,418,419,9120140,7111070
2020,외과,J60,4,4,6,1467910,1058730
2020,외과,J61,2,2,2,23080,20080
2020,외과,J63,1,1,1,18990,13390
2020,외과,J64,4,4,4,57400,51100
2020,외과,J65,1,1,1,26690,18690
2020,외과,J67,2,2,2,31680,22280
2020,외과,J68,12,17,17,529050,390550
2020,외과,J69,2,5,5,80270,66070
2020,외과,J70,3,4,4,86090,65590
2020,외과,J80,4,4,4,122740,88540
2020,외과,J81,5,16,16,669350,473170
2020,외과,J84,48,90,111,6595010,5191170
2020,외과,J85,1,1,15,705150,512590
2020,외과,J86,2,56,56,1393500,1058400
2020,외과,J90,46,58,56,2919790,2166990
2020,외과,J91,2,2,2,60470,42470
2020,외과,J92,2,4,4,210820,150620
2020,외과,J93,108,203,230,7475450,5628870
2020,외과,J94,31,38,38,1998850,1439750
2020,외과,J96,6,7,7,222620,164520
2020,외과,J98,285,341,358,27676120,19745660
2020,외과,K00,2,4,4,62280,43780
2020,외과,K01,1,1,1,11540,8140
2020,외과,K02,8,10,10,142380,106280
2020,외과,K03,1,1,1,20260,16260
2020,외과,K04,292,501,501,8802480,6903790
2020,외과,K05,2230,4206,4214,66061860,52378090
2020,외과,K06,6,6,6,94020,69320
2020,외과,K07,608,1013,1013,19361310,14631510
2020,외과,K08,84,113,113,1923770,1429000
2020,외과,K09,11,22,22,911860,642560
2020,외과,K10,142,195,195,4532010,3365510
2020,외과,K11,470,682,686,17489570,12831490
2020,외과,K12,4783,7922,7929,127284950,99445330
2020,외과,K13,184,261,261,4501610,3449110
2020,외과,K14,282,513,513,8551640,6979040
2020,외과,K20,194,373,374,24066270,17118950
2020,외과,K21,46821,90411,90518,2610902580,1904777010
2020,외과,K22,70,142,142,3677670,2681060
2020,외과,K23,2,2,2,29580,20780
2020,외과,K25,13170,27349,27554,870360910,638960070
2020,외과,K26,2195,3803,3819,222328250,157972500
2020,외과,K27,4252,8651,8650,155611940,119998510
2020,외과,K28,24,40,43,2575270,1833030
2020,외과,K29,68606,122232,123392,4888183390,3547951660
2020,외과,K30,7159,13164,13187,356228250,263415680
2020,외과,K31,1805,3157,3185,184332310,135416690
2020,외과,K35,4801,12339,23620,9695443270,7197898950
2020,외과,K36,352,614,846,321131440,208006240
2020,외과,K37,276,349,394,55071370,41383780
2020,외과,K38,62,71,74,9293890,6645450
2020,외과,K40,5630,15458,18751,4247369600,3281618100
2020,외과,K41,47,80,91,13689980,10662100
2020,외과,K42,534,1300,1476,172712530,130393430
2020,외과,K43,257,501,587,65428730,48252380
2020,외과,K44,6,7,6,129880,105080
2020,외과,K45,34,61,64,4242680,3178650
2020,외과,K46,81,118,132,11076240,8341660
2020,외과,K50,685,1852,1912,312535670,267991900
2020,외과,K51,3662,13052,13207,907631080,754432760
2020,외과,K52,22634,33655,34013,1109672500,814299950
2020,외과,K55,83,151,182,16129730,12036300
2020,외과,K56,1678,4013,4590,206586890,152344720
2020,외과,K57,2267,3675,4454,752551050,534112390
2020,외과,K58,55318,89756,89967,6293887130,4485402030
2020,외과,K59,54901,101197,101711,4949685290,3592812450
2020,외과,K60,83623,242412,274059,37973896470,28605236150
2020,외과,K61,35916,138254,149143,22793397360,17688823020
2020,외과,K62,44207,70088,71365,5539217990,4039784800
2020,외과,K63,37273,51698,53329,16490684080,11731171510
2020,외과,K64,363939,995060,1121486,1.47823E+11,1.11082E+11
2020,외과,K65,149,289,382,31140670,23487050
2020,외과,K66,15,31,31,896030,644170
2020,외과,K67,2,3,3,91680,66280
2020,외과,K70,931,1915,2109,78620620,57118870
2020,외과,K71,691,1479,1557,75895450,54303340
2020,외과,K72,55,90,90,1703850,1240250
2020,외과,K73,1744,4155,4169,120223060,87463650
2020,외과,K74,179,474,513,21467950,15691900
2020,외과,K75,4111,7258,7434,308265980,219416930
2020,외과,K76,7932,12014,12016,673338310,470470770
2020,외과,K77,43,89,89,2475140,1834340
2020,외과,K80,2904,7844,11811,4068724610,2954446620
2020,외과,K81,500,1197,1659,421646120,300499470
2020,외과,K82,1053,1681,2129,629706670,455325240
2020,외과,K83,855,1205,1221,47240520,33682050
2020,외과,K85,151,247,344,30840270,22915450
2020,외과,K86,182,380,400,24416800,17355120
2020,외과,K87,99,114,114,20026490,13786860
2020,외과,K90,6,10,10,428770,307670
2020,외과,K91,59,375,500,28038160,21637760
2020,외과,K92,3236,4069,4096,324254540,230002690
2020,외과,K93,7,19,19,376640,285940
2020,외과,L00,2,12,12,290420,230360
2020,외과,L01,769,1427,1427,27745590,20999150
2020,외과,L02,51942,164648,165101,4140911220,3014915220
2020,외과,L03,54604,128201,129151,2792738520,2079807290
2020,외과,L04,7603,12091,12118,291791550,210986720
2020,외과,L05,2561,14975,15999,899082620,649045800
2020,외과,L08,4347,8927,8983,201731540,147668730
2020,외과,L10,6,12,12,180330,140730
2020,외과,L11,1,1,1,16140,11340
2020,외과,L12,4,9,9,86520,67420
2020,외과,L13,86,163,163,3021470,2284370
2020,외과,L20,4414,8095,8094,137352100,103390140
2020,외과,L21,4922,8304,8304,130151690,101380540
2020,외과,L22,10,17,17,244950,215250
2020,외과,L23,55495,108153,108192,1721129070,1359611730
2020,외과,L24,7512,13695,13695,218792510,172208550
2020,외과,L25,8398,16095,16095,261570290,204413800
2020,외과,L26,11,13,13,221670,147840
2020,외과,L27,588,966,980,18685130,14115240
2020,외과,L28,1114,1730,1729,35875760,27068590
2020,외과,L29,22024,29941,29946,948592540,679787010
2020,외과,L30,14405,22918,22921,391057980,300119110
2020,외과,L40,1316,3060,3059,48064460,36982260
2020,외과,L41,21,37,37,583720,442620
2020,외과,L42,21,34,34,607850,457050
2020,외과,L43,56,126,126,5583000,3949100
2020,외과,L44,2,2,2,30200,23900
2020,외과,L50,21901,41843,41944,716941240,558199340
2020,외과,L51,11,52,52,998970,718340
2020,외과,L52,54,122,122,1987810,1488010
2020,외과,L53,428,779,779,12184340,9732860
2020,외과,L54,1,1,1,16140,11340
2020,외과,L55,112,160,160,7330580,5135820
2020,외과,L56,14,19,19,310490,231190
2020,외과,L57,82,122,122,5074410,3701610
2020,외과,L58,3,6,6,122550,97650
2020,외과,L59,6,6,6,106870,75070
2020,외과,L60,15770,50828,50884,1619904960,1168698660
2020,외과,L62,2,2,2,45220,31820
2020,외과,L63,587,1650,1650,50102650,35280050
2020,외과,L64,103,205,205,3114830,2204730
2020,외과,L65,153,300,300,5002750,3575350
2020,외과,L66,106,226,226,4069630,3016130
2020,외과,L70,738,1426,1426,22258070,15713770
2020,외과,L71,37,66,66,1032810,741610
2020,외과,L72,48482,170479,170763,11661046530,8204481270
2020,외과,L73,2957,12303,12622,650546640,465624390
2020,외과,L74,59,75,75,1267110,913770
2020,외과,L75,483,1718,1913,171105080,126534300
2020,외과,L80,47,52,52,961790,762990
2020,외과,L81,527,703,703,12690790,9269790
2020,외과,L82,68,119,119,5216670,3786410
2020,외과,L83,7,15,15,1068630,747420
2020,외과,L84,13883,42484,42500,1650248280,1183696920
2020,외과,L85,877,1370,1370,31084430,23059140
2020,외과,L86,6,8,8,125600,104300
2020,외과,L87,3,3,3,48420,34020
2020,외과,L88,15,43,43,1459000,1044500
2020,외과,L89,1254,7303,7726,250731310,188830400
2020,외과,L90,806,1465,1523,46439810,34013230
2020,외과,L91,2402,5198,5198,171859830,121054400
2020,외과,L92,975,2720,2725,153913460,111512630
2020,외과,L93,3,9,9,358620,251420
2020,외과,L94,19,39,39,2012230,1419480
2020,외과,L95,84,139,160,5103860,3802290
2020,외과,L97,67,541,541,10774640,8606040
2020,외과,L98,531,2711,2759,91247660,69079290
2020,외과,L99,4,4,4,68380,47980
2020,외과,M00,139,432,455,12810090,9521940
2020,외과,M01,19,106,106,1528910,1233510
2020,외과,M02,23,100,99,2188450,1539550
2020,외과,M05,231,1709,1820,58235750,50312160
2020,외과,M06,2688,9619,9672,182095510,141910970
2020,외과,M07,17,76,76,2826940,2196040
2020,외과,M08,114,217,217,3201440,2569940
2020,외과,M10,10507,34393,34537,614983530,462210350
2020,외과,M11,47,128,128,2442950,1745050
2020,외과,M12,372,1252,1280,30177600,22897430
2020,외과,M13,23405,89397,89751,1916499600,1508593380
2020,외과,M14,499,2917,2917,44027480,36244580
2020,외과,M15,3952,15216,15216,246600150,206547440
2020,외과,M16,1767,5666,5915,120992800,98109820
2020,외과,M17,79585,424823,431164,12816182530,9679811730
2020,외과,M18,281,705,717,13922040,10334600
2020,외과,M19,17431,55437,55941,1251802900,959645590
2020,외과,M20,273,561,762,26003360,19356520
2020,외과,M21,82,223,293,9532190,7016150
2020,외과,M22,321,685,685,14299240,10170140
2020,외과,M23,1127,3175,3446,85542520,63997810
2020,외과,M24,2507,11798,11973,254072350,192196120
2020,외과,M25,18960,55313,55523,1263789100,951787340
2020,외과,M30,4,5,5,87810,68610
2020,외과,M31,10,20,20,626780,496740
2020,외과,M32,18,65,65,2658530,2347830
2020,외과,M33,4,4,4,98350,85450
2020,외과,M34,7,127,127,3005520,2684520
2020,외과,M35,147,982,982,31544310,26397790
2020,외과,M36,2,44,44,507670,454270
2020,외과,M40,211,1386,1386,28823940,22649540
2020,외과,M41,406,2107,2136,51167020,39314440
2020,외과,M42,526,1383,1383,28682320,22751820
2020,외과,M43,1351,9089,9263,255669290,195813800
2020,외과,M45,362,1328,1328,29602770,24969270
2020,외과,M46,918,5513,5548,190845510,151005400
2020,외과,M47,26315,155254,156329,4098425330,3220238430
2020,외과,M48,35033,237720,240341,6143387540,4898228560
2020,외과,M49,877,4034,4034,112597700,84877300
2020,외과,M50,12708,66387,67943,2037357670,1518562970
2020,외과,M51,26854,187548,193046,5310398120,4095469490
2020,외과,M53,8386,27527,27528,996453630,720335540
2020,외과,M54,111698,504578,506223,11185357660,8768783280
2020,외과,M60,2781,7050,7063,147342720,114811340
2020,외과,M61,33,109,114,3248830,2379180
2020,외과,M62,5008,12208,12322,258065770,194833070
2020,외과,M63,3,5,5,89860,80660
2020,외과,M65,32412,84381,84650,1835113110,1384713310
2020,외과,M66,36,102,102,2327280,1757880
2020,외과,M67,8230,19466,19570,581835200,427471700
2020,외과,M68,1,9,9,323900,246400
2020,외과,M70,2357,6038,6129,219327160,160510260
2020,외과,M71,2065,5554,5627,166040680,121853000
2020,외과,M72,6084,16839,16980,472514690,349281680
2020,외과,M73,3,3,3,49580,34880
2020,외과,M75,45379,163353,164607,4649620210,3488049900
2020,외과,M76,2900,7338,7399,195233660,145340320
2020,외과,M77,19096,51106,51215,1226574880,889079430
2020,외과,M79,61319,151630,151724,3573731600,2698120270
2020,외과,M80,634,2535,2535,109872130,81131230
2020,외과,M81,17232,57254,57239,2424522910,1771304790
2020,외과,M82,26,94,94,2112190,1585890
2020,외과,M83,174,311,311,9534570,6956170
2020,외과,M84,32,82,107,4015400,3039700
2020,외과,M85,119,234,227,9416390,6828370
2020,외과,M86,95,791,997,30195810,23102370
2020,외과,M87,66,191,366,15898280,11885260
2020,외과,M88,1,1,1,22980,16180
2020,외과,M89,85,237,237,4599250,3612850
2020,외과,M90,3,3,3,145950,103950
2020,외과,M91,11,15,15,365960,272560
2020,외과,M92,137,232,232,5854280,4173880
2020,외과,M93,9,81,81,1347770,1114670
2020,외과,M94,267,477,504,12892170,9598280
2020,외과,M95,5,9,9,165580,116280
2020,외과,M96,364,4016,4124,166801830,128212900
2020,외과,M99,491,2818,2894,82541580,62940960
2020,외과,N00,151,264,282,6826020,5133600
2020,외과,N01,5,10,10,235470,177770
2020,외과,N02,139,193,193,11353450,8300450
2020,외과,N03,14,25,25,376800,290000
2020,외과,N04,48,89,89,1390000,1085400
2020,외과,N05,110,181,181,4109450,3033850
2020,외과,N06,12,13,13,244850,177750
2020,외과,N08,2,2,2,66070,46370
2020,외과,N10,1209,2699,3056,92967820,70199620
2020,외과,N11,33,75,98,5143010,3814450
2020,외과,N12,125,251,264,8598610,6246590
2020,외과,N13,55,92,107,8771510,6296010
2020,외과,N15,8,12,12,328540,235840
2020,외과,N17,22,28,29,853520,649950
2020,외과,N18,5832,20279,20278,16582814500,14530305970
2020,외과,N19,105,158,163,4168960,3197300
2020,외과,N20,641,879,946,52699120,38166130
2020,외과,N21,296,382,423,16708510,12151480
2020,외과,N22,8,8,8,432550,306750
2020,외과,N23,15,19,19,693650,504450
2020,외과,N25,2,2,2,23080,20080
2020,외과,N27,2,2,2,645560,451960
2020,외과,N28,250,337,352,25296550,17853470
2020,외과,N29,13,13,13,2265780,1586680
2020,외과,N30,16105,34051,34117,629949120,482782100
2020,외과,N31,3082,7499,7500,129376080,102402090
2020,외과,N32,450,990,990,16070910,12976210
2020,외과,N33,5,7,7,80470,67770
2020,외과,N34,2941,6819,6819,174364520,127914090
2020,외과,N35,5,23,23,626920,450320
2020,외과,N36,10,16,16,254750,190350
2020,외과,N37,13,19,19,579770,416670
2020,외과,N39,2364,4556,4588,89945100,70162450
2020,외과,N40,13627,51917,51932,864465630,688717960
2020,외과,N41,1020,4598,4598,181650620,129056020
2020,외과,N42,101,194,192,5697250,4214250
2020,외과,N43,184,403,425,49801730,38573980
2020,외과,N44,8,11,11,193520,144620
2020,외과,N45,321,649,655,14028370,10431320
2020,외과,N46,21,28,28,644120,452520
2020,외과,N47,75,109,109,3286750,2497250
2020,외과,N48,642,1031,1040,20219670,15379810
2020,외과,N49,47,106,107,3470890,2614890
2020,외과,N50,75,188,188,3382460,2561860
2020,외과,N51,26,58,58,1069010,827810
2020,외과,N60,55429,74015,75141,4271728380,3023980600
2020,외과,N61,7400,24007,24082,889438400,628230010
2020,외과,N62,5218,10279,10695,1754478490,1346362690
2020,외과,N63,66509,111156,112263,8139348230,5816201670
2020,외과,N64,137499,164964,165636,8075360470,5713102900
2020,외과,N70,12,17,17,1388630,973030
2020,외과,N71,24,35,35,1016900,728000
2020,외과,N72,1967,3204,3203,359002330,250111720
2020,외과,N73,395,825,919,46629320,33641550
2020,외과,N74,9,21,37,1956970,1474890
2020,외과,N75,63,158,173,8566660,6215240
2020,외과,N76,1374,2081,2079,131705000,92310400
2020,외과,N77,67,85,85,5636040,3966590
2020,외과,N80,673,1083,1084,129163000,89048210
2020,외과,N81,549,1444,1498,116118070,82718240
2020,외과,N82,13,24,39,3185410,2450200
2020,외과,N83,211,303,309,35744470,24174490
2020,외과,N84,238,344,344,41037020,28578220
2020,외과,N85,112,179,179,18140840,12718220
2020,외과,N86,140,330,330,18910590,13303190
2020,외과,N87,152,302,301,19652510,13812110
2020,외과,N88,5,5,5,71500,50300
2020,외과,N89,6,9,9,127240,102940
2020,외과,N90,9,14,14,1264730,878330
2020,외과,N91,390,621,902,56845350,39160010
2020,외과,N92,422,704,704,69822050,48419380
2020,외과,N93,435,701,704,69732720,48590350
2020,외과,N94,757,1106,1106,45701800,31866460
2020,외과,N95,3626,9906,9905,273923630,196141440
2020,외과,N97,94,184,184,9091830,6387230
2020,외과,N98,2,9,9,130370,91770
2020,외과,N99,1,1,3,274560,214740
2020,외과,O00,15,27,27,1593160,1429460
2020,외과,O02,1,1,1,89790,80890
2020,외과,O03,1,5,5,312200,218900
2020,외과,O16,1,1,1,83740,58640
2020,외과,O21,3,3,3,50520,40120
2020,외과,O22,54,62,62,3047350,2589550
2020,외과,O24,6,10,10,262780,209480
2020,외과,O26,4,13,13,171270,123870
2020,외과,O60,1,1,1,16140,11340
2020,외과,O82,4,4,4,98360,69160
2020,외과,O86,1,1,1,22610,15910
2020,외과,O87,3,4,5,515790,401880
2020,외과,O90,4,6,6,281920,197720
2020,외과,O91,1371,2345,2348,49712370,34788130
2020,외과,O92,240,278,278,7754440,5447150
2020,외과,O99,4,4,4,179600,135100
2020,외과,P07,1,1,1,55800,53100
2020,외과,P23,1,1,1,11540,8140
2020,외과,P27,1,1,1,22610,15910
2020,외과,P28,8,9,9,485470,346970
2020,외과,P35,2,2,2,32280,22680
2020,외과,P37,1,2,2,33720,23720
2020,외과,P38,27,47,47,1310330,1190530
2020,외과,P39,2,2,2,47520,41220
2020,외과,P57,1,1,1,11540,8140
2020,외과,P59,1,2,2,123880,88680
2020,외과,P78,1,1,1,17070,13570
2020,외과,P83,29,45,45,1293360,1130060
2020,외과,P92,6,6,6,381440,349540
2020,외과,Q05,3,7,7,194400,169100
2020,외과,Q07,1,1,1,11540,8140
2020,외과,Q10,2,4,4,79350,61350
2020,외과,Q17,34,39,39,916070,737270
2020,외과,Q18,73,243,250,16114440,12190470
2020,외과,Q20,1,2,2,23080,20880
2020,외과,Q21,9,23,23,727270,532870
2020,외과,Q23,3,3,14,1172800,831640
2020,외과,Q27,16,31,31,522790,378990
2020,외과,Q28,3,4,4,117930,85230
2020,외과,Q33,1,12,12,268780,212480
2020,외과,Q34,1,3,3,85740,61240
2020,외과,Q35,1,1,1,33110,23210
2020,외과,Q36,2,3,3,49030,41230
2020,외과,Q37,2,2,2,49250,38350
2020,외과,Q38,41,63,64,4255720,3838940
2020,외과,Q39,3,3,3,73960,55060
2020,외과,Q40,7,10,10,493640,441240
2020,외과,Q41,1,1,1,16140,14540
2020,외과,Q42,3,4,3,67380,56280
2020,외과,Q43,11,13,17,4150230,2646400
2020,외과,Q44,161,191,191,24076790,16603270
2020,외과,Q45,1,1,1,116940,81940
2020,외과,Q50,2,4,4,316890,207090
2020,외과,Q51,1,1,1,22610,15910
2020,외과,Q53,240,492,492,170055780,157959470
2020,외과,Q54,3,5,5,69730,50630
2020,외과,Q55,125,137,137,17530220,14745620
2020,외과,Q61,56,89,89,6725650,4740800
2020,외과,Q62,1,1,1,18410,17510
2020,외과,Q63,1,1,1,114400,80100
2020,외과,Q64,10,18,22,3819880,2825350
2020,외과,Q65,3,12,12,170940,126340
2020,외과,Q66,20,25,25,473530,360030
2020,외과,Q67,16,19,26,904290,674330
2020,외과,Q68,6,6,6,141350,99250
2020,외과,Q69,2,5,5,109600,104400
2020,외과,Q70,1,1,1,16140,11340
2020,외과,Q74,10,22,31,1179960,873390
2020,외과,Q75,1,1,1,16140,11340
2020,외과,Q76,3,3,3,69010,48410
2020,외과,Q77,2,3,3,80700,73100
2020,외과,Q78,7,21,21,1249440,895240
2020,외과,Q79,26,59,59,2325570,1703080
2020,외과,Q81,9,13,13,284390,202290
2020,외과,Q82,108,192,192,11899700,8542080
2020,외과,Q83,3005,5677,5910,832457540,634892080
2020,외과,Q84,5,27,27,601620,491820
2020,외과,Q85,443,2293,2294,2529103040,2268497000
2020,외과,Q87,1,5,5,56480,45880
2020,외과,Q89,77,117,115,5205810,3634520
2020,외과,Q90,3,5,5,71570,61570
2020,외과,Q91,1,12,12,1293630,979130
2020,외과,Q96,1,1,1,324280,291880
2020,외과,Q98,2,28,28,403050,363850
2020,외과,Q99,1,3,3,49730,44830
2020,외과,R00,686,949,949,24610460,17911480
2020,외과,R01,8,13,13,215570,195070
2020,외과,R02,10,91,91,1807030,1332430
2020,외과,R03,880,1019,1019,27370710,20317280
2020,외과,R04,257,293,293,8311140,6183840
2020,외과,R05,1872,2615,2615,54379840,39808580
2020,외과,R06,515,709,710,17877750,13505520
2020,외과,R07,5768,7050,7048,223918760,161811860
2020,외과,R09,122,180,180,3879770,2919070
2020,외과,R10,27271,38803,39730,2617277840,1905541190
2020,외과,R11,3212,4440,4471,87094390,66366390
2020,외과,R12,721,937,936,32889100,23718000
2020,외과,R13,42,49,53,1788460,1294970
2020,외과,R14,1152,1535,1535,63474710,45704870
2020,외과,R15,3454,9882,10070,652951380,473094050
2020,외과,R16,18,19,19,793950,488250
2020,외과,R17,64,90,90,4223800,3003500
2020,외과,R18,24,32,32,3046530,2120640
2020,외과,R19,13074,17145,17377,1452168350,1045481050
2020,외과,R20,124,151,151,2639640,2007640
2020,외과,R21,56,78,78,1451780,1080980
2020,외과,R22,4957,14621,14650,885687610,644031800
2020,외과,R23,200,255,255,7460850,5430290
2020,외과,R25,315,464,464,7810290,6086990
2020,외과,R26,30,37,37,852810,668910
2020,외과,R27,2,3,3,73610,51710
2020,외과,R29,158,180,180,3945550,2828450
2020,외과,R30,385,592,592,13083730,9819930
2020,외과,R31,621,813,813,28494480,20581280
2020,외과,R32,515,1147,1146,16562720,13859210
2020,외과,R33,27,60,62,1317870,1058800
2020,외과,R34,8,20,20,288830,222030
2020,외과,R35,456,813,814,12518070,10055250
2020,외과,R36,3,3,3,51420,36120
2020,외과,R39,147,216,220,4867890,3743520
2020,외과,R40,4,21,21,259180,213480
2020,외과,R41,393,940,940,15595920,12600720
2020,외과,R42,7444,11931,12003,237782280,184461240
2020,외과,R43,6,12,12,150200,125000
2020,외과,R44,2,2,2,122860,86060
2020,외과,R45,103,139,139,2050880,1619580
2020,외과,R46,3,3,3,52420,36820
2020,외과,R47,3,3,3,32080,27280
2020,외과,R49,30,33,33,1099780,791580
2020,외과,R50,2035,3218,3245,59677030,45323850
2020,외과,R51,8202,12576,12634,214290840,165230940
2020,외과,R52,3674,6669,6698,132955840,101061440
2020,외과,R53,507,650,651,15060260,10999320
2020,외과,R54,17,28,28,664840,494240
2020,외과,R55,104,125,125,4321140,3116240
2020,외과,R56,47,102,102,2217100,1712840
2020,외과,R57,188,724,724,21205700,14320280
2020,외과,R58,46,77,78,6723070,4923200
2020,외과,R59,1844,2491,2489,105541420,74561550
2020,외과,R60,3107,5190,5194,111868270,83914310
2020,외과,R61,110,166,167,4261360,3230260
2020,외과,R62,14,26,26,904190,658990
2020,외과,R63,1518,2287,2304,46955240,37215530
2020,외과,R64,7,7,7,107310,98610
2020,외과,R68,439,496,496,8777620,6240450
2020,외과,R69,59,114,114,10065020,7351820
2020,외과,R71,1,2,2,35350,24850
2020,외과,R72,41,57,57,1818580,1310980
2020,외과,R73,4512,6897,6895,162410930,123648910
2020,외과,R74,57,76,76,2249110,1602510
2020,외과,R75,1,1,1,45930,32230
2020,외과,R76,240,553,552,19133710,12275430
2020,외과,R77,8,15,15,963500,689300
2020,외과,R78,1,1,1,16140,11340
2020,외과,R79,26,27,27,510240,381440
2020,외과,R80,225,282,281,7446380,5391740
2020,외과,R81,445,665,666,12738670,10152540
2020,외과,R82,41,52,52,1227920,907020
2020,외과,R83,1,1,1,15130,13630
2020,외과,R84,4,4,4,140430,106830
2020,외과,R86,9,9,9,234720,170520
2020,외과,R87,198,364,364,25904530,18195100
2020,외과,R89,44,52,52,2920290,2046390
2020,외과,R91,213,235,235,16885830,11928230
2020,외과,R92,22411,25915,25964,1546097140,1091294340
2020,외과,R93,37,51,51,5779280,4048380
2020,외과,R94,1275,1935,1934,83140790,59315780
2020,외과,S00,7339,12762,12958,316674810,236207860
2020,외과,S01,24412,65482,65688,1816947760,1333110010
2020,외과,S02,268,484,697,31285170,23101350
2020,외과,S03,837,1443,1456,31470030,23562840
2020,외과,S04,7,46,46,800570,565870
2020,외과,S05,62,77,77,2501240,1808840
2020,외과,S06,533,889,1293,57339640,42725300
2020,외과,S07,243,683,683,20031820,14526570
2020,외과,S08,7,21,30,1872730,1405720
2020,외과,S09,252,808,866,37661450,27327380
2020,외과,S10,521,1913,1912,64199060,45980000
2020,외과,S11,440,1099,1099,26025560,19253450
2020,외과,S12,14,47,94,3837030,2770660
2020,외과,S13,16356,39509,40660,994151600,734340060
2020,외과,S14,5,8,8,180650,126750
2020,외과,S15,8,8,8,254650,208850
2020,외과,S16,2,3,3,49790,38590
2020,외과,S17,3,3,3,74730,52330
2020,외과,S18,1,1,1,16140,11340
2020,외과,S19,4,7,7,198270,147870
2020,외과,S20,7218,11955,12204,304681390,228870140
2020,외과,S21,1239,3468,3472,83404110,62435870
2020,외과,S22,4325,12318,18029,746741290,555601360
2020,외과,S23,12435,21342,21559,531074810,397810860
2020,외과,S24,43,53,53,1099220,785120
2020,외과,S25,10,29,32,915010,625030
2020,외과,S27,15,44,53,2626250,2042810
2020,외과,S28,2,3,3,98910,69410
2020,외과,S29,12,20,20,384070,300170
2020,외과,S30,2242,5697,5841,158804390,119112400
2020,외과,S31,2792,7282,7309,167335630,125770610
2020,외과,S32,913,3091,5592,244786820,184392190
2020,외과,S33,42910,130565,137254,3375142300,2559257500
2020,외과,S34,13,26,26,668810,479410
2020,외과,S35,10,10,10,273160,193660
2020,외과,S36,16,28,35,1407420,1065770
2020,외과,S37,6,72,72,1651840,1326940
2020,외과,S38,2,2,5,199910,150090
2020,외과,S39,20,79,79,1663490,1206690
2020,외과,S40,1444,3237,3278,81223040,60422060
2020,외과,S41,1234,3278,3283,82612780,60676390
2020,외과,S42,619,2062,2493,90782790,67582900
2020,외과,S43,17554,49333,50239,1109299630,838323920
2020,외과,S44,6,15,15,332840,258840
2020,외과,S45,15,25,25,724690,526390
2020,외과,S46,1159,4267,4738,154098590,114230780
2020,외과,S47,11,31,31,734320,557060
2020,외과,S48,10,16,16,282370,219870
2020,외과,S49,27,71,105,3689560,2715870
2020,외과,S50,3029,6899,6918,169039930,125905220
2020,외과,S51,5472,17716,17730,462682390,341863930
2020,외과,S52,2198,11249,12259,479523470,355921270
2020,외과,S53,6171,14104,14180,353137820,259336410
2020,외과,S54,13,22,22,609130,436830
2020,외과,S55,38,99,99,2766180,2049520
2020,외과,S56,252,875,889,41361570,29630170
2020,외과,S57,114,335,335,7970270,5807350
2020,외과,S58,10,21,21,447890,339390
2020,외과,S59,16,37,37,1126130,874430
2020,외과,S60,9520,16917,16957,461484040,335387300
2020,외과,S61,52856,157093,157157,4216566410,3044718290
2020,외과,S62,3475,11958,12387,446579750,322333080
2020,외과,S63,22871,42685,42804,1151043480,830562250
2020,외과,S64,28,103,114,4191870,3201980
2020,외과,S65,302,891,891,31993340,22557160
2020,외과,S66,1247,6372,6530,319732700,228819080
2020,외과,S67,1573,4346,4375,127325840,91889090
2020,외과,S68,63,271,277,9263510,6733050
2020,외과,S69,61,113,113,3244100,2335720
2020,외과,S70,2167,4543,4574,97925370,75590980
2020,외과,S71,1968,6031,6039,156558260,113407440
2020,외과,S72,247,590,1410,78542170,60379960
2020,외과,S73,3419,7836,8115,179353270,138112500
2020,외과,S74,3,4,33,2793130,2097360
2020,외과,S75,17,84,84,2597510,1930010
2020,외과,S76,438,1072,1183,66587050,47741060
2020,외과,S77,74,144,144,3032650,2232500
2020,외과,S78,20,38,38,664900,500800
2020,외과,S79,25,54,54,1043420,813920
2020,외과,S80,8729,21362,21484,495082460,369535810
2020,외과,S81,11570,39701,39784,1002017680,736699260
2020,외과,S82,1519,5816,8311,397416790,292259620
2020,외과,S83,12192,31716,33716,883496420,653662500
2020,외과,S84,10,87,96,2071990,1485120
2020,외과,S85,34,105,105,3111050,2268530
2020,외과,S86,942,2873,3233,121554040,89123770
2020,외과,S87,542,1809,1810,43040190,31615550
2020,외과,S88,33,60,60,1082470,830370
2020,외과,S89,25,71,77,1748840,1365980
2020,외과,S90,7988,14860,14899,383576510,280300650
2020,외과,S91,13282,37041,37155,933984970,684113670
2020,외과,S92,3816,13024,15139,634125300,458678110
2020,외과,S93,27913,56173,57451,1621259370,1174098720
2020,외과,S94,21,35,35,990720,743620
2020,외과,S95,50,114,114,2826900,2085960
2020,외과,S96,281,1113,1205,45697860,33261440
2020,외과,S97,1133,2488,2517,65867130,47576630
2020,외과,S98,12,18,32,1263420,942870
2020,외과,S99,109,167,173,4328580,3228460
2020,외과,T00,371,709,776,21821580,15667610
2020,외과,T01,483,1175,1184,34332770,24713950
2020,외과,T02,5,14,14,355310,285010
2020,외과,T03,263,416,416,20030490,14374490
2020,외과,T04,38,93,93,3326210,2403930
2020,외과,T05,2,2,2,32280,25880
2020,외과,T06,3,7,7,519770,364070
2020,외과,T08,7,91,107,2238710,1848460
2020,외과,T09,461,1191,1191,25480530,19202060
2020,외과,T10,2,7,7,338320,237220
2020,외과,T11,165,454,454,13887490,9834650
2020,외과,T12,1,1,1,31800,22300
2020,외과,T13,290,767,775,19766600,14404050
2020,외과,T14,4462,9535,9591,271527020,195459860
2020,외과,T15,156,165,165,4782410,3429610
2020,외과,T16,212,248,248,7189770,5174270
2020,외과,T17,276,289,289,8305260,5992760
2020,외과,T18,167,205,229,15143020,10985770
2020,외과,T19,4,18,18,575230,403430
2020,외과,T20,5523,27165,30452,2542008680,2059126010
2020,외과,T21,3569,20040,21903,1512407030,1131769040
2020,외과,T22,10080,51193,52367,2851781000,2048151000
2020,외과,T23,22047,109621,112778,7752040200,6197943230
2020,외과,T24,9321,59871,63871,4064192650,2948874860
2020,외과,T25,5895,43118,48412,4079713450,3352541150
2020,외과,T26,66,199,199,11347020,8421210
2020,외과,T27,4,5,11,960400,834000
2020,외과,T28,79,394,624,75931360,63924310
2020,외과,T29,87,253,270,13751390,10054300
2020,외과,T30,1076,3369,3369,144933290,103139360
2020,외과,T31,4847,20202,21496,1952425960,1536958680
2020,외과,T32,1,1,1,20320,16320
2020,외과,T33,269,535,535,15231810,10821160
2020,외과,T34,11,22,22,807150,526980
2020,외과,T35,52,99,99,3251140,2254220
2020,외과,T36,1,1,1,18010,12610
2020,외과,T42,1,1,1,14060,12560
2020,외과,T50,4,39,41,642270,596850
2020,외과,T51,4,4,4,65510,48010
2020,외과,T54,1,1,1,22610,15910
2020,외과,T55,1,1,1,16140,14540
2020,외과,T56,24,140,140,4006880,2665160
2020,외과,T57,4,10,10,534320,374620
2020,외과,T58,4,8,8,555890,389390
2020,외과,T59,1,1,1,30510,21410
2020,외과,T60,13,20,20,287500,248900
2020,외과,T61,1,1,1,18310,12910
2020,외과,T62,1,2,2,33320,29920
2020,외과,T63,1647,2127,2135,40953810,31256260
2020,외과,T65,3,4,4,59040,47640
2020,외과,T66,9,10,10,444710,311810
2020,외과,T67,124,146,166,4005710,3024310
2020,외과,T68,1,1,1,18080,12680
2020,외과,T69,33,51,51,794770,573570
2020,외과,T70,2,3,3,56760,45660
2020,외과,T73,124,188,188,3482920,2739520
2020,외과,T75,9,14,14,236190,180690
2020,외과,T78,1246,2137,2143,39078040,30249990
2020,외과,T79,402,1232,1234,27274620,20552810
2020,외과,T80,11,14,14,441350,313550
2020,외과,T81,3226,10878,11527,416293190,306196620
2020,외과,T82,7,17,17,4214160,3746760
2020,외과,T84,7,39,48,1685920,1309630
2020,외과,T85,195,261,266,10512710,7535790
2020,외과,T87,8,14,14,1686600,1313680
2020,외과,T88,177,392,467,14016740,10243980
2020,외과,T90,9,26,26,1245830,895530
2020,외과,T91,59,171,171,4383650,3441420
2020,외과,T92,85,582,582,21035640,15546840
2020,외과,T93,167,675,675,17175760,13465560
2020,외과,T94,2,3,3,39220,31420
2020,외과,T95,31,75,75,2079250,1549050
2020,외과,T98,52,112,112,3094750,2257250
2020,외과,Z00,909,1194,1199,83203110,59088890
2020,외과,Z01,308,323,323,8383840,6039240
2020,외과,Z02,32,32,32,16140,14540
2020,외과,Z03,279,291,291,14027390,9931040
2020,외과,Z04,165,180,180,4899140,3472490
2020,외과,Z08,94,155,156,14315590,10023160
2020,외과,Z09,78,80,80,4498620,3163520
2020,외과,Z10,46,49,49,1668900,1170700
2020,외과,Z11,3,3,3,110620,77620
2020,외과,Z12,181,273,273,16238440,11291190
2020,외과,Z13,32,39,39,755580,565480
2020,외과,Z20,66,81,80,2967810,2046150
2020,외과,Z21,2,2,1,28490,21290
2020,외과,Z22,4,4,3,80130,56230
2020,외과,Z23,28,38,38,1235240,865800
2020,외과,Z24,10,15,15,321440,225540
2020,외과,Z25,160,203,204,4206710,3208010
2020,외과,Z26,180,239,239,11335730,8014100
2020,외과,Z27,8,8,8,83980,67380
2020,외과,Z29,66,116,117,5045460,3643170
2020,외과,Z30,63,97,97,5123560,3497600
2020,외과,Z31,6,24,24,257270,184470
2020,외과,Z32,3,3,3,143300,100500
2020,외과,Z33,2,5,5,187850,164150
2020,외과,Z34,60,86,86,6168070,5477730
2020,외과,Z37,1,1,1,31500,22100
2020,외과,Z39,5,6,6,169550,118950
2020,외과,Z41,2,2,2,198660,126320
2020,외과,Z42,15,17,32,3400370,2586810
2020,외과,Z43,1,102,102,2202180,1763580
2020,외과,Z44,1,1,1,8070,5670
2020,외과,Z47,60,115,141,6576410,4999600
2020,외과,Z48,3074,7212,7212,152508850,113296450
2020,외과,Z49,1,1,1,16140,14540
2020,외과,Z50,1,1,1,13350,11850
2020,외과,Z51,10,22,28,768940,673770
2020,외과,Z52,10,24,44,2111800,1571320
2020,외과,Z54,107,184,335,15965470,11854600
2020,외과,Z57,2,2,2,69680,46530
2020,외과,Z63,1,4,4,46210,40210
2020,외과,Z70,11,22,22,317520,233120
2020,외과,Z71,528,589,588,9246540,6842840
2020,외과,Z73,17,19,19,536030,406820
2020,외과,Z76,1,1,1,5770,4270
2020,외과,Z80,315,448,450,55453740,39735150
2020,외과,Z82,9,55,55,1094820,794120
2020,외과,Z83,14,18,18,2237630,1658980
2020,외과,Z84,4,4,4,401060,280860
2020,외과,Z85,81,117,118,11873700,8708640
2020,외과,Z86,9,10,10,1215520,868920
2020,외과,Z87,14,17,17,2455160,1908060
2020,외과,Z88,26,42,42,3392770,2475900
2020,외과,Z90,2,3,3,948660,699950
2020,외과,Z91,4,4,4,65010,48110
2020,외과,Z92,91,109,109,10694440,7638940
2020,외과,Z93,5,7,7,534220,504320
2020,외과,Z94,31,122,122,4289770,3252270
2020,외과,Z95,16,85,85,1776050,1394750
2020,외과,Z96,10,18,18,339360,258960
2020,외과,Z98,4250,12328,12384,252687260,186461420
2020,외과,Z99,3,3,3,220490,164450
2020,정형외과,A04,1815,2437,2621,88650180,66648540
2020,정형외과,A05,82,109,111,2690980,2037560
2020,정형외과,A06,1,1,1,22610,18110
2020,정형외과,A07,1,1,1,16140,11340
2020,정형외과,A08,734,1072,1073,19149420,14502110
2020,정형외과,A09,10866,15088,15738,372227790,277338410
2020,정형외과,A15,12,109,109,1938590,1610390
2020,정형외과,A16,11,57,57,1044400,860400
2020,정형외과,A17,2,3,3,69620,52720
2020,정형외과,A18,10,152,152,2575460,2391260
2020,정형외과,A28,13,25,25,889610,633910
2020,정형외과,A31,6,144,144,2199750,1833650
2020,정형외과,A35,46,91,91,3067870,2220670
2020,정형외과,A40,1,2,2,23080,20080
2020,정형외과,A41,8,12,35,2881690,2090580
2020,정형외과,A42,3,6,6,339190,237790
2020,정형외과,A44,2,16,16,442290,310790
2020,정형외과,A46,5,14,19,700670,525480
2020,정형외과,A48,4,8,8,306970,215170
2020,정형외과,A49,790,1834,1886,56645060,40555950
2020,정형외과,A51,6,7,7,421260,310330
2020,정형외과,A52,11,28,34,6491590,4970720
2020,정형외과,A53,10,13,13,497330,388330
2020,정형외과,A54,12,23,23,968890,679490
2020,정형외과,A55,1,1,1,20140,14140
2020,정형외과,A56,6,7,7,254970,187870
2020,정형외과,A57,1,1,1,22380,17980
2020,정형외과,A59,9,18,18,724170,509670
2020,정형외과,A60,168,284,284,13918450,9830850
2020,정형외과,A63,519,1403,1403,55194710,38716010
2020,정형외과,A64,4,4,4,162320,113820
2020,정형외과,A66,3,4,4,93330,69030
2020,정형외과,A67,4,4,4,64560,45360
2020,정형외과,A69,103,175,175,2798360,2183160
2020,정형외과,A74,35,129,129,4502700,3157500
2020,정형외과,A75,19,28,89,6661140,5020310
2020,정형외과,A77,1,2,2,38590,27090
2020,정형외과,A79,1,1,5,423250,326330
2020,정형외과,A81,1,3,3,146410,131910
2020,정형외과,A83,1,2,2,106220,74420
2020,정형외과,A86,1,1,1,16140,14540
2020,정형외과,A88,6,9,9,212710,166810
2020,정형외과,A93,2,2,2,89690,62890
2020,정형외과,A98,1,1,1,18080,12680
2020,정형외과,B00,3863,5935,6020,105638990,77714930
2020,정형외과,B01,28,46,54,1623690,1229940
2020,정형외과,B02,10069,24989,27984,898595300,676761770
2020,정형외과,B07,1290,3248,3258,124120690,89245090
2020,정형외과,B08,45,55,55,1363330,1005790
2020,정형외과,B09,6,6,6,79890,62090
2020,정형외과,B15,8,10,10,429700,301300
2020,정형외과,B16,5,5,5,202280,141880
2020,정형외과,B17,144,264,268,9514280,6833000
2020,정형외과,B18,579,1635,1638,94968230,66855120
2020,정형외과,B19,22,33,33,1070080,777280
2020,정형외과,B24,1,1,1,11540,10040
2020,정형외과,B25,1,1,1,22610,15910
2020,정형외과,B26,34,47,47,988600,721800
2020,정형외과,B30,52,69,69,949220,703820
2020,정형외과,B33,6,6,6,135990,95490
2020,정형외과,B34,9,23,23,392380,275880
2020,정형외과,B35,25225,56902,56940,912217610,689392300
2020,정형외과,B36,359,674,674,11286270,8498170
2020,정형외과,B37,1228,2089,2089,111978140,78800890
2020,정형외과,B43,88,289,301,8892050,6741450
2020,정형외과,B44,2,2,2,26440,24940
2020,정형외과,B45,1,2,15,982030,734100
2020,정형외과,B46,39,93,93,1288700,932100
2020,정형외과,B47,25,50,50,634860,484660
2020,정형외과,B48,107,190,190,2887040,2188440
2020,정형외과,B49,136,343,343,6467600,4834800
2020,정형외과,B50,4,4,4,60400,47800
2020,정형외과,B54,10,10,10,149520,111020
2020,정형외과,B56,1,4,4,60290,51490
2020,정형외과,B65,4,5,5,76350,56350
2020,정형외과,B66,47,66,66,1007400,733600
2020,정형외과,B68,1,1,1,11540,8140
2020,정형외과,B69,1,1,1,16140,14540
2020,정형외과,B71,2,2,2,27680,19480
2020,정형외과,B80,3,3,3,45340,34540
2020,정형외과,B81,2,2,2,204490,143290
2020,정형외과,B82,4,4,4,55360,42760
2020,정형외과,B83,23,26,26,616710,450110
2020,정형외과,B85,14,15,15,341430,240830
2020,정형외과,B86,92,137,137,1957840,1515640
2020,정형외과,B88,180,484,527,16778910,12416150
2020,정형외과,B89,7,8,8,120260,89660
2020,정형외과,B90,15,19,19,566910,406510
2020,정형외과,B91,122,178,186,6169910,4488080
2020,정형외과,B94,2,3,3,55240,42640
2020,정형외과,B98,10,13,13,206570,145270
2020,정형외과,C00,1,1,1,31800,25500
2020,정형외과,C02,8,93,93,2787700,2596340
2020,정형외과,C04,1,1,1,16140,11340
2020,정형외과,C05,1,2,2,68710,65410
2020,정형외과,C06,1,1,1,16140,15340
2020,정형외과,C07,3,14,30,1519690,1255970
2020,정형외과,C08,3,15,15,213400,203600
2020,정형외과,C09,7,16,16,633520,607920
2020,정형외과,C10,4,11,11,228070,191370
2020,정형외과,C11,6,21,21,452720,421020
2020,정형외과,C13,1,1,1,13500,12900
2020,정형외과,C14,1,7,7,335970,319370
2020,정형외과,C15,34,189,203,12069390,11225450
2020,정형외과,C16,302,1051,1158,41492010,38089850
2020,정형외과,C17,8,112,127,3297530,2890130
2020,정형외과,C18,227,1029,1063,31944110,29646470
2020,정형외과,C19,26,122,136,3404700,3128750
2020,정형외과,C20,68,263,301,9198370,8277000
2020,정형외과,C21,4,17,19,624530,457410
2020,정형외과,C22,163,762,830,27214190,25052120
2020,정형외과,C23,16,40,48,1319590,1118570
2020,정형외과,C24,57,310,316,7465940,6848880
2020,정형외과,C25,77,413,421,9635450,8866620
2020,정형외과,C26,2,2,2,93540,88940
2020,정형외과,C30,2,2,2,65690,57230
2020,정형외과,C31,1,4,4,770780,732480
2020,정형외과,C32,9,153,153,2943650,2806350
2020,정형외과,C33,2,2,2,47180,37780
2020,정형외과,C34,263,1245,1388,42383140,38598540
2020,정형외과,C37,8,74,74,1969840,1834640
2020,정형외과,C38,3,9,9,231800,220400
2020,정형외과,C39,3,12,12,262630,230530
2020,정형외과,C40,56,684,724,18925720,16134550
2020,정형외과,C41,37,115,140,5386090,4690090
2020,정형외과,C43,29,154,161,4325060,3940260
2020,정형외과,C44,67,251,322,11225210,9810070
2020,정형외과,C46,2,9,9,278370,249170
2020,정형외과,C47,3,8,8,495220,402720
2020,정형외과,C48,9,61,64,1006380,911170
2020,정형외과,C49,67,724,859,27821510,24458160
2020,정형외과,C50,294,1392,1573,52298450,47440170
2020,정형외과,C52,2,27,27,511220,463320
2020,정형외과,C53,34,203,205,7234490,6705190
2020,정형외과,C54,25,124,138,8944120,8309890
2020,정형외과,C55,4,6,6,324420,308620
2020,정형외과,C56,47,340,340,5764180,5260610
2020,정형외과,C57,8,36,36,577390,515990
2020,정형외과,C58,1,1,1,16140,15340
2020,정형외과,C61,157,893,961,31458180,29090550
2020,정형외과,C63,3,9,9,144940,137240
2020,정형외과,C64,55,191,229,8997480,8070450
2020,정형외과,C65,6,48,48,2020330,1911730
2020,정형외과,C66,3,4,4,83370,79370
2020,정형외과,C67,36,156,155,5416540,5066520
2020,정형외과,C68,1,1,1,22610,21510
2020,정형외과,C70,2,5,5,105110,100010
2020,정형외과,C71,32,280,286,5936620,5535710
2020,정형외과,C72,11,78,78,1561060,1469560
2020,정형외과,C73,170,769,839,28896230,25536320
2020,정형외과,C74,1,7,28,2213350,1979670
2020,정형외과,C75,4,15,15,180330,168130
2020,정형외과,C76,20,37,95,5709100,4566080
2020,정형외과,C77,9,11,10,532800,406630
2020,정형외과,C78,30,113,113,2660290,2494490
2020,정형외과,C79,34,254,276,7089010,6463940
2020,정형외과,C80,31,97,411,26441690,20330080
2020,정형외과,C81,6,26,26,518620,485120
2020,정형외과,C82,5,13,13,259240,238140
2020,정형외과,C83,18,44,44,1108400,982900
2020,정형외과,C84,3,10,10,209470,190620
2020,정형외과,C85,19,34,38,1604010,1467140
2020,정형외과,C86,2,14,14,200220,151020
2020,정형외과,C88,2,22,22,648990,617690
2020,정형외과,C90,32,159,174,4894290,4387380
2020,정형외과,C91,5,56,56,1217320,1136320
2020,정형외과,C92,20,128,128,4308510,4056210
2020,정형외과,C93,1,1,1,24750,19850
2020,정형외과,C94,5,10,10,159960,138960
2020,정형외과,C95,6,75,75,2642170,2506270
2020,정형외과,C96,12,194,194,3894610,3651610
2020,정형외과,C97,1,1,1,39570,27770
2020,정형외과,D00,8,41,41,1145050,1075550
2020,정형외과,D01,31,225,257,9142950,8409610
2020,정형외과,D02,14,50,50,855410,781410
2020,정형외과,D03,18,50,77,4478520,3886680
2020,정형외과,D04,13,81,106,4051160,3308090
2020,정형외과,D05,20,184,184,3670800,3449800
2020,정형외과,D06,26,145,145,6141720,5662520
2020,정형외과,D07,8,21,30,895920,811770
2020,정형외과,D09,8,22,24,767480,725170
2020,정형외과,D10,20,39,41,2142070,1552310
2020,정형외과,D11,28,47,66,2528090,1894140
2020,정형외과,D12,361,501,519,169787730,121069420
2020,정형외과,D13,56,91,117,7568240,5513970
2020,정형외과,D14,34,61,87,2745670,2047360
2020,정형외과,D15,17,27,36,1531140,1138240
2020,정형외과,D16,1650,2930,3432,168289840,124166430
2020,정형외과,D17,17199,57942,61332,3127971580,2272169230
2020,정형외과,D18,855,2144,2388,124918590,91026790
2020,정형외과,D19,260,705,730,35561340,25829250
2020,정형외과,D20,3,13,22,899260,665660
2020,정형외과,D21,12648,42245,44737,2220637320,1610868210
2020,정형외과,D22,19,44,44,1462600,1080180
2020,정형외과,D23,6257,20817,21350,929543830,673535500
2020,정형외과,D24,65,91,100,3421970,2564760
2020,정형외과,D25,67,93,116,5096560,3723150
2020,정형외과,D26,26,40,56,2638860,1894500
2020,정형외과,D27,25,45,45,1234030,879130
2020,정형외과,D28,5,7,7,392450,279450
2020,정형외과,D29,15,28,28,1284110,888740
2020,정형외과,D30,26,47,47,2085610,1607210
2020,정형외과,D31,5,5,5,88700,70500
2020,정형외과,D32,79,701,739,17262330,15472340
2020,정형외과,D33,89,561,668,28145330,23527680
2020,정형외과,D34,85,144,144,4667620,3420320
2020,정형외과,D35,31,113,113,3675930,2975530
2020,정형외과,D36,973,2690,2963,158672930,115284850
2020,정형외과,D37,36,101,104,4327810,3817800
2020,정형외과,D38,5,20,23,798740,678410
2020,정형외과,D39,10,22,22,534750,491450
2020,정형외과,D40,2,2,7,369000,281740
2020,정형외과,D41,5,10,10,360650,278850
2020,정형외과,D42,4,16,26,1304690,1058240
2020,정형외과,D43,29,163,240,10260270,8521920
2020,정형외과,D44,23,57,57,1968280,1555280
2020,정형외과,D45,2,14,14,276030,263330
2020,정형외과,D46,9,55,54,1371030,1264210
2020,정형외과,D47,29,136,160,12402510,11242830
2020,정형외과,D48,428,928,1122,53347870,41553570
2020,정형외과,D50,1337,2535,2547,76250490,55371560
2020,정형외과,D51,22,74,74,1271270,968470
2020,정형외과,D52,19,45,45,997200,727200
2020,정형외과,D53,57,105,105,2707150,2046750
2020,정형외과,D55,1,1,1,29060,20360
2020,정형외과,D58,1,1,1,55660,39060
2020,정형외과,D59,1,1,1,24200,21800
2020,정형외과,D60,1,1,1,19080,13380
2020,정형외과,D61,6,18,18,715760,616360
2020,정형외과,D62,2,3,3,64390,45190
2020,정형외과,D63,4,41,41,597930,520130
2020,정형외과,D64,686,1238,1238,44623380,33368590
2020,정형외과,D66,9,122,122,2162870,1866670
2020,정형외과,D67,1,2,2,40620,36620
2020,정형외과,D68,13,81,80,1726800,1474000
2020,정형외과,D69,104,161,161,3826430,2754510
2020,정형외과,D70,1,2,2,75380,52880
2020,정형외과,D72,41,60,58,1637400,1171550
2020,정형외과,D73,2,2,2,54940,41540
2020,정형외과,D75,8,10,10,210480,151580
2020,정형외과,D76,5,12,14,714980,573490
2020,정형외과,D80,2,4,4,224110,194710
2020,정형외과,D81,1,1,1,20140,14140
2020,정형외과,D84,11,108,108,1784970,1480640
2020,정형외과,D86,6,40,40,949630,853230
2020,정형외과,D89,1,2,2,23080,20080
2020,정형외과,E02,3,3,3,47820,33620
2020,정형외과,E03,1903,6450,6458,186761040,135091590
2020,정형외과,E04,153,203,203,9287770,6581560
2020,정형외과,E05,474,1591,1591,57333930,40828110
2020,정형외과,E06,131,238,238,8993940,6449440
2020,정형외과,E07,408,680,680,26778060,19244820
2020,정형외과,E10,676,3315,3512,95592670,72499450
2020,정형외과,E11,18386,97021,97856,2308941290,1752607150
2020,정형외과,E12,25,68,67,1429840,1080250
2020,정형외과,E13,1210,5384,5651,122702080,94266520
2020,정형외과,E14,4665,20888,21457,508170880,387173680
2020,정형외과,E15,3,3,3,75900,56800
2020,정형외과,E16,557,1709,1710,93668020,75582190
2020,정형외과,E20,12,34,34,543770,398970
2020,정형외과,E21,7,18,18,643270,506870
2020,정형외과,E22,18,63,63,3113470,2481670
2020,정형외과,E23,26,123,123,2449770,1797170
2020,정형외과,E24,6,14,14,278040,239440
2020,정형외과,E25,3,9,9,271710,237710
2020,정형외과,E26,3,14,14,282880,220280
2020,정형외과,E27,18,37,37,2274010,1551900
2020,정형외과,E28,23,44,44,861210,617210
2020,정형외과,E29,5,14,14,181980,131380
2020,정형외과,E30,66,121,121,2384430,1684630
2020,정형외과,E32,4,5,5,104570,73470
2020,정형외과,E34,92,136,143,6485990,4855550
2020,정형외과,E35,6,11,11,515910,367410
2020,정형외과,E41,23,24,31,919140,690620
2020,정형외과,E43,1,1,1,16140,14540
2020,정형외과,E44,8,12,12,182360,138760
2020,정형외과,E45,20,21,21,363870,255570
2020,정형외과,E46,51,70,80,2121830,1563870
2020,정형외과,E50,580,1021,1021,14355780,10416980
2020,정형외과,E53,21,28,28,548290,421690
2020,정형외과,E54,4,11,11,157540,126440
2020,정형외과,E55,6762,12080,12094,295678810,215226550
2020,정형외과,E56,453,787,787,16536180,12768680
2020,정형외과,E58,865,1845,1845,90464200,65195100
2020,정형외과,E61,74,135,135,2388290,1878990
2020,정형외과,E63,212,321,326,6857030,5223890
2020,정형외과,E64,29,39,39,629270,494670
2020,정형외과,E65,60,65,65,1177990,885390
2020,정형외과,E66,548,1226,1226,18147510,12866470
2020,정형외과,E67,1,1,1,11540,8140
2020,정형외과,E70,10,16,16,644750,452050
2020,정형외과,E71,1,3,3,39220,27620
2020,정형외과,E72,1,1,1,14900,14900
2020,정형외과,E73,1,5,5,59770,42070
2020,정형외과,E74,2,2,2,106520,95920
2020,정형외과,E75,3,6,6,46640,32840
2020,정형외과,E77,1,1,1,17210,12110
2020,정형외과,E78,14984,45467,45527,999826060,734870820
2020,정형외과,E79,193,521,524,8950910,6627760
2020,정형외과,E80,2,2,2,23080,16280
2020,정형외과,E83,2530,6035,6081,150770060,114013610
2020,정형외과,E84,7,11,11,349970,245570
2020,정형외과,E86,1152,2295,2398,77462130,61301100
2020,정형외과,E87,152,208,226,12367590,9172950
2020,정형외과,E88,179,384,403,20705310,15216580
2020,정형외과,E89,46,127,127,3167930,2273230
2020,정형외과,E90,1,1,1,23770,19070
2020,정형외과,F00,1126,5645,5645,111095730,85067030
2020,정형외과,F01,88,243,243,4944500,4022100
2020,정형외과,F02,31,76,78,1969100,1600240
2020,정형외과,F03,381,1136,1174,32219640,25640550
2020,정형외과,F05,17,23,28,820650,646120
2020,정형외과,F06,5325,14234,14233,252951280,203832890
2020,정형외과,F07,284,512,532,12860790,9876440
2020,정형외과,F09,6,16,16,232290,186590
2020,정형외과,F10,47,120,140,7760430,5933650
2020,정형외과,F11,2,4,4,29550,20850
2020,정형외과,F13,2,2,2,27680,19480
2020,정형외과,F17,16,31,31,549000,391400
2020,정형외과,F19,2,2,2,32280,25880
2020,정형외과,F20,26,146,146,3096380,2701180
2020,정형외과,F22,6,34,34,2309540,2023040
2020,정형외과,F23,1,1,1,20140,16140
2020,정형외과,F25,5,39,39,2363500,2129400
2020,정형외과,F29,2,5,5,76910,67510
2020,정형외과,F30,8,17,17,164000,134900
2020,정형외과,F31,93,406,406,15210830,12018630
2020,정형외과,F32,795,2189,2188,37537780,29097740
2020,정형외과,F33,73,223,223,3013660,2424660
2020,정형외과,F34,34,81,81,1141530,881830
2020,정형외과,F38,92,201,214,7555980,5494120
2020,정형외과,F39,56,137,136,2905320,2246380
2020,정형외과,F40,24,47,47,1152900,893100
2020,정형외과,F41,2176,5548,5687,200622070,158657270
2020,정형외과,F42,4,4,4,190380,146780
2020,정형외과,F43,58,173,173,7222230,5696170
2020,정형외과,F44,2,2,2,35740,29940
2020,정형외과,F45,777,2076,2078,36430140,27658380
2020,정형외과,F48,1445,2301,2306,51376650,38381600
2020,정형외과,F50,70,248,248,3613530,2732530
2020,정형외과,F51,3518,9727,9726,146880260,114670480
2020,정형외과,F52,139,222,222,1996430,1514730
2020,정형외과,F54,3,5,5,84980,59780
2020,정형외과,F55,1,2,2,71430,50130
2020,정형외과,F59,5,9,9,130860,92060
2020,정형외과,F60,5,15,15,359860,268660
2020,정형외과,F66,1,1,1,16140,11340
2020,정형외과,F70,1,1,1,11540,8140
2020,정형외과,F78,2,4,4,59960,42160
2020,정형외과,F79,2,2,2,32280,22680
2020,정형외과,F80,4,4,4,68260,57460
2020,정형외과,F81,1,1,1,34290,24090
2020,정형외과,F84,9,13,13,279250,204450
2020,정형외과,F88,1,1,1,67000,46900
2020,정형외과,F89,1,1,1,67000,46900
2020,정형외과,F90,15,72,72,2637780,1976580
2020,정형외과,F92,25,95,97,1406290,1098430
2020,정형외과,F95,34,56,56,2676190,1992490
2020,정형외과,F98,10,10,10,251680,176680
2020,정형외과,F99,1,1,1,16140,11340
2020,정형외과,G03,9,20,20,1051120,736760
2020,정형외과,G04,6,23,23,377090,271990
2020,정형외과,G05,49,86,96,2603210,1927160
2020,정형외과,G06,6,15,28,1441730,1089140
2020,정형외과,G07,1,1,2,142700,111710
2020,정형외과,G09,7,8,8,391820,310120
2020,정형외과,G11,27,271,271,5066890,4307190
2020,정형외과,G12,42,378,433,8044300,6568830
2020,정형외과,G13,1,1,1,34990,24590
2020,정형외과,G14,396,726,726,14597340,10756680
2020,정형외과,G20,495,2781,2813,68094900,59490320
2020,정형외과,G21,134,273,287,5542470,4528150
2020,정형외과,G22,13,42,42,826910,727610
2020,정형외과,G23,31,188,188,1999100,1617900
2020,정형외과,G24,420,732,732,18546580,13487250
2020,정형외과,G25,2256,6365,6399,132323660,101787240
2020,정형외과,G26,2,2,2,33760,26760
2020,정형외과,G30,118,460,460,11296180,8661380
2020,정형외과,G31,8697,22467,22465,392867210,315247830
2020,정형외과,G32,12,29,112,9252130,6830850
2020,정형외과,G35,19,164,164,3712360,3293760
2020,정형외과,G36,2,16,16,616460,555660
2020,정형외과,G37,5,10,10,201820,141620
2020,정형외과,G40,220,988,988,13733040,10423060
2020,정형외과,G41,29,87,87,1111760,909760
2020,정형외과,G43,5779,10663,10708,276900810,200794980
2020,정형외과,G44,5006,10912,11043,419992860,300942490
2020,정형외과,G45,172,589,593,15430210,11866280
2020,정형외과,G46,249,494,493,25978930,18825530
2020,정형외과,G47,11234,31288,31536,496713150,381213570
2020,정형외과,G50,586,1508,1627,79631540,59198010
2020,정형외과,G51,836,3421,3487,75323340,56483400
2020,정형외과,G52,34,108,114,2631510,2090030
2020,정형외과,G53,1895,6556,6844,251539200,188175330
2020,정형외과,G54,4398,13598,14121,676393240,486344920
2020,정형외과,G55,2879,13922,15170,538815090,400168340
2020,정형외과,G56,50692,150584,158521,6340383520,4620166060
2020,정형외과,G57,14614,41261,41960,1365508880,995169630
2020,정형외과,G58,5789,12825,12874,473731720,344699140
2020,정형외과,G59,299,903,908,19564360,15098440
2020,정형외과,G60,29,84,94,10716020,9353900
2020,정형외과,G61,42,515,515,9738810,8420510
2020,정형외과,G62,610,1537,1610,60583690,45899820
2020,정형외과,G63,998,3320,3331,81480640,63106750
2020,정형외과,G64,1937,4173,4182,102078230,75666530
2020,정형외과,G70,40,144,173,5895450,4888450
2020,정형외과,G71,51,449,448,9566100,8464500
2020,정형외과,G72,21,30,44,1911940,1429320
2020,정형외과,G73,14,21,51,680770,515600
2020,정형외과,G80,197,642,669,13681620,10080630
2020,정형외과,G81,529,1731,1755,36157300,27247140
2020,정형외과,G82,206,774,774,13914160,10530560
2020,정형외과,G83,278,827,922,26657180,19886720
2020,정형외과,G90,200,433,433,10952170,8042470
2020,정형외과,G91,27,35,35,2495600,1803100
2020,정형외과,G93,281,441,447,12584820,9240670
2020,정형외과,G94,10,10,10,998430,709930
2020,정형외과,G95,266,1040,1286,42651740,32957650
2020,정형외과,G96,18,30,37,2620660,1993610
2020,정형외과,G97,3,4,10,704240,528460
2020,정형외과,G98,12,16,16,540350,390450
2020,정형외과,G99,34,249,279,5255940,3881890
2020,정형외과,H00,1265,1684,1686,27817210,20121870
2020,정형외과,H01,413,540,540,8334480,6198980
2020,정형외과,H02,57,75,74,1825660,1350460
2020,정형외과,H03,6,7,14,1096050,839970
2020,정형외과,H04,1567,2758,2758,41295860,30409950
2020,정형외과,H05,78,138,151,3297770,2401160
2020,정형외과,H06,1,1,1,12600,11100
2020,정형외과,H10,2068,3055,3054,46280360,35290960
2020,정형외과,H11,930,1685,1685,24186520,17811120
2020,정형외과,H13,12,16,16,221040,180240
2020,정형외과,H15,9,11,11,174940,129240
2020,정형외과,H16,367,554,553,8660270,6365090
2020,정형외과,H18,7,16,16,229510,188510
2020,정형외과,H19,71,121,121,1773850,1309450
2020,정형외과,H20,11,12,13,281030,213670
2020,정형외과,H21,1,1,1,13350,9350
2020,정형외과,H25,216,475,475,7706760,6207460
2020,정형외과,H26,76,152,152,2165950,1736250
2020,정형외과,H28,2,5,5,60660,50960
2020,정형외과,H30,1,1,1,11540,10040
2020,정형외과,H33,4,4,6,186990,140480
2020,정형외과,H34,11,35,35,408070,308370
2020,정형외과,H35,37,232,232,6494210,5709010
2020,정형외과,H36,84,199,198,4921840,3846050
2020,정형외과,H40,178,367,377,6437830,5027050
2020,정형외과,H42,4,11,11,364620,259620
2020,정형외과,H43,4,4,4,124040,88940
2020,정형외과,H44,20,38,38,822370,627270
2020,정형외과,H45,2,3,3,39550,27850
2020,정형외과,H47,3,3,3,48420,34020
2020,정형외과,H49,2,3,3,61820,46620
2020,정형외과,H50,17,25,26,800370,593050
2020,정형외과,H51,1,1,1,16140,11340
2020,정형외과,H52,180,195,195,11125890,7859490
2020,정형외과,H53,13,16,16,279430,212150
2020,정형외과,H54,4,4,4,158570,117570
2020,정형외과,H55,2,2,2,32280,22680
2020,정형외과,H57,21,28,28,651180,486280
2020,정형외과,H58,1,2,2,31040,26240
2020,정형외과,H59,6,12,12,178630,134530
2020,정형외과,H60,1196,2152,2159,44590250,32305940
2020,정형외과,H61,75,135,139,5268190,3839700
2020,정형외과,H62,12,13,13,206590,157190
2020,정형외과,H65,148,374,374,5639010,4416560
2020,정형외과,H66,485,1116,1116,16648900,12873500
2020,정형외과,H67,8,9,9,119860,86160
2020,정형외과,H68,3,4,4,126360,88660
2020,정형외과,H69,4,6,6,78440,60940
2020,정형외과,H70,16,24,26,639850,466580
2020,정형외과,H71,3,3,7,1007960,740950
2020,정형외과,H72,4,5,5,80450,63350
2020,정형외과,H74,3,24,24,481430,339030
2020,정형외과,H81,3702,7208,7305,160385450,123263740
2020,정형외과,H82,71,120,134,4466920,3440350
2020,정형외과,H83,5,6,6,117800,85900
2020,정형외과,H90,7,10,10,146940,109640
2020,정형외과,H91,37,45,44,1917000,1402430
2020,정형외과,H92,52,57,57,935660,697960
2020,정형외과,H93,320,662,661,11204460,8749570
2020,정형외과,I00,89,265,272,9994010,7829160
2020,정형외과,I01,1,1,1,11540,10040
2020,정형외과,I05,7,26,26,1010160,745960
2020,정형외과,I07,3,4,4,305070,215570
2020,정형외과,I08,9,29,29,570880,468580
2020,정형외과,I09,1,1,1,16140,11340
2020,정형외과,I10,87920,450528,450975,8065171430,6246680850
2020,정형외과,I11,535,2104,2148,38230940,29932820
2020,정형외과,I12,70,433,433,12585340,9546340
2020,정형외과,I13,1382,2339,2339,178391680,125564180
2020,정형외과,I15,262,1494,1494,28506900,22941800
2020,정형외과,I20,894,2801,2821,66449950,50912070
2020,정형외과,I21,68,189,228,7364540,6157280
2020,정형외과,I22,4,5,5,76100,68200
2020,정형외과,I23,5,8,8,119120,92720
2020,정형외과,I24,10,49,49,327480,270280
2020,정형외과,I25,67,299,299,5657790,4326060
2020,정형외과,I26,7,18,18,272070,224470
2020,정형외과,I27,80,169,169,2161630,1801130
2020,정형외과,I30,1,9,9,170690,119590
2020,정형외과,I31,6,26,26,1161370,895040
2020,정형외과,I34,8,37,37,690610,544410
2020,정형외과,I35,31,156,156,6087020,4428820
2020,정형외과,I36,4,5,5,364980,257680
2020,정형외과,I37,1,1,0,234880,141640
2020,정형외과,I38,1,1,1,22610,18110
2020,정형외과,I39,3,6,6,169600,120900
2020,정형외과,I40,3,5,5,228170,160070
2020,정형외과,I42,28,169,183,7398600,6398020
2020,정형외과,I44,4,16,16,564360,428360
2020,정형외과,I45,4,4,4,158980,111480
2020,정형외과,I46,1,1,1,34310,24110
2020,정형외과,I47,61,124,123,2510450,1839550
2020,정형외과,I48,231,1072,1071,30385990,23026380
2020,정형외과,I49,376,1028,1034,25424530,19148150
2020,정형외과,I50,209,548,550,13160720,10339800
2020,정형외과,I51,78,161,160,4368550,3354390
2020,정형외과,I52,2,3,3,33450,23550
2020,정형외과,I60,15,39,93,4000410,2937990
2020,정형외과,I61,93,331,411,12102720,9242350
2020,정형외과,I62,10,13,13,894400,649800
2020,정형외과,I63,1054,4369,4774,127427960,97997700
2020,정형외과,I64,87,163,169,5407340,4139190
2020,정형외과,I65,140,744,777,18770050,14712110
2020,정형외과,I66,27,100,100,3509840,2607840
2020,정형외과,I67,441,1678,1764,55949280,41574460
2020,정형외과,I68,43,80,80,1695260,1316260
2020,정형외과,I69,544,1651,1719,40191350,31782610
2020,정형외과,I70,477,1490,1581,36440410,28221830
2020,정형외과,I71,15,37,37,1037170,794370
2020,정형외과,I72,18,23,24,706400,519100
2020,정형외과,I73,6792,15926,15971,345806470,263444540
2020,정형외과,I74,100,219,228,4693640,3646490
2020,정형외과,I77,38,74,74,1268360,989960
2020,정형외과,I78,129,224,224,4832690,3646910
2020,정형외과,I79,38,155,155,3336610,2754070
2020,정형외과,I80,849,1825,1883,45454270,34431110
2020,정형외과,I81,1,1,1,16140,14540
2020,정형외과,I82,40,55,55,1287430,956830
2020,정형외과,I83,2956,6267,6426,184178860,138467810
2020,정형외과,I85,1,1,1,47410,33210
2020,정형외과,I86,202,289,295,6610030,4932050
2020,정형외과,I87,5338,10742,10749,245580510,182761310
2020,정형외과,I88,301,487,491,10537840,7599450
2020,정형외과,I89,1818,3733,3740,92619110,69455460
2020,정형외과,I95,114,138,138,4286680,3083680
2020,정형외과,I97,16,34,34,779300,562500
2020,정형외과,I98,2,3,3,39220,27620
2020,정형외과,I99,34,63,63,952400,759100
2020,정형외과,J00,21604,37556,37592,625347650,479982320
2020,정형외과,J01,2816,4708,4720,83665120,62207650
2020,정형외과,J02,9148,15128,15161,254229040,191843840
2020,정형외과,J03,13716,21848,22053,386622580,286763270
2020,정형외과,J04,8763,15679,15716,266122720,203017790
2020,정형외과,J05,18,27,27,441640,338140
2020,정형외과,J06,22534,39121,39158,646806830,496678330
2020,정형외과,J09,30,41,44,971720,700830
2020,정형외과,J10,1311,1830,2529,135168490,110128110
2020,정형외과,J11,878,1191,1377,45118530,35228370
2020,정형외과,J12,100,118,135,4279360,3419170
2020,정형외과,J13,2,2,2,85460,59960
2020,정형외과,J14,1,1,1,16140,11340
2020,정형외과,J15,252,533,579,15586100,11749640
2020,정형외과,J16,25,34,34,714310,525510
2020,정형외과,J17,3,9,9,132440,93140
2020,정형외과,J18,1305,2096,2517,111738160,84905960
2020,정형외과,J20,44339,84060,84313,1410906880,1067646220
2020,정형외과,J21,3831,7546,7554,128987380,99071870
2020,정형외과,J22,2546,4102,4113,77869260,57497160
2020,정형외과,J30,23242,43605,43646,717557830,543307620
2020,정형외과,J31,198,334,334,5814480,4262480
2020,정형외과,J32,862,1264,1271,24038900,17598470
2020,정형외과,J33,6,12,12,501890,362790
2020,정형외과,J34,241,311,332,7820340,5734330
2020,정형외과,J35,524,655,686,12830080,9357980
2020,정형외과,J36,3412,6206,6253,114297580,84004470
2020,정형외과,J37,29,172,172,2342820,1959720
2020,정형외과,J38,42,78,89,2469480,1811580
2020,정형외과,J39,282,423,441,8442240,6298670
2020,정형외과,J40,10660,19796,20002,327484260,253876690
2020,정형외과,J41,1631,3101,3105,49212900,39072090
2020,정형외과,J42,1659,3740,3776,67626450,53399270
2020,정형외과,J43,27,62,62,1490170,1122870
2020,정형외과,J44,497,1343,1353,26509970,21119320
2020,정형외과,J45,3248,8452,8517,153648460,118162700
2020,정형외과,J46,72,208,208,3154500,2505100
2020,정형외과,J47,75,174,175,4499230,3396640
2020,정형외과,J60,3,3,5,286140,217190
2020,정형외과,J61,2,2,2,66640,49240
2020,정형외과,J64,1,1,1,16140,14540
2020,정형외과,J67,4,4,4,74880,59580
2020,정형외과,J68,3,3,3,59870,42070
2020,정형외과,J69,5,12,12,380690,305590
2020,정형외과,J70,7,7,7,191870,138570
2020,정형외과,J80,3,3,3,109950,80250
2020,정형외과,J81,17,29,29,607550,487550
2020,정형외과,J82,2,5,5,175940,134940
2020,정형외과,J84,140,284,304,6721300,5356530
2020,정형외과,J85,6,7,7,358860,279460
2020,정형외과,J86,5,58,58,1176960,824760
2020,정형외과,J90,46,66,70,3228570,2582810
2020,정형외과,J91,4,7,7,170960,122060
2020,정형외과,J92,2,3,3,58190,40890
2020,정형외과,J93,307,460,510,16985170,12407880
2020,정형외과,J94,30,59,68,2669710,1983870
2020,정형외과,J96,4,4,4,236030,167430
2020,정형외과,J98,204,313,320,11956710,8698780
2020,정형외과,K00,1,1,1,23080,16180
2020,정형외과,K01,6,9,9,146070,105670
2020,정형외과,K02,14,21,21,399070,311870
2020,정형외과,K03,3,4,4,81250,57050
2020,정형외과,K04,168,275,275,4548770,3431270
2020,정형외과,K05,1204,2083,2083,33073770,25613770
2020,정형외과,K06,17,30,31,1063060,791760
2020,정형외과,K07,15132,29619,29631,734880180,532702540
2020,정형외과,K08,289,378,378,6320580,4798980
2020,정형외과,K09,13,25,25,512830,366230
2020,정형외과,K10,344,592,592,15239210,10933360
2020,정형외과,K11,159,215,215,4081810,3009510
2020,정형외과,K12,1779,2800,2813,48586940,37143410
2020,정형외과,K13,82,108,108,1790040,1393540
2020,정형외과,K14,171,236,236,3889920,3019220
2020,정형외과,K20,201,324,323,7945000,5804620
2020,정형외과,K21,26422,58453,59346,1561349560,1140737850
2020,정형외과,K22,36,48,48,675540,524740
2020,정형외과,K23,3,5,5,137220,98120
2020,정형외과,K25,4508,8465,8575,187223700,139346410
2020,정형외과,K26,506,835,842,37039180,26361070
2020,정형외과,K27,1694,3070,3143,58179760,44453850
2020,정형외과,K28,18,32,32,508900,401400
2020,정형외과,K29,84163,193572,194250,5484362960,3969034920
2020,정형외과,K30,10082,19538,19713,469592540,346150890
2020,정형외과,K31,378,553,556,15178800,11240370
2020,정형외과,K35,261,352,357,10714200,7723420
2020,정형외과,K36,43,59,64,1745020,1248100
2020,정형외과,K37,103,145,145,4419760,3173610
2020,정형외과,K38,8,10,10,387570,272120
2020,정형외과,K40,321,468,494,16128590,12560590
2020,정형외과,K41,36,92,105,2340440,1777400
2020,정형외과,K42,23,55,54,1176000,921900
2020,정형외과,K43,61,85,88,1905940,1529800
2020,정형외과,K44,2,2,2,33300,25300
2020,정형외과,K45,8,15,15,262930,225330
2020,정형외과,K46,106,176,178,3520700,2813540
2020,정형외과,K50,67,160,169,6064390,4759860
2020,정형외과,K51,49,100,100,2564100,2136300
2020,정형외과,K52,5998,8748,8883,170879750,128802780
2020,정형외과,K55,5,12,26,1471150,1087250
2020,정형외과,K56,111,206,244,9230230,7090860
2020,정형외과,K57,93,159,170,10071010,7285400
2020,정형외과,K58,7493,10579,10716,247863990,185367990
2020,정형외과,K59,13369,27179,27570,643227300,482389450
2020,정형외과,K60,88,201,222,14261510,11218470
2020,정형외과,K61,251,602,659,28421270,21944370
2020,정형외과,K62,108,122,125,5592630,4046010
2020,정형외과,K63,701,884,884,230435110,161783820
2020,정형외과,K64,946,1831,1861,89319590,69647270
2020,정형외과,K65,19,33,33,662340,470580
2020,정형외과,K66,8,18,18,830490,570510
2020,정형외과,K70,355,706,764,26655630,19276330
2020,정형외과,K71,145,275,281,8535760,6156510
2020,정형외과,K72,31,56,70,2607630,1949990
2020,정형외과,K73,837,1774,1770,57734450,41481780
2020,정형외과,K74,108,249,268,8473190,6244810
2020,정형외과,K75,1219,2286,2475,99298120,72780360
2020,정형외과,K76,3058,4817,5143,172673700,123300830
2020,정형외과,K77,24,34,34,1217380,875780
2020,정형외과,K80,356,814,897,33657280,24295580
2020,정형외과,K81,147,324,366,14448930,10924830
2020,정형외과,K82,91,146,170,10476420,7223840
2020,정형외과,K83,29,64,66,1844150,1379080
2020,정형외과,K85,41,49,94,7526060,5708180
2020,정형외과,K86,46,85,85,2630110,1918420
2020,정형외과,K87,7,8,8,413840,254840
2020,정형외과,K90,13,40,40,817840,665440
2020,정형외과,K91,25,57,59,1367260,1024630
2020,정형외과,K92,121,165,165,4292490,3218390
2020,정형외과,K93,1,1,1,16140,11340
2020,정형외과,L00,7,12,12,357020,256620
2020,정형외과,L01,322,725,725,13819120,10584480
2020,정형외과,L02,30016,102185,104130,2709817550,1990963350
2020,정형외과,L03,127846,340313,353473,9815178850,7187975620
2020,정형외과,L04,1692,2651,2664,51089560,37323040
2020,정형외과,L05,220,612,644,21016430,15321060
2020,정형외과,L08,4176,10102,10655,274096110,202623030
2020,정형외과,L10,15,28,27,659820,471130
2020,정형외과,L12,1,1,1,24850,19950
2020,정형외과,L13,137,227,234,4636550,3459740
2020,정형외과,L14,6,27,27,744310,535610
2020,정형외과,L20,2210,4198,4204,64489690,49459460
2020,정형외과,L21,1971,3108,3108,48415800,37398900
2020,정형외과,L22,8,15,15,225660,193560
2020,정형외과,L23,19965,34583,34614,571208070,442479990
2020,정형외과,L24,1406,2913,2912,47867660,38178990
2020,정형외과,L25,3651,6081,6079,100329160,77180880
2020,정형외과,L26,14,50,50,1101600,800900
2020,정형외과,L27,242,358,358,6950860,5269560
2020,정형외과,L28,929,1601,1599,29364070,22436960
2020,정형외과,L29,3098,5001,5021,91235600,70909380
2020,정형외과,L30,5848,9308,9330,155677530,120963740
2020,정형외과,L40,420,962,962,15053970,11296970
2020,정형외과,L41,5,6,6,88000,67000
2020,정형외과,L42,8,12,12,208180,146080
2020,정형외과,L43,5,5,5,86040,62940
2020,정형외과,L44,8,12,12,183180,130580
2020,정형외과,L50,15253,26181,26250,458826680,352968350
2020,정형외과,L51,6,8,8,136850,100250
2020,정형외과,L52,25,36,40,1125220,834180
2020,정형외과,L53,38,102,102,1604620,1183520
2020,정형외과,L54,2,2,2,36020,27820
2020,정형외과,L55,33,129,129,3302640,2335440
2020,정형외과,L56,15,30,30,445420,315620
2020,정형외과,L57,22,36,36,819910,595510
2020,정형외과,L58,3,4,4,369880,259180
2020,정형외과,L59,2,2,2,32280,22680
2020,정형외과,L60,59625,220275,221003,6553021060,4711214450
2020,정형외과,L62,12,13,13,371680,262380
2020,정형외과,L63,169,354,354,7238040,5107440
2020,정형외과,L64,87,206,206,2792750,2007350
2020,정형외과,L65,139,238,238,3808890,2699590
2020,정형외과,L66,72,117,117,2241550,1629250
2020,정형외과,L67,3,4,4,43820,30820
2020,정형외과,L68,1,1,1,0,0
2020,정형외과,L70,509,876,876,12812310,9031110
2020,정형외과,L71,20,49,49,599720,439620
2020,정형외과,L72,8188,32735,33236,1349130370,974282630
2020,정형외과,L73,46,71,71,1296910,910480
2020,정형외과,L74,24,38,38,709580,530580
2020,정형외과,L75,11,15,15,324500,232200
2020,정형외과,L80,25,29,29,491180,370580
2020,정형외과,L81,83,95,95,1524770,1122870
2020,정형외과,L82,12,28,28,625900,501500
2020,정형외과,L83,1,1,1,20140,14140
2020,정형외과,L84,14310,44924,45353,1646453430,1192688540
2020,정형외과,L85,689,1052,1054,19327470,14411460
2020,정형외과,L86,15,20,20,267390,197890
2020,정형외과,L87,3,6,6,106910,77310
2020,정형외과,L88,35,338,341,8680040,7106120
2020,정형외과,L89,1305,9536,9761,258475860,201522390
2020,정형외과,L90,174,491,512,14161870,10265190
2020,정형외과,L91,222,324,324,8298430,5962650
2020,정형외과,L92,464,1087,1093,49547600,35777600
2020,정형외과,L93,8,9,9,214280,150380
2020,정형외과,L94,10,24,34,2678480,2032640
2020,정형외과,L95,69,149,149,3000260,2155360
2020,정형외과,L97,88,727,727,16709010,12531110
2020,정형외과,L98,350,2110,2182,58645690,43906830
2020,정형외과,L99,2,2,2,52810,37110
2020,정형외과,M00,2173,9187,14133,1000148020,748274930
2020,정형외과,M01,31,70,169,20898400,15309690
2020,정형외과,M02,410,1042,1067,34814410,25662050
2020,정형외과,M03,7,20,20,358060,259560
2020,정형외과,M05,3235,21887,22662,795973300,677462200
2020,정형외과,M06,14012,46413,47039,1253376230,921646190
2020,정형외과,M07,656,1795,1806,38951490,30505780
2020,정형외과,M08,115,317,317,9068200,6980320
2020,정형외과,M09,6,8,8,166860,117160
2020,정형외과,M10,126177,435938,438807,9288166180,6745213770
2020,정형외과,M11,475,1568,1638,50422350,36388630
2020,정형외과,M12,9342,32481,32909,900217870,655058240
2020,정형외과,M13,174733,588181,596743,19431950300,14176142500
2020,정형외과,M14,141,582,597,12189580,9101100
2020,정형외과,M15,15711,57232,57623,1413658430,1060737810
2020,정형외과,M16,13492,41513,44388,1393963160,1046455300
2020,정형외과,M17,1021480,5653819,5805169,2.43201E+11,1.73724E+11
2020,정형외과,M18,2866,9406,9426,210860850,155280800
2020,정형외과,M19,268297,881922,893948,25856800580,19076256650
2020,정형외과,M20,20121,47708,67866,5737188520,4245690450
2020,정형외과,M21,8992,18792,23807,1552003870,1144106770
2020,정형외과,M22,55337,136595,137675,3931306690,2780045810
2020,정형외과,M23,71496,216322,246506,11232158650,8102040340
2020,정형외과,M24,41502,178216,187211,5991900400,4347004150
2020,정형외과,M25,290520,799839,807090,26504609130,19063870460
2020,정형외과,M30,7,21,21,428930,359730
2020,정형외과,M31,24,33,33,737920,602550
2020,정형외과,M32,63,582,606,16318400,13367660
2020,정형외과,M33,18,31,47,2061060,1660740
2020,정형외과,M34,16,109,109,3754990,3267890
2020,정형외과,M35,224,1135,1182,34306310,29780630
2020,정형외과,M36,15,138,157,4136350,3243420
2020,정형외과,M40,13779,49101,49517,1572325980,1136962030
2020,정형외과,M41,22155,70380,70819,1877152140,1352162580
2020,정형외과,M42,258,969,996,28862940,21691110
2020,정형외과,M43,42609,195573,203051,6725072690,5006181660
2020,정형외과,M45,1595,8323,8490,290960570,245195320
2020,정형외과,M46,9957,42178,43278,1247139660,933337900
2020,정형외과,M47,343923,1564121,1581748,58550728250,43283980800
2020,정형외과,M48,532226,3225071,3294630,1.13519E+11,86079428620
2020,정형외과,M49,4914,28015,28377,1088051060,820154190
2020,정형외과,M50,332628,1593117,1626120,51328210340,37410174360
2020,정형외과,M51,471923,2434660,2523775,86674243390,63463935240
2020,정형외과,M53,78897,239530,240823,8873868160,6371215230
2020,정형외과,M54,1257292,4678194,4708728,1.66136E+11,1.20506E+11
2020,정형외과,M60,19177,45379,45725,1095595250,807307270
2020,정형외과,M61,1914,7538,7583,197835520,143343960
2020,정형외과,M62,69473,165815,166633,4191235470,3047547110
2020,정형외과,M63,9,25,25,609280,431080
2020,정형외과,M65,869360,2445076,2460546,66376009010,47861948500
2020,정형외과,M66,1564,9423,10381,400743300,300272630
2020,정형외과,M67,106575,206096,211184,7519576400,5421950670
2020,정형외과,M68,54,173,173,4631880,3314080
2020,정형외과,M70,59017,147714,148942,4165240350,2993847180
2020,정형외과,M71,58203,157899,160680,5195434870,3748894980
2020,정형외과,M72,156863,508769,511354,12187289130,8827727230
2020,정형외과,M73,352,784,784,19083460,14149260
2020,정형외과,M75,798184,3638285,3686109,1.23191E+11,89481655160
2020,정형외과,M76,148936,381972,383699,9771231810,6996581240
2020,정형외과,M77,560493,1874895,1880925,47858654720,34270248900
2020,정형외과,M79,305321,798912,802453,23155137340,16808082930
2020,정형외과,M80,4615,18109,18389,756541770,559843990
2020,정형외과,M81,168851,595382,596380,27104821710,19694078860
2020,정형외과,M82,306,873,872,37773500,27268040
2020,정형외과,M83,1092,2429,2429,65102850,47768490
2020,정형외과,M84,2093,5791,7545,475318260,350456980
2020,정형외과,M85,1399,2620,2855,145549120,107382430
2020,정형외과,M86,1364,9281,11914,545245370,413311660
2020,정형외과,M87,3491,13792,19073,914961240,684082210
2020,정형외과,M88,3,140,140,2212430,1576830
2020,정형외과,M89,2314,5132,5544,226427770,168294760
2020,정형외과,M90,147,485,524,16980770,12343790
2020,정형외과,M91,207,677,736,20629470,15561280
2020,정형외과,M92,13279,29606,30151,906928510,646584320
2020,정형외과,M93,2702,7928,9822,512204050,382293460
2020,정형외과,M94,10126,21418,22302,690029290,490924220
2020,정형외과,M95,305,593,650,39122440,28190220
2020,정형외과,M96,3839,20452,21731,1038347390,777072060
2020,정형외과,M99,17262,82602,84956,2726403080,2006119910
2020,정형외과,N00,60,104,114,5264610,3888010
2020,정형외과,N01,2,3,3,52420,42020
2020,정형외과,N02,34,46,69,1642770,1197850
2020,정형외과,N03,11,25,25,440260,367760
2020,정형외과,N04,23,47,47,1962690,1627790
2020,정형외과,N05,28,42,42,1550740,1148740
2020,정형외과,N06,3,5,5,269540,190840
2020,정형외과,N07,1,1,1,68860,48260
2020,정형외과,N08,2,7,7,204120,143220
2020,정형외과,N10,383,627,790,33900060,25382170
2020,정형외과,N11,90,238,238,4553100,3629500
2020,정형외과,N12,170,346,384,11737620,8618470
2020,정형외과,N13,23,34,40,1992830,1462490
2020,정형외과,N14,1,1,1,77740,54440
2020,정형외과,N15,3,4,4,82830,62830
2020,정형외과,N16,1,1,1,16140,14540
2020,정형외과,N17,32,43,44,1767400,1293640
2020,정형외과,N18,291,1127,1146,91443100,81992670
2020,정형외과,N19,41,84,86,1882910,1480030
2020,정형외과,N20,318,407,447,17885670,13001910
2020,정형외과,N21,436,770,781,20902300,15297450
2020,정형외과,N22,5,8,8,172900,121500
2020,정형외과,N23,19,48,48,2185230,1559030
2020,정형외과,N25,3,3,3,177300,124300
2020,정형외과,N28,162,240,240,10719110,7671870
2020,정형외과,N29,14,15,15,763690,537190
2020,정형외과,N30,6731,13093,13129,270938740,204523610
2020,정형외과,N31,999,2224,2224,39648070,31252330
2020,정형외과,N32,184,514,514,17703970,13750070
2020,정형외과,N33,4,8,8,135490,100890
2020,정형외과,N34,810,1670,1672,29980390,22379590
2020,정형외과,N35,4,34,34,589950,506150
2020,정형외과,N36,4,4,4,73910,57210
2020,정형외과,N37,13,19,19,615540,437440
2020,정형외과,N39,1006,1912,1965,43344340,33747790
2020,정형외과,N40,5188,16530,16635,244742810,198612420
2020,정형외과,N41,238,557,557,8131740,6395940
2020,정형외과,N42,116,256,255,3902440,3059700
2020,정형외과,N43,10,24,24,503360,408560
2020,정형외과,N44,2,2,2,29680,20880
2020,정형외과,N45,57,104,104,1752890,1288090
2020,정형외과,N46,2,10,10,154620,108620
2020,정형외과,N47,12,22,22,381010,267410
2020,정형외과,N48,314,496,496,8415730,6450830
2020,정형외과,N49,22,36,51,1798840,1355060
2020,정형외과,N50,23,37,37,651250,481650
2020,정형외과,N51,19,51,51,1498460,1136960
2020,정형외과,N60,18,28,41,1575300,1205180
2020,정형외과,N61,35,103,112,2547340,1903130
2020,정형외과,N62,40,44,44,873600,662100
2020,정형외과,N63,19,23,23,606720,430820
2020,정형외과,N64,75,87,88,2353850,1741110
2020,정형외과,N70,4,12,12,181500,127700
2020,정형외과,N71,14,25,25,729300,516200
2020,정형외과,N72,1862,5185,5183,252972940,176855840
2020,정형외과,N73,46,99,99,2499150,1772650
2020,정형외과,N74,3,6,6,167280,117380
2020,정형외과,N75,116,213,213,17584200,12311760
2020,정형외과,N76,1369,3109,3109,102517170,72779210
2020,정형외과,N77,16,24,24,562360,401560
2020,정형외과,N80,18,25,25,651950,461850
2020,정형외과,N81,11,22,35,1105750,842550
2020,정형외과,N83,28,52,51,1253340,868060
2020,정형외과,N84,51,75,74,5883280,4150920
2020,정형외과,N85,16,27,27,625210,415230
2020,정형외과,N86,1,2,2,103260,72360
2020,정형외과,N87,189,783,779,59464390,41652470
2020,정형외과,N88,1,1,1,21150,14850
2020,정형외과,N89,4,7,7,189440,141840
2020,정형외과,N90,16,31,31,512630,435030
2020,정형외과,N91,333,464,464,51353340,35722100
2020,정형외과,N92,345,574,583,40701940,28216850
2020,정형외과,N93,430,610,610,83952500,57844040
2020,정형외과,N94,580,799,799,40239760,28071580
2020,정형외과,N95,2187,5907,5928,113904870,82823120
2020,정형외과,N96,2,9,9,132500,93000
2020,정형외과,N97,42,139,139,2170410,1524710
2020,정형외과,O00,2,5,5,117430,82530
2020,정형외과,O01,1,1,1,16140,11340
2020,정형외과,O02,3,4,4,179240,155840
2020,정형외과,O10,1,4,4,53280,37480
2020,정형외과,O16,1,1,1,11540,8140
2020,정형외과,O20,9,12,12,977280,861680
2020,정형외과,O21,5,7,7,113660,87860
2020,정형외과,O22,1,1,1,16140,11340
2020,정형외과,O24,11,18,18,406400,346300
2020,정형외과,O26,22,24,24,512830,359930
2020,정형외과,O33,1,1,1,11540,8140
2020,정형외과,O60,1,1,1,5770,4070
2020,정형외과,O71,5,26,26,400010,282110
2020,정형외과,O82,1,1,1,18010,12610
2020,정형외과,O84,1,1,1,31500,22100
2020,정형외과,O90,1,3,3,62630,43930
2020,정형외과,O91,1,1,1,16140,11340
2020,정형외과,O92,4,5,5,163920,114920
2020,정형외과,O99,3,3,3,52270,36670
2020,정형외과,P07,3,4,4,118600,112900
2020,정형외과,P11,1,1,1,16140,11340
2020,정형외과,P12,1,1,1,22610,15910
2020,정형외과,P14,2,50,50,283050,225850
2020,정형외과,P21,1,1,1,16140,11340
2020,정형외과,P23,1,1,5,346400,261170
2020,정형외과,P28,4,4,4,56970,48370
2020,정형외과,P39,1,1,1,24350,17050
2020,정형외과,P54,1,1,1,16140,11340
2020,정형외과,P59,1,1,1,18410,17510
2020,정형외과,P83,2,12,12,245930,231730
2020,정형외과,P91,2,2,2,32280,25880
2020,정형외과,P92,2,2,2,36820,35020
2020,정형외과,P96,1,1,1,21070,14770
2020,정형외과,Q01,2,2,2,27680,19480
2020,정형외과,Q02,2,2,2,33210,24910
2020,정형외과,Q04,6,8,8,142580,118480
2020,정형외과,Q05,25,60,60,1827830,1472130
2020,정형외과,Q06,5,11,11,361130,268830
2020,정형외과,Q07,8,47,76,2420940,2039450
2020,정형외과,Q17,1,1,10,761670,577440
2020,정형외과,Q18,12,25,25,755390,549990
2020,정형외과,Q20,1,1,1,16140,14540
2020,정형외과,Q21,2,2,2,47490,39590
2020,정형외과,Q23,3,4,4,121310,109310
2020,정형외과,Q25,1,1,1,139560,97760
2020,정형외과,Q26,2,2,2,32280,22680
2020,정형외과,Q27,18,37,41,4547830,3547390
2020,정형외과,Q28,14,44,43,647210,463410
2020,정형외과,Q30,2,2,2,40190,31390
2020,정형외과,Q33,2,23,23,272580,192180
2020,정형외과,Q34,4,6,6,96620,75520
2020,정형외과,Q35,1,1,1,16140,11340
2020,정형외과,Q38,2,3,3,46900,36200
2020,정형외과,Q43,1,2,2,56570,33050
2020,정형외과,Q44,11,17,17,641050,462350
2020,정형외과,Q50,1,1,1,11540,8140
2020,정형외과,Q53,4,6,6,109500,91200
2020,정형외과,Q55,1,1,1,17300,15600
2020,정형외과,Q56,1,2,2,60620,42520
2020,정형외과,Q61,4,4,4,317200,225200
2020,정형외과,Q64,1,1,1,11540,8140
2020,정형외과,Q65,398,522,596,19129130,15697350
2020,정형외과,Q66,2851,4715,5245,375414850,282091910
2020,정형외과,Q67,375,424,429,15585460,11104680
2020,정형외과,Q68,275,606,610,19576680,13444340
2020,정형외과,Q69,235,439,474,17272860,12820510
2020,정형외과,Q70,51,154,183,13430880,10319280
2020,정형외과,Q71,14,23,23,498700,355400
2020,정형외과,Q72,43,59,62,3104900,2294560
2020,정형외과,Q73,12,17,17,397310,283510
2020,정형외과,Q74,453,793,890,36952360,27436630
2020,정형외과,Q75,8,26,26,427860,337760
2020,정형외과,Q76,182,386,406,14352720,10219900
2020,정형외과,Q77,41,173,272,84546740,77125290
2020,정형외과,Q78,160,341,412,31079920,23753390
2020,정형외과,Q79,28,35,39,2599040,1818570
2020,정형외과,Q81,9,14,14,495860,368060
2020,정형외과,Q82,63,156,156,6263200,4463610
2020,정형외과,Q83,8,8,8,177910,128110
2020,정형외과,Q84,27,55,55,1367480,1013190
2020,정형외과,Q85,66,468,520,21133890,17599150
2020,정형외과,Q87,43,54,57,3821910,3276770
2020,정형외과,Q89,11,20,20,419610,303960
2020,정형외과,Q90,6,8,8,182170,157770
2020,정형외과,Q92,1,1,1,24880,23680
2020,정형외과,Q96,2,26,40,10420080,9019540
2020,정형외과,Q98,1,1,1,20140,14140
2020,정형외과,R00,419,566,566,16392510,11930310
2020,정형외과,R01,3,3,3,58790,41290
2020,정형외과,R02,56,517,536,13286410,10673370
2020,정형외과,R03,379,467,468,12223370,8913820
2020,정형외과,R04,144,157,156,3909480,2889480
2020,정형외과,R05,2033,2771,2818,60664660,44509030
2020,정형외과,R06,487,604,606,16872230,12616970
2020,정형외과,R07,6218,7703,7712,222456440,161265860
2020,정형외과,R09,149,239,276,9634900,7332630
2020,정형외과,R10,7357,10063,10131,308009560,225945130
2020,정형외과,R11,3352,7249,7271,142719790,107674430
2020,정형외과,R12,1270,2330,2372,72028600,52183860
2020,정형외과,R13,125,438,438,18531860,14644760
2020,정형외과,R14,97,132,138,2819380,2184270
2020,정형외과,R15,7,10,10,119900,95400
2020,정형외과,R16,5,7,7,712010,507210
2020,정형외과,R17,36,45,44,2406300,1711290
2020,정형외과,R18,10,12,12,301260,224860
2020,정형외과,R19,303,438,485,33531010,23677960
2020,정형외과,R20,323,491,492,9889040,7284300
2020,정형외과,R21,115,150,150,2686250,2039550
2020,정형외과,R22,5382,10910,11393,479276590,349932840
2020,정형외과,R23,91,193,193,4267310,3313010
2020,정형외과,R25,820,1371,1374,26987580,20579250
2020,정형외과,R26,1006,1254,1252,34936460,26426960
2020,정형외과,R27,9,9,9,170080,143480
2020,정형외과,R29,1426,3035,3041,98103500,70253610
2020,정형외과,R30,79,137,137,2871490,2192890
2020,정형외과,R31,164,224,228,6321230,4654520
2020,정형외과,R32,270,602,602,9497550,7855150
2020,정형외과,R33,17,51,51,1957780,1487780
2020,정형외과,R34,4,4,4,55800,47000
2020,정형외과,R35,187,426,426,9583500,7564000
2020,정형외과,R39,158,557,557,25285840,20329640
2020,정형외과,R40,5,21,21,343090,299190
2020,정형외과,R41,419,949,949,18928250,14835060
2020,정형외과,R42,4845,7507,7557,169360480,128194360
2020,정형외과,R43,6,7,6,133130,99720
2020,정형외과,R44,9,13,13,230000,176100
2020,정형외과,R45,36,57,57,1304740,964440
2020,정형외과,R46,6,13,13,267530,214030
2020,정형외과,R47,27,142,142,2248860,1780760
2020,정형외과,R49,4,5,4,70960,54660
2020,정형외과,R50,938,1294,1323,34588770,25812630
2020,정형외과,R51,5450,8450,8517,254164040,183238170
2020,정형외과,R52,2644,5960,6109,139049860,102488820
2020,정형외과,R53,1051,1482,1486,19318080,14712370
2020,정형외과,R54,31,31,33,766330,623970
2020,정형외과,R55,115,171,176,8053620,6292220
2020,정형외과,R56,117,228,228,4096960,3086960
2020,정형외과,R57,105,150,150,3058630,2328230
2020,정형외과,R58,19,25,25,405740,302540
2020,정형외과,R59,168,227,248,9126730,6712740
2020,정형외과,R60,3829,7516,7567,213156560,158437660
2020,정형외과,R61,72,122,122,5876740,4414640
2020,정형외과,R62,269,289,289,5673940,4021640
2020,정형외과,R63,709,1450,1453,42577660,33777480
2020,정형외과,R64,5,7,24,896690,658510
2020,정형외과,R68,327,475,475,12258450,9127050
2020,정형외과,R69,134,149,149,2340570,1685370
2020,정형외과,R70,2,4,4,70450,49550
2020,정형외과,R72,10,14,14,320910,233610
2020,정형외과,R73,2778,4150,4151,98771370,75183640
2020,정형외과,R74,24,27,27,1025720,747320
2020,정형외과,R76,59,88,86,4573070,2940020
2020,정형외과,R77,7,10,10,558380,451080
2020,정형외과,R78,1,1,1,20140,16140
2020,정형외과,R79,24,29,29,1296030,918430
2020,정형외과,R80,91,120,120,3200260,2309160
2020,정형외과,R81,360,646,688,17143530,12648030
2020,정형외과,R82,13,18,29,1256140,939460
2020,정형외과,R84,14,16,16,318460,235660
2020,정형외과,R86,6,9,9,187440,131640
2020,정형외과,R87,2,3,3,28360,21860
2020,정형외과,R89,5,17,17,354060,251560
2020,정형외과,R90,4,5,5,170390,122190
2020,정형외과,R91,65,82,81,3005050,2169000
2020,정형외과,R92,4,4,4,55360,47260
2020,정형외과,R93,276,412,412,9473440,6741740
2020,정형외과,R94,787,1029,1060,51395160,36314890
2020,정형외과,S00,56256,80251,81365,2336498970,1708099720
2020,정형외과,S01,77451,211885,213787,6142338240,4480302380
2020,정형외과,S02,5770,10382,12158,477724250,347416310
2020,정형외과,S03,17219,31071,31194,776395940,561651360
2020,정형외과,S04,48,106,106,4011650,2863950
2020,정형외과,S05,495,693,746,23852970,17336040
2020,정형외과,S06,6693,11099,14441,659518600,485253470
2020,정형외과,S07,735,1806,1933,67786920,50012950
2020,정형외과,S08,22,49,49,1329940,968240
2020,정형외과,S09,905,1691,1799,78213320,57182120
2020,정형외과,S10,866,1598,1609,41369780,30080550
2020,정형외과,S11,1485,3703,3727,89432840,66232830
2020,정형외과,S12,364,1262,2454,118006690,87050560
2020,정형외과,S13,390107,1018251,1036548,32034890830,22927042990
2020,정형외과,S14,192,835,1062,35064320,26458950
2020,정형외과,S15,6,14,14,392950,308750
2020,정형외과,S16,379,844,846,21008840,15052220
2020,정형외과,S17,13,53,53,1563510,1127870
2020,정형외과,S18,1,1,1,23060,16160
2020,정형외과,S19,16,44,45,1178880,851900
2020,정형외과,S20,101216,161929,163997,4854104120,3509748630
2020,정형외과,S21,4159,10806,10862,259978870,194639550
2020,정형외과,S22,116159,384025,499727,20521409990,15156770220
2020,정형외과,S23,241318,428664,433442,13028239070,9399050570
2020,정형외과,S24,32,79,79,2293740,1652140
2020,정형외과,S25,16,21,21,692300,498800
2020,정형외과,S26,2,3,3,71230,50030
2020,정형외과,S27,85,150,313,16968700,12582030
2020,정형외과,S28,13,17,17,609390,436390
2020,정형외과,S29,747,1446,1457,38781770,27822270
2020,정형외과,S30,28723,53057,54250,1574239360,1144552340
2020,정형외과,S31,8824,22768,23018,539069790,404384860
2020,정형외과,S32,36078,151967,237149,10879098130,8147967630
2020,정형외과,S33,827974,2379900,2442839,75180607450,54324439130
2020,정형외과,S34,81,229,322,12470830,9204690
2020,정형외과,S35,51,96,118,4185200,3092460
2020,정형외과,S36,28,75,128,5647910,4265060
2020,정형외과,S37,13,18,48,3199450,2417770
2020,정형외과,S38,33,135,148,4047950,3076850
2020,정형외과,S39,292,873,1347,52010280,38848980
2020,정형외과,S40,18938,40692,41235,1226047060,890435480
2020,정형외과,S41,7317,19745,19880,497796650,361398840
2020,정형외과,S42,26261,141509,162588,7373665590,5485584910
2020,정형외과,S43,255089,738765,747975,21408648290,15491103540
2020,정형외과,S44,286,1195,1221,30491500,22273900
2020,정형외과,S45,36,123,153,8914570,6649530
2020,정형외과,S46,45269,216002,238305,10156857300,7462114670
2020,정형외과,S47,53,199,216,6920040,5022130
2020,정형외과,S48,45,71,72,1373020,1041370
2020,정형외과,S49,914,3221,3435,169745720,124666380
2020,정형외과,S50,39637,71968,72414,2270835320,1628045950
2020,정형외과,S51,22222,74357,75126,2185494660,1583911120
2020,정형외과,S52,74843,502117,546997,25799409020,18938226100
2020,정형외과,S53,142919,340180,343303,11480326880,8364102450
2020,정형외과,S54,700,2554,2664,73963760,53602680
2020,정형외과,S55,100,329,438,29984560,22189250
2020,정형외과,S56,5474,20417,22500,1003374950,728547090
2020,정형외과,S57,615,1919,2036,70216670,51152500
2020,정형외과,S58,88,139,154,3955560,3129640
2020,정형외과,S59,570,1348,1431,65056510,46884350
2020,정형외과,S60,112824,184487,184819,6125960100,4377371340
2020,정형외과,S61,241626,811263,813983,23166440110,16578885090
2020,정형외과,S62,123159,567593,590803,24175307280,17398826720
2020,정형외과,S63,691412,1464455,1469441,47299212970,33670590880
2020,정형외과,S64,1248,3952,4668,259614640,190990240
2020,정형외과,S65,795,2354,2783,156017010,114634760
2020,정형외과,S66,19448,85607,93378,4439497290,3222312030
2020,정형외과,S67,15081,42859,44789,1617918220,1169681520
2020,정형외과,S68,1343,6965,9695,645914970,479279320
2020,정형외과,S69,2190,5573,5744,190057000,136649460
2020,정형외과,S70,35834,66296,67242,1857091110,1354650090
2020,정형외과,S71,7703,23738,24062,679463460,492410370
2020,정형외과,S72,7709,28553,51298,3211410470,2419815360
2020,정형외과,S73,70400,166996,169550,4552969090,3330645790
2020,정형외과,S74,91,204,203,5255810,3812010
2020,정형외과,S75,90,243,325,13659390,10057920
2020,정형외과,S76,17945,51066,54698,1768440990,1278598310
2020,정형외과,S77,136,461,531,19391830,14344030
2020,정형외과,S78,121,206,206,3966920,3029520
2020,정형외과,S79,447,1213,1219,37559230,26739670
2020,정형외과,S80,123659,250446,253368,7599148540,5480228420
2020,정형외과,S81,56335,197213,200307,5769370660,4159656990
2020,정형외과,S82,61823,350561,449165,24112056940,17742095090
2020,정형외과,S83,341546,956937,1022163,36942529720,26327643640
2020,정형외과,S84,364,1722,1827,45371220,33595670
2020,정형외과,S85,320,1278,1494,61091940,44825150
2020,정형외과,S86,33628,109776,121209,4323071990,3130382100
2020,정형외과,S87,2272,7140,7857,276096860,202434690
2020,정형외과,S88,354,983,1031,23113310,18166080
2020,정형외과,S89,1223,3275,3639,124561630,90870410
2020,정형외과,S90,127371,202377,203231,6578910200,4694910330
2020,정형외과,S91,75488,226152,228407,6240995850,4520870230
2020,정형외과,S92,169812,757325,840682,38410704110,27643766290
2020,정형외과,S93,909188,2139787,2176825,76445938270,54389966360
2020,정형외과,S94,322,691,876,43792490,32102940
2020,정형외과,S95,173,492,596,31985400,23487940
2020,정형외과,S96,12683,35430,39312,1558432010,1128161920
2020,정형외과,S97,7250,16847,17572,588836380,425775820
2020,정형외과,S98,147,759,940,46284290,35172460
2020,정형외과,S99,2524,4320,4453,151202580,108574290
2020,정형외과,T00,1739,4001,4214,141313940,101783830
2020,정형외과,T01,995,2500,2523,74595300,53311550
2020,정형외과,T02,6,18,18,433680,337680
2020,정형외과,T03,326,987,1025,25123320,18252940
2020,정형외과,T04,38,117,137,6663120,4833460
2020,정형외과,T05,31,64,64,1481170,1074070
2020,정형외과,T06,13,20,25,1100890,806030
2020,정형외과,T07,4,23,23,554410,420010
2020,정형외과,T08,282,1146,1256,49123940,37235230
2020,정형외과,T09,1118,3061,3171,88808740,65412270
2020,정형외과,T10,6,25,25,802610,549140
2020,정형외과,T11,286,686,713,24487840,17808290
2020,정형외과,T12,9,35,35,943370,677780
2020,정형외과,T13,732,1959,1983,55648510,39716150
2020,정형외과,T14,13905,33791,34373,1058433820,757112440
2020,정형외과,T15,37,40,40,1120520,801120
2020,정형외과,T16,69,101,104,4526440,3231120
2020,정형외과,T17,131,139,139,3774770,2781770
2020,정형외과,T18,171,210,210,5494860,4145260
2020,정형외과,T19,4,6,6,132180,97280
2020,정형외과,T20,870,2644,2731,134627570,96906270
2020,정형외과,T21,1422,5857,5979,251623840,180470160
2020,정형외과,T22,4896,17593,17757,718118710,510820200
2020,정형외과,T23,11417,35941,36169,1614356620,1154820000
2020,정형외과,T24,3933,18402,18869,789990840,567630880
2020,정형외과,T25,3451,16019,16547,734831270,532120560
2020,정형외과,T26,34,65,65,2426140,1707880
2020,정형외과,T27,1,3,3,46120,32420
2020,정형외과,T28,11,12,12,328720,243220
2020,정형외과,T29,154,595,622,27681520,19727200
2020,정형외과,T30,2837,9170,9231,392991940,278740260
2020,정형외과,T31,54,177,177,5277960,3896160
2020,정형외과,T32,1,1,1,21900,15400
2020,정형외과,T33,233,415,415,9108570,6664380
2020,정형외과,T34,4,13,28,2391290,1835310
2020,정형외과,T35,62,95,95,2139810,1544100
2020,정형외과,T36,1,1,1,16140,14540
2020,정형외과,T37,1,1,1,11540,10540
2020,정형외과,T41,2,2,2,42320,33520
2020,정형외과,T44,1,1,1,11540,10040
2020,정형외과,T45,1,1,1,16140,11340
2020,정형외과,T46,2,2,2,36790,25890
2020,정형외과,T47,1,1,1,20800,14600
2020,정형외과,T49,2,5,5,64110,48310
2020,정형외과,T50,1,1,4,433450,330010
2020,정형외과,T51,4,4,6,259890,195630
2020,정형외과,T52,1,3,3,48420,43620
2020,정형외과,T53,1,1,1,18770,17870
2020,정형외과,T56,45,817,817,23397850,16483150
2020,정형외과,T59,1,3,3,39220,27620
2020,정형외과,T60,16,20,20,462430,348630
2020,정형외과,T61,8,9,9,195380,139680
2020,정형외과,T62,3,3,3,48100,37000
2020,정형외과,T63,424,563,563,11656540,8721270
2020,정형외과,T65,3,3,3,61130,42930
2020,정형외과,T66,4,4,4,84300,59100
2020,정형외과,T67,126,155,167,4600030,3426850
2020,정형외과,T68,1,1,1,16140,11340
2020,정형외과,T69,31,50,50,1076240,785740
2020,정형외과,T70,5,9,9,276820,197320
2020,정형외과,T73,82,100,100,1914390,1467790
2020,정형외과,T75,17,32,57,2471810,1839990
2020,정형외과,T78,777,1229,1228,22518000,17133870
2020,정형외과,T79,2100,6334,6564,172652920,127366990
2020,정형외과,T80,20,33,33,814810,589810
2020,정형외과,T81,1033,3676,4069,129823610,97481690
2020,정형외과,T82,7,14,14,514350,418250
2020,정형외과,T83,3,19,19,788040,552440
2020,정형외과,T84,515,1823,2741,156482100,118777840
2020,정형외과,T85,16,99,180,11469770,8723910
2020,정형외과,T86,2,19,31,4572590,3889260
2020,정형외과,T87,130,485,507,12027810,9268050
2020,정형외과,T88,83,208,222,5876000,4415300
2020,정형외과,T90,64,106,122,5230460,3934970
2020,정형외과,T91,1327,5469,5590,154158580,120455030
2020,정형외과,T92,1027,4410,4447,96814610,73674980
2020,정형외과,T93,3856,9877,10065,203585820,159179420
2020,정형외과,T94,2,7,7,85380,63380
2020,정형외과,T95,25,72,72,2520930,1964630
2020,정형외과,T97,1,1,1,34430,24130
2020,정형외과,T98,43,87,89,4061130,2905280
2020,정형외과,Z00,854,935,935,30146590,21555260
2020,정형외과,Z01,228,238,238,4380300,3260010
2020,정형외과,Z02,102,109,109,724840,518840
2020,정형외과,Z03,548,646,646,16854830,12238810
2020,정형외과,Z04,349,381,380,9108790,6698320
2020,정형외과,Z08,3,55,55,768260,662760
2020,정형외과,Z09,92,148,167,6352480,4638770
2020,정형외과,Z10,35,47,47,395760,303560
2020,정형외과,Z11,21,39,39,779170,548270
2020,정형외과,Z13,13,17,17,448390,341190
2020,정형외과,Z20,69,72,72,3033440,1854980
2020,정형외과,Z22,17,22,22,2516620,1762920
2020,정형외과,Z23,236,547,547,16884300,11969320
2020,정형외과,Z24,23,28,28,425650,302950
2020,정형외과,Z25,790,860,860,11533610,8403410
2020,정형외과,Z26,372,482,482,10870350,7920100
2020,정형외과,Z27,28,28,28,115780,91680
2020,정형외과,Z29,237,303,303,7111230,5106930
2020,정형외과,Z30,27,35,35,573800,403300
2020,정형외과,Z31,7,40,40,601240,422340
2020,정형외과,Z32,1,1,1,16140,11340
2020,정형외과,Z33,1,1,1,16140,11340
2020,정형외과,Z34,57,96,96,7485930,6287730
2020,정형외과,Z35,1,1,1,20140,14140
2020,정형외과,Z36,1,1,1,22920,16120
2020,정형외과,Z39,1,1,1,20140,14140
2020,정형외과,Z41,3,3,3,59940,42140
2020,정형외과,Z43,1,1,1,23940,16840
2020,정형외과,Z44,2,4,4,152980,107280
2020,정형외과,Z45,2,3,3,71230,50030
2020,정형외과,Z46,11,14,12,579370,428330
2020,정형외과,Z47,584,1867,2708,187068940,137752100
2020,정형외과,Z48,10535,26191,26271,570893460,418475390
2020,정형외과,Z49,1,1,1,22610,15910
2020,정형외과,Z50,24,142,142,2030100,1528000
2020,정형외과,Z51,12,14,14,518450,363350
2020,정형외과,Z52,6,7,21,1084250,806810
2020,정형외과,Z54,352,1069,1100,24964710,18415100
2020,정형외과,Z57,12,12,12,225820,158620
2020,정형외과,Z58,1,1,1,11540,8140
2020,정형외과,Z59,2,2,2,54600,38300
2020,정형외과,Z64,2,2,2,32280,22680
2020,정형외과,Z70,10,14,14,225360,160360
2020,정형외과,Z71,1786,1990,1989,32554040,24112910
2020,정형외과,Z72,15,23,23,369100,310300
2020,정형외과,Z73,5,6,6,223710,156910
2020,정형외과,Z75,1,1,1,25200,17700
2020,정형외과,Z76,13,15,15,315640,221640
2020,정형외과,Z81,3,3,3,160630,131630
2020,정형외과,Z82,4,5,5,270340,166900
2020,정형외과,Z83,22,28,28,455910,337710
2020,정형외과,Z85,1,1,1,56230,39430
2020,정형외과,Z87,3,3,3,72120,50620
2020,정형외과,Z88,11,16,16,654340,469740
2020,정형외과,Z89,13,181,181,5993550,4212450
2020,정형외과,Z90,1,1,1,16140,14540
2020,정형외과,Z91,1,1,1,13450,9450
2020,정형외과,Z92,7,11,11,192400,143700
2020,정형외과,Z93,10,121,121,2356780,1734180
2020,정형외과,Z94,29,101,101,1742010,1312530
2020,정형외과,Z95,8,27,27,431190,340890
2020,정형외과,Z96,787,3257,3710,114309400,88019410
2020,정형외과,Z97,9,34,34,836350,665850
2020,정형외과,Z98,13207,41900,44141,1099228590,812388350
2020,정형외과,Z99,5,8,8,333900,254570
2020,신경외과,A02,1,2,2,25600,18000
2020,신경외과,A04,238,312,360,13170940,9738660
2020,신경외과,A05,8,9,14,626100,471180
2020,신경외과,A08,230,278,278,5236700,3803700
2020,신경외과,A09,3032,4407,4576,116695160,86824950
2020,신경외과,A15,4,16,16,577880,558380
2020,신경외과,A16,5,7,7,327100,235700
2020,신경외과,A18,3,20,20,767890,658290
2020,신경외과,A28,3,4,4,85830,60230
2020,신경외과,A31,2,3,3,55880,43080
2020,신경외과,A35,17,20,20,674200,472900
2020,신경외과,A41,5,6,27,1905550,1428060
2020,신경외과,A48,1,1,1,11540,8140
2020,신경외과,A49,6,26,26,446120,312320
2020,신경외과,A51,1,1,1,52260,36660
2020,신경외과,A52,1,1,1,16140,11340
2020,신경외과,A56,3,4,4,119340,83740
2020,신경외과,A59,253,1066,1066,23057640,16639740
2020,신경외과,A60,48,90,90,1425040,1110640
2020,신경외과,A67,3,3,3,52420,43220
2020,신경외과,A69,12,15,37,3740640,2909170
2020,신경외과,A75,6,6,30,2124090,1641610
2020,신경외과,A80,1,1,1,16140,14540
2020,신경외과,A85,1,2,2,27680,24580
2020,신경외과,A86,2,2,2,53290,37390
2020,신경외과,A87,2,2,2,32280,22680
2020,신경외과,A88,1,1,1,14090,13390
2020,신경외과,B00,1341,1882,1904,33621120,25020110
2020,신경외과,B01,4,7,7,119720,84120
2020,신경외과,B02,7262,18791,20933,638646770,474317820
2020,신경외과,B07,167,288,288,18432820,13101520
2020,신경외과,B08,37,53,53,2319520,1684120
2020,신경외과,B09,3,7,7,102260,85460
2020,신경외과,B15,1,1,1,43550,30550
2020,신경외과,B16,4,5,5,88230,61930
2020,신경외과,B17,11,11,13,560040,416350
2020,신경외과,B18,207,681,693,35099340,24986660
2020,신경외과,B19,1,1,1,11540,8140
2020,신경외과,B22,1,1,1,11540,8140
2020,신경외과,B26,11,14,14,293460,209160
2020,신경외과,B30,16,19,19,272790,199190
2020,신경외과,B33,2,4,4,66150,55750
2020,신경외과,B34,3,7,7,69240,48840
2020,신경외과,B35,4723,10805,10804,167026700,126541530
2020,신경외과,B36,97,185,185,3410540,2480440
2020,신경외과,B37,361,1481,1480,30004960,21821360
2020,신경외과,B43,5,7,7,103670,74770
2020,신경외과,B47,10,27,27,305260,245560
2020,신경외과,B48,1,1,1,16140,14540
2020,신경외과,B49,4,12,12,135000,98300
2020,신경외과,B54,4,5,5,76100,56700
2020,신경외과,B66,24,68,68,1058470,784270
2020,신경외과,B69,4,8,11,471370,348230
2020,신경외과,B83,5,5,5,93040,65340
2020,신경외과,B85,2,2,2,27680,21380
2020,신경외과,B86,38,47,47,559230,422930
2020,신경외과,B88,8,9,10,388480,318310
2020,신경외과,B90,8,54,54,1592250,1119550
2020,신경외과,B91,5,12,12,217820,153220
2020,신경외과,B98,1,1,1,39200,27500
2020,신경외과,C02,3,12,12,192180,183380
2020,신경외과,C04,1,1,1,113650,108050
2020,신경외과,C05,2,2,2,52070,49570
2020,신경외과,C07,2,122,122,2660820,2538020
2020,신경외과,C08,2,25,25,600970,572770
2020,신경외과,C09,2,3,3,69880,66480
2020,신경외과,C10,1,1,1,21900,20900
2020,신경외과,C11,5,23,23,340690,325290
2020,신경외과,C13,2,7,7,475370,451870
2020,신경외과,C15,20,186,192,4721070,4361000
2020,신경외과,C16,112,696,742,25438720,23689700
2020,신경외과,C17,3,9,9,246980,234880
2020,신경외과,C18,61,398,454,18119900,16634200
2020,신경외과,C19,5,24,34,1443430,1219600
2020,신경외과,C20,28,101,108,5038150,4575450
2020,신경외과,C22,54,312,333,13312540,11854090
2020,신경외과,C23,8,22,22,880640,744340
2020,신경외과,C24,12,278,181,13932840,10369840
2020,신경외과,C25,27,166,180,4855150,4513440
2020,신경외과,C26,2,10,10,402960,383360
2020,신경외과,C30,1,2,2,27680,26380
2020,신경외과,C31,1,3,3,38780,37080
2020,신경외과,C32,2,4,4,149090,141790
2020,신경외과,C33,2,3,3,54500,50000
2020,신경외과,C34,111,885,998,35934300,33468100
2020,신경외과,C37,3,15,15,513910,488710
2020,신경외과,C40,1,1,1,11540,8140
2020,신경외과,C41,7,155,163,2853750,2624020
2020,신경외과,C43,4,6,6,101860,91960
2020,신경외과,C44,32,196,204,6863150,6539760
2020,신경외과,C46,2,10,10,184580,175880
2020,신경외과,C48,4,31,40,1913620,1771940
2020,신경외과,C49,12,180,189,5064800,4774110
2020,신경외과,C50,84,919,1061,31569720,29058590
2020,신경외과,C53,8,45,50,1795010,1685770
2020,신경외과,C54,7,45,45,1220620,1161720
2020,신경외과,C55,1,1,1,20140,19140
2020,신경외과,C56,19,124,124,3481870,3217870
2020,신경외과,C57,2,9,9,142010,135410
2020,신경외과,C61,65,508,514,17127470,16170970
2020,신경외과,C64,15,109,119,6660030,6142340
2020,신경외과,C65,5,35,35,991310,939610
2020,신경외과,C66,1,1,1,45210,43010
2020,신경외과,C67,18,72,91,4385270,3989820
2020,신경외과,C70,4,6,6,905910,678010
2020,신경외과,C71,53,423,460,12454270,10755710
2020,신경외과,C72,11,21,21,645550,546250
2020,신경외과,C73,78,353,378,14590950,13124620
2020,신경외과,C75,1,2,2,41540,33340
2020,신경외과,C76,2,21,33,2047220,1866830
2020,신경외과,C77,2,4,4,591190,560990
2020,신경외과,C78,7,21,43,1828100,1527450
2020,신경외과,C79,9,31,31,1329120,1269620
2020,신경외과,C80,9,42,42,925380,791880
2020,신경외과,C81,3,5,5,204250,189450
2020,신경외과,C82,2,4,4,74770,67670
2020,신경외과,C83,9,49,49,2136090,2010290
2020,신경외과,C85,8,45,64,3986460,3629360
2020,신경외과,C86,1,2,2,46380,44080
2020,신경외과,C90,7,21,21,974120,938320
2020,신경외과,C91,4,143,143,1500910,1428410
2020,신경외과,C92,6,22,22,1016700,963200
2020,신경외과,C94,1,2,2,153480,145880
2020,신경외과,C95,2,5,5,178680,131280
2020,신경외과,C96,2,2,2,68780,65480
2020,신경외과,D00,4,8,8,293770,279570
2020,신경외과,D01,13,42,42,2239510,2134310
2020,신경외과,D02,3,10,10,435000,413800
2020,신경외과,D03,2,4,4,78930,61930
2020,신경외과,D04,2,10,10,335220,318820
2020,신경외과,D05,15,170,170,3487430,3292630
2020,신경외과,D06,6,30,38,1242410,1139110
2020,신경외과,D07,3,42,42,1384460,1317660
2020,신경외과,D09,2,4,4,349640,332340
2020,신경외과,D10,3,10,10,478350,335050
2020,신경외과,D11,6,6,6,110510,77710
2020,신경외과,D12,7,7,7,319970,234770
2020,신경외과,D13,10,15,16,777820,529550
2020,신경외과,D14,7,8,8,693890,596590
2020,신경외과,D15,3,5,5,102460,71860
2020,신경외과,D16,164,269,299,17136480,11965720
2020,신경외과,D17,2076,6002,6115,258442850,186385480
2020,신경외과,D18,95,210,246,10512460,7672500
2020,신경외과,D19,2,2,2,36400,25600
2020,신경외과,D20,1,1,1,16140,15340
2020,신경외과,D21,684,2032,2088,92198530,66497730
2020,신경외과,D22,8,10,10,207140,152640
2020,신경외과,D23,918,2791,2795,116303830,84021160
2020,신경외과,D24,28,49,69,2071220,1528850
2020,신경외과,D25,27,35,73,4617210,3403190
2020,신경외과,D26,3,12,12,765350,538250
2020,신경외과,D27,2,16,23,678930,510700
2020,신경외과,D29,3,4,4,62570,50670
2020,신경외과,D30,4,9,9,387070,284870
2020,신경외과,D31,2,4,4,845370,591970
2020,신경외과,D32,170,477,534,32606580,26784490
2020,신경외과,D33,184,849,887,38450020,30634220
2020,신경외과,D34,36,66,75,2750620,2024350
2020,신경외과,D35,112,207,241,24986680,17983240
2020,신경외과,D36,107,199,199,5537070,3974370
2020,신경외과,D37,9,85,85,3020640,2861440
2020,신경외과,D38,4,5,5,126130,93130
2020,신경외과,D39,2,4,4,747630,710430
2020,신경외과,D40,5,6,6,89950,78250
2020,신경외과,D41,2,6,6,253660,232160
2020,신경외과,D42,9,9,30,1567620,1281510
2020,신경외과,D43,45,151,188,8985170,7131000
2020,신경외과,D44,17,39,40,3719670,2704150
2020,신경외과,D45,1,9,9,185650,176950
2020,신경외과,D46,2,10,10,367010,345310
2020,신경외과,D47,7,30,30,724560,682460
2020,신경외과,D48,62,186,228,11928770,9974330
2020,신경외과,D50,602,1293,1292,33602850,24320890
2020,신경외과,D51,5,11,11,210790,162690
2020,신경외과,D52,4,6,6,43400,33700
2020,신경외과,D53,6,9,9,581270,456170
2020,신경외과,D56,1,1,1,11540,8140
2020,신경외과,D62,2,2,2,27340,19240
2020,신경외과,D63,1,3,3,42290,37590
2020,신경외과,D64,698,1401,1395,70774460,50731860
2020,신경외과,D66,2,3,3,49080,44280
2020,신경외과,D68,5,6,6,169920,124220
2020,신경외과,D69,23,31,31,611970,442770
2020,신경외과,D72,6,9,9,281430,199430
2020,신경외과,D75,1,2,2,37300,26200
2020,신경외과,D76,1,4,4,48050,33850
2020,신경외과,D84,3,13,13,232340,163340
2020,신경외과,D86,1,2,2,32340,22740
2020,신경외과,D89,6,8,8,256510,185910
2020,신경외과,E01,1,1,1,101520,71120
2020,신경외과,E02,2,4,4,260580,182580
2020,신경외과,E03,583,2134,2134,57444860,41604750
2020,신경외과,E04,18,28,40,2278330,1704650
2020,신경외과,E05,183,686,686,25090310,17872240
2020,신경외과,E06,65,188,188,5496210,3923510
2020,신경외과,E07,225,335,346,13713680,9663260
2020,신경외과,E10,235,1053,1065,24748180,18914250
2020,신경외과,E11,6933,37982,38078,826572250,632817280
2020,신경외과,E12,7,36,36,501190,416390
2020,신경외과,E13,309,1330,1327,27095150,20722500
2020,신경외과,E14,1553,6837,6865,150463640,115756710
2020,신경외과,E16,25,32,32,876400,652300
2020,신경외과,E20,6,12,12,252030,179930
2020,신경외과,E21,1,1,1,49680,34780
2020,신경외과,E22,15,20,20,543690,394090
2020,신경외과,E23,30,61,62,4065780,2724000
2020,신경외과,E24,4,31,31,767560,651160
2020,신경외과,E27,18,78,78,1427190,1078490
2020,신경외과,E28,3,5,5,304230,213130
2020,신경외과,E29,2,4,4,95380,67810
2020,신경외과,E30,12,73,73,1099380,773280
2020,신경외과,E32,2,2,2,34150,23950
2020,신경외과,E34,9,14,14,334040,246440
2020,신경외과,E41,12,32,32,634440,475840
2020,신경외과,E46,6,11,11,196250,150350
2020,신경외과,E50,161,268,268,4066830,2923730
2020,신경외과,E51,4,4,4,197170,138270
2020,신경외과,E53,20,48,48,1093750,788750
2020,신경외과,E54,9,11,11,203060,146060
2020,신경외과,E55,1838,3231,3230,81873700,58593890
2020,신경외과,E56,33,43,43,1442660,1026260
2020,신경외과,E58,63,163,163,4243370,2947650
2020,신경외과,E60,3,4,4,70380,56480
2020,신경외과,E61,137,214,214,4639880,3372980
2020,신경외과,E63,46,85,85,1574920,1240920
2020,신경외과,E64,2,2,2,57390,40290
2020,신경외과,E66,127,302,302,4866040,3438640
2020,신경외과,E67,1,1,1,11540,8140
2020,신경외과,E70,6,7,7,165800,118600
2020,신경외과,E71,2,3,4,266010,211010
2020,신경외과,E75,19,22,22,646630,453730
2020,신경외과,E78,6538,21739,21726,438993370,325104370
2020,신경외과,E79,20,62,62,964380,699980
2020,신경외과,E80,5,5,5,50760,40860
2020,신경외과,E83,153,259,259,4532930,3448230
2020,신경외과,E85,1,1,1,20140,14140
2020,신경외과,E86,155,301,317,7432740,5646980
2020,신경외과,E87,230,399,434,11970540,9407310
2020,신경외과,E88,33,34,34,699850,509350
2020,신경외과,E89,17,60,60,828590,625790
2020,신경외과,E90,29,38,38,821780,646740
2020,신경외과,F00,5263,28247,28278,743571420,573953190
2020,신경외과,F01,200,583,583,12828010,10102110
2020,신경외과,F02,32,101,101,1876270,1480570
2020,신경외과,F03,297,647,645,18159670,13768350
2020,신경외과,F04,1,1,1,16140,11340
2020,신경외과,F05,18,31,31,541800,430500
2020,신경외과,F06,4563,14447,14445,309160410,245287020
2020,신경외과,F07,222,453,453,12221400,9034740
2020,신경외과,F09,2,5,5,78200,55000
2020,신경외과,F10,28,48,48,865600,637700
2020,신경외과,F11,1,1,1,16140,11340
2020,신경외과,F13,3,3,3,37140,32640
2020,신경외과,F17,7,9,9,278290,197190
2020,신경외과,F20,37,144,144,2584560,2165260
2020,신경외과,F21,2,3,3,68990,48890
2020,신경외과,F22,2,6,6,75480,66480
2020,신경외과,F23,4,19,19,140470,105170
2020,신경외과,F25,1,2,2,99420,89520
2020,신경외과,F29,8,40,40,1077290,925490
2020,신경외과,F30,6,10,10,123900,90400
2020,신경외과,F31,92,338,338,3234660,2485660
2020,신경외과,F32,1979,6649,6649,129857050,102068150
2020,신경외과,F33,107,528,618,15283330,11926930
2020,신경외과,F34,98,254,267,5381470,4095070
2020,신경외과,F38,113,246,246,3705650,2987450
2020,신경외과,F39,12,20,20,276460,223160
2020,신경외과,F40,194,488,496,8202420,6482200
2020,신경외과,F41,5443,15406,15440,246634830,195973050
2020,신경외과,F42,5,30,30,365480,261280
2020,신경외과,F43,398,929,1004,20240370,15377480
2020,신경외과,F44,5,8,8,114720,92820
2020,신경외과,F45,839,1675,1674,26273730,20940200
2020,신경외과,F48,1795,4628,4632,77423980,59573690
2020,신경외과,F50,115,299,299,4352860,3139560
2020,신경외과,F51,3300,10566,10565,166301260,128096170
2020,신경외과,F52,20,32,30,334610,248310
2020,신경외과,F54,7,7,7,112000,86300
2020,신경외과,F60,3,8,8,101520,86120
2020,신경외과,F62,1,1,1,16140,14540
2020,신경외과,F70,1,2,2,200390,138150
2020,신경외과,F78,1,1,1,11540,8140
2020,신경외과,F79,1,2,2,31040,26240
2020,신경외과,F80,19,19,21,1200360,893240
2020,신경외과,F84,7,41,41,553310,390010
2020,신경외과,F90,4,5,5,317310,226210
2020,신경외과,F91,4,4,4,355570,249170
2020,신경외과,F92,12,25,25,498660,372360
2020,신경외과,F93,1,1,1,16140,11340
2020,신경외과,F95,80,184,184,2994360,2204160
2020,신경외과,F98,1,1,1,16140,11340
2020,신경외과,F99,1,1,1,16140,14540
2020,신경외과,G03,10,24,24,915740,649340
2020,신경외과,G04,14,27,27,1083660,783060
2020,신경외과,G05,66,136,141,4746780,3461530
2020,신경외과,G06,8,18,18,653020,490920
2020,신경외과,G08,2,5,19,1124680,842140
2020,신경외과,G10,2,2,2,45690,32090
2020,신경외과,G11,21,254,254,7641810,6301310
2020,신경외과,G12,23,166,166,6549290,5655790
2020,신경외과,G13,1,4,4,443370,310570
2020,신경외과,G14,52,112,112,2849010,2219910
2020,신경외과,G20,1112,5700,5724,142025310,122108440
2020,신경외과,G21,160,630,640,10947970,8926220
2020,신경외과,G22,113,360,360,7960280,6135480
2020,신경외과,G23,14,57,57,1399500,1083900
2020,신경외과,G24,3781,6044,6043,154468040,110498280
2020,신경외과,G25,7243,20357,20368,444327100,338304200
2020,신경외과,G26,7,15,15,303040,239540
2020,신경외과,G30,244,1096,1084,30946010,23609010
2020,신경외과,G31,5182,17058,17104,382570950,301182200
2020,신경외과,G32,9,15,15,939350,674250
2020,신경외과,G35,8,25,25,1474430,1049930
2020,신경외과,G36,2,2,2,40550,36550
2020,신경외과,G37,20,47,47,2703780,1908780
2020,신경외과,G40,1803,7645,7647,130255700,98271530
2020,신경외과,G41,69,344,344,5405450,4134650
2020,신경외과,G43,20709,45968,46121,1812216930,1278642410
2020,신경외과,G44,38219,73845,74535,3166891830,2250158020
2020,신경외과,G45,3247,8873,9335,650338730,452894880
2020,신경외과,G46,1765,14194,15389,499984450,396591500
2020,신경외과,G47,9715,28452,28488,466901030,362877870
2020,신경외과,G50,4616,10934,10987,406758070,287774190
2020,신경외과,G51,8211,36796,37301,1001299100,723530250
2020,신경외과,G52,407,611,611,68363230,47393170
2020,신경외과,G53,3127,11441,11637,412900360,310388950
2020,신경외과,G54,2698,9603,9679,475460330,338455410
2020,신경외과,G55,861,3727,3766,211569170,151462510
2020,신경외과,G56,15013,40791,41264,1449079380,1041621490
2020,신경외과,G57,6565,17219,17343,695067260,495312300
2020,신경외과,G58,3850,7950,8025,329623800,239230980
2020,신경외과,G59,137,389,393,7695130,5998040
2020,신경외과,G60,8,16,16,244740,204840
2020,신경외과,G61,28,290,290,5948450,5150350
2020,신경외과,G62,753,2964,2981,85894010,65115640
2020,신경외과,G63,450,1743,1743,33301500,26647700
2020,신경외과,G64,3532,7274,7279,215991570,158050990
2020,신경외과,G70,57,156,156,4197030,3318430
2020,신경외과,G71,27,54,54,1548300,1187900
2020,신경외과,G72,49,77,85,3512770,2544170
2020,신경외과,G73,5,5,5,87840,64940
2020,신경외과,G80,47,179,179,3710060,3023860
2020,신경외과,G81,167,883,896,18480310,15035960
2020,신경외과,G82,74,204,216,8611290,6911210
2020,신경외과,G83,185,560,602,17111940,12797530
2020,신경외과,G90,674,1644,1842,102765120,73102550
2020,신경외과,G91,250,575,618,56639970,40967810
2020,신경외과,G93,945,1237,1442,119284420,84480210
2020,신경외과,G94,6,23,23,712370,541170
2020,신경외과,G95,116,573,679,20316940,15499930
2020,신경외과,G96,25,38,43,3300570,2172250
2020,신경외과,G97,5,9,14,1852990,1322230
2020,신경외과,G98,7,14,14,214550,168850
2020,신경외과,G99,47,110,153,22732970,16495850
2020,신경외과,H00,294,398,397,6940480,5054280
2020,신경외과,H01,135,181,180,2758310,2027410
2020,신경외과,H02,95,152,152,5845480,4212680
2020,신경외과,H03,1,1,1,16140,11340
2020,신경외과,H04,417,763,763,11256340,8444440
2020,신경외과,H05,28,50,50,1304450,936450
2020,신경외과,H10,910,1225,1233,19206980,14755620
2020,신경외과,H11,208,331,331,5269190,3926090
2020,신경외과,H16,85,114,114,1851300,1397600
2020,신경외과,H18,3,3,3,29490,20690
2020,신경외과,H19,29,38,38,780870,584270
2020,신경외과,H20,4,6,6,104330,73330
2020,신경외과,H25,69,107,107,1632130,1356030
2020,신경외과,H26,15,26,26,337440,273240
2020,신경외과,H27,1,1,1,20140,16140
2020,신경외과,H30,3,5,5,151120,107820
2020,신경외과,H34,5,8,8,833520,586520
2020,신경외과,H35,10,112,112,2663980,2342280
2020,신경외과,H36,23,84,86,1736510,1412080
2020,신경외과,H40,58,111,111,1792550,1389550
2020,신경외과,H42,1,4,4,56520,39820
2020,신경외과,H43,6,6,6,94760,75660
2020,신경외과,H44,9,9,9,254610,189610
2020,신경외과,H46,2,2,2,36280,25480
2020,신경외과,H47,8,8,8,532100,381100
2020,신경외과,H49,36,136,144,3993460,2924640
2020,신경외과,H50,8,13,12,367730,261230
2020,신경외과,H51,1,1,1,16140,11340
2020,신경외과,H52,2,2,2,32280,22680
2020,신경외과,H53,162,204,225,14220630,9838490
2020,신경외과,H54,13,13,13,516210,379410
2020,신경외과,H55,5,5,5,84720,59520
2020,신경외과,H57,28,38,38,1198360,864460
2020,신경외과,H58,1,1,9,564730,402230
2020,신경외과,H59,1,1,0,0,0
2020,신경외과,H60,471,775,775,16655470,12211590
2020,신경외과,H61,89,120,120,4626180,3457580
2020,신경외과,H62,3,3,3,54500,41500
2020,신경외과,H65,90,171,171,4376520,3172720
2020,신경외과,H66,165,365,366,9426490,7129150
2020,신경외과,H67,2,3,3,84500,59500
2020,신경외과,H68,3,3,3,53630,40830
2020,신경외과,H69,8,9,9,186190,130790
2020,신경외과,H70,15,22,22,484800,354800
2020,신경외과,H72,1,1,1,154380,108080
2020,신경외과,H73,5,5,5,123420,86620
2020,신경외과,H74,1,1,1,16140,14540
2020,신경외과,H81,9727,21736,22605,912960970,664926020
2020,신경외과,H82,81,125,125,2019480,1591980
2020,신경외과,H83,76,152,174,7100960,5140780
2020,신경외과,H90,6,8,8,126740,101340
2020,신경외과,H91,133,191,197,13582330,9787640
2020,신경외과,H92,36,42,42,1025640,752240
2020,신경외과,H93,891,1936,1939,57523050,42206530
2020,신경외과,I00,16,47,47,2132380,1814280
2020,신경외과,I05,1,1,1,16140,11340
2020,신경외과,I08,1,5,5,137510,96510
2020,신경외과,I10,37899,221841,221863,4063075880,3158427310
2020,신경외과,I11,325,1351,1351,21758000,17614400
2020,신경외과,I12,5,7,7,136520,112120
2020,신경외과,I13,12,77,77,1397530,1123930
2020,신경외과,I15,146,390,390,8292990,6327090
2020,신경외과,I20,401,1396,1394,27119490,21421930
2020,신경외과,I21,55,161,164,3550340,2849220
2020,신경외과,I22,4,24,24,392490,330290
2020,신경외과,I23,1,1,1,13620,12120
2020,신경외과,I24,14,35,35,666120,542420
2020,신경외과,I25,61,256,256,4687370,3771170
2020,신경외과,I26,2,2,2,30200,23900
2020,신경외과,I27,1,1,1,17210,15510
2020,신경외과,I30,1,2,2,51750,36350
2020,신경외과,I31,1,5,5,109830,77130
2020,신경외과,I34,5,6,6,140000,106800
2020,신경외과,I35,5,13,34,1883450,1411150
2020,신경외과,I37,1,1,1,16140,14540
2020,신경외과,I39,1,1,1,18990,17190
2020,신경외과,I41,1,1,1,18180,12780
2020,신경외과,I42,10,45,45,1685160,1496860
2020,신경외과,I44,2,3,3,49530,39230
2020,신경외과,I47,39,76,76,1564490,1179790
2020,신경외과,I48,51,175,175,3706840,2896340
2020,신경외과,I49,140,289,288,6915030,5184230
2020,신경외과,I50,162,561,568,15887220,12458010
2020,신경외과,I51,32,45,45,1659420,1238020
2020,신경외과,I52,1,1,1,16140,14540
2020,신경외과,I60,213,472,599,59714920,42387700
2020,신경외과,I61,330,1633,1745,51222570,38542820
2020,신경외과,I62,41,167,192,7921170,5822400
2020,신경외과,I63,5917,33815,36048,1015687860,797612660
2020,신경외과,I64,348,867,879,64023820,45939990
2020,신경외과,I65,705,2564,2612,83423620,62978610
2020,신경외과,I66,371,1420,1537,85037850,60737160
2020,신경외과,I67,2750,8818,9327,333494320,247562570
2020,신경외과,I68,89,362,368,13301950,9826430
2020,신경외과,I69,1662,8994,9535,221817900,175542880
2020,신경외과,I70,607,2190,2190,37313760,29050400
2020,신경외과,I71,7,12,12,169700,134050
2020,신경외과,I72,39,56,69,7089450,5028500
2020,신경외과,I73,4281,10509,10533,225417700,171685330
2020,신경외과,I74,47,89,89,1304240,1044040
2020,신경외과,I77,12,17,17,386900,301430
2020,신경외과,I78,133,384,384,7401090,5889390
2020,신경외과,I79,71,159,159,3058570,2390670
2020,신경외과,I80,156,330,330,7568220,5625440
2020,신경외과,I82,16,41,41,679800,535200
2020,신경외과,I83,1319,2129,2152,50649300,36498280
2020,신경외과,I86,41,61,61,1236080,923680
2020,신경외과,I87,1770,3756,3756,102194690,76525290
2020,신경외과,I88,133,171,171,3064060,2207060
2020,신경외과,I89,328,613,633,14394250,10649270
2020,신경외과,I95,201,267,269,8888610,6728860
2020,신경외과,I97,1,191,191,3388750,3059350
2020,신경외과,I98,2,3,3,66210,46510
2020,신경외과,I99,27,28,28,456600,363900
2020,신경외과,J00,7361,14599,14613,248645080,193859980
2020,신경외과,J01,974,1618,1618,37296860,27364060
2020,신경외과,J02,2596,4188,4191,71857510,54436240
2020,신경외과,J03,2880,4819,4830,85627540,63789390
2020,신경외과,J04,1744,2970,2971,51218820,39991010
2020,신경외과,J05,1,1,1,22610,15910
2020,신경외과,J06,6570,11592,11612,188812590,146007870
2020,신경외과,J09,14,21,21,340270,250870
2020,신경외과,J10,293,382,497,21235640,16977470
2020,신경외과,J11,279,412,433,10315480,7576880
2020,신경외과,J12,7,7,7,161500,121800
2020,신경외과,J14,2,10,14,533530,401090
2020,신경외과,J15,42,107,122,4076790,3253510
2020,신경외과,J16,2,2,2,100890,70790
2020,신경외과,J17,2,3,3,69420,48720
2020,신경외과,J18,879,1611,1699,62096060,45862910
2020,신경외과,J20,14790,28504,28719,487223340,376538580
2020,신경외과,J21,853,1352,1359,25418230,19284640
2020,신경외과,J22,176,307,313,5634040,4374660
2020,신경외과,J30,5949,10903,10895,186352240,141014180
2020,신경외과,J31,35,57,57,931330,676230
2020,신경외과,J32,261,438,436,12970960,9364610
2020,신경외과,J33,5,13,13,332100,233300
2020,신경외과,J34,47,64,63,1210200,904100
2020,신경외과,J35,26,34,39,1211250,910420
2020,신경외과,J36,514,894,901,15229740,11646110
2020,신경외과,J37,13,31,31,544490,447990
2020,신경외과,J38,14,18,18,396380,293180
2020,신경외과,J39,107,158,158,3021230,2203830
2020,신경외과,J40,3323,6423,6481,106551010,82577070
2020,신경외과,J41,569,1264,1258,20225610,15970510
2020,신경외과,J42,562,1419,1446,23277190,18686910
2020,신경외과,J43,11,18,18,606890,463590
2020,신경외과,J44,151,487,507,10453340,8327360
2020,신경외과,J45,722,2097,2101,37694350,29626170
2020,신경외과,J46,29,126,126,2391070,1789270
2020,신경외과,J47,14,27,27,687230,517230
2020,신경외과,J61,1,2,2,38720,34920
2020,신경외과,J62,4,4,4,77710,65510
2020,신경외과,J64,1,1,1,16140,14540
2020,신경외과,J68,1,1,1,16140,14540
2020,신경외과,J69,1,6,6,174720,122520
2020,신경외과,J80,1,1,1,29210,20510
2020,신경외과,J81,1,1,1,23590,16590
2020,신경외과,J82,1,1,1,40430,28330
2020,신경외과,J84,18,37,37,2595580,2030880
2020,신경외과,J85,1,1,1,24730,19830
2020,신경외과,J86,1,1,1,26610,18710
2020,신경외과,J90,22,25,25,638050,470950
2020,신경외과,J91,1,1,1,21760,17460
2020,신경외과,J93,53,92,92,2901530,2065200
2020,신경외과,J94,7,14,28,1626090,1199510
2020,신경외과,J96,3,6,10,457110,343600
2020,신경외과,J98,144,204,204,6271850,4445650
2020,신경외과,J99,1,1,1,16140,14540
2020,신경외과,K02,4,7,7,112100,88700
2020,신경외과,K04,16,43,53,2048570,1524480
2020,신경외과,K05,271,440,440,6647710,5196410
2020,신경외과,K06,13,48,48,1926880,1371080
2020,신경외과,K07,2232,4664,4664,119475060,87378160
2020,신경외과,K08,93,121,121,2065850,1572550
2020,신경외과,K09,2,2,2,40190,28190
2020,신경외과,K10,54,80,80,2234470,1581370
2020,신경외과,K11,102,133,133,2392470,1769270
2020,신경외과,K12,652,1036,1036,18856260,14366460
2020,신경외과,K13,22,37,36,562260,434760
2020,신경외과,K14,77,107,106,1785270,1430670
2020,신경외과,K20,39,77,77,1165920,917120
2020,신경외과,K21,4830,9491,9493,274013810,200656190
2020,신경외과,K22,15,23,23,388530,286830
2020,신경외과,K25,1208,2239,2239,45552640,34410090
2020,신경외과,K26,50,97,97,1803960,1369760
2020,신경외과,K27,680,1311,1311,26712150,20430650
2020,신경외과,K28,5,6,6,239760,173260
2020,신경외과,K29,16241,36162,36195,1219539890,884054310
2020,신경외과,K30,1990,4048,4059,128722070,95020920
2020,신경외과,K31,50,67,67,1665150,1305990
2020,신경외과,K35,65,85,90,2895950,2074140
2020,신경외과,K36,2,2,2,32280,22680
2020,신경외과,K37,15,24,24,535770,390920
2020,신경외과,K38,4,4,4,68560,48160
2020,신경외과,K40,48,68,74,1723530,1328280
2020,신경외과,K41,5,11,18,619600,455850
2020,신경외과,K42,5,5,5,98230,73380
2020,신경외과,K43,17,29,47,1447580,1167790
2020,신경외과,K44,2,2,2,41340,32240
2020,신경외과,K45,1,1,1,14900,14900
2020,신경외과,K46,19,21,21,356030,286130
2020,신경외과,K50,17,20,20,321110,242510
2020,신경외과,K51,11,23,23,700380,599180
2020,신경외과,K52,2488,3760,3820,72066970,54178170
2020,신경외과,K55,1,1,1,26960,18960
2020,신경외과,K56,57,96,107,3262570,2468860
2020,신경외과,K57,8,34,42,1881140,1392340
2020,신경외과,K58,1782,2781,2829,49342560,38463330
2020,신경외과,K59,2080,3466,3469,56307610,44079680
2020,신경외과,K60,9,20,20,306600,248000
2020,신경외과,K61,39,102,113,3365290,2626020
2020,신경외과,K62,28,45,45,1928240,1389640
2020,신경외과,K63,49,63,59,11979960,8625330
2020,신경외과,K64,192,350,360,7043640,5357070
2020,신경외과,K65,9,13,15,428530,313030
2020,신경외과,K66,1,1,1,21890,15390
2020,신경외과,K70,115,230,243,6729450,4893900
2020,신경외과,K71,110,216,238,7725770,5561500
2020,신경외과,K72,19,29,29,512420,396120
2020,신경외과,K73,299,862,904,27573300,19892510
2020,신경외과,K74,39,106,107,3606610,2604530
2020,신경외과,K75,174,363,388,11192870,8289940
2020,신경외과,K76,1149,1948,1959,69980870,50164990
2020,신경외과,K77,2,2,2,24960,21960
2020,신경외과,K80,67,167,230,8107620,5975200
2020,신경외과,K81,23,36,48,2536660,1863260
2020,신경외과,K82,38,78,78,2274430,1627430
2020,신경외과,K83,8,18,18,712100,524100
2020,신경외과,K85,11,17,20,1394180,1005500
2020,신경외과,K86,9,12,19,1205530,904430
2020,신경외과,K90,2,2,2,27680,24580
2020,신경외과,K91,3,4,4,60230,54630
2020,신경외과,K92,95,113,112,5194140,3741610
2020,신경외과,K93,2,3,3,48410,34010
2020,신경외과,L00,1,1,1,19290,17390
2020,신경외과,L01,96,178,178,3560890,2758890
2020,신경외과,L02,3799,10699,10779,256545780,189296670
2020,신경외과,L03,11853,27685,28351,701343960,521161370
2020,신경외과,L04,485,683,697,13827620,10007700
2020,신경외과,L05,29,113,127,5142750,3689710
2020,신경외과,L08,744,1460,1460,30437760,22805700
2020,신경외과,L12,1,1,1,16140,11340
2020,신경외과,L13,33,53,52,781130,580930
2020,신경외과,L20,620,1479,1478,33668350,24296720
2020,신경외과,L21,577,1007,1007,16021620,12205120
2020,신경외과,L22,2,8,8,51930,39930
2020,신경외과,L23,6152,11291,11290,193688000,150588810
2020,신경외과,L24,1301,2441,2441,48243550,35896950
2020,신경외과,L25,815,1352,1351,20473920,16231900
2020,신경외과,L26,1,1,1,30700,21500
2020,신경외과,L27,56,85,84,1341890,1037060
2020,신경외과,L28,252,508,508,8650070,6611570
2020,신경외과,L29,510,945,944,16908510,13591320
2020,신경외과,L30,1267,1966,1963,32742370,25180990
2020,신경외과,L40,119,248,248,3928180,2996380
2020,신경외과,L41,3,5,5,176800,124100
2020,신경외과,L42,28,80,80,1268140,892840
2020,신경외과,L43,2,43,43,520220,455420
2020,신경외과,L44,2,8,8,101640,71640
2020,신경외과,L50,4000,7032,7038,127779900,98054980
2020,신경외과,L51,12,32,32,701620,496320
2020,신경외과,L52,7,24,24,393740,288540
2020,신경외과,L53,84,171,171,3402610,2460410
2020,신경외과,L55,8,8,8,168430,123830
2020,신경외과,L57,12,20,20,778640,572540
2020,신경외과,L59,2,11,11,203520,163520
2020,신경외과,L60,3105,9377,9380,273947310,198565380
2020,신경외과,L62,2,15,15,418470,293470
2020,신경외과,L63,92,336,336,10141990,7126590
2020,신경외과,L64,36,43,43,861810,608410
2020,신경외과,L65,31,52,52,763500,538200
2020,신경외과,L66,52,109,109,4337760,3080960
2020,신경외과,L70,96,166,166,2573630,1812930
2020,신경외과,L71,5,9,9,130640,102540
2020,신경외과,L72,964,3327,3368,133017200,95529810
2020,신경외과,L73,14,24,24,425150,300550
2020,신경외과,L74,13,27,27,476280,361480
2020,신경외과,L80,10,10,10,200730,140930
2020,신경외과,L81,12,20,20,363720,272820
2020,신경외과,L82,49,58,58,2943800,2093700
2020,신경외과,L84,1051,2909,2941,107095650,77836210
2020,신경외과,L85,222,314,314,5251600,4059800
2020,신경외과,L86,3,4,4,60290,43990
2020,신경외과,L87,1,1,1,16140,11340
2020,신경외과,L88,1,2,2,36050,36050
2020,신경외과,L89,175,1037,1089,28814250,22721180
2020,신경외과,L90,16,19,19,353180,259980
2020,신경외과,L91,32,54,54,1422770,1014670
2020,신경외과,L92,36,77,77,2651710,1948910
2020,신경외과,L93,1,1,1,16140,14540
2020,신경외과,L94,1,1,1,23970,16870
2020,신경외과,L95,27,37,36,847810,601710
2020,신경외과,L97,1,2,2,46370,36070
2020,신경외과,L98,100,251,251,5301430,4348930
2020,신경외과,L99,1,1,1,14060,9860
2020,신경외과,M00,119,526,713,32222920,23892700
2020,신경외과,M01,6,127,127,3611870,2571470
2020,신경외과,M02,28,172,172,3311960,2493960
2020,신경외과,M03,1,1,1,16140,11340
2020,신경외과,M05,332,2256,2337,63199290,53818140
2020,신경외과,M06,1231,4099,4240,133431590,98323800
2020,신경외과,M07,224,589,589,13320030,9837430
2020,신경외과,M08,26,64,64,3075260,2237880
2020,신경외과,M09,2,2,2,60830,45830
2020,신경외과,M10,11169,35448,35776,735988480,540264860
2020,신경외과,M11,106,365,383,8786660,6565710
2020,신경외과,M12,1620,4619,4632,113058400,83650340
2020,신경외과,M13,46706,155709,156513,5213367660,3789872800
2020,신경외과,M14,18,75,72,3446260,2443060
2020,신경외과,M15,491,1832,1832,42179150,32033050
2020,신경외과,M16,2362,7901,8133,247557410,186168000
2020,신경외과,M17,165406,845385,867330,34835089190,25049474470
2020,신경외과,M18,366,932,932,18683150,14146950
2020,신경외과,M19,37174,120907,122221,3823765050,2816818030
2020,신경외과,M20,1178,2622,3632,159796420,118081520
2020,신경외과,M21,1526,3313,3466,115874160,85054780
2020,신경외과,M22,1987,5088,5178,156218910,110667750
2020,신경외과,M23,3211,10450,12274,529293370,374444770
2020,신경외과,M24,5620,23523,24514,835242620,606946880
2020,신경외과,M25,43290,131032,131458,4502354850,3253372780
2020,신경외과,M31,3,9,9,212790,173090
2020,신경외과,M32,10,188,188,3833000,3384600
2020,신경외과,M33,5,18,18,470490,379890
2020,신경외과,M34,6,87,87,2688430,2420630
2020,신경외과,M35,78,229,229,5863710,4758710
2020,신경외과,M40,1087,4314,4406,141333050,103017720
2020,신경외과,M41,2478,9381,9535,298737370,216390320
2020,신경외과,M42,6,6,6,388680,272480
2020,신경외과,M43,13863,69804,73110,3696247310,2720299710
2020,신경외과,M45,325,1889,1941,57692200,47205740
2020,신경외과,M46,1024,4121,4305,188504940,138618570
2020,신경외과,M47,89296,404373,410710,20023206520,14580494120
2020,신경외과,M48,136150,796699,814449,37243513510,27810303070
2020,신경외과,M49,1949,11157,11180,437098880,331579740
2020,신경외과,M50,99259,470951,485003,21085163080,15255861600
2020,신경외과,M51,144295,774035,810210,35225024690,25703189620
2020,신경외과,M53,26997,81735,82509,3606825930,2590225000
2020,신경외과,M54,336258,1320995,1329755,64610400880,46632475770
2020,신경외과,M60,2040,4329,4454,150429600,110253290
2020,신경외과,M61,71,289,303,6669890,4930280
2020,신경외과,M62,9143,23155,23275,785989870,569226910
2020,신경외과,M63,2,3,3,98870,69270
2020,신경외과,M65,75750,222100,222974,5927709430,4300007560
2020,신경외과,M66,902,2913,3011,93452850,68294770
2020,신경외과,M67,8622,16023,16137,526576900,375612590
2020,신경외과,M68,181,493,493,12576690,8845190
2020,신경외과,M70,6986,18842,18903,581750750,418578020
2020,신경외과,M71,6820,22941,23113,679873090,492013580
2020,신경외과,M72,18232,58576,58763,1442455430,1048615230
2020,신경외과,M73,47,171,171,4539910,3206210
2020,신경외과,M75,128711,546063,551399,19768882680,14335941270
2020,신경외과,M76,10405,27728,27796,714535630,512438150
2020,신경외과,M77,77665,251938,252437,7169259250,5121835960
2020,신경외과,M79,88291,245497,246849,7155532120,5236078840
2020,신경외과,M80,1740,8458,8537,272983420,209397020
2020,신경외과,M81,31052,115454,115543,5132596020,3738918380
2020,신경외과,M82,86,202,202,6937400,5021700
2020,신경외과,M83,124,260,260,7595600,5638400
2020,신경외과,M84,71,254,303,20210900,15234000
2020,신경외과,M85,286,572,571,14262890,10250370
2020,신경외과,M86,33,144,164,6190200,4776050
2020,신경외과,M87,285,959,1422,71145760,53067170
2020,신경외과,M88,3,3,3,207550,145450
2020,신경외과,M89,293,985,1045,44614810,33459480
2020,신경외과,M90,14,21,21,425360,317560
2020,신경외과,M91,19,32,32,1466260,1052460
2020,신경외과,M92,454,973,973,25133110,17869710
2020,신경외과,M93,42,134,156,7990640,5637250
2020,신경외과,M94,866,1693,1755,52963780,38107020
2020,신경외과,M95,21,53,53,1319180,926680
2020,신경외과,M96,3728,23093,23356,1070163840,800384600
2020,신경외과,M99,3916,17152,18230,711406180,518395620
2020,신경외과,N00,5,12,12,342360,263160
2020,신경외과,N02,2,2,2,28580,20180
2020,신경외과,N03,18,23,23,858560,625760
2020,신경외과,N04,9,19,19,275440,198740
2020,신경외과,N05,4,5,5,239140,172440
2020,신경외과,N08,2,2,2,23080,20080
2020,신경외과,N10,92,178,246,9444410,7056890
2020,신경외과,N11,10,15,40,1991640,1412940
2020,신경외과,N12,16,34,34,662540,496340
2020,신경외과,N13,5,6,15,905910,656530
2020,신경외과,N15,3,3,3,232300,162700
2020,신경외과,N17,12,13,13,405470,303770
2020,신경외과,N18,51,313,313,9966180,8366780
2020,신경외과,N19,19,73,73,1520240,1127140
2020,신경외과,N20,79,111,151,6177390,4570710
2020,신경외과,N21,56,75,80,2457960,1804110
2020,신경외과,N22,2,2,2,39190,27490
2020,신경외과,N23,1,1,1,16140,11340
2020,신경외과,N25,1,5,5,60400,52900
2020,신경외과,N28,18,22,42,2071400,1541500
2020,신경외과,N30,2138,4017,4033,77619740,58778250
2020,신경외과,N31,304,681,687,12374490,9849550
2020,신경외과,N32,54,113,113,1788890,1433190
2020,신경외과,N33,1,1,1,5770,4270
2020,신경외과,N34,159,293,292,5850190,4326510
2020,신경외과,N35,1,4,4,71160,62160
2020,신경외과,N36,6,9,9,142900,120000
2020,신경외과,N37,1,1,1,16300,14700
2020,신경외과,N39,345,792,788,14325470,11587860
2020,신경외과,N40,1686,5349,5348,81739210,66251330
2020,신경외과,N41,38,84,84,1199950,943750
2020,신경외과,N42,40,85,85,1311550,1011250
2020,신경외과,N43,2,3,3,60660,42660
2020,신경외과,N45,12,54,55,897670,711130
2020,신경외과,N47,2,2,2,38150,26850
2020,신경외과,N48,71,122,122,1879220,1453920
2020,신경외과,N49,3,9,9,325030,237630
2020,신경외과,N50,26,118,118,1515130,1209830
2020,신경외과,N51,8,26,26,687920,548320
2020,신경외과,N60,4,4,4,68560,54560
2020,신경외과,N61,7,14,14,285520,209920
2020,신경외과,N62,9,9,9,141980,115980
2020,신경외과,N63,1,1,1,16140,14540
2020,신경외과,N64,36,52,52,1110370,790970
2020,신경외과,N70,1,1,1,16440,14840
2020,신경외과,N71,11,12,12,916430,642430
2020,신경외과,N72,33,160,160,2623610,1953910
2020,신경외과,N73,8,9,9,177620,132620
2020,신경외과,N74,1,1,1,16140,11340
2020,신경외과,N75,8,11,11,332040,236140
2020,신경외과,N76,114,199,199,3696770,2766570
2020,신경외과,N77,5,18,18,222600,162500
2020,신경외과,N80,3,3,8,451170,343330
2020,신경외과,N81,4,5,5,77960,66660
2020,신경외과,N83,12,15,41,2493340,1869360
2020,신경외과,N84,8,31,31,1363580,955780
2020,신경외과,N85,6,6,6,654270,458470
2020,신경외과,N87,5,5,10,265780,190960
2020,신경외과,N90,1,1,1,16140,11340
2020,신경외과,N91,31,36,36,2204700,1545500
2020,신경외과,N92,37,55,55,3169440,2222640
2020,신경외과,N93,2,2,2,48730,34230
2020,신경외과,N94,109,163,163,2708500,1923300
2020,신경외과,N95,584,1746,1746,27081620,19989620
2020,신경외과,N97,7,30,30,407550,286550
2020,신경외과,O00,1,1,1,11540,8140
2020,신경외과,O02,1,1,1,11540,10440
2020,신경외과,O03,2,2,2,117800,82600
2020,신경외과,O20,2,5,5,388630,350030
2020,신경외과,O21,1,2,2,26500,18700
2020,신경외과,O26,1,1,1,76170,68570
2020,신경외과,O30,1,3,3,393410,354210
2020,신경외과,O72,1,1,1,41790,29290
2020,신경외과,O87,1,1,1,16140,11340
2020,신경외과,O90,1,1,1,22000,15400
2020,신경외과,O91,3,3,3,58720,41320
2020,신경외과,O92,1,2,2,27680,19480
2020,신경외과,O94,1,1,1,16140,11340
2020,신경외과,P07,1,1,1,20140,14140
2020,신경외과,P14,2,92,92,523690,378590
2020,신경외과,P21,1,19,18,820420,609220
2020,신경외과,P28,5,5,5,150090,109090
2020,신경외과,P35,2,2,2,36280,28680
2020,신경외과,P54,1,2,2,41860,39860
2020,신경외과,Q01,1,2,2,183140,128340
2020,신경외과,Q04,4,9,9,308580,226780
2020,신경외과,Q05,11,29,29,1288450,1124650
2020,신경외과,Q06,5,9,9,908340,652740
2020,신경외과,Q07,8,17,17,600380,424180
2020,신경외과,Q17,1,1,1,17070,13570
2020,신경외과,Q18,1,1,1,44580,31280
2020,신경외과,Q27,9,15,33,1513710,1122660
2020,신경외과,Q28,78,197,205,8777470,6315020
2020,신경외과,Q31,1,1,1,25260,17760
2020,신경외과,Q34,1,1,1,24620,17320
2020,신경외과,Q36,2,2,2,34290,27690
2020,신경외과,Q38,3,3,3,52420,42020
2020,신경외과,Q44,1,1,0,111650,89330
2020,신경외과,Q61,8,13,13,475720,312290
2020,신경외과,Q62,1,7,7,133190,93390
2020,신경외과,Q65,4,10,18,830040,618770
2020,신경외과,Q66,59,101,120,3793630,2751050
2020,신경외과,Q67,12,12,12,358140,258440
2020,신경외과,Q68,12,33,33,645200,470400
2020,신경외과,Q69,1,1,1,18410,17510
2020,신경외과,Q70,2,33,33,929220,652920
2020,신경외과,Q72,2,2,2,32280,22680
2020,신경외과,Q74,24,37,37,931470,664470
2020,신경외과,Q75,6,10,10,270870,208670
2020,신경외과,Q76,10,27,27,749550,543750
2020,신경외과,Q77,1,3,3,81380,73380
2020,신경외과,Q78,11,25,26,744430,667430
2020,신경외과,Q81,14,21,21,520510,357970
2020,신경외과,Q82,16,29,29,1286860,934960
2020,신경외과,Q83,2,2,2,32500,22800
2020,신경외과,Q84,17,51,51,1302930,937230
2020,신경외과,Q85,51,129,129,7580820,6163920
2020,신경외과,Q87,2,104,104,2054860,1856260
2020,신경외과,Q89,1,1,1,20140,19140
2020,신경외과,Q90,1,12,12,138480,97680
2020,신경외과,R00,282,442,441,11220330,8258240
2020,신경외과,R01,2,28,28,500650,434650
2020,신경외과,R02,1,5,5,95420,76420
2020,신경외과,R03,100,126,125,3014980,2177880
2020,신경외과,R04,70,81,82,2284480,1769580
2020,신경외과,R05,292,409,409,7561790,5775090
2020,신경외과,R06,332,384,384,11506060,8519890
2020,신경외과,R07,1856,2322,2326,69673100,50425530
2020,신경외과,R09,46,59,59,1204840,904940
2020,신경외과,R10,2204,2963,2995,76800450,57266660
2020,신경외과,R11,1241,1860,1866,57177740,41891120
2020,신경외과,R12,289,536,540,14843880,10815230
2020,신경외과,R13,7,8,8,113880,87580
2020,신경외과,R14,15,18,18,275520,216520
2020,신경외과,R15,2,2,2,27680,24580
2020,신경외과,R16,2,2,2,27680,21380
2020,신경외과,R17,12,27,27,1232510,882010
2020,신경외과,R18,5,6,6,288000,208200
2020,신경외과,R19,13,19,18,448610,345770
2020,신경외과,R20,683,984,983,33014770,23385910
2020,신경외과,R21,17,19,19,291380,217580
2020,신경외과,R22,551,1172,1203,38788670,28228400
2020,신경외과,R23,37,49,48,1007700,767400
2020,신경외과,R25,4600,9117,9118,203837150,151540420
2020,신경외과,R26,99,278,278,7040700,5103200
2020,신경외과,R27,9,9,9,661660,475060
2020,신경외과,R29,1533,2707,2698,76478280,54843880
2020,신경외과,R30,11,18,18,476480,347280
2020,신경외과,R31,69,89,97,3693170,2668970
2020,신경외과,R32,82,169,169,3154170,2624270
2020,신경외과,R33,1,1,0,1180,950
2020,신경외과,R35,81,154,154,2405490,1926490
2020,신경외과,R39,40,82,82,1728330,1283430
2020,신경외과,R40,10,14,14,1045480,737480
2020,신경외과,R41,472,1257,1256,28286380,21536850
2020,신경외과,R42,11734,21600,21852,706262770,517543120
2020,신경외과,R43,17,26,26,939110,686410
2020,신경외과,R44,321,348,348,31861260,22357660
2020,신경외과,R45,350,673,673,10699280,8487980
2020,신경외과,R47,35,39,38,1152700,866600
2020,신경외과,R49,2,2,2,32280,25880
2020,신경외과,R50,316,474,476,10451190,7849240
2020,신경외과,R51,19631,32157,32405,1396544930,989834170
2020,신경외과,R52,754,2459,2458,46750570,38167120
2020,신경외과,R53,237,307,309,4855800,3569600
2020,신경외과,R54,23,28,28,454970,365570
2020,신경외과,R55,430,583,594,59440870,41630210
2020,신경외과,R56,232,377,378,8786550,6351190
2020,신경외과,R57,90,275,275,4579090,3487790
2020,신경외과,R58,6,9,9,284440,202740
2020,신경외과,R59,101,130,130,2841460,2022460
2020,신경외과,R60,1061,1794,1794,43067910,32526710
2020,신경외과,R61,65,87,87,1696460,1251360
2020,신경외과,R62,24,64,64,1941800,1394200
2020,신경외과,R63,185,242,242,5570240,4273240
2020,신경외과,R65,6,7,7,272610,195510
2020,신경외과,R68,54,61,61,1471660,1049560
2020,신경외과,R69,8,9,9,135660,112860
2020,신경외과,R71,1,1,1,19450,13650
2020,신경외과,R72,3,3,3,58480,41080
2020,신경외과,R73,1252,2575,2582,85568680,62870010
2020,신경외과,R74,6,6,6,89070,62570
2020,신경외과,R76,13,15,15,535510,375610
2020,신경외과,R77,1,4,4,55640,49640
2020,신경외과,R78,1,1,1,13580,9580
2020,신경외과,R79,10,10,10,156090,109790
2020,신경외과,R80,18,22,22,1003030,714830
2020,신경외과,R81,118,187,188,3385880,2591000
2020,신경외과,R82,2,2,2,40400,37900
2020,신경외과,R83,1,3,3,118100,84700
2020,신경외과,R85,4,4,4,304070,213070
2020,신경외과,R86,1,2,2,28910,20310
2020,신경외과,R89,1,2,2,52700,37000
2020,신경외과,R90,8,10,10,345380,253680
2020,신경외과,R91,14,15,15,925120,652720
2020,신경외과,R92,4,4,4,44470,33170
2020,신경외과,R93,6,7,7,270160,192660
2020,신경외과,R94,135,259,263,8893790,6429300
2020,신경외과,S00,7289,10106,10351,309469440,225221070
2020,신경외과,S01,7089,18487,18650,501857940,368509990
2020,신경외과,S02,481,945,1381,69184130,50832090
2020,신경외과,S03,1210,2117,2145,58268830,42227800
2020,신경외과,S04,48,149,149,8547120,6161780
2020,신경외과,S05,67,101,111,3838090,2762880
2020,신경외과,S06,6961,11194,13485,714161820,514537850
2020,신경외과,S07,58,117,117,3211390,2324140
2020,신경외과,S08,5,13,13,388560,272460
2020,신경외과,S09,222,345,374,19259520,14323830
2020,신경외과,S10,98,144,144,3585930,2618130
2020,신경외과,S11,118,311,324,7993970,5915920
2020,신경외과,S12,64,253,420,19413540,14462100
2020,신경외과,S13,49520,137684,141579,5057990630,3625092610
2020,신경외과,S14,229,1233,1705,63519120,47667110
2020,신경외과,S15,2,3,3,94990,66690
2020,신경외과,S16,1,1,1,54120,37920
2020,신경외과,S19,2,2,2,96730,67830
2020,신경외과,S20,7450,12305,12624,395857230,288635590
2020,신경외과,S21,248,644,644,14462370,10938770
2020,신경외과,S22,10541,33767,48225,2396799480,1783547050
2020,신경외과,S23,21577,39692,40383,1330363310,968456400
2020,신경외과,S24,11,35,35,875340,663740
2020,신경외과,S25,2,4,4,184840,129540
2020,신경외과,S27,11,15,18,737880,555450
2020,신경외과,S28,1,10,10,230650,180150
2020,신경외과,S29,66,158,158,4926550,3587450
2020,신경외과,S30,1919,3908,3988,117104900,86713440
2020,신경외과,S31,618,1504,1515,34392600,26397570
2020,신경외과,S32,5167,22462,34294,1992895520,1489045960
2020,신경외과,S33,89288,266644,282100,11103234100,8018678470
2020,신경외과,S34,183,739,971,43378370,31376570
2020,신경외과,S35,3,7,7,215420,151220
2020,신경외과,S36,4,5,10,335320,251770
2020,신경외과,S37,1,3,3,136320,98120
2020,신경외과,S39,15,34,34,907960,682600
2020,신경외과,S40,1502,3532,3648,108763290,79202190
2020,신경외과,S41,438,1178,1195,28975460,21525020
2020,신경외과,S42,1202,4560,5511,215905430,159835450
2020,신경외과,S43,22230,69179,71379,2204481020,1597217480
2020,신경외과,S44,90,230,230,6171980,4394280
2020,신경외과,S45,5,10,22,906430,670120
2020,신경외과,S46,5987,26876,29002,1157477260,842300210
2020,신경외과,S47,2,2,2,49000,34400
2020,신경외과,S48,3,23,23,556140,473040
2020,신경외과,S49,37,248,254,6587700,4658180
2020,신경외과,S50,2880,5627,5645,164391160,118429650
2020,신경외과,S51,1599,4939,4962,135166610,99086790
2020,신경외과,S52,3633,18885,20655,834378390,613562910
2020,신경외과,S53,9965,25770,25978,759420530,547747380
2020,신경외과,S54,336,1046,1112,32848310,23975810
2020,신경외과,S55,11,26,26,763380,539280
2020,신경외과,S56,533,1610,1735,50269040,36323310
2020,신경외과,S57,11,22,22,534770,411470
2020,신경외과,S58,4,5,5,76100,65000
2020,신경외과,S59,25,206,206,4009650,3275950
2020,신경외과,S60,8006,13430,13440,431419700,308213440
2020,신경외과,S61,16198,48916,48992,1331747330,958372480
2020,신경외과,S62,5486,19788,20574,748814710,539123950
2020,신경외과,S63,47995,101964,102510,3125692100,2231952890
2020,신경외과,S64,212,522,521,14683110,10402950
2020,신경외과,S65,137,398,413,13837880,9948960
2020,신경외과,S66,1446,4920,5212,218547680,156904700
2020,신경외과,S67,405,1420,1462,50252730,36307870
2020,신경외과,S68,55,321,363,11311180,8205890
2020,신경외과,S69,163,360,361,10083930,7214110
2020,신경외과,S70,2348,4515,4666,132351210,97975200
2020,신경외과,S71,459,1416,1427,35960670,26683150
2020,신경외과,S72,509,2076,3398,151551710,114592060
2020,신경외과,S73,4320,10620,10876,312098080,228898530
2020,신경외과,S74,11,88,88,1219680,913280
2020,신경외과,S75,13,32,83,5028730,3718260
2020,신경외과,S76,1697,5075,5541,162719820,118130850
2020,신경외과,S77,4,7,35,2124470,1557080
2020,신경외과,S78,15,21,21,417240,321240
2020,신경외과,S79,46,138,147,4665070,3456510
2020,신경외과,S80,8936,18813,19163,559338390,406450820
2020,신경외과,S81,3497,11519,11715,319137380,234492390
2020,신경외과,S82,2895,12836,18421,867871740,642995940
2020,신경외과,S83,26155,73981,78964,2573362510,1853618830
2020,신경외과,S84,100,391,416,10272650,7380310
2020,신경외과,S85,33,56,75,5705220,4075080
2020,신경외과,S86,2493,7527,8479,273304580,197668330
2020,신경외과,S87,37,163,182,4983660,3767840
2020,신경외과,S88,25,52,52,950170,743170
2020,신경외과,S89,117,319,319,10015230,7053470
2020,신경외과,S90,8019,13096,13160,400003300,287291720
2020,신경외과,S91,3788,10074,10179,269321860,195625010
2020,신경외과,S92,7614,27816,32922,1465362500,1060560720
2020,신경외과,S93,58088,133397,136401,4477573930,3200899870
2020,신경외과,S94,35,79,79,2554110,1811910
2020,신경외과,S95,16,55,64,2829020,2005080
2020,신경외과,S96,1389,3989,4586,181834970,131626110
2020,신경외과,S97,186,421,501,17430470,12521790
2020,신경외과,S98,8,32,43,2406710,1779050
2020,신경외과,S99,261,498,511,16476960,12096690
2020,신경외과,T00,198,382,419,12874780,9465510
2020,신경외과,T01,62,174,174,4818260,3470840
2020,신경외과,T02,1,1,1,158350,110850
2020,신경외과,T03,9,16,16,393290,286190
2020,신경외과,T04,4,8,8,308960,216760
2020,신경외과,T05,3,12,12,152720,124320
2020,신경외과,T06,3,4,4,49590,36990
2020,신경외과,T07,1,1,1,22610,15910
2020,신경외과,T08,20,39,39,2529550,1806950
2020,신경외과,T09,88,466,479,10315580,7538750
2020,신경외과,T10,1,1,1,25130,17630
2020,신경외과,T11,77,161,161,4705990,3405430
2020,신경외과,T12,1,1,1,23890,16790
2020,신경외과,T13,117,314,314,7279880,5225000
2020,신경외과,T14,2179,5175,5216,132221770,96021770
2020,신경외과,T15,21,24,24,770140,544240
2020,신경외과,T16,76,83,83,3236230,2313630
2020,신경외과,T17,34,35,35,1311500,927400
2020,신경외과,T18,13,19,19,678490,481090
2020,신경외과,T20,117,281,286,12702850,9023480
2020,신경외과,T21,173,743,761,35064740,25707450
2020,신경외과,T22,562,2163,2189,87187730,62002030
2020,신경외과,T23,1339,3904,3913,167711740,119665660
2020,신경외과,T24,466,2162,2248,92854840,66904070
2020,신경외과,T25,374,1767,1813,78880410,56543430
2020,신경외과,T26,3,3,3,101620,71220
2020,신경외과,T28,2,2,2,34280,27680
2020,신경외과,T29,11,26,40,3002140,2269880
2020,신경외과,T30,346,1099,1116,55233930,39472450
2020,신경외과,T31,20,69,69,2329450,1661850
2020,신경외과,T33,46,78,78,1943880,1421180
2020,신경외과,T35,8,15,15,284760,203160
2020,신경외과,T42,1,1,1,11540,10040
2020,신경외과,T50,4,9,18,682150,503920
2020,신경외과,T52,6,10,52,2684740,1970500
2020,신경외과,T56,5,44,44,911350,640350
2020,신경외과,T58,2,2,2,33420,26220
2020,신경외과,T60,4,6,6,78440,67340
2020,신경외과,T63,194,252,252,7030350,5170750
2020,신경외과,T67,91,111,127,3500220,2659730
2020,신경외과,T69,5,5,5,86750,60950
2020,신경외과,T70,1,1,1,16140,14540
2020,신경외과,T73,42,67,67,1310320,977560
2020,신경외과,T75,22,32,32,1648140,1155140
2020,신경외과,T78,491,865,896,18480850,14374720
2020,신경외과,T79,339,770,786,18208430,13701000
2020,신경외과,T80,3,3,3,57330,40330
2020,신경외과,T81,148,520,589,20156980,15532700
2020,신경외과,T84,9,24,104,6312970,4562940
2020,신경외과,T85,1,6,6,886830,621030
2020,신경외과,T87,2,11,11,630660,455160
2020,신경외과,T88,16,19,24,1092630,816610
2020,신경외과,T90,36,193,193,3204930,2564730
2020,신경외과,T91,253,1352,1352,34386820,27107220
2020,신경외과,T92,102,687,687,14231780,11477280
2020,신경외과,T93,100,529,541,10789650,7968860
2020,신경외과,T95,4,7,7,140100,98500
2020,신경외과,Z00,144,151,151,3055330,2239930
2020,신경외과,Z01,17,20,20,365870,263170
2020,신경외과,Z02,5,5,5,0,0
2020,신경외과,Z03,43,53,53,1923670,1376270
2020,신경외과,Z04,56,58,58,985240,747540
2020,신경외과,Z09,3,3,3,80490,58390
2020,신경외과,Z10,18,22,22,81280,57180
2020,신경외과,Z20,12,18,18,855050,599250
2020,신경외과,Z23,9,9,9,345260,242160
2020,신경외과,Z24,12,24,24,540140,413440
2020,신경외과,Z25,88,102,102,2697490,1944790
2020,신경외과,Z26,104,110,110,1833210,1362550
2020,신경외과,Z27,2,2,2,0,0
2020,신경외과,Z29,2,2,2,32280,22680
2020,신경외과,Z30,10,17,17,368400,258700
2020,신경외과,Z31,3,26,26,316360,222960
2020,신경외과,Z32,38,48,48,911170,750770
2020,신경외과,Z34,34,49,49,4499550,4047850
2020,신경외과,Z35,1,5,5,79890,56090
2020,신경외과,Z39,5,5,5,188810,132410
2020,신경외과,Z46,1,1,1,16140,11340
2020,신경외과,Z47,15,63,104,3738190,2832310
2020,신경외과,Z48,830,1735,1735,36475150,26944160
2020,신경외과,Z49,2,3,3,75720,53020
2020,신경외과,Z51,1,1,1,28720,20120
2020,신경외과,Z54,14,48,48,987930,725030
2020,신경외과,Z70,5,5,5,120960,88060
2020,신경외과,Z71,1198,1459,1285,22958750,18038800
2020,신경외과,Z72,5,5,5,55360,45960
2020,신경외과,Z73,6,7,7,155650,118850
2020,신경외과,Z76,1,2,2,27680,24580
2020,신경외과,Z82,2,2,2,36280,25480
2020,신경외과,Z83,3,3,3,47060,35260
2020,신경외과,Z87,1,1,1,16140,11340
2020,신경외과,Z90,1,1,1,29900,21000
2020,신경외과,Z92,3,17,17,73670,52270
2020,신경외과,Z93,2,2,2,43810,32710
2020,신경외과,Z94,8,14,14,342080,246780
2020,신경외과,Z95,4,10,10,415890,307690
2020,신경외과,Z96,30,191,191,4459820,3592220
2020,신경외과,Z98,1461,4659,6870,255126920,191776630
2020,신경외과,Z99,1,1,1,127830,89530
2020,흉부외과,A04,106,160,160,2293320,1743920
2020,흉부외과,A05,1,1,1,18380,12880
2020,흉부외과,A08,11,26,26,392520,276020
2020,흉부외과,A09,607,1061,1546,84853320,63119000
2020,흉부외과,A15,8,52,112,12133980,11247030
2020,흉부외과,A16,2,3,3,92010,67010
2020,흉부외과,A49,3,3,3,39220,27620
2020,흉부외과,A59,1,1,1,16140,11340
2020,흉부외과,A63,1,3,3,156510,109710
2020,흉부외과,A75,2,11,11,221070,175570
2020,흉부외과,B00,141,217,217,3493750,2615350
2020,흉부외과,B01,5,5,12,1044360,808610
2020,흉부외과,B02,336,597,890,44462100,34321170
2020,흉부외과,B07,29,36,36,1129560,800660
2020,흉부외과,B08,2,6,6,168790,122190
2020,흉부외과,B16,1,1,1,38530,27030
2020,흉부외과,B18,5,6,6,418640,293440
2020,흉부외과,B26,2,2,2,32290,22690
2020,흉부외과,B30,1,2,2,23080,16280
2020,흉부외과,B35,1289,3448,3448,46404170,34845470
2020,흉부외과,B36,3,5,5,68680,54580
2020,흉부외과,B37,23,29,29,376500,315700
2020,흉부외과,B48,1,1,1,16140,14540
2020,흉부외과,B66,2,2,2,32280,22680
2020,흉부외과,B88,1,1,1,11540,8140
2020,흉부외과,B90,1,1,1,24050,16850
2020,흉부외과,C13,1,2,23,1334670,1267940
2020,흉부외과,C15,4,6,11,817660,742330
2020,흉부외과,C16,8,28,30,2373370,1917050
2020,흉부외과,C17,1,1,2,194620,184890
2020,흉부외과,C18,19,120,120,2549740,2405840
2020,흉부외과,C19,1,10,10,204900,194700
2020,흉부외과,C20,6,27,34,1044040,955510
2020,흉부외과,C22,7,273,290,9221530,8443040
2020,흉부외과,C24,1,1,1,160090,112090
2020,흉부외과,C25,5,22,50,4782970,4052870
2020,흉부외과,C34,46,195,498,60661040,53266550
2020,흉부외과,C38,2,2,3,159390,143480
2020,흉부외과,C39,1,1,1,16140,11340
2020,흉부외과,C44,1,10,10,217940,207240
2020,흉부외과,C45,2,4,4,412850,302530
2020,흉부외과,C50,17,67,78,2587820,2319410
2020,흉부외과,C61,1,3,3,62630,59530
2020,흉부외과,C73,1,1,1,16140,15340
2020,흉부외과,C74,1,1,1,206240,195940
2020,흉부외과,C78,2,19,63,8483200,8002750
2020,흉부외과,C81,1,9,9,166690,158390
2020,흉부외과,C83,6,24,31,2442150,2131480
2020,흉부외과,C85,3,8,8,153280,145680
2020,흉부외과,C92,3,6,9,486090,452730
2020,흉부외과,D00,1,1,1,16140,11340
2020,흉부외과,D01,2,2,2,172630,164130
2020,흉부외과,D02,2,4,4,266520,193120
2020,흉부외과,D05,1,1,1,120750,114750
2020,흉부외과,D09,1,6,6,74280,52280
2020,흉부외과,D13,1,2,2,51940,36440
2020,흉부외과,D14,1,3,3,54280,44780
2020,흉부외과,D15,3,3,3,51270,43070
2020,흉부외과,D16,1,2,2,43140,30340
2020,흉부외과,D17,142,391,398,20015650,14461690
2020,흉부외과,D18,25,46,46,3366480,2357980
2020,흉부외과,D19,1,1,1,16140,11340
2020,흉부외과,D20,1,1,1,29210,20510
2020,흉부외과,D21,58,120,120,4125420,3050720
2020,흉부외과,D23,107,423,430,20758020,15075640
2020,흉부외과,D24,1,1,1,16140,11340
2020,흉부외과,D25,1,1,1,16140,11340
2020,흉부외과,D32,1,1,15,1250010,1141500
2020,흉부외과,D36,5,10,10,568110,401910
2020,흉부외과,D37,1,9,9,324750,244150
2020,흉부외과,D38,2,5,5,123980,86980
2020,흉부외과,D48,2,2,2,75210,52710
2020,흉부외과,D50,51,74,74,1519940,1097220
2020,흉부외과,D51,2,27,27,358150,317450
2020,흉부외과,D61,1,3,3,25600,18000
2020,흉부외과,D62,1,1,1,14060,12560
2020,흉부외과,D64,7,8,8,251160,183660
2020,흉부외과,D66,1,3,3,49450,44650
2020,흉부외과,D69,3,3,3,63280,49680
2020,흉부외과,E03,68,223,223,5277340,3807140
2020,흉부외과,E04,4,12,12,158200,130400
2020,흉부외과,E05,31,127,127,3271170,2373470
2020,흉부외과,E06,1,1,1,11540,10040
2020,흉부외과,E07,16,16,16,1415830,991930
2020,흉부외과,E10,27,113,134,3407640,2565380
2020,흉부외과,E11,1003,4938,5037,121261390,90095770
2020,흉부외과,E13,23,99,99,1519230,1145730
2020,흉부외과,E14,72,409,409,6352570,5215470
2020,흉부외과,E16,1,1,1,12610,11110
2020,흉부외과,E28,3,11,11,580260,414460
2020,흉부외과,E30,1,1,1,17680,12380
2020,흉부외과,E46,2,2,2,15750,10850
2020,흉부외과,E50,15,25,25,303700,215900
2020,흉부외과,E55,8,11,11,224300,168300
2020,흉부외과,E58,1,1,1,11540,8140
2020,흉부외과,E66,7,9,9,99750,70250
2020,흉부외과,E78,947,2881,2881,78211190,52823920
2020,흉부외과,E83,1,1,1,21470,15070
2020,흉부외과,E86,3,4,4,114600,84500
2020,흉부외과,E87,2,3,3,184060,132860
2020,흉부외과,E89,1,5,5,57700,40700
2020,흉부외과,F00,94,412,412,9123420,7243040
2020,흉부외과,F03,10,62,62,552320,429220
2020,흉부외과,F06,59,118,118,2418640,1899940
2020,흉부외과,F20,2,3,3,17310,13310
2020,흉부외과,F31,3,12,12,143590,115190
2020,흉부외과,F32,58,114,114,1532130,1272530
2020,흉부외과,F34,8,10,10,145360,108560
2020,흉부외과,F38,82,151,151,2400320,1885220
2020,흉부외과,F40,3,8,8,104230,85630
2020,흉부외과,F41,189,423,423,5834660,4659060
2020,흉부외과,F43,1,1,1,11540,10040
2020,흉부외과,F48,12,17,17,493830,346430
2020,흉부외과,F51,252,582,582,8075150,6248050
2020,흉부외과,F52,2,2,2,82870,61270
2020,흉부외과,F54,1,2,2,34080,23980
2020,흉부외과,F90,1,5,5,57700,40700
2020,흉부외과,G20,19,60,60,840960,723860
2020,흉부외과,G21,1,2,2,68340,50440
2020,흉부외과,G23,1,1,1,11540,10040
2020,흉부외과,G24,47,47,47,786020,581620
2020,흉부외과,G25,64,107,107,1973350,1495050
2020,흉부외과,G30,1,1,1,59500,41700
2020,흉부외과,G31,1619,3434,3434,62664890,49620680
2020,흉부외과,G40,9,48,48,605270,453270
2020,흉부외과,G43,491,757,757,12868650,9623060
2020,흉부외과,G44,74,112,112,2938980,2151480
2020,흉부외과,G45,2,6,6,80360,66860
2020,흉부외과,G46,1,6,6,79640,70640
2020,흉부외과,G47,251,740,740,13502540,10250700
2020,흉부외과,G50,21,41,41,532260,437460
2020,흉부외과,G51,9,18,25,880520,680560
2020,흉부외과,G53,98,345,349,6926390,5306980
2020,흉부외과,G54,2,5,5,106320,74620
2020,흉부외과,G55,1,1,1,16140,14540
2020,흉부외과,G56,33,58,69,5366170,3821210
2020,흉부외과,G57,32,92,92,2056510,1496410
2020,흉부외과,G58,26,39,39,1171860,831060
2020,흉부외과,G61,1,1,1,19110,17210
2020,흉부외과,G62,1,3,3,43380,38780
2020,흉부외과,G63,2,4,4,75910,62110
2020,흉부외과,G64,12,19,19,261080,188780
2020,흉부외과,G73,1,1,1,16140,11340
2020,흉부외과,G81,2,30,30,604710,485710
2020,흉부외과,H00,26,32,32,569130,418330
2020,흉부외과,H01,16,27,27,415740,292240
2020,흉부외과,H02,3,3,3,131130,91830
2020,흉부외과,H04,57,92,92,1286490,1017090
2020,흉부외과,H10,211,279,279,4290030,3234630
2020,흉부외과,H11,1,1,1,16140,11340
2020,흉부외과,H16,3,3,3,27680,19480
2020,흉부외과,H19,1,3,3,37140,26140
2020,흉부외과,H25,10,21,21,329260,268060
2020,흉부외과,H26,5,8,8,99730,87430
2020,흉부외과,H35,1,1,1,16140,11340
2020,흉부외과,H36,9,23,23,283460,246360
2020,흉부외과,H40,10,19,19,260940,212140
2020,흉부외과,H48,1,5,5,46990,32990
2020,흉부외과,H52,1,1,1,11540,8140
2020,흉부외과,H58,1,1,1,11540,10040
2020,흉부외과,H60,74,90,90,1486310,1147410
2020,흉부외과,H61,6,6,6,149760,107060
2020,흉부외과,H65,3,4,4,48370,33970
2020,흉부외과,H66,19,32,32,523440,418640
2020,흉부외과,H81,142,239,239,3652600,2972300
2020,흉부외과,H91,1,1,1,16140,14540
2020,흉부외과,H93,6,7,7,94420,77320
2020,흉부외과,I05,3,4,4,55360,45360
2020,흉부외과,I08,1,1,1,20140,16140
2020,흉부외과,I10,4156,25304,25333,512433650,387906150
2020,흉부외과,I11,67,440,440,6028260,5049060
2020,흉부외과,I12,1,1,1,16140,11340
2020,흉부외과,I13,5,15,15,245060,187360
2020,흉부외과,I20,469,2876,2876,75834440,57909310
2020,흉부외과,I21,14,52,52,1074670,855870
2020,흉부외과,I25,13,21,21,498470,372470
2020,흉부외과,I34,1,6,6,84240,75140
2020,흉부외과,I35,1,10,10,133360,118060
2020,흉부외과,I39,1,1,1,69180,48480
2020,흉부외과,I42,4,32,32,552710,436810
2020,흉부외과,I44,1,3,3,45050,37750
2020,흉부외과,I47,6,7,7,138130,101830
2020,흉부외과,I48,8,22,22,385250,302850
2020,흉부외과,I49,40,64,64,1803500,1302190
2020,흉부외과,I50,31,116,116,5401620,3463570
2020,흉부외과,I51,2,2,2,41070,28870
2020,흉부외과,I63,22,90,94,1818280,1484280
2020,흉부외과,I64,14,47,47,818040,672340
2020,흉부외과,I65,3,3,3,132380,97280
2020,흉부외과,I67,22,58,58,1128740,854640
2020,흉부외과,I68,1,5,5,64820,57220
2020,흉부외과,I69,4,17,17,239660,189960
2020,흉부외과,I70,102,258,258,5450420,4277470
2020,흉부외과,I71,13,51,51,1227250,963550
2020,흉부외과,I72,1,1,1,20140,16140
2020,흉부외과,I73,91,167,167,3005820,2360220
2020,흉부외과,I74,13,44,44,755160,571920
2020,흉부외과,I77,3,7,7,94580,80580
2020,흉부외과,I78,25,36,36,635000,449200
2020,흉부외과,I79,16,27,27,457060,359760
2020,흉부외과,I80,246,441,441,11772760,8515200
2020,흉부외과,I82,32,49,49,2150600,1520300
2020,흉부외과,I83,45148,111306,111504,6030646570,4513343220
2020,흉부외과,I86,37,53,53,1580800,1133600
2020,흉부외과,I87,4155,5618,5618,146781040,106054890
2020,흉부외과,I88,4,4,4,60890,44390
2020,흉부외과,I89,87,137,137,4559790,3277430
2020,흉부외과,I95,5,5,9,447330,342760
2020,흉부외과,I97,2,2,2,138650,97150
2020,흉부외과,J00,579,1026,1026,14609450,11549050
2020,흉부외과,J01,613,718,718,25370880,17975780
2020,흉부외과,J02,139,194,194,3210430,2434030
2020,흉부외과,J03,263,368,405,10300270,7822530
2020,흉부외과,J04,18,34,34,550290,428290
2020,흉부외과,J06,2516,4216,4216,67275830,50247530
2020,흉부외과,J10,115,126,418,56786070,44689370
2020,흉부외과,J11,16,17,17,263410,199410
2020,흉부외과,J12,11,18,18,289420,221420
2020,흉부외과,J15,128,1109,1109,23781810,19147110
2020,흉부외과,J16,1,1,1,20140,14140
2020,흉부외과,J18,503,1215,3676,528060910,381621270
2020,흉부외과,J20,4467,8688,8757,165369090,123364950
2020,흉부외과,J21,39,76,76,1290960,980060
2020,흉부외과,J22,261,581,581,8274740,6250040
2020,흉부외과,J30,972,1598,1598,25484060,19274050
2020,흉부외과,J31,36,62,62,1006490,727890
2020,흉부외과,J32,2,2,7,626140,484230
2020,흉부외과,J34,2,2,2,29830,21030
2020,흉부외과,J35,1,1,1,23590,16590
2020,흉부외과,J36,572,830,946,28148100,21369950
2020,흉부외과,J39,138,235,235,3849850,2779350
2020,흉부외과,J40,2100,4292,4443,124477000,91897420
2020,흉부외과,J41,2,4,4,32360,29160
2020,흉부외과,J42,385,1223,1636,130378120,91774100
2020,흉부외과,J43,11,21,21,1180650,776730
2020,흉부외과,J44,154,1035,1035,28974650,21044210
2020,흉부외과,J45,1271,6063,6317,182386880,136453100
2020,흉부외과,J46,185,711,1006,84652700,60591130
2020,흉부외과,J47,28,74,77,2184400,1536700
2020,흉부외과,J84,27,153,218,17155220,11876680
2020,흉부외과,J85,4,9,28,4475990,3555470
2020,흉부외과,J90,6,10,29,4222450,2959290
2020,흉부외과,J93,50,76,98,6389810,4848120
2020,흉부외과,J94,3,5,5,117570,88570
2020,흉부외과,J98,16,19,19,395640,291140
2020,흉부외과,K04,1,2,2,23080,21080
2020,흉부외과,K05,45,63,63,815900,660000
2020,흉부외과,K07,11,19,19,1022330,725930
2020,흉부외과,K10,1,2,2,46500,32700
2020,흉부외과,K11,6,9,9,115580,81380
2020,흉부외과,K12,36,43,43,666290,540390
2020,흉부외과,K13,3,3,3,43820,32720
2020,흉부외과,K14,5,5,5,142690,107090
2020,흉부외과,K20,24,47,49,1126640,848320
2020,흉부외과,K21,769,1437,1451,32280940,24012950
2020,흉부외과,K22,1,1,3,276620,217620
2020,흉부외과,K25,754,1663,1676,68519360,49812240
2020,흉부외과,K27,8,15,15,211470,172370
2020,흉부외과,K29,2498,4612,4620,88992440,68677030
2020,흉부외과,K30,135,178,178,2995280,2350680
2020,흉부외과,K35,4,5,12,643800,487830
2020,흉부외과,K36,2,2,3,185340,141980
2020,흉부외과,K37,1,1,1,16140,11340
2020,흉부외과,K40,5,5,5,74020,59820
2020,흉부외과,K41,1,1,1,16100,14500
2020,흉부외과,K43,1,1,1,20140,16140
2020,흉부외과,K50,1,1,1,16730,11730
2020,흉부외과,K52,1262,1747,1753,32510430,24252760
2020,흉부외과,K56,12,36,77,4977420,3793640
2020,흉부외과,K57,1,17,17,300900,211400
2020,흉부외과,K58,669,1169,1172,18464080,14444180
2020,흉부외과,K59,657,979,979,16771160,13150560
2020,흉부외과,K60,3,3,3,43220,30420
2020,흉부외과,K61,4,5,5,79860,61260
2020,흉부외과,K62,1,2,2,32280,22680
2020,흉부외과,K63,1,1,1,11540,8140
2020,흉부외과,K64,117,170,170,2641170,2016470
2020,흉부외과,K70,16,25,83,5705020,4307830
2020,흉부외과,K71,3,4,13,858190,670610
2020,흉부외과,K73,3,5,5,112050,78750
2020,흉부외과,K74,6,19,19,633350,462050
2020,흉부외과,K75,328,658,768,28620730,20513720
2020,흉부외과,K76,157,210,210,7637240,5434740
2020,흉부외과,K80,6,15,24,876640,674330
2020,흉부외과,K81,1,1,2,154610,120010
2020,흉부외과,K83,1,8,8,126080,113280
2020,흉부외과,K85,5,6,25,1953330,1496140
2020,흉부외과,K86,9,10,10,232360,168560
2020,흉부외과,L01,36,48,52,1222210,948390
2020,흉부외과,L02,533,2042,2045,46923670,34737170
2020,흉부외과,L03,998,1770,1813,39134480,29192110
2020,흉부외과,L04,24,39,39,759800,539810
2020,흉부외과,L08,164,251,251,4710480,3512680
2020,흉부외과,L13,1,1,1,16140,11340
2020,흉부외과,L20,441,1070,1070,15569310,12598010
2020,흉부외과,L21,48,69,69,986710,784810
2020,흉부외과,L23,1877,3008,3010,50533610,38685470
2020,흉부외과,L24,127,405,405,6100810,5143810
2020,흉부외과,L25,308,479,479,8184770,6234670
2020,흉부외과,L27,1,1,1,14910,13410
2020,흉부외과,L28,45,69,69,1114990,847390
2020,흉부외과,L29,81,106,106,1557030,1233430
2020,흉부외과,L30,83,125,125,2200960,1693560
2020,흉부외과,L40,11,17,17,355320,258220
2020,흉부외과,L50,358,709,710,10594200,7950520
2020,흉부외과,L51,1,1,1,16140,11340
2020,흉부외과,L52,1,1,1,13480,9480
2020,흉부외과,L53,1,1,1,16140,11340
2020,흉부외과,L55,1,1,1,47150,33050
2020,흉부외과,L57,3,3,3,48420,40420
2020,흉부외과,L59,5,9,9,177440,135040
2020,흉부외과,L60,175,879,879,25806810,18716310
2020,흉부외과,L62,1,1,1,16140,11340
2020,흉부외과,L63,7,17,17,230920,162320
2020,흉부외과,L64,5,7,7,112220,81520
2020,흉부외과,L65,2,3,3,52420,36820
2020,흉부외과,L70,16,27,27,336210,236510
2020,흉부외과,L71,5,5,5,72660,56460
2020,흉부외과,L72,128,731,732,25384060,18237310
2020,흉부외과,L73,5,5,5,88700,62300
2020,흉부외과,L74,215,351,351,5021210,3563910
2020,흉부외과,L75,366,841,841,32751070,24191600
2020,흉부외과,L81,3,3,3,48420,34020
2020,흉부외과,L84,191,783,787,24435660,17453100
2020,흉부외과,L85,14,31,31,529530,420330
2020,흉부외과,L89,11,40,40,819220,695120
2020,흉부외과,L90,2,2,2,32280,22680
2020,흉부외과,L91,11,23,23,518790,366490
2020,흉부외과,L92,1,1,1,16140,11340
2020,흉부외과,L95,5,6,6,111300,78200
2020,흉부외과,L98,7,25,25,494440,365840
2020,흉부외과,M00,1,1,1,30440,21340
2020,흉부외과,M05,1,4,4,48160,43560
2020,흉부외과,M06,26,162,162,2776450,2330550
2020,흉부외과,M07,1,1,1,16140,14540
2020,흉부외과,M10,270,723,723,12984780,9623980
2020,흉부외과,M12,2,2,2,34150,28150
2020,흉부외과,M13,138,366,368,7600300,6036450
2020,흉부외과,M15,117,1528,1528,27016820,23999920
2020,흉부외과,M16,7,13,13,220000,187300
2020,흉부외과,M17,1943,8599,8640,286743810,215216960
2020,흉부외과,M19,131,235,235,4349670,3401670
2020,흉부외과,M20,3,12,27,1677710,1274180
2020,흉부외과,M21,2,2,2,54210,38010
2020,흉부외과,M22,2,5,5,155800,109200
2020,흉부외과,M23,41,67,76,2071030,1516830
2020,흉부외과,M24,37,381,381,7000610,5939210
2020,흉부외과,M25,1179,3603,3603,110354030,78300630
2020,흉부외과,M30,1,1,1,11540,8140
2020,흉부외과,M32,1,1,1,21900,19800
2020,흉부외과,M35,5,9,9,264500,192600
2020,흉부외과,M40,1,7,7,137260,96560
2020,흉부외과,M41,3,107,107,2026470,1792370
2020,흉부외과,M43,23,493,493,9489000,7743800
2020,흉부외과,M45,1,2,2,45960,35160
2020,흉부외과,M47,588,4629,4716,103818570,87929810
2020,흉부외과,M48,4636,20777,21350,573112240,445194270
2020,흉부외과,M49,8,37,37,2425220,1842620
2020,흉부외과,M50,167,1709,1764,37227160,30293790
2020,흉부외과,M51,272,832,1330,65379980,49697290
2020,흉부외과,M53,91,317,317,8958680,6828980
2020,흉부외과,M54,4858,23321,23382,627653740,484008990
2020,흉부외과,M60,5,8,8,257680,180680
2020,흉부외과,M62,138,317,317,5412680,4417780
2020,흉부외과,M65,433,689,689,14712140,10778640
2020,흉부외과,M67,132,214,214,7706680,5503480
2020,흉부외과,M70,19,36,36,1011440,725640
2020,흉부외과,M71,29,45,45,1287280,924180
2020,흉부외과,M72,82,179,179,3868060,2863260
2020,흉부외과,M75,1253,5357,5357,113373790,89247490
2020,흉부외과,M76,35,60,60,1388210,976610
2020,흉부외과,M77,286,773,773,22313090,15836390
2020,흉부외과,M79,3720,4880,4880,91526230,67612920
2020,흉부외과,M80,46,150,150,8444140,6074240
2020,흉부외과,M81,911,3699,3699,120616440,89623840
2020,흉부외과,M82,1,2,2,73940,51840
2020,흉부외과,M83,1,2,2,23080,20080
2020,흉부외과,M85,1,1,1,16140,11340
2020,흉부외과,M86,2,8,8,130380,103080
2020,흉부외과,M89,3,4,4,73940,54240
2020,흉부외과,M92,2,5,5,79460,55860
2020,흉부외과,M94,135,156,156,4838290,3393090
2020,흉부외과,M95,2,2,2,32280,22680
2020,흉부외과,M99,2,47,47,690480,608580
2020,흉부외과,N00,8,21,21,462110,330810
2020,흉부외과,N04,1,29,29,512870,439570
2020,흉부외과,N10,44,88,314,27359890,21066410
2020,흉부외과,N12,46,141,141,3414710,2524210
2020,흉부외과,N18,1499,4187,4187,3899738380,3458990340
2020,흉부외과,N20,9,12,12,385530,277430
2020,흉부외과,N21,12,12,12,458440,321440
2020,흉부외과,N23,1,1,1,11540,10040
2020,흉부외과,N25,1,1,1,25920,18220
2020,흉부외과,N28,17,17,17,480980,339880
2020,흉부외과,N30,733,1501,1501,29442070,22282170
2020,흉부외과,N31,66,171,171,2545010,2098110
2020,흉부외과,N32,1,1,1,16140,11340
2020,흉부외과,N33,1,1,1,17210,12110
2020,흉부외과,N34,23,45,45,808030,591730
2020,흉부외과,N36,105,194,194,3070120,2588420
2020,흉부외과,N37,1,5,5,71340,50140
2020,흉부외과,N39,86,163,163,2768310,2232910
2020,흉부외과,N40,465,1567,1567,25464090,20315290
2020,흉부외과,N41,62,149,161,4349050,3390580
2020,흉부외과,N45,1,2,2,27680,19480
2020,흉부외과,N48,12,35,41,1312900,981840
2020,흉부외과,N49,2,17,17,395520,277820
2020,흉부외과,N51,2,6,6,131230,92230
2020,흉부외과,N60,2,3,3,83590,58690
2020,흉부외과,N61,2,9,9,407240,285340
2020,흉부외과,N62,41,151,151,34698780,27545380
2020,흉부외과,N63,1,1,1,65450,45850
2020,흉부외과,N64,1,1,1,37420,26220
2020,흉부외과,N72,1,3,3,46300,32600
2020,흉부외과,N73,1,1,1,16140,11340
2020,흉부외과,N76,6,7,7,106120,79320
2020,흉부외과,N77,1,2,2,23080,16280
2020,흉부외과,N80,1,1,1,16140,11340
2020,흉부외과,N92,1,3,3,43220,30420
2020,흉부외과,N94,12,20,20,279710,197110
2020,흉부외과,N95,41,164,164,2226060,1658660
2020,흉부외과,N96,1,2,2,30760,21560
2020,흉부외과,O22,2,2,2,85320,59820
2020,흉부외과,Q17,1,2,2,173710,121610
2020,흉부외과,Q21,4,7,7,111580,82380
2020,흉부외과,Q27,13,20,20,869440,629410
2020,흉부외과,Q67,39,42,41,951010,649900
2020,흉부외과,Q83,5,23,23,1636800,1146300
2020,흉부외과,Q87,1,4,4,154760,139460
2020,흉부외과,Q90,1,1,1,12610,8910
2020,흉부외과,R00,21,22,22,714930,480610
2020,흉부외과,R04,7,7,19,3120370,2055780
2020,흉부외과,R05,21,21,21,574930,370910
2020,흉부외과,R06,36,39,39,5748170,3745000
2020,흉부외과,R07,980,1095,1093,46656910,30302210
2020,흉부외과,R09,4,4,4,92520,66920
2020,흉부외과,R10,36,51,51,1187300,869490
2020,흉부외과,R11,10,10,10,135720,107720
2020,흉부외과,R13,1,1,1,16140,11340
2020,흉부외과,R17,15,22,22,937560,666960
2020,흉부외과,R19,1,3,3,85250,59850
2020,흉부외과,R20,2,2,2,34280,24080
2020,흉부외과,R22,11,11,11,377140,264440
2020,흉부외과,R23,10,10,10,173310,121710
2020,흉부외과,R25,4,4,4,55360,42160
2020,흉부외과,R29,2,2,2,40190,28190
2020,흉부외과,R31,6,7,7,90140,65340
2020,흉부외과,R32,1,1,1,16140,14540
2020,흉부외과,R35,6,7,7,95560,78260
2020,흉부외과,R39,11,14,14,336450,237850
2020,흉부외과,R41,1,2,2,30090,26990
2020,흉부외과,R42,89,114,134,4648120,3561520
2020,흉부외과,R50,25,25,25,376620,283420
2020,흉부외과,R51,28,39,39,1096500,792300
2020,흉부외과,R52,23,24,24,514930,375030
2020,흉부외과,R53,1,1,1,27870,19570
2020,흉부외과,R55,69,94,94,2610760,1894720
2020,흉부외과,R56,2,2,3,312810,246230
2020,흉부외과,R58,2,2,2,28150,21750
2020,흉부외과,R59,1,1,1,16140,11340
2020,흉부외과,R60,396,448,448,12743480,9192870
2020,흉부외과,R61,1276,2529,2537,957589150,769782670
2020,흉부외과,R63,51,64,64,970800,826500
2020,흉부외과,R68,1,1,1,11540,8140
2020,흉부외과,R72,1,1,1,14060,9860
2020,흉부외과,R73,79,90,90,1658010,1286910
2020,흉부외과,R74,2,5,5,65900,46500
2020,흉부외과,R81,3,10,10,229780,163380
2020,흉부외과,R84,1,1,1,26510,18610
2020,흉부외과,R91,3,4,5,229740,179750
2020,흉부외과,R94,6,7,7,273250,195250
2020,흉부외과,S00,169,271,314,11641310,8759130
2020,흉부외과,S01,408,1372,1372,38507960,28251560
2020,흉부외과,S02,10,17,17,561900,394200
2020,흉부외과,S03,22,43,43,783650,581450
2020,흉부외과,S07,1,1,1,16140,14540
2020,흉부외과,S09,1,1,1,25490,17890
2020,흉부외과,S10,1,1,1,24850,17450
2020,흉부외과,S11,5,7,7,268830,188530
2020,흉부외과,S13,788,2488,2507,103649980,74776800
2020,흉부외과,S20,106,159,159,4151270,2990250
2020,흉부외과,S21,25,72,72,1578020,1212220
2020,흉부외과,S22,298,671,1181,68740130,49544740
2020,흉부외과,S23,621,946,946,33600490,24181990
2020,흉부외과,S25,1,4,4,56240,39440
2020,흉부외과,S29,2,2,2,44020,30920
2020,흉부외과,S30,21,30,30,961040,685140
2020,흉부외과,S31,48,125,135,3719590,2894970
2020,흉부외과,S32,34,64,286,18735210,14121720
2020,흉부외과,S33,1663,4593,4614,224496760,161039630
2020,흉부외과,S40,17,35,35,851750,628650
2020,흉부외과,S41,21,48,48,1377250,1005150
2020,흉부외과,S42,32,208,229,7539240,5579200
2020,흉부외과,S43,484,2597,2597,89544920,67121020
2020,흉부외과,S46,11,30,30,662660,477560
2020,흉부외과,S50,57,115,115,2918540,2162440
2020,흉부외과,S51,84,539,539,12740740,10105440
2020,흉부외과,S52,113,505,551,24177650,17639710
2020,흉부외과,S53,210,454,454,18510970,13240070
2020,흉부외과,S56,7,16,26,1970070,1504170
2020,흉부외과,S57,1,4,4,82150,67550
2020,흉부외과,S60,172,261,261,6769810,4830110
2020,흉부외과,S61,1122,3937,3940,103151260,75067820
2020,흉부외과,S62,187,615,641,22461570,16174880
2020,흉부외과,S63,736,1155,1155,37262480,26659480
2020,흉부외과,S65,4,5,5,116880,82080
2020,흉부외과,S66,21,138,165,9711510,7101800
2020,흉부외과,S67,33,45,56,2451450,1838090
2020,흉부외과,S68,1,13,13,290640,204340
2020,흉부외과,S69,1,1,1,22770,15970
2020,흉부외과,S70,30,62,62,1508100,1078200
2020,흉부외과,S71,17,46,46,1214610,901610
2020,흉부외과,S72,6,7,30,1645600,1197340
2020,흉부외과,S73,19,34,34,1058550,762450
2020,흉부외과,S75,1,1,1,22610,18110
2020,흉부외과,S76,14,32,32,878020,618520
2020,흉부외과,S79,1,1,1,36500,25600
2020,흉부외과,S80,211,386,386,9638180,6992680
2020,흉부외과,S81,209,789,789,19674870,14655570
2020,흉부외과,S82,51,159,281,15038320,11327060
2020,흉부외과,S83,497,1191,1224,50169380,36100530
2020,흉부외과,S85,3,6,6,555380,390980
2020,흉부외과,S86,31,65,83,3480390,2586680
2020,흉부외과,S87,2,4,4,78770,55270
2020,흉부외과,S89,1,1,1,35490,24890
2020,흉부외과,S90,219,334,334,8681310,6243010
2020,흉부외과,S91,268,862,862,21087460,15690460
2020,흉부외과,S92,193,629,734,30961250,22342580
2020,흉부외과,S93,912,1411,1420,45070220,32184950
2020,흉부외과,S95,1,2,2,43810,32710
2020,흉부외과,S96,1,1,1,25740,18040
2020,흉부외과,S97,30,48,48,1042030,735930
2020,흉부외과,S99,3,3,3,218900,153400
2020,흉부외과,T00,4,9,9,396070,291770
2020,흉부외과,T01,1,1,1,16140,11340
2020,흉부외과,T11,1,1,1,22610,15910
2020,흉부외과,T13,3,4,4,75030,52730
2020,흉부외과,T14,17,43,43,1860570,1311470
2020,흉부외과,T15,9,9,9,279600,196100
2020,흉부외과,T16,4,4,4,133910,94010
2020,흉부외과,T17,28,32,32,1142470,831470
2020,흉부외과,T20,19,65,76,6038940,4439150
2020,흉부외과,T21,15,148,148,6424360,5081660
2020,흉부외과,T22,66,277,277,12468110,8774510
2020,흉부외과,T23,128,492,492,29049230,20547130
2020,흉부외과,T24,41,159,169,9042370,6511720
2020,흉부외과,T25,43,181,199,13030240,9302240
2020,흉부외과,T30,21,71,71,1725950,1332850
2020,흉부외과,T33,1,1,1,16140,11340
2020,흉부외과,T35,2,2,2,32280,22680
2020,흉부외과,T60,1,3,3,39220,34620
2020,흉부외과,T63,15,17,17,261410,202910
2020,흉부외과,T67,7,7,7,118330,93730
2020,흉부외과,T78,2,4,4,97870,68670
2020,흉부외과,T79,1,2,2,40580,28480
2020,흉부외과,T81,6,12,12,286240,204440
2020,흉부외과,T82,188,467,467,628082550,564132580
2020,흉부외과,Z00,204,210,210,3488260,2487760
2020,흉부외과,Z03,5,5,5,115090,84690
2020,흉부외과,Z04,56,56,56,3179130,2230030
2020,흉부외과,Z09,371,686,686,8493900,6260800
2020,흉부외과,Z10,1,1,1,0,0
2020,흉부외과,Z25,9,9,9,8410,5910
2020,흉부외과,Z26,15,19,19,73560,51760
2020,흉부외과,Z47,3,3,3,61360,47560
2020,흉부외과,Z48,253,329,329,6434230,4851230
2020,흉부외과,Z49,16,51,51,16680450,13357850
2020,흉부외과,Z52,1,3,3,46360,32560
2020,흉부외과,Z54,1,1,1,21770,15270
2020,흉부외과,Z71,5,5,5,84700,62700
2020,흉부외과,Z88,1,1,1,190910,152730
2020,흉부외과,Z94,3,13,13,2869810,2005570
2020,흉부외과,Z95,2,9,9,254480,183480
2020,흉부외과,Z98,14,44,44,837020,681420
2020,성형외과,A04,14,19,33,2014870,1563260
2020,성형외과,A06,1,1,1,11540,8140
2020,성형외과,A08,10,18,18,230050,164050
2020,성형외과,A09,83,103,116,2872070,2141820
2020,성형외과,A18,1,1,1,16140,11340
2020,성형외과,A31,1,2,2,26780,21280
2020,성형외과,A48,1,1,1,11540,10040
2020,성형외과,A49,31,73,73,2370110,1672510
2020,성형외과,A51,2,2,2,36280,25480
2020,성형외과,A53,1,1,1,42810,30010
2020,성형외과,A58,1,2,2,44760,35860
2020,성형외과,A59,2,4,4,215100,150800
2020,성형외과,A60,13,19,19,295560,218160
2020,성형외과,A63,132,312,312,9560130,6712030
2020,성형외과,A64,3,5,5,241940,169640
2020,성형외과,A69,6,6,6,129290,90790
2020,성형외과,A77,1,1,1,16140,11340
2020,성형외과,B00,891,1101,1101,19747430,14192120
2020,성형외과,B01,5,6,6,83040,60340
2020,성형외과,B02,618,1151,1159,24004070,17377610
2020,성형외과,B07,1706,4769,4769,261165630,184208130
2020,성형외과,B08,434,660,660,22492050,16072420
2020,성형외과,B09,9,11,11,183750,131050
2020,성형외과,B18,11,38,37,1712030,1251450
2020,성형외과,B19,1,1,0,30240,24200
2020,성형외과,B30,4,4,4,65160,49660
2020,성형외과,B34,2,2,2,32280,22680
2020,성형외과,B35,2265,4465,4464,71716980,52458570
2020,성형외과,B36,100,135,135,2333800,1670500
2020,성형외과,B37,87,154,154,5386670,3782170
2020,성형외과,B43,12,13,13,343000,242400
2020,성형외과,B47,2,2,2,34150,27550
2020,성형외과,B49,5,5,5,88700,62300
2020,성형외과,B56,1,1,1,11540,8140
2020,성형외과,B66,2,2,2,34200,26700
2020,성형외과,B83,9,10,10,168330,129830
2020,성형외과,B85,4,4,4,64560,45360
2020,성형외과,B86,18,20,20,333550,242650
2020,성형외과,B88,81,121,121,2302950,1621050
2020,성형외과,C01,1,1,1,22610,15910
2020,성형외과,C02,2,13,13,876730,723310
2020,성형외과,C15,1,1,13,977930,892360
2020,성형외과,C16,1,5,5,75500,67900
2020,성형외과,C18,2,11,11,864100,814960
2020,성형외과,C22,2,10,10,175140,128760
2020,성형외과,C23,2,3,8,547030,491100
2020,성형외과,C24,2,2,2,32280,26680
2020,성형외과,C25,1,2,2,31210,29710
2020,성형외과,C26,1,1,1,29080,27680
2020,성형외과,C31,1,6,6,166110,158010
2020,성형외과,C34,1,1,1,16140,15340
2020,성형외과,C41,1,3,3,84130,70570
2020,성형외과,C43,3,4,4,75410,61810
2020,성형외과,C44,24,109,108,11798110,9838960
2020,성형외과,C49,1,1,1,2402600,419670
2020,성형외과,C50,154,746,836,303722020,61398610
2020,성형외과,C53,1,1,6,303300,256850
2020,성형외과,C54,1,46,46,543000,510400
2020,성형외과,C56,1,1,1,33080,25310
2020,성형외과,C61,2,4,4,61710,58070
2020,성형외과,C73,11,14,14,412010,338470
2020,성형외과,C74,1,13,13,238760,210880
2020,성형외과,C84,1,1,1,20140,14140
2020,성형외과,C90,1,7,13,748040,675870
2020,성형외과,C91,1,1,1,16140,11340
2020,성형외과,D00,1,1,7,447560,393900
2020,성형외과,D01,3,9,9,206810,174910
2020,성형외과,D03,5,10,10,824250,715980
2020,성형외과,D04,5,9,9,426590,321630
2020,성형외과,D05,36,127,133,42114290,7803220
2020,성형외과,D07,1,3,3,34620,33120
2020,성형외과,D10,17,41,41,2252120,1578220
2020,성형외과,D11,7,11,11,1644310,1290550
2020,성형외과,D13,3,3,3,79090,55490
2020,성형외과,D16,149,543,544,41795450,29780520
2020,성형외과,D17,2427,7135,7199,481480390,337323590
2020,성형외과,D18,102,311,318,17712620,12717810
2020,성형외과,D19,1,1,1,22610,15910
2020,성형외과,D21,886,2293,2336,150142960,107971180
2020,성형외과,D22,488,1277,1277,235657400,205624880
2020,성형외과,D23,4914,15859,15974,1142140790,876092500
2020,성형외과,D24,789,938,1039,60917900,45946740
2020,성형외과,D25,81,210,210,9157640,6727750
2020,성형외과,D27,3,3,3,210160,147360
2020,성형외과,D28,1,1,1,168390,117890
2020,성형외과,D29,3,3,3,45630,32030
2020,성형외과,D30,1,1,7,422020,316760
2020,성형외과,D31,7,26,26,2515070,1764470
2020,성형외과,D32,1,2,2,40620,28520
2020,성형외과,D34,16,16,16,263260,188360
2020,성형외과,D36,77,268,268,13862030,9879710
2020,성형외과,D37,3,4,4,202030,150330
2020,성형외과,D47,1,1,1,16140,14540
2020,성형외과,D48,12,35,35,3379860,2366960
2020,성형외과,D50,16,29,29,500800,359700
2020,성형외과,D69,15,20,20,304370,237770
2020,성형외과,D76,2,11,11,358490,252150
2020,성형외과,D81,1,1,1,22610,15910
2020,성형외과,D84,1,1,1,0,0
2020,성형외과,E03,22,55,55,1372830,958300
2020,성형외과,E04,1,1,1,43570,30570
2020,성형외과,E05,3,3,3,122820,86120
2020,성형외과,E06,2,2,2,177780,124580
2020,성형외과,E07,10,11,11,204370,143470
2020,성형외과,E10,23,94,101,2609820,1914850
2020,성형외과,E11,88,490,495,11158550,8313240
2020,성형외과,E13,5,123,123,11932010,8354530
2020,성형외과,E14,26,106,106,2076700,1475460
2020,성형외과,E20,1,3,3,28120,25120
2020,성형외과,E22,1,2,2,25600,18000
2020,성형외과,E23,1,1,1,16140,11340
2020,성형외과,E28,5,5,5,506930,355130
2020,성형외과,E40,1,1,1,16140,11340
2020,성형외과,E46,1,1,1,16140,11340
2020,성형외과,E50,193,261,261,5748220,4304010
2020,성형외과,E55,5,5,5,71500,50300
2020,성형외과,E56,4,7,7,116980,88580
2020,성형외과,E58,2,9,9,14060,9860
2020,성형외과,E61,14,16,16,261480,183680
2020,성형외과,E65,2,2,2,30200,21200
2020,성형외과,E66,174,352,352,4994200,3517100
2020,성형외과,E78,108,232,231,6346600,4539070
2020,성형외과,E86,8,9,9,201780,141780
2020,성형외과,E87,1,1,1,21350,14950
2020,성형외과,E88,16,19,19,1905840,1328580
2020,성형외과,E89,2,2,2,36280,25480
2020,성형외과,F00,11,70,70,659910,566710
2020,성형외과,F01,1,15,15,131050,111550
2020,성형외과,F03,12,85,85,832980,703380
2020,성형외과,F06,7,12,12,133810,116610
2020,성형외과,F17,1,2,2,508990,406100
2020,성형외과,F31,3,13,13,169800,124900
2020,성형외과,F32,10,13,13,141950,116650
2020,성형외과,F34,1,1,1,16140,14540
2020,성형외과,F39,2,4,4,55360,50160
2020,성형외과,F41,41,50,50,774220,548020
2020,성형외과,F42,1,1,1,16140,11340
2020,성형외과,F45,16,18,18,256690,190990
2020,성형외과,F48,11,14,14,287060,212270
2020,성형외과,F50,45,107,107,1587500,1120500
2020,성형외과,F51,119,256,256,3929320,2843320
2020,성형외과,F52,8,11,11,140660,98860
2020,성형외과,F54,26,28,28,473220,332520
2020,성형외과,F63,1,1,1,16140,11340
2020,성형외과,F90,1,3,3,35060,24760
2020,성형외과,G05,1,1,1,16140,11340
2020,성형외과,G06,1,3,3,110070,87070
2020,성형외과,G20,3,20,20,668250,595250
2020,성형외과,G24,99,244,244,6246820,4400020
2020,성형외과,G25,4,15,15,188410,148910
2020,성형외과,G30,2,19,19,219260,190760
2020,성형외과,G31,1,2,2,32280,29080
2020,성형외과,G40,2,32,32,2054460,1841010
2020,성형외과,G43,38,59,59,1296990,918190
2020,성형외과,G44,23,26,26,414940,293540
2020,성형외과,G47,130,248,255,10130720,7522880
2020,성형외과,G50,2,2,2,32280,22680
2020,성형외과,G51,20,27,27,531140,391240
2020,성형외과,G53,19,24,24,366860,275460
2020,성형외과,G54,1,1,1,14060,9860
2020,성형외과,G55,1,1,1,16140,14540
2020,성형외과,G56,42,128,157,13165120,9723760
2020,성형외과,G57,1,1,1,11540,8140
2020,성형외과,G58,1,1,1,16140,11340
2020,성형외과,G59,1,1,1,0,0
2020,성형외과,G61,1,1,1,20140,14140
2020,성형외과,G62,1,3,3,39220,27620
2020,성형외과,G64,15,38,38,1197030,860830
2020,성형외과,G71,1,1,1,16140,11340
2020,성형외과,G72,1,1,1,20140,14140
2020,성형외과,G90,7,17,17,1273820,893320
2020,성형외과,G93,22,27,27,1176550,837650
2020,성형외과,H00,412,629,629,14401670,10207020
2020,성형외과,H01,593,778,778,19620650,14090370
2020,성형외과,H02,2230,5253,5254,1352947100,962249280
2020,성형외과,H03,2,2,2,53840,37740
2020,성형외과,H04,112,173,173,2845490,2061890
2020,성형외과,H05,24,39,39,644900,470300
2020,성형외과,H06,4,4,4,2034500,1769980
2020,성형외과,H10,255,363,363,20635200,15846400
2020,성형외과,H11,49,82,82,1223710,880050
2020,성형외과,H16,44,58,58,787260,576560
2020,성형외과,H18,3,3,3,108180,75880
2020,성형외과,H25,10,10,10,705770,494570
2020,성형외과,H26,3,3,3,167260,119160
2020,성형외과,H27,4,5,5,324190,227190
2020,성형외과,H33,7,7,7,554000,388100
2020,성형외과,H34,3,3,3,242560,193860
2020,성형외과,H35,90,93,93,7007910,4983110
2020,성형외과,H36,20,23,23,1824820,1318420
2020,성형외과,H40,13,20,20,564300,408700
2020,성형외과,H43,32,33,33,2430300,1733600
2020,성형외과,H50,12,12,12,922320,689720
2020,성형외과,H52,6,7,7,188700,132400
2020,성형외과,H53,4,5,5,139820,98120
2020,성형외과,H54,1,1,1,16140,11340
2020,성형외과,H57,1,1,1,16140,11340
2020,성형외과,H59,2,4,4,194880,142180
2020,성형외과,H60,74,124,124,3022850,2126490
2020,성형외과,H61,6,41,41,1902530,1326500
2020,성형외과,H65,6,8,8,117570,82570
2020,성형외과,H66,4,10,10,214870,157570
2020,성형외과,H81,16,20,20,317570,237170
2020,성형외과,H90,11,23,23,714070,511070
2020,성형외과,H91,2,5,5,384720,269420
2020,성형외과,H92,8,14,14,218020,153220
2020,성형외과,H93,8,9,9,136410,103210
2020,성형외과,I10,319,1113,1109,15434830,11768060
2020,성형외과,I11,3,33,33,303190,259390
2020,성형외과,I15,5,10,10,106380,77680
2020,성형외과,I20,4,6,6,121990,94590
2020,성형외과,I21,1,3,3,34620,26320
2020,성형외과,I35,1,2,2,27680,19480
2020,성형외과,I41,1,1,1,16140,11340
2020,성형외과,I47,3,3,3,52420,36820
2020,성형외과,I48,2,4,4,111520,82020
2020,성형외과,I49,1,1,1,14060,9860
2020,성형외과,I50,3,5,19,1018060,761340
2020,성형외과,I61,1,5,5,57700,50200
2020,성형외과,I62,1,1,1,16140,14540
2020,성형외과,I63,7,45,45,498020,427320
2020,성형외과,I67,2,23,23,504980,394150
2020,성형외과,I70,4,50,50,1219000,902960
2020,성형외과,I73,10,86,86,5932760,4170620
2020,성형외과,I78,20,56,56,2326080,1701480
2020,성형외과,I79,34,34,34,4142140,2901740
2020,성형외과,I80,4,4,4,81590,57290
2020,성형외과,I82,1,1,1,16140,15340
2020,성형외과,I83,13,80,80,1756600,1232260
2020,성형외과,I87,27,51,51,716100,503500
2020,성형외과,I88,10,13,13,201570,141670
2020,성형외과,I89,5,11,11,211390,148490
2020,성형외과,I95,1,2,2,39940,28040
2020,성형외과,J00,333,523,523,7589530,5547930
2020,성형외과,J01,41,84,84,1421220,1005620
2020,성형외과,J02,200,332,332,5000920,3680940
2020,성형외과,J03,91,121,121,1741660,1242960
2020,성형외과,J04,14,22,22,345140,262540
2020,성형외과,J06,136,230,231,3484940,2579610
2020,성형외과,J10,8,12,17,671040,511860
2020,성형외과,J15,1,2,2,27680,24580
2020,성형외과,J18,3,11,11,308700,228100
2020,성형외과,J20,296,434,432,11494250,8228390
2020,성형외과,J21,1,1,1,17080,13580
2020,성형외과,J22,4,5,5,70900,49900
2020,성형외과,J30,506,741,1039,29729060,21302720
2020,성형외과,J31,343,813,815,130360030,99790590
2020,성형외과,J32,747,1176,1201,139138800,101442690
2020,성형외과,J33,1703,1903,1903,181296560,127020760
2020,성형외과,J34,9066,23462,24079,4545643320,3505095790
2020,성형외과,J35,18,34,46,6963230,5073730
2020,성형외과,J36,11,14,14,321590,231290
2020,성형외과,J37,6,8,8,268190,191290
2020,성형외과,J39,2,2,2,29490,23190
2020,성형외과,J40,36,48,48,716190,511990
2020,성형외과,J41,1,1,1,16140,11340
2020,성형외과,J42,4,6,6,104470,77270
2020,성형외과,J45,21,42,46,990630,723420
2020,성형외과,J94,1,1,1,21910,15410
2020,성형외과,J98,1,1,0,10370,8300
2020,성형외과,K02,1,1,1,20140,14140
2020,성형외과,K04,1,1,1,16140,11340
2020,성형외과,K05,7,16,16,135420,95120
2020,성형외과,K06,2,2,2,24260,19260
2020,성형외과,K07,98,126,129,6797550,5154420
2020,성형외과,K08,2,2,2,31680,22280
2020,성형외과,K09,2,2,1,26210,21610
2020,성형외과,K10,3,4,4,61830,43430
2020,성형외과,K11,10,16,16,1031350,722650
2020,성형외과,K12,21,28,28,429900,309500
2020,성형외과,K13,45,50,50,852670,624970
2020,성형외과,K14,2,2,2,32280,22680
2020,성형외과,K20,6,6,8,257900,197040
2020,성형외과,K21,109,290,290,8138260,5973630
2020,성형외과,K25,14,24,24,387630,267840
2020,성형외과,K26,3,6,6,41740,29340
2020,성형외과,K27,1,1,1,11540,8140
2020,성형외과,K29,498,869,868,23291070,16568700
2020,성형외과,K30,73,130,130,2947300,2090200
2020,성형외과,K31,1,1,1,0,0
2020,성형외과,K40,1,1,1,16140,11340
2020,성형외과,K42,1,1,1,22610,15910
2020,성형외과,K50,2,2,2,85180,59680
2020,성형외과,K51,3,4,4,66430,46730
2020,성형외과,K52,18,51,51,3680760,2575570
2020,성형외과,K56,2,2,2,33820,26920
2020,성형외과,K58,13,26,26,310060,257860
2020,성형외과,K59,41,72,71,1058850,785160
2020,성형외과,K60,1,1,1,11540,8140
2020,성형외과,K61,3,7,7,123330,86630
2020,성형외과,K63,1,1,1,11540,8140
2020,성형외과,K64,9,15,15,196280,138080
2020,성형외과,K70,9,12,11,252860,178780
2020,성형외과,K72,1,1,1,158210,110810
2020,성형외과,K73,1,1,1,0,0
2020,성형외과,K75,4,5,5,179420,125820
2020,성형외과,K76,22,32,31,694260,498070
2020,성형외과,K80,7,17,17,253450,178150
2020,성형외과,K81,1,1,6,414140,312910
2020,성형외과,K82,1,1,1,37190,26090
2020,성형외과,K83,5,5,5,92080,69880
2020,성형외과,K85,1,1,1,11540,10040
2020,성형외과,K86,1,1,1,0,0
2020,성형외과,K87,1,1,1,14060,9860
2020,성형외과,K92,1,1,1,13720,9620
2020,성형외과,L01,292,538,538,11288500,8089160
2020,성형외과,L02,4880,11418,11422,254704300,180936140
2020,성형외과,L03,1405,2632,2695,74169280,53671900
2020,성형외과,L04,29,56,56,1425080,1009880
2020,성형외과,L05,36,61,61,1121950,816950
2020,성형외과,L08,2890,10668,10671,211353240,160672730
2020,성형외과,L10,3,5,5,126790,92890
2020,성형외과,L11,5,5,5,80700,56700
2020,성형외과,L12,2,2,2,34190,27590
2020,성형외과,L13,38,53,53,923040,653840
2020,성형외과,L20,1694,3646,3646,64785770,46789370
2020,성형외과,L21,1314,3209,3209,58626650,42754490
2020,성형외과,L22,3,3,3,48820,36720
2020,성형외과,L23,7110,11195,11218,196915530,142133320
2020,성형외과,L24,2221,3121,3121,54579810,39766160
2020,성형외과,L25,536,1032,1033,17793800,13542810
2020,성형외과,L27,59,74,74,1242990,924490
2020,성형외과,L28,407,670,670,14590530,10551430
2020,성형외과,L29,424,660,660,20566330,14635130
2020,성형외과,L30,1505,2181,2181,40954870,29736330
2020,성형외과,L40,185,534,534,13578220,9678620
2020,성형외과,L41,2,3,3,47700,33500
2020,성형외과,L42,22,33,33,558620,401820
2020,성형외과,L43,6,10,10,164950,133750
2020,성형외과,L44,7,7,7,138090,102290
2020,성형외과,L50,2782,4423,4423,80718670,58531780
2020,성형외과,L51,58,85,85,1372260,1036360
2020,성형외과,L52,1,5,5,64210,45210
2020,성형외과,L53,13,21,21,320010,238010
2020,성형외과,L55,34,37,37,1054530,715370
2020,성형외과,L56,47,56,56,895400,656700
2020,성형외과,L57,61,141,141,2908350,2068370
2020,성형외과,L58,2,19,19,1668940,1177440
2020,성형외과,L59,3,3,3,52420,36820
2020,성형외과,L60,177,545,545,13820620,9781100
2020,성형외과,L62,1,1,1,20140,14140
2020,성형외과,L63,335,1087,1087,39595510,27980910
2020,성형외과,L64,72,117,117,1855430,1318630
2020,성형외과,L65,48,65,65,1172550,846950
2020,성형외과,L66,30,37,37,653340,470140
2020,성형외과,L70,393,635,635,9460340,6665540
2020,성형외과,L71,124,500,500,9174160,6674860
2020,성형외과,L72,3629,9997,9997,515633150,360693660
2020,성형외과,L73,206,372,372,6704860,4754860
2020,성형외과,L74,34,44,44,1037890,776190
2020,성형외과,L75,328,909,909,132964780,94588280
2020,성형외과,L80,108,1339,1339,77262000,54386100
2020,성형외과,L81,256,295,295,4263640,3074240
2020,성형외과,L82,60,84,84,2288260,1682280
2020,성형외과,L83,6,9,9,122260,86060
2020,성형외과,L84,846,2312,2313,113423740,79878610
2020,성형외과,L85,1306,2784,2784,49871160,36195960
2020,성형외과,L86,19,19,19,313880,242080
2020,성형외과,L89,34,127,127,3871100,2672520
2020,성형외과,L90,976,1625,1651,50723720,38639260
2020,성형외과,L91,1668,3456,3456,102403580,72496190
2020,성형외과,L92,64,172,172,6004300,4305620
2020,성형외과,L94,4,4,4,72560,50960
2020,성형외과,L95,21,21,21,256580,180780
2020,성형외과,L97,7,56,56,1009770,757280
2020,성형외과,L98,49,203,203,7301550,5232540
2020,성형외과,L99,1,1,1,16140,11340
2020,성형외과,M00,2,2,2,42700,30000
2020,성형외과,M06,7,10,10,154910,108910
2020,성형외과,M10,20,50,50,676420,487620
2020,성형외과,M11,1,3,3,43820,39120
2020,성형외과,M12,1,4,4,61880,53280
2020,성형외과,M13,45,93,93,1510070,1105270
2020,성형외과,M15,1,1,1,26700,18700
2020,성형외과,M16,1,1,1,18010,12610
2020,성형외과,M17,19,51,51,837510,632810
2020,성형외과,M19,8,13,13,245320,191120
2020,성형외과,M20,7,274,290,8326100,6064160
2020,성형외과,M21,1,1,1,20240,14240
2020,성형외과,M23,1,1,1,22610,15910
2020,성형외과,M24,15,54,56,2978890,2169220
2020,성형외과,M25,25,31,31,592520,434020
2020,성형외과,M35,1,3,3,0,0
2020,성형외과,M42,1,1,1,20140,14140
2020,성형외과,M43,2,2,2,32280,25880
2020,성형외과,M46,1,3,3,43820,30820
2020,성형외과,M47,1,1,1,20140,14140
2020,성형외과,M48,6,45,45,512250,402250
2020,성형외과,M50,3,3,3,52810,37110
2020,성형외과,M51,9,15,15,192890,149490
2020,성형외과,M53,7,7,7,110890,81090
2020,성형외과,M54,183,526,526,10349800,7366700
2020,성형외과,M60,30,47,47,1570750,1107960
2020,성형외과,M61,1,1,1,28270,19870
2020,성형외과,M62,481,2792,2792,35157920,25027020
2020,성형외과,M65,205,504,556,26635530,19628840
2020,성형외과,M67,118,479,518,28845300,21425200
2020,성형외과,M70,10,12,12,255720,179420
2020,성형외과,M71,6,17,17,323810,227210
2020,성형외과,M72,77,314,314,18514440,13028550
2020,성형외과,M73,1,1,1,16140,11340
2020,성형외과,M75,25,43,43,825620,608020
2020,성형외과,M76,3,5,5,76990,55290
2020,성형외과,M77,25,54,54,1461790,1040890
2020,성형외과,M79,300,443,444,19367040,13746540
2020,성형외과,M81,3,4,4,50760,41460
2020,성형외과,M82,1,1,1,34060,23860
2020,성형외과,M85,2,6,6,680450,476450
2020,성형외과,M86,6,72,124,11520200,8692460
2020,성형외과,M87,1,4,4,55360,38960
2020,성형외과,M89,2,2,2,38750,27250
2020,성형외과,M92,2,2,2,49490,34690
2020,성형외과,M94,2,5,5,79680,55980
2020,성형외과,M95,393,810,811,125372910,99168690
2020,성형외과,M99,2,5,5,70920,49820
2020,성형외과,N10,4,5,5,52840,37040
2020,성형외과,N11,1,4,4,102350,78550
2020,성형외과,N12,1,1,1,16140,11340
2020,성형외과,N13,2,3,3,49090,34490
2020,성형외과,N18,5,5,5,110900,91300
2020,성형외과,N20,2,3,3,27680,19480
2020,성형외과,N21,3,3,3,79720,55920
2020,성형외과,N30,160,264,264,10892280,7697180
2020,성형외과,N31,18,20,20,322790,239590
2020,성형외과,N32,4,7,7,92490,65090
2020,성형외과,N34,3,3,3,41370,29070
2020,성형외과,N39,59,155,155,51796470,41174470
2020,성형외과,N40,70,150,150,2110220,1606120
2020,성형외과,N41,7,11,11,153150,118750
2020,성형외과,N42,2,4,4,13350,11850
2020,성형외과,N45,1,1,1,16140,14540
2020,성형외과,N47,1,1,1,26610,18710
2020,성형외과,N48,3,4,4,154720,108420
2020,성형외과,N49,2,2,2,44410,31210
2020,성형외과,N50,2,2,2,287670,201470
2020,성형외과,N51,1,1,1,0,0
2020,성형외과,N60,65,68,71,1883810,1378540
2020,성형외과,N61,7,12,12,757650,576420
2020,성형외과,N62,2274,4581,5351,1945271530,1493791100
2020,성형외과,N63,260,296,297,6066620,4311100
2020,성형외과,N64,1273,1388,1392,187746090,147791090
2020,성형외과,N72,70,92,92,3995570,2802270
2020,성형외과,N73,7,19,19,671210,471010
2020,성형외과,N74,18,53,53,1833870,1287070
2020,성형외과,N75,6,18,18,1196850,838650
2020,성형외과,N76,549,1559,1559,70283530,49313230
2020,성형외과,N77,47,63,63,3444920,2414620
2020,성형외과,N80,189,458,458,20829160,15445150
2020,성형외과,N81,1,2,2,26190,18490
2020,성형외과,N83,4,8,8,519940,364540
2020,성형외과,N84,5,10,10,703780,493280
2020,성형외과,N85,2,4,4,137920,96720
2020,성형외과,N86,49,136,136,5667800,3976300
2020,성형외과,N87,5,10,10,875680,620480
2020,성형외과,N88,2,4,4,50760,35760
2020,성형외과,N90,4,6,6,75650,53250
2020,성형외과,N91,20,23,23,2480510,1737410
2020,성형외과,N92,40,67,67,6294320,4350300
2020,성형외과,N93,208,425,425,21068510,14763990
2020,성형외과,N94,28,41,41,2252810,1579210
2020,성형외과,N95,58,131,131,3408210,2517480
2020,성형외과,N97,2,3,3,67910,47710
2020,성형외과,O21,2,2,2,27680,19480
2020,성형외과,Q10,8,13,13,1696690,1188190
2020,성형외과,Q15,1,2,2,38540,27040
2020,성형외과,Q16,1,1,1,29080,20380
2020,성형외과,Q17,413,2465,3418,825676600,739458730
2020,성형외과,Q18,24,91,93,6368720,4631410
2020,성형외과,Q21,2,2,2,45020,37220
2020,성형외과,Q30,3,3,3,48420,37220
2020,성형외과,Q33,1,1,1,27540,21840
2020,성형외과,Q35,5,5,5,89760,72660
2020,성형외과,Q36,1,1,1,16140,11340
2020,성형외과,Q37,1,1,1,16140,11340
2020,성형외과,Q38,1,1,1,21070,16670
2020,성형외과,Q67,33,33,33,551900,392500
2020,성형외과,Q69,1,1,1,22610,15910
2020,성형외과,Q70,3,14,33,4442570,4023710
2020,성형외과,Q75,2,2,2,38750,27250
2020,성형외과,Q77,1,6,6,112630,96490
2020,성형외과,Q78,8,17,17,2204090,1543390
2020,성형외과,Q80,1,1,1,16140,11340
2020,성형외과,Q82,216,378,378,23393430,17515670
2020,성형외과,Q83,25,49,50,11865840,8993810
2020,성형외과,Q84,7,7,7,132310,111910
2020,성형외과,Q85,35,109,109,8744640,6370040
2020,성형외과,Q89,1,2,2,43140,30340
2020,성형외과,R00,11,16,16,239980,171480
2020,성형외과,R04,5,5,5,282270,197770
2020,성형외과,R05,24,25,25,363510,258710
2020,성형외과,R07,10,10,10,265970,198170
2020,성형외과,R10,45,55,54,2394860,1691750
2020,성형외과,R11,19,26,40,3974560,3100890
2020,성형외과,R12,48,66,66,1665780,1172480
2020,성형외과,R14,3,3,3,48470,34070
2020,성형외과,R19,1,1,1,16140,11340
2020,성형외과,R20,3,4,4,59360,41760
2020,성형외과,R21,5,6,6,102410,75110
2020,성형외과,R22,3632,8607,8607,636092500,448203800
2020,성형외과,R23,45,80,80,2761490,1974090
2020,성형외과,R29,1,6,6,93360,65760
2020,성형외과,R30,4,8,8,200630,150430
2020,성형외과,R31,1,1,1,18550,16750
2020,성형외과,R35,3,9,9,178640,125440
2020,성형외과,R39,1,4,4,50760,44660
2020,성형외과,R42,31,34,34,911900,651300
2020,성형외과,R49,1,1,1,11540,8140
2020,성형외과,R50,9,10,11,314550,230250
2020,성형외과,R51,20,23,23,360630,272930
2020,성형외과,R52,20,28,28,407090,292590
2020,성형외과,R53,8,9,9,113600,79600
2020,성형외과,R55,2,2,2,132220,92620
2020,성형외과,R56,1,1,1,16140,14540
2020,성형외과,R59,14,15,15,268410,188510
2020,성형외과,R60,40,51,51,1275340,876800
2020,성형외과,R61,11,12,12,622460,433990
2020,성형외과,R63,12,14,14,332720,259220
2020,성형외과,R73,4,5,5,77420,60420
2020,성형외과,R80,2,4,4,206110,144510
2020,성형외과,R81,6,13,13,194100,136300
2020,성형외과,R86,1,1,1,13350,9350
2020,성형외과,R89,2,5,5,95300,66900
2020,성형외과,R92,17,17,17,388750,272850
2020,성형외과,R94,5,5,6,63770,48410
2020,성형외과,S00,6605,21114,21142,476199510,348503040
2020,성형외과,S01,32536,109209,109392,3748805740,2724586300
2020,성형외과,S02,788,2479,3510,344034350,240433720
2020,성형외과,S03,5,5,5,112640,79040
2020,성형외과,S04,4,8,19,3645490,2795010
2020,성형외과,S05,61,74,74,1560720,1113390
2020,성형외과,S07,736,2072,2110,125967220,93578920
2020,성형외과,S08,17,72,107,18784100,14444780
2020,성형외과,S09,428,1650,1738,94635250,70844150
2020,성형외과,S10,46,127,127,2642600,1833370
2020,성형외과,S11,41,126,126,3650470,2543940
2020,성형외과,S13,22,25,25,588180,427380
2020,성형외과,S20,17,46,46,935390,705610
2020,성형외과,S21,41,109,109,3136250,2253690
2020,성형외과,S22,4,7,7,177270,119630
2020,성형외과,S23,5,7,7,225050,143000
2020,성형외과,S30,61,138,138,3160030,2262700
2020,성형외과,S31,56,128,128,3444040,2397710
2020,성형외과,S33,53,99,99,1771630,1324230
2020,성형외과,S38,1,10,10,161470,97610
2020,성형외과,S39,2,3,3,67880,39300
2020,성형외과,S40,45,168,168,4601720,3118420
2020,성형외과,S41,64,192,208,7465690,5466160
2020,성형외과,S42,4,11,11,234670,171190
2020,성형외과,S43,26,38,38,708990,528490
2020,성형외과,S46,2,3,3,64900,45500
2020,성형외과,S50,214,726,734,19969140,13695140
2020,성형외과,S51,327,1291,1339,49331030,35150100
2020,성형외과,S52,10,22,21,388590,280390
2020,성형외과,S53,10,14,14,305250,214150
2020,성형외과,S54,1,1,1,37270,26170
2020,성형외과,S55,7,14,14,383610,273510
2020,성형외과,S56,19,128,201,17887780,13142560
2020,성형외과,S57,4,20,34,3774240,2801020
2020,성형외과,S58,1,4,3,86930,68830
2020,성형외과,S59,3,34,34,643890,389980
2020,성형외과,S60,566,1414,1428,40648190,29132090
2020,성형외과,S61,3040,11928,12187,410980450,296343100
2020,성형외과,S62,184,1658,2643,236982850,176288960
2020,성형외과,S63,120,272,303,11858940,8594010
2020,성형외과,S64,27,109,244,29347670,21829380
2020,성형외과,S65,48,169,284,25628380,19461200
2020,성형외과,S66,230,1343,1829,178499080,131950950
2020,성형외과,S67,111,1118,1706,161055500,121940140
2020,성형외과,S68,157,1607,3473,436040650,333023840
2020,성형외과,S69,97,560,572,16844530,11645430
2020,성형외과,S70,43,128,128,3251900,2155640
2020,성형외과,S71,85,406,416,15038770,11176900
2020,성형외과,S72,1,1,1,22610,15910
2020,성형외과,S73,2,2,2,30320,25120
2020,성형외과,S75,1,3,3,111070,77770
2020,성형외과,S79,1,45,45,1401510,1027110
2020,성형외과,S80,440,1590,1593,39196300,26872140
2020,성형외과,S81,746,3672,3675,104302410,72537320
2020,성형외과,S82,16,46,46,1870490,1330530
2020,성형외과,S83,30,51,51,1112850,790950
2020,성형외과,S85,1,2,2,131440,92140
2020,성형외과,S86,3,6,8,876220,672640
2020,성형외과,S87,2,25,25,544750,353400
2020,성형외과,S89,23,168,175,5219860,3577980
2020,성형외과,S90,300,874,874,22051680,16071580
2020,성형외과,S91,436,1713,1744,51951710,37555250
2020,성형외과,S92,12,36,46,3012460,2245590
2020,성형외과,S93,101,167,167,5338200,3871420
2020,성형외과,S94,1,13,14,704850,533900
2020,성형외과,S95,4,8,8,136220,95720
2020,성형외과,S96,11,54,56,3855710,2988940
2020,성형외과,S97,12,78,94,4391190,3582740
2020,성형외과,S98,1,4,18,3208800,2875330
2020,성형외과,S99,29,164,175,4999140,3726430
2020,성형외과,T00,102,244,244,6310200,4379440
2020,성형외과,T01,157,497,497,19540600,13948530
2020,성형외과,T04,1,1,1,37390,26190
2020,성형외과,T09,16,38,38,974240,667980
2020,성형외과,T11,11,23,23,772950,510590
2020,성형외과,T12,1,3,3,62590,43890
2020,성형외과,T13,28,93,93,2358900,1588950
2020,성형외과,T14,1139,3148,3148,126045610,90021880
2020,성형외과,T15,1,1,1,62750,49650
2020,성형외과,T16,6,9,9,574760,416860
2020,성형외과,T17,9,10,10,151990,113890
2020,성형외과,T20,983,3845,4205,265321860,192620080
2020,성형외과,T21,287,1560,1770,125396310,85057330
2020,성형외과,T22,914,4299,4421,231068520,160865380
2020,성형외과,T23,1867,7514,7843,462213360,340761090
2020,성형외과,T24,887,4713,5479,371023600,260485450
2020,성형외과,T25,465,2829,3500,295602790,219153870
2020,성형외과,T26,16,62,62,2914250,2074890
2020,성형외과,T29,53,151,151,6458450,4576970
2020,성형외과,T30,188,662,680,34283080,25486600
2020,성형외과,T31,13,34,34,2240640,1636960
2020,성형외과,T33,8,18,18,428060,303400
2020,성형외과,T35,1,19,19,383580,251040
2020,성형외과,T45,1,1,1,16140,11340
2020,성형외과,T47,1,1,1,16140,11340
2020,성형외과,T58,2,12,12,1313460,919860
2020,성형외과,T63,32,45,45,770220,582820
2020,성형외과,T69,3,4,4,66480,46680
2020,성형외과,T78,140,196,196,3179460,2267760
2020,성형외과,T79,8,27,27,738510,520410
2020,성형외과,T81,78,228,228,5490920,3952240
2020,성형외과,T85,12,12,12,513380,359880
2020,성형외과,T87,1,1,1,11540,8140
2020,성형외과,T88,14,59,59,1251820,912120
2020,성형외과,T91,3,16,16,329210,230910
2020,성형외과,T92,10,68,68,1599840,1151540
2020,성형외과,T93,2,2,2,36280,25480
2020,성형외과,T94,17,19,19,292860,222460
2020,성형외과,T95,9,30,30,629180,445080
2020,성형외과,T98,2,5,5,185080,129580
2020,성형외과,Z00,228,228,228,4144610,2912510
2020,성형외과,Z01,2,2,2,16140,11340
2020,성형외과,Z02,1,1,1,0,0
2020,성형외과,Z04,2,2,2,32280,22680
2020,성형외과,Z20,1,1,1,15250,10750
2020,성형외과,Z23,1,2,2,39740,25220
2020,성형외과,Z25,5,5,5,16140,11340
2020,성형외과,Z26,3,3,3,0,0
2020,성형외과,Z30,15,16,16,316350,222150
2020,성형외과,Z34,3,4,4,256430,224730
2020,성형외과,Z41,43,51,51,2372320,1665770
2020,성형외과,Z42,910,923,923,17208300,12244890
2020,성형외과,Z44,1,1,1,16140,11340
2020,성형외과,Z47,2,10,10,168020,115640
2020,성형외과,Z48,106,225,225,4739760,3510240
2020,성형외과,Z54,1,5,5,92520,64820
2020,성형외과,Z70,10,19,19,305610,216510
2020,성형외과,Z71,10,11,11,174810,127610
2020,성형외과,Z80,1,1,1,16140,11340
2020,성형외과,Z85,1,1,1,11550,10050
2020,성형외과,Z88,2,2,2,36340,25540
2020,성형외과,Z90,84,383,427,159690180,31817930
2020,성형외과,Z92,1,1,1,16140,11340
2020,성형외과,Z94,2,14,14,264920,185620
2020,성형외과,Z95,1,4,4,46160,40160
2020,성형외과,Z98,167,386,394,10455920,7567370
2020,성형외과,Z99,1,2,2,31710,26210
2020,마취통증의학과,A04,197,299,340,8874400,6808190
2020,마취통증의학과,A05,25,37,37,1585880,1218580
2020,마취통증의학과,A06,1,2,2,70380,49380
2020,마취통증의학과,A08,95,128,128,2252740,1690440
2020,마취통증의학과,A09,1333,1802,1816,47071940,35118960
2020,마취통증의학과,A15,1,1,1,11540,8140
2020,마취통증의학과,A18,1,3,3,41300,41300
2020,마취통증의학과,A25,1,1,1,20140,14140
2020,마취통증의학과,A28,4,4,4,75030,52730
2020,마취통증의학과,A31,2,3,3,67880,54480
2020,마취통증의학과,A35,4,4,4,153830,107830
2020,마취통증의학과,A46,1,1,1,11540,8140
2020,마취통증의학과,A48,1,1,1,16140,11340
2020,마취통증의학과,A49,51,91,91,3821130,3013530
2020,마취통증의학과,A51,1,1,1,16140,14540
2020,마취통증의학과,A56,2,9,9,210660,147860
2020,마취통증의학과,A60,41,54,54,1016530,748530
2020,마취통증의학과,A64,2,3,3,107420,75420
2020,마취통증의학과,A69,23,40,40,1090480,816580
2020,마취통증의학과,A75,2,2,2,25600,22600
2020,마취통증의학과,A77,1,1,1,20140,14140
2020,마취통증의학과,A80,1,1,1,0,0
2020,마취통증의학과,A88,2,2,2,33350,26850
2020,마취통증의학과,B00,1836,2669,2669,52590450,38526680
2020,마취통증의학과,B01,6,8,8,107160,76460
2020,마취통증의학과,B02,18641,59596,63342,3524303320,2512692140
2020,마취통증의학과,B07,97,194,194,6958980,4946380
2020,마취통증의학과,B08,7,10,10,366850,278550
2020,마취통증의학과,B09,10,13,13,424860,285610
2020,마취통증의학과,B16,2,2,2,27680,21380
2020,마취통증의학과,B17,16,43,43,660650,464750
2020,마취통증의학과,B18,153,375,375,11817420,8562420
2020,마취통증의학과,B19,7,12,12,406920,285520
2020,마취통증의학과,B26,4,4,4,90030,63230
2020,마취통증의학과,B30,17,27,27,948800,672800
2020,마취통증의학과,B33,4,5,5,76500,53800
2020,마취통증의학과,B34,4,6,6,112770,79270
2020,마취통증의학과,B35,5149,10635,10635,160413860,122008800
2020,마취통증의학과,B36,54,97,97,1400870,1041770
2020,마취통증의학과,B37,59,105,105,2102630,1539330
2020,마취통증의학과,B40,1,12,12,172680,121680
2020,마취통증의학과,B43,5,7,7,140710,98810
2020,마취통증의학과,B44,1,1,1,16140,14540
2020,마취통증의학과,B46,1,2,2,30200,21200
2020,마취통증의학과,B47,15,22,22,439120,313020
2020,마취통증의학과,B48,7,8,8,123090,91790
2020,마취통증의학과,B49,4,6,6,76360,59460
2020,마취통증의학과,B54,1,1,1,17760,12460
2020,마취통증의학과,B66,14,21,21,251360,184660
2020,마취통증의학과,B68,1,1,1,11540,8140
2020,마취통증의학과,B74,1,1,1,11540,10040
2020,마취통증의학과,B77,1,1,1,167660,167660
2020,마취통증의학과,B83,11,12,12,231330,179530
2020,마취통증의학과,B85,3,3,3,50000,35200
2020,마취통증의학과,B86,8,9,9,137440,106940
2020,마취통증의학과,B87,2,2,2,49220,34620
2020,마취통증의학과,B88,66,81,81,3013320,2201620
2020,마취통증의학과,B90,1,1,1,16140,14540
2020,마취통증의학과,B98,10,13,13,280560,202660
2020,마취통증의학과,B99,2,3,3,55240,38840
2020,마취통증의학과,C02,4,16,16,764940,727640
2020,마취통증의학과,C06,1,7,7,808820,768720
2020,마취통증의학과,C09,2,5,5,87010,82810
2020,마취통증의학과,C10,1,2,2,29760,20960
2020,마취통증의학과,C11,2,3,3,427510,406210
2020,마취통증의학과,C15,9,50,50,2223150,2111650
2020,마취통증의학과,C16,67,450,957,52163790,46918040
2020,마취통증의학과,C17,1,27,27,849880,808880
2020,마취통증의학과,C18,51,384,514,29664900,27314480
2020,마취통증의학과,C19,3,3,3,249080,233780
2020,마취통증의학과,C20,21,99,225,12616050,11023630
2020,마취통증의학과,C21,2,5,5,129030,122830
2020,마취통증의학과,C22,37,177,288,14949740,13637250
2020,마취통증의학과,C23,2,13,13,828770,787770
2020,마취통증의학과,C24,6,38,38,1836410,1730610
2020,마취통증의학과,C25,18,166,206,13874170,12964130
2020,마취통증의학과,C26,1,1,1,11540,8140
2020,마취통증의학과,C30,2,9,9,587690,558890
2020,마취통증의학과,C31,1,3,3,234610,223010
2020,마취통증의학과,C32,3,16,16,1569120,1491620
2020,마취통증의학과,C34,80,409,1140,60279250,52497660
2020,마취통증의학과,C37,3,8,34,1825670,1587380
2020,마취통증의학과,C38,1,7,7,618880,588280
2020,마취통증의학과,C41,4,5,5,538920,488620
2020,마취통증의학과,C43,2,34,153,6452250,5537690
2020,마취통증의학과,C44,9,29,29,2259130,2147230
2020,마취통증의학과,C46,2,2,2,31040,30240
2020,마취통증의학과,C47,1,1,3,218440,173530
2020,마취통증의학과,C49,2,3,3,155880,109280
2020,마취통증의학과,C50,190,1676,4767,216774520,189588580
2020,마취통증의학과,C53,15,61,61,2969200,2786180
2020,마취통증의학과,C54,11,112,415,21210890,18522190
2020,마취통증의학과,C55,4,53,53,1058250,971350
2020,마취통증의학과,C56,13,48,172,8197200,7136130
2020,마취통증의학과,C57,3,43,196,8264710,7018410
2020,마취통증의학과,C61,47,239,239,19427620,18313610
2020,마취통증의학과,C63,1,11,11,428900,408200
2020,마취통증의학과,C64,9,155,272,13133770,11952230
2020,마취통증의학과,C65,5,13,13,670650,627850
2020,마취통증의학과,C66,3,17,17,593300,560800
2020,마취통증의학과,C67,14,107,107,8834330,8381830
2020,마취통증의학과,C68,1,3,3,432790,411290
2020,마취통증의학과,C69,1,1,1,122370,116270
2020,마취통증의학과,C71,10,172,214,6647150,5882200
2020,마취통증의학과,C72,4,8,8,619010,580010
2020,마취통증의학과,C73,61,444,992,47028520,41175780
2020,마취통증의학과,C74,1,12,40,2173070,1917330
2020,마취통증의학과,C75,1,1,1,27540,26240
2020,마취통증의학과,C76,1,1,1,11540,8140
2020,마취통증의학과,C77,2,6,6,109850,104750
2020,마취통증의학과,C78,11,37,229,10515950,9075350
2020,마취통증의학과,C79,10,37,129,6523600,5697990
2020,마취통증의학과,C80,20,218,365,14920810,13558330
2020,마취통증의학과,C81,3,31,31,368810,268510
2020,마취통증의학과,C82,2,9,9,675400,543900
2020,마취통증의학과,C83,3,10,10,381130,362730
2020,마취통증의학과,C84,1,8,8,1460640,1387940
2020,마취통증의학과,C85,6,51,51,4331920,4111620
2020,마취통증의학과,C86,1,7,7,561770,533770
2020,마취통증의학과,C90,9,64,64,1649790,1467990
2020,마취통증의학과,C91,2,69,69,907580,855380
2020,마취통증의학과,C92,6,19,210,9855450,8275610
2020,마취통증의학과,C96,2,20,20,975470,853070
2020,마취통증의학과,C97,1,1,1,11540,10040
2020,마취통증의학과,D00,5,24,24,392090,373690
2020,마취통증의학과,D01,3,9,9,862520,817320
2020,마취통증의학과,D02,4,14,14,2355590,2235690
2020,마취통증의학과,D04,2,3,3,486360,462260
2020,마취통증의학과,D05,12,86,86,6548190,6221690
2020,마취통증의학과,D06,4,64,64,6249710,5940010
2020,마취통증의학과,D07,2,2,11,527820,466550
2020,마취통증의학과,D09,3,6,6,439530,417130
2020,마취통증의학과,D10,4,4,4,131110,93510
2020,마취통증의학과,D11,1,1,1,11540,10040
2020,마취통증의학과,D12,11,11,11,215090,156590
2020,마취통증의학과,D13,5,21,21,1095310,787510
2020,마취통증의학과,D14,2,2,2,32280,22680
2020,마취통증의학과,D15,2,4,4,91110,72410
2020,마취통증의학과,D16,29,67,77,5445520,3978420
2020,마취통증의학과,D17,291,451,452,14833670,10711460
2020,마취통증의학과,D18,23,28,28,810190,578680
2020,마취통증의학과,D21,139,399,469,31355300,22517910
2020,마취통증의학과,D22,5,5,5,144730,111830
2020,마취통증의학과,D23,221,502,502,28819590,20507790
2020,마취통증의학과,D24,7,17,17,444060,350760
2020,마취통증의학과,D25,14,21,21,421700,299400
2020,마취통증의학과,D29,6,9,9,128520,108220
2020,마취통증의학과,D30,2,2,2,27680,19480
2020,마취통증의학과,D32,19,116,122,9032170,8187430
2020,마취통증의학과,D33,33,92,102,9901250,7940300
2020,마취통증의학과,D34,12,15,15,430260,308260
2020,마취통증의학과,D35,11,56,56,5178810,4553410
2020,마취통증의학과,D36,12,33,33,443590,348490
2020,마취통증의학과,D37,7,16,16,1041050,956650
2020,마취통증의학과,D38,1,3,3,41740,29340
2020,마취통증의학과,D40,2,12,12,1240200,1178000
2020,마취통증의학과,D41,1,3,3,558020,530320
2020,마취통증의학과,D42,1,1,1,16140,15340
2020,마취통증의학과,D43,4,15,15,750460,669660
2020,마취통증의학과,D45,3,55,55,2709460,2571360
2020,마취통증의학과,D46,2,5,5,426590,376890
2020,마취통증의학과,D47,3,11,11,761350,640650
2020,마취통증의학과,D48,29,56,56,2056490,1845690
2020,마취통증의학과,D50,247,437,437,14628690,10731650
2020,마취통증의학과,D51,3,6,6,96090,67490
2020,마취통증의학과,D52,3,5,5,57700,46400
2020,마취통증의학과,D53,2,2,2,27680,21380
2020,마취통증의학과,D63,2,6,6,78390,65990
2020,마취통증의학과,D64,92,127,127,5122380,3732480
2020,마취통증의학과,D68,1,1,1,16140,14540
2020,마취통증의학과,D69,15,22,22,333110,250810
2020,마취통증의학과,D72,8,18,18,428850,318150
2020,마취통증의학과,D75,2,3,3,63800,48300
2020,마취통증의학과,D81,10,20,20,288360,206360
2020,마취통증의학과,D84,7,17,17,228070,170370
2020,마취통증의학과,D86,1,1,1,16140,11340
2020,마취통증의학과,E02,19,75,75,2718060,1706200
2020,마취통증의학과,E03,364,1211,1211,25067400,18482550
2020,마취통증의학과,E04,19,28,28,1422770,1004870
2020,마취통증의학과,E05,65,214,214,6477170,4667300
2020,마취통증의학과,E06,13,29,29,702670,504670
2020,마취통증의학과,E07,86,137,137,7884660,5526850
2020,마취통증의학과,E10,221,612,612,24268590,18079790
2020,마취통증의학과,E11,3850,19990,20069,467938530,363479050
2020,마취통증의학과,E12,5,20,20,264000,186000
2020,마취통증의학과,E13,192,726,726,41673650,35873950
2020,마취통증의학과,E14,1108,4030,4030,119521490,90502280
2020,마취통증의학과,E16,9,10,10,918870,653670
2020,마취통증의학과,E20,3,5,5,208350,146050
2020,마취통증의학과,E21,1,1,1,16140,11340
2020,마취통증의학과,E22,19,27,27,2978250,2086050
2020,마취통증의학과,E23,3,19,19,854970,271700
2020,마취통증의학과,E24,4,7,7,99000,84000
2020,마취통증의학과,E25,1,1,1,20140,14140
2020,마취통증의학과,E27,13,41,41,1241850,837500
2020,마취통증의학과,E28,10,19,19,738110,517810
2020,마취통증의학과,E29,3,3,3,52420,36820
2020,마취통증의학과,E30,451,3217,3217,520644930,365842930
2020,마취통증의학과,E32,1,1,1,11540,8140
2020,마취통증의학과,E34,188,1028,1028,36230120,25572920
2020,마취통증의학과,E44,6,14,14,184880,132180
2020,마취통증의학과,E46,16,24,24,855640,684440
2020,마취통증의학과,E50,270,453,453,7693290,5507490
2020,마취통증의학과,E53,21,28,28,1147810,812300
2020,마취통증의학과,E54,1,2,2,40280,28280
2020,마취통증의학과,E55,1422,2301,2301,49589880,36336460
2020,마취통증의학과,E56,37,69,69,2045630,1492030
2020,마취통증의학과,E58,43,89,89,1516030,1181430
2020,마취통증의학과,E61,66,89,89,1315380,1007780
2020,마취통증의학과,E63,27,31,31,557760,438260
2020,마취통증의학과,E64,2,2,2,24990,20090
2020,마취통증의학과,E66,290,650,650,12390920,8903740
2020,마취통증의학과,E70,2,2,2,47830,33530
2020,마취통증의학과,E71,1,4,4,208830,188130
2020,마취통증의학과,E76,1,2,2,53930,37830
2020,마취통증의학과,E78,2817,7981,7981,149696600,111281650
2020,마취통증의학과,E79,232,387,387,27327630,19055920
2020,마취통증의학과,E80,2,6,6,62440,43940
2020,마취통증의학과,E83,138,337,337,9271130,7719830
2020,마취통증의학과,E86,93,129,129,4957900,3541000
2020,마취통증의학과,E87,162,360,360,27676340,22255440
2020,마취통증의학과,E88,18,52,52,1202410,855810
2020,마취통증의학과,E89,9,21,21,268920,189120
2020,마취통증의학과,F00,261,832,832,19487280,15093780
2020,마취통증의학과,F01,32,75,75,1592840,1263440
2020,마취통증의학과,F02,6,40,40,1570050,1212850
2020,마취통증의학과,F03,76,185,185,5110930,4090330
2020,마취통증의학과,F05,7,20,20,319420,265220
2020,마취통증의학과,F06,1829,4700,4700,80391990,64725290
2020,마취통증의학과,F07,24,62,61,1668770,1018970
2020,마취통증의학과,F10,3,4,4,46160,32560
2020,마취통증의학과,F11,1,1,1,20140,14140
2020,마취통증의학과,F13,1,1,1,20140,14140
2020,마취통증의학과,F17,3,5,5,86260,64460
2020,마취통증의학과,F20,11,43,43,1396770,1154870
2020,마취통증의학과,F22,2,7,7,85090,74590
2020,마취통증의학과,F23,2,2,2,77100,66100
2020,마취통증의학과,F29,4,8,8,278590,230790
2020,마취통증의학과,F31,14,26,26,565920,458720
2020,마취통증의학과,F32,362,944,944,22812850,18036500
2020,마취통증의학과,F33,33,98,98,2629460,1970460
2020,마취통증의학과,F34,18,31,31,649760,529760
2020,마취통증의학과,F38,25,59,59,2377980,1726580
2020,마취통증의학과,F39,100,169,169,6625160,4703360
2020,마취통증의학과,F40,27,111,111,1587740,1173240
2020,마취통증의학과,F41,819,2058,2058,51448520,42062420
2020,마취통증의학과,F42,3,9,9,99830,81830
2020,마취통증의학과,F43,46,94,108,3984510,3209570
2020,마취통증의학과,F44,2,9,9,396620,277340
2020,마취통증의학과,F45,137,237,237,7430230,5796230
2020,마취통증의학과,F48,605,960,960,18792870,13837980
2020,마취통증의학과,F50,52,86,86,2360630,1745330
2020,마취통증의학과,F51,1432,4300,4300,62344530,47417630
2020,마취통증의학과,F52,39,74,74,1358180,974980
2020,마취통증의학과,F54,1,2,2,26880,18880
2020,마취통증의학과,F60,2,2,2,32280,29080
2020,마취통증의학과,F78,1,1,1,40400,28300
2020,마취통증의학과,F79,1,142,142,1518040,1518040
2020,마취통증의학과,F80,2,12,17,1691320,1259210
2020,마취통증의학과,F81,1,2,2,161200,113000
2020,마취통증의학과,F82,2,2,2,45540,31940
2020,마취통증의학과,F84,8,275,275,2960520,2628420
2020,마취통증의학과,F90,3,4,4,66480,46680
2020,마취통증의학과,F91,1,2,2,33760,23760
2020,마취통증의학과,F92,4,8,8,382870,270270
2020,마취통증의학과,F95,8,9,9,170920,129620
2020,마취통증의학과,F98,3,3,3,68550,48150
2020,마취통증의학과,G00,1,1,1,16140,11340
2020,마취통증의학과,G01,1,3,3,44000,39400
2020,마취통증의학과,G03,2,27,27,460180,323580
2020,마취통증의학과,G04,2,5,5,62300,43900
2020,마취통증의학과,G05,155,376,376,21306560,15005930
2020,마취통증의학과,G06,1,5,5,39420,31920
2020,마취통증의학과,G09,1,5,5,92300,64800
2020,마취통증의학과,G11,4,33,33,3105330,2796630
2020,마취통증의학과,G12,5,8,8,160200,138900
2020,마취통증의학과,G13,1,3,3,278830,251030
2020,마취통증의학과,G14,4,7,7,106900,75300
2020,마취통증의학과,G20,155,923,923,39182060,33836400
2020,마취통증의학과,G21,16,45,45,1033170,797070
2020,마취통증의학과,G22,9,18,18,290600,233400
2020,마취통증의학과,G23,9,23,23,426070,328470
2020,마취통증의학과,G24,451,989,989,43048450,30540640
2020,마취통증의학과,G25,692,1736,1736,49752390,36940830
2020,마취통증의학과,G30,33,105,105,4243350,3184250
2020,마취통증의학과,G31,2885,7687,7687,171687050,132455390
2020,마취통증의학과,G35,3,3,3,131170,118170
2020,마취통증의학과,G36,2,8,8,110720,94420
2020,마취통증의학과,G37,2,3,3,62640,46040
2020,마취통증의학과,G40,62,316,316,4642370,3633270
2020,마취통증의학과,G41,6,15,15,199780,153580
2020,마취통증의학과,G43,3119,7473,7477,323042450,227800610
2020,마취통증의학과,G44,12674,31897,31917,1928690090,1367498580
2020,마취통증의학과,G45,34,78,78,3630340,2305570
2020,마취통증의학과,G46,5,14,14,187800,160600
2020,마취통증의학과,G47,3488,9671,9671,175529810,132902810
2020,마취통증의학과,G50,2857,8689,8825,506188950,361203750
2020,마취통증의학과,G51,998,3766,3820,175239650,124644130
2020,마취통증의학과,G52,27,74,74,3700540,2614440
2020,마취통증의학과,G53,11104,54935,55718,3000745100,2163498960
2020,마취통증의학과,G54,4891,16329,16358,975206260,694493600
2020,마취통증의학과,G55,5171,22946,23161,1660672530,1187330250
2020,마취통증의학과,G56,27633,71028,71235,3268584810,2311230660
2020,마취통증의학과,G57,23995,66401,66401,3226757710,2293108120
2020,마취통증의학과,G58,10768,26901,26900,1417956440,1008153690
2020,마취통증의학과,G59,118,290,290,9500900,7657600
2020,마취통증의학과,G60,4,9,9,209870,167770
2020,마취통증의학과,G61,14,158,158,4152250,3718250
2020,마취통증의학과,G62,520,2143,2149,92737000,65474870
2020,마취통증의학과,G63,364,1426,1431,51776900,37984350
2020,마취통증의학과,G64,340,796,796,21103550,15202760
2020,마취통증의학과,G70,17,64,64,2744690,2388690
2020,마취통증의학과,G71,7,49,49,928610,662010
2020,마취통증의학과,G72,16,106,106,4205700,2953900
2020,마취통증의학과,G73,20,132,132,5458680,3899180
2020,마취통증의학과,G80,9,97,97,3046260,2471660
2020,마취통증의학과,G81,51,407,407,9084640,7049240
2020,마취통증의학과,G82,8,13,13,524900,422200
2020,마취통증의학과,G83,14,31,31,781670,563370
2020,마취통증의학과,G90,468,1925,1936,78755920,55960810
2020,마취통증의학과,G91,1,12,12,241680,183380
2020,마취통증의학과,G93,24,41,41,1748090,854580
2020,마취통증의학과,G95,246,715,715,48160960,35817960
2020,마취통증의학과,G96,10,13,13,775280,546680
2020,마취통증의학과,G97,72,81,83,5938190,4175470
2020,마취통증의학과,G98,4,4,4,64560,51760
2020,마취통증의학과,G99,36,176,184,8147370,5901320
2020,마취통증의학과,H00,307,377,377,6168720,4439020
2020,마취통증의학과,H01,217,286,286,4220790,3203290
2020,마취통증의학과,H02,79,137,137,34312470,24326470
2020,마취통증의학과,H03,7,12,12,224500,157600
2020,마취통증의학과,H04,644,1173,1173,17255610,12871810
2020,마취통증의학과,H05,5,11,11,323310,226710
2020,마취통증의학과,H06,2,5,5,118580,83180
2020,마취통증의학과,H10,910,1264,1264,18187280,14154280
2020,마취통증의학과,H11,231,379,379,5998930,4408030
2020,마취통증의학과,H13,1,1,1,16140,11340
2020,마취통증의학과,H16,246,310,310,4871300,3796900
2020,마취통증의학과,H18,4,6,6,83970,63570
2020,마취통증의학과,H19,39,57,57,816920,640520
2020,마취통증의학과,H20,18,26,26,406580,322580
2020,마취통증의학과,H25,113,206,206,3248960,2699460
2020,마취통증의학과,H26,17,46,46,633770,501070
2020,마취통증의학과,H28,1,2,2,23080,16280
2020,마취통증의학과,H30,2,3,3,77830,54630
2020,마취통증의학과,H33,1,32,32,1356280,952280
2020,마취통증의학과,H34,2,7,7,69240,49240
2020,마취통증의학과,H35,20,202,202,6996910,5343310
2020,마취통증의학과,H36,72,123,123,2138710,1615670
2020,마취통증의학과,H40,80,187,187,2571270,2173970
2020,마취통증의학과,H42,5,17,17,200740,161140
2020,마취통증의학과,H43,1,2,2,25600,22600
2020,마취통증의학과,H44,22,40,40,475990,346690
2020,마취통증의학과,H47,3,3,3,102780,75280
2020,마취통증의학과,H49,1,2,2,30200,27100
2020,마취통증의학과,H50,2,3,3,43820,30820
2020,마취통증의학과,H52,5,9,9,98200,73600
2020,마취통증의학과,H53,24,54,54,1363860,985760
2020,마취통증의학과,H57,6,7,7,243130,176930
2020,마취통증의학과,H59,4,4,4,36040,28340
2020,마취통증의학과,H60,399,694,694,11266230,8528230
2020,마취통증의학과,H61,21,27,27,632150,476050
2020,마취통증의학과,H62,5,8,8,250030,182730
2020,마취통증의학과,H65,46,76,76,1314440,993440
2020,마취통증의학과,H66,166,334,334,5066820,3820320
2020,마취통증의학과,H68,1,6,6,76360,53760
2020,마취통증의학과,H69,1,1,1,16140,11340
2020,마취통증의학과,H70,1,1,1,20140,14140
2020,마취통증의학과,H72,3,3,3,47550,35650
2020,마취통증의학과,H73,1,1,1,17070,13570
2020,마취통증의학과,H74,1,1,1,11540,10040
2020,마취통증의학과,H81,826,1662,1662,41383610,30904110
2020,마취통증의학과,H82,12,13,13,195480,160380
2020,마취통증의학과,H83,1,9,9,425780,298780
2020,마취통증의학과,H90,10,88,88,2249460,1584460
2020,마취통증의학과,H91,126,665,665,32098140,22525940
2020,마취통증의학과,H92,41,55,55,1855990,1329190
2020,마취통증의학과,H93,300,1210,1210,58455240,41654640
2020,마취통증의학과,I00,10,53,53,974680,833580
2020,마취통증의학과,I05,1,1,1,16140,11340
2020,마취통증의학과,I08,1,1,1,24050,19250
2020,마취통증의학과,I10,17672,93944,93948,1704187970,1337487890
2020,마취통증의학과,I11,90,488,488,8651920,6994820
2020,마취통증의학과,I12,3,4,4,271120,219320
2020,마취통증의학과,I13,11,42,42,617670,481070
2020,마취통증의학과,I15,144,622,622,15122980,10987400
2020,마취통증의학과,I20,190,487,487,8354990,6414420
2020,마취통증의학과,I21,18,51,51,1367080,1051680
2020,마취통증의학과,I24,8,8,8,283400,211900
2020,마취통증의학과,I25,25,48,48,933930,727930
2020,마취통증의학과,I26,1,1,1,206370,144470
2020,마취통증의학과,I27,2,2,2,122600,96600
2020,마취통증의학과,I34,2,9,9,172620,143520
2020,마취통증의학과,I35,1,6,6,88320,79020
2020,마취통증의학과,I39,1,1,1,16140,11340
2020,마취통증의학과,I40,1,1,1,21970,15470
2020,마취통증의학과,I42,5,11,11,893850,774950
2020,마취통증의학과,I44,1,6,6,70310,61310
2020,마취통증의학과,I45,1,4,4,48680,42680
2020,마취통증의학과,I47,7,15,15,206630,145530
2020,마취통증의학과,I48,18,46,46,1138650,858450
2020,마취통증의학과,I49,104,207,207,3744650,2861830
2020,마취통증의학과,I50,57,135,135,4735000,3723740
2020,마취통증의학과,I51,32,79,79,3554300,2588900
2020,마취통증의학과,I60,5,29,29,1720130,1239730
2020,마취통증의학과,I61,9,38,38,717610,557710
2020,마취통증의학과,I63,202,916,916,25106180,19536820
2020,마취통증의학과,I64,14,39,39,1237180,1090080
2020,마취통증의학과,I65,21,42,60,3574630,2611890
2020,마취통증의학과,I66,10,16,16,2048380,1237280
2020,마취통증의학과,I67,89,284,285,9229170,6234630
2020,마취통증의학과,I68,1,1,1,16140,11340
2020,마취통증의학과,I69,141,696,696,19233420,15615420
2020,마취통증의학과,I70,57,147,147,2632100,2049800
2020,마취통증의학과,I71,4,7,7,96830,75030
2020,마취통증의학과,I72,3,4,4,68440,48140
2020,마취통증의학과,I73,1673,3537,3537,92330540,68759870
2020,마취통증의학과,I74,30,56,56,864180,719380
2020,마취통증의학과,I77,6,16,16,205300,166000
2020,마취통증의학과,I78,118,205,205,3305150,2551450
2020,마취통증의학과,I79,13,24,24,381470,299070
2020,마취통증의학과,I80,89,171,171,4653070,3676070
2020,마취통증의학과,I82,8,14,14,243380,193980
2020,마취통증의학과,I83,691,1348,1347,51794420,39174020
2020,마취통증의학과,I86,16,20,20,826270,590670
2020,마취통증의학과,I87,1891,4138,4138,136253480,99459100
2020,마취통증의학과,I88,19,22,22,677000,484000
2020,마취통증의학과,I89,198,484,484,12348090,9279090
2020,마취통증의학과,I95,52,117,117,4995100,3650300
2020,마취통증의학과,I97,8,131,131,2047980,1594080
2020,마취통증의학과,I98,1,1,1,64480,45180
2020,마취통증의학과,I99,11,16,16,321460,251260
2020,마취통증의학과,J00,6296,12028,12028,234123640,177602140
2020,마취통증의학과,J01,338,543,543,8617220,6430920
2020,마취통증의학과,J02,701,1339,1340,24621050,19113170
2020,마취통증의학과,J03,2977,4979,4979,79605150,59428670
2020,마취통증의학과,J04,2144,4115,4115,63589290,48534890
2020,마취통증의학과,J05,3,4,4,100400,79600
2020,마취통증의학과,J06,5048,9173,9173,147155410,112481570
2020,마취통증의학과,J09,14,15,15,223410,170510
2020,마취통증의학과,J10,166,364,402,9219010,6585090
2020,마취통증의학과,J11,96,110,110,1730090,1258190
2020,마취통증의학과,J12,29,43,43,823180,631080
2020,마취통증의학과,J13,1,1,1,14060,9860
2020,마취통증의학과,J15,11,17,18,709360,516050
2020,마취통증의학과,J17,1,1,1,18150,16650
2020,마취통증의학과,J18,52,114,132,5131820,3985330
2020,마취통증의학과,J20,10243,21861,21869,351505420,275456670
2020,마취통증의학과,J21,394,961,961,16705860,12628920
2020,마취통증의학과,J22,80,152,152,2435410,1828410
2020,마취통증의학과,J30,5759,11931,11931,205654390,157819270
2020,마취통증의학과,J31,66,149,149,2101020,1545720
2020,마취통증의학과,J32,251,477,477,9729050,7730650
2020,마취통증의학과,J34,25,33,33,516370,373270
2020,마취통증의학과,J35,89,164,170,2912960,2249430
2020,마취통증의학과,J36,402,655,655,10092420,7411320
2020,마취통증의학과,J37,42,66,66,1833350,1456750
2020,마취통증의학과,J38,8,11,11,165870,139370
2020,마취통증의학과,J39,68,107,107,1544650,1155150
2020,마취통증의학과,J40,1828,3415,3415,57968790,44047690
2020,마취통증의학과,J41,249,891,891,22217720,18172620
2020,마취통증의학과,J42,726,1506,1506,23042800,18561180
2020,마취통증의학과,J43,2,2,2,49380,34680
2020,마취통증의학과,J44,111,392,392,6893570,5691670
2020,마취통증의학과,J45,1010,3217,3230,50621390,41285100
2020,마취통증의학과,J46,4,7,7,129370,105770
2020,마취통증의학과,J47,10,24,24,321060,267460
2020,마취통증의학과,J81,2,2,2,55020,38620
2020,마취통증의학과,J84,5,73,73,2124300,1910200
2020,마취통증의학과,J90,3,3,3,76540,56840
2020,마취통증의학과,J93,20,25,25,891080,627480
2020,마취통증의학과,J96,1,1,1,0,0
2020,마취통증의학과,J98,20,26,26,648360,487560
2020,마취통증의학과,J99,1,2,2,24260,19260
2020,마취통증의학과,K01,1,6,6,202680,142180
2020,마취통증의학과,K02,1,1,1,16140,11340
2020,마취통증의학과,K04,40,104,107,2653670,1934220
2020,마취통증의학과,K05,593,917,917,14574570,11296170
2020,마취통증의학과,K06,4,4,4,110600,79500
2020,마취통증의학과,K07,2280,4595,4596,179789970,128037050
2020,마취통증의학과,K08,176,197,197,3534110,2604310
2020,마취통증의학과,K09,3,4,4,59960,42160
2020,마취통증의학과,K10,37,64,64,2558260,1809960
2020,마취통증의학과,K11,34,37,37,654970,493470
2020,마취통증의학과,K12,688,1109,1110,17665800,13904110
2020,마취통증의학과,K13,17,22,22,404390,324190
2020,마취통증의학과,K14,86,151,155,3735850,2838010
2020,마취통증의학과,K20,16,18,18,301780,223580
2020,마취통증의학과,K21,4463,8504,8508,168384820,125227030
2020,마취통증의학과,K22,2,2,2,23080,18180
2020,마취통증의학과,K23,1,2,2,27690,19490
2020,마취통증의학과,K25,883,1860,1860,32870580,25322280
2020,마취통증의학과,K26,186,374,374,9328880,6927680
2020,마취통증의학과,K27,1019,2029,2029,70818410,50397710
2020,마취통증의학과,K28,23,47,47,1762280,1306680
2020,마취통증의학과,K29,13645,27360,27375,1110318790,798935820
2020,마취통증의학과,K30,1791,3024,3024,96578770,71134040
2020,마취통증의학과,K31,19,20,20,249640,191740
2020,마취통증의학과,K35,12,14,14,269110,191810
2020,마취통증의학과,K36,1,1,1,16140,11340
2020,마취통증의학과,K37,5,6,6,127420,89420
2020,마취통증의학과,K40,15,19,19,297890,249690
2020,마취통증의학과,K41,3,3,3,52440,38840
2020,마취통증의학과,K42,1,1,1,17070,13570
2020,마취통증의학과,K43,8,12,15,462120,353680
2020,마취통증의학과,K44,1,6,6,538790,377390
2020,마취통증의학과,K46,7,7,7,180890,129190
2020,마취통증의학과,K50,93,165,165,3635200,3081000
2020,마취통증의학과,K51,13,50,50,1770910,1540390
2020,마취통증의학과,K52,1140,1657,1657,28042950,21080250
2020,마취통증의학과,K55,1,1,1,16140,11340
2020,마취통증의학과,K56,6,12,12,443230,329030
2020,마취통증의학과,K57,3,7,7,160580,112880
2020,마취통증의학과,K58,2791,4993,4993,85005960,66521360
2020,마취통증의학과,K59,2060,3875,3875,87356460,65797620
2020,마취통증의학과,K60,11,24,24,436970,334570
2020,마취통증의학과,K61,24,39,44,1158200,855430
2020,마취통증의학과,K62,19,35,35,711320,554820
2020,마취통증의학과,K63,345,388,388,207258090,146027890
2020,마취통증의학과,K64,148,277,277,5060350,4015970
2020,마취통증의학과,K65,1,2,2,55170,40870
2020,마취통증의학과,K66,1,1,1,42860,30060
2020,마취통증의학과,K70,75,208,208,4248870,3032770
2020,마취통증의학과,K71,43,61,61,1355970,973070
2020,마취통증의학과,K73,87,207,207,3979880,2919780
2020,마취통증의학과,K74,15,31,31,1042700,796000
2020,마취통증의학과,K75,331,455,455,29824960,21044160
2020,마취통증의학과,K76,664,1127,1133,33750000,24184890
2020,마취통증의학과,K77,7,16,16,214400,182400
2020,마취통증의학과,K80,49,97,97,2468020,1751420
2020,마취통증의학과,K81,16,20,20,1349730,948130
2020,마취통증의학과,K82,13,27,27,584240,412340
2020,마취통증의학과,K83,2,2,2,34150,26250
2020,마취통증의학과,K85,5,6,6,269670,189070
2020,마취통증의학과,K86,5,12,12,232350,169750
2020,마취통증의학과,K87,2,2,2,27680,19480
2020,마취통증의학과,K90,9,17,17,420700,304900
2020,마취통증의학과,K91,3,9,9,683840,630240
2020,마취통증의학과,K92,29,38,38,829800,606900
2020,마취통증의학과,K93,68,115,115,1519680,1313580
2020,마취통증의학과,L01,179,230,230,4282940,3209940
2020,마취통증의학과,L02,1790,4090,4214,90342690,66722330
2020,마취통증의학과,L03,8497,20110,20314,442829410,339044590
2020,마취통증의학과,L04,159,234,234,3940550,2834850
2020,마취통증의학과,L05,26,316,316,6969420,5665720
2020,마취통증의학과,L08,534,953,953,19866250,15344550
2020,마취통증의학과,L10,3,4,4,62030,50430
2020,마취통증의학과,L12,4,5,5,57290,45390
2020,마취통증의학과,L13,122,177,177,2650830,1986930
2020,마취통증의학과,L20,1533,3482,3482,55837980,43948260
2020,마취통증의학과,L21,671,1264,1264,19138010,14867510
2020,마취통증의학과,L23,6409,11815,11819,189598660,149688950
2020,마취통증의학과,L24,471,802,802,15660300,11912500
2020,마취통증의학과,L25,1344,2457,2470,37308320,29356450
2020,마취통증의학과,L26,1,1,1,11540,8140
2020,마취통증의학과,L27,37,56,56,1012070,795170
2020,마취통증의학과,L28,301,562,562,10280340,7953390
2020,마취통증의학과,L29,1240,2386,2386,38547320,29614110
2020,마취통증의학과,L30,1527,2364,2364,40636820,30693370
2020,마취통증의학과,L40,176,382,382,7006490,5221050
2020,마취통증의학과,L41,3,5,5,84580,72180
2020,마취통증의학과,L42,4,4,4,59960,45360
2020,마취통증의학과,L43,1,1,1,16140,14540
2020,마취통증의학과,L50,3296,5967,5967,104136910,79538140
2020,마취통증의학과,L51,3,5,5,34620,28220
2020,마취통증의학과,L52,1,1,1,11540,8140
2020,마취통증의학과,L53,4,4,4,59960,44060
2020,마취통증의학과,L55,7,7,7,103820,73020
2020,마취통증의학과,L56,2,2,2,28010,19710
2020,마취통증의학과,L57,7,8,8,145760,105560
2020,마취통증의학과,L60,892,2206,2215,64460630,46654170
2020,마취통증의학과,L62,2,2,2,44300,31100
2020,마취통증의학과,L63,162,488,488,15920030,11222930
2020,마취통증의학과,L64,44,95,95,1970520,1393220
2020,마취통증의학과,L65,55,116,116,1715790,1230390
2020,마취통증의학과,L66,39,76,76,1041850,764550
2020,마취통증의학과,L70,185,351,351,4595400,3233900
2020,마취통증의학과,L71,6,8,8,116700,85300
2020,마취통증의학과,L72,120,311,311,11730690,8416210
2020,마취통증의학과,L73,30,59,59,1214470,877270
2020,마취통증의학과,L74,7,9,9,132390,93090
2020,마취통증의학과,L75,3,3,3,127400,89300
2020,마취통증의학과,L80,11,12,12,187700,142200
2020,마취통증의학과,L81,25,42,42,804750,581550
2020,마취통증의학과,L82,6,6,6,91640,72140
2020,마취통증의학과,L83,2,2,2,35960,27460
2020,마취통증의학과,L84,413,1062,1063,35717530,25957640
2020,마취통증의학과,L85,326,495,495,8194380,6099580
2020,마취통증의학과,L86,1,2,2,31600,26100
2020,마취통증의학과,L87,1,1,1,11540,10040
2020,마취통증의학과,L89,90,491,508,22329070,18149750
2020,마취통증의학과,L90,7,35,35,637710,447510
2020,마취통증의학과,L91,14,19,19,523640,376740
2020,마취통증의학과,L92,6,8,8,290820,203920
2020,마취통증의학과,L93,1,1,1,58250,40850
2020,마취통증의학과,L94,1,1,1,130350,91250
2020,마취통증의학과,L95,9,11,11,291750,206750
2020,마취통증의학과,L97,1,10,10,248520,174720
2020,마취통증의학과,L98,14,64,96,4685520,3241930
2020,마취통증의학과,M00,118,279,355,18283520,13307070
2020,마취통증의학과,M01,6,9,9,219240,167140
2020,마취통증의학과,M02,967,4862,4862,192585040,138076940
2020,마취통증의학과,M05,456,2527,2527,134155850,117445420
2020,마취통증의학과,M06,1421,3871,3871,153467850,112400370
2020,마취통증의학과,M07,338,818,818,33849630,25435430
2020,마취통증의학과,M08,11,44,50,1669000,1340860
2020,마취통증의학과,M10,10044,26706,26734,634113290,455454710
2020,마취통증의학과,M11,195,527,527,12650260,9410560
2020,마취통증의학과,M12,1486,3946,4001,170388410,122652480
2020,마취통증의학과,M13,47079,149392,149490,6414752780,4567839350
2020,마취통증의학과,M14,1184,3361,3361,316567560,224558860
2020,마취통증의학과,M15,1095,3205,3209,79598960,57779240
2020,마취통증의학과,M16,5069,16501,16526,692161480,498282390
2020,마취통증의학과,M17,282069,1259512,1261470,62109902080,42858427240
2020,마취통증의학과,M18,455,1726,1726,46409360,33785660
2020,마취통증의학과,M19,75265,230407,230895,10674690200,7603153860
2020,마취통증의학과,M20,862,2464,2490,75482580,53950810
2020,마취통증의학과,M21,354,1138,1190,37283530,26935920
2020,마취통증의학과,M22,5321,15428,15433,579350330,406964810
2020,마취통증의학과,M23,6670,22168,22308,817623370,551328770
2020,마취통증의학과,M24,13938,42031,42093,1538177940,1093069840
2020,마취통증의학과,M25,110578,337535,337601,13667194070,9733311080
2020,마취통증의학과,M30,2,2,2,38040,29940
2020,마취통증의학과,M31,1,1,1,44270,31070
2020,마취통증의학과,M32,31,137,137,9269200,7890800
2020,마취통증의학과,M33,12,69,69,1167830,964430
2020,마취통증의학과,M35,57,674,674,16155810,14246460
2020,마취통증의학과,M36,1,16,16,365790,256790
2020,마취통증의학과,M40,5305,12922,12938,766152940,541192320
2020,마취통증의학과,M41,2938,11589,11591,499336430,356005700
2020,마취통증의학과,M42,27,63,63,2886450,2026950
2020,마취통증의학과,M43,16044,68069,68506,4552566590,3251864380
2020,마취통증의학과,M45,593,2959,2962,137501580,116702170
2020,마취통증의학과,M46,9311,28272,28301,1968034270,1387869610
2020,마취통증의학과,M47,213676,822882,824118,64073977790,45615506310
2020,마취통증의학과,M48,212992,1069078,1071434,72739652940,52658537120
2020,마취통증의학과,M49,7835,32796,32818,3070137990,2202485060
2020,마취통증의학과,M50,75964,295438,297480,19920095720,14169931170
2020,마취통증의학과,M51,153386,647541,653419,46445102740,33065191880
2020,마취통증의학과,M53,105625,343903,344007,22194781960,15739163870
2020,마취통증의학과,M54,797836,3172532,3174227,2.0134E+11,1.43638E+11
2020,마취통증의학과,M60,2995,8566,8566,439491230,312421330
2020,마취통증의학과,M61,522,1417,1416,64724150,45566750
2020,마취통증의학과,M62,38642,110220,110220,4725488240,3358547590
2020,마취통증의학과,M65,77870,220643,220881,8536549430,6055679420
2020,마취통증의학과,M66,1036,3386,3386,152775110,108807490
2020,마취통증의학과,M67,5353,10944,11004,401003830,285485290
2020,마취통증의학과,M68,1,1,1,15560,14060
2020,마취통증의학과,M70,10945,30798,30844,1207784330,855716000
2020,마취통증의학과,M71,5254,13036,13037,479862100,339468470
2020,마취통증의학과,M72,23654,74864,74942,2246970860,1602295460
2020,마취통증의학과,M73,3,5,5,332020,232720
2020,마취통증의학과,M75,353954,1345782,1346466,70082449810,49720682610
2020,마취통증의학과,M76,21193,60065,60070,2781423030,1966401350
2020,마취통증의학과,M77,146380,492618,492730,19595971880,13826739600
2020,마취통증의학과,M79,109753,297976,298374,11420453520,8172199300
2020,마취통증의학과,M80,428,1764,1776,100028200,73278300
2020,마취통증의학과,M81,15481,48991,48991,2643521820,1911963920
2020,마취통증의학과,M82,45,124,124,3870930,2992330
2020,마취통증의학과,M83,225,363,363,20029940,14208140
2020,마취통증의학과,M84,88,357,388,14890790,11137110
2020,마취통증의학과,M85,270,460,460,12523490,9278090
2020,마취통증의학과,M86,12,216,227,7255150,5137490
2020,마취통증의학과,M87,153,530,626,26270360,19358630
2020,마취통증의학과,M88,1,1,1,71340,64240
2020,마취통증의학과,M89,381,2711,2725,137039090,112585600
2020,마취통증의학과,M90,4,20,20,915300,641600
2020,마취통증의학과,M91,36,88,88,3509020,2494820
2020,마취통증의학과,M92,463,969,969,24758710,17557310
2020,마취통증의학과,M93,26,43,52,1883130,1382200
2020,마취통증의학과,M94,928,1893,1894,81935560,57506750
2020,마취통증의학과,M95,100,227,227,15943140,11374140
2020,마취통증의학과,M96,21454,115795,116217,7495267890,5430095850
2020,마취통증의학과,M99,4563,17112,17408,941631150,674702740
2020,마취통증의학과,N00,13,23,23,1193520,868620
2020,마취통증의학과,N02,2,2,2,194290,136090
2020,마취통증의학과,N03,2,20,20,235840,166240
2020,마취통증의학과,N04,2,8,8,80780,56980
2020,마취통증의학과,N05,2,2,2,23080,16280
2020,마취통증의학과,N08,1,2,2,92230,64730
2020,마취통증의학과,N10,120,212,233,6768240,5112930
2020,마취통증의학과,N12,8,11,23,1172090,896220
2020,마취통증의학과,N13,1,1,1,14900,14900
2020,마취통증의학과,N17,12,19,19,796670,562270
2020,마취통증의학과,N18,147,700,700,48006380,41452100
2020,마취통증의학과,N19,12,16,16,650250,480750
2020,마취통증의학과,N20,29,31,31,561790,405790
2020,마취통증의학과,N21,38,42,42,832330,598530
2020,마취통증의학과,N22,1,3,3,240,240
2020,마취통증의학과,N23,1,1,1,20140,16140
2020,마취통증의학과,N28,10,13,13,340850,248550
2020,마취통증의학과,N30,1515,2578,2578,45434270,34927620
2020,마취통증의학과,N31,223,447,447,6875700,5610500
2020,마취통증의학과,N32,58,144,144,2106450,1804750
2020,마취통증의학과,N34,194,375,375,8991500,7066600
2020,마취통증의학과,N36,1,1,1,18150,12750
2020,마취통증의학과,N37,2,2,2,31680,24180
2020,마취통증의학과,N39,234,515,515,14540510,11733810
2020,마취통증의학과,N40,1437,4190,4190,63203010,51016010
2020,마취통증의학과,N41,42,89,89,2011940,1498440
2020,마취통증의학과,N42,24,45,45,906470,677770
2020,마취통증의학과,N43,6,19,19,582020,410120
2020,마취통증의학과,N45,3,21,21,260430,191130
2020,마취통증의학과,N46,1,1,1,16140,11340
2020,마취통증의학과,N47,1,2,2,44620,34920
2020,마취통증의학과,N48,41,68,68,1281250,955550
2020,마취통증의학과,N49,1,1,1,16140,11340
2020,마취통증의학과,N50,13,24,24,487980,365680
2020,마취통증의학과,N51,2,2,2,5940,4240
2020,마취통증의학과,N60,2,2,2,39730,30230
2020,마취통증의학과,N61,8,23,23,530780,381580
2020,마취통증의학과,N62,8,10,10,401690,288690
2020,마취통증의학과,N63,5,5,5,278310,252410
2020,마취통증의학과,N64,10,12,12,243040,175140
2020,마취통증의학과,N70,1,1,1,20140,14140
2020,마취통증의학과,N71,13,27,27,451090,316990
2020,마취통증의학과,N72,4,6,6,203300,142600
2020,마취통증의학과,N73,21,44,44,739110,545010
2020,마취통증의학과,N75,3,4,4,254530,178330
2020,마취통증의학과,N76,75,119,119,2256880,1683060
2020,마취통증의학과,N77,2,2,2,32280,22680
2020,마취통증의학과,N80,6,8,32,1210440,860230
2020,마취통증의학과,N83,2,3,3,63000,44300
2020,마취통증의학과,N84,1,1,1,35500,24900
2020,마취통증의학과,N85,1,1,1,205960,123740
2020,마취통증의학과,N87,4,9,9,121660,85660
2020,마취통증의학과,N88,2,2,2,31680,22280
2020,마취통증의학과,N91,5,7,7,340610,240210
2020,마취통증의학과,N92,7,11,11,213910,150210
2020,마취통증의학과,N93,2,2,2,47430,33330
2020,마취통증의학과,N94,113,205,205,3508330,2474830
2020,마취통증의학과,N95,604,1845,1845,32510760,23518360
2020,마취통증의학과,N96,1,1,1,16140,11340
2020,마취통증의학과,N97,1,10,10,125040,88040
2020,마취통증의학과,O00,2,2,2,27680,19480
2020,마취통증의학과,O21,1,1,1,25120,17620
2020,마취통증의학과,O22,1,1,1,64580,45280
2020,마취통증의학과,O24,1,3,3,210590,147490
2020,마취통증의학과,O26,1,1,1,25080,17580
2020,마취통증의학과,O74,2,2,2,150400,105400
2020,마취통증의학과,O86,1,1,1,22610,15910
2020,마취통증의학과,O87,1,1,1,11540,8140
2020,마취통증의학과,O90,1,1,1,16140,11340
2020,마취통증의학과,O92,1,1,1,16140,11340
2020,마취통증의학과,P05,5,25,25,1015470,712370
2020,마취통증의학과,P14,1,13,13,255090,179690
2020,마취통증의학과,P21,1,1,1,168160,134530
2020,마취통증의학과,P28,4,4,4,261310,183210
2020,마취통증의학과,P80,1,1,1,16140,14540
2020,마취통증의학과,Q05,3,6,6,643820,451020
2020,마취통증의학과,Q06,1,2,2,119500,94510
2020,마취통증의학과,Q07,1,4,4,79160,71360
2020,마취통증의학과,Q23,1,1,1,39970,36070
2020,마취통증의학과,Q25,1,1,1,16140,11340
2020,마취통증의학과,Q27,2,2,2,38750,27250
2020,마취통증의학과,Q28,3,7,7,289880,203280
2020,마취통증의학과,Q36,1,1,1,18180,16380
2020,마취통증의학과,Q38,1,1,1,18220,12820
2020,마취통증의학과,Q44,1,2,2,23080,16280
2020,마취통증의학과,Q61,1,6,6,367680,257580
2020,마취통증의학과,Q64,1,1,1,16140,14540
2020,마취통증의학과,Q65,11,17,17,466980,357180
2020,마취통증의학과,Q66,29,46,48,1424670,1032980
2020,마취통증의학과,Q67,38,79,79,1543450,1106850
2020,마취통증의학과,Q68,1,3,3,57310,45410
2020,마취통증의학과,Q72,2,3,3,90040,63140
2020,마취통증의학과,Q74,12,15,15,334400,254900
2020,마취통증의학과,Q75,2,2,2,40190,28190
2020,마취통증의학과,Q76,7,11,11,531830,372730
2020,마취통증의학과,Q77,3,10,10,571330,505430
2020,마취통증의학과,Q78,2,2,2,71490,50190
2020,마취통증의학과,Q81,3,3,3,44150,31050
2020,마취통증의학과,Q82,4,4,4,147300,106500
2020,마취통증의학과,Q84,1,2,2,32280,29080
2020,마취통증의학과,Q85,12,14,14,417580,368980
2020,마취통증의학과,Q87,1,2,2,36280,28680
2020,마취통증의학과,Q89,2,2,2,56990,39990
2020,마취통증의학과,R00,65,127,127,2594020,1887520
2020,마취통증의학과,R03,73,95,95,1626520,1169620
2020,마취통증의학과,R04,15,16,16,275830,217630
2020,마취통증의학과,R05,284,513,513,8616510,6886610
2020,마취통증의학과,R06,46,50,50,1302740,976140
2020,마취통증의학과,R07,1130,1824,1835,78215340,56076310
2020,마취통증의학과,R09,28,49,49,763150,607250
2020,마취통증의학과,R10,2102,3246,3295,141623870,102848930
2020,마취통증의학과,R11,432,637,637,16392490,11982990
2020,마취통증의학과,R12,222,374,374,11064940,7950360
2020,마취통증의학과,R13,47,182,182,12055700,9728300
2020,마취통증의학과,R14,14,16,16,300570,221170
2020,마취통증의학과,R15,1,1,1,16140,14540
2020,마취통증의학과,R17,5,6,6,366710,260310
2020,마취통증의학과,R18,1,5,5,0,0
2020,마취통증의학과,R19,8,10,10,260570,189270
2020,마취통증의학과,R20,105,137,137,2752840,1975340
2020,마취통증의학과,R21,28,33,33,781420,566020
2020,마취통증의학과,R22,160,186,185,4737960,3427460
2020,마취통증의학과,R23,65,96,96,2836750,2029630
2020,마취통증의학과,R25,326,554,553,17884690,13067710
2020,마취통증의학과,R26,21,28,28,1033130,908830
2020,마취통증의학과,R27,6,6,6,184480,134480
2020,마취통증의학과,R29,55,204,204,4512450,3209550
2020,마취통증의학과,R30,28,33,33,1587280,1198680
2020,마취통증의학과,R31,18,24,24,481010,359810
2020,마취통증의학과,R32,120,267,267,6718000,5434400
2020,마취통증의학과,R33,4,4,4,79400,67600
2020,마취통증의학과,R34,1,1,1,20140,14140
2020,마취통증의학과,R35,65,115,115,1850030,1475330
2020,마취통증의학과,R36,38,235,235,20901270,16771170
2020,마취통증의학과,R39,52,117,117,7502860,6057060
2020,마취통증의학과,R41,186,488,488,8748930,7074150
2020,마취통증의학과,R42,1314,2177,2182,62236100,44170680
2020,마취통증의학과,R43,7,29,29,956390,673290
2020,마취통증의학과,R44,1,1,1,16140,14540
2020,마취통증의학과,R45,17,30,30,859850,629950
2020,마취통증의학과,R47,1,1,1,16140,11340
2020,마취통증의학과,R49,1,1,1,11540,8140
2020,마취통증의학과,R50,253,369,369,7347660,5492560
2020,마취통증의학과,R51,2651,4735,4736,215219120,145733770
2020,마취통증의학과,R52,747,1328,1342,48667860,36872960
2020,마취통증의학과,R53,353,526,526,9783220,7176350
2020,마취통증의학과,R54,1,1,1,5830,4830
2020,마취통증의학과,R55,28,38,38,2870590,1831290
2020,마취통증의학과,R56,44,79,79,2987750,2129450
2020,마취통증의학과,R57,18,22,22,729040,541840
2020,마취통증의학과,R58,1,1,1,0,0
2020,마취통증의학과,R59,39,40,40,800690,571990
2020,마취통증의학과,R60,795,1588,1588,33785220,24887520
2020,마취통증의학과,R61,841,1310,1314,68159100,48044880
2020,마취통증의학과,R62,23,36,36,873380,615780
2020,마취통증의학과,R63,281,455,455,8612440,6969740
2020,마취통증의학과,R68,23,37,37,1423210,1022110
2020,마취통증의학과,R69,7,7,7,122790,91590
2020,마취통증의학과,R72,1,1,1,11540,8140
2020,마취통증의학과,R73,240,323,323,7498530,5741460
2020,마취통증의학과,R76,14,23,23,1016190,431710
2020,마취통증의학과,R77,1,4,10,803610,591010
2020,마취통증의학과,R78,1,3,3,85690,60090
2020,마취통증의학과,R79,5,5,5,290680,225480
2020,마취통증의학과,R80,6,8,8,99250,69850
2020,마취통증의학과,R81,55,148,148,5502160,4173460
2020,마취통증의학과,R82,2,2,2,27680,19480
2020,마취통증의학과,R84,2,3,3,55270,41170
2020,마취통증의학과,R86,1,1,1,16140,14540
2020,마취통증의학과,R89,1,1,1,18380,12880
2020,마취통증의학과,R91,1,1,1,65270,45770
2020,마취통증의학과,R93,3,4,4,63320,48920
2020,마취통증의학과,R94,64,102,102,4067210,2970810
2020,마취통증의학과,R96,1,1,1,20140,16140
2020,마취통증의학과,S00,1590,2247,2247,57996220,42608070
2020,마취통증의학과,S01,1273,2897,2907,78954900,58410560
2020,마취통증의학과,S02,167,293,323,15239190,11019160
2020,마취통증의학과,S03,590,1087,1087,35079960,25250360
2020,마취통증의학과,S04,105,287,287,19431200,13675900
2020,마취통증의학과,S05,52,81,81,2145550,1558410
2020,마취통증의학과,S06,200,293,350,20166830,13503580
2020,마취통증의학과,S07,5,20,20,465910,380810
2020,마취통증의학과,S08,1,1,1,18010,12610
2020,마취통증의학과,S09,85,138,138,5558770,3956070
2020,마취통증의학과,S10,60,90,90,3345950,2362250
2020,마취통증의학과,S11,39,55,55,1339910,1007310
2020,마취통증의학과,S12,15,48,48,3780350,2677250
2020,마취통증의학과,S13,75695,233612,234191,13428039010,9477494660
2020,마취통증의학과,S14,106,447,448,36402980,25635170
2020,마취통증의학과,S15,1,1,1,16140,11340
2020,마취통증의학과,S16,180,491,491,27144140,19056340
2020,마취통증의학과,S17,1,1,1,20980,14780
2020,마취통증의학과,S19,18,19,19,748230,534630
2020,마취통증의학과,S20,2819,4589,4603,172163640,123665410
2020,마취통증의학과,S21,61,131,131,2940710,2239610
2020,마취통증의학과,S22,5364,14955,15931,789433680,571786620
2020,마취통증의학과,S23,31244,62190,62237,3190295250,2269433610
2020,마취통증의학과,S24,30,152,152,15909630,11142630
2020,마취통증의학과,S27,4,4,4,127640,89540
2020,마취통증의학과,S28,5,14,14,497090,348790
2020,마취통증의학과,S29,101,189,189,9879440,6924140
2020,마취통증의학과,S30,985,1904,1914,65173080,46987760
2020,마취통증의학과,S31,161,322,322,6935060,5241110
2020,마취통증의학과,S32,2360,8896,10311,704304710,511825330
2020,마취통증의학과,S33,182571,540121,541734,35706933150,25260115720
2020,마취통증의학과,S34,809,2686,2686,311554590,218924390
2020,마취통증의학과,S35,6,17,17,1030310,722010
2020,마취통증의학과,S36,33,49,49,685800,553000
2020,마취통증의학과,S37,1,1,1,183450,128450
2020,마취통증의학과,S39,37,106,106,10233590,7100160
2020,마취통증의학과,S40,1246,3575,3575,140397930,99724950
2020,마취통증의학과,S41,156,360,360,8188310,6112580
2020,마취통증의학과,S42,711,2786,3021,119983300,88089050
2020,마취통증의학과,S43,50193,163937,164269,7926474370,5614881430
2020,마취통증의학과,S44,318,895,896,47353120,33278090
2020,마취통증의학과,S45,3,3,3,94810,68710
2020,마취통증의학과,S46,16386,62714,63365,3237307610,2305938580
2020,마취통증의학과,S48,1,12,12,196020,137620
2020,마취통증의학과,S49,140,305,305,13575030,9577130
2020,마취통증의학과,S50,1830,3762,3768,133876960,95477930
2020,마취통증의학과,S51,479,1289,1289,34292390,25358600
2020,마취통증의학과,S52,1545,6365,6990,308803280,225711990
2020,마취통증의학과,S53,20866,62813,62864,2392362000,1690774700
2020,마취통증의학과,S54,210,491,490,17538220,12507320
2020,마취통증의학과,S55,7,16,16,397910,279410
2020,마취통증의학과,S56,1719,5806,5835,217053360,153099390
2020,마취통증의학과,S57,25,81,81,1568470,1138270
2020,마취통증의학과,S58,4,8,8,145870,107570
2020,마취통증의학과,S59,95,259,259,9058960,6427360
2020,마취통증의학과,S60,3687,6227,6227,197636610,140904330
2020,마취통증의학과,S61,4283,10956,10989,289161200,208446230
2020,마취통증의학과,S62,2982,10631,10989,425611890,304241540
2020,마취통증의학과,S63,61610,140656,140769,4968318640,3514501060
2020,마취통증의학과,S64,554,1076,1076,46676260,32774560
2020,마취통증의학과,S65,81,142,142,3369890,2393750
2020,마취통증의학과,S66,2243,6401,6408,235085720,166562650
2020,마취통증의학과,S67,220,928,1048,49958310,35727520
2020,마취통증의학과,S68,17,112,130,5200990,3906870
2020,마취통증의학과,S69,500,951,951,39821940,28014750
2020,마취통증의학과,S70,1603,3192,3206,103269440,74433390
2020,마취통증의학과,S71,148,339,345,9476810,6954450
2020,마취통증의학과,S72,201,659,923,47468070,35617410
2020,마취통증의학과,S73,6076,15819,15862,635799270,451952190
2020,마취통증의학과,S74,401,1095,1095,61073290,43161890
2020,마취통증의학과,S75,11,30,30,700770,496570
2020,마취통증의학과,S76,4001,10268,10331,403213190,285317310
2020,마취통증의학과,S77,7,9,9,171820,126720
2020,마취통증의학과,S78,5,9,9,126860,99460
2020,마취통증의학과,S79,185,712,713,51322460,36501100
2020,마취통증의학과,S80,6234,13508,13511,433720290,309860880
2020,마취통증의학과,S81,1170,3264,3281,84389310,61901380
2020,마취통증의학과,S82,1686,6984,8231,395973040,291276290
2020,마취통증의학과,S83,41496,121650,122601,4653933720,3268886210
2020,마취통증의학과,S84,562,1444,1457,53183440,37490380
2020,마취통증의학과,S85,9,10,10,327710,237610
2020,마취통증의학과,S86,3586,9751,9952,316711770,224855740
2020,마취통증의학과,S87,32,64,64,1517060,1123260
2020,마취통증의학과,S88,12,25,25,350660,276660
2020,마취통증의학과,S89,148,276,276,7068280,5032280
2020,마취통증의학과,S90,4188,6852,6852,219678900,156161470
2020,마취통증의학과,S91,1337,3470,3523,91888230,67205780
2020,마취통증의학과,S92,3999,12253,13275,596126520,426054840
2020,마취통증의학과,S93,68569,166685,167086,5514253340,3910327540
2020,마취통증의학과,S94,321,666,666,27792980,19483180
2020,마취통증의학과,S95,7,14,14,479900,336400
2020,마취통증의학과,S96,1996,5226,5259,163061060,115822970
2020,마취통증의학과,S97,53,120,120,3275010,2316410
2020,마취통증의학과,S98,5,18,36,2097190,1512390
2020,마취통증의학과,S99,188,446,446,14548500,10484300
2020,마취통증의학과,T00,68,136,136,4077980,2908960
2020,마취통증의학과,T01,113,378,378,8656870,7039460
2020,마취통증의학과,T03,14,17,17,590530,416530
2020,마취통증의학과,T04,1,3,3,128750,90250
2020,마취통증의학과,T08,82,437,437,31854870,22740170
2020,마취통증의학과,T09,44,76,76,2049700,1471940
2020,마취통증의학과,T10,5,6,6,207270,145470
2020,마취통증의학과,T11,21,71,71,2462200,1728300
2020,마취통증의학과,T12,4,18,18,862730,604930
2020,마취통증의학과,T13,118,213,213,6171700,4415400
2020,마취통증의학과,T14,1493,3246,3246,74562800,56290560
2020,마취통증의학과,T15,8,15,15,425340,301740
2020,마취통증의학과,T16,14,19,19,487790,351290
2020,마취통증의학과,T17,18,18,18,495210,362210
2020,마취통증의학과,T18,19,26,26,642470,490770
2020,마취통증의학과,T19,2,2,2,49680,34880
2020,마취통증의학과,T20,48,142,142,6877730,5038530
2020,마취통증의학과,T21,63,340,340,11031760,8023760
2020,마취통증의학과,T22,165,514,514,20308020,14389090
2020,마취통증의학과,T23,449,1544,1571,77077930,58483690
2020,마취통증의학과,T24,141,626,633,27019530,19287820
2020,마취통증의학과,T25,125,508,534,23768270,18500740
2020,마취통증의학과,T26,2,5,5,204450,143450
2020,마취통증의학과,T29,7,19,19,692300,488700
2020,마취통증의학과,T30,137,358,358,12777450,9149870
2020,마취통증의학과,T31,44,172,172,6430030,4575230
2020,마취통증의학과,T33,13,14,14,285400,200700
2020,마취통증의학과,T35,6,6,6,106310,77910
2020,마취통증의학과,T40,1,1,1,16140,11340
2020,마취통증의학과,T43,1,2,2,27680,19480
2020,마취통증의학과,T47,3,9,9,118100,101200
2020,마취통증의학과,T56,3,11,11,215530,151430
2020,마취통증의학과,T60,6,8,8,114640,87640
2020,마취통증의학과,T62,6,11,11,148960,123960
2020,마취통증의학과,T63,94,104,104,1844010,1421710
2020,마취통증의학과,T66,1,1,1,23810,16710
2020,마취통증의학과,T67,14,15,15,242100,181500
2020,마취통증의학과,T68,1,1,1,21080,16680
2020,마취통증의학과,T69,1,3,3,39220,27620
2020,마취통증의학과,T73,37,45,45,1051000,729080
2020,마취통증의학과,T75,3,25,25,257430,182330
2020,마취통증의학과,T78,439,666,666,28334830,20225780
2020,마취통증의학과,T79,139,319,319,7194650,5334960
2020,마취통증의학과,T80,8,14,14,352380,247780
2020,마취통증의학과,T81,24,35,35,730820,520620
2020,마취통증의학과,T85,1,9,9,173210,121410
2020,마취통증의학과,T87,2,19,19,907100,636200
2020,마취통증의학과,T88,22,33,33,635200,471700
2020,마취통증의학과,T91,307,1405,1434,96258360,68785440
2020,마취통증의학과,T92,43,336,336,7053250,5729950
2020,마취통증의학과,T93,54,283,283,5550840,4351540
2020,마취통증의학과,T95,3,5,5,98210,69110
2020,마취통증의학과,T98,8,57,57,6826090,4782590
2020,마취통증의학과,U07,15,15,15,76940,53940
2020,마취통증의학과,Z00,321,349,349,11147280,7945730
2020,마취통증의학과,Z01,43,48,48,1857820,1318620
2020,마취통증의학과,Z02,50,52,52,897040,636840
2020,마취통증의학과,Z03,262,271,271,4805090,3692390
2020,마취통증의학과,Z04,43,56,56,2228960,1679660
2020,마취통증의학과,Z09,1,1,1,22610,18110
2020,마취통증의학과,Z10,18,22,22,95600,67200
2020,마취통증의학과,Z11,19,21,21,1173950,822650
2020,마취통증의학과,Z13,13,13,13,285360,222060
2020,마취통증의학과,Z20,3,4,4,84240,59240
2020,마취통증의학과,Z22,1,1,1,16140,11340
2020,마취통증의학과,Z23,9,10,10,314160,220260
2020,마취통증의학과,Z24,14,14,14,83040,63540
2020,마취통증의학과,Z25,202,218,218,4230650,3026250
2020,마취통증의학과,Z26,241,275,275,4009610,3092210
2020,마취통증의학과,Z27,18,18,18,238180,167180
2020,마취통증의학과,Z29,56,73,73,1184300,853500
2020,마취통증의학과,Z30,7,7,7,121090,85090
2020,마취통증의학과,Z32,1,1,1,24270,17070
2020,마취통증의학과,Z47,17,57,179,16793890,12996690
2020,마취통증의학과,Z48,746,1824,1824,39069360,28631420
2020,마취통증의학과,Z51,11,11,11,178540,125340
2020,마취통증의학과,Z52,1,2,2,23080,16280
2020,마취통증의학과,Z54,104,620,785,23688530,17672530
2020,마취통증의학과,Z70,5,7,7,210790,149890
2020,마취통증의학과,Z71,499,537,537,9925710,7289910
2020,마취통증의학과,Z72,2,2,2,25600,18000
2020,마취통증의학과,Z73,2,2,2,34280,24080
2020,마취통증의학과,Z82,3,4,4,107920,78920
2020,마취통증의학과,Z86,1,2,2,31430,22130
2020,마취통증의학과,Z88,4,5,7,262680,202950
2020,마취통증의학과,Z92,1,1,1,16140,14540
2020,마취통증의학과,Z93,1,2,2,25600,18000
2020,마취통증의학과,Z94,3,3,3,43830,34030
2020,마취통증의학과,Z95,3,13,13,140520,103120
2020,마취통증의학과,Z96,24,152,156,3475870,2881560
2020,마취통증의학과,Z98,796,1973,2172,66631290,49483080
2020,마취통증의학과,Z99,2,2,2,142880,119680
2020,산부인과,A02,1,1,1,21560,17260
2020,산부인과,A03,1,1,1,11540,8140
2020,산부인과,A04,193,259,263,7468900,5425120
2020,산부인과,A05,17,29,29,358950,284550
2020,산부인과,A06,40,57,57,1517320,1072720
2020,산부인과,A07,2,2,2,36280,25480
2020,산부인과,A08,1527,1984,2009,35769680,29067220
2020,산부인과,A09,12961,18253,18335,336745020,270346230
2020,산부인과,A16,2,2,2,103280,72380
2020,산부인과,A18,2,2,2,94640,91240
2020,산부인과,A25,1,1,1,25050,17550
2020,산부인과,A31,4529,6786,6786,405794180,288542270
2020,산부인과,A35,1,1,1,16140,11340
2020,산부인과,A38,3,7,7,100440,79740
2020,산부인과,A41,19,21,30,1469140,1333720
2020,산부인과,A42,192,321,321,9832840,6827770
2020,산부인과,A44,1,1,1,16140,11340
2020,산부인과,A46,2,4,4,49810,38510
2020,산부인과,A48,9467,14165,13445,753741910,529420290
2020,산부인과,A49,42576,72366,72370,3864946940,2720111380
2020,산부인과,A50,3,12,12,160130,133130
2020,산부인과,A51,510,1032,1031,73883340,52115200
2020,산부인과,A52,7,10,10,427490,304290
2020,산부인과,A53,298,450,450,20584380,14868080
2020,산부인과,A54,2128,3639,3639,121629070,85431460
2020,산부인과,A55,21,27,27,809530,577630
2020,산부인과,A56,17910,30110,30111,1091668370,764763830
2020,산부인과,A57,205,251,251,8415980,5918560
2020,산부인과,A58,3,6,6,396560,277860
2020,산부인과,A59,53471,88618,88611,3565089250,2512554860
2020,산부인과,A60,51002,89772,89787,3213856310,2285032110
2020,산부인과,A63,125107,225841,225841,17758955080,12451336210
2020,산부인과,A64,11345,19958,19958,1369608720,961730560
2020,산부인과,A65,3,3,3,47020,33020
2020,산부인과,A66,1,1,1,11540,8140
2020,산부인과,A68,27,33,33,638140,530040
2020,산부인과,A69,17,18,18,436430,327930
2020,산부인과,A71,26,26,26,1472570,1035470
2020,산부인과,A74,2263,3514,3514,135341500,95456620
2020,산부인과,A75,1,1,1,16140,14540
2020,산부인과,A86,1,1,1,122140,85540
2020,산부인과,A88,2,3,3,35220,25920
2020,산부인과,A93,1,1,1,108220,75820
2020,산부인과,A95,2,2,2,23080,16280
2020,산부인과,A99,1,1,1,11540,8140
2020,산부인과,B00,13034,20384,20394,662671490,473292890
2020,산부인과,B01,178,277,277,4260190,3262790
2020,산부인과,B02,3368,6389,6415,171771100,124083310
2020,산부인과,B05,1,1,1,12130,9630
2020,산부인과,B06,18,24,24,1565340,1214140
2020,산부인과,B07,983,1825,1825,91704750,65025320
2020,산부인과,B08,1320,1758,1759,35271120,28024800
2020,산부인과,B09,114,205,205,2846930,2372230
2020,산부인과,B15,3,4,4,92250,64750
2020,산부인과,B16,4,4,4,241080,168880
2020,산부인과,B17,66,92,92,3520360,2624060
2020,산부인과,B18,730,1436,1438,113092710,82693450
2020,산부인과,B19,13,16,16,1189160,970360
2020,산부인과,B24,3,4,4,73140,58740
2020,산부인과,B25,2,2,2,117200,84100
2020,산부인과,B26,37,58,58,976100,737400
2020,산부인과,B30,447,495,495,7943780,6871980
2020,산부인과,B33,75,199,199,3218860,2311960
2020,산부인과,B34,160,213,213,3890320,3206820
2020,산부인과,B35,15149,28601,28600,684521260,493618660
2020,산부인과,B36,621,801,801,14840990,11322190
2020,산부인과,B37,504245,963528,963465,39534778150,27877399870
2020,산부인과,B38,6,7,7,326760,231060
2020,산부인과,B39,9,13,13,163230,115030
2020,산부인과,B43,18,42,42,1638490,1174790
2020,산부인과,B46,5,8,8,113670,79870
2020,산부인과,B47,12,15,15,444650,316650
2020,산부인과,B48,10,12,12,304640,221640
2020,산부인과,B49,406,597,597,29851530,21161030
2020,산부인과,B53,1,1,1,0,0
2020,산부인과,B54,3,3,3,51820,36420
2020,산부인과,B58,3,5,5,161650,116650
2020,산부인과,B66,8,11,11,147440,106340
2020,산부인과,B67,1,1,1,14060,9860
2020,산부인과,B69,1,1,1,29730,20830
2020,산부인과,B71,4,6,6,298470,209170
2020,산부인과,B72,3,3,3,130910,91810
2020,산부인과,B73,1,1,1,16130,11330
2020,산부인과,B76,30,31,31,1199720,787300
2020,산부인과,B77,1,1,1,11540,8140
2020,산부인과,B79,1,1,1,16140,11340
2020,산부인과,B80,19,19,19,296410,227810
2020,산부인과,B81,1,1,1,20140,14140
2020,산부인과,B82,1,1,1,12130,9630
2020,산부인과,B83,6,6,6,219480,159580
2020,산부인과,B85,651,759,759,24572810,17410960
2020,산부인과,B86,70,80,80,1511710,1099310
2020,산부인과,B87,5,5,5,286890,201090
2020,산부인과,B88,593,820,820,47385960,33591660
2020,산부인과,B89,4,4,4,56880,42680
2020,산부인과,B90,5,6,6,200160,148060
2020,산부인과,B95,33,38,38,465060,335460
2020,산부인과,B96,107,176,176,4756630,3349330
2020,산부인과,B97,5848,8197,8195,600958460,421167910
2020,산부인과,B98,413,477,477,13342480,9169610
2020,산부인과,B99,1,1,1,15490,10890
2020,산부인과,C00,2,5,5,762500,718900
2020,산부인과,C02,4,5,5,438060,416260
2020,산부인과,C06,2,2,2,125330,115630
2020,산부인과,C07,1,1,1,108140,102740
2020,산부인과,C08,1,3,3,292470,277970
2020,산부인과,C09,1,2,2,278370,264470
2020,산부인과,C11,1,1,1,11540,11040
2020,산부인과,C15,5,27,27,760880,685080
2020,산부인과,C16,65,158,162,10817270,9856470
2020,산부인과,C17,5,6,6,481370,456770
2020,산부인과,C18,33,81,79,5461100,5011580
2020,산부인과,C19,4,82,82,1695040,1113630
2020,산부인과,C20,16,83,83,3206850,3010850
2020,산부인과,C21,3,6,6,1159320,1101720
2020,산부인과,C22,28,72,72,6346680,5090740
2020,산부인과,C23,5,9,9,681230,632600
2020,산부인과,C24,8,14,14,738400,701400
2020,산부인과,C25,27,173,204,7843030,6372200
2020,산부인과,C32,1,3,3,224640,157440
2020,산부인과,C34,36,244,242,7870730,7106560
2020,산부인과,C37,4,16,16,418500,333000
2020,산부인과,C41,2,4,3,205930,195830
2020,산부인과,C43,4,8,8,492760,414160
2020,산부인과,C44,22,41,40,1982560,1784860
2020,산부인과,C48,3,6,6,118850,109250
2020,산부인과,C49,12,74,74,2227590,1979770
2020,산부인과,C50,1624,2573,2573,264826000,224485080
2020,산부인과,C51,29,95,94,4370740,4025340
2020,산부인과,C52,10,54,58,2779710,2485350
2020,산부인과,C53,608,1165,1200,96177210,81405470
2020,산부인과,C54,1585,2930,2981,451358300,323518360
2020,산부인과,C55,59,148,148,17412070,12360500
2020,산부인과,C56,2232,3116,3119,445896670,302663660
2020,산부인과,C57,92,176,179,17404750,12964350
2020,산부인과,C58,5,10,10,636350,587550
2020,산부인과,C61,17,53,53,1187340,1036040
2020,산부인과,C64,13,34,32,2993300,2767000
2020,산부인과,C65,2,2,2,216060,151360
2020,산부인과,C66,3,17,17,938230,889330
2020,산부인과,C67,194,393,393,26740530,19463240
2020,산부인과,C68,136,140,140,22413310,15791610
2020,산부인과,C69,1,8,8,616640,586140
2020,산부인과,C70,1,6,6,152890,145690
2020,산부인과,C71,5,18,18,1015260,832760
2020,산부인과,C72,1,3,3,43220,41220
2020,산부인과,C73,457,957,941,83806800,69007320
2020,산부인과,C75,2,7,7,111820,93720
2020,산부인과,C76,16,32,30,2041400,1445700
2020,산부인과,C77,4,8,8,931710,859600
2020,산부인과,C78,5,154,154,3614310,2609810
2020,산부인과,C79,5,11,11,1638300,1412650
2020,산부인과,C80,3,6,6,96370,91770
2020,산부인과,C81,2,2,2,130370,119870
2020,산부인과,C82,3,4,7,486170,429500
2020,산부인과,C83,4,4,4,540110,513310
2020,산부인과,C85,3,4,4,186960,172760
2020,산부인과,C86,1,1,1,1148650,1071270
2020,산부인과,C88,1,3,3,64540,61340
2020,산부인과,C90,1,8,8,99950,95350
2020,산부인과,C91,4,11,11,539870,457870
2020,산부인과,C92,4,4,4,648630,561110
2020,산부인과,C95,1,1,1,101660,96660
2020,산부인과,D00,2,7,7,388130,332670
2020,산부인과,D01,9,37,36,2012450,1852350
2020,산부인과,D03,7,9,9,604600,455600
2020,산부인과,D04,7,23,20,2894830,2580030
2020,산부인과,D05,196,307,302,31409990,28395900
2020,산부인과,D06,2361,5541,5542,595697360,543286710
2020,산부인과,D07,101,220,223,20608040,17724580
2020,산부인과,D09,6,11,11,906940,760340
2020,산부인과,D10,4,4,4,166010,118310
2020,산부인과,D11,1,1,1,14900,14900
2020,산부인과,D12,220,248,249,25932150,18303530
2020,산부인과,D13,24,25,26,3362960,2327000
2020,산부인과,D14,3,3,3,49190,34590
2020,산부인과,D16,3,5,5,90260,72160
2020,산부인과,D17,521,862,861,93751260,66020740
2020,산부인과,D18,201,246,246,13545920,9614120
2020,산부인과,D19,1,1,1,16140,11340
2020,산부인과,D21,127,153,153,17079130,11986500
2020,산부인과,D22,22,26,26,590000,478000
2020,산부인과,D23,2386,3715,3714,302841010,213651130
2020,산부인과,D24,9480,14701,15031,1136255790,809287320
2020,산부인과,D25,173454,255208,269594,39335537530,28306035330
2020,산부인과,D26,1486,1991,2293,425097150,307212470
2020,산부인과,D27,37502,53145,57799,9246429760,6474851620
2020,산부인과,D28,6547,11639,11804,1809450630,1274202180
2020,산부인과,D29,9,16,16,1075790,776990
2020,산부인과,D30,94,124,130,12380230,8667790
2020,산부인과,D31,2,2,2,27680,21380
2020,산부인과,D32,21,49,47,3857490,3444290
2020,산부인과,D33,12,48,48,3356940,3108040
2020,산부인과,D34,2893,3704,3713,239905590,169671850
2020,산부인과,D35,28,64,64,3133360,2673210
2020,산부인과,D36,28,40,40,4229370,2939460
2020,산부인과,D37,36,43,42,5894530,4346320
2020,산부인과,D38,3,10,10,1055680,877980
2020,산부인과,D39,4843,6357,6394,892800800,595850360
2020,산부인과,D41,25,29,29,2338240,1701140
2020,산부인과,D42,1,4,3,276770,263070
2020,산부인과,D43,3,3,3,475790,452190
2020,산부인과,D44,275,359,359,26261150,18839440
2020,산부인과,D45,1,1,1,119920,84020
2020,산부인과,D46,4,23,23,863630,818730
2020,산부인과,D47,12,21,21,1704450,1597050
2020,산부인과,D48,1075,1352,1357,195272240,138256770
2020,산부인과,D50,11519,18709,18755,918035840,665965160
2020,산부인과,D51,15,28,28,1763510,1184060
2020,산부인과,D52,194,258,258,10774560,7455870
2020,산부인과,D53,54,96,96,3218070,2461470
2020,산부인과,D55,4,4,4,59960,42160
2020,산부인과,D58,1,1,1,18280,14480
2020,산부인과,D59,19,21,21,2228210,1968810
2020,산부인과,D60,1,1,1,15480,10880
2020,산부인과,D61,3,3,3,277340,216040
2020,산부인과,D62,236,449,458,21251600,15469880
2020,산부인과,D63,1,1,1,11540,8140
2020,산부인과,D64,2010,3111,3131,153481880,107946220
2020,산부인과,D68,94,111,111,4745420,3625930
2020,산부인과,D69,230,300,301,15637700,11832780
2020,산부인과,D70,3,13,13,909470,859570
2020,산부인과,D71,1,1,1,185500,129900
2020,산부인과,D72,26,29,29,810680,644580
2020,산부인과,D73,1,1,1,116690,81690
2020,산부인과,D75,5,7,7,142530,95610
2020,산부인과,D76,2,4,4,179080,161380
2020,산부인과,D77,2,3,3,80090,66990
2020,산부인과,D80,1,1,1,11540,8140
2020,산부인과,D81,6,8,8,161480,115880
2020,산부인과,D82,6,6,6,430280,301480
2020,산부인과,D84,86,264,264,3850090,2860690
2020,산부인과,D86,1,7,7,319590,287890
2020,산부인과,E00,4,7,7,172350,143950
2020,산부인과,E01,3,5,5,76180,55880
2020,산부인과,E02,65,98,98,6654160,5839860
2020,산부인과,E03,7177,19618,19618,1143259040,932580290
2020,산부인과,E04,2153,2653,2639,185935690,130867590
2020,산부인과,E05,1165,2733,2751,179397590,145933150
2020,산부인과,E06,1600,3552,3552,203294310,155424850
2020,산부인과,E07,7501,9989,9991,822049960,615936840
2020,산부인과,E10,66,168,168,4851880,3590490
2020,산부인과,E11,3232,14525,14541,415094270,312341900
2020,산부인과,E13,155,511,511,12513490,9419470
2020,산부인과,E14,909,2282,2282,114859090,82441890
2020,산부인과,E16,27,43,43,1639450,1130930
2020,산부인과,E20,3,10,10,125040,104240
2020,산부인과,E21,12,20,20,440510,309210
2020,산부인과,E22,4744,7834,7826,297926870,206826360
2020,산부인과,E23,114,270,270,7727230,5441240
2020,산부인과,E24,4,15,15,1095760,867250
2020,산부인과,E25,8,17,17,564360,474460
2020,산부인과,E26,4,5,5,71940,50540
2020,산부인과,E27,25,29,29,1871100,1602300
2020,산부인과,E28,31373,64357,64217,3557797710,2440249700
2020,산부인과,E29,8,53,53,435590,311290
2020,산부인과,E30,748,1785,1778,127278360,89861310
2020,산부인과,E32,1,1,1,25300,20300
2020,산부인과,E34,61,95,94,1952850,1412550
2020,산부인과,E35,353,1712,1712,33368100,23450340
2020,산부인과,E41,12,18,18,190360,135660
2020,산부인과,E43,1,1,1,16140,14540
2020,산부인과,E44,1,5,5,72420,51020
2020,산부인과,E46,16,20,25,1413700,1108910
2020,산부인과,E50,332,541,541,8098350,5949050
2020,산부인과,E53,198,354,354,9754800,7051160
2020,산부인과,E55,13163,19185,19184,471483700,333282830
2020,산부인과,E56,173,245,244,6114690,4432870
2020,산부인과,E58,473,846,846,21029270,15118520
2020,산부인과,E59,1,1,1,11540,8140
2020,산부인과,E61,55,79,79,2916020,2078120
2020,산부인과,E63,94,211,224,5172090,3846710
2020,산부인과,E64,10,15,15,580700,416700
2020,산부인과,E65,7,9,9,264870,188970
2020,산부인과,E66,874,1720,1720,33177040,23655170
2020,산부인과,E67,15,17,17,261980,200080
2020,산부인과,E68,2,5,5,64560,45360
2020,산부인과,E70,3,3,3,54040,47440
2020,산부인과,E71,5,6,6,420640,399840
2020,산부인과,E72,22,28,27,1916010,1820910
2020,산부인과,E73,118,141,141,2704870,2409270
2020,산부인과,E74,41,42,42,3953190,3690640
2020,산부인과,E75,16,20,20,781960,550860
2020,산부인과,E76,1,1,1,12970,12370
2020,산부인과,E78,7967,18536,18535,515765430,366949430
2020,산부인과,E79,12,20,20,357720,251420
2020,산부인과,E80,2,2,2,125130,87730
2020,산부인과,E83,944,1714,1714,32611110,23400310
2020,산부인과,E86,441,571,579,18222970,13386400
2020,산부인과,E87,93,117,117,3716780,2676180
2020,산부인과,E88,93,106,106,7801290,7269620
2020,산부인과,E89,74,142,142,6308940,4660850
2020,산부인과,E90,6,6,6,556440,355840
2020,산부인과,F00,268,1525,1525,9188930,7220330
2020,산부인과,F01,19,90,90,432880,342480
2020,산부인과,F02,9,36,36,529140,394340
2020,산부인과,F03,26,48,48,893270,671670
2020,산부인과,F04,1,1,1,20140,14140
2020,산부인과,F05,3,10,10,179640,144740
2020,산부인과,F06,1041,2190,2190,45783240,34696890
2020,산부인과,F07,31,39,39,608410,521510
2020,산부인과,F10,4,4,4,62130,43730
2020,산부인과,F17,2,2,2,123650,86650
2020,산부인과,F19,1,1,1,12970,12370
2020,산부인과,F20,26,130,129,2130480,1835380
2020,산부인과,F22,2,6,6,59050,49950
2020,산부인과,F25,3,7,7,397550,278650
2020,산부인과,F29,3,3,3,41740,35240
2020,산부인과,F30,3,15,15,60320,46120
2020,산부인과,F31,41,171,170,826750,608050
2020,산부인과,F32,767,2557,2557,45798940,33057420
2020,산부인과,F33,19,24,24,624810,449510
2020,산부인과,F34,33,106,105,2455500,1801120
2020,산부인과,F38,6,7,7,100710,74710
2020,산부인과,F39,29,49,49,677710,519510
2020,산부인과,F40,18,54,54,767130,554130
2020,산부인과,F41,565,1097,1097,21070580,15303990
2020,산부인과,F42,7,29,29,254310,206510
2020,산부인과,F43,48,69,69,1645330,1182690
2020,산부인과,F45,164,271,271,5460290,3944780
2020,산부인과,F48,475,794,794,15751400,11360200
2020,산부인과,F50,125,231,231,3491170,2445520
2020,산부인과,F51,1026,2370,2369,44096970,31854460
2020,산부인과,F52,69,91,91,1717510,1212810
2020,산부인과,F53,5,5,5,65660,50660
2020,산부인과,F54,5,5,5,72120,61220
2020,산부인과,F59,32,42,42,1453980,1004240
2020,산부인과,F60,2,2,2,50470,38670
2020,산부인과,F64,61,356,356,4777900,3367900
2020,산부인과,F66,29,89,89,1451360,1131360
2020,산부인과,F79,1,1,1,12130,9630
2020,산부인과,F80,74,82,81,1189750,967650
2020,산부인과,F82,6,10,10,140600,123000
2020,산부인과,F83,1,1,1,17700,14000
2020,산부인과,F84,12,15,15,204710,174310
2020,산부인과,F88,3,6,6,88310,67210
2020,산부인과,F89,13,14,13,183830,152030
2020,산부인과,F90,13,39,39,516130,371530
2020,산부인과,F91,2,3,3,38570,31070
2020,산부인과,F92,17,35,35,504460,373560
2020,산부인과,F93,1,1,1,17070,13570
2020,산부인과,F94,1,1,1,17070,13570
2020,산부인과,F95,15,15,15,249110,186310
2020,산부인과,F98,15,15,15,265620,229020
2020,산부인과,G03,1,1,1,172500,138000
2020,산부인과,G05,59,90,95,2916070,2199570
2020,산부인과,G11,1,4,3,330990,298090
2020,산부인과,G12,1,1,1,11540,8140
2020,산부인과,G20,37,184,184,3806970,3363170
2020,산부인과,G21,9,79,79,1403630,1117230
2020,산부인과,G22,2,3,3,9390,6690
2020,산부인과,G23,1,3,3,37140,32640
2020,산부인과,G24,10,18,18,284860,215060
2020,산부인과,G25,27,60,60,1324600,966000
2020,산부인과,G30,13,63,63,1430950,1141650
2020,산부인과,G31,2849,6133,6133,116851570,88874540
2020,산부인과,G32,1,1,1,11540,10040
2020,산부인과,G35,1,1,1,100070,90070
2020,산부인과,G40,19,40,40,603100,446300
2020,산부인과,G41,4,28,28,295380,215180
2020,산부인과,G43,1013,1504,1504,31152450,22266090
2020,산부인과,G44,316,457,459,11875430,8739600
2020,산부인과,G45,10,21,21,278220,239220
2020,산부인과,G46,2,27,27,88800,64300
2020,산부인과,G47,4361,10684,10691,188930660,136462680
2020,산부인과,G50,10,12,12,299890,213690
2020,산부인과,G51,18,25,25,454460,347260
2020,산부인과,G52,3,3,3,43820,34020
2020,산부인과,G53,120,287,287,4895210,3640710
2020,산부인과,G54,26,40,39,647190,603590
2020,산부인과,G55,2,5,5,99300,82100
2020,산부인과,G56,26,38,38,1176470,837770
2020,산부인과,G57,12,16,16,1497840,1051640
2020,산부인과,G58,7,8,8,231930,169130
2020,산부인과,G59,1,1,1,16140,14540
2020,산부인과,G60,1,1,1,16140,11340
2020,산부인과,G61,2,2,2,323040,288140
2020,산부인과,G62,13,69,69,974380,682230
2020,산부인과,G63,9,36,36,515010,393910
2020,산부인과,G64,128,178,178,3378080,2529620
2020,산부인과,G70,1,1,1,3130,2830
2020,산부인과,G71,3,3,3,40650,35050
2020,산부인과,G72,1,1,1,20140,14140
2020,산부인과,G73,2,15,15,42490,30090
2020,산부인과,G80,2,3,3,41930,37130
2020,산부인과,G81,5,16,16,150240,110040
2020,산부인과,G82,1,12,12,37560,26760
2020,산부인과,G83,2,2,2,41440,34840
2020,산부인과,G90,119,193,193,3968050,2949650
2020,산부인과,G91,1,1,1,17070,13570
2020,산부인과,G93,38,62,62,1552300,1115400
2020,산부인과,G94,1,1,1,120940,108940
2020,산부인과,G95,3,10,10,159000,133800
2020,산부인과,G96,3,3,4,178470,131410
2020,산부인과,G99,5,6,6,80960,65260
2020,산부인과,H00,755,947,947,15899200,12569150
2020,산부인과,H01,328,427,427,6222700,4939700
2020,산부인과,H02,40,42,41,929340,755240
2020,산부인과,H03,5,6,6,107820,75620
2020,산부인과,H04,938,1397,1397,20790380,16663680
2020,산부인과,H05,38,41,41,627020,484320
2020,산부인과,H10,5447,6972,6972,109650720,94601620
2020,산부인과,H11,362,554,554,7665010,5526510
2020,산부인과,H13,2,2,2,61190,46090
2020,산부인과,H15,1,1,1,0,0
2020,산부인과,H16,230,307,307,4827820,3742320
2020,산부인과,H18,7,14,14,139430,103830
2020,산부인과,H19,20,25,25,388710,278510
2020,산부인과,H20,2,2,2,31720,24620
2020,산부인과,H21,1,1,1,14900,14900
2020,산부인과,H25,68,108,108,1664600,1319900
2020,산부인과,H26,16,32,32,344290,273190
2020,산부인과,H28,1,1,1,11540,10040
2020,산부인과,H30,3,4,4,50760,44660
2020,산부인과,H31,1,1,1,12970,12370
2020,산부인과,H32,1,1,1,12970,12370
2020,산부인과,H33,1,1,1,20140,14140
2020,산부인과,H34,1,3,3,43820,39120
2020,산부인과,H35,95,118,118,1864500,1713700
2020,산부인과,H36,18,66,66,807920,684320
2020,산부인과,H40,56,120,120,1413420,1135020
2020,산부인과,H42,5,7,7,85380,62080
2020,산부인과,H44,23,27,27,349340,272640
2020,산부인과,H45,1,1,1,67420,47220
2020,산부인과,H46,3,4,4,66480,46680
2020,산부인과,H47,10,10,10,162910,114510
2020,산부인과,H49,2,3,3,43170,35870
2020,산부인과,H50,44,48,46,699630,643130
2020,산부인과,H52,272,279,279,6705380,5376580
2020,산부인과,H53,8,8,8,118080,87680
2020,산부인과,H54,3,5,5,74690,71690
2020,산부인과,H55,1,2,2,25940,24740
2020,산부인과,H57,2,3,3,48750,36150
2020,산부인과,H58,1,1,1,12970,12370
2020,산부인과,H60,787,1122,1124,21340220,17427890
2020,산부인과,H61,475,529,529,13940020,11713920
2020,산부인과,H62,7,14,14,286630,246630
2020,산부인과,H65,971,1928,1928,27014580,22632380
2020,산부인과,H66,4976,12726,12726,195290750,160903450
2020,산부인과,H67,2,6,6,80890,66290
2020,산부인과,H68,3,6,6,81400,60400
2020,산부인과,H69,3,3,3,48420,37220
2020,산부인과,H70,1,3,3,79710,58410
2020,산부인과,H72,2,3,3,167320,117220
2020,산부인과,H73,5,5,11,431290,342220
2020,산부인과,H81,553,956,956,18043170,13448070
2020,산부인과,H82,25,27,26,1429500,1058300
2020,산부인과,H90,23,27,26,1654330,1559030
2020,산부인과,H91,45,58,58,1200610,1049810
2020,산부인과,H92,84,85,85,1386160,1159860
2020,산부인과,H93,187,219,218,8227700,7398700
2020,산부인과,H95,2,2,2,27680,19480
2020,산부인과,I00,11,19,19,265250,194650
2020,산부인과,I05,1,1,1,11540,8140
2020,산부인과,I10,9162,41651,41652,893355110,679015790
2020,산부인과,I11,185,878,878,21091340,15889240
2020,산부인과,I12,40,262,262,4019210,3177510
2020,산부인과,I13,9,52,52,487630,356630
2020,산부인과,I15,251,725,725,11371790,8394730
2020,산부인과,I20,130,350,352,18869620,13868910
2020,산부인과,I21,16,31,31,2938980,2043460
2020,산부인과,I22,18,22,22,306170,295670
2020,산부인과,I23,1,3,3,39220,34620
2020,산부인과,I24,7,18,18,232800,183200
2020,산부인과,I25,14,24,24,326540,269840
2020,산부인과,I26,2,3,3,158810,114510
2020,산부인과,I27,3,4,4,65410,50010
2020,산부인과,I30,1,1,1,16140,11340
2020,산부인과,I31,1,1,1,16140,11340
2020,산부인과,I34,1,1,1,149610,134710
2020,산부인과,I35,2,3,3,36700,27800
2020,산부인과,I39,2,3,3,167490,150790
2020,산부인과,I42,7,9,9,427450,380750
2020,산부인과,I44,1,1,1,15980,11280
2020,산부인과,I45,10,10,10,693020,623820
2020,산부인과,I47,21,28,28,631950,492050
2020,산부인과,I48,36,67,67,1167330,900630
2020,산부인과,I49,147,209,218,7727000,6287740
2020,산부인과,I50,17,37,37,1291160,931960
2020,산부인과,I51,39,47,56,1966050,1537900
2020,산부인과,I61,5,46,46,701170,598770
2020,산부인과,I62,1,2,2,40620,28520
2020,산부인과,I63,49,179,178,4392320,3344920
2020,산부인과,I64,1,1,1,16140,11340
2020,산부인과,I65,6,12,12,393640,284440
2020,산부인과,I66,3,3,3,99440,74840
2020,산부인과,I67,43,73,73,2764950,2177850
2020,산부인과,I68,3,8,8,101520,77220
2020,산부인과,I69,12,19,19,306890,231090
2020,산부인과,I70,50,82,82,1108730,850630
2020,산부인과,I71,2,2,2,31040,29440
2020,산부인과,I72,2,2,2,250090,175090
2020,산부인과,I73,900,1893,1892,34720190,24867570
2020,산부인과,I74,11,23,23,1401210,1223810
2020,산부인과,I77,2,2,2,161600,113200
2020,산부인과,I78,24,44,44,1291660,907120
2020,산부인과,I79,6,8,8,204340,147340
2020,산부인과,I80,70,99,145,35670770,34255330
2020,산부인과,I81,6,8,8,454760,318760
2020,산부인과,I82,3,12,12,773490,682290
2020,산부인과,I83,209,386,388,12775780,9730500
2020,산부인과,I86,24,31,31,1225520,874020
2020,산부인과,I87,461,865,865,17870560,13191660
2020,산부인과,I88,181,235,235,7024160,5048350
2020,산부인과,I89,404,1598,1598,23390150,16653480
2020,산부인과,I95,51,62,62,1713890,1246690
2020,산부인과,I97,3,4,4,55360,42160
2020,산부인과,I98,1,1,1,300,300
2020,산부인과,I99,15,41,41,752090,593690
2020,산부인과,J00,19550,35457,35477,558355150,451473760
2020,산부인과,J01,7907,20554,20554,285321330,230481290
2020,산부인과,J02,10629,19387,19389,295025540,238335710
2020,산부인과,J03,10791,21033,21056,382920780,298064900
2020,산부인과,J04,1239,1886,1898,37645760,29626980
2020,산부인과,J05,234,368,368,6321130,5301530
2020,산부인과,J06,11785,19847,19856,329733140,262885730
2020,산부인과,J09,39,41,42,873480,729430
2020,산부인과,J10,1885,2472,2574,61915740,49497900
2020,산부인과,J11,885,1225,1262,23231680,18628000
2020,산부인과,J12,5,5,5,172730,150530
2020,산부인과,J15,353,713,727,20060980,15421240
2020,산부인과,J16,1,1,1,22230,21130
2020,산부인과,J17,2,2,2,6260,4460
2020,산부인과,J18,956,1736,1828,50136150,40943040
2020,산부인과,J20,45409,117876,117903,1851359150,1468259560
2020,산부인과,J21,2779,6487,6514,113214120,97630120
2020,산부인과,J22,297,576,576,12228220,9292220
2020,산부인과,J30,20509,44541,44537,706942610,556619780
2020,산부인과,J31,103,217,217,2897300,2111700
2020,산부인과,J32,636,1126,1126,22789330,17077430
2020,산부인과,J33,2,2,2,26780,21280
2020,산부인과,J34,55,62,62,1504970,1166070
2020,산부인과,J35,50,67,67,1396350,1054550
2020,산부인과,J36,1060,2668,2669,39601280,31398510
2020,산부인과,J37,7,13,13,175500,142800
2020,산부인과,J38,8,9,9,263590,205090
2020,산부인과,J39,223,362,362,6968270,5534170
2020,산부인과,J40,1198,1777,1778,27848370,21389930
2020,산부인과,J41,51,117,117,1010370,799870
2020,산부인과,J42,132,292,292,4205210,3292410
2020,산부인과,J43,6,6,6,170690,119890
2020,산부인과,J44,71,217,217,4029110,2948910
2020,산부인과,J45,1548,2864,2864,58919360,45615340
2020,산부인과,J46,16,29,29,456910,336010
2020,산부인과,J47,14,25,25,478400,382700
2020,산부인과,J64,1,1,1,14060,12560
2020,산부인과,J68,1,1,1,20140,14140
2020,산부인과,J69,1,1,1,12130,9630
2020,산부인과,J80,1,1,1,11540,8140
2020,산부인과,J81,7,10,10,392070,257410
2020,산부인과,J84,5,6,6,286450,209950
2020,산부인과,J90,11,12,12,495030,304210
2020,산부인과,J93,3,3,3,46670,32870
2020,산부인과,J94,1,1,1,21910,15410
2020,산부인과,J96,1,1,1,3130,2230
2020,산부인과,J98,81,103,105,6220160,4468650
2020,산부인과,K00,19,20,20,331820,308320
2020,산부인과,K01,2,4,4,107430,75330
2020,산부인과,K02,18,18,18,300150,235150
2020,산부인과,K03,1,1,1,18410,17510
2020,산부인과,K04,24,25,25,388930,305330
2020,산부인과,K05,167,297,299,5083040,3906590
2020,산부인과,K06,20,22,22,400550,325750
2020,산부인과,K07,21,29,29,503420,366220
2020,산부인과,K08,50,59,62,1344540,1043160
2020,산부인과,K09,27,28,28,498780,443880
2020,산부인과,K10,2,3,7,293680,216270
2020,산부인과,K11,59,77,77,1786480,1320380
2020,산부인과,K12,895,1117,1117,18628110,14392910
2020,산부인과,K13,69,70,70,1240400,997200
2020,산부인과,K14,68,108,108,1933450,1478250
2020,산부인과,K20,26,32,32,668390,494790
2020,산부인과,K21,7274,10977,10978,340023910,244434080
2020,산부인과,K22,16,20,20,753740,556190
2020,산부인과,K25,1421,2250,2250,70933270,50484030
2020,산부인과,K26,388,582,582,25058480,17730680
2020,산부인과,K27,986,1261,1264,33663470,23232350
2020,산부인과,K28,2,2,2,11540,8140
2020,산부인과,K29,39830,65158,65182,2883093950,2029388700
2020,산부인과,K30,10705,18215,18229,712883930,510172090
2020,산부인과,K31,172,253,253,9977570,7112270
2020,산부인과,K35,33,35,39,2276400,1754960
2020,산부인과,K36,5,18,18,676080,473880
2020,산부인과,K37,38,49,59,3072320,2219140
2020,산부인과,K38,1,1,1,108150,75750
2020,산부인과,K40,113,120,120,2950120,2327420
2020,산부인과,K41,14,15,14,514750,385350
2020,산부인과,K42,93,95,94,1665130,1544130
2020,산부인과,K43,14,15,15,330020,243920
2020,산부인과,K45,5,5,12,704240,522520
2020,산부인과,K46,16,19,19,482870,370070
2020,산부인과,K50,19,23,23,447010,333110
2020,산부인과,K51,28,132,132,6820540,5795270
2020,산부인과,K52,1423,1830,1843,43053700,32871150
2020,산부인과,K55,3,4,4,448970,314570
2020,산부인과,K56,35,58,58,1185760,873150
2020,산부인과,K57,22,28,28,2005670,1379270
2020,산부인과,K58,3271,4515,4529,247322680,176580200
2020,산부인과,K59,9532,14349,14369,523459000,389525000
2020,산부인과,K60,55,82,86,6071330,4564040
2020,산부인과,K61,125,264,265,17894220,14140260
2020,산부인과,K62,330,448,473,45035480,32458660
2020,산부인과,K63,1428,1656,1661,418823260,293319120
2020,산부인과,K64,571,816,862,56014510,41608470
2020,산부인과,K65,685,938,945,14428490,10624930
2020,산부인과,K66,564,845,973,118687540,79045750
2020,산부인과,K67,16,21,21,1112770,779770
2020,산부인과,K70,95,208,208,7211530,5107100
2020,산부인과,K71,113,181,181,5204670,3713370
2020,산부인과,K72,21,29,29,1373100,998400
2020,산부인과,K73,136,188,192,11291800,8816410
2020,산부인과,K74,17,35,35,2020440,1641740
2020,산부인과,K75,574,913,913,43386910,30730150
2020,산부인과,K76,1720,2450,2450,146006580,103658890
2020,산부인과,K77,13,20,20,489130,352530
2020,산부인과,K80,156,231,230,11196550,7541340
2020,산부인과,K81,32,45,45,4251590,3028940
2020,산부인과,K82,121,146,145,15409940,10700620
2020,산부인과,K83,10,14,14,751750,534350
2020,산부인과,K85,8,20,20,705570,503470
2020,산부인과,K86,17,23,23,1555150,1018530
2020,산부인과,K87,2,2,2,133080,93280
2020,산부인과,K90,13,13,13,2881560,2017760
2020,산부인과,K91,4,6,6,81160,69760
2020,산부인과,K92,745,1176,1176,156207870,109448190
2020,산부인과,K93,22,29,29,1514740,1132020
2020,산부인과,L01,3279,4456,4456,78850130,60975330
2020,산부인과,L02,11533,16893,16909,563752140,399252090
2020,산부인과,L03,7358,12178,12187,380498700,277693670
2020,산부인과,L04,463,638,636,26042030,18445040
2020,산부인과,L05,591,672,672,20387140,14541490
2020,산부인과,L08,3198,5347,5356,124324110,88042120
2020,산부인과,L10,5,5,5,85900,64000
2020,산부인과,L11,2,2,2,32280,22680
2020,산부인과,L12,2,22,22,305140,265630
2020,산부인과,L13,346,667,667,13548880,9982680
2020,산부인과,L20,7849,12518,12521,237810190,185285620
2020,산부인과,L21,2791,3712,3712,67052720,55315820
2020,산부인과,L22,1520,1712,1712,30575450,26336430
2020,산부인과,L23,19888,30133,30130,696583920,510835850
2020,산부인과,L24,3105,4265,4265,101742760,73660400
2020,산부인과,L25,4309,5850,5464,135870230,100030540
2020,산부인과,L26,1,1,1,16140,14540
2020,산부인과,L27,155,230,230,4996390,3747390
2020,산부인과,L28,2983,4312,4312,95889840,72909010
2020,산부인과,L29,47691,75868,75859,2953743910,2093891720
2020,산부인과,L30,9714,12761,12773,263504600,204170450
2020,산부인과,L40,2402,5964,5964,164515910,120254890
2020,산부인과,L41,5,15,15,404470,283870
2020,산부인과,L42,10,12,12,310730,220730
2020,산부인과,L43,71,111,111,2974120,2174320
2020,산부인과,L44,7,7,7,104050,79350
2020,산부인과,L50,13431,19683,19689,424666120,318953000
2020,산부인과,L51,26,46,46,613650,514550
2020,산부인과,L52,4,8,8,197510,141710
2020,산부인과,L53,31,42,42,757960,591560
2020,산부인과,L55,31,45,45,978030,749930
2020,산부인과,L56,15,18,18,265600,208800
2020,산부인과,L57,24,24,24,550800,404600
2020,산부인과,L59,1,1,1,16170,11370
2020,산부인과,L60,208,338,337,11047440,8035280
2020,산부인과,L62,1,1,1,12130,9630
2020,산부인과,L63,263,659,659,22932430,16686630
2020,산부인과,L64,53,108,108,1644730,1156130
2020,산부인과,L65,39,60,60,1138930,810730
2020,산부인과,L66,124,199,199,4633510,3322410
2020,산부인과,L68,20,29,29,1706940,1196040
2020,산부인과,L70,1108,2010,2010,39969020,28302420
2020,산부인과,L71,116,274,274,3203580,2294580
2020,산부인과,L72,765,1469,1476,90420790,64528560
2020,산부인과,L73,219,331,331,5900760,4188660
2020,산부인과,L74,456,477,477,7550920,6813020
2020,산부인과,L75,1,1,1,12970,12370
2020,산부인과,L80,42,48,48,1135440,847740
2020,산부인과,L81,451,727,727,10742800,7803600
2020,산부인과,L82,798,2594,2594,42741780,32483680
2020,산부인과,L84,745,1197,1197,65294100,46375600
2020,산부인과,L85,2248,3229,3229,59671600,48679680
2020,산부인과,L86,1,1,1,16140,11340
2020,산부인과,L87,1,2,2,33310,26810
2020,산부인과,L89,26,57,116,3808950,2691550
2020,산부인과,L90,135,162,162,3047920,2190970
2020,산부인과,L91,529,942,943,32062840,22341810
2020,산부인과,L92,860,1406,1405,44090320,37198000
2020,산부인과,L93,5,6,6,512230,427130
2020,산부인과,L94,3,4,4,63120,44320
2020,산부인과,L95,11,15,15,265550,189350
2020,산부인과,L98,308,586,591,15559300,13956170
2020,산부인과,L99,3,3,3,120740,84640
2020,산부인과,M00,12,16,16,232440,173040
2020,산부인과,M01,4,5,5,69200,52400
2020,산부인과,M02,41,61,61,1356330,1013930
2020,산부인과,M03,2,2,2,16180,13380
2020,산부인과,M05,29,55,52,3487320,3020920
2020,산부인과,M06,108,180,180,3250900,2405000
2020,산부인과,M07,3,7,7,23080,18180
2020,산부인과,M08,4,4,4,56370,45070
2020,산부인과,M10,184,378,378,6713270,4884370
2020,산부인과,M11,2,3,3,52420,36820
2020,산부인과,M12,19,41,41,1647870,1230900
2020,산부인과,M13,404,793,793,13816900,10592150
2020,산부인과,M14,4,5,5,232710,147870
2020,산부인과,M15,325,777,777,15313880,11775840
2020,산부인과,M16,36,134,134,2183550,1607750
2020,산부인과,M17,571,1675,1675,66542370,45213640
2020,산부인과,M18,1,1,1,11540,8140
2020,산부인과,M19,318,618,618,9648190,7151590
2020,산부인과,M20,6,6,6,91730,77930
2020,산부인과,M21,22,26,24,435330,386530
2020,산부인과,M22,4,6,6,73190,57090
2020,산부인과,M23,14,20,20,932590,663390
2020,산부인과,M24,48,104,104,2356850,1743750
2020,산부인과,M25,1145,1629,1629,50374350,35522320
2020,산부인과,M30,22,24,23,809330,631630
2020,산부인과,M31,1,6,6,685140,582140
2020,산부인과,M32,10,20,20,1775800,1562280
2020,산부인과,M34,4,6,6,406910,364610
2020,산부인과,M35,96,231,230,8352740,6630640
2020,산부인과,M40,2,5,5,67020,52220
2020,산부인과,M41,4,4,4,136960,100660
2020,산부인과,M43,206,276,272,5439120,4679320
2020,산부인과,M45,126,150,150,3325550,2353150
2020,산부인과,M46,17,28,28,684820,494220
2020,산부인과,M47,358,838,838,26663490,19864590
2020,산부인과,M48,204,624,638,21511690,15950460
2020,산부인과,M49,3,9,9,321170,244770
2020,산부인과,M50,10,12,12,145780,102030
2020,산부인과,M51,29,47,73,3134480,2511730
2020,산부인과,M53,274,336,332,6422700,5531000
2020,산부인과,M54,15842,25699,25704,1193531120,841931000
2020,산부인과,M60,159,228,228,11115820,8022670
2020,산부인과,M61,6,12,12,302530,212130
2020,산부인과,M62,213,417,417,7605140,5401080
2020,산부인과,M63,1,1,1,11540,8140
2020,산부인과,M65,26,34,34,648530,480730
2020,산부인과,M66,3,3,3,57450,40350
2020,산부인과,M67,18,29,29,647760,481960
2020,산부인과,M70,8,20,20,619220,444120
2020,산부인과,M71,6,8,8,408090,291090
2020,산부인과,M72,42,67,67,2039560,1529900
2020,산부인과,M73,11,43,43,2199700,1613430
2020,산부인과,M75,225,537,537,20742370,14747870
2020,산부인과,M76,20,31,31,1130800,794500
2020,산부인과,M77,95,212,212,7126320,5090140
2020,산부인과,M79,8067,12906,12908,492804320,349769850
2020,산부인과,M80,223,378,378,12126280,8683880
2020,산부인과,M81,18148,45758,45757,1534535850,1099097880
2020,산부인과,M82,128,168,167,3848040,2758620
2020,산부인과,M83,1037,1583,1583,44674340,31507720
2020,산부인과,M84,9,25,25,430760,315530
2020,산부인과,M85,622,1019,1019,29449890,20898500
2020,산부인과,M87,1,1,1,115370,80770
2020,산부인과,M89,45,81,81,1429090,1095790
2020,산부인과,M90,1,1,1,16140,11340
2020,산부인과,M91,5,5,5,425940,304040
2020,산부인과,M92,2,2,2,203320,142520
2020,산부인과,M93,13,15,15,1476730,962410
2020,산부인과,M94,45,55,55,939630,681930
2020,산부인과,M95,17,24,24,422890,314290
2020,산부인과,M96,1,9,9,110980,97380
2020,산부인과,M99,19,23,23,321430,288730
2020,산부인과,N00,98,320,320,7530680,5464240
2020,산부인과,N02,348,518,519,35422630,25447220
2020,산부인과,N03,1,1,1,18010,12610
2020,산부인과,N04,8,12,12,1072690,752290
2020,산부인과,N05,13,22,22,461260,334460
2020,산부인과,N06,2,3,3,38640,31640
2020,산부인과,N10,3085,6550,6907,283757700,205247460
2020,산부인과,N11,51,111,116,3950570,2970990
2020,산부인과,N12,336,511,598,23530200,17370650
2020,산부인과,N13,43,59,59,2795420,2136180
2020,산부인과,N14,5,12,12,141000,105100
2020,산부인과,N15,9,9,9,1058740,741540
2020,산부인과,N17,4,6,6,501900,412460
2020,산부인과,N18,21,31,31,1196200,962200
2020,산부인과,N19,17,20,20,648850,495950
2020,산부인과,N20,76,90,90,6610820,4702730
2020,산부인과,N21,143,181,186,8272820,5972740
2020,산부인과,N22,1,1,2,230130,201280
2020,산부인과,N23,119,148,148,3108920,2224020
2020,산부인과,N25,6,6,6,680940,480240
2020,산부인과,N27,1,1,1,153990,107890
2020,산부인과,N28,103,115,114,9508330,7951620
2020,산부인과,N29,3,3,3,156020,109420
2020,산부인과,N30,412702,798821,798852,29130892800,20710161640
2020,산부인과,N31,22411,42497,42515,1209559230,882988580
2020,산부인과,N32,4876,8784,8788,246832890,180629630
2020,산부인과,N33,9,26,26,3102820,2422840
2020,산부인과,N34,33776,53082,52747,2598805720,1830349740
2020,산부인과,N35,65,86,88,10947540,7505960
2020,산부인과,N36,282,460,462,24434490,17920470
2020,산부인과,N37,379,739,739,30509860,21516060
2020,산부인과,N39,29009,65752,69187,11585978790,8803405490
2020,산부인과,N40,749,1958,1958,32756620,25394340
2020,산부인과,N41,415,690,690,21223040,15006840
2020,산부인과,N42,27,50,50,887600,696100
2020,산부인과,N43,75,82,82,1407440,1321740
2020,산부인과,N44,3,4,4,79070,62670
2020,산부인과,N45,27,33,33,603560,429460
2020,산부인과,N46,12721,21065,21066,1605900870,1080910960
2020,산부인과,N47,1,1,1,14650,11650
2020,산부인과,N48,613,746,745,12513280,10168680
2020,산부인과,N49,332,451,451,14056950,9292600
2020,산부인과,N50,32,49,49,894360,671360
2020,산부인과,N51,15,18,18,292420,213320
2020,산부인과,N60,3792,4362,4364,240746900,169739960
2020,산부인과,N61,3936,5430,5454,128198960,90704760
2020,산부인과,N62,77,88,88,2861650,2031150
2020,산부인과,N63,6027,8123,8132,470060590,331407480
2020,산부인과,N64,46130,52599,52555,2108730870,1488069600
2020,산부인과,N70,10034,22145,22376,1446971100,1023845330
2020,산부인과,N71,53915,106758,105574,5022031850,3528360350
2020,산부인과,N72,637684,1228144,1228146,67439626860,47370096610
2020,산부인과,N73,117291,244231,244929,13991063880,9857929130
2020,산부인과,N74,13970,26023,26034,1428711030,1004172440
2020,산부인과,N75,14228,32093,32326,2342468720,1647397330
2020,산부인과,N76,819969,1685590,1685391,78937514210,55465615620
2020,산부인과,N77,36061,68591,68271,2786955350,1958292250
2020,산부인과,N80,30813,52324,55087,7166433620,4975141060
2020,산부인과,N81,4791,9484,11558,2094961910,1517676190
2020,산부인과,N82,18,31,31,1976200,1376550
2020,산부인과,N83,23901,32039,33312,5226297580,3802257730
2020,산부인과,N84,42344,69768,70461,8843111970,6103620960
2020,산부인과,N85,14880,29596,29756,2861230780,1946720520
2020,산부인과,N86,126867,231875,231896,15563084410,10924595490
2020,산부인과,N87,56509,118845,118908,10693375960,7506470190
2020,산부인과,N88,1407,1964,2219,234519410,174991560
2020,산부인과,N89,2472,3136,3139,226584320,159544970
2020,산부인과,N90,2207,3241,3251,114418090,81785280
2020,산부인과,N91,269914,384189,383980,32796970790,22804434610
2020,산부인과,N92,177861,251311,251178,22205278690,15378168110
2020,산부인과,N93,345239,524772,524600,53193207930,36708773150
2020,산부인과,N94,119414,163266,163118,12230804330,8511458380
2020,산부인과,N95,317628,1018489,1018361,24148421520,17228140760
2020,산부인과,N96,1079,2123,2123,180051750,124672060
2020,산부인과,N97,43259,245246,245315,25335666120,15793619650
2020,산부인과,N98,548,953,1102,104110840,65657600
2020,산부인과,N99,81,130,144,13530050,10033900
2020,산부인과,O00,3309,8313,9842,1179260590,800168570
2020,산부인과,O01,205,683,684,33687390,23063270
2020,산부인과,O02,18812,43859,44466,6662524520,5159328100
2020,산부인과,O03,4442,7357,7410,558574970,411251110
2020,산부인과,O04,151,211,230,20563470,15177770
2020,산부인과,O05,303,444,449,37352970,27406900
2020,산부인과,O06,565,874,879,59748500,44940640
2020,산부인과,O07,5,12,12,746170,522970
2020,산부인과,O08,1284,2035,2039,95556920,64981910
2020,산부인과,O10,116,223,229,21753210,19039510
2020,산부인과,O11,9,11,28,7353590,6394430
2020,산부인과,O12,1388,1549,1552,155659730,139211550
2020,산부인과,O13,590,1306,2044,450999530,386696080
2020,산부인과,O14,312,398,1392,462762920,399600990
2020,산부인과,O15,13,14,31,9045220,7926650
2020,산부인과,O16,251,515,630,99168010,82840290
2020,산부인과,O20,16712,28808,33992,2969041850,2609498530
2020,산부인과,O21,7965,14101,15292,673118640,592169570
2020,산부인과,O22,872,936,941,101932150,91389480
2020,산부인과,O23,3323,5107,5211,583259930,517693130
2020,산부인과,O24,11912,19497,19880,1461510050,1303187750
2020,산부인과,O25,4,5,5,195020,175820
2020,산부인과,O26,2754,13614,13687,1335605260,1195966950
2020,산부인과,O28,1269,1565,1565,121121430,107289900
2020,산부인과,O30,2553,8599,10146,1644474610,1452169360
2020,산부인과,O31,40,90,94,14597040,12949020
2020,산부인과,O32,2612,3755,10312,3276577570,2817894150
2020,산부인과,O33,5948,6963,33174,12005804480,10245372680
2020,산부인과,O34,10048,26171,53076,14082657560,12191376210
2020,산부인과,O35,242,337,360,43149240,38131030
2020,산부인과,O36,1734,2979,3672,638693950,562928970
2020,산부인과,O40,177,306,350,57125080,50714170
2020,산부인과,O41,965,1315,2256,444006670,388463280
2020,산부인과,O42,2073,2409,6336,1777156350,1631842120
2020,산부인과,O43,30,42,60,11019140,9876660
2020,산부인과,O44,840,1667,3213,824360400,713687560
2020,산부인과,O45,114,119,632,252941650,215932280
2020,산부인과,O46,1058,1249,1532,208031060,184794220
2020,산부인과,O47,4204,7159,9046,1331280930,1189433280
2020,산부인과,O48,113,123,157,33553330,31920980
2020,산부인과,O60,11377,19218,48113,7421086290,6519036360
2020,산부인과,O61,1005,1046,4424,1487405130,1264562590
2020,산부인과,O62,257,427,971,303621490,263802260
2020,산부인과,O63,1058,1134,4126,2026996840,1956581620
2020,산부인과,O64,405,470,2168,809025410,708788710
2020,산부인과,O65,4572,4688,28334,10667982140,9166310860
2020,산부인과,O66,784,826,5106,1763376880,1550752840
2020,산부인과,O67,9,10,33,16180750,15433510
2020,산부인과,O68,1189,1207,7126,2763973050,2389959800
2020,산부인과,O69,22,23,120,41147910,36733950
2020,산부인과,O70,175,224,331,76915820,73007380
2020,산부인과,O71,113,193,240,26234210,21443650
2020,산부인과,O72,884,1409,1612,112883730,77507460
2020,산부인과,O73,332,428,436,31006360,16947450
2020,산부인과,O74,7,8,8,431260,302260
2020,산부인과,O75,206,278,565,249591900,241887890
2020,산부인과,O80,27766,30738,91961,48448742660,47740665620
2020,산부인과,O81,3094,3508,10846,6730253830,6640323760
2020,산부인과,O82,21728,24787,134708,49216915470,42528796940
2020,산부인과,O83,4763,4834,15903,8570800350,8455882160
2020,산부인과,O84,182,204,1108,432866250,371976630
2020,산부인과,O85,20,29,38,2070600,1390680
2020,산부인과,O86,8748,14549,14798,440936680,243225990
2020,산부인과,O87,295,311,419,88962020,85246900
2020,산부인과,O88,4,4,12,4346860,3886770
2020,산부인과,O89,10,13,13,778770,545770
2020,산부인과,O90,1817,3845,3987,132415200,85244750
2020,산부인과,O91,4035,5329,5352,98024320,66956930
2020,산부인과,O92,2151,2886,2890,126867120,87584000
2020,산부인과,O94,64,72,74,1991920,917040
2020,산부인과,O95,1,1,1,14900,14900
2020,산부인과,O98,169,222,223,21923270,19617550
2020,산부인과,O99,6605,8856,8939,496759070,408739250
2020,산부인과,P00,7,7,7,124520,108820
2020,산부인과,P01,91,105,307,29227390,28175350
2020,산부인과,P02,5,5,5,522560,474590
2020,산부인과,P03,8,8,20,1083260,1062700
2020,산부인과,P05,27,41,46,4631630,4240100
2020,산부인과,P07,162,179,809,71502570,70375050
2020,산부인과,P08,23,23,98,7265300,7147630
2020,산부인과,P10,1,1,1,12970,12370
2020,산부인과,P12,50,59,63,1532320,1398040
2020,산부인과,P13,222,245,259,7570120,7282450
2020,산부인과,P14,2,2,2,46040,43840
2020,산부인과,P15,1,1,1,15490,14790
2020,산부인과,P21,2,2,11,1055810,1043660
2020,산부인과,P22,341,406,1280,128309200,126700470
2020,산부인과,P23,641,1235,1239,61016960,43191720
2020,산부인과,P24,85,86,311,32548370,32201940
2020,산부인과,P27,2,2,2,1480100,1406200
2020,산부인과,P28,91,94,201,15870650,15673680
2020,산부인과,P29,4,4,4,72850,67450
2020,산부인과,P35,2,3,3,51870,39670
2020,산부인과,P36,4,4,9,576220,567190
2020,산부인과,P37,15,25,25,607160,537960
2020,산부인과,P38,1947,3902,3907,92217960,87686230
2020,산부인과,P39,687,835,889,22407160,21616350
2020,산부인과,P51,32,41,41,931000,885900
2020,산부인과,P53,2,2,2,207100,196800
2020,산부인과,P54,12,12,24,998680,978630
2020,산부인과,P55,14,14,18,2035160,1127000
2020,산부인과,P57,13,17,17,249980,238480
2020,산부인과,P58,10,11,11,187120,178120
2020,산부인과,P59,4905,16826,21920,970646530,945894920
2020,산부인과,P61,1,4,4,51880,49480
2020,산부인과,P70,18,20,47,3436790,3380150
2020,산부인과,P71,1,1,1,124590,118390
2020,산부인과,P72,173,229,228,15795730,14997120
2020,산부인과,P74,200,240,240,25442170,24163070
2020,산부인과,P77,1,1,5,408070,402550
2020,산부인과,P78,304,537,545,10563060,10099820
2020,산부인과,P81,18,19,30,1480880,1450510
2020,산부인과,P83,665,1241,1241,27360380,26026980
2020,산부인과,P90,19,22,22,383220,368920
2020,산부인과,P91,3,3,3,46470,44370
2020,산부인과,P92,1007,1288,1288,53760510,51045510
2020,산부인과,P94,1,1,1,26970,25670
2020,산부인과,P95,49,73,110,21147450,18016680
2020,산부인과,P96,14,15,28,1917630,1882160
2020,산부인과,Q00,1,2,3,630150,505090
2020,산부인과,Q03,2,2,2,25940,24740
2020,산부인과,Q04,5,5,5,324410,294210
2020,산부인과,Q05,5,5,5,71800,69100
2020,산부인과,Q06,7,7,7,131430,125030
2020,산부인과,Q10,5,5,5,67660,64460
2020,산부인과,Q12,1,1,1,18410,17510
2020,산부인과,Q13,4,6,6,89660,86760
2020,산부인과,Q15,2,3,3,46090,42090
2020,산부인과,Q17,16,18,17,277750,263050
2020,산부인과,Q18,14,21,25,302210,285410
2020,산부인과,Q20,2,3,3,38910,35010
2020,산부인과,Q21,16,18,18,1869880,1640080
2020,산부인과,Q22,1,1,1,558390,502590
2020,산부인과,Q24,5,7,7,305340,277940
2020,산부인과,Q25,2,3,3,269750,243750
2020,산부인과,Q26,2,5,5,538280,437980
2020,산부인과,Q27,17,17,17,529530,478930
2020,산부인과,Q30,1,1,1,12970,12370
2020,산부인과,Q31,20,21,21,341850,325550
2020,산부인과,Q33,3,5,5,76670,74470
2020,산부인과,Q35,10,11,10,191760,175460
2020,산부인과,Q36,4,6,6,87270,82570
2020,산부인과,Q37,1,1,1,281930,253830
2020,산부인과,Q38,1225,1495,1555,86484500,82462380
2020,산부인과,Q39,2,3,3,145960,108660
2020,산부인과,Q40,5,5,5,85170,81070
2020,산부인과,Q42,3,3,3,55230,52530
2020,산부인과,Q43,2,2,2,25940,24740
2020,산부인과,Q44,35,36,36,2775930,1946530
2020,산부인과,Q45,1,1,1,32490,30890
2020,산부인과,Q50,92,109,117,13973400,9337040
2020,산부인과,Q51,821,1173,1177,169764150,119500340
2020,산부인과,Q52,347,491,490,31916830,24797860
2020,산부인과,Q53,67,79,80,2718510,2558680
2020,산부인과,Q54,10,11,11,160850,153250
2020,산부인과,Q55,12,13,13,194730,166930
2020,산부인과,Q56,4,6,6,188630,143430
2020,산부인과,Q60,3,3,3,56310,53610
2020,산부인과,Q61,8,9,9,442030,330630
2020,산부인과,Q62,44,48,57,2192170,2107120
2020,산부인과,Q63,4,7,7,107670,87770
2020,산부인과,Q64,2,3,3,72230,53030
2020,산부인과,Q65,82,91,90,1509750,1438850
2020,산부인과,Q66,22,24,24,422450,392850
2020,산부인과,Q67,173,204,204,3435420,3253220
2020,산부인과,Q68,73,94,94,1583820,1499320
2020,산부인과,Q69,22,27,27,1331160,1218760
2020,산부인과,Q70,10,11,11,184550,175850
2020,산부인과,Q72,1,1,1,12970,12370
2020,산부인과,Q73,2,2,2,36820,35020
2020,산부인과,Q74,10,12,12,218470,169970
2020,산부인과,Q75,27,31,31,479220,455020
2020,산부인과,Q76,50,51,51,924160,880260
2020,산부인과,Q78,1,1,1,16140,11340
2020,산부인과,Q79,4,4,4,84760,80660
2020,산부인과,Q80,2,3,3,41930,37130
2020,산부인과,Q81,1,2,2,25940,24740
2020,산부인과,Q82,121,154,155,5629560,4247350
2020,산부인과,Q83,61,67,67,2101890,1544590
2020,산부인과,Q84,1,1,1,18410,17510
2020,산부인과,Q85,49,71,71,2830170,2343070
2020,산부인과,Q89,7,8,8,114150,109650
2020,산부인과,Q90,6,7,9,597880,463470
2020,산부인과,Q91,2,2,3,783880,622190
2020,산부인과,Q93,7,10,10,145360,134060
2020,산부인과,Q96,52,148,148,3674040,2956040
2020,산부인과,Q97,2,3,3,61590,47890
2020,산부인과,Q98,6,7,6,99950,92550
2020,산부인과,Q99,19,22,22,761190,577390
2020,산부인과,R00,281,331,331,11661770,8931150
2020,산부인과,R01,796,942,937,16040890,15178990
2020,산부인과,R03,419,456,458,12962820,10273000
2020,산부인과,R04,180,202,202,4868590,3742720
2020,산부인과,R05,622,901,901,17298570,13711870
2020,산부인과,R06,389,426,463,16956420,14630310
2020,산부인과,R07,1033,1439,1439,45324700,32377770
2020,산부인과,R09,802,3071,3071,44140340,34636040
2020,산부인과,R10,320278,425015,425786,44495980340,31430542670
2020,산부인과,R11,4207,5155,5192,129976830,97372560
2020,산부인과,R12,1782,2590,2590,89600150,63383590
2020,산부인과,R13,10,23,23,123110,94210
2020,산부인과,R14,190,217,217,11515880,8350330
2020,산부인과,R15,7,10,10,215970,195470
2020,산부인과,R16,3,3,3,446430,318630
2020,산부인과,R17,180,275,274,5622630,5072030
2020,산부인과,R18,123,184,189,23300420,16268300
2020,산부인과,R19,764,923,926,109509930,74189550
2020,산부인과,R20,45,69,69,1869550,1377900
2020,산부인과,R21,1554,1850,1850,30736790,25604190
2020,산부인과,R22,418,638,638,30135920,21659650
2020,산부인과,R23,571,920,920,22229970,16185190
2020,산부인과,R25,94,119,119,2996870,2334370
2020,산부인과,R26,26,32,32,520340,430240
2020,산부인과,R27,1,1,1,22410,21310
2020,산부인과,R29,17,19,19,301260,262760
2020,산부인과,R30,8299,13029,13046,698324020,479742160
2020,산부인과,R31,10645,16056,16042,1074522780,759037640
2020,산부인과,R32,2043,3813,3836,222382930,163207000
2020,산부인과,R33,170,234,242,15741350,11518750
2020,산부인과,R34,6,6,6,115410,92210
2020,산부인과,R35,5717,8991,8991,287214260,209286540
2020,산부인과,R36,4,4,4,57720,45420
2020,산부인과,R39,1230,1707,1740,78135810,57043500
2020,산부인과,R41,585,1228,1228,18282560,13945360
2020,산부인과,R42,2350,3092,3099,152879880,119566040
2020,산부인과,R45,82,102,102,1980090,1467690
2020,산부인과,R46,6,6,6,109900,100700
2020,산부인과,R47,17,17,17,232880,188780
2020,산부인과,R49,26,26,26,525930,444530
2020,산부인과,R50,4343,5010,5108,126980120,101047920
2020,산부인과,R51,2785,3705,3712,74074130,54088160
2020,산부인과,R52,2787,3798,3811,135883480,96036600
2020,산부인과,R53,648,1302,1312,30651630,21798890
2020,산부인과,R54,17,19,19,665140,484440
2020,산부인과,R55,47,56,56,2279070,1789610
2020,산부인과,R56,46,52,52,775400,693600
2020,산부인과,R57,16,39,39,819800,612400
2020,산부인과,R58,83,87,89,9953490,7165020
2020,산부인과,R59,95,111,111,3931300,2828630
2020,산부인과,R60,2062,3434,3437,152586570,108831060
2020,산부인과,R61,43,60,60,1752800,1306100
2020,산부인과,R62,153,184,184,4799840,3739640
2020,산부인과,R63,325,420,422,15094180,10877490
2020,산부인과,R64,14,20,20,584660,444160
2020,산부인과,R65,1,1,1,20140,14140
2020,산부인과,R68,15657,18532,18512,331218380,242954200
2020,산부인과,R69,3,3,3,134210,97210
2020,산부인과,R71,3,4,4,272680,246480
2020,산부인과,R72,21,28,28,671480,469860
2020,산부인과,R73,785,956,955,39621900,30438480
2020,산부인과,R74,89,117,117,7955080,5562980
2020,산부인과,R76,170,274,274,10274000,6447510
2020,산부인과,R77,9,10,10,481710,360610
2020,산부인과,R78,18,37,37,1108250,786450
2020,산부인과,R79,122,128,128,9908920,8966420
2020,산부인과,R80,295,352,351,9625970,6812290
2020,산부인과,R81,167,291,291,9205320,7034020
2020,산부인과,R82,70,85,85,2487980,1910580
2020,산부인과,R83,1,1,1,108140,75740
2020,산부인과,R84,20,22,22,1474440,1127840
2020,산부인과,R85,1,1,1,117800,22680
2020,산부인과,R86,57,62,62,2518380,1765980
2020,산부인과,R87,55772,97709,97640,10016029650,7014918820
2020,산부인과,R89,100,249,249,10997400,7730200
2020,산부인과,R90,3,3,3,34620,28220
2020,산부인과,R91,57,63,63,2157750,1661200
2020,산부인과,R92,5893,6334,6329,225137140,158909670
2020,산부인과,R93,75,81,81,8217620,5568020
2020,산부인과,R94,1856,2475,2469,134893950,105167820
2020,산부인과,S00,808,931,931,18600670,15377470
2020,산부인과,S01,387,528,528,13295990,10367090
2020,산부인과,S02,9,10,10,534940,391640
2020,산부인과,S03,12,14,14,325340,228340
2020,산부인과,S04,1,1,1,11540,8140
2020,산부인과,S05,5,5,5,161470,115470
2020,산부인과,S06,53,66,66,2432240,1913840
2020,산부인과,S07,7,8,8,144940,104040
2020,산부인과,S09,33,34,34,627520,548920
2020,산부인과,S10,12,12,12,254850,196250
2020,산부인과,S11,37,52,52,1245030,901130
2020,산부인과,S13,88,241,241,4294490,3139990
2020,산부인과,S19,1,1,1,11540,8140
2020,산부인과,S20,31,41,41,850840,639140
2020,산부인과,S21,35,52,52,1149370,817370
2020,산부인과,S22,11,15,15,970470,687570
2020,산부인과,S23,47,50,50,1135430,820930
2020,산부인과,S25,2,2,2,27680,21780
2020,산부인과,S29,1,1,1,16140,11340
2020,산부인과,S30,511,576,576,13772590,10407260
2020,산부인과,S31,2511,3870,3875,122402840,87745630
2020,산부인과,S32,7,8,8,828530,582930
2020,산부인과,S33,809,1647,1647,36794380,27129150
2020,산부인과,S34,1,1,1,12970,12370
2020,산부인과,S35,57,95,105,9586950,6870590
2020,산부인과,S36,1,3,3,58630,41130
2020,산부인과,S37,20,27,50,8168710,5642330
2020,산부인과,S38,35,64,65,2834360,2048250
2020,산부인과,S39,1,1,1,54880,38480
2020,산부인과,S40,84,99,99,6004770,4242370
2020,산부인과,S41,59,81,81,2728030,1915530
2020,산부인과,S42,20,25,26,798820,719920
2020,산부인과,S43,177,314,314,6683890,4931190
2020,산부인과,S44,1,1,1,12970,12370
2020,산부인과,S45,5,5,5,298840,209440
2020,산부인과,S46,4,6,6,104060,73060
2020,산부인과,S50,70,80,80,1725290,1307990
2020,산부인과,S51,35,72,72,2063140,1544840
2020,산부인과,S52,2,8,8,133210,93910
2020,산부인과,S53,38,58,58,1671190,1308090
2020,산부인과,S54,3,4,4,90010,63210
2020,산부인과,S55,1,1,1,26610,18710
2020,산부인과,S56,4,13,13,279390,230690
2020,산부인과,S57,1,1,1,22610,15910
2020,산부인과,S60,268,300,300,7264660,5709360
2020,산부인과,S61,310,596,596,15866600,11660850
2020,산부인과,S62,9,10,10,313330,224030
2020,산부인과,S63,64,91,91,1778130,1299230
2020,산부인과,S65,33,57,58,1938550,1451950
2020,산부인과,S66,3,22,22,475550,370250
2020,산부인과,S67,4,4,4,66800,51400
2020,산부인과,S69,4,5,5,190540,139540
2020,산부인과,S70,37,46,46,997930,778830
2020,산부인과,S71,17,26,26,826360,601160
2020,산부인과,S72,4,4,4,55880,44380
2020,산부인과,S73,16,23,26,1028470,800110
2020,산부인과,S75,3,4,4,70430,49530
2020,산부인과,S77,1,1,1,16140,11340
2020,산부인과,S80,129,173,173,3942980,3028950
2020,산부인과,S81,68,135,135,3224630,2403730
2020,산부인과,S82,1,1,1,14900,14900
2020,산부인과,S83,64,123,123,4155120,3019020
2020,산부인과,S86,1,1,1,18010,16210
2020,산부인과,S89,1,1,1,18380,12880
2020,산부인과,S90,164,206,206,4725910,3608910
2020,산부인과,S91,64,89,89,2455340,1853340
2020,산부인과,S92,7,8,8,432860,306660
2020,산부인과,S93,75,190,190,3115010,2275010
2020,산부인과,S97,3,4,4,81610,63110
2020,산부인과,S99,4,9,9,419670,294170
2020,산부인과,T00,198,270,277,6253220,4664190
2020,산부인과,T01,11,11,11,286580,205380
2020,산부인과,T08,1,1,1,16140,14540
2020,산부인과,T09,9,14,14,368560,261160
2020,산부인과,T11,13,26,26,692820,493920
2020,산부인과,T12,1,3,3,61590,43290
2020,산부인과,T13,16,17,17,369630,275730
2020,산부인과,T14,2383,3311,3325,103074630,74668660
2020,산부인과,T15,13,17,17,82630,58430
2020,산부인과,T16,475,571,571,20358240,16401740
2020,산부인과,T17,157,165,165,4729730,4216630
2020,산부인과,T18,34,40,40,895490,741290
2020,산부인과,T19,7354,8719,8723,564833700,397078710
2020,산부인과,T20,47,70,70,2419830,1781230
2020,산부인과,T21,46,115,115,3906370,2834270
2020,산부인과,T22,93,256,256,9786290,6926590
2020,산부인과,T23,317,713,713,31019300,22815800
2020,산부인과,T24,60,153,153,5680390,4078590
2020,산부인과,T25,58,208,208,9888030,7260630
2020,산부인과,T26,2,4,4,163970,129770
2020,산부인과,T28,1,1,1,12970,12370
2020,산부인과,T29,4,5,5,114120,98820
2020,산부인과,T30,130,237,237,8254880,5930880
2020,산부인과,T31,34,91,91,3654650,2678350
2020,산부인과,T32,1,1,1,188860,132260
2020,산부인과,T33,3,4,4,106490,74790
2020,산부인과,T38,54,65,65,3885380,3185980
2020,산부인과,T39,2,2,2,28610,21710
2020,산부인과,T41,2,2,2,104890,73490
2020,산부인과,T45,2,2,2,65240,45740
2020,산부인과,T46,1,1,1,11540,8140
2020,산부인과,T47,1,1,1,42370,20750
2020,산부인과,T49,4,4,4,34660,24460
2020,산부인과,T56,37,127,127,2152470,1567170
2020,산부인과,T57,9,30,30,473050,339050
2020,산부인과,T60,1,1,1,16140,11340
2020,산부인과,T62,6,6,6,119480,87080
2020,산부인과,T63,25,26,26,426640,352740
2020,산부인과,T67,24,26,26,988800,715410
2020,산부인과,T68,2,2,2,29200,23200
2020,산부인과,T69,1,1,1,18140,12740
2020,산부인과,T70,1,1,1,16140,11340
2020,산부인과,T73,102,162,162,3457120,2484620
2020,산부인과,T74,24,26,26,4149760,2909660
2020,산부인과,T75,3,3,3,47820,35520
2020,산부인과,T78,680,999,998,25380640,18596300
2020,산부인과,T79,236,329,331,9565410,6924720
2020,산부인과,T80,6,6,6,70950,54450
2020,산부인과,T81,773,1526,1632,64737260,44841910
2020,산부인과,T82,1,2,2,451370,449370
2020,산부인과,T83,4316,5055,5063,472124850,329499210
2020,산부인과,T84,22,43,43,3168880,2219880
2020,산부인과,T85,33,38,38,2105120,1479520
2020,산부인과,T88,210,246,246,3835470,2800520
2020,산부인과,T91,1,1,1,45970,14320
2020,산부인과,T92,3,3,3,91440,71040
2020,산부인과,T93,4,4,4,361650,258950
2020,산부인과,T95,2,2,2,73190,51290
2020,산부인과,T98,16,23,23,479690,336890
2020,산부인과,U82,1,1,1,18010,12610
2020,산부인과,U83,5,5,5,85000,61300
2020,산부인과,Z00,5011,5591,5595,454419700,321626980
2020,산부인과,Z01,2064,2337,2338,154319750,112428610
2020,산부인과,Z02,47,47,47,840360,666060
2020,산부인과,Z03,3084,3719,3713,146653210,105224730
2020,산부인과,Z04,326,353,353,19845700,14171030
2020,산부인과,Z08,15,19,19,1928740,1395340
2020,산부인과,Z09,1315,1549,1549,68371080,27601070
2020,산부인과,Z10,15,16,16,619230,435730
2020,산부인과,Z11,53,53,53,2171470,601880
2020,산부인과,Z12,53,79,79,3810380,2701480
2020,산부인과,Z13,372,443,449,50948400,48214750
2020,산부인과,Z20,186,193,193,8008570,5559730
2020,산부인과,Z22,612,1230,1230,49318880,34907780
2020,산부인과,Z23,29,37,37,1260970,1028970
2020,산부인과,Z24,86,95,95,2764100,1965950
2020,산부인과,Z25,478,510,510,14288350,11939630
2020,산부인과,Z26,1376,1652,1652,24344420,20154400
2020,산부인과,Z27,74,75,75,5130430,4595730
2020,산부인과,Z28,21,22,22,2512410,2218610
2020,산부인과,Z29,569,684,684,19109010,14823540
2020,산부인과,Z30,18394,21725,21699,1071763160,742337670
2020,산부인과,Z31,17724,87442,87505,25051596470,16123933790
2020,산부인과,Z32,22898,39013,39039,1951083250,1629893830
2020,산부인과,Z33,387,500,500,23187170,20557710
2020,산부인과,Z34,230456,1337355,1341506,1.36101E+11,1.21991E+11
2020,산부인과,Z35,5399,14356,14485,1615076210,1450981130
2020,산부인과,Z36,206,243,240,31265880,27833100
2020,산부인과,Z37,15,22,67,9097860,8516430
2020,산부인과,Z38,11764,84747,371521,29259090610,28846525130
2020,산부인과,Z39,44056,66810,66842,2548929520,1233193930
2020,산부인과,Z40,1,1,1,16140,11340
2020,산부인과,Z41,7,11,11,325670,228470
2020,산부인과,Z42,97,133,133,6563480,4604380
2020,산부인과,Z46,3,3,3,56010,41110
2020,산부인과,Z47,1,1,1,19070,17170
2020,산부인과,Z48,16692,22568,22581,634613790,377453010
2020,산부인과,Z50,4,6,6,72840,61640
2020,산부인과,Z51,139,142,142,14526330,10903310
2020,산부인과,Z52,2,2,2,55950,39250
2020,산부인과,Z53,4,4,6,681950,444480
2020,산부인과,Z54,1466,2189,2266,60935950,33004770
2020,산부인과,Z57,1,1,1,16140,11340
2020,산부인과,Z63,2,3,3,45740,32140
2020,산부인과,Z64,48,58,58,1087690,792890
2020,산부인과,Z70,142,168,168,3027650,2131050
2020,산부인과,Z71,22937,26548,26544,456927530,331616990
2020,산부인과,Z72,4,5,5,65410,47410
2020,산부인과,Z73,43,93,93,2409410,1758410
2020,산부인과,Z75,4,4,4,68670,48270
2020,산부인과,Z76,17,17,17,289340,208740
2020,산부인과,Z80,12,13,13,585580,417080
2020,산부인과,Z82,18,19,19,2914990,2049090
2020,산부인과,Z83,3,8,8,165230,119330
2020,산부인과,Z84,5,8,8,289740,252640
2020,산부인과,Z85,13,13,13,1230610,921310
2020,산부인과,Z87,5,6,6,430400,308200
2020,산부인과,Z88,18,19,19,399410,287610
2020,산부인과,Z91,4,4,4,163320,114520
2020,산부인과,Z92,4,4,4,129560,90860
2020,산부인과,Z93,1,2,2,27680,24580
2020,산부인과,Z94,5,7,7,399480,285780
2020,산부인과,Z95,6,8,8,219630,154030
2020,산부인과,Z96,3,3,3,99040,69440
2020,산부인과,Z97,1020,1165,1165,79150890,53999510
2020,산부인과,Z98,9004,14699,14803,510953440,274909360
2020,산부인과,Z99,2,6,6,97850,68750
2020,소아청소년과,A00,12,14,14,219870,168170
2020,소아청소년과,A01,1,2,2,26440,23040
2020,소아청소년과,A02,63,110,210,18434700,16334900
2020,소아청소년과,A03,5,6,8,404270,351280
2020,소아청소년과,A04,15134,23431,24500,624269610,499439780
2020,소아청소년과,A05,204,263,378,23765940,20405360
2020,소아청소년과,A06,10,15,15,187920,136420
2020,소아청소년과,A07,4,4,4,70480,49480
2020,소아청소년과,A08,87832,126350,128294,2425509330,1902280880
2020,소아청소년과,A09,596050,948479,960684,17652655650,13841563760
2020,소아청소년과,A15,4,5,5,65240,52240
2020,소아청소년과,A16,9,11,11,185300,133700
2020,소아청소년과,A18,7,10,10,159340,140740
2020,소아청소년과,A19,1,4,4,61280,54980
2020,소아청소년과,A22,1,1,1,11540,8140
2020,소아청소년과,A26,6,8,8,171280,127180
2020,소아청소년과,A27,1,1,1,22410,21310
2020,소아청소년과,A28,13,15,15,318680,225380
2020,소아청소년과,A30,1,1,1,12130,9630
2020,소아청소년과,A31,18,38,38,590090,432390
2020,소아청소년과,A35,12,12,12,473910,332410
2020,소아청소년과,A37,3,3,29,3344670,2957990
2020,소아청소년과,A38,896,1775,1781,32454250,25143370
2020,소아청소년과,A40,4,5,5,90350,86050
2020,소아청소년과,A41,2687,3875,4095,147646410,123784330
2020,소아청소년과,A42,1,8,8,480970,328050
2020,소아청소년과,A44,1,1,1,16140,11340
2020,소아청소년과,A46,28,44,44,639340,500940
2020,소아청소년과,A48,1146,2295,2295,37533110,29926010
2020,소아청소년과,A49,11888,24765,26318,611054810,492471920
2020,소아청소년과,A50,1,1,1,18410,17510
2020,소아청소년과,A51,6,6,6,88240,65640
2020,소아청소년과,A53,1,1,1,12970,12370
2020,소아청소년과,A54,5,10,10,261520,187020
2020,소아청소년과,A56,11,17,17,378140,270540
2020,소아청소년과,A57,1,1,1,16140,11340
2020,소아청소년과,A59,40,51,51,789720,565020
2020,소아청소년과,A60,245,434,434,8782520,6417020
2020,소아청소년과,A63,22,56,56,2020520,1447120
2020,소아청소년과,A64,2,2,2,32280,22680
2020,소아청소년과,A66,1,1,1,17070,16270
2020,소아청소년과,A67,3,4,4,64550,46450
2020,소아청소년과,A68,4,4,6,362140,332170
2020,소아청소년과,A69,1578,1957,1969,35037460,26708480
2020,소아청소년과,A74,2,2,2,33970,23870
2020,소아청소년과,A75,25,39,43,1373430,1028900
2020,소아청소년과,A77,8,8,8,146900,112500
2020,소아청소년과,A79,1,1,1,12130,9630
2020,소아청소년과,A80,1,1,1,16140,11340
2020,소아청소년과,A81,1,5,5,148510,133910
2020,소아청소년과,A82,1,4,4,50760,35760
2020,소아청소년과,A83,5,5,5,85630,61730
2020,소아청소년과,A85,7,9,9,119990,99290
2020,소아청소년과,A86,4,4,4,68560,48160
2020,소아청소년과,A87,863,1686,1728,35645650,27354520
2020,소아청소년과,A88,544,742,742,11057220,8828320
2020,소아청소년과,A89,1,1,1,11540,8140
2020,소아청소년과,A92,1,1,1,14060,9860
2020,소아청소년과,A98,1,1,1,16140,11340
2020,소아청소년과,A99,8,8,8,111840,85440
2020,소아청소년과,B00,62059,89112,89422,1434767900,1093658830
2020,소아청소년과,B01,12839,23738,23837,363227970,274768410
2020,소아청소년과,B02,14354,27919,28015,442822050,329767070
2020,소아청소년과,B05,14,14,14,401190,297790
2020,소아청소년과,B06,3,4,4,82180,57780
2020,소아청소년과,B07,2679,3612,3606,115276240,83708140
2020,소아청소년과,B08,46901,67231,69136,1455249700,1193736650
2020,소아청소년과,B09,5377,7387,7393,117431760,95255430
2020,소아청소년과,B15,39,57,57,1455060,1021160
2020,소아청소년과,B16,25,38,38,1226430,883630
2020,소아청소년과,B17,730,1150,1153,34451770,25294140
2020,소아청소년과,B18,388,975,975,29560060,21227660
2020,소아청소년과,B19,224,392,392,11181660,8174920
2020,소아청소년과,B25,7,19,19,500300,438800
2020,소아청소년과,B26,2699,4265,4290,77146580,57839290
2020,소아청소년과,B27,88,148,202,11744070,9897510
2020,소아청소년과,B30,5918,7276,7281,122564110,99000710
2020,소아청소년과,B33,1066,1934,1934,29744000,22359000
2020,소아청소년과,B34,4375,6783,7086,152365370,126668470
2020,소아청소년과,B35,40406,71331,71324,1120433610,856396010
2020,소아청소년과,B36,10942,13234,13223,215447010,173338890
2020,소아청소년과,B37,26090,37132,37139,631048000,517057280
2020,소아청소년과,B38,2,3,3,41740,29340
2020,소아청소년과,B39,2,2,2,58080,45980
2020,소아청소년과,B43,258,282,281,4748130,3526960
2020,소아청소년과,B44,2,2,2,32280,22680
2020,소아청소년과,B45,1,2,2,27680,19480
2020,소아청소년과,B46,11,11,11,180490,145290
2020,소아청소년과,B47,83,92,92,1383290,1110590
2020,소아청소년과,B48,315,391,391,6140680,4838880
2020,소아청소년과,B49,417,571,571,8794080,6901680
2020,소아청소년과,B50,2,2,2,27680,21380
2020,소아청소년과,B51,1,1,1,20140,14140
2020,소아청소년과,B54,47,47,47,689070,492070
2020,소아청소년과,B56,1,1,1,16140,11340
2020,소아청소년과,B60,32,58,58,1059270,756770
2020,소아청소년과,B65,7,7,7,110300,77500
2020,소아청소년과,B66,124,137,137,2224540,1627940
2020,소아청소년과,B68,3,3,3,48410,35110
2020,소아청소년과,B70,1,1,1,11540,8140
2020,소아청소년과,B71,4,4,4,63960,46860
2020,소아청소년과,B76,17,20,20,349710,268710
2020,소아청소년과,B77,23,24,24,372900,288600
2020,소아청소년과,B78,2,2,2,32280,22680
2020,소아청소년과,B80,676,726,723,12158110,9395710
2020,소아청소년과,B81,4,4,4,80560,56560
2020,소아청소년과,B82,56,60,60,972050,732950
2020,소아청소년과,B83,55,63,63,1097650,857450
2020,소아청소년과,B85,318,336,336,5594480,4187880
2020,소아청소년과,B86,199,302,301,4799720,3558420
2020,소아청소년과,B87,1,1,1,20140,14140
2020,소아청소년과,B88,5879,8141,8159,252723920,202755560
2020,소아청소년과,B89,42,44,44,778020,604220
2020,소아청소년과,B90,5,8,8,130700,110100
2020,소아청소년과,B94,2,2,2,39680,27880
2020,소아청소년과,B95,2496,5858,5858,84017850,61900050
2020,소아청소년과,B96,369,763,763,10990940,8346440
2020,소아청소년과,B97,3,6,6,79470,56970
2020,소아청소년과,B98,75,107,107,1540680,1111580
2020,소아청소년과,B99,3,3,3,48750,35850
2020,소아청소년과,C01,1,32,32,764570,727270
2020,소아청소년과,C02,2,3,3,46360,35760
2020,소아청소년과,C04,2,10,10,114790,92290
2020,소아청소년과,C05,1,17,17,210690,148290
2020,소아청소년과,C08,3,20,20,287370,250570
2020,소아청소년과,C09,3,20,20,370340,351640
2020,소아청소년과,C11,5,13,13,181840,170540
2020,소아청소년과,C13,2,6,6,73840,69540
2020,소아청소년과,C14,1,1,1,11540,11040
2020,소아청소년과,C15,8,60,60,833370,744870
2020,소아청소년과,C16,79,383,383,8494960,7549660
2020,소아청소년과,C17,1,6,6,83520,79720
2020,소아청소년과,C18,31,331,331,7854230,7418430
2020,소아청소년과,C19,2,2,2,36280,31480
2020,소아청소년과,C20,19,96,96,1819170,1691870
2020,소아청소년과,C21,1,1,1,20140,14140
2020,소아청소년과,C22,47,208,208,3949570,3539270
2020,소아청소년과,C23,4,21,21,328570,313270
2020,소아청소년과,C24,16,45,45,1001600,935900
2020,소아청소년과,C25,47,319,319,7335460,6871060
2020,소아청소년과,C26,3,4,4,61440,55540
2020,소아청소년과,C30,2,4,4,215030,160530
2020,소아청소년과,C31,1,1,1,16140,14540
2020,소아청소년과,C32,3,16,16,314200,277400
2020,소아청소년과,C34,69,339,339,6087180,5731480
2020,소아청소년과,C37,1,1,1,11540,8140
2020,소아청소년과,C38,1,1,1,16140,15140
2020,소아청소년과,C39,1,3,3,48260,33860
2020,소아청소년과,C40,1,33,33,924860,880060
2020,소아청소년과,C41,3,14,14,225680,185780
2020,소아청소년과,C43,9,23,23,362410,319810
2020,소아청소년과,C44,6,6,6,98560,81360
2020,소아청소년과,C46,1,1,1,16140,15340
2020,소아청소년과,C47,1,1,1,15490,14790
2020,소아청소년과,C48,2,2,2,35740,27240
2020,소아청소년과,C49,4,18,18,269050,256350
2020,소아청소년과,C50,148,1315,1315,22752650,20706430
2020,소아청소년과,C53,11,42,42,1478360,1357360
2020,소아청소년과,C54,10,79,79,1020390,810290
2020,소아청소년과,C56,25,200,200,3835600,3480900
2020,소아청소년과,C57,2,11,11,168830,161030
2020,소아청소년과,C61,30,212,212,3616890,3291790
2020,소아청소년과,C62,1,1,1,20530,14430
2020,소아청소년과,C63,1,1,1,16140,15340
2020,소아청소년과,C64,9,56,56,1064910,1002910
2020,소아청소년과,C65,2,2,2,37990,32090
2020,소아청소년과,C66,3,36,36,938030,769330
2020,소아청소년과,C67,14,120,120,2422710,2235030
2020,소아청소년과,C69,2,3,3,47840,41340
2020,소아청소년과,C70,1,37,37,446810,315010
2020,소아청소년과,C71,17,60,60,1181830,1076830
2020,소아청소년과,C72,2,2,2,32280,22680
2020,소아청소년과,C73,139,420,420,8898790,7691590
2020,소아청소년과,C74,2,94,94,1825290,1739990
2020,소아청소년과,C75,1,156,156,2165640,1519240
2020,소아청소년과,C76,3,13,13,250630,185730
2020,소아청소년과,C77,2,4,4,67960,47760
2020,소아청소년과,C78,12,17,17,279780,258980
2020,소아청소년과,C79,12,64,64,1236520,1115920
2020,소아청소년과,C80,6,74,74,1071940,956340
2020,소아청소년과,C81,4,30,30,720030,684930
2020,소아청소년과,C82,5,6,6,99880,79180
2020,소아청소년과,C83,6,33,33,662240,590140
2020,소아청소년과,C85,11,33,33,860430,793030
2020,소아청소년과,C90,5,47,47,725430,679330
2020,소아청소년과,C91,14,35,35,573800,530700
2020,소아청소년과,C92,9,93,93,1478170,1356270
2020,소아청소년과,C94,4,14,14,216410,202210
2020,소아청소년과,C95,3,3,3,40150,29850
2020,소아청소년과,C96,4,4,4,66750,60950
2020,소아청소년과,D00,1,2,2,25600,23400
2020,소아청소년과,D01,3,5,5,73700,67300
2020,소아청소년과,D02,3,12,12,160000,149800
2020,소아청소년과,D03,20,75,75,1178930,1059230
2020,소아청소년과,D04,1,2,2,27240,26040
2020,소아청소년과,D05,12,83,83,1094580,1030380
2020,소아청소년과,D06,12,27,27,2250760,2096260
2020,소아청소년과,D07,1,1,1,16140,12940
2020,소아청소년과,D09,9,18,18,290400,229800
2020,소아청소년과,D10,52,67,66,1480490,1105490
2020,소아청소년과,D11,12,17,17,338400,249800
2020,소아청소년과,D12,10,13,13,304510,236010
2020,소아청소년과,D13,14,15,15,296570,223670
2020,소아청소년과,D14,9,9,9,230800,165200
2020,소아청소년과,D15,4,5,5,78900,57100
2020,소아청소년과,D16,13,13,13,205530,166230
2020,소아청소년과,D17,385,483,481,13160310,9753530
2020,소아청소년과,D18,738,905,900,16403300,14881000
2020,소아청소년과,D19,1,1,1,12130,9630
2020,소아청소년과,D20,1,1,1,26960,18960
2020,소아청소년과,D21,140,206,206,5726230,4661530
2020,소아청소년과,D22,161,204,203,3351150,2770750
2020,소아청소년과,D23,190,323,321,9476170,7273570
2020,소아청소년과,D24,55,63,62,1070510,783310
2020,소아청소년과,D25,86,141,141,12188930,8509370
2020,소아청소년과,D26,4,9,9,211160,148260
2020,소아청소년과,D27,12,33,33,884590,618310
2020,소아청소년과,D28,3,10,10,659090,462890
2020,소아청소년과,D29,16,31,31,399490,323790
2020,소아청소년과,D30,8,10,10,491310,380710
2020,소아청소년과,D31,5,5,5,83300,64700
2020,소아청소년과,D32,9,49,49,638850,599950
2020,소아청소년과,D33,11,42,42,548970,485670
2020,소아청소년과,D34,41,52,51,1128970,834870
2020,소아청소년과,D35,17,128,128,1985510,1522610
2020,소아청소년과,D36,21,28,28,1418510,1051910
2020,소아청소년과,D37,7,12,12,152700,138100
2020,소아청소년과,D38,1,1,1,16140,11340
2020,소아청소년과,D39,13,18,18,1484440,1000820
2020,소아청소년과,D40,1,1,1,16140,11340
2020,소아청소년과,D43,6,135,135,2135450,1698450
2020,소아청소년과,D44,13,18,18,256310,206410
2020,소아청소년과,D45,2,2,2,29800,29800
2020,소아청소년과,D46,6,11,11,137870,104570
2020,소아청소년과,D47,11,15,15,344150,278750
2020,소아청소년과,D48,112,156,156,2420630,1906930
2020,소아청소년과,D50,21595,32827,32825,960756160,739859240
2020,소아청소년과,D51,26,88,88,1482040,1181940
2020,소아청소년과,D52,32,50,50,746080,550580
2020,소아청소년과,D53,264,309,308,9216140,6867340
2020,소아청소년과,D55,3,4,4,331000,260300
2020,소아청소년과,D56,1,1,1,16140,11340
2020,소아청소년과,D58,12,15,15,352640,267540
2020,소아청소년과,D59,14,17,17,535420,418820
2020,소아청소년과,D61,9,26,26,440490,367190
2020,소아청소년과,D62,2,2,2,80550,56450
2020,소아청소년과,D63,10,41,41,600400,515900
2020,소아청소년과,D64,5483,6879,6877,191055680,148067640
2020,소아청소년과,D65,2,3,3,70450,55350
2020,소아청소년과,D66,22,542,542,7694080,6936380
2020,소아청소년과,D67,2,47,47,719900,650100
2020,소아청소년과,D68,46,158,155,2496530,2055630
2020,소아청소년과,D69,1413,2108,2108,42041160,32501900
2020,소아청소년과,D70,18,32,32,999390,769990
2020,소아청소년과,D71,1,1,1,18410,17510
2020,소아청소년과,D72,74,97,97,2603130,2027170
2020,소아청소년과,D73,1,9,9,135170,128870
2020,소아청소년과,D75,30,37,37,1093380,802180
2020,소아청소년과,D76,7,11,11,160140,127240
2020,소아청소년과,D77,1,1,1,37610,29810
2020,소아청소년과,D80,4,5,5,78680,65680
2020,소아청소년과,D81,3,3,3,271800,212000
2020,소아청소년과,D82,4,16,16,231760,209960
2020,소아청소년과,D84,5,5,4,234430,170130
2020,소아청소년과,D86,2,2,2,36300,25500
2020,소아청소년과,D89,7,11,11,145340,106140
2020,소아청소년과,E00,11,17,17,289320,216820
2020,소아청소년과,E01,1,2,2,29760,20960
2020,소아청소년과,E02,32,87,87,2141670,1647570
2020,소아청소년과,E03,5160,14710,14704,319656670,233020170
2020,소아청소년과,E04,228,339,337,10029850,7186350
2020,소아청소년과,E05,899,2312,2311,72899580,51718530
2020,소아청소년과,E06,319,624,624,24141700,17253930
2020,소아청소년과,E07,787,1220,1219,51513510,36999040
2020,소아청소년과,E10,503,1405,1405,34010000,24903570
2020,소아청소년과,E11,12886,69041,69038,1298485820,1025944540
2020,소아청소년과,E12,24,54,54,980030,737130
2020,소아청소년과,E13,971,4809,4809,86406590,67986160
2020,소아청소년과,E14,4811,20851,20844,387878690,302577020
2020,소아청소년과,E16,966,1245,1255,29081270,22874690
2020,소아청소년과,E20,22,42,42,850240,654240
2020,소아청소년과,E21,10,11,11,345680,244380
2020,소아청소년과,E22,5735,35022,35037,5021367130,3538056720
2020,소아청소년과,E23,409,3443,3449,591751200,421828040
2020,소아청소년과,E24,15,133,133,1655900,1176000
2020,소아청소년과,E25,36,82,82,12307050,8696450
2020,소아청소년과,E26,1,2,2,27680,19480
2020,소아청소년과,E27,33,55,54,1876540,1526740
2020,소아청소년과,E28,64,133,133,3765910,2662810
2020,소아청소년과,E29,44,106,106,1904130,1406830
2020,소아청소년과,E30,32932,114653,114448,10437880620,7352081480
2020,소아청소년과,E31,2,2,2,103400,76900
2020,소아청소년과,E32,4,4,4,96950,73850
2020,소아청소년과,E34,4581,7189,7128,295815240,215283150
2020,소아청소년과,E35,31,42,42,1633470,1173970
2020,소아청소년과,E40,1,1,1,21070,16670
2020,소아청소년과,E41,45,66,66,1054620,822920
2020,소아청소년과,E42,1,1,1,11540,10040
2020,소아청소년과,E43,58,77,77,1239440,883840
2020,소아청소년과,E44,4,7,7,112460,80160
2020,소아청소년과,E45,51,56,55,892060,702160
2020,소아청소년과,E46,37,52,52,918030,693630
2020,소아청소년과,E50,1217,1960,1960,29497660,21668960
2020,소아청소년과,E51,14,17,17,464480,371480
2020,소아청소년과,E53,232,470,470,8724590,6303350
2020,소아청소년과,E54,2,2,2,32280,22680
2020,소아청소년과,E55,4623,7020,7036,154443400,114063710
2020,소아청소년과,E56,91,97,97,2292000,1772700
2020,소아청소년과,E58,233,451,451,6412050,4959550
2020,소아청소년과,E60,4,4,4,54210,39710
2020,소아청소년과,E61,347,435,435,8838220,6643320
2020,소아청소년과,E63,192,284,284,4665040,3482760
2020,소아청소년과,E64,12,12,12,204270,154470
2020,소아청소년과,E65,11,11,11,192350,149450
2020,소아청소년과,E66,2317,3528,3520,68624680,49203560
2020,소아청소년과,E67,85,96,96,1646720,1312820
2020,소아청소년과,E70,7,7,7,108440,88340
2020,소아청소년과,E71,6,22,22,330790,301090
2020,소아청소년과,E72,16,30,30,568010,525910
2020,소아청소년과,E73,744,1087,1087,18511750,17004950
2020,소아청소년과,E74,20,21,21,593550,542350
2020,소아청소년과,E75,4,18,18,260240,230740
2020,소아청소년과,E76,5,12,12,173600,157400
2020,소아청소년과,E77,2,2,2,28960,24760
2020,소아청소년과,E78,20236,63969,63966,1131573190,842186010
2020,소아청소년과,E79,84,158,158,3015250,2192750
2020,소아청소년과,E80,28,40,40,1982300,1567900
2020,소아청소년과,E83,155,230,230,3986910,3009410
2020,소아청소년과,E84,1,1,1,18410,17510
2020,소아청소년과,E85,2,6,6,92080,64680
2020,소아청소년과,E86,8981,11976,12147,337393750,259246590
2020,소아청소년과,E87,1740,2326,2502,76575430,59722570
2020,소아청소년과,E88,451,566,566,65714170,62238770
2020,소아청소년과,E89,133,381,381,6166010,4478410
2020,소아청소년과,E90,1,1,1,16140,11340
2020,소아청소년과,F00,363,1392,1392,21771730,17873430
2020,소아청소년과,F01,95,188,188,2739000,2296300
2020,소아청소년과,F02,23,67,67,957320,812020
2020,소아청소년과,F03,190,460,460,6612170,5689070
2020,소아청소년과,F04,2,2,2,11540,10040
2020,소아청소년과,F05,9,44,44,618320,555120
2020,소아청소년과,F06,2682,6964,6964,99269390,83741240
2020,소아청소년과,F07,256,350,351,6062220,5214130
2020,소아청소년과,F10,14,53,53,704940,529040
2020,소아청소년과,F17,10,23,23,351160,258260
2020,소아청소년과,F19,5,5,5,84470,64170
2020,소아청소년과,F20,22,96,96,1196770,894670
2020,소아청소년과,F22,4,6,6,83040,67340
2020,소아청소년과,F23,5,5,5,78180,60680
2020,소아청소년과,F25,2,2,2,28130,21830
2020,소아청소년과,F29,1,1,1,11540,10040
2020,소아청소년과,F30,11,26,26,374330,277730
2020,소아청소년과,F31,50,155,155,2271140,1745840
2020,소아청소년과,F32,1015,2677,2676,37049290,29209590
2020,소아청소년과,F33,145,464,517,11005790,8568040
2020,소아청소년과,F34,77,164,164,2505550,1905350
2020,소아청소년과,F38,65,287,287,5830920,4468020
2020,소아청소년과,F39,18,23,23,319900,243100
2020,소아청소년과,F40,167,386,386,5418220,4246520
2020,소아청소년과,F41,3401,7460,7455,104872910,81396970
2020,소아청소년과,F42,29,44,43,730070,556470
2020,소아청소년과,F43,332,619,618,8910160,6779360
2020,소아청소년과,F44,8,19,19,284370,217670
2020,소아청소년과,F45,470,885,883,13143150,10088850
2020,소아청소년과,F48,493,936,936,15214830,11680560
2020,소아청소년과,F50,102,113,113,1988050,1585450
2020,소아청소년과,F51,8278,24693,24692,351426930,268588030
2020,소아청소년과,F52,40,58,58,415980,337280
2020,소아청소년과,F53,1,3,3,48420,34020
2020,소아청소년과,F54,20,25,25,371050,295550
2020,소아청소년과,F55,1,1,1,17070,13570
2020,소아청소년과,F59,2,5,5,68230,49030
2020,소아청소년과,F60,7,7,7,105810,78810
2020,소아청소년과,F63,30,32,32,536720,413220
2020,소아청소년과,F66,148,192,192,2976980,2126080
2020,소아청소년과,F69,3,3,3,39220,27620
2020,소아청소년과,F70,13,14,14,231840,176940
2020,소아청소년과,F71,2,3,3,47820,33620
2020,소아청소년과,F72,1,1,1,16140,11340
2020,소아청소년과,F73,1,1,1,17070,13570
2020,소아청소년과,F78,17,24,24,449270,346070
2020,소아청소년과,F79,8,8,8,129320,105520
2020,소아청소년과,F80,2352,2661,2640,42607330,34494830
2020,소아청소년과,F81,70,74,74,1197530,901130
2020,소아청소년과,F82,74,86,81,1483910,1283310
2020,소아청소년과,F83,16,17,17,250120,196720
2020,소아청소년과,F84,630,778,766,12113650,9703050
2020,소아청소년과,F88,26,28,28,427190,321990
2020,소아청소년과,F89,155,176,167,2761730,2282030
2020,소아청소년과,F90,473,1011,1007,14724340,10737040
2020,소아청소년과,F91,41,45,45,700320,544420
2020,소아청소년과,F92,81,203,203,3182550,2467750
2020,소아청소년과,F93,111,121,119,1925790,1481790
2020,소아청소년과,F94,22,24,24,385040,301840
2020,소아청소년과,F95,1165,1408,1399,23027630,17354430
2020,소아청소년과,F98,1032,2136,2134,32112690,24500790
2020,소아청소년과,F99,3,5,5,66900,47100
2020,소아청소년과,G00,7,8,30,2840430,2607500
2020,소아청소년과,G01,1,1,1,17070,13570
2020,소아청소년과,G02,1,1,1,16140,11340
2020,소아청소년과,G03,98,127,131,2921430,2290110
2020,소아청소년과,G04,4,4,4,66570,53670
2020,소아청소년과,G05,68,90,90,1472380,1097180
2020,소아청소년과,G06,1,1,1,20140,14140
2020,소아청소년과,G11,5,42,42,523200,380100
2020,소아청소년과,G12,21,50,50,715390,641190
2020,소아청소년과,G20,83,310,310,4408460,3895560
2020,소아청소년과,G21,17,50,50,725120,647920
2020,소아청소년과,G22,5,18,18,255090,217690
2020,소아청소년과,G23,2,2,2,25600,22600
2020,소아청소년과,G24,244,331,331,5500790,4473090
2020,소아청소년과,G25,236,450,450,6687040,5261940
2020,소아청소년과,G26,1,1,1,17070,13570
2020,소아청소년과,G30,49,160,160,2842110,2382110
2020,소아청소년과,G31,4565,12944,12944,182804920,153774020
2020,소아청소년과,G32,2,7,7,87900,77300
2020,소아청소년과,G35,2,6,6,87040,73040
2020,소아청소년과,G36,2,2,2,27680,21380
2020,소아청소년과,G40,813,2301,2295,50852740,37815100
2020,소아청소년과,G41,41,155,154,2363470,1961670
2020,소아청소년과,G43,11593,21214,21235,332524900,239382430
2020,소아청소년과,G44,4127,6130,6128,108165570,78091450
2020,소아청소년과,G45,40,88,88,1248040,1045540
2020,소아청소년과,G46,16,38,38,676040,552440
2020,소아청소년과,G47,12034,33344,33342,462209660,355633450
2020,소아청소년과,G50,265,451,451,9190010,6892910
2020,소아청소년과,G51,240,339,336,5335890,4095890
2020,소아청소년과,G52,13,20,20,290350,224750
2020,소아청소년과,G53,761,2294,2294,40224670,31830050
2020,소아청소년과,G54,67,96,96,1750220,1466620
2020,소아청소년과,G55,8,15,15,194790,153190
2020,소아청소년과,G56,54,83,83,1313050,995750
2020,소아청소년과,G57,22,36,36,713130,527530
2020,소아청소년과,G58,248,523,523,10914710,8334810
2020,소아청소년과,G59,13,38,38,541770,460470
2020,소아청소년과,G60,5,19,19,265600,191000
2020,소아청소년과,G61,12,12,12,173830,138030
2020,소아청소년과,G62,39,80,80,1161990,937190
2020,소아청소년과,G63,136,365,365,21772280,20011480
2020,소아청소년과,G64,132,289,289,4019490,3147690
2020,소아청소년과,G70,18,47,47,864510,707910
2020,소아청소년과,G71,49,82,82,1239340,1021740
2020,소아청소년과,G72,1,1,1,16140,11340
2020,소아청소년과,G73,9,15,15,216720,187120
2020,소아청소년과,G80,33,89,89,1542500,1155000
2020,소아청소년과,G81,16,28,27,409430,347330
2020,소아청소년과,G82,6,9,9,120850,94350
2020,소아청소년과,G83,38,44,44,670010,539110
2020,소아청소년과,G90,106,152,152,2259800,1754000
2020,소아청소년과,G91,57,76,76,1170330,1025630
2020,소아청소년과,G93,66,125,124,1890250,1489450
2020,소아청소년과,G94,1,1,1,16140,11340
2020,소아청소년과,G95,51,69,69,1383600,1254100
2020,소아청소년과,G96,13,21,21,337440,285240
2020,소아청소년과,G97,1,1,1,16140,11340
2020,소아청소년과,G98,12,20,20,277450,232350
2020,소아청소년과,G99,7,14,14,200400,163300
2020,소아청소년과,H00,43269,58144,58133,938726410,714008870
2020,소아청소년과,H01,14512,18053,18051,292041760,226887160
2020,소아청소년과,H02,357,423,422,7323060,5999060
2020,소아청소년과,H03,20,24,24,404940,304940
2020,소아청소년과,H04,11294,20026,20024,296865360,222959380
2020,소아청소년과,H05,430,548,556,10142790,8124180
2020,소아청소년과,H06,10,20,20,260280,198980
2020,소아청소년과,H10,180635,236850,236815,3901278660,3067144720
2020,소아청소년과,H11,3196,5640,5639,83457940,62010430
2020,소아청소년과,H13,355,400,400,6783560,5405360
2020,소아청소년과,H15,13,31,31,397190,295590
2020,소아청소년과,H16,4264,5540,5540,90032050,70783250
2020,소아청소년과,H17,7,11,11,177800,143800
2020,소아청소년과,H18,14,17,17,255910,200810
2020,소아청소년과,H19,541,744,744,12099350,9328850
2020,소아청소년과,H20,36,56,56,981790,715490
2020,소아청소년과,H21,5,5,5,89520,78520
2020,소아청소년과,H25,696,1582,1582,22325880,18893680
2020,소아청소년과,H26,206,297,297,4368660,3613460
2020,소아청소년과,H27,1,1,1,11570,10070
2020,소아청소년과,H28,14,32,32,445360,374460
2020,소아청소년과,H30,1,1,1,20140,14140
2020,소아청소년과,H31,6,13,13,190600,150500
2020,소아청소년과,H32,4,4,4,66760,53860
2020,소아청소년과,H33,9,17,17,237080,193280
2020,소아청소년과,H34,11,27,27,315830,261830
2020,소아청소년과,H35,59,114,110,1443090,1214690
2020,소아청소년과,H36,82,202,202,2587790,2123590
2020,소아청소년과,H40,505,1123,1123,15185540,12369440
2020,소아청소년과,H42,25,45,45,608440,502340
2020,소아청소년과,H43,13,14,14,197540,162440
2020,소아청소년과,H44,45,72,72,1114160,907860
2020,소아청소년과,H45,4,4,4,64560,45360
2020,소아청소년과,H47,10,10,10,162460,132560
2020,소아청소년과,H49,5,11,11,191160,156760
2020,소아청소년과,H50,763,891,876,14564060,12394160
2020,소아청소년과,H51,2,2,2,24260,21160
2020,소아청소년과,H52,14752,15789,15784,395930090,319900630
2020,소아청소년과,H53,335,360,357,8413350,6978850
2020,소아청소년과,H54,78,86,83,1413750,1096250
2020,소아청소년과,H55,17,17,17,297730,255530
2020,소아청소년과,H57,102,117,117,2092430,1603130
2020,소아청소년과,H58,2,2,2,35480,31080
2020,소아청소년과,H59,8,13,13,203160,176660
2020,소아청소년과,H60,42815,63489,63498,1059262830,815630570
2020,소아청소년과,H61,16555,20310,20303,568252850,458249380
2020,소아청소년과,H62,1038,1676,1675,28461740,22001890
2020,소아청소년과,H65,50198,120843,120953,1833668810,1459352890
2020,소아청소년과,H66,312023,950159,950980,14193629710,11368942110
2020,소아청소년과,H67,3708,9373,9373,139754540,110497340
2020,소아청소년과,H68,668,1180,1180,19166410,14107910
2020,소아청소년과,H69,290,346,346,6008560,4367860
2020,소아청소년과,H70,64,86,86,1323090,975290
2020,소아청소년과,H71,94,122,121,1897640,1547340
2020,소아청소년과,H72,227,372,369,6012680,4686980
2020,소아청소년과,H73,561,1214,1214,18341100,14501500
2020,소아청소년과,H74,1,1,1,16140,11340
2020,소아청소년과,H75,2,2,2,28270,20970
2020,소아청소년과,H80,5,5,5,84700,62700
2020,소아청소년과,H81,7564,19924,19933,311816330,234701770
2020,소아청소년과,H82,88,133,133,1942810,1444120
2020,소아청소년과,H83,59,71,71,1165740,845540
2020,소아청소년과,H90,369,473,472,13818630,10074830
2020,소아청소년과,H91,461,552,551,12451180,9506280
2020,소아청소년과,H92,4764,5199,5197,88077600,67724600
2020,소아청소년과,H93,2090,3043,3040,48739510,37398800
2020,소아청소년과,H94,202,271,271,5126830,4809230
2020,소아청소년과,H95,2,2,2,38150,30250
2020,소아청소년과,I00,19,39,39,569750,450050
2020,소아청소년과,I01,1,1,1,16140,11340
2020,소아청소년과,I05,13,34,34,457040,340940
2020,소아청소년과,I07,11,14,14,823880,729380
2020,소아청소년과,I08,5,9,9,144040,122240
2020,소아청소년과,I09,4,18,18,344530,247430
2020,소아청소년과,I10,92311,502632,502605,7947625180,6322821490
2020,소아청소년과,I11,1472,6905,6905,101021590,79150490
2020,소아청소년과,I12,30,94,94,1656690,1275990
2020,소아청소년과,I13,125,513,513,7377330,5768030
2020,소아청소년과,I15,1421,6490,6490,93102770,72897810
2020,소아청소년과,I20,745,1921,1919,26170360,21278500
2020,소아청소년과,I21,61,159,159,2211920,1765120
2020,소아청소년과,I22,2,4,4,47020,33120
2020,소아청소년과,I23,8,22,22,308520,235920
2020,소아청소년과,I24,32,58,58,901970,698370
2020,소아청소년과,I25,101,408,408,5893720,4902120
2020,소아청소년과,I26,4,9,13,550320,427810
2020,소아청소년과,I27,8,16,16,201240,161540
2020,소아청소년과,I28,2,2,2,36820,35020
2020,소아청소년과,I30,2,4,4,52400,37000
2020,소아청소년과,I31,6,10,10,169970,150370
2020,소아청소년과,I32,1,1,1,16140,11340
2020,소아청소년과,I33,1,1,14,2104470,1985670
2020,소아청소년과,I34,37,56,56,1310180,1064680
2020,소아청소년과,I35,14,42,42,671750,566750
2020,소아청소년과,I36,3,4,4,78180,64380
2020,소아청소년과,I37,12,14,14,242680,220980
2020,소아청소년과,I40,6,8,8,274570,206870
2020,소아청소년과,I42,18,64,64,1307030,1126230
2020,소아청소년과,I43,3,3,3,48420,34020
2020,소아청소년과,I44,4,15,15,194720,169420
2020,소아청소년과,I45,18,42,42,670090,510090
2020,소아청소년과,I47,291,421,423,7011530,5255310
2020,소아청소년과,I48,143,370,370,5585480,4535520
2020,소아청소년과,I49,924,1407,1408,24405800,18692370
2020,소아청소년과,I50,170,441,443,6727260,5549880
2020,소아청소년과,I51,97,124,124,1990030,1598930
2020,소아청소년과,I60,4,8,8,112200,86700
2020,소아청소년과,I61,9,12,12,169960,136660
2020,소아청소년과,I62,1,2,2,36720,34920
2020,소아청소년과,I63,254,820,820,12323470,10185070
2020,소아청소년과,I64,18,49,49,736270,610270
2020,소아청소년과,I65,38,92,92,1568980,1248080
2020,소아청소년과,I66,8,25,24,394350,303650
2020,소아청소년과,I67,269,656,656,9263710,7667610
2020,소아청소년과,I68,21,50,50,715410,570210
2020,소아청소년과,I69,101,530,530,7128160,5783460
2020,소아청소년과,I70,181,299,299,4447550,3505950
2020,소아청소년과,I71,8,9,9,184720,145420
2020,소아청소년과,I72,4,9,9,117660,86060
2020,소아청소년과,I73,2847,6043,6043,94924420,73856320
2020,소아청소년과,I74,43,81,81,1114100,889400
2020,소아청소년과,I77,4,4,4,64900,52600
2020,소아청소년과,I78,88,115,113,4082680,3009280
2020,소아청소년과,I79,14,22,22,633260,469860
2020,소아청소년과,I80,64,129,129,1776080,1363480
2020,소아청소년과,I82,30,78,78,1038220,809920
2020,소아청소년과,I83,630,1404,1404,20072880,15104180
2020,소아청소년과,I86,66,130,130,1893530,1466230
2020,소아청소년과,I87,1157,2425,2425,34572580,25805880
2020,소아청소년과,I88,2126,3128,3285,105743130,82150510
2020,소아청소년과,I89,408,734,736,10925260,8218790
2020,소아청소년과,I95,652,750,750,13412630,9661020
2020,소아청소년과,I97,8,18,18,247750,188350
2020,소아청소년과,I98,4,8,8,113680,91780
2020,소아청소년과,I99,47,73,73,1049890,809290
2020,소아청소년과,J00,481883,1080991,1080878,16737676960,13490564660
2020,소아청소년과,J01,426126,1167566,1167827,17231450240,13533655450
2020,소아청소년과,J02,579132,1203911,1207617,19356730870,15138662850
2020,소아청소년과,J03,507585,982056,994066,17245053620,13387383490
2020,소아청소년과,J04,81158,155173,155335,2453174950,1896489520
2020,소아청소년과,J05,11728,19593,20244,424895600,351302480
2020,소아청소년과,J06,459320,978917,978868,15183704910,12032844370
2020,소아청소년과,J09,4835,6998,6998,108721770,81870970
2020,소아청소년과,J10,57104,87234,94885,2801047520,2345118410
2020,소아청소년과,J11,87638,135769,136893,2267373690,1733835030
2020,소아청소년과,J12,2597,4501,5123,183254000,157822090
2020,소아청소년과,J13,68,82,346,42714250,39293090
2020,소아청소년과,J14,14,21,65,8130400,7449430
2020,소아청소년과,J15,25668,57593,59798,1303369230,1050650590
2020,소아청소년과,J16,3726,6989,7004,231259960,178435220
2020,소아청소년과,J17,93,219,219,3712040,2916640
2020,소아청소년과,J18,106697,262704,290772,9124672730,7720592870
2020,소아청소년과,J20,2187185,7569179,7580514,1.16891E+11,91155275000
2020,소아청소년과,J21,141656,452654,454474,7742476340,6372059540
2020,소아청소년과,J22,73831,200663,200662,3039712530,2373085860
2020,소아청소년과,J30,1102081,2841750,2841841,45048826930,34519914510
2020,소아청소년과,J31,33099,72975,72975,1091982370,845145410
2020,소아청소년과,J32,106714,292454,292499,4331011400,3347063840
2020,소아청소년과,J33,57,81,80,1482110,1097610
2020,소아청소년과,J34,3745,8887,8888,127639900,97690320
2020,소아청소년과,J35,10446,19767,19773,306725450,229271910
2020,소아청소년과,J36,56311,123968,124622,2006522900,1523375930
2020,소아청소년과,J37,1386,3803,3803,55861030,41619970
2020,소아청소년과,J38,285,369,367,9130040,6868540
2020,소아청소년과,J39,28004,58901,58920,915504440,710607680
2020,소아청소년과,J40,77002,181840,181871,2756004750,2109261540
2020,소아청소년과,J41,9996,22141,22141,339833030,259182530
2020,소아청소년과,J42,6060,12693,12703,188100230,146433730
2020,소아청소년과,J43,13,53,53,683680,591480
2020,소아청소년과,J44,588,2213,2213,44000060,33770060
2020,소아청소년과,J45,123911,338695,339594,6010347930,4656464540
2020,소아청소년과,J46,1137,2333,2352,45453920,36087150
2020,소아청소년과,J47,91,237,237,3450530,2721630
2020,소아청소년과,J60,2,5,5,67530,52330
2020,소아청소년과,J63,1,1,1,18180,12780
2020,소아청소년과,J68,10,13,13,214020,158220
2020,소아청소년과,J69,17,18,18,323660,281060
2020,소아청소년과,J70,22,80,80,1045870,835470
2020,소아청소년과,J80,2,2,2,32280,25880
2020,소아청소년과,J81,2,3,3,43100,35300
2020,소아청소년과,J82,3,6,6,178190,125090
2020,소아청소년과,J84,25,85,85,1278280,1075680
2020,소아청소년과,J85,1,1,1,16140,11340
2020,소아청소년과,J86,2,5,5,66900,52200
2020,소아청소년과,J90,5,11,11,445140,332140
2020,소아청소년과,J92,1,2,2,31720,25220
2020,소아청소년과,J93,61,74,73,1407440,1045040
2020,소아청소년과,J95,1,2,2,36280,25480
2020,소아청소년과,J96,8,10,10,179600,136290
2020,소아청소년과,J98,92,130,128,2173560,1669960
2020,소아청소년과,K00,196,201,201,3403550,3015850
2020,소아청소년과,K01,4,4,4,68750,52850
2020,소아청소년과,K02,142,169,169,2797070,2236170
2020,소아청소년과,K03,21,22,22,365420,307620
2020,소아청소년과,K04,254,401,401,6298200,4833200
2020,소아청소년과,K05,4496,7199,7199,110386900,84868290
2020,소아청소년과,K06,98,107,107,1806500,1507900
2020,소아청소년과,K07,354,424,424,6910800,5068000
2020,소아청소년과,K08,145,196,196,3335000,2522600
2020,소아청소년과,K09,408,432,432,7722180,6793180
2020,소아청소년과,K10,31,49,49,695580,536780
2020,소아청소년과,K11,5679,8254,8305,142474540,106244580
2020,소아청소년과,K12,42682,54668,54745,898607400,686952750
2020,소아청소년과,K13,2137,2687,2686,42781870,33386670
2020,소아청소년과,K14,3275,3762,3764,62318130,49268480
2020,소아청소년과,K20,199,375,375,5360050,4061150
2020,소아청소년과,K21,63855,115058,115086,1749528290,1304478590
2020,소아청소년과,K22,263,326,326,5011780,3648580
2020,소아청소년과,K23,11,15,15,228300,161600
2020,소아청소년과,K25,11454,20361,20378,315846570,235353950
2020,소아청소년과,K26,1025,1740,1740,26968720,20025960
2020,소아청소년과,K27,7205,13482,13486,201777230,150212510
2020,소아청소년과,K28,870,1498,1498,24697080,18395580
2020,소아청소년과,K29,175949,271272,271565,4368936970,3226220290
2020,소아청소년과,K30,49800,68124,68116,1074751740,811814030
2020,소아청소년과,K31,3301,4479,4478,81505250,61519150
2020,소아청소년과,K35,1284,1393,1395,28979990,21438050
2020,소아청소년과,K36,81,87,87,2913500,2103400
2020,소아청소년과,K37,589,652,650,23017330,16959150
2020,소아청소년과,K38,106,114,113,2908440,2093140
2020,소아청소년과,K40,1191,1346,1326,25296430,21484830
2020,소아청소년과,K41,50,58,58,1028180,881880
2020,소아청소년과,K42,601,647,646,11849040,10976230
2020,소아청소년과,K43,43,48,48,776630,647230
2020,소아청소년과,K44,1,1,1,20940,14740
2020,소아청소년과,K45,13,14,14,224700,191600
2020,소아청소년과,K46,118,140,140,2300740,1970740
2020,소아청소년과,K50,79,182,208,8774570,7082640
2020,소아청소년과,K51,73,162,162,2477700,2086400
2020,소아청소년과,K52,63926,94484,94403,1511207030,1159710990
2020,소아청소년과,K55,2,6,6,86470,63970
2020,소아청소년과,K56,1528,1837,1860,48226550,39018080
2020,소아청소년과,K57,60,83,93,3310370,2498710
2020,소아청소년과,K58,16111,23308,23306,368227100,276351550
2020,소아청소년과,K59,139129,236989,236849,3817719410,3029351090
2020,소아청소년과,K60,811,930,928,15502500,12840300
2020,소아청소년과,K61,487,936,943,16795900,15020980
2020,소아청소년과,K62,323,405,401,7168710,5884610
2020,소아청소년과,K63,682,965,965,18760400,14274000
2020,소아청소년과,K64,1234,1968,1966,28049170,21739470
2020,소아청소년과,K65,19,19,19,319530,235330
2020,소아청소년과,K70,295,639,640,14018790,10168780
2020,소아청소년과,K71,420,699,699,26370010,18696010
2020,소아청소년과,K72,27,62,62,1691010,1202410
2020,소아청소년과,K73,471,933,932,17299980,12642480
2020,소아청소년과,K74,92,188,189,4390340,3251600
2020,소아청소년과,K75,1876,4138,4134,97152710,71171710
2020,소아청소년과,K76,2948,4852,4865,163018430,117324000
2020,소아청소년과,K77,44,60,60,1701560,1215260
2020,소아청소년과,K80,352,846,862,17461730,12829380
2020,소아청소년과,K81,86,169,174,4827830,3404090
2020,소아청소년과,K82,40,57,56,1799870,1300170
2020,소아청소년과,K83,28,37,37,630840,488240
2020,소아청소년과,K85,55,79,79,3455370,2482870
2020,소아청소년과,K86,141,202,200,3258930,2509530
2020,소아청소년과,K87,7,11,11,271660,191760
2020,소아청소년과,K90,74,86,86,1455670,1148370
2020,소아청소년과,K91,17,29,29,476680,362880
2020,소아청소년과,K92,2476,3344,3341,56054670,43109370
2020,소아청소년과,K93,676,940,940,15619400,11620200
2020,소아청소년과,L00,74,119,196,9645950,8526370
2020,소아청소년과,L01,115103,171426,171483,2895903510,2274414330
2020,소아청소년과,L02,45764,71897,71881,1260595290,962920540
2020,소아청소년과,L03,69994,103812,103954,1852251900,1426367140
2020,소아청소년과,L04,32379,52081,52547,879872030,661656750
2020,소아청소년과,L05,262,343,343,6057020,4897120
2020,소아청소년과,L08,45448,64216,64209,1163871620,903606640
2020,소아청소년과,L10,21,27,27,436800,331500
2020,소아청소년과,L11,118,132,132,2097180,1627680
2020,소아청소년과,L12,64,113,113,5587720,4146420
2020,소아청소년과,L13,770,1066,1066,16664420,12921620
2020,소아청소년과,L14,9,21,21,308980,231880
2020,소아청소년과,L20,210123,353921,353797,6956672210,5586201580
2020,소아청소년과,L21,21242,28737,28733,482849690,404572460
2020,소아청소년과,L22,9362,10574,10575,174439820,151528550
2020,소아청소년과,L23,181106,255649,255563,4284020230,3407844690
2020,소아청소년과,L24,38199,49192,49185,811608450,652821700
2020,소아청소년과,L25,40254,51572,51569,856615160,687912600
2020,소아청소년과,L26,127,134,134,2140980,1631480
2020,소아청소년과,L27,369,490,490,23761540,19581740
2020,소아청소년과,L28,18689,27131,27135,495105580,394400540
2020,소아청소년과,L29,26480,44297,44308,727533520,568539340
2020,소아청소년과,L30,127241,174245,174275,2946975450,2357998280
2020,소아청소년과,L40,1816,3508,3508,62166950,47348250
2020,소아청소년과,L41,60,99,99,1501050,1171750
2020,소아청소년과,L42,518,681,680,10557500,7771500
2020,소아청소년과,L43,80,105,105,1646610,1325810
2020,소아청소년과,L44,465,561,560,8889230,7089930
2020,소아청소년과,L50,291626,445624,445775,8431920140,6543138920
2020,소아청소년과,L51,423,692,719,16090060,13064190
2020,소아청소년과,L52,26,72,72,1026850,797350
2020,소아청소년과,L53,479,546,546,9489120,8068220
2020,소아청소년과,L54,52,62,62,1076290,936890
2020,소아청소년과,L55,169,198,198,3731170,2822470
2020,소아청소년과,L56,55,90,90,1342100,1065500
2020,소아청소년과,L57,115,129,129,2339840,1817140
2020,소아청소년과,L58,1,1,1,22290,15690
2020,소아청소년과,L59,8,8,8,134720,99720
2020,소아청소년과,L60,1658,2346,2344,54034690,40446170
2020,소아청소년과,L62,14,17,17,287630,212930
2020,소아청소년과,L63,568,956,954,15426660,11232460
2020,소아청소년과,L64,151,287,287,4290160,3030060
2020,소아청소년과,L65,512,798,798,15483120,11137120
2020,소아청소년과,L66,341,568,568,9332610,6859810
2020,소아청소년과,L67,14,14,14,111830,81530
2020,소아청소년과,L68,8,8,8,27030,24530
2020,소아청소년과,L70,3216,5122,5119,76418130,55307830
2020,소아청소년과,L71,302,474,474,7065390,5398190
2020,소아청소년과,L72,634,915,915,24154500,17745400
2020,소아청소년과,L73,740,1162,1161,18228580,13349680
2020,소아청소년과,L74,5904,6455,6455,108119240,92282940
2020,소아청소년과,L75,58,60,60,974010,809610
2020,소아청소년과,L80,171,206,204,3272100,2662500
2020,소아청소년과,L81,665,769,767,10728800,8286600
2020,소아청소년과,L82,58,71,71,1123400,885300
2020,소아청소년과,L83,59,89,89,3138100,2241100
2020,소아청소년과,L84,2528,3299,3299,103524930,74475820
2020,소아청소년과,L85,36562,56459,56459,952995020,771298990
2020,소아청소년과,L86,49,54,54,976200,775400
2020,소아청소년과,L87,15,17,17,276180,210480
2020,소아청소년과,L88,3,5,5,81220,69720
2020,소아청소년과,L89,85,255,254,5688520,4481020
2020,소아청소년과,L90,397,436,436,7060890,5447830
2020,소아청소년과,L91,626,722,721,13456580,10186010
2020,소아청소년과,L92,1510,2365,2364,66198780,59305580
2020,소아청소년과,L93,26,44,44,824180,621580
2020,소아청소년과,L94,18,24,24,367110,312020
2020,소아청소년과,L95,40,54,54,890430,669730
2020,소아청소년과,L97,3,17,17,289160,218560
2020,소아청소년과,L98,2272,4514,4513,98246570,91410970
2020,소아청소년과,L99,25,30,30,604590,537390
2020,소아청소년과,M00,109,188,208,4923710,4080530
2020,소아청소년과,M01,123,201,201,3095970,2243050
2020,소아청소년과,M02,233,360,360,5825620,4357620
2020,소아청소년과,M03,8,9,9,140650,110850
2020,소아청소년과,M05,127,325,325,4860840,3959840
2020,소아청소년과,M06,710,1684,1683,25749470,20256580
2020,소아청소년과,M07,70,208,208,12040560,8524860
2020,소아청소년과,M08,22,62,62,899880,745480
2020,소아청소년과,M09,4,4,4,57830,46230
2020,소아청소년과,M10,2281,5985,5987,96982040,71639380
2020,소아청소년과,M11,28,75,75,1017970,785070
2020,소아청소년과,M12,524,841,845,13934540,10607880
2020,소아청소년과,M13,11275,26451,26447,422601830,328769040
2020,소아청소년과,M14,26,65,65,905430,696030
2020,소아청소년과,M15,3357,8078,8077,120065600,94765300
2020,소아청소년과,M16,182,275,274,4378790,3579790
2020,소아청소년과,M17,2376,7808,7806,135620330,108229760
2020,소아청소년과,M18,7,9,9,154590,115390
2020,소아청소년과,M19,2344,5664,5664,83747630,65817930
2020,소아청소년과,M20,105,123,123,2805510,2152810
2020,소아청소년과,M21,730,927,924,14944240,11772840
2020,소아청소년과,M22,40,64,64,992110,766110
2020,소아청소년과,M23,58,113,113,1963910,1501610
2020,소아청소년과,M24,799,1653,1663,30237260,23418780
2020,소아청소년과,M25,8735,15359,15367,253581150,190010110
2020,소아청소년과,M30,663,956,1171,70997370,64330450
2020,소아청소년과,M31,3,3,3,51770,42570
2020,소아청소년과,M32,34,101,101,2055350,1692550
2020,소아청소년과,M33,170,247,247,4889470,3519570
2020,소아청소년과,M34,3,4,4,55990,49290
2020,소아청소년과,M35,145,409,408,8599840,7014640
2020,소아청소년과,M36,4,4,4,54690,41390
2020,소아청소년과,M40,14,41,41,579510,420610
2020,소아청소년과,M41,422,753,751,18008900,13009000
2020,소아청소년과,M42,11,21,21,260740,226940
2020,소아청소년과,M43,775,1023,1021,18129610,16445160
2020,소아청소년과,M45,303,507,523,9330980,7706790
2020,소아청소년과,M46,55,100,100,1397850,1033150
2020,소아청소년과,M47,210,1082,1082,18627330,14012930
2020,소아청소년과,M48,1049,3681,3681,55981530,47711730
2020,소아청소년과,M49,22,45,45,534290,447390
2020,소아청소년과,M50,194,381,381,5856330,4398230
2020,소아청소년과,M51,268,1108,1108,16541150,13211790
2020,소아청소년과,M53,1547,2241,2198,61871690,50051220
2020,소아청소년과,M54,17962,42930,42925,739731440,565429330
2020,소아청소년과,M60,1991,3306,3306,69614100,52601960
2020,소아청소년과,M61,10,20,20,326310,260510
2020,소아청소년과,M62,3317,4904,4903,79391650,59538920
2020,소아청소년과,M63,4,5,5,67490,52390
2020,소아청소년과,M65,844,1332,1328,22308550,16979120
2020,소아청소년과,M66,6,12,12,170300,125600
2020,소아청소년과,M67,589,731,738,13154110,10157180
2020,소아청소년과,M68,2,3,3,41740,29340
2020,소아청소년과,M70,203,267,269,4662500,3623090
2020,소아청소년과,M71,37,50,50,889340,697840
2020,소아청소년과,M72,619,1034,1034,16557710,12420710
2020,소아청소년과,M73,5,8,8,126660,103860
2020,소아청소년과,M75,1317,2963,2962,58481670,43900370
2020,소아청소년과,M76,49,89,89,1390050,1007750
2020,소아청소년과,M77,486,971,972,18238330,13585650
2020,소아청소년과,M79,47729,88958,88983,1707989290,1298703070
2020,소아청소년과,M80,102,297,297,4563640,3630140
2020,소아청소년과,M81,1706,4512,4512,95728040,72806740
2020,소아청소년과,M82,49,130,130,2116440,1729040
2020,소아청소년과,M83,41,90,90,1364230,1119830
2020,소아청소년과,M84,28,34,39,1398300,1204560
2020,소아청소년과,M85,38,45,45,889660,686460
2020,소아청소년과,M86,7,14,14,202200,156900
2020,소아청소년과,M87,3,10,10,55360,38960
2020,소아청소년과,M88,1,1,1,16140,11340
2020,소아청소년과,M89,895,1696,1694,37822670,28422870
2020,소아청소년과,M90,3,3,3,56840,42340
2020,소아청소년과,M91,17,19,19,296900,233200
2020,소아청소년과,M92,24,26,26,420840,330140
2020,소아청소년과,M93,2,6,6,92240,64840
2020,소아청소년과,M94,219,282,281,5865630,4267830
2020,소아청소년과,M95,89,120,119,1907450,1566350
2020,소아청소년과,M96,5,11,11,164010,142010
2020,소아청소년과,M99,94,133,139,2596010,2065020
2020,소아청소년과,N00,178,329,395,16586940,13635300
2020,소아청소년과,N01,3,7,7,115060,80760
2020,소아청소년과,N02,191,247,257,5692190,4445210
2020,소아청소년과,N03,14,23,23,452850,325350
2020,소아청소년과,N04,93,196,196,3836980,2864980
2020,소아청소년과,N05,32,60,60,812920,598720
2020,소아청소년과,N06,66,107,107,1884230,1368730
2020,소아청소년과,N07,2,2,2,35040,29040
2020,소아청소년과,N08,11,26,26,543680,404180
2020,소아청소년과,N10,1783,3291,4686,238396130,207343560
2020,소아청소년과,N11,37,59,59,1011340,779740
2020,소아청소년과,N12,379,604,793,36366680,31726160
2020,소아청소년과,N13,254,439,439,19856340,17843250
2020,소아청소년과,N14,1,1,1,11540,8140
2020,소아청소년과,N15,18,40,40,772140,553940
2020,소아청소년과,N17,15,44,48,1278980,956290
2020,소아청소년과,N18,61,195,195,3538660,2816160
2020,소아청소년과,N19,31,140,140,2159300,1739400
2020,소아청소년과,N20,113,166,190,6032110,4552070
2020,소아청소년과,N21,91,117,117,2337030,1715330
2020,소아청소년과,N22,7,9,11,437410,346240
2020,소아청소년과,N23,6,6,6,189210,140010
2020,소아청소년과,N25,7,7,7,112380,80080
2020,소아청소년과,N26,3,5,5,250540,185040
2020,소아청소년과,N27,42,51,51,802140,632040
2020,소아청소년과,N28,53,67,76,2776490,2319630
2020,소아청소년과,N29,14,16,16,290620,237320
2020,소아청소년과,N30,31555,54333,54936,1064926400,819570250
2020,소아청소년과,N31,2579,4671,4671,69411270,54539770
2020,소아청소년과,N32,411,655,655,11741650,9183530
2020,소아청소년과,N33,9,9,9,154120,114920
2020,소아청소년과,N34,4561,6917,6921,118045360,90439150
2020,소아청소년과,N35,2,2,2,33210,24910
2020,소아청소년과,N36,19,20,20,340040,265440
2020,소아청소년과,N37,316,498,498,8025630,6207830
2020,소아청소년과,N39,45804,75140,77193,1787141800,1447742040
2020,소아청소년과,N40,4042,13062,13062,177030210,144277970
2020,소아청소년과,N41,147,281,281,4136490,3274190
2020,소아청소년과,N42,88,184,184,2367280,1889480
2020,소아청소년과,N43,509,588,582,13717920,12187020
2020,소아청소년과,N44,49,50,50,845830,646130
2020,소아청소년과,N45,289,375,374,6478810,4785910
2020,소아청소년과,N47,413,765,763,27420410,21622810
2020,소아청소년과,N48,21538,27620,27615,462210520,363513980
2020,소아청소년과,N49,40,49,49,824200,647600
2020,소아청소년과,N50,49,121,121,1863760,1406360
2020,소아청소년과,N51,299,400,400,6817610,5305510
2020,소아청소년과,N60,55,69,75,1774600,1308010
2020,소아청소년과,N61,393,542,542,8736910,6174610
2020,소아청소년과,N62,726,824,818,17566480,12757780
2020,소아청소년과,N63,190,205,205,3300900,2442100
2020,소아청소년과,N64,656,742,740,13124730,9607130
2020,소아청소년과,N70,91,161,161,16603300,11539510
2020,소아청소년과,N71,212,432,432,37698860,26321580
2020,소아청소년과,N72,40,72,72,4138480,2902160
2020,소아청소년과,N73,99,159,172,3995340,2938960
2020,소아청소년과,N74,55,131,131,8671480,5960630
2020,소아청소년과,N75,5,19,19,783050,553550
2020,소아청소년과,N76,5032,7057,7056,142217430,107008690
2020,소아청소년과,N77,189,290,290,4234270,3148970
2020,소아청소년과,N80,39,136,136,2289550,1610050
2020,소아청소년과,N81,7,10,10,254210,198010
2020,소아청소년과,N82,1,1,1,14060,9860
2020,소아청소년과,N83,47,59,59,3791940,2466160
2020,소아청소년과,N84,20,30,30,1562710,1109510
2020,소아청소년과,N85,11,36,36,1808110,1252280
2020,소아청소년과,N86,3,3,3,387470,271370
2020,소아청소년과,N87,67,152,152,17742000,12429400
2020,소아청소년과,N88,3,4,4,217880,152780
2020,소아청소년과,N89,57,69,69,1367860,1181660
2020,소아청소년과,N90,170,201,201,3389050,2869550
2020,소아청소년과,N91,441,755,754,72228230,50009070
2020,소아청소년과,N92,262,430,428,30455480,21230620
2020,소아청소년과,N93,559,1203,1203,126848700,88099040
2020,소아청소년과,N94,11746,17236,17236,282683910,199625210
2020,소아청소년과,N95,2438,7865,7865,140710020,101875940
2020,소아청소년과,N96,6,60,60,794360,558760
2020,소아청소년과,N97,194,1625,1625,22822180,16279280
2020,소아청소년과,N98,3,4,4,63040,44240
2020,소아청소년과,N99,3,3,3,61760,43360
2020,소아청소년과,O00,1,2,2,23140,16340
2020,소아청소년과,O01,1,2,2,67810,47610
2020,소아청소년과,O02,2,2,2,257650,231950
2020,소아청소년과,O03,1,1,1,16140,11340
2020,소아청소년과,O04,1,3,3,0,0
2020,소아청소년과,O07,1,1,1,11540,8140
2020,소아청소년과,O08,7,13,13,173900,122300
2020,소아청소년과,O10,1,1,1,16140,11340
2020,소아청소년과,O13,1,2,2,27680,19480
2020,소아청소년과,O20,8,33,33,1211910,1022510
2020,소아청소년과,O21,15,27,27,405380,302780
2020,소아청소년과,O22,1,1,1,16140,11340
2020,소아청소년과,O24,7,10,10,191520,134520
2020,소아청소년과,O25,1,2,2,37350,26250
2020,소아청소년과,O26,16,42,42,594720,421520
2020,소아청소년과,O28,3,3,3,43820,30820
2020,소아청소년과,O34,2,2,2,38750,27250
2020,소아청소년과,O35,1,1,1,51890,36390
2020,소아청소년과,O48,1,1,1,20140,14140
2020,소아청소년과,O60,1,1,1,20140,14140
2020,소아청소년과,O70,1,1,1,16140,11340
2020,소아청소년과,O85,1,1,1,16140,11340
2020,소아청소년과,O86,2,2,2,38750,27250
2020,소아청소년과,O87,1,1,1,16140,11340
2020,소아청소년과,O90,2,2,2,27680,19480
2020,소아청소년과,O91,277,376,376,6036850,4248250
2020,소아청소년과,O92,421,454,454,7443050,5230750
2020,소아청소년과,O94,2,11,11,157080,110180
2020,소아청소년과,O99,16,32,32,681250,533950
2020,소아청소년과,P00,2,2,2,148090,137190
2020,소아청소년과,P01,2,2,2,37840,36040
2020,소아청소년과,P02,2,3,3,171880,163380
2020,소아청소년과,P03,57,112,112,1977320,1884520
2020,소아청소년과,P05,159,617,615,95968090,68072890
2020,소아청소년과,P07,323,1576,1575,24385990,23137490
2020,소아청소년과,P08,7,7,7,140810,133910
2020,소아청소년과,P10,2,2,2,33310,32410
2020,소아청소년과,P11,1,1,1,15490,14790
2020,소아청소년과,P12,223,268,267,5135030,4887130
2020,소아청소년과,P13,190,253,253,6245300,5942600
2020,소아청소년과,P14,2,2,2,36820,35020
2020,소아청소년과,P15,7,7,7,123430,117430
2020,소아청소년과,P21,3,3,3,57510,52810
2020,소아청소년과,P22,198,600,600,9581430,8883230
2020,소아청소년과,P23,10,25,25,557070,408270
2020,소아청소년과,P24,9,10,10,190760,178760
2020,소아청소년과,P27,10,30,30,11469130,10878530
2020,소아청소년과,P28,205,246,246,4458690,4220590
2020,소아청소년과,P29,26,31,31,619890,585790
2020,소아청소년과,P35,4,4,4,81720,64720
2020,소아청소년과,P36,72,76,76,1528230,1456530
2020,소아청소년과,P37,16,20,20,327850,283950
2020,소아청소년과,P38,5513,11007,11005,250698980,238456180
2020,소아청소년과,P39,1083,1277,1283,23939550,22734550
2020,소아청소년과,P50,1,1,1,19750,18850
2020,소아청소년과,P51,133,271,275,7977280,7556630
2020,소아청소년과,P52,1,1,1,18410,17510
2020,소아청소년과,P54,74,77,77,1520870,1447470
2020,소아청소년과,P57,2,2,2,36820,35020
2020,소아청소년과,P58,29,37,37,731460,694060
2020,소아청소년과,P59,9824,28277,28432,688197910,655555240
2020,소아청소년과,P61,29,35,35,815150,760750
2020,소아청소년과,P70,2,2,2,38210,36410
2020,소아청소년과,P71,5,5,5,90610,86210
2020,소아청소년과,P72,46,56,56,1931880,1837580
2020,소아청소년과,P74,23,28,28,1528540,1453240
2020,소아청소년과,P76,5,6,6,112340,106940
2020,소아청소년과,P78,368,462,462,8307240,7878040
2020,소아청소년과,P80,2,2,2,190860,181360
2020,소아청소년과,P81,90,96,94,1706180,1625480
2020,소아청소년과,P83,2437,4028,4024,94841060,89939360
2020,소아청소년과,P90,43,46,46,836330,796130
2020,소아청소년과,P91,196,285,285,5309690,5053590
2020,소아청소년과,P92,2448,2759,2757,52206130,49491430
2020,소아청소년과,P94,9,9,9,144420,138220
2020,소아청소년과,P96,83,108,108,1953330,1859130
2020,소아청소년과,Q02,34,37,36,558480,512980
2020,소아청소년과,Q03,85,103,103,1904720,1800820
2020,소아청소년과,Q04,4,7,7,119850,106750
2020,소아청소년과,Q05,66,73,73,1292970,1207770
2020,소아청소년과,Q06,220,263,263,6699450,6281250
2020,소아청소년과,Q07,7,12,12,165200,142500
2020,소아청소년과,Q10,137,153,152,2699810,2523910
2020,소아청소년과,Q11,4,4,4,71110,64910
2020,소아청소년과,Q12,1,1,1,20140,16140
2020,소아청소년과,Q13,1,1,1,18410,17510
2020,소아청소년과,Q14,1,1,1,11540,8140
2020,소아청소년과,Q15,5,7,7,238310,221610
2020,소아청소년과,Q16,3,3,3,55230,52530
2020,소아청소년과,Q17,315,390,390,7509770,6954770
2020,소아청소년과,Q18,161,246,244,3965050,3277550
2020,소아청소년과,Q20,25,66,66,1253340,1127140
2020,소아청소년과,Q21,1351,2087,2082,54691960,49718060
2020,소아청소년과,Q22,58,97,97,2314370,1986070
2020,소아청소년과,Q23,21,57,57,1978370,1757670
2020,소아청소년과,Q24,134,163,163,2828190,2504090
2020,소아청소년과,Q25,509,793,793,20522780,19268480
2020,소아청소년과,Q26,6,22,22,646120,574520
2020,소아청소년과,Q27,11,14,14,500420,467520
2020,소아청소년과,Q28,8,14,14,204670,161470
2020,소아청소년과,Q30,14,17,17,541360,430560
2020,소아청소년과,Q31,188,213,212,4015460,3808660
2020,소아청소년과,Q32,25,44,44,796010,754710
2020,소아청소년과,Q33,6,6,6,97480,77480
2020,소아청소년과,Q34,1,1,1,12970,12370
2020,소아청소년과,Q35,52,65,61,1019090,894390
2020,소아청소년과,Q36,20,21,21,348480,283780
2020,소아청소년과,Q37,10,11,11,245980,222080
2020,소아청소년과,Q38,15290,21241,21239,1052767370,983423970
2020,소아청소년과,Q39,4,4,4,114710,109110
2020,소아청소년과,Q40,83,93,93,3552530,3373830
2020,소아청소년과,Q41,3,3,3,187900,178600
2020,소아청소년과,Q42,8,12,12,189060,159660
2020,소아청소년과,Q43,33,39,37,644060,551260
2020,소아청소년과,Q44,14,32,32,925950,786650
2020,소아청소년과,Q45,2,3,3,49390,44190
2020,소아청소년과,Q50,2,3,2,37750,26550
2020,소아청소년과,Q51,1,2,2,189590,132790
2020,소아청소년과,Q52,395,535,535,29122590,26035090
2020,소아청소년과,Q53,587,707,695,12920730,11126230
2020,소아청소년과,Q54,51,55,54,1163490,1070290
2020,소아청소년과,Q55,199,259,255,4202210,3518510
2020,소아청소년과,Q56,4,5,5,79830,76030
2020,소아청소년과,Q60,6,9,9,292580,218580
2020,소아청소년과,Q61,39,47,47,2181430,1695330
2020,소아청소년과,Q62,70,86,89,5622050,5190340
2020,소아청소년과,Q63,15,16,16,268670,241870
2020,소아청소년과,Q64,12,14,13,236180,203580
2020,소아청소년과,Q65,732,876,862,15017700,14109300
2020,소아청소년과,Q66,322,348,344,5858450,4908350
2020,소아청소년과,Q67,2204,2567,2540,59874240,55730340
2020,소아청소년과,Q68,841,966,947,16863480,15853780
2020,소아청소년과,Q69,44,54,53,911750,836550
2020,소아청소년과,Q70,36,47,47,871150,787150
2020,소아청소년과,Q71,1,1,1,12130,9630
2020,소아청소년과,Q72,7,7,7,175360,143060
2020,소아청소년과,Q74,195,232,229,3746970,3088670
2020,소아청소년과,Q75,409,495,488,8127910,7595610
2020,소아청소년과,Q76,377,417,414,7596590,7038490
2020,소아청소년과,Q77,14,17,17,280410,237210
2020,소아청소년과,Q78,6,9,9,158980,133780
2020,소아청소년과,Q79,91,101,101,1799350,1671350
2020,소아청소년과,Q80,13,18,18,294010,218410
2020,소아청소년과,Q81,19,58,58,1405080,1148480
2020,소아청소년과,Q82,405,464,462,8402870,7432570
2020,소아청소년과,Q83,26,35,34,649300,527800
2020,소아청소년과,Q84,19,22,22,731210,592310
2020,소아청소년과,Q85,206,263,261,4353200,3710800
2020,소아청소년과,Q87,47,135,135,6184560,5555760
2020,소아청소년과,Q89,40,55,70,1780490,1520330
2020,소아청소년과,Q90,99,344,344,6772260,6009160
2020,소아청소년과,Q91,1,9,9,139100,125500
2020,소아청소년과,Q92,2,3,3,558120,478520
2020,소아청소년과,Q93,36,100,100,1391870,1253870
2020,소아청소년과,Q96,7,10,10,993740,892540
2020,소아청소년과,Q97,1,1,1,18410,17510
2020,소아청소년과,Q98,5,21,21,305830,270130
2020,소아청소년과,Q99,14,22,22,384460,350960
2020,소아청소년과,R00,1364,1783,1789,32076930,23877540
2020,소아청소년과,R01,3028,3605,3571,71700900,64341600
2020,소아청소년과,R03,327,387,387,6680270,4922770
2020,소아청소년과,R04,5506,6400,6399,128616210,98832320
2020,소아청소년과,R05,3003,5067,5065,78692270,62227370
2020,소아청소년과,R06,4702,10084,10081,159229460,128204030
2020,소아청소년과,R07,5796,6821,6802,127745120,93456080
2020,소아청소년과,R09,6632,10898,10898,166836310,128099840
2020,소아청소년과,R10,70748,94724,94743,1836045860,1382583220
2020,소아청소년과,R11,96057,125242,125345,2090084260,1598410420
2020,소아청소년과,R12,1919,2620,2620,40036930,29218930
2020,소아청소년과,R13,71,101,112,3172940,2748230
2020,소아청소년과,R14,678,785,785,13559550,10222450
2020,소아청소년과,R15,38,41,40,668750,523050
2020,소아청소년과,R16,12,12,12,529020,457720
2020,소아청소년과,R17,608,769,767,17122780,15259280
2020,소아청소년과,R18,5,5,5,112580,86080
2020,소아청소년과,R19,1116,1618,1615,26343770,21748370
2020,소아청소년과,R20,87,98,98,1604420,1224120
2020,소아청소년과,R21,15029,18454,18452,303177230,250677090
2020,소아청소년과,R22,1221,1398,1386,24223490,19647590
2020,소아청소년과,R23,1527,1708,1699,32582460,26032070
2020,소아청소년과,R25,844,1054,1050,17384650,13889150
2020,소아청소년과,R26,779,887,882,14734910,11997810
2020,소아청소년과,R27,5,6,6,100910,81710
2020,소아청소년과,R29,427,516,516,8773530,6839230
2020,소아청소년과,R30,723,952,950,18899130,14699630
2020,소아청소년과,R31,1342,1796,1790,36276030,27656510
2020,소아청소년과,R32,748,1470,1462,22746730,18027530
2020,소아청소년과,R33,66,71,70,1208690,941590
2020,소아청소년과,R34,44,49,49,893720,714810
2020,소아청소년과,R35,3514,5220,5203,86964370,66650370
2020,소아청소년과,R36,29,35,35,590660,502160
2020,소아청소년과,R39,703,852,852,16403600,12983500
2020,소아청소년과,R40,22,23,23,421160,328360
2020,소아청소년과,R41,260,610,609,8535600,6934300
2020,소아청소년과,R42,12009,15823,15824,318166830,235465470
2020,소아청소년과,R43,29,32,32,518090,388690
2020,소아청소년과,R44,56,76,75,1975020,1530420
2020,소아청소년과,R45,914,1148,1148,22365510,18641110
2020,소아청소년과,R46,94,129,129,2461140,1938640
2020,소아청소년과,R47,1352,2360,2356,39693530,31545930
2020,소아청소년과,R48,7,7,7,184560,144360
2020,소아청소년과,R49,1015,1163,1163,27616640,20776140
2020,소아청소년과,R50,65424,97850,98770,1924137350,1566093680
2020,소아청소년과,R51,30416,40481,40468,640862800,466732860
2020,소아청소년과,R52,6991,12571,12582,208704930,157569540
2020,소아청소년과,R53,771,955,955,18665660,13616460
2020,소아청소년과,R54,30,44,44,681160,607960
2020,소아청소년과,R55,604,680,678,14647830,10743190
2020,소아청소년과,R56,1128,1550,1616,42539290,36114520
2020,소아청소년과,R57,29,46,46,656390,509890
2020,소아청소년과,R58,41,45,45,836370,659370
2020,소아청소년과,R59,991,1263,1268,21414500,16666720
2020,소아청소년과,R60,1666,3010,3008,54265860,40686290
2020,소아청소년과,R61,146,170,170,2850520,2109320
2020,소아청소년과,R62,5527,15766,15695,369728940,287061180
2020,소아청소년과,R63,2635,3234,3230,70605390,55558800
2020,소아청소년과,R64,7,12,12,159550,132750
2020,소아청소년과,R65,6,8,8,140320,113620
2020,소아청소년과,R68,142051,166555,166366,2863377980,2035703680
2020,소아청소년과,R69,90,91,91,1490960,1200160
2020,소아청소년과,R71,3,3,3,42350,31150
2020,소아청소년과,R72,81,102,101,4700300,3589800
2020,소아청소년과,R73,1810,2347,2347,52302340,39770140
2020,소아청소년과,R74,42,50,50,1487350,1099050
2020,소아청소년과,R76,117,198,196,4476210,2855770
2020,소아청소년과,R77,9,11,11,177020,136120
2020,소아청소년과,R78,192,295,295,4450320,3617520
2020,소아청소년과,R79,14,15,15,387350,289150
2020,소아청소년과,R80,456,577,582,13112390,9935880
2020,소아청소년과,R81,253,550,550,9201980,7063380
2020,소아청소년과,R82,629,774,773,14089810,11134810
2020,소아청소년과,R83,1,1,1,14900,14900
2020,소아청소년과,R84,5,5,5,85660,75360
2020,소아청소년과,R85,1,1,1,20140,14140
2020,소아청소년과,R86,3,3,3,32280,22680
2020,소아청소년과,R87,39,69,69,7594560,5336060
2020,소아청소년과,R89,8,10,10,168680,145680
2020,소아청소년과,R90,2,2,2,29950,25650
2020,소아청소년과,R91,12,14,13,233720,172620
2020,소아청소년과,R92,2,2,2,47850,33550
2020,소아청소년과,R93,19,23,23,450500,390100
2020,소아청소년과,R94,969,1375,1379,53821080,39444500
2020,소아청소년과,S00,27880,34451,34446,660683170,532774890
2020,소아청소년과,S01,10300,15536,15519,322548140,254092170
2020,소아청소년과,S02,186,207,207,4320190,3620890
2020,소아청소년과,S03,204,246,246,4175670,3158470
2020,소아청소년과,S04,6,10,10,195550,174950
2020,소아청소년과,S05,193,214,212,3749130,3013130
2020,소아청소년과,S06,1568,1692,1689,35280870,30511870
2020,소아청소년과,S07,244,362,362,7855790,6283730
2020,소아청소년과,S08,13,18,18,364150,279050
2020,소아청소년과,S09,952,1272,1271,24553930,20318120
2020,소아청소년과,S10,402,451,451,8371410,6561090
2020,소아청소년과,S11,215,325,324,8386270,6259870
2020,소아청소년과,S13,1527,2533,2530,40124930,29787030
2020,소아청소년과,S14,12,34,34,491310,354210
2020,소아청소년과,S15,2,2,2,36020,28820
2020,소아청소년과,S16,27,36,36,493900,363500
2020,소아청소년과,S19,60,67,70,3252150,2656510
2020,소아청소년과,S20,522,683,683,13040670,10050200
2020,소아청소년과,S21,96,209,209,4274780,3219680
2020,소아청소년과,S22,56,86,87,1973780,1482430
2020,소아청소년과,S23,664,1053,1053,18874160,14408560
2020,소아청소년과,S25,1,1,1,17070,13570
2020,소아청소년과,S26,1,3,3,61150,42950
2020,소아청소년과,S27,4,4,4,66230,51130
2020,소아청소년과,S28,1,1,1,16140,11340
2020,소아청소년과,S29,7,8,8,134690,112890
2020,소아청소년과,S30,1098,1505,1505,28888320,22774860
2020,소아청소년과,S31,581,881,881,17350630,13367130
2020,소아청소년과,S32,15,22,36,1817390,1427910
2020,소아청소년과,S33,3980,9759,9761,158952230,123274280
2020,소아청소년과,S34,5,7,7,109090,79190
2020,소아청소년과,S35,3,17,17,272650,245350
2020,소아청소년과,S36,3,3,3,67610,58010
2020,소아청소년과,S37,8,10,10,148260,116060
2020,소아청소년과,S38,7,9,9,162670,119470
2020,소아청소년과,S39,11,20,20,406550,318650
2020,소아청소년과,S40,525,789,788,14999900,11507820
2020,소아청소년과,S41,215,435,435,9092940,6933240
2020,소아청소년과,S42,140,204,222,5365820,4598560
2020,소아청소년과,S43,1708,3275,3275,57882500,44209980
2020,소아청소년과,S45,5,7,7,147950,105550
2020,소아청소년과,S46,153,246,246,5535410,4069360
2020,소아청소년과,S47,2,2,2,27680,19480
2020,소아청소년과,S49,14,20,20,376210,282910
2020,소아청소년과,S50,2222,3146,3143,63459990,48169230
2020,소아청소년과,S51,1051,1938,1943,42449410,32001470
2020,소아청소년과,S52,47,101,99,2013290,1477170
2020,소아청소년과,S53,2315,3000,2998,153413040,122728480
2020,소아청소년과,S54,3,4,4,67320,56720
2020,소아청소년과,S55,4,4,4,145560,102160
2020,소아청소년과,S56,12,18,18,433880,320880
2020,소아청소년과,S57,13,23,23,479720,343320
2020,소아청소년과,S59,20,33,33,712190,562690
2020,소아청소년과,S60,9284,12227,12241,286678340,219684760
2020,소아청소년과,S61,8656,14691,14686,317722640,239390900
2020,소아청소년과,S62,145,208,208,4884020,3650020
2020,소아청소년과,S63,1340,1963,1961,44143170,33019210
2020,소아청소년과,S64,3,7,7,90910,65610
2020,소아청소년과,S65,306,461,461,9955300,7567150
2020,소아청소년과,S66,139,179,179,3795530,2860130
2020,소아청소년과,S67,151,220,219,4677650,3537450
2020,소아청소년과,S68,3,4,4,107610,75510
2020,소아청소년과,S69,271,390,390,8635570,6619970
2020,소아청소년과,S70,758,909,909,17772500,13511680
2020,소아청소년과,S71,195,326,326,6981050,5102170
2020,소아청소년과,S72,10,15,15,415030,347830
2020,소아청소년과,S73,323,451,438,7790630,6527930
2020,소아청소년과,S74,1,3,3,4230,3030
2020,소아청소년과,S75,4,4,4,57810,44910
2020,소아청소년과,S76,39,51,51,978350,734750
2020,소아청소년과,S77,4,5,5,85140,68740
2020,소아청소년과,S79,10,21,21,506130,372430
2020,소아청소년과,S80,5790,9058,9074,188204370,141524510
2020,소아청소년과,S81,2905,5529,5525,119275060,87685860
2020,소아청소년과,S82,28,39,49,2105880,1797700
2020,소아청소년과,S83,1016,2069,2069,39929500,29667600
2020,소아청소년과,S84,1,1,1,11560,10060
2020,소아청소년과,S85,10,14,14,261270,198470
2020,소아청소년과,S86,26,53,53,984810,698910
2020,소아청소년과,S87,97,157,157,3241550,2367810
2020,소아청소년과,S89,101,169,169,3487530,2602550
2020,소아청소년과,S90,5298,7087,7084,156121590,120493030
2020,소아청소년과,S91,3215,5454,5452,116477200,88222920
2020,소아청소년과,S92,79,109,116,3734590,2835270
2020,소아청소년과,S93,1723,2491,2491,46769120,34964520
2020,소아청소년과,S94,1,1,1,16140,11340
2020,소아청소년과,S95,43,55,55,1081430,831330
2020,소아청소년과,S96,52,88,88,1656900,1291300
2020,소아청소년과,S97,89,147,147,2993900,2241600
2020,소아청소년과,S99,112,163,163,3352760,2515360
2020,소아청소년과,T00,5401,9701,9706,188952300,148181650
2020,소아청소년과,T01,1546,2339,2339,48101850,37754020
2020,소아청소년과,T02,8,35,35,705190,511990
2020,소아청소년과,T03,142,171,171,2936040,2234240
2020,소아청소년과,T04,8,19,19,388170,274170
2020,소아청소년과,T05,3,3,3,117290,82190
2020,소아청소년과,T06,11,15,15,306760,229660
2020,소아청소년과,T07,4,4,4,122500,88100
2020,소아청소년과,T08,2,2,2,51880,41080
2020,소아청소년과,T09,253,371,371,7854600,5978010
2020,소아청소년과,T10,35,55,55,1672440,1240740
2020,소아청소년과,T11,146,228,228,4867320,3681490
2020,소아청소년과,T12,2,2,2,46980,35480
2020,소아청소년과,T13,496,831,831,17034460,12726570
2020,소아청소년과,T14,36247,50128,50128,1006218490,791140710
2020,소아청소년과,T15,200,231,231,6827010,5039450
2020,소아청소년과,T16,8676,9944,9942,306962520,241745950
2020,소아청소년과,T17,5246,5604,5600,157412880,121924580
2020,소아청소년과,T18,1258,1376,1373,29632740,24410340
2020,소아청소년과,T19,6,9,9,260350,194750
2020,소아청소년과,T20,595,1104,1101,39709420,29945560
2020,소아청소년과,T21,786,1735,1735,59484400,44194280
2020,소아청소년과,T22,1277,3367,3367,124224890,90708600
2020,소아청소년과,T23,8302,18072,18056,711593870,541318370
2020,소아청소년과,T24,1198,3553,3551,129192530,96010140
2020,소아청소년과,T25,1022,2817,2817,111258530,83106240
2020,소아청소년과,T26,16,27,27,824820,649620
2020,소아청소년과,T27,2,2,2,37210,27710
2020,소아청소년과,T28,30,35,35,613120,486720
2020,소아청소년과,T29,325,658,658,25058650,19154950
2020,소아청소년과,T30,5016,9804,9814,405959100,311969950
2020,소아청소년과,T31,195,368,368,14286190,10909890
2020,소아청소년과,T33,67,87,87,1664040,1259910
2020,소아청소년과,T35,16,20,20,450880,321180
2020,소아청소년과,T36,2,2,2,29200,25900
2020,소아청소년과,T37,1,1,1,21070,16670
2020,소아청소년과,T39,1,1,1,16140,11340
2020,소아청소년과,T42,1,1,3,246300,226630
2020,소아청소년과,T44,1,1,1,13340,9340
2020,소아청소년과,T45,5,5,5,82760,68260
2020,소아청소년과,T47,3,3,3,58300,44700
2020,소아청소년과,T48,5,5,5,86010,68210
2020,소아청소년과,T49,19,20,20,426080,348370
2020,소아청소년과,T50,13,14,14,236460,203360
2020,소아청소년과,T51,5,6,6,119090,85190
2020,소아청소년과,T52,3,3,3,74580,64880
2020,소아청소년과,T55,3,3,3,59220,46920
2020,소아청소년과,T58,1,1,1,20140,16140
2020,소아청소년과,T59,1,1,1,16140,11340
2020,소아청소년과,T60,3,3,3,50690,40190
2020,소아청소년과,T61,3,3,3,53350,39050
2020,소아청소년과,T62,11,12,12,406090,371790
2020,소아청소년과,T63,2162,2620,2620,42650700,33111300
2020,소아청소년과,T64,1,1,1,16140,11340
2020,소아청소년과,T65,42,43,43,717940,604240
2020,소아청소년과,T67,689,1171,1173,20723230,15638210
2020,소아청소년과,T68,28,32,32,639020,511520
2020,소아청소년과,T69,15,16,16,261080,187680
2020,소아청소년과,T70,5,5,5,81630,58930
2020,소아청소년과,T73,69,79,79,1325810,976210
2020,소아청소년과,T74,7,7,7,125360,89660
2020,소아청소년과,T75,159,185,185,3033710,2219410
2020,소아청소년과,T78,4463,6798,6805,263505280,209115290
2020,소아청소년과,T79,3474,5037,5037,106028550,82100900
2020,소아청소년과,T80,5,5,5,307910,223110
2020,소아청소년과,T81,172,234,234,4217220,3333160
2020,소아청소년과,T82,4,6,6,81310,65110
2020,소아청소년과,T85,2,2,2,32280,22680
2020,소아청소년과,T88,231,264,264,4819210,4043510
2020,소아청소년과,T90,14,18,18,368920,296320
2020,소아청소년과,T91,8,16,16,385110,286910
2020,소아청소년과,T92,40,47,47,1177920,942310
2020,소아청소년과,T93,22,27,27,481040,344540
2020,소아청소년과,T94,1,1,1,18410,17510
2020,소아청소년과,T95,30,39,39,893680,653480
2020,소아청소년과,T98,5,5,5,103040,80240
2020,소아청소년과,U07,4,5,5,91100,69200
2020,소아청소년과,Z00,9257,10825,10814,189163010,155030330
2020,소아청소년과,Z01,180,192,191,5946530,4480930
2020,소아청소년과,Z02,25,33,33,317640,244840
2020,소아청소년과,Z03,1818,2258,2252,40852890,34658490
2020,소아청소년과,Z04,366,396,396,6838850,5533710
2020,소아청소년과,Z08,1,1,1,11540,10040
2020,소아청소년과,Z09,8,8,8,129200,99600
2020,소아청소년과,Z10,43,44,45,415910,315310
2020,소아청소년과,Z11,3,3,3,58860,41260
2020,소아청소년과,Z13,119,129,127,6434020,5666920
2020,소아청소년과,Z20,158,215,215,5688680,4157560
2020,소아청소년과,Z22,4,5,5,85320,67520
2020,소아청소년과,Z23,199,207,206,5294630,4052230
2020,소아청소년과,Z24,137,185,185,2877940,2402640
2020,소아청소년과,Z25,509,574,574,9444650,7408350
2020,소아청소년과,Z26,7661,11101,11097,200018170,167113490
2020,소아청소년과,Z27,1728,2947,2947,46336860,37643060
2020,소아청소년과,Z28,31,32,32,270880,214880
2020,소아청소년과,Z29,738,854,854,14348880,11603780
2020,소아청소년과,Z30,63,69,69,1223770,859570
2020,소아청소년과,Z31,19,105,105,906610,643710
2020,소아청소년과,Z32,5,5,5,275980,193380
2020,소아청소년과,Z33,5,12,12,185430,130130
2020,소아청소년과,Z34,61,117,117,12965340,11669740
2020,소아청소년과,Z35,10,37,37,529850,372750
2020,소아청소년과,Z37,1,1,1,16150,14550
2020,소아청소년과,Z38,41,43,43,2098560,1992560
2020,소아청소년과,Z39,13,17,17,296580,227580
2020,소아청소년과,Z40,1,1,1,19440,18540
2020,소아청소년과,Z45,1,1,1,20530,14430
2020,소아청소년과,Z48,3305,5031,5031,115829650,93029120
2020,소아청소년과,Z50,5,5,5,75540,58540
2020,소아청소년과,Z52,7,16,16,263070,184670
2020,소아청소년과,Z53,1,1,1,11540,8140
2020,소아청소년과,Z54,5,11,11,382930,270130
2020,소아청소년과,Z55,1,1,1,17070,13570
2020,소아청소년과,Z56,24,34,34,602620,429920
2020,소아청소년과,Z57,1,1,1,24000,16800
2020,소아청소년과,Z59,2,2,2,55180,38780
2020,소아청소년과,Z60,1,1,1,104520,90920
2020,소아청소년과,Z61,2,2,2,30040,25940
2020,소아청소년과,Z62,1,1,1,12970,12370
2020,소아청소년과,Z63,6,6,6,89750,66850
2020,소아청소년과,Z64,2,2,2,25600,18000
2020,소아청소년과,Z70,9,12,12,172630,130530
2020,소아청소년과,Z71,3616,4290,4290,89537470,70780570
2020,소아청소년과,Z72,15,18,18,281910,220610
2020,소아청소년과,Z73,15,16,16,253440,190940
2020,소아청소년과,Z76,133,194,194,3127570,2568970
2020,소아청소년과,Z82,16,30,30,414280,332980
2020,소아청소년과,Z83,12,24,24,412770,316770
2020,소아청소년과,Z86,2,2,2,56050,39350
2020,소아청소년과,Z88,9,9,9,155100,111700
2020,소아청소년과,Z90,1,4,4,62320,43720
2020,소아청소년과,Z91,6,9,9,132350,111050
2020,소아청소년과,Z92,5,6,6,90640,69140
2020,소아청소년과,Z93,3,8,8,343240,240440
2020,소아청소년과,Z94,15,26,26,453300,361600
2020,소아청소년과,Z95,12,48,48,839290,657890
2020,소아청소년과,Z96,1,1,1,11540,10040
2020,소아청소년과,Z98,79,160,160,2980630,2259230
2020,안과,A00,3,4,4,73530,53530
2020,안과,A01,1,1,1,59210,41510
2020,안과,A04,12,26,26,379710,266710
2020,안과,A05,1,1,1,0,0
2020,안과,A06,1,1,1,19130,13430
2020,안과,A08,45,82,82,1751330,1380830
2020,안과,A09,167,413,413,3393310,2459310
2020,안과,A15,5,14,14,1375660,1302460
2020,안과,A16,3,14,14,957030,855230
2020,안과,A17,1,1,1,22130,22130
2020,안과,A18,4,5,5,716660,626660
2020,안과,A20,1,1,1,30530,21430
2020,안과,A21,1,1,1,23920,16820
2020,안과,A26,1,1,1,34060,23860
2020,안과,A31,1,3,2,422980,300680
2020,안과,A35,1,1,1,53790,37690
2020,안과,A42,1,1,1,30100,21100
2020,안과,A46,3,3,3,70470,49470
2020,안과,A49,6,9,9,144350,105050
2020,안과,A53,2,2,2,42400,31700
2020,안과,A54,2,3,3,70780,49780
2020,안과,A59,7,9,9,146700,105000
2020,안과,A66,1,2,2,33660,23660
2020,안과,A69,4,8,8,120690,90090
2020,안과,A71,1,3,3,34620,30120
2020,안과,A74,12,32,32,550270,396770
2020,안과,B00,28579,56581,56572,1532860910,1116791120
2020,안과,B02,3728,8627,8623,213817790,157247920
2020,안과,B07,97,126,126,4542520,3227220
2020,안과,B08,148,160,160,7553930,5341730
2020,안과,B15,1,5,5,75870,53370
2020,안과,B17,1,2,2,27680,19480
2020,안과,B18,21,40,40,1474380,1007410
2020,안과,B19,5,5,5,142340,99740
2020,안과,B20,1,2,2,242200,169600
2020,안과,B25,25,198,198,11138170,8102570
2020,안과,B26,2,4,4,108150,75950
2020,안과,B30,98592,190624,190610,4014994040,2944817570
2020,안과,B34,1,2,2,23080,16280
2020,안과,B35,500,1286,1286,17457660,13031460
2020,안과,B36,24,34,34,506010,365510
2020,안과,B37,20,40,40,719070,514270
2020,안과,B43,4,5,5,110140,90540
2020,안과,B46,2,2,2,16140,11340
2020,안과,B48,2,2,2,128000,89700
2020,안과,B49,4,14,14,748730,524830
2020,안과,B50,1,1,1,0,0
2020,안과,B54,5,5,5,51060,38560
2020,안과,B58,17,26,26,1901920,1332720
2020,안과,B60,6,7,7,150340,105640
2020,안과,B66,16,17,17,170120,121620
2020,안과,B75,1,1,1,46770,32770
2020,안과,B83,8,18,18,1193740,836740
2020,안과,B85,9,9,9,332430,237330
2020,안과,B86,6,6,6,131790,95690
2020,안과,B88,2,2,2,17350,12150
2020,안과,B89,1,4,4,67840,61040
2020,안과,B90,1,1,1,17530,15830
2020,안과,B97,1,1,1,14400,10100
2020,안과,B98,2,2,2,5770,4270
2020,안과,C00,1,2,2,72480,68880
2020,안과,C07,4,5,5,468100,431000
2020,안과,C08,1,2,2,60200,57200
2020,안과,C09,2,12,12,513260,488360
2020,안과,C11,5,10,10,866080,815180
2020,안과,C14,1,1,1,41420,29020
2020,안과,C15,3,9,9,792870,753570
2020,안과,C16,48,113,112,9885800,9369300
2020,안과,C17,1,1,1,44020,41820
2020,안과,C18,27,46,46,4828630,4517930
2020,안과,C19,8,17,17,811050,765850
2020,안과,C20,5,6,6,1055020,1002520
2020,안과,C22,45,100,100,9737010,9247710
2020,안과,C23,5,11,11,808120,752520
2020,안과,C24,4,17,17,756500,719700
2020,안과,C25,11,44,44,2610140,2465740
2020,안과,C26,1,2,2,105840,100640
2020,안과,C30,2,8,8,77630,74330
2020,안과,C31,5,36,36,3736210,3102070
2020,안과,C32,4,6,6,346860,325060
2020,안과,C34,46,88,88,9392490,8909890
2020,안과,C37,1,2,2,140400,140400
2020,안과,C38,1,1,1,65430,62230
2020,안과,C41,6,12,12,379590,356790
2020,안과,C43,12,42,42,1543710,1424110
2020,안과,C44,71,186,186,19182820,16570310
2020,안과,C46,1,19,19,847290,805790
2020,안과,C49,15,52,51,1188840,1032600
2020,안과,C50,73,173,173,19389470,18355250
2020,안과,C53,2,6,6,321030,305930
2020,안과,C54,8,14,14,1886890,1793190
2020,안과,C56,7,15,15,817650,778450
2020,안과,C61,42,88,88,8816900,8380200
2020,안과,C64,18,66,66,4237400,3643900
2020,안과,C65,2,3,3,119440,113640
2020,안과,C66,1,1,1,392900,373300
2020,안과,C67,10,25,25,1788290,1700290
2020,안과,C69,111,505,504,21017380,18117450
2020,안과,C70,2,3,3,190270,180970
2020,안과,C71,5,11,11,1069870,1016970
2020,안과,C72,9,13,13,1035320,839120
2020,안과,C73,70,201,201,20171520,19110220
2020,안과,C75,2,4,4,209570,194370
2020,안과,C76,2,8,8,331510,315410
2020,안과,C78,1,1,1,239480,227580
2020,안과,C79,3,15,15,2592490,2456290
2020,안과,C80,2,3,3,40610,35910
2020,안과,C81,1,28,28,475360,453360
2020,안과,C82,1,1,1,26450,18550
2020,안과,C83,7,19,19,1063560,1011360
2020,안과,C84,6,30,30,2888740,2741040
2020,안과,C85,16,32,32,1595450,1478350
2020,안과,C88,12,34,34,1808650,1708650
2020,안과,C90,9,29,29,1908660,1814760
2020,안과,C91,6,19,19,1140550,1084450
2020,안과,C92,18,62,62,3960520,3761320
2020,안과,C95,1,5,5,311720,296320
2020,안과,C96,1,1,1,188630,179230
2020,안과,D00,6,11,11,661880,629380
2020,안과,D01,16,68,68,5087010,4835410
2020,안과,D02,4,7,7,330920,313720
2020,안과,D03,6,6,6,268040,190140
2020,안과,D04,17,36,36,2685800,1983700
2020,안과,D05,24,98,98,7001150,6643350
2020,안과,D06,11,17,17,1817690,1720190
2020,안과,D07,2,11,11,1041080,989580
2020,안과,D09,3,11,11,701680,655980
2020,안과,D10,34,86,86,4704490,3319390
2020,안과,D11,2,2,2,29380,20680
2020,안과,D12,7,8,8,3224670,2326670
2020,안과,D13,1,1,1,16140,11340
2020,안과,D14,4,7,7,523960,367160
2020,안과,D16,10,11,11,297820,224220
2020,안과,D17,131,217,218,17282260,12199600
2020,안과,D18,34,63,63,7008140,4844580
2020,안과,D19,1,1,1,19130,13430
2020,안과,D21,1796,2823,2808,261303730,186413780
2020,안과,D22,153,203,203,10422180,7431080
2020,안과,D23,6049,9780,9766,954853600,682076140
2020,안과,D29,1,1,1,0,0
2020,안과,D31,9728,17191,17164,1644702080,1171699080
2020,안과,D32,33,74,74,10958420,9920320
2020,안과,D33,35,133,133,7583470,7056170
2020,안과,D34,4,12,12,1268690,1185290
2020,안과,D35,76,144,144,19552770,16471290
2020,안과,D36,5,9,9,344280,266680
2020,안과,D37,8,20,20,2755230,2653830
2020,안과,D38,2,18,18,1356170,1289470
2020,안과,D39,4,7,7,1432200,1361100
2020,안과,D40,1,1,1,0,0
2020,안과,D42,1,1,1,368760,350360
2020,안과,D43,10,13,13,1452550,1380650
2020,안과,D44,7,11,11,1553190,1426490
2020,안과,D45,3,3,3,175920,167320
2020,안과,D46,7,36,36,1288050,1220250
2020,안과,D47,13,17,17,1941610,1838610
2020,안과,D48,76,123,122,5798280,4272480
2020,안과,D50,17,41,41,1004430,739030
2020,안과,D56,1,1,1,16140,11340
2020,안과,D60,1,2,2,100420,90420
2020,안과,D61,1,3,3,443260,392660
2020,안과,D64,8,10,10,475520,333460
2020,안과,D66,3,5,5,538800,485200
2020,안과,D68,9,15,15,756110,578710
2020,안과,D69,4,6,6,1016220,907120
2020,안과,D86,12,28,28,2378050,2062250
2020,안과,E00,1,1,1,24370,17070
2020,안과,E01,8,10,10,1673440,1171940
2020,안과,E03,79,236,236,12879060,9075460
2020,안과,E04,235,374,374,48348400,36400440
2020,안과,E05,59,113,112,5264120,3702820
2020,안과,E06,6,9,9,642540,468000
2020,안과,E07,17,24,24,1164340,822740
2020,안과,E10,2045,4784,4784,523737310,384710040
2020,안과,E11,2754,6640,6637,675232530,484693730
2020,안과,E12,14,25,25,3441580,2419680
2020,안과,E13,1337,2985,2984,223188180,161599540
2020,안과,E14,1574,3924,3923,478137640,345077940
2020,안과,E15,1,2,2,104930,73530
2020,안과,E16,1,5,5,94770,81270
2020,안과,E20,2,2,2,26130,18330
2020,안과,E22,6,13,13,1248130,1054330
2020,안과,E23,6,6,6,960510,786610
2020,안과,E24,6,25,25,934310,834510
2020,안과,E27,2,3,3,608240,547540
2020,안과,E28,2,2,2,40760,28660
2020,안과,E35,2,2,2,36060,25360
2020,안과,E40,1,2,2,32280,29080
2020,안과,E41,1,2,2,25600,22600
2020,안과,E46,1,1,1,11540,8140
2020,안과,E50,6722,10563,10562,309444110,224486930
2020,안과,E53,2,5,5,133940,94140
2020,안과,E55,52,60,60,4647750,3263350
2020,안과,E56,8,11,11,166670,146470
2020,안과,E58,1,1,1,11540,8140
2020,안과,E60,1,1,1,11540,8140
2020,안과,E61,61,79,79,1835890,1372290
2020,안과,E63,5,5,5,34990,24690
2020,안과,E64,1,2,2,163140,114340
2020,안과,E66,38,90,90,1311750,922850
2020,안과,E67,5,5,5,206930,145030
2020,안과,E70,10,18,18,2797690,2398490
2020,안과,E74,1,1,1,0,0
2020,안과,E75,4,14,14,499430,392130
2020,안과,E76,1,3,3,105030,89630
2020,안과,E78,350,1063,1062,14188820,10392320
2020,안과,E79,2,3,3,75580,53080
2020,안과,E80,1,1,1,72280,50680
2020,안과,E83,5,15,15,758020,663120
2020,안과,E85,2,3,3,202300,178400
2020,안과,E86,11,13,13,289070,211770
2020,안과,E87,23,38,38,1270890,942690
2020,안과,E89,6,13,13,127560,89960
2020,안과,F00,44,219,219,1853840,1373340
2020,안과,F01,4,12,12,116050,94350
2020,안과,F03,9,30,30,1352460,1035060
2020,안과,F05,1,2,2,11540,8140
2020,안과,F06,137,297,296,7494910,5878710
2020,안과,F07,1,1,1,55280,38780
2020,안과,F13,2,4,4,38780,27380
2020,안과,F15,1,1,1,23920,16820
2020,안과,F17,2,4,4,70480,49680
2020,안과,F20,5,5,5,295420,261320
2020,안과,F31,3,9,9,141790,126790
2020,안과,F32,42,131,131,6259650,4464350
2020,안과,F33,6,16,16,115490,83590
2020,안과,F34,3,6,6,39240,33040
2020,안과,F38,1,1,1,42050,29450
2020,안과,F40,1,1,1,15320,14320
2020,안과,F41,58,125,124,3981420,2855020
2020,안과,F42,3,4,4,23080,16280
2020,안과,F43,7,17,17,257000,193000
2020,안과,F45,22,36,36,468100,364100
2020,안과,F48,5,5,5,111420,85220
2020,안과,F50,1,3,3,76090,53390
2020,안과,F51,140,351,351,8236360,6528260
2020,안과,F52,3,3,3,38260,30660
2020,안과,F54,1,6,6,69240,48840
2020,안과,F80,1,1,1,44280,31080
2020,안과,F90,8,19,19,176390,128490
2020,안과,F92,1,1,1,14060,9860
2020,안과,F95,195,209,208,5405310,4192210
2020,안과,G04,1,1,1,400220,360220
2020,안과,G05,4,4,4,108060,79260
2020,안과,G11,4,11,11,305960,275960
2020,안과,G20,52,158,158,11910100,10665460
2020,안과,G21,2,2,2,60300,42300
2020,안과,G22,1,6,6,117600,106200
2020,안과,G23,1,2,2,70720,52020
2020,안과,G24,2493,3985,3980,136780510,100034710
2020,안과,G25,31,53,53,1264430,908430
2020,안과,G30,1,4,4,49150,43150
2020,안과,G31,1239,3124,3124,110696450,86533140
2020,안과,G35,12,27,27,1329160,1157560
2020,안과,G36,13,25,25,3630420,3152620
2020,안과,G40,11,25,25,307040,245140
2020,안과,G41,3,3,3,117770,103170
2020,안과,G43,1035,1456,1454,100024160,71539320
2020,안과,G44,123,163,162,10172150,7200350
2020,안과,G45,323,399,395,34770990,24614890
2020,안과,G46,5,7,7,426970,299470
2020,안과,G47,382,796,795,12539790,9443390
2020,안과,G50,100,179,179,11012090,7975590
2020,안과,G51,1164,2090,2082,62583040,46962740
2020,안과,G52,50,61,59,3047190,2176590
2020,안과,G53,17,30,30,3043800,2900600
2020,안과,G59,1,3,3,48180,33980
2020,안과,G60,1,1,1,371280,334180
2020,안과,G61,8,13,13,884630,779830
2020,안과,G62,1,4,4,45550,39550
2020,안과,G63,9,14,14,338600,237700
2020,안과,G64,1,1,1,36950,25950
2020,안과,G70,68,141,140,7378450,6144050
2020,안과,G71,6,15,15,578560,520260
2020,안과,G73,17,27,27,2522730,1848750
2020,안과,G90,9,10,10,532890,384390
2020,안과,G93,1,2,2,111460,78060
2020,안과,G95,2,2,2,30710,21510
2020,안과,G96,1,1,1,59880,41980
2020,안과,G98,1,1,1,133360,93360
2020,안과,H00,1504497,2593045,2592814,69810840980,49995789830
2020,안과,H01,471202,824089,824000,21396652330,15831068210
2020,안과,H02,239396,624633,624481,40587260810,29449713960
2020,안과,H03,7355,12789,12787,276197270,202526750
2020,안과,H04,2002809,3686898,3686585,1.12711E+11,83098057990
2020,안과,H05,8138,15196,15187,464800660,337390770
2020,안과,H06,960,1788,1781,108406010,75185200
2020,안과,H10,3223682,5537815,5537223,1.34768E+11,1.00238E+11
2020,안과,H11,490309,719643,719577,29554764750,21337091730
2020,안과,H13,4877,9063,9060,206734990,151611280
2020,안과,H15,58978,102389,102375,2586485870,1877606830
2020,안과,H16,1448829,2752320,2752001,75131176690,55484613780
2020,안과,H17,11221,23287,23271,908838250,669859890
2020,안과,H18,30748,71177,71147,2316625900,1683725870
2020,안과,H19,270632,515885,515713,14266413450,10519677330
2020,안과,H20,72598,284751,284656,8375987890,6134067360
2020,안과,H21,3648,8212,8207,389154580,281492770
2020,안과,H22,545,2081,2080,73525820,59978680
2020,안과,H25,954868,2989475,2990180,5.68578E+11,4.48722E+11
2020,안과,H26,265834,666019,666096,1.59895E+11,1.20286E+11
2020,안과,H27,14839,51053,51176,3618796620,2798031180
2020,안과,H28,1812,4705,4702,608897730,477141830
2020,안과,H30,6310,16465,16422,1490925960,1077906250
2020,안과,H31,11615,22087,22081,1895716250,1355715710
2020,안과,H32,273,621,622,41710470,31422930
2020,안과,H33,55165,118462,118983,17630432680,12774643540
2020,안과,H34,36649,126427,126357,10932241890,7878372000
2020,안과,H35,694800,1491417,1491932,1.40194E+11,1.08841E+11
2020,안과,H36,268022,727770,727902,47453814850,34749345930
2020,안과,H40,725491,2089486,2089070,1.19368E+11,86718106510
2020,안과,H42,2907,6323,6323,203927580,148930190
2020,안과,H43,212688,326190,326329,23298589240,17034960320
2020,안과,H44,10186,31407,31430,1820063850,1349655310
2020,안과,H45,637,1250,1249,53530590,40833010
2020,안과,H46,1152,2138,2131,178548160,126852570
2020,안과,H47,17128,36989,36944,2575698360,1833692280
2020,안과,H48,567,1104,1097,102699090,76908910
2020,안과,H49,3739,6097,6065,310008350,224989610
2020,안과,H50,56898,77228,77027,4337598860,3205966140
2020,안과,H51,1136,1267,1266,59554230,44659430
2020,안과,H52,2111468,2942678,2941877,1.37998E+11,98482395600
2020,안과,H53,40622,55211,55113,2947148780,2120188620
2020,안과,H54,3372,5778,5771,273401210,200226730
2020,안과,H55,435,615,611,32425060,23266090
2020,안과,H57,63147,100843,100778,3535324940,2537334550
2020,안과,H58,85,110,110,5692920,4118720
2020,안과,H59,412,1304,1306,78328270,57344090
2020,안과,H60,1438,2423,2423,68186220,49197720
2020,안과,H61,204,254,254,24226240,17079920
2020,안과,H62,168,649,649,13476240,9642140
2020,안과,H65,141,390,390,17225640,12251540
2020,안과,H66,168,605,611,43851520,31443600
2020,안과,H67,1,1,1,14060,9860
2020,안과,H68,61,87,87,2680790,1901290
2020,안과,H69,6,7,7,551630,386530
2020,안과,H70,3,4,4,167500,120200
2020,안과,H71,3,3,3,158510,111110
2020,안과,H72,46,152,152,12249010,8601930
2020,안과,H73,267,698,698,47725270,33487090
2020,안과,H74,3,3,3,554550,388350
2020,안과,H81,1273,4146,4149,838744790,588565810
2020,안과,H83,4,4,4,366360,256660
2020,안과,H90,200,276,276,17366920,12279820
2020,안과,H91,299,545,545,57762410,40978250
2020,안과,H92,410,599,599,15167280,10794280
2020,안과,H93,1020,2439,2439,322762660,227330360
2020,안과,H95,3,5,5,204240,143140
2020,안과,I00,12,24,24,456280,338380
2020,안과,I05,1,2,2,47850,33650
2020,안과,I10,1352,3483,3480,76129960,55237960
2020,안과,I11,5,14,14,124180,100880
2020,안과,I12,2,15,15,234810,204710
2020,안과,I13,4,18,18,196160,169160
2020,안과,I15,4,9,9,108500,84100
2020,안과,I20,18,45,45,373650,292050
2020,안과,I21,4,5,5,125990,96090
2020,안과,I23,1,1,1,0,0
2020,안과,I25,4,10,10,68910,59810
2020,안과,I26,1,1,1,14060,12560
2020,안과,I40,1,1,1,17530,12330
2020,안과,I42,7,10,10,691540,619440
2020,안과,I47,1,1,1,0,0
2020,안과,I48,10,39,39,320730,267330
2020,안과,I49,16,46,46,460580,326380
2020,안과,I50,1,1,1,3130,2230
2020,안과,I63,15,48,48,1079010,785010
2020,안과,I65,3,20,20,598770,419770
2020,안과,I66,1,1,1,72750,50950
2020,안과,I67,30,65,65,3527860,2970160
2020,안과,I69,12,37,37,1458460,1077560
2020,안과,I70,8,31,31,849210,607810
2020,안과,I72,1,1,1,71210,49910
2020,안과,I73,1102,2479,2479,84440450,64419450
2020,안과,I74,2,17,17,15750,10850
2020,안과,I77,5,10,10,631410,448210
2020,안과,I78,94,227,227,6335660,4686460
2020,안과,I79,1,7,7,83300,72800
2020,안과,I80,4,5,5,133200,96300
2020,안과,I82,2,5,5,164910,115510
2020,안과,I83,18,50,50,816180,573780
2020,안과,I86,3,4,4,34620,30120
2020,안과,I87,87,148,148,6151230,4644030
2020,안과,I88,10,21,21,400810,284910
2020,안과,I89,170,320,320,8174310,6092210
2020,안과,I95,3,3,3,239360,167660
2020,안과,I97,1,1,1,11540,8140
2020,안과,I99,2,3,3,519660,363860
2020,안과,J00,1229,1960,1967,39386100,28255760
2020,안과,J01,548,1433,1433,46969250,33542450
2020,안과,J02,893,1331,1335,25656870,18421870
2020,안과,J03,1286,1983,1997,39996690,29179070
2020,안과,J04,1017,1612,1612,50204050,35991070
2020,안과,J05,6,15,15,524170,370270
2020,안과,J06,1013,1766,1764,43013330,31284530
2020,안과,J09,28,40,40,638680,462980
2020,안과,J10,159,186,197,6885440,5135370
2020,안과,J11,13,19,19,609330,427430
2020,안과,J14,1,1,1,20140,14140
2020,안과,J15,7,20,20,1116040,782460
2020,안과,J16,1,2,2,32280,22680
2020,안과,J18,5,10,10,161140,119240
2020,안과,J20,859,1317,1316,26138620,19241320
2020,안과,J21,342,1899,1899,70743100,52688400
2020,안과,J22,9,13,13,221660,158960
2020,안과,J30,32946,49224,49222,1099309160,807336160
2020,안과,J31,676,962,962,24931230,18194370
2020,안과,J32,861,2259,2306,206388490,147849720
2020,안과,J33,17,38,52,9464540,7489740
2020,안과,J34,707,1304,1335,75703610,53977400
2020,안과,J35,75,131,133,6232680,5211110
2020,안과,J36,1906,4230,4244,338402230,238013710
2020,안과,J37,2,2,2,63730,49130
2020,안과,J38,230,365,364,15955440,11335540
2020,안과,J39,336,844,844,60380030,44883610
2020,안과,J40,165,249,249,5360100,3883700
2020,안과,J41,8,19,19,275580,198280
2020,안과,J42,13,24,23,773380,563480
2020,안과,J43,1,3,3,0,0
2020,안과,J44,2,5,5,61130,43230
2020,안과,J45,200,444,440,11686010,8711510
2020,안과,J46,1,2,2,35240,31840
2020,안과,J47,1,1,1,11540,8140
2020,안과,J95,1,1,1,23130,16230
2020,안과,K04,2,3,3,11540,8140
2020,안과,K05,18,27,27,347140,249340
2020,안과,K06,1,3,3,74320,56520
2020,안과,K07,27,30,30,627360,448760
2020,안과,K08,3,3,3,83900,58800
2020,안과,K09,3,3,3,133110,99710
2020,안과,K10,4,4,4,64150,45150
2020,안과,K11,88,129,129,3593020,2600620
2020,안과,K12,397,712,712,18683090,13327990
2020,안과,K13,11,12,12,221260,161660
2020,안과,K14,37,72,72,1674900,1241020
2020,안과,K20,6,7,7,101100,71100
2020,안과,K21,1432,2926,2922,93852980,66763540
2020,안과,K22,1,1,1,0,0
2020,안과,K25,488,786,786,17174590,12420090
2020,안과,K26,14,25,25,606250,435150
2020,안과,K27,99,232,232,5036040,3861540
2020,안과,K29,12927,19716,19715,635963290,453985020
2020,안과,K30,8136,12349,12343,331560420,243951420
2020,안과,K31,65,89,88,7254730,5093730
2020,안과,K37,2,2,2,57520,40320
2020,안과,K50,14,35,35,2665990,2309990
2020,안과,K51,26,88,88,6024890,5408890
2020,안과,K52,47,82,82,903090,661890
2020,안과,K56,4,5,5,89340,62840
2020,안과,K57,1,3,3,47070,33170
2020,안과,K58,132,181,181,5923910,4261210
2020,안과,K59,195,306,306,6836160,4985360
2020,안과,K62,1,1,1,69700,48800
2020,안과,K63,41,49,48,10045670,7036270
2020,안과,K64,11,31,31,489120,367220
2020,안과,K70,2,3,3,16140,11340
2020,안과,K71,1,4,4,0,0
2020,안과,K73,1,2,2,145380,101780
2020,안과,K74,3,6,6,106840,75140
2020,안과,K75,32,46,46,2927600,2133000
2020,안과,K76,30,47,47,598290,420290
2020,안과,K77,1,1,1,116050,81250
2020,안과,K80,9,13,13,86720,61120
2020,안과,K81,3,3,3,112180,78680
2020,안과,K82,2,2,2,131470,92170
2020,안과,K85,1,1,1,256380,179480
2020,안과,K86,3,4,4,11540,8140
2020,안과,K91,1,2,2,0,0
2020,안과,K92,60,115,115,3412380,2428480
2020,안과,K93,2,2,2,42710,33910
2020,안과,L00,5,5,5,133590,95890
2020,안과,L01,234,333,333,7729560,5781660
2020,안과,L02,2455,3807,3806,93424670,66596770
2020,안과,L03,6247,9901,9899,249872820,183850220
2020,안과,L04,117,184,184,5408330,3912930
2020,안과,L05,1,1,1,19130,13430
2020,안과,L08,178,267,266,4333620,3203920
2020,안과,L10,1,2,2,742560,668360
2020,안과,L11,1,7,7,83300,58700
2020,안과,L13,25,35,35,955100,713800
2020,안과,L20,3809,6280,6279,134738950,99093650
2020,안과,L21,152,304,304,4467740,3319240
2020,안과,L23,1648,2905,2905,59911390,45430390
2020,안과,L24,21,50,50,975030,735330
2020,안과,L25,62,85,85,1522470,1084570
2020,안과,L27,2,2,2,32300,22700
2020,안과,L28,49,77,77,2248770,1584170
2020,안과,L29,4855,6891,6891,139215690,103740490
2020,안과,L30,273,452,452,8266370,6041070
2020,안과,L40,33,45,45,657440,498040
2020,안과,L41,3,5,5,51930,36630
2020,안과,L43,1,2,2,25600,18000
2020,안과,L50,1532,2408,2406,71597280,51603080
2020,안과,L51,22,203,203,4740740,3475240
2020,안과,L55,1,1,1,16140,11340
2020,안과,L56,1,1,1,11540,8140
2020,안과,L57,23,38,38,1573190,1179890
2020,안과,L60,3,5,5,130870,91870
2020,안과,L63,21,66,66,1925510,1350010
2020,안과,L64,15,30,30,454480,321180
2020,안과,L65,19,56,56,973320,686520
2020,안과,L66,2,2,2,22470,15870
2020,안과,L70,123,206,206,3205990,2292790
2020,안과,L71,107,296,295,12516890,8718090
2020,안과,L72,176,269,269,21933340,15474540
2020,안과,L73,5,7,7,120430,96930
2020,안과,L74,4,4,4,245710,172310
2020,안과,L75,1,3,3,143410,100610
2020,안과,L80,2,2,2,37450,33850
2020,안과,L81,8,10,10,204250,145350
2020,안과,L82,1,1,1,19920,14020
2020,안과,L83,6,8,8,749630,528830
2020,안과,L84,52,118,118,5703090,4042890
2020,안과,L85,40,47,47,924560,652960
2020,안과,L86,2,2,2,28120,25120
2020,안과,L90,39,50,50,2650910,1868710
2020,안과,L91,68,119,119,3933510,2782310
2020,안과,L92,18,46,46,3407100,2392400
2020,안과,L93,5,5,5,323520,237520
2020,안과,L95,21,55,55,3677220,2576320
2020,안과,L98,6,11,11,350690,248490
2020,안과,M00,5,13,13,195580,166180
2020,안과,M01,13,18,18,502910,353010
2020,안과,M02,1,1,1,0,0
2020,안과,M05,254,853,853,60448990,53849190
2020,안과,M06,30,79,79,5460720,4665540
2020,안과,M07,5,11,10,138900,106200
2020,안과,M08,19,79,79,8870000,7949400
2020,안과,M09,1,1,1,20140,14140
2020,안과,M10,51,109,109,1110780,803680
2020,안과,M12,8,22,22,428970,342370
2020,안과,M13,154,287,287,5471140,3933640
2020,안과,M14,1,2,2,189790,132890
2020,안과,M15,14,35,35,829070,606570
2020,안과,M17,268,1033,1033,17438360,12465860
2020,안과,M19,12,40,40,433960,308460
2020,안과,M23,1,1,1,14060,12560
2020,안과,M24,7,14,14,271760,190760
2020,안과,M25,59,117,115,3604150,2552850
2020,안과,M30,3,3,3,58980,49480
2020,안과,M31,9,25,24,1202610,1074010
2020,안과,M32,97,326,326,21952170,19407970
2020,안과,M33,4,19,19,1189040,986440
2020,안과,M34,6,23,23,7555010,7445410
2020,안과,M35,2770,8056,8056,486936180,425119690
2020,안과,M40,1,1,1,22870,16070
2020,안과,M41,5,6,5,102020,76120
2020,안과,M42,1,1,1,11540,10040
2020,안과,M43,4,9,9,205110,147110
2020,안과,M45,421,1695,1695,86994580,77250320
2020,안과,M46,4,6,6,37140,26140
2020,안과,M47,5,17,17,195760,162660
2020,안과,M48,14,34,34,312440,223940
2020,안과,M49,1,1,1,14060,9860
2020,안과,M50,16,60,59,1004230,727030
2020,안과,M51,56,239,239,2981720,2111820
2020,안과,M54,617,3383,3383,49506050,34963110
2020,안과,M60,14,39,39,816730,587030
2020,안과,M61,2,10,10,153280,107680
2020,안과,M62,1195,8361,8361,116435760,82140560
2020,안과,M65,1,1,1,27840,19540
2020,안과,M67,1,5,5,28850,20350
2020,안과,M70,1,1,1,78220,54820
2020,안과,M72,13,37,37,665570,467470
2020,안과,M75,76,449,449,5821450,4121650
2020,안과,M76,1,11,11,0,0
2020,안과,M77,59,319,319,4420050,3063690
2020,안과,M79,715,1165,1165,38850880,28162980
2020,안과,M80,3,8,8,170460,141660
2020,안과,M81,27,43,42,1775360,1263560
2020,안과,M82,2,8,8,580000,406400
2020,안과,M85,5,6,6,83510,58810
2020,안과,M89,2,17,17,193770,176770
2020,안과,M90,2,2,2,36280,25480
2020,안과,M94,8,23,23,774420,648120
2020,안과,M96,1,1,1,5770,4070
2020,안과,M99,4,5,5,83010,62010
2020,안과,N00,2,2,2,82450,57850
2020,안과,N02,1,2,2,0,0
2020,안과,N04,1,1,1,0,0
2020,안과,N15,1,2,2,43480,39180
2020,안과,N18,262,819,818,71049030,63576830
2020,안과,N19,21,78,78,5123130,4495630
2020,안과,N20,1,1,1,0,0
2020,안과,N21,5,10,10,198200,142300
2020,안과,N28,2,2,2,220810,154610
2020,안과,N30,41,72,72,1276170,915770
2020,안과,N31,14,40,40,266700,233200
2020,안과,N34,4,4,4,59560,41860
2020,안과,N39,13,24,24,309010,232310
2020,안과,N40,167,440,440,3795710,2968210
2020,안과,N41,10,18,18,106990,84190
2020,안과,N42,6,8,8,66690,46790
2020,안과,N45,1,1,1,0,0
2020,안과,N48,4,4,4,49590,35090
2020,안과,N49,1,4,4,42420,29820
2020,안과,N51,1,6,6,360,360
2020,안과,N64,2,2,2,35270,27970
2020,안과,N71,1,1,1,63830,44730
2020,안과,N72,2,2,2,11560,8160
2020,안과,N73,1,1,1,11540,8140
2020,안과,N74,1,1,1,0,0
2020,안과,N76,5,6,6,90300,63500
2020,안과,N77,2,2,2,31680,22280
2020,안과,N80,2,3,3,31370,22070
2020,안과,N83,1,8,8,440850,309050
2020,안과,N91,1,5,5,39220,27620
2020,안과,N92,3,8,8,48680,34280
2020,안과,N94,6,7,7,77270,54370
2020,안과,N95,41,110,110,1784050,1281550
2020,안과,O60,1,2,2,23080,16280
2020,안과,P07,11,16,16,437710,416610
2020,안과,P15,3,3,3,112580,81180
2020,안과,P22,1,1,1,20060,19060
2020,안과,P38,2,3,3,59200,56400
2020,안과,P39,369,469,469,11923900,10350200
2020,안과,P57,1,1,1,19130,13430
2020,안과,P59,1,1,1,21400,20400
2020,안과,P78,1,1,1,0,0
2020,안과,P94,1,1,1,21400,20400
2020,안과,Q04,1,1,1,30530,21430
2020,안과,Q07,4,4,4,237690,200090
2020,안과,Q10,3152,5452,5446,703004700,619576920
2020,안과,Q11,468,769,768,23325820,17152400
2020,안과,Q12,234,333,332,22929610,16981300
2020,안과,Q13,122,188,188,9634180,6964520
2020,안과,Q14,157,259,259,24820570,17441130
2020,안과,Q15,87,262,262,12741220,9189620
2020,안과,Q17,111,143,143,2821650,2440250
2020,안과,Q18,362,647,650,38406170,27134320
2020,안과,Q25,1,6,6,3409650,2694530
2020,안과,Q27,1,1,1,23130,16230
2020,안과,Q28,1,4,4,788550,552150
2020,안과,Q31,1,1,1,23130,16230
2020,안과,Q38,1,1,1,45940,32240
2020,안과,Q44,1,2,2,59120,49020
2020,안과,Q61,1,1,1,16140,11340
2020,안과,Q67,1,2,2,49880,34980
2020,안과,Q68,4,4,4,107500,85100
2020,안과,Q75,2,3,3,562630,502730
2020,안과,Q76,1,1,1,48920,47920
2020,안과,Q78,1,2,2,25600,18000
2020,안과,Q82,66,124,124,2316630,1983530
2020,안과,Q85,72,127,127,8917570,7446270
2020,안과,Q87,21,52,52,9353110,8422340
2020,안과,Q90,14,27,27,4868820,4306120
2020,안과,Q91,1,3,3,40600,36700
2020,안과,Q93,2,2,2,39190,33090
2020,안과,Q96,2,2,2,220270,198370
2020,안과,Q98,1,4,4,3405500,3150270
2020,안과,R00,16,25,25,467770,330170
2020,안과,R03,1,10,10,153200,138200
2020,안과,R04,186,332,333,12434720,8938170
2020,안과,R05,61,85,85,1145190,841990
2020,안과,R06,5,7,7,638190,451390
2020,안과,R07,36,39,39,1501940,1074740
2020,안과,R09,76,124,124,2674820,2072620
2020,안과,R10,89,117,116,4151580,2930760
2020,안과,R11,143,168,168,3545140,2623640
2020,안과,R12,3895,5872,5871,148826920,111312330
2020,안과,R13,1,1,1,86990,60990
2020,안과,R14,25,47,47,776780,546080
2020,안과,R17,3,4,4,168020,117820
2020,안과,R19,9,9,9,656140,459840
2020,안과,R20,3,3,3,195960,137360
2020,안과,R21,1,1,1,0,0
2020,안과,R22,7,14,13,921380,666280
2020,안과,R23,4,5,5,91710,67610
2020,안과,R25,73,85,83,2097850,1510650
2020,안과,R29,1,1,1,0,0
2020,안과,R30,2,3,3,41100,28900
2020,안과,R31,7,9,9,237760,173660
2020,안과,R35,5,16,16,112410,86710
2020,안과,R39,1,2,2,120,120
2020,안과,R41,21,165,163,4070330,3752330
2020,안과,R42,312,452,451,33499920,23944020
2020,안과,R43,18,53,53,1105730,802030
2020,안과,R44,1,2,2,151360,136360
2020,안과,R45,3,6,6,5770,4270
2020,안과,R49,24,35,35,1444940,1015640
2020,안과,R50,27,35,36,747560,554560
2020,안과,R51,387,486,486,17001590,12082990
2020,안과,R52,395,496,495,15176920,10807120
2020,안과,R53,67,88,88,1799490,1291990
2020,안과,R55,5,5,5,325660,228260
2020,안과,R56,19,23,23,570410,407010
2020,안과,R57,2,6,6,221240,158840
2020,안과,R58,1,6,6,114650,103650
2020,안과,R59,5,9,9,142500,109100
2020,안과,R60,93,167,168,3934700,2972000
2020,안과,R62,1,1,1,17070,13570
2020,안과,R63,14,21,21,661170,469970
2020,안과,R64,2,2,2,23080,20080
2020,안과,R69,65,67,67,3739150,2629050
2020,안과,R73,22,29,28,928120,669420
2020,안과,R74,3,4,4,41470,35470
2020,안과,R76,3,17,17,412250,289650
2020,안과,R79,2,7,7,359740,252140
2020,안과,R80,3,3,3,129700,90900
2020,안과,R81,662,834,834,43386490,30992390
2020,안과,R84,1,1,1,34580,24280
2020,안과,R86,2,4,4,59310,53610
2020,안과,R94,32,47,47,2712950,1903250
2020,안과,R96,1,1,1,32030,22430
2020,안과,S00,15806,20136,20116,823016670,595621920
2020,안과,S01,1820,3128,3126,159893000,115321800
2020,안과,S02,822,1194,1194,70119850,44324640
2020,안과,S04,269,446,440,26534290,19212090
2020,안과,S05,103280,181015,180971,5154687850,3727196550
2020,안과,S06,1,1,1,19920,18020
2020,안과,S09,8,20,22,1615160,1201380
2020,안과,S10,1,1,1,19320,13620
2020,안과,S11,2,2,2,48260,33860
2020,안과,S13,28,52,52,893300,629300
2020,안과,S16,3,6,6,95110,66810
2020,안과,S22,3,9,9,123010,86510
2020,안과,S23,4,21,21,270020,217420
2020,안과,S30,2,3,3,36090,25390
2020,안과,S32,2,11,11,58930,41730
2020,안과,S33,133,191,191,3682950,2602150
2020,안과,S34,1,1,1,19130,17230
2020,안과,S35,1,2,2,152630,107030
2020,안과,S42,2,4,4,60500,49300
2020,안과,S43,12,40,40,433130,324130
2020,안과,S44,1,1,1,0,0
2020,안과,S46,1,3,3,43350,30450
2020,안과,S50,6,6,6,152740,107240
2020,안과,S51,1,1,1,16140,11340
2020,안과,S53,2,2,2,32610,22910
2020,안과,S54,1,2,2,98640,69140
2020,안과,S55,2,3,3,123320,86520
2020,안과,S60,2,2,2,38290,26890
2020,안과,S61,25,46,46,1151020,849420
2020,안과,S62,1,1,1,5770,4070
2020,안과,S63,7,16,16,240090,168890
2020,안과,S64,1,3,3,54710,38410
2020,안과,S65,7,12,12,532700,373400
2020,안과,S66,1,1,1,51590,36190
2020,안과,S70,1,1,1,24610,17310
2020,안과,S73,3,7,7,80140,56440
2020,안과,S76,2,2,2,34150,24050
2020,안과,S80,4,5,5,170310,119510
2020,안과,S81,3,7,7,158270,124570
2020,안과,S82,1,1,1,5770,4070
2020,안과,S83,3,9,9,125420,88220
2020,안과,S90,4,4,4,87400,61400
2020,안과,S93,17,46,46,701520,493420
2020,안과,S99,1,1,1,0,0
2020,안과,T00,3,4,4,265510,188910
2020,안과,T01,1,2,2,206770,144870
2020,안과,T10,1,1,1,29580,20780
2020,안과,T14,327,513,513,18503810,13394910
2020,안과,T15,427790,615484,615461,27438713770,19483384020
2020,안과,T16,335,446,446,20187540,14383860
2020,안과,T17,133,137,137,6873180,4850380
2020,안과,T20,15,22,22,601050,432750
2020,안과,T21,2,2,2,32280,25880
2020,안과,T22,4,6,6,134960,94660
2020,안과,T23,7,16,16,234480,180380
2020,안과,T24,1,6,6,250330,175430
2020,안과,T25,3,7,7,92500,65100
2020,안과,T26,6319,9256,9253,235291610,169751530
2020,안과,T27,1,2,2,88020,61720
2020,안과,T28,1,7,7,279790,195890
2020,안과,T29,2,3,3,50290,35390
2020,안과,T30,44,74,74,2423380,1723480
2020,안과,T37,2,2,2,311930,218430
2020,안과,T39,1,1,1,14530,10230
2020,안과,T48,1,1,1,16140,11340
2020,안과,T49,1,2,2,37390,26290
2020,안과,T54,7,8,8,166760,128960
2020,안과,T55,1,2,2,46310,36210
2020,안과,T56,3,3,3,174070,121970
2020,안과,T67,2,3,3,52850,37150
2020,안과,T70,2,2,2,108700,76200
2020,안과,T75,1,1,1,67770,47470
2020,안과,T78,578,2603,2603,183672970,130100470
2020,안과,T79,2,3,3,77830,62730
2020,안과,T80,1,4,4,219200,153600
2020,안과,T81,25,41,41,8064870,6142330
2020,안과,T85,2297,7416,7426,1555676860,1204170190
2020,안과,T86,10,41,41,1160460,1038860
2020,안과,T88,14,31,31,3150050,2319210
2020,안과,T90,16,23,23,847330,601730
2020,안과,T93,2,6,6,94270,81670
2020,안과,Z00,283,413,412,13985700,9853380
2020,안과,Z01,38194,48589,48578,2099674280,1514391170
2020,안과,Z02,8,8,8,403910,233940
2020,안과,Z03,1128,1393,1393,85755210,60222130
2020,안과,Z04,68,72,72,9956340,6966370
2020,안과,Z09,72,141,141,4863930,3452830
2020,안과,Z10,2,2,2,143930,102430
2020,안과,Z13,1,1,1,19130,13430
2020,안과,Z25,1,1,1,23540,18840
2020,안과,Z26,1,3,3,40860,36360
2020,안과,Z29,3,5,5,86730,73730
2020,안과,Z30,1,1,1,16140,11340
2020,안과,Z32,1,1,1,16140,11340
2020,안과,Z36,1,1,1,165720,116020
2020,안과,Z37,1,1,1,19130,17230
2020,안과,Z41,8,13,13,160330,114830
2020,안과,Z44,11,28,28,3398980,2519130
2020,안과,Z46,35,64,64,1319120,935720
2020,안과,Z48,40,72,72,21824520,17256730
2020,안과,Z49,1,1,1,39420,35520
2020,안과,Z54,682,3836,3836,60997630,52952630
2020,안과,Z71,8,10,10,227690,167190
2020,안과,Z73,1,1,1,16140,11340
2020,안과,Z82,1,3,3,34620,24420
2020,안과,Z86,1,2,2,56950,43450
2020,안과,Z88,11,18,18,902220,635520
2020,안과,Z90,3,8,8,128000,105000
2020,안과,Z91,16,29,29,2460830,1766430
2020,안과,Z94,549,2147,2147,86281020,63267580
2020,안과,Z95,3,4,4,68730,62030
2020,안과,Z96,217944,733457,733421,27606107480,20367793810
2020,안과,Z97,458,1095,1094,34418290,26766440
2020,안과,Z98,73991,301657,301630,10028413830,7490779720
2020,안과,Z99,5,10,10,544350,429850
2020,이비인후과,A00,2,2,2,34360,24160
2020,이비인후과,A02,16,16,122,19518220,17591380
2020,이비인후과,A03,1,1,1,37310,36310
2020,이비인후과,A04,2905,4235,4676,152354960,125257240
2020,이비인후과,A05,144,220,444,29857740,26367030
2020,이비인후과,A06,689,1276,1276,20261320,15192620
2020,이비인후과,A08,3482,4657,5244,176582030,148033560
2020,이비인후과,A09,30997,50775,51764,1030260630,796705320
2020,이비인후과,A15,3,5,5,89140,70040
2020,이비인후과,A16,9,34,34,2550310,2208810
2020,이비인후과,A18,20,46,48,6859860,5760200
2020,이비인후과,A19,1,1,1,18220,12820
2020,이비인후과,A26,29,63,63,1028750,762550
2020,이비인후과,A28,1,2,2,43020,30220
2020,이비인후과,A30,2,4,4,56100,42300
2020,이비인후과,A31,231,379,378,5926170,4503770
2020,이비인후과,A32,1,1,1,18220,12820
2020,이비인후과,A34,1,1,1,20930,14730
2020,이비인후과,A36,1,1,1,16140,11340
2020,이비인후과,A38,16,28,28,582720,445610
2020,이비인후과,A40,1,3,3,61320,43020
2020,이비인후과,A41,2,2,2,167060,122660
2020,이비인후과,A42,10,13,13,190820,142520
2020,이비인후과,A46,138,294,294,4993850,3846250
2020,이비인후과,A48,2385,5000,5000,93887680,69970680
2020,이비인후과,A49,203,336,336,6505140,4776640
2020,이비인후과,A51,3,5,5,170960,122660
2020,이비인후과,A52,1,1,1,208340,145840
2020,이비인후과,A54,1,1,1,11540,8140
2020,이비인후과,A56,4,5,5,66900,50300
2020,이비인후과,A57,1,1,1,25290,17790
2020,이비인후과,A59,16,22,22,289560,207060
2020,이비인후과,A60,195,289,288,4724070,3488670
2020,이비인후과,A63,4,4,4,62040,43640
2020,이비인후과,A64,1,3,3,120040,84140
2020,이비인후과,A65,3,3,3,62020,43620
2020,이비인후과,A66,43,74,74,4059490,2886390
2020,이비인후과,A67,1,1,1,11540,10040
2020,이비인후과,A69,5188,8436,8430,191671060,139328760
2020,이비인후과,A74,1,2,2,0,0
2020,이비인후과,A75,4,7,7,109550,83350
2020,이비인후과,A77,2,4,4,64750,45550
2020,이비인후과,A79,4,5,5,68980,54880
2020,이비인후과,A87,198,480,516,13592510,10628560
2020,이비인후과,A88,1,1,1,37860,36060
2020,이비인후과,A93,1,1,1,16140,11340
2020,이비인후과,B00,34296,51974,51992,1019386380,746651890
2020,이비인후과,B01,404,731,804,23869970,19910180
2020,이비인후과,B02,11767,22122,22134,410710690,303275220
2020,이비인후과,B05,2,7,7,177510,124610
2020,이비인후과,B06,2,3,3,117250,82250
2020,이비인후과,B07,600,955,953,38573230,27616730
2020,이비인후과,B08,1374,2151,2459,93147830,79192050
2020,이비인후과,B09,186,293,293,4789960,3582260
2020,이비인후과,B15,7,10,10,215750,151450
2020,이비인후과,B16,2,2,2,54080,37980
2020,이비인후과,B17,218,365,365,31590070,22909280
2020,이비인후과,B18,139,337,337,17944060,12791060
2020,이비인후과,B19,30,44,44,2101360,1476860
2020,이비인후과,B21,1,1,1,16140,14540
2020,이비인후과,B26,936,1396,1420,41723220,30583070
2020,이비인후과,B27,473,731,730,15279730,11145030
2020,이비인후과,B30,1975,2544,2544,50587520,37599320
2020,이비인후과,B33,418,622,622,10989600,8114400
2020,이비인후과,B34,274,354,357,6537670,4876100
2020,이비인후과,B35,11481,23293,23291,380443650,285153530
2020,이비인후과,B36,1428,3001,3000,50376630,38530330
2020,이비인후과,B37,8247,19398,19392,331996840,262814640
2020,이비인후과,B40,1,1,1,21080,16680
2020,이비인후과,B43,26,30,30,515690,386390
2020,이비인후과,B44,6,12,12,289630,207030
2020,이비인후과,B46,10,27,27,528830,414430
2020,이비인후과,B47,21,50,50,1824670,1612270
2020,이비인후과,B48,35,89,89,1921120,1405120
2020,이비인후과,B49,198,506,506,9565710,7086910
2020,이비인후과,B50,11,14,14,202770,145770
2020,이비인후과,B51,3,3,3,48420,34020
2020,이비인후과,B54,64,70,70,978200,731600
2020,이비인후과,B58,7,19,19,458420,321820
2020,이비인후과,B65,3,7,7,125320,106520
2020,이비인후과,B66,25,27,27,428860,318360
2020,이비인후과,B69,1,1,1,16140,11340
2020,이비인후과,B71,1,1,1,16140,11340
2020,이비인후과,B77,7,7,7,85380,65880
2020,이비인후과,B80,1,1,1,14650,11650
2020,이비인후과,B82,1,1,1,16140,11340
2020,이비인후과,B83,6,7,7,125910,93610
2020,이비인후과,B85,32,36,36,585300,428000
2020,이비인후과,B86,37,65,65,1092210,845310
2020,이비인후과,B88,75,108,107,4494290,3190290
2020,이비인후과,B89,4,4,4,54120,44420
2020,이비인후과,B90,1,2,2,36280,30680
2020,이비인후과,B96,1,1,1,12330,10830
2020,이비인후과,B97,11,17,17,2036590,1558390
2020,이비인후과,B98,18,29,29,587010,423710
2020,이비인후과,C00,4,5,5,478870,436170
2020,이비인후과,C01,29,127,132,9292410,8077390
2020,이비인후과,C02,170,608,627,84979130,73787440
2020,이비인후과,C03,13,48,48,2285620,2117720
2020,이비인후과,C04,10,27,29,5336400,4492410
2020,이비인후과,C05,33,108,105,3961490,3663790
2020,이비인후과,C06,49,240,251,21670480,19717530
2020,이비인후과,C07,91,266,284,72535340,56069540
2020,이비인후과,C08,146,263,276,54676930,45196150
2020,이비인후과,C09,128,399,413,38427510,31572990
2020,이비인후과,C10,33,93,92,3818370,3367870
2020,이비인후과,C11,180,1349,1348,58635050,54929470
2020,이비인후과,C12,8,19,19,1340610,1259370
2020,이비인후과,C13,68,346,346,21761950,19355500
2020,이비인후과,C14,19,45,44,1706510,1495010
2020,이비인후과,C15,39,146,146,4166330,3933730
2020,이비인후과,C16,177,700,700,25433550,24039550
2020,이비인후과,C17,5,21,21,1879430,1786630
2020,이비인후과,C18,108,384,384,14825370,14005970
2020,이비인후과,C19,17,33,32,1633740,1547240
2020,이비인후과,C20,39,186,186,6184260,5835360
2020,이비인후과,C21,3,4,4,155570,147970
2020,이비인후과,C22,87,242,242,9442730,8957830
2020,이비인후과,C23,11,22,21,531930,506830
2020,이비인후과,C24,22,48,48,2082040,1979040
2020,이비인후과,C25,64,407,407,11089830,10444430
2020,이비인후과,C30,78,405,403,11186700,10388100
2020,이비인후과,C31,64,327,328,12011090,10724060
2020,이비인후과,C32,434,1734,1751,170758820,154799290
2020,이비인후과,C33,4,11,11,516050,490850
2020,이비인후과,C34,360,1551,1550,50735260,47937740
2020,이비인후과,C37,12,61,61,1971330,1875530
2020,이비인후과,C38,4,12,12,308820,291320
2020,이비인후과,C40,1,1,1,22610,21510
2020,이비인후과,C41,10,98,98,3410120,3223420
2020,이비인후과,C43,16,134,134,3601020,3369020
2020,이비인후과,C44,71,312,313,11908550,10514870
2020,이비인후과,C45,2,2,2,71060,67560
2020,이비인후과,C46,2,7,7,200390,190690
2020,이비인후과,C48,4,5,5,226030,214930
2020,이비인후과,C49,25,92,92,3793750,3390540
2020,이비인후과,C50,284,881,880,36211020,33998380
2020,이비인후과,C52,2,11,11,411250,391350
2020,이비인후과,C53,18,50,50,1811870,1708670
2020,이비인후과,C54,20,52,52,1823760,1735260
2020,이비인후과,C55,2,33,33,394490,374190
2020,이비인후과,C56,32,289,289,7438330,6921030
2020,이비인후과,C57,3,6,6,181580,163080
2020,이비인후과,C61,142,539,539,20909400,19744680
2020,이비인후과,C62,3,4,4,269820,256520
2020,이비인후과,C63,2,6,6,166190,139990
2020,이비인후과,C64,37,142,149,7043760,6669140
2020,이비인후과,C65,4,9,9,309740,292940
2020,이비인후과,C66,4,5,5,513450,479850
2020,이비인후과,C67,50,132,132,5633840,5300440
2020,이비인후과,C69,1,3,3,135100,128600
2020,이비인후과,C70,1,1,1,20930,19930
2020,이비인후과,C71,24,84,84,3772280,3486680
2020,이비인후과,C72,18,36,36,2329950,1986050
2020,이비인후과,C73,2949,6670,6887,1581356660,1285843040
2020,이비인후과,C74,1,3,3,216270,202770
2020,이비인후과,C75,7,16,16,1140820,1053020
2020,이비인후과,C76,48,91,89,10168690,7529890
2020,이비인후과,C77,176,398,405,39067310,30643440
2020,이비인후과,C78,15,56,56,1897060,1699460
2020,이비인후과,C79,29,44,44,3987770,3072770
2020,이비인후과,C80,21,66,65,5295840,5003340
2020,이비인후과,C81,8,19,19,1679120,1598720
2020,이비인후과,C82,10,29,29,664320,619720
2020,이비인후과,C83,26,63,63,2090660,1929060
2020,이비인후과,C84,12,46,46,1763510,1677910
2020,이비인후과,C85,63,227,225,20283460,16675730
2020,이비인후과,C86,19,101,101,4768230,4494930
2020,이비인후과,C88,13,34,34,1312300,1248700
2020,이비인후과,C90,22,85,85,3030800,2883800
2020,이비인후과,C91,10,103,103,2472070,2306970
2020,이비인후과,C92,28,90,90,3397130,3196130
2020,이비인후과,C94,2,5,5,71060,66960
2020,이비인후과,C95,5,25,25,910160,842860
2020,이비인후과,C96,11,42,42,3378640,3182540
2020,이비인후과,D00,40,56,56,2987050,2386380
2020,이비인후과,D01,27,74,74,7370160,6336040
2020,이비인후과,D02,23,151,152,11231050,10530700
2020,이비인후과,D03,10,10,10,163320,135920
2020,이비인후과,D04,24,44,43,1399870,1227970
2020,이비인후과,D05,30,95,95,5621780,5334980
2020,이비인후과,D06,32,113,113,4720210,4461910
2020,이비인후과,D07,7,11,11,635750,562650
2020,이비인후과,D09,6,13,13,1545030,1465130
2020,이비인후과,D10,15345,26203,26164,1479650480,1056994650
2020,이비인후과,D11,1661,3211,3367,539086110,357313050
2020,이비인후과,D12,11,18,18,5439930,4282320
2020,이비인후과,D13,38,96,95,27625770,21459270
2020,이비인후과,D14,2765,5132,5188,364506060,269645230
2020,이비인후과,D15,7,8,8,337710,238610
2020,이비인후과,D16,37,61,59,2098140,1594440
2020,이비인후과,D17,873,1507,1506,91909390,64959230
2020,이비인후과,D18,243,380,376,18990210,13396300
2020,이비인후과,D19,1,1,1,16140,11340
2020,이비인후과,D21,1505,2617,2609,151233960,107827850
2020,이비인후과,D22,41,61,59,2455620,1765700
2020,이비인후과,D23,3582,6824,6827,381163530,272921470
2020,이비인후과,D24,8,10,10,147640,112640
2020,이비인후과,D25,4,5,4,76550,53750
2020,이비인후과,D26,3,4,4,95500,70200
2020,이비인후과,D29,3,4,4,62040,46740
2020,이비인후과,D30,2,2,2,27680,19480
2020,이비인후과,D31,5,5,5,101110,74210
2020,이비인후과,D32,75,268,269,12842520,11661250
2020,이비인후과,D33,107,316,311,16090920,14784520
2020,이비인후과,D34,2043,2869,2835,169795180,118610960
2020,이비인후과,D35,48,140,138,4714810,3924910
2020,이비인후과,D36,521,841,839,40264820,29158890
2020,이비인후과,D37,512,819,814,48046070,34618550
2020,이비인후과,D38,101,170,171,16804300,12980540
2020,이비인후과,D39,8,11,10,306590,280290
2020,이비인후과,D40,1,1,1,20140,16140
2020,이비인후과,D41,1,1,1,37590,35790
2020,이비인후과,D42,6,29,29,2646010,2461910
2020,이비인후과,D43,21,83,82,2500530,2367530
2020,이비인후과,D44,351,560,560,59385360,43826330
2020,이비인후과,D45,2,2,2,44970,35570
2020,이비인후과,D46,19,107,107,3469120,3284720
2020,이비인후과,D47,37,148,148,5517180,4891280
2020,이비인후과,D48,52,147,144,3109850,2419750
2020,이비인후과,D50,1547,3101,3101,93034540,67065380
2020,이비인후과,D51,15,31,31,699940,506680
2020,이비인후과,D52,10,21,21,344630,281230
2020,이비인후과,D53,22,33,32,1012210,740010
2020,이비인후과,D55,1,1,1,13990,12490
2020,이비인후과,D58,1,1,1,11540,8140
2020,이비인후과,D59,1,1,1,11540,8140
2020,이비인후과,D61,3,3,3,44870,33470
2020,이비인후과,D62,5,11,11,760040,532640
2020,이비인후과,D63,2,6,6,100840,88840
2020,이비인후과,D64,508,824,822,72418420,54307090
2020,이비인후과,D66,3,91,91,1334500,1322500
2020,이비인후과,D68,5,12,12,209690,175990
2020,이비인후과,D69,195,318,327,10067180,7507730
2020,이비인후과,D70,5,57,57,1145290,895990
2020,이비인후과,D72,9,9,9,152100,110200
2020,이비인후과,D75,12,16,16,339830,243030
2020,이비인후과,D76,3,3,3,43610,30610
2020,이비인후과,D77,1,1,1,16140,11340
2020,이비인후과,D80,1,6,6,87110,78710
2020,이비인후과,D82,1,1,1,55850,39150
2020,이비인후과,D84,2,2,2,67430,47330
2020,이비인후과,D86,1,5,5,206730,186330
2020,이비인후과,D89,4,8,8,146870,107570
2020,이비인후과,E00,3,11,11,276070,193970
2020,이비인후과,E01,1,2,2,27680,19480
2020,이비인후과,E02,8,34,34,590060,414860
2020,이비인후과,E03,3281,9253,9250,254158000,182948310
2020,이비인후과,E04,4620,6507,6554,487113100,338840940
2020,이비인후과,E05,906,2426,2427,108207480,76643720
2020,이비인후과,E06,1866,3427,3409,126555300,89677910
2020,이비인후과,E07,2285,3425,3410,161560930,114027790
2020,이비인후과,E10,127,367,367,6696400,5230100
2020,이비인후과,E11,2589,11247,11246,234953550,180355750
2020,이비인후과,E12,3,11,11,132590,98490
2020,이비인후과,E13,175,589,589,9672540,7537540
2020,이비인후과,E14,839,2738,2738,54090840,40966140
2020,이비인후과,E16,16,27,27,1297980,925080
2020,이비인후과,E20,10,44,44,763020,670720
2020,이비인후과,E21,11,13,13,350880,246180
2020,이비인후과,E22,15,32,31,485320,348120
2020,이비인후과,E23,19,118,118,1250070,889370
2020,이비인후과,E24,3,5,5,114540,82740
2020,이비인후과,E25,2,10,10,129200,91000
2020,이비인후과,E27,6,7,7,202210,153210
2020,이비인후과,E28,28,56,56,1263560,900260
2020,이비인후과,E29,6,10,10,158710,121210
2020,이비인후과,E30,201,537,534,7883630,5642230
2020,이비인후과,E31,1,1,1,16140,11340
2020,이비인후과,E32,1,4,4,185310,138810
2020,이비인후과,E34,44,67,66,924130,695130
2020,이비인후과,E35,16,41,41,776750,558750
2020,이비인후과,E41,172,275,275,8200680,5797380
2020,이비인후과,E42,2,2,2,23080,18180
2020,이비인후과,E43,1,1,1,16140,14540
2020,이비인후과,E44,16,31,31,778100,571200
2020,이비인후과,E46,22,25,25,440480,326380
2020,이비인후과,E50,600,1058,1058,16264750,12235050
2020,이비인후과,E51,26,52,52,877920,734520
2020,이비인후과,E53,129,304,304,5836870,4396770
2020,이비인후과,E55,2645,3977,3978,96488280,69952120
2020,이비인후과,E56,483,701,701,19346830,13715030
2020,이비인후과,E58,39,70,70,956070,763070
2020,이비인후과,E60,2,3,3,193550,135650
2020,이비인후과,E61,177,351,351,8513530,6550760
2020,이비인후과,E63,190,249,249,8109040,5803590
2020,이비인후과,E64,5,44,44,742720,616320
2020,이비인후과,E65,1,1,1,16140,14540
2020,이비인후과,E66,344,603,603,10232830,7220330
2020,이비인후과,E67,1,1,1,11540,8140
2020,이비인후과,E70,1,5,5,76100,68600
2020,이비인후과,E72,1,1,1,20140,18140
2020,이비인후과,E73,10,13,13,189760,176660
2020,이비인후과,E75,16,23,23,470760,352560
2020,이비인후과,E76,6,75,75,1545670,1389170
2020,이비인후과,E77,2,4,4,96930,87530
2020,이비인후과,E78,5730,16083,16085,442117940,322110410
2020,이비인후과,E79,9,13,13,271100,196700
2020,이비인후과,E80,5,7,6,177580,140980
2020,이비인후과,E83,60,100,100,3088990,2226790
2020,이비인후과,E85,1,1,1,26380,18480
2020,이비인후과,E86,886,1092,1092,27304300,19888770
2020,이비인후과,E87,66,273,273,5437270,4514470
2020,이비인후과,E88,18,56,56,2205220,1552520
2020,이비인후과,E89,123,321,321,6614590,4936390
2020,이비인후과,E90,2,2,2,54000,37900
2020,이비인후과,F00,202,1325,1325,16324510,13313640
2020,이비인후과,F01,129,219,219,8059770,5987270
2020,이비인후과,F02,5,10,10,151040,126840
2020,이비인후과,F03,49,109,108,1668540,1400340
2020,이비인후과,F04,16,27,27,380580,335380
2020,이비인후과,F05,10,18,18,295550,245650
2020,이비인후과,F06,2081,5389,5389,82997790,68069290
2020,이비인후과,F07,19,35,35,799570,627170
2020,이비인후과,F09,3,14,14,199890,162890
2020,이비인후과,F10,3,10,10,120720,103820
2020,이비인후과,F13,52,69,69,1591740,1183840
2020,이비인후과,F17,30,48,48,818630,585230
2020,이비인후과,F18,1,1,1,16140,11340
2020,이비인후과,F19,1,2,2,101290,70990
2020,이비인후과,F20,28,123,123,774640,629140
2020,이비인후과,F21,1,1,1,35550,33850
2020,이비인후과,F22,1,2,2,31040,29440
2020,이비인후과,F25,1,11,11,160330,143830
2020,이비인후과,F30,1,3,3,39220,27620
2020,이비인후과,F31,42,66,66,1179030,954230
2020,이비인후과,F32,779,1646,1645,31286940,23863840
2020,이비인후과,F33,112,291,291,4289820,3276820
2020,이비인후과,F34,214,368,368,10973840,8079440
2020,이비인후과,F38,348,1102,1101,18533280,14971380
2020,이비인후과,F39,224,473,473,10958700,8141900
2020,이비인후과,F40,152,281,281,4823170,3761370
2020,이비인후과,F41,3512,7389,7387,136143650,102783440
2020,이비인후과,F42,24,34,33,1014150,723450
2020,이비인후과,F43,381,633,633,17899060,12965060
2020,이비인후과,F44,75,79,79,4202910,2979210
2020,이비인후과,F45,1718,2897,2896,53352750,40330450
2020,이비인후과,F48,733,1487,1487,28470790,21359860
2020,이비인후과,F50,27,36,35,837930,610230
2020,이비인후과,F51,3429,8588,8588,130238580,99115680
2020,이비인후과,F52,57,83,83,679850,511150
2020,이비인후과,F54,50,96,96,4700520,3383020
2020,이비인후과,F59,7,9,9,151320,106320
2020,이비인후과,F60,7,13,13,170930,124230
2020,이비인후과,F63,7,7,7,451920,329220
2020,이비인후과,F64,1,2,2,53730,37730
2020,이비인후과,F66,1,9,9,51330,36330
2020,이비인후과,F79,1,7,7,112380,78980
2020,이비인후과,F80,138,167,166,2894220,2281620
2020,이비인후과,F81,2,3,3,49040,42040
2020,이비인후과,F84,15,28,28,471230,391030
2020,이비인후과,F88,1,1,1,17070,13570
2020,이비인후과,F89,6,7,7,108890,83190
2020,이비인후과,F90,26,62,58,990850,713650
2020,이비인후과,F91,3,8,7,168080,152280
2020,이비인후과,F92,15,32,32,405280,340980
2020,이비인후과,F95,37,55,54,786880,568980
2020,이비인후과,F98,9,14,14,293950,214350
2020,이비인후과,G02,1,1,1,48340,33840
2020,이비인후과,G03,17,23,23,631410,446610
2020,이비인후과,G04,3,3,3,113630,79730
2020,이비인후과,G05,69,119,119,1824410,1313710
2020,이비인후과,G06,2,5,5,116910,83710
2020,이비인후과,G07,1,1,1,11540,8140
2020,이비인후과,G08,1,1,1,16140,11340
2020,이비인후과,G10,1,9,9,666510,600410
2020,이비인후과,G11,3,6,6,208760,150160
2020,이비인후과,G12,7,9,9,125440,110340
2020,이비인후과,G20,59,182,182,6580910,5804910
2020,이비인후과,G21,14,31,31,497740,412940
2020,이비인후과,G22,5,31,31,295160,226060
2020,이비인후과,G23,2,3,3,39220,35420
2020,이비인후과,G24,324,676,676,9967200,7542500
2020,이비인후과,G25,267,529,530,44891890,34630670
2020,이비인후과,G26,4,11,11,457870,323670
2020,이비인후과,G30,32,120,120,1729000,1458900
2020,이비인후과,G31,7534,19898,19896,308287620,250405060
2020,이비인후과,G32,12,36,36,613290,488490
2020,이비인후과,G35,6,8,8,130330,111730
2020,이비인후과,G36,1,2,2,82300,74100
2020,이비인후과,G40,305,770,769,14406220,11365620
2020,이비인후과,G41,33,76,76,1376310,1074010
2020,이비인후과,G43,14204,24538,24522,645816380,467657500
2020,이비인후과,G44,2799,4564,4564,190117850,135500150
2020,이비인후과,G45,81,186,186,4802720,3590720
2020,이비인후과,G46,29,61,60,909730,728430
2020,이비인후과,G47,38037,99508,116105,17269785110,13597548310
2020,이비인후과,G50,13276,19105,19091,355156040,266980140
2020,이비인후과,G51,2776,5818,5777,134167560,98463160
2020,이비인후과,G52,922,1862,1859,40978730,29878250
2020,이비인후과,G53,953,1708,1707,31428340,24319740
2020,이비인후과,G54,13,14,14,300390,223890
2020,이비인후과,G55,3,20,20,247560,180760
2020,이비인후과,G56,45,70,70,2113740,1512440
2020,이비인후과,G57,26,92,92,2242140,1694040
2020,이비인후과,G58,129,239,239,11619750,8192750
2020,이비인후과,G59,8,11,11,292380,219180
2020,이비인후과,G60,5,11,11,286300,252300
2020,이비인후과,G61,4,14,14,479270,362570
2020,이비인후과,G62,54,66,66,1363930,1046730
2020,이비인후과,G63,113,267,267,4441880,3605180
2020,이비인후과,G64,153,355,355,5651360,4391560
2020,이비인후과,G70,14,28,28,521780,458380
2020,이비인후과,G71,48,189,189,3909330,3201530
2020,이비인후과,G72,2,3,3,42810,30110
2020,이비인후과,G73,6,6,6,74170,63670
2020,이비인후과,G80,1,1,1,17070,16270
2020,이비인후과,G81,8,20,20,658520,471820
2020,이비인후과,G83,2,7,7,89980,63380
2020,이비인후과,G90,582,1202,1202,43180640,31323260
2020,이비인후과,G91,2,3,3,43220,35220
2020,이비인후과,G93,70,106,106,2376690,1734590
2020,이비인후과,G94,1,1,1,11540,10040
2020,이비인후과,G95,2,3,3,43820,34020
2020,이비인후과,G96,14,18,18,509300,373800
2020,이비인후과,G98,9,15,15,361500,268900
2020,이비인후과,H00,8056,11446,11444,227725750,164668750
2020,이비인후과,H01,6922,9314,9313,175417400,131054330
2020,이비인후과,H02,640,1279,1277,68319900,52278560
2020,이비인후과,H03,17,23,23,406960,299560
2020,이비인후과,H04,10450,18564,18579,372753420,281769620
2020,이비인후과,H05,356,754,757,26898650,19208190
2020,이비인후과,H06,20,25,25,420670,312370
2020,이비인후과,H10,86318,123103,123096,2350343490,1737747860
2020,이비인후과,H11,3351,7283,7282,132735490,98753490
2020,이비인후과,H13,76,108,108,1899790,1429990
2020,이비인후과,H15,19,38,38,659270,513070
2020,이비인후과,H16,7469,11570,11568,228919180,171163880
2020,이비인후과,H17,9,15,15,436930,314330
2020,이비인후과,H18,1221,1820,1820,38549690,28115790
2020,이비인후과,H19,1147,1666,1666,28981340,22574440
2020,이비인후과,H20,50,100,100,2127270,1549370
2020,이비인후과,H21,7,11,11,233400,171900
2020,이비인후과,H25,995,2265,2265,39177420,33089720
2020,이비인후과,H26,95,244,243,3626840,3089540
2020,이비인후과,H28,2,2,2,27680,24580
2020,이비인후과,H30,25,141,141,2505120,2038220
2020,이비인후과,H31,12,18,18,286680,228380
2020,이비인후과,H32,13,16,16,310790,228690
2020,이비인후과,H33,12,16,15,496560,359060
2020,이비인후과,H34,40,66,66,1084330,860330
2020,이비인후과,H35,94,140,140,3594610,2709210
2020,이비인후과,H36,188,336,336,6152000,4925600
2020,이비인후과,H40,421,1264,1264,19882860,16430360
2020,이비인후과,H42,12,73,73,884420,737420
2020,이비인후과,H43,35,47,47,1418300,1057900
2020,이비인후과,H44,10,12,12,191160,141760
2020,이비인후과,H47,1,1,1,21210,14910
2020,이비인후과,H49,1,1,1,71020,49720
2020,이비인후과,H50,31,36,33,1137260,861360
2020,이비인후과,H51,1,1,1,16140,14540
2020,이비인후과,H52,379,447,446,14865480,10668880
2020,이비인후과,H53,179,198,196,14351350,10431050
2020,이비인후과,H54,6,7,6,166070,125370
2020,이비인후과,H55,8,10,10,286770,210370
2020,이비인후과,H57,71,227,227,3432710,2490710
2020,이비인후과,H58,1,1,1,16140,11340
2020,이비인후과,H59,3,4,4,63250,51150
2020,이비인후과,H60,1338789,3119857,3119754,54877226000,41228547470
2020,이비인후과,H61,490489,736986,736903,25185030260,18192234330
2020,이비인후과,H62,34238,101321,101317,1845524710,1382577700
2020,이비인후과,H65,306391,851823,851868,23074798630,16888010540
2020,이비인후과,H66,336159,1123520,1126695,26097545740,19559643400
2020,이비인후과,H67,4649,11115,11115,225143210,168262610
2020,이비인후과,H68,122680,233767,233707,5918520030,4273823260
2020,이비인후과,H69,33495,49606,49577,1739269780,1238352930
2020,이비인후과,H70,975,2200,2199,48006040,35657740
2020,이비인후과,H71,4235,17069,17561,1020229500,765282350
2020,이비인후과,H72,11803,37532,37630,1975650560,1428528180
2020,이비인후과,H73,59982,191487,191475,5139297740,3753657130
2020,이비인후과,H74,3467,9603,9711,471621120,342651570
2020,이비인후과,H75,3,28,28,362550,326950
2020,이비인후과,H80,48,92,94,7985260,5720620
2020,이비인후과,H81,472143,1095407,1097683,76044417860,54133864620
2020,이비인후과,H82,845,1538,1538,42166640,30953740
2020,이비인후과,H83,9633,17476,17485,676202480,485621000
2020,이비인후과,H90,316348,513364,513112,29898397760,21235870540
2020,이비인후과,H91,188650,371289,371554,22005691250,15624649330
2020,이비인후과,H92,43066,56128,56112,1047389400,777455530
2020,이비인후과,H93,235983,517147,516938,17981171240,13050923400
2020,이비인후과,H94,5,9,9,279730,202330
2020,이비인후과,H95,1431,6478,6500,161731380,120548950
2020,이비인후과,I00,24,40,40,509230,423130
2020,이비인후과,I01,2,3,3,38080,31680
2020,이비인후과,I02,2,2,2,32280,25880
2020,이비인후과,I05,2,11,11,134500,116100
2020,이비인후과,I07,1,2,2,27680,24580
2020,이비인후과,I08,4,55,55,809370,675870
2020,이비인후과,I10,22525,92321,92312,1476314790,1142374000
2020,이비인후과,I11,350,1367,1367,19173570,15240870
2020,이비인후과,I12,9,20,20,239070,174770
2020,이비인후과,I13,29,102,102,1408690,1133890
2020,이비인후과,I15,435,1597,1598,22359210,17336390
2020,이비인후과,I20,293,821,818,11196910,8832040
2020,이비인후과,I21,11,29,29,207390,163190
2020,이비인후과,I22,1,4,4,46160,40160
2020,이비인후과,I23,1,2,2,27240,19240
2020,이비인후과,I24,18,33,33,488480,394480
2020,이비인후과,I25,36,80,80,1124960,904860
2020,이비인후과,I26,2,2,2,145860,105760
2020,이비인후과,I27,1,1,1,20140,14140
2020,이비인후과,I31,1,1,1,14900,14900
2020,이비인후과,I34,1,1,1,16140,11340
2020,이비인후과,I35,3,3,3,253650,180850
2020,이비인후과,I38,1,1,1,16140,11340
2020,이비인후과,I40,2,2,2,40280,28280
2020,이비인후과,I41,1,1,1,0,0
2020,이비인후과,I42,8,29,29,337720,269120
2020,이비인후과,I44,2,2,2,139000,97400
2020,이비인후과,I45,2,2,2,27680,24580
2020,이비인후과,I47,53,89,89,1701440,1209040
2020,이비인후과,I48,37,66,66,1090390,865690
2020,이비인후과,I49,136,208,204,3912830,2900330
2020,이비인후과,I50,48,100,100,2041120,1583480
2020,이비인후과,I51,9,16,16,236710,188610
2020,이비인후과,I52,1,2,2,31150,21850
2020,이비인후과,I60,4,8,8,65780,46180
2020,이비인후과,I61,4,5,5,79010,67810
2020,이비인후과,I63,98,312,312,6338450,5125250
2020,이비인후과,I64,12,34,34,367460,291060
2020,이비인후과,I65,17,46,45,1179540,853940
2020,이비인후과,I66,109,176,176,2593190,2139790
2020,이비인후과,I67,445,934,932,15551900,12010600
2020,이비인후과,I68,23,44,44,523330,393630
2020,이비인후과,I69,50,112,112,1867150,1452250
2020,이비인후과,I70,124,296,296,6364350,4918450
2020,이비인후과,I71,1,1,1,16140,11340
2020,이비인후과,I72,7,14,14,220320,172020
2020,이비인후과,I73,21786,47641,47640,1173878350,875925020
2020,이비인후과,I74,9,11,11,157940,125840
2020,이비인후과,I77,11,20,20,373470,280770
2020,이비인후과,I78,487,855,854,15949000,12061500
2020,이비인후과,I79,52,96,96,3060820,2217720
2020,이비인후과,I80,32,102,102,1250160,983460
2020,이비인후과,I82,7,18,18,249380,183380
2020,이비인후과,I83,137,412,412,6743960,4932660
2020,이비인후과,I85,1,2,2,58380,40980
2020,이비인후과,I86,20,59,58,849590,646290
2020,이비인후과,I87,461,976,976,15849670,11660470
2020,이비인후과,I88,10491,16393,16384,357136550,254461680
2020,이비인후과,I89,383,655,655,11085360,7967260
2020,이비인후과,I95,341,411,409,29235310,20886630
2020,이비인후과,I97,3,5,5,75570,53170
2020,이비인후과,I98,4,5,5,101550,71350
2020,이비인후과,I99,6,10,10,152200,114100
2020,이비인후과,J00,348267,595509,595471,11106078620,8185724730
2020,이비인후과,J01,1257292,2785596,2785602,59644051000,43629098540
2020,이비인후과,J02,808215,1429783,1429818,25780526860,18904255750
2020,이비인후과,J03,1066259,1926789,1928716,37939555540,27508851100
2020,이비인후과,J04,1305265,2604312,2603778,51992114910,38300954760
2020,이비인후과,J05,19714,40462,40553,1028472210,745876590
2020,이비인후과,J06,871643,1663713,1663580,30640338530,22560760030
2020,이비인후과,J09,4624,6190,6214,117948590,85423620
2020,이비인후과,J10,101919,145850,147478,2931388870,2150258750
2020,이비인후과,J11,29282,42152,42665,860590880,632735080
2020,이비인후과,J12,3824,6765,6979,145219940,109423110
2020,이비인후과,J13,3,4,4,99100,74000
2020,이비인후과,J15,24887,47832,48218,926594160,688751290
2020,이비인후과,J16,306,659,659,10931880,8295780
2020,이비인후과,J17,195,337,337,6824810,5095410
2020,이비인후과,J18,25332,54380,54455,1091170430,802733180
2020,이비인후과,J20,2514875,5851922,5852953,1.06586E+11,78482800620
2020,이비인후과,J21,166382,390439,390567,7019786970,5265213640
2020,이비인후과,J22,71412,138967,138964,2646878260,1938144540
2020,이비인후과,J30,1984789,4186337,4186398,86822601510,63289742090
2020,이비인후과,J31,404672,884696,885087,17059998630,12537141080
2020,이비인후과,J32,942851,2454129,2460316,75588379380,55002931220
2020,이비인후과,J33,20868,50347,50279,2391581160,1754366330
2020,이비인후과,J34,599344,1196638,1202187,41352172080,30468115840
2020,이비인후과,J35,210566,374884,383471,16087308550,12570133160
2020,이비인후과,J36,99195,181732,182291,4146173990,2986904950
2020,이비인후과,J37,231699,499411,499338,11060975650,8114588820
2020,이비인후과,J38,351116,634761,634700,23394332990,16712468890
2020,이비인후과,J39,126034,223532,223615,4725304860,3416367600
2020,이비인후과,J40,280150,598814,598817,11602052250,8501240420
2020,이비인후과,J41,34112,75135,75123,1220140690,923045160
2020,이비인후과,J42,40286,87397,87393,1506068100,1128377500
2020,이비인후과,J43,14,25,25,434780,342480
2020,이비인후과,J44,1845,3873,3874,98547030,73876330
2020,이비인후과,J45,83159,191606,191571,4107766010,3042798510
2020,이비인후과,J46,1499,3239,3239,61153310,46577920
2020,이비인후과,J47,107,348,347,5676120,4498920
2020,이비인후과,J60,5,5,5,82750,58150
2020,이비인후과,J61,1,1,1,16140,11340
2020,이비인후과,J63,1,1,1,23660,16660
2020,이비인후과,J65,1,2,2,27680,19480
2020,이비인후과,J66,1,1,1,29820,20920
2020,이비인후과,J68,15,18,18,396610,288010
2020,이비인후과,J69,6,10,10,148530,112430
2020,이비인후과,J70,1,1,1,16140,11340
2020,이비인후과,J80,2,2,2,103720,72720
2020,이비인후과,J81,2,2,2,41330,30930
2020,이비인후과,J82,31,61,61,2552940,1793740
2020,이비인후과,J84,25,73,73,2465960,2175760
2020,이비인후과,J90,8,10,10,829060,585260
2020,이비인후과,J91,1,1,1,15930,11230
2020,이비인후과,J92,2,2,2,33070,26670
2020,이비인후과,J93,24,26,26,588660,421960
2020,이비인후과,J94,1,1,1,11540,8140
2020,이비인후과,J95,6,7,7,757600,616200
2020,이비인후과,J96,8,12,12,246080,213480
2020,이비인후과,J98,2442,6921,6920,96552980,72339410
2020,이비인후과,J99,2,2,2,47070,36270
2020,이비인후과,K00,15,35,34,2156650,1563390
2020,이비인후과,K01,10,12,12,218600,153600
2020,이비인후과,K02,49,58,58,1003050,754850
2020,이비인후과,K03,10,10,10,197100,143700
2020,이비인후과,K04,569,1200,1196,20911820,15960420
2020,이비인후과,K05,5702,9570,9569,152447440,118912940
2020,이비인후과,K06,71,93,93,1908230,1404830
2020,이비인후과,K07,20633,29295,29284,514399540,387971520
2020,이비인후과,K08,567,792,792,15170390,11025290
2020,이비인후과,K09,1285,2078,2072,107826210,78959470
2020,이비인후과,K10,449,694,694,13844690,10502290
2020,이비인후과,K11,55049,92588,92564,2407567850,1747843460
2020,이비인후과,K12,285437,522707,522617,10274748540,7644665310
2020,이비인후과,K13,9390,15954,15934,386084340,285596270
2020,이비인후과,K14,48318,92486,92447,1550690580,1216637530
2020,이비인후과,K20,399,719,719,12421930,9330430
2020,이비인후과,K21,355925,805961,805738,21270570830,15387698360
2020,이비인후과,K22,86,118,118,4002610,3129250
2020,이비인후과,K23,2,2,2,32280,25880
2020,이비인후과,K25,3796,6814,6814,147344000,108658770
2020,이비인후과,K26,176,327,327,7697310,5685120
2020,이비인후과,K27,3034,5501,5501,113501240,82548750
2020,이비인후과,K28,301,429,429,7497060,5730860
2020,이비인후과,K29,124830,207573,207538,4202702050,3059001580
2020,이비인후과,K30,17145,27099,27093,634154150,458937300
2020,이비인후과,K31,327,621,621,17646590,13140160
2020,이비인후과,K35,23,25,25,431160,325360
2020,이비인후과,K36,5,5,5,95020,66720
2020,이비인후과,K37,22,31,30,686590,490090
2020,이비인후과,K38,4,4,4,68800,48400
2020,이비인후과,K40,19,22,20,350410,305210
2020,이비인후과,K41,3,4,4,79900,57200
2020,이비인후과,K42,3,4,4,65930,61930
2020,이비인후과,K43,1,1,1,14900,14900
2020,이비인후과,K45,1,1,1,11540,10040
2020,이비인후과,K46,4,5,5,84510,75210
2020,이비인후과,K50,50,90,90,10525440,9087460
2020,이비인후과,K51,25,71,71,11542270,10362470
2020,이비인후과,K52,5444,8434,8432,137777850,102845500
2020,이비인후과,K55,2,20,20,143080,109780
2020,이비인후과,K56,12,69,69,897800,771600
2020,이비인후과,K57,8,15,15,294680,207080
2020,이비인후과,K58,6491,9339,9339,164821390,121208730
2020,이비인후과,K59,13142,22827,22831,447352290,337737740
2020,이비인후과,K60,15,106,106,1371910,979010
2020,이비인후과,K61,20,26,26,417650,314050
2020,이비인후과,K62,9,24,24,335370,263270
2020,이비인후과,K63,256,421,421,72867000,53646590
2020,이비인후과,K64,395,1190,1190,31183760,22194060
2020,이비인후과,K67,1,3,3,73230,57130
2020,이비인후과,K70,108,199,199,3842240,2796140
2020,이비인후과,K71,68,160,160,4123110,2955910
2020,이비인후과,K72,1,4,4,46160,32560
2020,이비인후과,K73,101,193,193,3170380,2286580
2020,이비인후과,K74,26,84,84,1280150,1025950
2020,이비인후과,K75,312,520,521,16271880,11656650
2020,이비인후과,K76,906,1554,1554,57115910,40693820
2020,이비인후과,K77,12,16,16,1085730,765730
2020,이비인후과,K80,111,259,258,5558040,3990940
2020,이비인후과,K81,8,10,10,312810,221410
2020,이비인후과,K82,8,13,13,236240,171940
2020,이비인후과,K83,15,28,28,483690,363290
2020,이비인후과,K85,17,44,42,1197750,870850
2020,이비인후과,K86,14,15,15,477990,344090
2020,이비인후과,K87,4,5,5,76290,55790
2020,이비인후과,K90,5,8,8,169490,124190
2020,이비인후과,K91,6,14,14,488670,364370
2020,이비인후과,K92,124,249,249,4562210,3379010
2020,이비인후과,K93,193,302,302,5494310,4242010
2020,이비인후과,L00,12,18,64,5569170,4904860
2020,이비인후과,L01,15329,22383,22404,407928720,302800920
2020,이비인후과,L02,19644,32234,32222,654660400,477370350
2020,이비인후과,L03,22745,36897,36962,751588490,551066920
2020,이비인후과,L04,239915,410552,410481,7774751470,5601185790
2020,이비인후과,L05,223,312,312,7109920,5074620
2020,이비인후과,L08,7639,10802,10801,217199530,158862340
2020,이비인후과,L10,40,57,57,1231510,917510
2020,이비인후과,L12,27,39,38,592430,460630
2020,이비인후과,L13,692,1165,1165,18534160,13861340
2020,이비인후과,L14,1,1,1,14650,11650
2020,이비인후과,L20,30704,47139,47131,921051290,686031180
2020,이비인후과,L21,5924,8499,8499,146535810,111022210
2020,이비인후과,L22,61,70,70,1141730,938030
2020,이비인후과,L23,25529,40410,40409,778149660,581458670
2020,이비인후과,L24,2844,4256,4256,76645860,58026760
2020,이비인후과,L25,3223,4637,4634,82253080,61856780
2020,이비인후과,L26,40,48,48,909020,680920
2020,이비인후과,L27,127,175,175,4327600,3203000
2020,이비인후과,L28,2018,3730,3728,78184320,58038420
2020,이비인후과,L29,7280,13683,13682,225313490,171322290
2020,이비인후과,L30,16817,24871,24881,459609130,347424330
2020,이비인후과,L40,565,944,944,16629250,12531830
2020,이비인후과,L41,5,12,12,165330,128530
2020,이비인후과,L42,24,40,40,686450,499450
2020,이비인후과,L43,419,1222,1221,23183950,17748250
2020,이비인후과,L44,10,13,13,195630,142930
2020,이비인후과,L50,30865,51380,51363,1151515940,849283440
2020,이비인후과,L51,14,38,38,632110,512210
2020,이비인후과,L53,11,12,12,207550,157650
2020,이비인후과,L54,1,5,5,76100,53500
2020,이비인후과,L55,26,33,33,578550,410550
2020,이비인후과,L56,15,15,15,247670,176070
2020,이비인후과,L57,24,34,34,885080,670780
2020,이비인후과,L59,1,1,1,16140,11340
2020,이비인후과,L60,254,435,435,13946230,9925130
2020,이비인후과,L62,1,1,1,16140,11340
2020,이비인후과,L63,364,981,981,31874990,22385990
2020,이비인후과,L64,99,167,167,2793950,1974050
2020,이비인후과,L65,88,146,146,2583750,1853150
2020,이비인후과,L66,33,72,72,1276780,911680
2020,이비인후과,L70,793,1478,1477,22509380,16032580
2020,이비인후과,L71,84,141,140,2243080,1692680
2020,이비인후과,L72,1908,3023,3024,112832860,80666400
2020,이비인후과,L73,258,543,543,10467590,7418890
2020,이비인후과,L74,35,41,41,690730,551330
2020,이비인후과,L75,2,2,2,32280,22680
2020,이비인후과,L80,50,98,98,4486840,3300950
2020,이비인후과,L81,118,137,137,2583950,1882750
2020,이비인후과,L82,22,27,27,1238110,889610
2020,이비인후과,L83,3,3,3,269650,188950
2020,이비인후과,L84,1446,2934,2934,151651720,107494920
2020,이비인후과,L85,2361,3530,3534,63904300,47826570
2020,이비인후과,L86,11,16,16,286050,210350
2020,이비인후과,L89,128,257,257,6588010,4896210
2020,이비인후과,L90,27,34,33,800870,579770
2020,이비인후과,L91,362,657,656,23079830,16291370
2020,이비인후과,L92,139,196,196,10694800,7713420
2020,이비인후과,L93,8,13,13,726300,515400
2020,이비인후과,L94,2,2,2,32280,25880
2020,이비인후과,L95,43,48,47,1748300,1256200
2020,이비인후과,L97,2,4,4,91210,74910
2020,이비인후과,L98,307,764,764,20256440,14655340
2020,이비인후과,L99,3,3,3,62070,43570
2020,이비인후과,M00,305,616,616,9731550,7225850
2020,이비인후과,M01,26,109,109,1747100,1480500
2020,이비인후과,M02,385,588,588,11853990,8574390
2020,이비인후과,M03,268,467,467,7888240,5822740
2020,이비인후과,M05,353,1095,1094,23145640,19312990
2020,이비인후과,M06,494,895,894,14420790,11340890
2020,이비인후과,M07,21,88,88,1572680,1291480
2020,이비인후과,M08,18,44,44,643850,508450
2020,이비인후과,M09,7,16,16,214760,190160
2020,이비인후과,M10,660,1586,1587,27536780,20537080
2020,이비인후과,M11,23,27,27,830160,599960
2020,이비인후과,M12,51,171,171,3448840,2528040
2020,이비인후과,M13,4508,8906,8906,152024170,116763970
2020,이비인후과,M14,9,23,23,422450,354250
2020,이비인후과,M15,347,1011,1011,15408960,11883960
2020,이비인후과,M16,12,36,35,714400,571100
2020,이비인후과,M17,559,1713,1713,26503120,21593920
2020,이비인후과,M18,3,3,3,137910,121710
2020,이비인후과,M19,2265,4357,4357,77557060,56089960
2020,이비인후과,M20,8,8,8,177980,135380
2020,이비인후과,M21,6,6,6,98700,72500
2020,이비인후과,M22,3,5,5,59950,46050
2020,이비인후과,M23,8,9,9,128210,92010
2020,이비인후과,M24,113,185,185,5458970,3999770
2020,이비인후과,M25,10268,18197,18197,328989050,241041750
2020,이비인후과,M30,19,42,41,1246950,1085750
2020,이비인후과,M31,10,67,67,2824210,2528310
2020,이비인후과,M32,15,49,49,2536880,2274380
2020,이비인후과,M33,26,55,55,1263740,1007840
2020,이비인후과,M35,1015,2630,2627,50147920,41273280
2020,이비인후과,M40,1,1,1,18180,12780
2020,이비인후과,M41,9,11,11,212480,163180
2020,이비인후과,M43,32,41,41,649580,499280
2020,이비인후과,M45,38,80,80,1288490,970790
2020,이비인후과,M46,63,135,135,2076030,1547930
2020,이비인후과,M47,255,432,432,15643170,11794670
2020,이비인후과,M48,202,535,535,8566800,6948900
2020,이비인후과,M49,17,56,56,2038200,1464600
2020,이비인후과,M50,174,454,454,39844710,28106810
2020,이비인후과,M51,146,301,301,8557450,6328650
2020,이비인후과,M53,650,1139,1136,31865760,22890160
2020,이비인후과,M54,8945,17627,17623,409531410,307001500
2020,이비인후과,M60,1319,1928,1927,35265240,25746840
2020,이비인후과,M61,3,4,4,84840,70540
2020,이비인후과,M62,3396,5031,5035,97646800,71466590
2020,이비인후과,M63,22,29,29,564600,409600
2020,이비인후과,M65,95,157,157,4240870,3056470
2020,이비인후과,M66,3,4,3,63320,52120
2020,이비인후과,M67,19,32,32,1052460,765260
2020,이비인후과,M70,28,41,41,933120,678120
2020,이비인후과,M71,34,74,74,1322370,945670
2020,이비인후과,M72,123,215,213,6429450,4648050
2020,이비인후과,M73,163,493,493,7419160,6223760
2020,이비인후과,M75,437,1243,1242,36780160,27179060
2020,이비인후과,M76,17,24,24,620490,435290
2020,이비인후과,M77,231,412,411,8186900,5962700
2020,이비인후과,M79,57086,93740,93736,1890210420,1387817460
2020,이비인후과,M80,44,93,93,1885930,1505230
2020,이비인후과,M81,521,1241,1241,38362550,28176200
2020,이비인후과,M82,7,11,11,171740,134940
2020,이비인후과,M83,6,18,18,257120,191020
2020,이비인후과,M84,4,16,16,542260,380560
2020,이비인후과,M85,18,39,42,2755810,2309250
2020,이비인후과,M86,1,1,1,19060,17160
2020,이비인후과,M89,174,311,310,5082460,4037960
2020,이비인후과,M90,2,2,2,32280,22680
2020,이비인후과,M93,3,12,12,510720,358120
2020,이비인후과,M94,9,16,16,241830,174530
2020,이비인후과,M95,433,1051,1059,115223000,83574340
2020,이비인후과,M96,4,12,12,440410,324110
2020,이비인후과,M99,16,40,40,721990,562490
2020,이비인후과,N00,328,426,426,9656070,6897370
2020,이비인후과,N01,1,1,1,16140,11340
2020,이비인후과,N02,7,8,8,351280,246280
2020,이비인후과,N03,5,8,8,320900,176410
2020,이비인후과,N04,9,12,12,207690,157790
2020,이비인후과,N05,2,2,2,188530,132130
2020,이비인후과,N06,4,9,9,117120,94120
2020,이비인후과,N08,11,14,14,303990,221990
2020,이비인후과,N10,466,911,920,19525480,14258240
2020,이비인후과,N11,6,11,11,153110,120510
2020,이비인후과,N12,31,63,62,1382540,1002240
2020,이비인후과,N13,4,9,9,129550,120550
2020,이비인후과,N17,2,6,6,96910,68310
2020,이비인후과,N18,51,148,148,3636200,3049300
2020,이비인후과,N19,22,54,54,2056980,1568180
2020,이비인후과,N20,21,41,41,531040,406240
2020,이비인후과,N21,22,41,41,1032760,755960
2020,이비인후과,N23,1,1,1,11540,8140
2020,이비인후과,N28,8,15,15,437690,319090
2020,이비인후과,N30,4887,8470,8535,148139610,112534190
2020,이비인후과,N31,336,678,678,10102810,8406310
2020,이비인후과,N32,136,335,335,4619060,3907060
2020,이비인후과,N34,202,354,354,6328090,4841490
2020,이비인후과,N36,1,2,2,27680,24580
2020,이비인후과,N37,8,18,18,294520,228820
2020,이비인후과,N39,638,1105,1105,19770670,15578670
2020,이비인후과,N40,2438,7190,7189,102046530,82610540
2020,이비인후과,N41,252,783,784,10099040,8327140
2020,이비인후과,N42,65,136,136,1748680,1428080
2020,이비인후과,N43,3,3,3,42670,36770
2020,이비인후과,N44,1,1,1,20170,14170
2020,이비인후과,N45,9,13,13,207010,152910
2020,이비인후과,N48,291,383,390,7000200,5536540
2020,이비인후과,N49,4,5,5,73020,54020
2020,이비인후과,N50,9,11,11,137860,111460
2020,이비인후과,N51,6,13,13,195500,143500
2020,이비인후과,N60,1,1,1,16140,14540
2020,이비인후과,N61,7,12,12,173060,123660
2020,이비인후과,N62,5,6,6,245570,175470
2020,이비인후과,N63,3,4,4,72300,52700
2020,이비인후과,N64,15,16,16,230190,168290
2020,이비인후과,N71,1,1,1,16140,11340
2020,이비인후과,N72,3,3,3,43220,32320
2020,이비인후과,N73,6,6,6,101870,74770
2020,이비인후과,N74,1,1,1,11540,8140
2020,이비인후과,N75,2,7,7,252340,176740
2020,이비인후과,N76,131,201,200,2991280,2235880
2020,이비인후과,N77,16,19,19,273320,196020
2020,이비인후과,N80,8,15,15,233090,163990
2020,이비인후과,N81,1,6,6,65500,56500
2020,이비인후과,N83,1,1,1,16140,11340
2020,이비인후과,N84,1,1,1,16140,11340
2020,이비인후과,N85,2,4,4,57010,40210
2020,이비인후과,N86,1,1,1,16140,11340
2020,이비인후과,N88,3,3,3,46340,32540
2020,이비인후과,N89,2,3,3,379270,356470
2020,이비인후과,N90,3,3,3,53890,48590
2020,이비인후과,N91,12,22,22,615080,431580
2020,이비인후과,N92,23,35,35,756710,582010
2020,이비인후과,N93,6,8,8,116110,90710
2020,이비인후과,N94,782,1138,1138,18019000,12721600
2020,이비인후과,N95,510,1598,1598,23783920,17491020
2020,이비인후과,N97,20,141,141,1821370,1285270
2020,이비인후과,N98,3,7,7,90770,63970
2020,이비인후과,O00,17,20,20,885240,794640
2020,이비인후과,O16,2,4,4,126990,89090
2020,이비인후과,O21,5,15,15,195940,160540
2020,이비인후과,O22,1,1,1,14060,12660
2020,이비인후과,O24,1,2,2,30230,21230
2020,이비인후과,O26,5,5,5,89290,62690
2020,이비인후과,O60,1,1,1,16140,11340
2020,이비인후과,O90,2,3,3,229400,160700
2020,이비인후과,O91,4,6,6,95590,67190
2020,이비인후과,O92,3,4,4,68560,48160
2020,이비인후과,O99,8,25,25,322780,275980
2020,이비인후과,P01,1,1,1,16130,11330
2020,이비인후과,P22,8,54,54,850590,773490
2020,이비인후과,P28,50,76,76,2145810,1525010
2020,이비인후과,P35,7,9,9,147120,107620
2020,이비인후과,P38,11,16,16,334500,318400
2020,이비인후과,P39,2,2,2,38870,36970
2020,이비인후과,P59,3,3,3,55230,52530
2020,이비인후과,P74,1,1,1,31380,29880
2020,이비인후과,P83,6,7,7,137740,129140
2020,이비인후과,P90,1,1,1,18410,17510
2020,이비인후과,P92,7,7,7,126600,116400
2020,이비인후과,Q01,1,2,1,31040,26240
2020,이비인후과,Q04,2,37,40,913530,815700
2020,이비인후과,Q10,4,5,5,130540,106040
2020,이비인후과,Q12,1,1,1,11540,8140
2020,이비인후과,Q15,6,17,17,200350,172850
2020,이비인후과,Q16,47,88,89,3431820,2863470
2020,이비인후과,Q17,169,404,406,18001480,13591080
2020,이비인후과,Q18,4662,12934,13128,447324040,333879560
2020,이비인후과,Q20,1,122,128,2706460,2424520
2020,이비인후과,Q21,9,14,14,231730,181630
2020,이비인후과,Q22,1,1,1,11540,8140
2020,이비인후과,Q23,1,1,1,41590,29190
2020,이비인후과,Q24,1,1,1,16140,11340
2020,이비인후과,Q26,1,1,1,16140,11340
2020,이비인후과,Q27,2,3,3,125850,88250
2020,이비인후과,Q28,2,2,2,24890,17490
2020,이비인후과,Q30,20,31,31,851340,608140
2020,이비인후과,Q31,14,14,14,452960,376760
2020,이비인후과,Q32,2,2,6,3053820,2358050
2020,이비인후과,Q34,8,27,27,767310,658010
2020,이비인후과,Q35,33,63,65,3292750,2954930
2020,이비인후과,Q36,14,20,20,365350,268950
2020,이비인후과,Q37,2,3,3,52420,36820
2020,이비인후과,Q38,1958,3499,3574,207455330,171976780
2020,이비인후과,Q39,7,8,7,4721320,3748060
2020,이비인후과,Q42,1,1,1,11540,8140
2020,이비인후과,Q53,3,3,3,41930,39430
2020,이비인후과,Q61,3,3,3,48420,34020
2020,이비인후과,Q65,4,4,4,72790,67290
2020,이비인후과,Q66,6,9,7,142800,116800
2020,이비인후과,Q67,13,15,15,265240,206240
2020,이비인후과,Q68,7,8,8,139060,129660
2020,이비인후과,Q70,2,3,2,55510,47110
2020,이비인후과,Q72,1,1,1,42520,33620
2020,이비인후과,Q74,1,1,1,29200,23100
2020,이비인후과,Q75,4,4,4,66420,51620
2020,이비인후과,Q77,1,1,1,12130,9630
2020,이비인후과,Q78,2,2,2,45400,37700
2020,이비인후과,Q81,6,12,12,442670,316770
2020,이비인후과,Q82,28,42,42,1185450,865990
2020,이비인후과,Q83,1,3,3,52420,36820
2020,이비인후과,Q85,31,37,34,910120,713920
2020,이비인후과,Q87,18,183,183,2939940,2643840
2020,이비인후과,Q89,471,693,700,36332050,27599080
2020,이비인후과,Q90,19,109,109,2123680,1883380
2020,이비인후과,Q91,1,5,5,79570,75770
2020,이비인후과,Q93,4,65,76,2327580,2116440
2020,이비인후과,Q98,1,5,5,88700,79900
2020,이비인후과,R00,446,647,647,12501120,8955020
2020,이비인후과,R01,15,15,15,252250,220250
2020,이비인후과,R03,102,222,222,3438610,2636810
2020,이비인후과,R04,140573,243640,243647,7537070910,5450371000
2020,이비인후과,R05,16931,29411,29405,510770020,383319240
2020,이비인후과,R06,11241,21757,21750,696703090,522407120
2020,이비인후과,R07,27231,42887,42887,727949080,527999660
2020,이비인후과,R09,15014,23574,23571,434178470,317686290
2020,이비인후과,R10,4914,6307,6304,150860230,109529970
2020,이비인후과,R11,7707,10925,10919,310751110,224034600
2020,이비인후과,R12,12475,26425,26392,751284690,541451790
2020,이비인후과,R13,467,618,614,14423580,10748880
2020,이비인후과,R14,51,62,62,1044610,747110
2020,이비인후과,R15,1,1,1,16140,14540
2020,이비인후과,R17,24,32,32,889530,667330
2020,이비인후과,R18,1,1,1,16140,11340
2020,이비인후과,R19,2695,4022,4020,161101530,114680330
2020,이비인후과,R20,51,61,61,1095940,831740
2020,이비인후과,R21,150,217,217,3830050,2965050
2020,이비인후과,R22,1937,2645,2620,76210510,55043640
2020,이비인후과,R23,44,56,56,1602150,1171150
2020,이비인후과,R25,418,659,659,17031340,12618040
2020,이비인후과,R26,17,19,17,798980,589380
2020,이비인후과,R27,2,5,5,208100,187500
2020,이비인후과,R29,17,38,38,573830,409730
2020,이비인후과,R30,61,89,89,1833510,1412910
2020,이비인후과,R31,27,36,35,739220,549720
2020,이비인후과,R32,85,159,158,2361500,1956900
2020,이비인후과,R33,7,13,13,170340,148740
2020,이비인후과,R34,1,1,1,21080,20080
2020,이비인후과,R35,126,265,265,3760490,3048290
2020,이비인후과,R39,26,32,30,727620,547920
2020,이비인후과,R40,12,22,22,400250,281150
2020,이비인후과,R41,283,650,650,10462120,8436620
2020,이비인후과,R42,97012,173606,173488,11147216790,7937804850
2020,이비인후과,R43,16870,31168,31127,859046450,618548130
2020,이비인후과,R44,31,34,33,841710,640510
2020,이비인후과,R45,724,1527,1526,27051590,20387590
2020,이비인후과,R46,83,134,134,1728220,1271820
2020,이비인후과,R47,839,6680,6678,86129520,66492920
2020,이비인후과,R48,3,7,7,142590,100090
2020,이비인후과,R49,6186,13331,13363,541185270,389161040
2020,이비인후과,R50,14147,19756,19748,376472850,274402780
2020,이비인후과,R51,21374,30280,30266,569943160,416536470
2020,이비인후과,R52,16510,25409,25402,494672200,360844980
2020,이비인후과,R53,2889,3954,3953,48187040,35152960
2020,이비인후과,R54,15,17,17,302040,242640
2020,이비인후과,R55,165,240,237,20022080,14083260
2020,이비인후과,R56,140,264,263,6670590,4964690
2020,이비인후과,R57,27,78,78,1186290,972090
2020,이비인후과,R58,52,68,79,4071820,2974800
2020,이비인후과,R59,6758,10293,10287,262748480,186240720
2020,이비인후과,R60,1620,3228,3229,80707740,58398240
2020,이비인후과,R61,59,69,68,1256420,916220
2020,이비인후과,R62,540,2329,2322,30036360,23822060
2020,이비인후과,R63,391,632,631,11029900,8258800
2020,이비인후과,R64,3,3,3,36430,31930
2020,이비인후과,R68,12807,14967,14929,259868170,185242670
2020,이비인후과,R69,4,4,4,64560,45360
2020,이비인후과,R70,1,1,1,11540,10040
2020,이비인후과,R72,8,10,10,181310,130610
2020,이비인후과,R73,346,592,592,18796660,14034360
2020,이비인후과,R74,7,8,8,251360,176360
2020,이비인후과,R76,51,100,100,3939840,2464750
2020,이비인후과,R78,2,5,5,103740,72940
2020,이비인후과,R79,7,8,8,913000,644500
2020,이비인후과,R80,14,23,23,374690,269290
2020,이비인후과,R81,94,302,302,4573380,3549180
2020,이비인후과,R82,4,4,4,53490,42190
2020,이비인후과,R84,72,93,93,1514460,1180060
2020,이비인후과,R85,2,2,2,36280,25480
2020,이비인후과,R86,1,1,1,16140,11340
2020,이비인후과,R89,1,3,3,87850,69550
2020,이비인후과,R91,4,6,5,88520,78720
2020,이비인후과,R92,1,1,1,16140,11340
2020,이비인후과,R93,2,3,3,107990,80190
2020,이비인후과,R94,658,871,869,33453400,23781110
2020,이비인후과,S00,22461,35859,35851,763656490,563462980
2020,이비인후과,S01,23343,45494,45491,1000517810,742224670
2020,이비인후과,S02,9532,17317,17742,1406455730,1035627030
2020,이비인후과,S03,2746,4067,4074,81942590,61077300
2020,이비인후과,S04,120,168,167,3442310,2689110
2020,이비인후과,S05,95,117,117,2793650,2052550
2020,이비인후과,S06,22,29,29,733770,541570
2020,이비인후과,S07,24,44,44,1070050,819550
2020,이비인후과,S08,18,51,51,2604710,1946740
2020,이비인후과,S09,6406,18874,18885,1076702210,764072660
2020,이비인후과,S10,479,571,571,17020640,12134040
2020,이비인후과,S11,113,305,305,6600140,4877240
2020,이비인후과,S12,17,19,19,959240,675640
2020,이비인후과,S13,2192,3087,3087,56161130,41601600
2020,이비인후과,S14,2,19,19,14060,12560
2020,이비인후과,S15,3,3,3,173650,121750
2020,이비인후과,S16,13,21,21,402780,313980
2020,이비인후과,S17,5,6,6,226490,158890
2020,이비인후과,S19,23,28,28,582980,419780
2020,이비인후과,S20,33,47,47,800530,632330
2020,이비인후과,S21,13,26,26,497240,389540
2020,이비인후과,S22,7,27,27,392260,314360
2020,이비인후과,S23,63,110,109,2868580,2152180
2020,이비인후과,S24,1,1,1,18080,12680
2020,이비인후과,S25,1,1,1,16150,11350
2020,이비인후과,S29,3,3,3,73870,53870
2020,이비인후과,S30,23,34,34,626700,485100
2020,이비인후과,S31,31,58,58,1198380,915280
2020,이비인후과,S32,4,17,17,407700,320800
2020,이비인후과,S33,573,1097,1097,19005250,14221750
2020,이비인후과,S34,2,2,2,77070,54070
2020,이비인후과,S37,1,1,1,17070,13570
2020,이비인후과,S40,22,31,31,537000,412900
2020,이비인후과,S41,24,68,68,1445580,1073680
2020,이비인후과,S42,2,2,2,27680,24580
2020,이비인후과,S43,333,526,525,11043420,7934720
2020,이비인후과,S46,6,9,9,139920,98220
2020,이비인후과,S47,1,1,1,15970,14470
2020,이비인후과,S49,2,9,9,148170,127270
2020,이비인후과,S50,72,119,119,2444590,1831790
2020,이비인후과,S51,102,170,170,3916430,2868230
2020,이비인후과,S52,1,1,1,18010,12610
2020,이비인후과,S53,24,45,45,908820,696720
2020,이비인후과,S56,3,16,16,242640,170640
2020,이비인후과,S57,1,2,2,23080,20080
2020,이비인후과,S59,12,26,26,534710,401410
2020,이비인후과,S60,278,392,392,10050090,7551750
2020,이비인후과,S61,817,1588,1588,35821830,26355340
2020,이비인후과,S62,7,9,9,189920,147020
2020,이비인후과,S63,61,94,94,1672830,1228430
2020,이비인후과,S64,1,1,1,13620,9620
2020,이비인후과,S65,70,114,114,2763570,2009360
2020,이비인후과,S66,27,46,46,1054380,743880
2020,이비인후과,S67,9,11,11,219260,176160
2020,이비인후과,S68,2,3,3,58630,41130
2020,이비인후과,S69,10,31,31,616900,435800
2020,이비인후과,S70,20,25,25,400470,318970
2020,이비인후과,S71,28,53,53,1122160,821760
2020,이비인후과,S73,6,27,27,364360,272660
2020,이비인후과,S74,1,2,2,31970,28470
2020,이비인후과,S75,1,1,1,14060,9860
2020,이비인후과,S76,3,3,3,56200,39500
2020,이비인후과,S79,1,1,1,43500,30500
2020,이비인후과,S80,171,342,342,6397270,4732870
2020,이비인후과,S81,252,547,547,12295390,9209390
2020,이비인후과,S82,45,59,58,1857510,1328010
2020,이비인후과,S83,42,116,116,1817970,1393070
2020,이비인후과,S84,2,2,2,87240,61140
2020,이비인후과,S85,2,2,2,42750,33250
2020,이비인후과,S86,3,3,3,67440,54040
2020,이비인후과,S87,2,2,2,49340,37240
2020,이비인후과,S89,3,7,7,173900,122000
2020,이비인후과,S90,141,227,227,4352210,3225810
2020,이비인후과,S91,219,393,393,8243320,6012920
2020,이비인후과,S92,4,38,38,722390,507790
2020,이비인후과,S93,80,120,120,2058080,1494280
2020,이비인후과,S94,1,1,1,12130,11530
2020,이비인후과,S95,5,9,9,268790,188590
2020,이비인후과,S96,1,1,1,14060,9860
2020,이비인후과,S97,4,4,4,67390,55090
2020,이비인후과,S98,1,1,1,20140,16140
2020,이비인후과,S99,13,18,18,337310,248010
2020,이비인후과,T00,216,414,414,8069820,6202720
2020,이비인후과,T01,97,196,196,5065760,3718080
2020,이비인후과,T03,8,15,15,269090,197590
2020,이비인후과,T04,284,589,589,13240900,9435100
2020,이비인후과,T06,1,2,2,6260,4460
2020,이비인후과,T09,12,36,36,677190,536790
2020,이비인후과,T10,2,2,2,29760,20960
2020,이비인후과,T11,15,21,21,495730,378530
2020,이비인후과,T12,1,1,1,34170,23970
2020,이비인후과,T13,117,183,183,3772800,2820400
2020,이비인후과,T14,1270,2146,2146,48986590,36114520
2020,이비인후과,T15,1922,2483,2483,103178010,73249110
2020,이비인후과,T16,153166,204460,204426,6841905360,4922686660
2020,이비인후과,T17,106896,122321,122251,4744703650,3384927270
2020,이비인후과,T18,1779,1876,1872,57047030,41111910
2020,이비인후과,T19,1,1,1,16140,14540
2020,이비인후과,T20,140,293,294,9059220,7015060
2020,이비인후과,T21,51,106,106,3236820,2306400
2020,이비인후과,T22,93,238,238,6782780,4877280
2020,이비인후과,T23,374,779,779,22852320,16418330
2020,이비인후과,T24,61,252,252,5119120,3654920
2020,이비인후과,T25,59,150,150,5391090,3883690
2020,이비인후과,T26,4,6,5,100690,70690
2020,이비인후과,T27,22,26,26,1291490,905490
2020,이비인후과,T28,120,186,186,3622710,2678310
2020,이비인후과,T29,27,75,75,2918540,2105240
2020,이비인후과,T30,500,1078,1078,32547700,23595680
2020,이비인후과,T31,2,4,4,127670,89670
2020,이비인후과,T33,19,24,24,411830,302530
2020,이비인후과,T35,6,10,10,157080,110480
2020,이비인후과,T36,1,1,1,62190,43590
2020,이비인후과,T37,3,10,10,187270,131870
2020,이비인후과,T42,1,1,1,20140,14140
2020,이비인후과,T46,8,15,15,251430,180730
2020,이비인후과,T54,2,2,2,39270,27570
2020,이비인후과,T56,1,1,1,19930,14030
2020,이비인후과,T60,4,11,11,160250,114650
2020,이비인후과,T62,1,1,1,163450,114450
2020,이비인후과,T63,19,25,25,448100,350200
2020,이비인후과,T65,1,1,1,16140,14540
2020,이비인후과,T66,1,1,1,17250,12150
2020,이비인후과,T67,546,835,835,15689860,11305330
2020,이비인후과,T69,2,2,2,36280,25480
2020,이비인후과,T70,231,314,314,8749540,6197340
2020,이비인후과,T73,164,304,304,5347780,3968380
2020,이비인후과,T75,53,69,68,1716780,1233480
2020,이비인후과,T78,1414,2287,2287,55163250,40473250
2020,이비인후과,T79,574,915,915,29223820,21659880
2020,이비인후과,T80,1,1,1,11540,8140
2020,이비인후과,T81,873,1492,1857,114726420,86786250
2020,이비인후과,T84,4,5,5,129380,90880
2020,이비인후과,T85,1,2,2,23080,16280
2020,이비인후과,T88,288,428,427,7749280,5835880
2020,이비인후과,T90,5,19,19,291230,243930
2020,이비인후과,T91,4,4,4,105420,77620
2020,이비인후과,T92,2,3,3,80520,56420
2020,이비인후과,T93,4,5,5,129050,100450
2020,이비인후과,T95,1,1,1,16140,11340
2020,이비인후과,U07,20,20,20,334080,234680
2020,이비인후과,Z00,956,1062,1061,19637790,14167490
2020,이비인후과,Z01,7825,9559,9535,483920100,343149600
2020,이비인후과,Z02,16,16,16,125800,88200
2020,이비인후과,Z03,496,547,546,11271370,8566470
2020,이비인후과,Z04,34,36,36,956090,699790
2020,이비인후과,Z08,86,125,125,5538180,4244880
2020,이비인후과,Z09,8,17,17,256090,185390
2020,이비인후과,Z10,35,59,59,1245710,926710
2020,이비인후과,Z11,6,7,7,261510,189610
2020,이비인후과,Z13,28,30,30,1656410,1448210
2020,이비인후과,Z20,33,46,46,1075510,755210
2020,이비인후과,Z21,1,1,1,16140,11340
2020,이비인후과,Z23,30,36,36,1156100,827500
2020,이비인후과,Z24,26,33,33,437590,325690
2020,이비인후과,Z25,2579,3072,3073,67820700,49721800
2020,이비인후과,Z26,1737,2155,2155,48514890,35147960
2020,이비인후과,Z27,93,103,103,1849420,1381120
2020,이비인후과,Z29,212,305,305,5473840,3990540
2020,이비인후과,Z30,11,20,20,398420,279820
2020,이비인후과,Z31,2,10,10,132150,92950
2020,이비인후과,Z32,40,63,63,1131440,994440
2020,이비인후과,Z33,3,19,19,266200,187000
2020,이비인후과,Z34,48,125,125,5619060,5025560
2020,이비인후과,Z35,2,6,6,106190,74490
2020,이비인후과,Z38,6,6,6,194960,176060
2020,이비인후과,Z39,1,3,3,73080,51280
2020,이비인후과,Z41,11,15,15,241950,171650
2020,이비인후과,Z46,6,8,8,222500,174700
2020,이비인후과,Z48,1649,3115,3116,69125370,50651990
2020,이비인후과,Z49,1,1,1,11540,10440
2020,이비인후과,Z50,1,1,1,20140,14140
2020,이비인후과,Z54,298,878,878,15112490,10903790
2020,이비인후과,Z57,6,6,6,206960,148460
2020,이비인후과,Z58,8,8,8,640520,448920
2020,이비인후과,Z64,3,3,3,56420,39620
2020,이비인후과,Z70,7,7,7,109170,78670
2020,이비인후과,Z71,531,606,605,12170230,9118530
2020,이비인후과,Z72,11,15,15,278120,198620
2020,이비인후과,Z73,9,11,11,167230,134430
2020,이비인후과,Z76,8,42,42,514120,436620
2020,이비인후과,Z82,7,9,9,170660,139360
2020,이비인후과,Z83,4,4,4,71050,49950
2020,이비인후과,Z88,10,14,14,359070,257470
2020,이비인후과,Z90,1,1,1,16140,11340
2020,이비인후과,Z91,1,1,1,16140,14540
2020,이비인후과,Z92,2,2,2,31940,25640
2020,이비인후과,Z93,22,32,32,10064240,7806540
2020,이비인후과,Z94,10,31,31,1232250,906650
2020,이비인후과,Z95,3,5,5,62410,43810
2020,이비인후과,Z96,66,97,97,4939920,3550720
2020,이비인후과,Z97,462,577,577,28264590,20170290
2020,이비인후과,Z98,964,3397,3403,55501530,40295530
2020,이비인후과,Z99,1,2,2,28470,25370
2020,피부과,A00,1,1,1,16140,11340
2020,피부과,A04,33,47,47,741970,541370
2020,피부과,A06,210,569,569,9310360,6679160
2020,피부과,A08,23,26,26,373960,273960
2020,피부과,A09,167,308,308,5979510,4272110
2020,피부과,A18,4,4,4,98290,68990
2020,피부과,A23,1,1,1,20140,14140
2020,피부과,A24,1,2,2,27680,19480
2020,피부과,A26,44,73,73,1351580,996680
2020,피부과,A28,3,7,7,161690,113690
2020,피부과,A31,7,17,17,261430,183930
2020,피부과,A35,12,22,22,810150,553920
2020,피부과,A41,1,1,1,16140,11340
2020,피부과,A42,1,1,1,16140,11340
2020,피부과,A46,743,1722,1722,30147660,22729860
2020,피부과,A48,309,443,443,7164040,5253240
2020,피부과,A49,7554,13913,13913,304698640,219219780
2020,피부과,A50,1,1,1,17980,12680
2020,피부과,A51,74,127,126,4000140,2845240
2020,피부과,A52,6,11,11,225710,160410
2020,피부과,A53,38,61,61,1009950,736350
2020,피부과,A54,36,60,60,2278030,1600030
2020,피부과,A56,75,158,158,3078330,2227530
2020,피부과,A57,2,2,2,54120,38020
2020,피부과,A58,1,1,1,22610,15910
2020,피부과,A59,113,236,236,3426700,2443700
2020,피부과,A60,8746,17493,17493,279437790,213905040
2020,피부과,A63,711,1555,1555,94108950,66427570
2020,피부과,A64,9,13,13,669790,469390
2020,피부과,A66,21,32,32,860050,612550
2020,피부과,A69,21,39,39,545950,441650
2020,피부과,A74,2,2,2,23080,18180
2020,피부과,A75,25,42,41,660570,528870
2020,피부과,A77,1,3,3,34620,24420
2020,피부과,B00,185553,292097,292096,5115358510,3749078780
2020,피부과,B01,2378,4887,4887,74552700,53588210
2020,피부과,B02,173674,532788,532780,13693769400,9856625670
2020,피부과,B05,3,3,3,63240,46240
2020,피부과,B06,1,1,1,18020,12620
2020,피부과,B07,364931,1166360,1166353,71516516250,50453403890
2020,피부과,B08,55633,84258,84257,3021248180,2226465000
2020,피부과,B09,2670,3703,3703,62978800,46865900
2020,피부과,B17,5,5,5,174220,122120
2020,피부과,B18,13,33,33,321140,226440
2020,피부과,B23,1,1,1,44830,31430
2020,피부과,B25,4,5,5,80020,60020
2020,피부과,B30,52,67,67,1801610,1298910
2020,피부과,B33,10,14,14,227460,167860
2020,피부과,B34,149,240,240,8157290,5913190
2020,피부과,B35,835258,2096647,2096634,34256785540,25216989770
2020,피부과,B36,38436,57829,57829,1056788720,755624270
2020,피부과,B37,3018,5017,5017,88397950,67259860
2020,피부과,B38,5,6,6,96870,68070
2020,피부과,B40,1,1,1,16140,14540
2020,피부과,B41,1,3,3,39220,27620
2020,피부과,B42,2,2,2,32280,22680
2020,피부과,B43,132,303,303,21034730,14774430
2020,피부과,B45,1,1,1,23450,18850
2020,피부과,B46,1,1,1,23450,16450
2020,피부과,B48,19,70,70,2360390,1654990
2020,피부과,B49,10,11,11,210150,152750
2020,피부과,B50,1,1,1,13510,12010
2020,피부과,B60,1,2,2,34990,24590
2020,피부과,B66,7,8,8,148900,104500
2020,피부과,B68,2,2,2,46490,36190
2020,피부과,B69,1,1,1,16140,11340
2020,피부과,B76,1,2,2,24260,19260
2020,피부과,B83,30,31,31,743080,529780
2020,피부과,B85,1951,2590,2590,43062000,32087700
2020,피부과,B86,15784,34134,34130,541617930,406091080
2020,피부과,B88,3604,6480,6479,130677310,94524480
2020,피부과,B94,1,1,1,16140,14540
2020,피부과,B96,6,7,7,124320,89320
2020,피부과,B97,2,2,2,183570,128570
2020,피부과,B98,1,1,1,50950,35750
2020,피부과,C06,1,3,3,50200,47800
2020,피부과,C08,1,2,2,27680,26380
2020,피부과,C12,1,1,1,13350,9350
2020,피부과,C15,2,6,6,84070,80270
2020,피부과,C16,20,83,83,1671590,1580390
2020,피부과,C18,17,73,73,1061260,1009360
2020,피부과,C19,1,4,4,53280,50780
2020,피부과,C20,5,19,19,328990,313590
2020,피부과,C22,14,45,45,655060,624660
2020,피부과,C23,3,15,15,181700,173700
2020,피부과,C24,2,3,3,46340,44040
2020,피부과,C25,6,20,20,342130,322630
2020,피부과,C26,1,1,1,16140,14540
2020,피부과,C32,2,12,12,311220,296120
2020,피부과,C34,34,183,183,3442950,3266350
2020,피부과,C41,2,2,2,32280,22680
2020,피부과,C43,210,290,288,7600340,5709090
2020,피부과,C44,703,1509,1505,69109170,54811790
2020,피부과,C45,1,1,1,17330,16530
2020,피부과,C46,2,3,3,49050,40650
2020,피부과,C48,1,1,1,16140,15340
2020,피부과,C49,5,9,9,188050,173850
2020,피부과,C50,31,101,101,1908630,1783530
2020,피부과,C53,5,19,19,304880,290780
2020,피부과,C54,7,17,17,1537550,1130950
2020,피부과,C55,3,5,5,902830,695030
2020,피부과,C56,3,8,8,104040,89440
2020,피부과,C58,1,1,1,16140,14540
2020,피부과,C60,1,3,3,53800,44300
2020,피부과,C61,31,97,97,1612070,1521170
2020,피부과,C63,1,4,4,96260,67460
2020,피부과,C64,9,18,18,335000,307400
2020,피부과,C65,1,1,1,16140,15340
2020,피부과,C66,3,10,10,194590,185190
2020,피부과,C67,8,58,58,2971710,2781110
2020,피부과,C73,32,135,135,2923910,2772910
2020,피부과,C76,6,18,18,1441960,1042460
2020,피부과,C77,1,7,7,91850,87650
2020,피부과,C79,2,3,3,42600,40500
2020,피부과,C80,17,32,26,615000,507800
2020,피부과,C82,1,1,1,16140,11340
2020,피부과,C83,4,39,39,942840,896640
2020,피부과,C84,68,1803,1802,65695830,59418730
2020,피부과,C85,4,4,4,99700,94900
2020,피부과,C86,9,86,86,4297690,3946810
2020,피부과,C88,2,101,101,2874140,2738740
2020,피부과,C90,2,21,21,648570,617170
2020,피부과,C91,3,41,41,745710,710810
2020,피부과,C92,1,1,1,20140,19140
2020,피부과,D00,3,3,3,50390,47890
2020,피부과,D01,4,15,15,188870,141570
2020,피부과,D03,45,49,49,952680,713580
2020,피부과,D04,208,448,446,16400280,13457180
2020,피부과,D05,4,5,5,94590,90090
2020,피부과,D06,6,22,22,358590,341790
2020,피부과,D07,1,1,1,16140,15340
2020,피부과,D09,2,6,6,113080,95380
2020,피부과,D10,25,34,34,1156340,818740
2020,피부과,D11,3,9,9,165470,116070
2020,피부과,D12,4,15,15,766360,548560
2020,피부과,D13,3,3,3,51820,38420
2020,피부과,D16,5,8,8,119320,89120
2020,피부과,D17,6093,11918,11917,732276390,518254960
2020,피부과,D18,6230,15237,15236,662397890,529845560
2020,피부과,D19,3,4,4,338100,236900
2020,피부과,D21,5757,9269,9269,417075180,297016150
2020,피부과,D22,6097,7025,7022,173617400,125736490
2020,피부과,D23,169298,279946,279811,12898145230,9181799640
2020,피부과,D24,8,8,8,119920,92620
2020,피부과,D25,9,17,17,1665450,1172750
2020,피부과,D26,1,1,1,20140,14140
2020,피부과,D27,2,3,3,444000,296100
2020,피부과,D28,3,3,3,249110,174510
2020,피부과,D29,44,72,72,6858590,4808490
2020,피부과,D30,10,11,11,1165110,819210
2020,피부과,D31,4,4,4,82490,59790
2020,피부과,D32,6,30,30,1002330,893030
2020,피부과,D33,2,9,9,137690,131290
2020,피부과,D34,2,2,2,51420,36020
2020,피부과,D35,2,24,24,296200,264400
2020,피부과,D36,1317,1682,1682,62751900,44718200
2020,피부과,D37,3,3,3,152660,112960
2020,피부과,D38,1,1,1,16140,15340
2020,피부과,D39,7,11,11,1609120,1069120
2020,피부과,D41,2,3,3,52580,49980
2020,피부과,D43,2,3,3,39660,37760
2020,피부과,D44,3,18,18,229530,218230
2020,피부과,D46,1,1,1,16140,15340
2020,피부과,D47,24,54,54,897980,782180
2020,피부과,D48,91,95,95,2185680,1600180
2020,피부과,D50,326,356,356,26211860,18404360
2020,피부과,D52,15,28,28,989130,706330
2020,피부과,D53,9,10,10,1109980,777480
2020,피부과,D59,12,23,23,548220,390320
2020,피부과,D61,1,7,7,173780,156680
2020,피부과,D62,1,1,1,80950,56750
2020,피부과,D64,27,33,33,825690,594290
2020,피부과,D66,1,8,8,122200,110300
2020,피부과,D68,3,3,3,43820,30820
2020,피부과,D69,8755,14134,14129,236109040,180666610
2020,피부과,D70,1,2,2,25600,23100
2020,피부과,D71,1,1,1,36790,25790
2020,피부과,D72,7,31,31,852350,599050
2020,피부과,D76,35,37,37,732180,573580
2020,피부과,D84,16,77,77,1322030,1200630
2020,피부과,D86,4,7,7,103620,89120
2020,피부과,D89,1,2,2,37000,26000
2020,피부과,E01,1,2,2,30200,27100
2020,피부과,E02,1,3,3,80640,62440
2020,피부과,E03,74,156,156,4042830,2888130
2020,피부과,E04,1,1,1,16140,11340
2020,피부과,E05,20,49,49,1084320,766720
2020,피부과,E06,7,18,18,335570,248870
2020,피부과,E07,17,25,25,1046080,739180
2020,피부과,E10,24,69,69,1068260,881160
2020,피부과,E11,84,266,266,3917780,2963180
2020,피부과,E12,2,5,5,62630,51130
2020,피부과,E13,13,70,70,1705710,1495410
2020,피부과,E14,47,107,107,1744170,1374470
2020,피부과,E22,3,4,4,86850,60950
2020,피부과,E23,1,6,6,73840,64740
2020,피부과,E24,2,2,2,39590,34790
2020,피부과,E25,2,2,2,150600,105500
2020,피부과,E27,1,1,1,11560,10560
2020,피부과,E28,16,32,32,1028270,721370
2020,피부과,E29,9,22,22,456640,320840
2020,피부과,E30,6,7,7,141760,99560
2020,피부과,E34,9,11,11,300710,218210
2020,피부과,E40,1,1,1,16140,14540
2020,피부과,E50,314,572,572,7914000,5743100
2020,피부과,E53,15,48,48,1298540,911340
2020,피부과,E55,345,578,578,13554660,9616560
2020,피부과,E56,2,2,2,36280,25480
2020,피부과,E65,3,3,3,42840,33240
2020,피부과,E66,286,524,524,10014630,7056530
2020,피부과,E67,3,3,3,52420,36820
2020,피부과,E70,1,1,1,20140,14140
2020,피부과,E74,1,1,1,16140,11340
2020,피부과,E75,30,37,37,838940,606140
2020,피부과,E76,2,2,2,32300,22700
2020,피부과,E78,511,1194,1193,20645260,15106460
2020,피부과,E79,4,4,4,75490,52990
2020,피부과,E80,3,3,3,50220,37520
2020,피부과,E83,2,9,9,113060,79660
2020,피부과,E85,8,15,15,257090,215290
2020,피부과,E86,11,11,11,188790,140990
2020,피부과,E87,2,5,5,64820,58220
2020,피부과,E88,74,90,89,4336780,3090580
2020,피부과,E89,7,24,24,512810,387110
2020,피부과,F00,10,14,14,197220,165920
2020,피부과,F01,1,1,1,20140,16140
2020,피부과,F03,5,9,9,122870,105770
2020,피부과,F06,154,395,395,5634920,4481720
2020,피부과,F20,1,1,1,11540,8140
2020,피부과,F22,1,1,1,20140,14140
2020,피부과,F31,2,16,16,216840,168040
2020,피부과,F32,88,239,239,3593460,2761160
2020,피부과,F33,8,30,30,351730,281730
2020,피부과,F34,2,3,3,40090,31090
2020,피부과,F38,1,3,3,46340,32540
2020,피부과,F39,7,21,21,294680,211280
2020,피부과,F40,10,19,19,257560,202060
2020,피부과,F41,110,294,294,4351720,3374520
2020,피부과,F42,1,1,1,16140,11340
2020,피부과,F43,10,14,14,220100,168700
2020,피부과,F44,1,1,1,16140,14540
2020,피부과,F45,216,319,319,6613720,5061120
2020,피부과,F48,56,120,120,2474070,1814270
2020,피부과,F50,51,80,80,1561700,1101600
2020,피부과,F51,426,1030,1030,14814670,11055570
2020,피부과,F52,29,38,38,386180,321580
2020,피부과,F54,50,84,84,1660420,1179820
2020,피부과,F60,40,74,74,929700,813300
2020,피부과,F63,307,400,400,7048920,5004760
2020,피부과,F90,7,12,12,169060,118860
2020,피부과,F92,4,7,7,94420,77620
2020,피부과,F94,1,1,1,0,0
2020,피부과,F95,3,3,3,32280,22680
2020,피부과,F98,25,36,36,768490,544390
2020,피부과,G02,1,1,1,16140,11340
2020,피부과,G05,54,187,187,4745180,3410280
2020,피부과,G20,15,38,38,677930,608530
2020,피부과,G22,1,1,1,20140,14140
2020,피부과,G23,2,2,2,27680,19480
2020,피부과,G24,4,4,4,61880,43480
2020,피부과,G25,14,18,18,300380,227880
2020,피부과,G31,877,2027,2027,28194970,23010370
2020,피부과,G37,3,3,3,54380,38180
2020,피부과,G40,1,1,1,14060,9860
2020,피부과,G43,146,270,270,3763760,2711660
2020,피부과,G44,49,89,89,1533540,1095840
2020,피부과,G46,2,2,2,27860,24760
2020,피부과,G47,932,2790,2790,37328060,28023760
2020,피부과,G50,36,50,50,732100,547900
2020,피부과,G51,17,18,18,289320,203320
2020,피부과,G52,2,5,5,67340,57840
2020,피부과,G53,20397,64080,64077,1298065530,984818510
2020,피부과,G54,14,18,18,460630,346930
2020,피부과,G55,2,2,2,16140,11340
2020,피부과,G56,3,4,4,55360,38960
2020,피부과,G57,9,10,10,166190,128890
2020,피부과,G58,73,101,101,1618230,1278030
2020,피부과,G59,1,2,2,25600,18000
2020,피부과,G61,2,5,5,11590,8190
2020,피부과,G62,13,19,18,280930,224130
2020,피부과,G63,6,12,12,152530,125930
2020,피부과,G64,29,34,34,541660,422760
2020,피부과,G70,3,17,17,578440,511740
2020,피부과,G71,1,2,2,23080,16280
2020,피부과,G73,21,42,42,883780,626980
2020,피부과,G90,45,89,89,2587150,1837050
2020,피부과,G91,7,7,7,118840,86640
2020,피부과,G95,2,8,8,62300,50200
2020,피부과,G96,3,8,8,101960,71760
2020,피부과,H00,2107,2563,2563,51560490,37035700
2020,피부과,H01,16686,21162,21161,389087300,282155290
2020,피부과,H02,558,879,879,31059480,22052720
2020,피부과,H03,113,134,134,4791750,3419120
2020,피부과,H04,499,934,934,13165680,9607080
2020,피부과,H05,11,14,14,431870,302770
2020,피부과,H06,3,3,3,50340,35340
2020,피부과,H10,9893,12617,12617,221973090,160305100
2020,피부과,H11,267,416,416,6606750,4746750
2020,피부과,H13,26,26,26,434010,316410
2020,피부과,H16,426,529,529,8827440,6421240
2020,피부과,H17,1,1,1,16140,11340
2020,피부과,H18,1,1,1,0,0
2020,피부과,H19,50,84,84,1453580,1048280
2020,피부과,H20,1,1,1,11540,10040
2020,피부과,H25,29,72,72,801260,677360
2020,피부과,H26,12,16,16,187960,146260
2020,피부과,H28,1,1,1,16140,11340
2020,피부과,H30,9,10,10,175260,129760
2020,피부과,H31,1,1,1,16140,11340
2020,피부과,H33,1,1,1,11540,10040
2020,피부과,H34,1,1,1,8410,6910
2020,피부과,H35,17,40,40,567980,469480
2020,피부과,H36,4,6,6,96240,84340
2020,피부과,H40,66,128,128,1550000,1156200
2020,피부과,H42,7,12,12,175890,123690
2020,피부과,H44,6,12,12,147810,104010
2020,피부과,H47,1,1,1,17070,13570
2020,피부과,H49,1,1,1,16140,11340
2020,피부과,H50,1,1,1,17070,13570
2020,피부과,H51,1,1,1,0,0
2020,피부과,H52,1,1,1,20140,14140
2020,피부과,H54,2,2,2,93180,67480
2020,피부과,H57,1,1,1,16140,14540
2020,피부과,H60,3446,5602,5602,145111010,102671910
2020,피부과,H61,29,48,48,1822650,1294650
2020,피부과,H62,8,11,11,179050,146250
2020,피부과,H65,12,19,19,290000,214400
2020,피부과,H66,13,20,20,342350,256650
2020,피부과,H67,2,2,2,0,0
2020,피부과,H81,33,58,58,806000,613700
2020,피부과,H91,1,1,1,16140,14540
2020,피부과,H92,3,3,3,52420,36820
2020,피부과,H93,12,24,24,339680,271980
2020,피부과,I00,7,8,8,133300,104000
2020,피부과,I05,1,2,2,37740,26440
2020,피부과,I10,570,1906,1906,21776160,16938860
2020,피부과,I11,28,76,76,701510,520710
2020,피부과,I12,2,6,6,78440,55240
2020,피부과,I13,4,8,8,215970,159170
2020,피부과,I15,34,96,96,1186990,929390
2020,피부과,I20,26,75,75,914960,703560
2020,피부과,I21,1,2,2,27680,24580
2020,피부과,I22,1,8,8,0,0
2020,피부과,I24,2,2,2,32280,22680
2020,피부과,I25,3,4,4,54760,46260
2020,피부과,I27,3,11,11,174740,157540
2020,피부과,I42,3,7,7,148650,122250
2020,피부과,I47,2,8,8,116150,96250
2020,피부과,I48,6,28,28,888730,624730
2020,피부과,I49,9,63,63,647040,554740
2020,피부과,I50,1,8,8,0,0
2020,피부과,I62,1,3,3,48420,43620
2020,피부과,I63,4,15,15,186000,165100
2020,피부과,I65,1,3,3,47820,33620
2020,피부과,I66,2,2,2,30200,21200
2020,피부과,I67,7,11,11,92160,71160
2020,피부과,I68,1,6,6,74280,65280
2020,피부과,I69,1,1,1,11540,10040
2020,피부과,I70,5,11,11,140160,116260
2020,피부과,I73,835,1579,1578,24381580,18812680
2020,피부과,I74,3,4,4,54040,47840
2020,피부과,I77,2,3,3,20140,14140
2020,피부과,I78,2059,2407,2406,48881110,35773910
2020,피부과,I79,16,18,18,282730,206030
2020,피부과,I80,69,109,109,1680100,1352000
2020,피부과,I82,2,6,6,73840,64740
2020,피부과,I83,265,530,530,9277890,6979770
2020,피부과,I86,40,48,48,1714760,1227860
2020,피부과,I87,85,147,147,2245170,1704270
2020,피부과,I88,30,33,33,587950,429450
2020,피부과,I89,71,118,118,1782730,1326530
2020,피부과,I95,1,2,2,40280,28280
2020,피부과,I97,2,2,2,23080,16280
2020,피부과,I99,2,3,3,66240,46440
2020,피부과,J00,861,1442,1442,21813360,16028460
2020,피부과,J01,49,87,87,1190090,875590
2020,피부과,J02,163,341,341,4521980,3451480
2020,피부과,J03,427,649,649,9906600,7096400
2020,피부과,J04,505,898,898,19682840,14358940
2020,피부과,J06,438,858,858,11728250,8544260
2020,피부과,J09,3,3,3,44880,31580
2020,피부과,J10,5,6,6,51270,37570
2020,피부과,J11,63,98,98,1555470,1131670
2020,피부과,J15,1,3,3,34620,30120
2020,피부과,J16,2,3,3,28850,20550
2020,피부과,J18,4,4,4,64440,52640
2020,피부과,J20,315,619,619,9541910,7003410
2020,피부과,J21,15,18,18,246180,181280
2020,피부과,J22,4,5,5,90410,63510
2020,피부과,J30,2247,4529,4529,102970090,73882530
2020,피부과,J31,46,75,75,1195750,875050
2020,피부과,J32,26,62,62,813510,607210
2020,피부과,J34,1737,3028,3028,67795490,48075080
2020,피부과,J35,15,41,41,558970,414070
2020,피부과,J36,10,19,19,458290,327590
2020,피부과,J37,1,1,1,14060,9860
2020,피부과,J38,2,2,2,27680,19480
2020,피부과,J39,13,16,16,205820,149920
2020,피부과,J40,100,250,250,6514580,4633580
2020,피부과,J41,9,18,18,142450,106550
2020,피부과,J42,17,37,37,493660,384060
2020,피부과,J43,1,4,4,63960,55260
2020,피부과,J44,9,19,19,263100,217100
2020,피부과,J45,86,162,162,2255780,1701380
2020,피부과,J46,3,3,3,53350,41050
2020,피부과,J82,1,1,1,11540,8140
2020,피부과,J84,1,2,2,32280,29080
2020,피부과,J93,1,1,1,20140,14140
2020,피부과,J98,5,24,24,66790,50090
2020,피부과,K00,3,7,7,115860,81260
2020,피부과,K02,2,2,2,67730,47430
2020,피부과,K03,1,1,1,27260,19160
2020,피부과,K04,2,2,2,40280,30280
2020,피부과,K05,9,19,19,305490,230690
2020,피부과,K06,7,7,7,121910,87210
2020,피부과,K07,10,16,16,260280,191180
2020,피부과,K08,5,6,6,104580,76680
2020,피부과,K09,3,6,6,85560,60160
2020,피부과,K11,70,85,85,2811220,2007020
2020,피부과,K12,2263,3645,3645,59316800,45595300
2020,피부과,K13,16322,23038,23038,388045030,280315460
2020,피부과,K14,101,147,147,2283010,1860910
2020,피부과,K20,23,61,61,913960,730660
2020,피부과,K21,1682,3108,3108,54747880,40278780
2020,피부과,K22,1,2,2,30200,21200
2020,피부과,K23,8,8,8,128410,90110
2020,피부과,K25,382,882,882,14532960,10839260
2020,피부과,K26,20,38,38,496070,379070
2020,피부과,K27,110,177,177,2774520,2036020
2020,피부과,K28,13,25,25,363830,280430
2020,피부과,K29,31109,59723,59723,1217297570,879886540
2020,피부과,K30,8556,17463,17463,390673720,280904150
2020,피부과,K31,46,66,66,1158460,825560
2020,피부과,K40,19,20,20,327610,262510
2020,피부과,K41,1,1,1,22380,17980
2020,피부과,K42,1,1,1,16140,11340
2020,피부과,K43,3,3,3,49350,39450
2020,피부과,K45,5,5,5,222480,157880
2020,피부과,K46,5,5,5,80700,70100
2020,피부과,K50,15,24,24,722760,555760
2020,피부과,K51,4,20,20,292400,254500
2020,피부과,K52,96,364,364,9807390,6953190
2020,피부과,K57,2,2,2,11540,8140
2020,피부과,K58,116,264,264,4571410,3467610
2020,피부과,K59,462,798,798,12670620,9350320
2020,피부과,K60,15,19,19,326270,254270
2020,피부과,K61,6,6,6,136950,96150
2020,피부과,K62,10,10,10,143000,120400
2020,피부과,K63,127,429,429,7434990,5346090
2020,피부과,K64,104,153,153,2248830,1785830
2020,피부과,K66,2,4,4,443010,292360
2020,피부과,K70,19,37,37,1027810,732910
2020,피부과,K71,18,19,19,390170,284970
2020,피부과,K73,26,55,55,808660,573460
2020,피부과,K74,20,33,33,583830,414430
2020,피부과,K75,61,95,95,1943220,1404520
2020,피부과,K76,265,395,395,9314110,6591930
2020,피부과,K77,15,18,18,335800,235900
2020,피부과,K80,8,14,14,206950,147350
2020,피부과,K81,2,2,2,27070,20770
2020,피부과,K82,2,2,2,16140,14540
2020,피부과,K85,3,7,7,92180,68380
2020,피부과,K86,1,1,1,0,0
2020,피부과,K92,23,100,100,1437290,1156990
2020,피부과,K93,1,1,1,16080,14480
2020,피부과,L00,39,50,50,852260,632860
2020,피부과,L01,48858,91654,91654,1898236670,1399373870
2020,피부과,L02,446322,874814,874803,20176656000,14347132120
2020,피부과,L03,131964,244975,244971,5110133780,3690664840
2020,피부과,L04,319,444,444,7553330,5513530
2020,피부과,L05,8326,14908,14908,277710480,197361380
2020,피부과,L08,249191,455403,455393,9297964640,6723200300
2020,피부과,L10,178,851,850,15359850,11906050
2020,피부과,L11,1628,1939,1939,33561880,24136280
2020,피부과,L12,192,634,634,10085130,8106550
2020,피부과,L13,1181,2428,2428,50499140,36742040
2020,피부과,L14,3,5,5,88850,66150
2020,피부과,L20,341561,901381,901363,18863780410,13553340550
2020,피부과,L21,413533,833895,833885,13713361010,10095174120
2020,피부과,L22,150,184,184,3202010,2741610
2020,피부과,L23,1811647,3593407,3593377,64575164920,47506523490
2020,피부과,L24,760246,1285206,1285193,22391443670,16427315700
2020,피부과,L25,147230,250943,250937,4301441700,3170215120
2020,피부과,L26,1933,2810,2810,48588410,35387910
2020,피부과,L27,19784,37825,37822,655307610,489673280
2020,피부과,L28,233085,514067,514061,12571476830,9091455440
2020,피부과,L29,63445,132548,132546,2150139430,1675211420
2020,피부과,L30,563695,1030783,1030736,18381630730,13463872090
2020,피부과,L40,73626,431680,431672,15465857200,11128403810
2020,피부과,L41,3229,12309,12308,364626130,259276430
2020,피부과,L42,27773,59833,59830,1466880780,1037093280
2020,피부과,L43,1922,4557,4555,108910350,78724900
2020,피부과,L44,6298,9462,9462,182937650,134494830
2020,피부과,L45,4,14,14,258320,181520
2020,피부과,L50,457793,1117225,1117210,21403273940,15567848630
2020,피부과,L51,9789,22327,22324,360288930,264721630
2020,피부과,L52,1840,4362,4361,69872730,51398560
2020,피부과,L53,19570,39954,39951,659948510,488676810
2020,피부과,L54,1046,2144,2144,35795910,26727710
2020,피부과,L55,3525,4369,4369,95692940,67785150
2020,피부과,L56,8040,11607,11607,194591620,142970220
2020,피부과,L57,9245,15442,15441,655903420,475950390
2020,피부과,L58,39,73,73,1767800,1311600
2020,피부과,L59,599,723,723,12811740,9193440
2020,피부과,L60,54349,99144,99136,2627227430,1879736520
2020,피부과,L62,64,72,72,1164800,834500
2020,피부과,L63,94744,454717,454712,16322795980,11472796010
2020,피부과,L64,6923,10272,10270,210186370,148495710
2020,피부과,L65,11055,15586,15585,293140000,209592670
2020,피부과,L66,982,2088,2088,44604460,31545860
2020,피부과,L67,136,162,162,3121440,2252440
2020,피부과,L68,81,100,100,1417050,1004750
2020,피부과,L70,21391,47885,47883,933961580,658301650
2020,피부과,L71,11255,25780,25780,416456470,297881260
2020,피부과,L72,65420,126227,126211,5591518620,3962379790
2020,피부과,L73,147030,302368,302361,5130831210,3654562840
2020,피부과,L74,6736,8547,8547,143596960,107070260
2020,피부과,L75,233,362,362,16146580,11370180
2020,피부과,L80,45756,726599,726595,48218572010,34078627360
2020,피부과,L81,15690,19861,19858,392647990,286529810
2020,피부과,L82,6454,8050,8048,215948220,159710850
2020,피부과,L83,1120,1657,1656,30037520,21194820
2020,피부과,L84,134444,305684,305682,15866989050,11205542200
2020,피부과,L85,146519,237701,237700,4078887150,3072708660
2020,피부과,L86,401,584,584,11473210,8353010
2020,피부과,L87,391,565,565,11105360,7875960
2020,피부과,L88,31,131,131,3089080,2326660
2020,피부과,L89,935,2867,2867,64038770,48619560
2020,피부과,L90,8688,15346,15345,422621870,299763920
2020,피부과,L91,86902,260200,260200,9441331420,6637702750
2020,피부과,L92,4279,7441,7438,285230650,202929030
2020,피부과,L93,154,360,359,10675630,7579930
2020,피부과,L94,410,857,857,26344740,18989940
2020,피부과,L95,2782,5157,5157,88177140,65458450
2020,피부과,L97,323,972,972,19762680,15385240
2020,피부과,L98,12263,27488,27485,829444370,604813220
2020,피부과,L99,410,633,633,13297680,9911480
2020,피부과,M00,6,12,12,171550,134750
2020,피부과,M02,12,18,18,267250,218750
2020,피부과,M05,15,26,26,356070,290770
2020,피부과,M06,34,63,63,1503910,1105410
2020,피부과,M07,35,308,308,95095750,85250790
2020,피부과,M08,1,1,1,14060,9860
2020,피부과,M10,68,134,134,1731680,1313880
2020,피부과,M11,2,2,2,34320,24120
2020,피부과,M12,9,55,55,221520,166020
2020,피부과,M13,309,555,554,8040990,6271390
2020,피부과,M14,1,1,1,13350,11850
2020,피부과,M15,62,140,140,1743710,1440510
2020,피부과,M16,1,1,1,20140,16140
2020,피부과,M17,31,79,79,1030640,823640
2020,피부과,M18,1,1,1,0,0
2020,피부과,M19,41,61,61,739240,557940
2020,피부과,M20,6,6,6,96840,68040
2020,피부과,M23,2,3,3,39660,27860
2020,피부과,M24,8,13,13,225500,178600
2020,피부과,M25,544,771,771,21966350,15846550
2020,피부과,M30,1,1,1,37820,26520
2020,피부과,M31,32,53,53,872620,653920
2020,피부과,M32,44,106,106,3179280,2402780
2020,피부과,M33,8,12,12,152460,113660
2020,피부과,M34,15,86,86,3412440,2530540
2020,피부과,M35,242,879,879,14417980,11599080
2020,피부과,M41,1,1,1,20140,14140
2020,피부과,M43,4,6,6,83520,68520
2020,피부과,M45,10,27,27,606020,542620
2020,피부과,M46,5,6,6,71500,56700
2020,피부과,M47,5,9,9,106560,74960
2020,피부과,M48,20,63,63,706730,584930
2020,피부과,M50,3,3,3,32860,26260
2020,피부과,M51,12,18,18,213990,164490
2020,피부과,M53,36,47,47,1189280,850380
2020,피부과,M54,415,694,693,12043690,8981440
2020,피부과,M60,579,661,661,39810180,28546200
2020,피부과,M61,2,2,2,36280,25480
2020,피부과,M62,30,50,50,1151560,825760
2020,피부과,M65,9,27,27,356490,250890
2020,피부과,M66,2,3,3,65510,52710
2020,피부과,M67,295,456,456,16254180,11633080
2020,피부과,M70,5,6,6,78620,58420
2020,피부과,M71,79,164,164,5339120,3887620
2020,피부과,M72,560,1020,1019,64994860,45990220
2020,피부과,M73,197,372,372,6393980,4549280
2020,피부과,M75,23,42,42,537900,396600
2020,피부과,M76,3,3,3,43820,34020
2020,피부과,M77,7,7,7,96840,74440
2020,피부과,M79,16291,20909,20908,1130965400,809062140
2020,피부과,M80,3,4,4,59750,41950
2020,피부과,M81,31,64,64,1523020,1123920
2020,피부과,M82,1,1,1,0,0
2020,피부과,M85,12,20,20,302980,223080
2020,피부과,M87,1,1,1,11540,8140
2020,피부과,M89,15,21,21,284180,210780
2020,피부과,M92,1,1,1,16140,11340
2020,피부과,M93,1,1,1,20140,14140
2020,피부과,M94,1,1,1,16020,14420
2020,피부과,M95,1,1,1,16140,11340
2020,피부과,M99,1,3,3,34620,24420
2020,피부과,N00,3,3,3,51030,42830
2020,피부과,N02,6,6,6,248740,179840
2020,피부과,N03,1,1,1,27450,19250
2020,피부과,N05,1,1,1,23000,16100
2020,피부과,N06,2,2,2,32210,22610
2020,피부과,N10,135,253,253,10303490,7358290
2020,피부과,N11,3,24,24,393500,299700
2020,피부과,N12,3,3,3,41260,29060
2020,피부과,N13,1,1,1,16140,11340
2020,피부과,N14,10,10,10,374040,264340
2020,피부과,N17,2,2,2,46270,32470
2020,피부과,N18,17,136,136,3281950,3030050
2020,피부과,N19,3,4,4,54100,45100
2020,피부과,N20,34,36,36,815490,584170
2020,피부과,N21,86,116,116,2009740,1508540
2020,피부과,N23,31,35,35,3252840,2298720
2020,피부과,N25,3,9,9,307870,277270
2020,피부과,N28,11,12,12,229000,178500
2020,피부과,N30,6609,15447,15447,269410840,207214800
2020,피부과,N31,2321,5892,5892,96169410,75481690
2020,피부과,N32,54,115,115,1579600,1261800
2020,피부과,N33,10,12,12,345280,177770
2020,피부과,N34,3042,6479,6479,196281520,140706300
2020,피부과,N35,7,7,7,110280,85980
2020,피부과,N36,8,10,10,2342160,1643560
2020,피부과,N39,802,1971,1971,32469890,25762660
2020,피부과,N40,11688,49797,49797,864926560,677049070
2020,피부과,N41,1273,3145,3145,60258080,44799430
2020,피부과,N42,24,77,77,885840,715740
2020,피부과,N43,28,34,34,2229760,1565510
2020,피부과,N44,1,1,1,11540,8140
2020,피부과,N45,332,716,716,15054840,10863440
2020,피부과,N46,5,5,5,177290,124390
2020,피부과,N47,7,8,8,311900,220900
2020,피부과,N48,705,1057,1057,18261810,13863010
2020,피부과,N49,34,62,62,1413960,1040560
2020,피부과,N50,25,28,28,579570,425170
2020,피부과,N51,24,57,57,885610,630810
2020,피부과,N61,4,5,5,178770,125370
2020,피부과,N62,4,4,4,64560,51760
2020,피부과,N63,1,2,2,31680,26180
2020,피부과,N64,6,8,8,118080,90680
2020,피부과,N72,67,103,103,7191190,5000280
2020,피부과,N73,103,164,164,19445030,13592130
2020,피부과,N75,2,5,5,228730,160430
2020,피부과,N76,176,305,305,12323260,8773760
2020,피부과,N77,14,28,28,339610,260010
2020,피부과,N80,3,4,4,500350,335650
2020,피부과,N81,3,5,5,253320,185820
2020,피부과,N83,3,5,5,636450,430950
2020,피부과,N84,4,5,5,529780,370980
2020,피부과,N85,2,3,3,138200,96900
2020,피부과,N86,26,51,51,3026370,2123170
2020,피부과,N87,28,56,56,5564770,3868470
2020,피부과,N90,13,21,21,654700,464600
2020,피부과,N91,71,120,120,11275290,7854090
2020,피부과,N92,101,158,158,19696110,13712190
2020,피부과,N93,125,213,213,29436780,20514780
2020,피부과,N94,111,193,193,16334420,11364700
2020,피부과,N95,146,374,374,6758050,4933050
2020,피부과,N96,1,1,1,80370,56270
2020,피부과,O00,1,4,4,76660,53860
2020,피부과,O03,1,2,2,244850,188150
2020,피부과,O08,1,1,1,27260,19160
2020,피부과,O20,5,13,13,857320,687820
2020,피부과,O21,4,9,9,117060,91960
2020,피부과,O22,1,1,1,20140,14140
2020,피부과,O26,15,29,29,557250,409350
2020,피부과,O75,2,4,4,55360,38960
2020,피부과,O91,1,2,2,39220,27520
2020,피부과,O92,1,2,2,100700,70600
2020,피부과,O99,12,15,15,397260,296660
2020,피부과,P07,2,3,3,50280,45180
2020,피부과,P81,1,1,1,12970,12370
2020,피부과,P83,4,4,4,77840,70040
2020,피부과,Q17,10,14,14,955810,691610
2020,피부과,Q18,26,36,36,865520,618620
2020,피부과,Q24,1,1,1,11540,10040
2020,피부과,Q25,1,1,1,16140,14540
2020,피부과,Q27,47,54,54,1000990,745990
2020,피부과,Q35,1,1,1,17070,13570
2020,피부과,Q36,7,10,10,155640,117240
2020,피부과,Q52,1,2,2,345420,241920
2020,피부과,Q53,3,3,3,138620,99120
2020,피부과,Q55,3,3,3,49340,42740
2020,피부과,Q67,1,1,1,16140,14540
2020,피부과,Q69,2,2,2,44820,42620
2020,피부과,Q78,1,1,1,20140,14140
2020,피부과,Q79,1,1,1,16140,11340
2020,피부과,Q80,311,451,451,8354250,6003550
2020,피부과,Q81,16,33,33,599240,474040
2020,피부과,Q82,5930,16353,16353,1301217970,973421540
2020,피부과,Q83,7,7,7,116980,82180
2020,피부과,Q84,26,26,26,454410,342510
2020,피부과,Q85,479,1087,1087,72282820,57462640
2020,피부과,Q87,1,1,1,17070,15370
2020,피부과,Q89,7,7,7,121630,93630
2020,피부과,Q96,1,38,38,3937940,3435840
2020,피부과,R00,7,10,10,168280,118280
2020,피부과,R02,27,72,72,1515800,1109700
2020,피부과,R03,16,70,70,912620,720820
2020,피부과,R04,9,12,12,173570,128670
2020,피부과,R05,50,70,70,1096780,804780
2020,피부과,R06,3,3,3,39230,29530
2020,피부과,R07,13,17,17,260320,203120
2020,피부과,R09,12,25,25,320210,263010
2020,피부과,R10,172,275,275,26560870,18311580
2020,피부과,R11,48,81,81,1260140,934840
2020,피부과,R12,1607,2422,2422,49579500,35456300
2020,피부과,R14,2,4,4,55360,38960
2020,피부과,R15,2,2,2,27680,22680
2020,피부과,R17,1,1,1,16140,11340
2020,피부과,R19,4,4,4,82470,64870
2020,피부과,R20,182,239,239,4019180,3115680
2020,피부과,R21,502,1178,1178,19310410,14985010
2020,피부과,R22,1361,2356,2351,113952400,80515600
2020,피부과,R23,4106,5098,5098,88398200,64593500
2020,피부과,R25,5,6,6,43820,34020
2020,피부과,R29,1,4,4,46160,40160
2020,피부과,R30,103,119,119,2138770,1641470
2020,피부과,R31,290,453,453,15992580,11697140
2020,피부과,R32,188,450,450,6244690,5216790
2020,피부과,R33,3,3,3,310490,220690
2020,피부과,R35,447,1024,1024,14473470,11583370
2020,피부과,R39,16,18,18,276060,210060
2020,피부과,R41,4,6,6,87640,68040
2020,피부과,R42,24,46,46,1144610,830410
2020,피부과,R43,1,1,1,16140,11340
2020,피부과,R44,1,1,1,16140,11340
2020,피부과,R45,2,4,4,46170,32570
2020,피부과,R50,74,267,266,5358470,4056270
2020,피부과,R51,200,297,297,5091020,3689620
2020,피부과,R52,3913,6860,6860,132752980,96927180
2020,피부과,R53,74,174,174,4886150,3506150
2020,피부과,R54,3,3,3,67480,47380
2020,피부과,R55,2,2,2,27680,19480
2020,피부과,R57,26,49,49,678090,487590
2020,피부과,R58,6,7,7,163090,114490
2020,피부과,R59,102,112,112,1908150,1355550
2020,피부과,R60,314,491,491,8519380,6258580
2020,피부과,R61,1606,1955,1953,33012100,23505100
2020,피부과,R63,17,21,21,356730,250630
2020,피부과,R68,51,58,55,993620,716920
2020,피부과,R69,1,2,2,29720,20920
2020,피부과,R73,5,8,8,252410,177110
2020,피부과,R79,4,4,4,109320,78720
2020,피부과,R80,4,5,5,80110,63110
2020,피부과,R81,9,18,18,116800,89200
2020,피부과,R82,3,4,4,55360,38960
2020,피부과,R86,4,6,6,105410,76110
2020,피부과,R87,6,10,10,842320,593320
2020,피부과,R89,2,9,9,280240,196640
2020,피부과,R91,8,9,9,198530,143930
2020,피부과,R94,161,245,245,7646030,5381030
2020,피부과,S00,20845,53530,53529,1184163230,863562940
2020,피부과,S01,7045,19089,19089,458852980,334803350
2020,피부과,S02,3,11,11,504020,355020
2020,피부과,S03,8,22,22,539310,391310
2020,피부과,S05,18,29,29,575480,430680
2020,피부과,S06,1,1,1,14060,12560
2020,피부과,S07,14,75,75,1889720,1346620
2020,피부과,S08,5,12,12,301670,222970
2020,피부과,S09,41,63,63,1448130,1045430
2020,피부과,S10,415,802,801,18054660,12973950
2020,피부과,S11,95,235,235,5100180,3672750
2020,피부과,S13,24,34,34,389140,283540
2020,피부과,S19,1,4,4,98450,69150
2020,피부과,S20,486,934,934,20000940,14670860
2020,피부과,S21,97,188,188,4414290,3243690
2020,피부과,S23,15,24,24,357230,257730
2020,피부과,S25,1,1,1,11540,8140
2020,피부과,S30,566,1160,1160,23943840,17432650
2020,피부과,S31,184,439,439,9927020,7386780
2020,피부과,S32,1,1,1,16140,11340
2020,피부과,S33,67,128,128,1827750,1368350
2020,피부과,S34,1,1,1,11540,10040
2020,피부과,S39,2,14,14,259260,226860
2020,피부과,S40,681,1665,1665,38382820,27931980
2020,피부과,S41,128,346,346,8405150,6032320
2020,피부과,S42,1,6,6,194640,136440
2020,피부과,S43,9,10,10,166960,122760
2020,피부과,S44,2,2,2,32280,22680
2020,피부과,S45,2,2,2,57770,40570
2020,피부과,S46,4,5,5,55360,38960
2020,피부과,S49,1,1,1,17070,16070
2020,피부과,S50,2524,6159,6159,139482870,101025740
2020,피부과,S51,745,2059,2059,48727480,35339390
2020,피부과,S53,7,7,7,89640,71740
2020,피부과,S54,1,4,4,31680,22280
2020,피부과,S55,3,7,7,175730,148130
2020,피부과,S56,2,4,4,76900,57200
2020,피부과,S58,1,1,1,27260,19160
2020,피부과,S59,14,27,27,666690,471090
2020,피부과,S60,6091,11000,11000,287767590,206917010
2020,피부과,S61,3445,7839,7839,188667810,135242890
2020,피부과,S62,1,1,1,22600,15900
2020,피부과,S63,3,9,9,33710,29210
2020,피부과,S65,84,207,207,5076920,3635020
2020,피부과,S66,21,34,34,931230,654750
2020,피부과,S67,3,3,3,79620,57920
2020,피부과,S69,31,65,65,1550590,1095690
2020,피부과,S70,615,1436,1436,30317880,22604550
2020,피부과,S71,157,369,369,7810400,5877770
2020,피부과,S73,3,6,6,61530,45930
2020,피부과,S74,1,1,1,16140,11340
2020,피부과,S75,1,1,1,22610,15910
2020,피부과,S76,4,4,4,87940,61840
2020,피부과,S79,4,6,6,118190,88790
2020,피부과,S80,6420,17536,17536,388986470,279583880
2020,피부과,S81,1514,5037,5037,115813540,83388000
2020,피부과,S82,1,1,1,11540,8140
2020,피부과,S83,2,3,3,43220,30420
2020,피부과,S84,2,9,9,464440,325740
2020,피부과,S85,9,21,21,503040,359640
2020,피부과,S87,5,18,18,439160,308660
2020,피부과,S89,7,22,22,489350,343850
2020,피부과,S90,4891,8680,8680,201685120,146668940
2020,피부과,S91,1585,3292,3292,74817690,54083040
2020,피부과,S92,1,1,1,16140,11340
2020,피부과,S93,33,44,44,689220,506420
2020,피부과,S94,1,1,1,20140,14140
2020,피부과,S95,6,10,10,186870,133270
2020,피부과,S96,2,9,9,203220,159120
2020,피부과,S97,3,3,3,52420,36820
2020,피부과,S99,18,30,30,677360,485760
2020,피부과,T00,37218,78655,78654,1716939180,1251368380
2020,피부과,T01,1608,4079,4079,100054120,72238140
2020,피부과,T02,4,9,9,243710,170910
2020,피부과,T03,7,14,14,530800,374300
2020,피부과,T04,21,92,92,2140510,1513110
2020,피부과,T07,1,1,1,22610,15910
2020,피부과,T09,320,645,645,14705440,10692240
2020,피부과,T11,185,492,492,11376720,8214920
2020,피부과,T12,1,1,1,14060,12560
2020,피부과,T13,309,748,748,17835260,12924620
2020,피부과,T14,84650,156560,156560,3328185670,2426363330
2020,피부과,T15,5,6,6,84540,59340
2020,피부과,T16,10,11,11,679800,476300
2020,피부과,T17,2,2,2,32280,22680
2020,피부과,T19,5,11,11,817350,572650
2020,피부과,T20,12303,31105,31104,1602541590,1134632380
2020,피부과,T21,6527,19949,19949,860122210,608094300
2020,피부과,T22,18759,56407,56407,2443378130,1724276530
2020,피부과,T23,34166,87618,87618,4494539790,3190766680
2020,피부과,T24,11997,45409,45409,1989894220,1405176830
2020,피부과,T25,5710,20818,20818,1051526110,744393720
2020,피부과,T26,59,137,137,5773910,4096310
2020,피부과,T28,6,8,8,211260,148360
2020,피부과,T29,3398,10354,10354,480347110,339540140
2020,피부과,T30,32338,89332,89330,4047295170,2864331210
2020,피부과,T31,5026,12807,12807,483720030,342997370
2020,피부과,T33,556,939,939,19370790,14060150
2020,피부과,T34,4,45,45,2781310,1949210
2020,피부과,T35,196,284,284,6191820,4471020
2020,피부과,T41,2,2,2,38750,27250
2020,피부과,T46,1,1,1,0,0
2020,피부과,T49,10,23,23,326700,259800
2020,피부과,T50,1,1,1,18040,16240
2020,피부과,T51,1,3,3,152780,152780
2020,피부과,T53,3,3,3,47690,36690
2020,피부과,T56,3,4,4,372670,252590
2020,피부과,T60,17,24,24,460480,335180
2020,피부과,T62,13,30,30,438460,323060
2020,피부과,T63,9341,12524,12524,219698600,164243900
2020,피부과,T64,3,3,3,53350,39350
2020,피부과,T67,4,6,6,50660,35560
2020,피부과,T69,5599,7762,7761,132379500,97447870
2020,피부과,T70,2,3,3,40400,30600
2020,피부과,T73,5,18,18,408450,309150
2020,피부과,T74,1,5,5,30470,22970
2020,피부과,T78,2954,5313,5313,109670310,79050810
2020,피부과,T79,1298,2574,2574,81023510,57763470
2020,피부과,T80,2,3,3,45690,37590
2020,피부과,T81,29,35,35,623840,449240
2020,피부과,T88,67,82,82,1548310,1125010
2020,피부과,T90,3,6,6,125050,93750
2020,피부과,T91,4,7,7,137100,96300
2020,피부과,T92,2,3,3,65150,45750
2020,피부과,T93,1,1,1,28270,19870
2020,피부과,T94,2,2,2,27680,19480
2020,피부과,T95,88,168,168,7212150,5117750
2020,피부과,Z00,37,43,43,691900,534500
2020,피부과,Z01,1,1,1,16140,11340
2020,피부과,Z02,13,13,13,32280,22680
2020,피부과,Z03,632,676,676,12175680,8929380
2020,피부과,Z04,55,55,55,886840,652440
2020,피부과,Z10,2,2,2,36280,30480
2020,피부과,Z11,1,2,2,199520,139720
2020,피부과,Z12,1,1,1,16140,11340
2020,피부과,Z20,12,24,24,441050,328550
2020,피부과,Z24,7,8,8,169260,118660
2020,피부과,Z25,17,25,25,3136000,2205300
2020,피부과,Z26,8,14,14,751940,526740
2020,피부과,Z27,1,1,1,16140,11340
2020,피부과,Z29,2,2,2,32280,22680
2020,피부과,Z30,20,25,25,1975790,1384190
2020,피부과,Z31,4,9,9,352780,220420
2020,피부과,Z32,2,2,2,404500,283200
2020,피부과,Z34,17,44,44,3930960,3459560
2020,피부과,Z41,24,28,28,505850,355550
2020,피부과,Z42,2,2,2,47400,33300
2020,피부과,Z48,549,1011,1011,19880030,14985180
2020,피부과,Z54,5,6,6,106450,74750
2020,피부과,Z71,503,582,582,8756960,6525860
2020,피부과,Z72,1,1,1,11540,8140
2020,피부과,Z73,1,3,3,39220,27620
2020,피부과,Z82,4,7,7,150820,109120
2020,피부과,Z87,1,1,1,16140,11340
2020,피부과,Z88,95,172,172,4664040,3373640
2020,피부과,Z92,2,2,2,36570,25670
2020,피부과,Z94,1,3,3,54840,38540
2020,피부과,Z98,116,250,250,5095240,3720760
2020,피부과,Z99,1,37,37,1383470,970170
2020,비뇨의학과,A00,1,1,1,16000,11200
2020,비뇨의학과,A02,1,1,1,16140,11340
2020,비뇨의학과,A04,114,173,173,3746720,2815300
2020,비뇨의학과,A05,21,30,30,470970,387970
2020,비뇨의학과,A06,30,42,42,1213180,856880
2020,비뇨의학과,A07,9,9,9,317560,222760
2020,비뇨의학과,A08,15,22,22,373640,264540
2020,비뇨의학과,A09,119,192,192,3754880,2783080
2020,비뇨의학과,A15,1,1,1,419120,419120
2020,비뇨의학과,A18,19,95,95,1931320,1516220
2020,비뇨의학과,A26,5,11,11,165550,124650
2020,비뇨의학과,A31,5,7,7,321450,225450
2020,비뇨의학과,A36,4,4,4,64560,45360
2020,비뇨의학과,A39,1,1,1,11540,8140
2020,비뇨의학과,A40,1,1,1,20140,16140
2020,비뇨의학과,A41,1,2,2,70170,50270
2020,비뇨의학과,A46,64,145,145,2916750,2206450
2020,비뇨의학과,A48,61,84,84,1901800,1352400
2020,비뇨의학과,A49,1850,3312,3312,153496990,108139900
2020,비뇨의학과,A50,3,4,4,142580,101880
2020,비뇨의학과,A51,1989,3688,3688,327298050,229515540
2020,비뇨의학과,A52,95,214,214,11846050,8460750
2020,비뇨의학과,A53,1748,3418,3418,158457470,111378390
2020,비뇨의학과,A54,6061,12190,12190,551642740,386881980
2020,비뇨의학과,A55,18,43,43,1570720,1106920
2020,비뇨의학과,A56,9657,19627,19627,898497110,631064120
2020,비뇨의학과,A57,102,225,225,6604020,4709720
2020,비뇨의학과,A58,5,10,10,281660,203160
2020,비뇨의학과,A59,3058,4557,4557,143873010,100429340
2020,비뇨의학과,A60,36426,75435,75435,1999076530,1425120740
2020,비뇨의학과,A63,46512,88467,88463,7818161400,5477560750
2020,비뇨의학과,A64,20170,38792,38792,2841858350,1985261820
2020,비뇨의학과,A66,4,4,4,96280,67580
2020,비뇨의학과,A69,25,35,35,678740,520340
2020,비뇨의학과,A74,368,746,746,26078550,18312810
2020,비뇨의학과,A75,13,20,20,483000,360100
2020,비뇨의학과,A77,3,4,4,64250,51150
2020,비뇨의학과,A79,2,9,9,157120,119920
2020,비뇨의학과,A94,2,2,2,121440,85140
2020,비뇨의학과,B00,62333,107254,107254,2036201360,1502135200
2020,비뇨의학과,B01,293,573,573,9197210,6624610
2020,비뇨의학과,B02,52630,152977,153281,2997378900,2250336580
2020,비뇨의학과,B05,1,1,1,18440,12940
2020,비뇨의학과,B07,39814,79352,79349,3814934910,2696393670
2020,비뇨의학과,B08,7347,9815,9815,358143010,260828770
2020,비뇨의학과,B09,362,531,531,8722160,6600860
2020,비뇨의학과,B15,1,1,1,58270,40870
2020,비뇨의학과,B17,22,31,31,1151490,818290
2020,비뇨의학과,B18,26,31,31,789200,568900
2020,비뇨의학과,B19,3,3,3,69880,58480
2020,비뇨의학과,B20,3,8,8,138900,110900
2020,비뇨의학과,B24,7,11,11,296270,208100
2020,비뇨의학과,B25,6,6,6,98150,68950
2020,비뇨의학과,B26,4,6,6,339000,239700
2020,비뇨의학과,B30,33,43,43,1182450,870550
2020,비뇨의학과,B33,1,1,1,17070,13570
2020,비뇨의학과,B34,70,88,88,4710060,3317060
2020,비뇨의학과,B35,313727,737197,737195,11657363310,8815486030
2020,비뇨의학과,B36,8721,14748,14748,251412860,182565040
2020,비뇨의학과,B37,2720,4462,4462,108479310,79129590
2020,비뇨의학과,B39,1,2,2,32280,22680
2020,비뇨의학과,B40,2,3,3,235240,166740
2020,비뇨의학과,B43,186,553,553,20502050,14414750
2020,비뇨의학과,B47,2,2,2,27680,24580
2020,비뇨의학과,B48,20,77,77,1521610,1183910
2020,비뇨의학과,B49,502,948,948,14042690,10528390
2020,비뇨의학과,B52,1,1,1,16140,11340
2020,비뇨의학과,B53,1,1,1,16140,11340
2020,비뇨의학과,B54,1,1,1,16140,11340
2020,비뇨의학과,B58,1,1,1,18030,12630
2020,비뇨의학과,B60,68,90,90,3278100,2301900
2020,비뇨의학과,B65,7,15,15,225340,186040
2020,비뇨의학과,B66,15,48,48,631520,454320
2020,비뇨의학과,B76,1,1,1,18380,12880
2020,비뇨의학과,B77,2,2,2,32280,26480
2020,비뇨의학과,B80,1,2,2,30610,21510
2020,비뇨의학과,B83,4,4,4,72570,52570
2020,비뇨의학과,B85,5735,7216,7216,183661010,131023610
2020,비뇨의학과,B86,3489,6257,6257,107570530,80742310
2020,비뇨의학과,B88,277,407,407,23300370,16557740
2020,비뇨의학과,B94,2,2,2,27680,19480
2020,비뇨의학과,B95,4,10,10,139860,124760
2020,비뇨의학과,B96,2,9,9,141520,126920
2020,비뇨의학과,B97,19,24,24,1766750,1237950
2020,비뇨의학과,C02,1,2,2,27680,26380
2020,비뇨의학과,C06,2,3,3,54340,50040
2020,비뇨의학과,C10,1,1,1,13420,12820
2020,비뇨의학과,C11,1,7,7,338880,322580
2020,비뇨의학과,C15,2,7,7,285490,270290
2020,비뇨의학과,C16,84,307,307,24908180,23655080
2020,비뇨의학과,C17,6,12,12,1033010,982010
2020,비뇨의학과,C18,68,280,280,20012870,18984170
2020,비뇨의학과,C19,8,21,21,1946600,1850500
2020,비뇨의학과,C20,49,170,170,16521370,15676450
2020,비뇨의학과,C22,64,294,294,15930550,15119130
2020,비뇨의학과,C23,5,8,8,325820,309820
2020,비뇨의학과,C24,11,36,36,2363570,2247370
2020,비뇨의학과,C25,22,81,80,3062300,2875300
2020,비뇨의학과,C26,4,9,9,1497530,1364630
2020,비뇨의학과,C32,4,9,9,1244140,1182540
2020,비뇨의학과,C34,76,297,297,16594750,15621030
2020,비뇨의학과,C37,1,5,5,290950,276750
2020,비뇨의학과,C39,1,2,2,23100,22100
2020,비뇨의학과,C40,2,13,13,636790,605490
2020,비뇨의학과,C41,4,13,13,1120360,1024360
2020,비뇨의학과,C43,108,155,155,5264620,4359620
2020,비뇨의학과,C44,248,745,742,32084520,29197070
2020,비뇨의학과,C45,1,2,2,892650,848150
2020,비뇨의학과,C46,3,7,7,137400,130600
2020,비뇨의학과,C48,1,2,2,1135530,1078830
2020,비뇨의학과,C49,8,24,24,3680790,3457490
2020,비뇨의학과,C50,57,187,187,10424160,9713860
2020,비뇨의학과,C52,1,3,3,160030,152230
2020,비뇨의학과,C53,26,84,84,6112310,5631910
2020,비뇨의학과,C54,9,19,19,2451210,2281610
2020,비뇨의학과,C56,16,46,46,4910730,4631530
2020,비뇨의학과,C57,1,2,2,34080,32480
2020,비뇨의학과,C60,16,36,36,1261940,989750
2020,비뇨의학과,C61,7970,25488,25388,2086002110,1829690270
2020,비뇨의학과,C62,131,234,234,17788570,13438970
2020,비뇨의학과,C63,13,33,33,946610,803410
2020,비뇨의학과,C64,177,567,567,33773150,30951750
2020,비뇨의학과,C65,50,135,135,11021620,9835010
2020,비뇨의학과,C66,69,217,217,16169140,14819180
2020,비뇨의학과,C67,1498,5429,5426,643093620,560787560
2020,비뇨의학과,C68,8,19,19,878920,681920
2020,비뇨의학과,C70,1,28,28,611820,582820
2020,비뇨의학과,C71,5,9,9,1432980,1330080
2020,비뇨의학과,C72,2,3,3,147550,140350
2020,비뇨의학과,C73,74,304,304,22784860,21447560
2020,비뇨의학과,C74,1,2,2,27680,26380
2020,비뇨의학과,C75,3,16,16,751300,714500
2020,비뇨의학과,C76,5,8,8,1113960,1057860
2020,비뇨의학과,C77,5,25,25,946850,892250
2020,비뇨의학과,C78,7,27,27,3742830,3557530
2020,비뇨의학과,C79,12,24,23,1355790,1277290
2020,비뇨의학과,C80,1,8,8,2079480,1975880
2020,비뇨의학과,C81,1,1,1,96360,67460
2020,비뇨의학과,C83,13,72,72,3357920,3185520
2020,비뇨의학과,C84,2,2,2,36190,34490
2020,비뇨의학과,C85,10,36,36,3525440,3321770
2020,비뇨의학과,C86,2,4,4,61250,58350
2020,비뇨의학과,C88,1,1,1,290870,276370
2020,비뇨의학과,C90,6,23,23,935140,889940
2020,비뇨의학과,C91,5,15,15,636380,600580
2020,비뇨의학과,C92,12,36,36,6119360,5803740
2020,비뇨의학과,C95,1,1,1,162650,154550
2020,비뇨의학과,C96,2,3,3,39220,37420
2020,비뇨의학과,D00,7,15,15,1123020,1066920
2020,비뇨의학과,D01,15,60,60,6604180,6227580
2020,비뇨의학과,D03,49,58,58,1775690,1369790
2020,비뇨의학과,D04,21,50,50,1704700,1476420
2020,비뇨의학과,D05,4,6,6,491190,463390
2020,비뇨의학과,D06,12,48,48,3369230,3199530
2020,비뇨의학과,D07,51,142,142,8021810,7160120
2020,비뇨의학과,D09,75,258,284,26289850,24373560
2020,비뇨의학과,D10,44,86,85,4297170,3087670
2020,비뇨의학과,D11,1,1,1,16140,11340
2020,비뇨의학과,D12,60,177,177,27439100,19241780
2020,비뇨의학과,D13,4,9,9,249810,189510
2020,비뇨의학과,D15,1,1,1,20140,14140
2020,비뇨의학과,D16,8,8,8,355220,254420
2020,비뇨의학과,D17,13009,25642,25640,1839126540,1302263130
2020,비뇨의학과,D18,854,1092,1091,47084940,33824750
2020,비뇨의학과,D19,1,1,1,16140,11340
2020,비뇨의학과,D20,3,3,3,286760,268860
2020,비뇨의학과,D21,2964,5269,5266,406608520,288067920
2020,비뇨의학과,D22,869,1026,1025,21054520,15401920
2020,비뇨의학과,D23,37523,64890,64881,4315231870,3069045020
2020,비뇨의학과,D24,14,25,25,493810,393910
2020,비뇨의학과,D25,42,68,68,4696470,3444270
2020,비뇨의학과,D26,3,3,3,215550,155450
2020,비뇨의학과,D27,9,11,11,409920,297720
2020,비뇨의학과,D28,77,132,132,28106040,19841490
2020,비뇨의학과,D29,13701,24973,24967,3686208140,2576757020
2020,비뇨의학과,D30,1036,1949,1944,414061660,296787130
2020,비뇨의학과,D31,4,4,4,312060,221860
2020,비뇨의학과,D32,11,34,34,4266770,4053370
2020,비뇨의학과,D33,8,64,64,5065080,4768880
2020,비뇨의학과,D34,2,2,2,50900,35700
2020,비뇨의학과,D35,15,32,32,918000,728400
2020,비뇨의학과,D36,914,1382,1382,129898610,91798790
2020,비뇨의학과,D37,11,38,38,4323620,4109220
2020,비뇨의학과,D39,1,1,1,14060,9860
2020,비뇨의학과,D40,231,383,383,27591980,19619680
2020,비뇨의학과,D41,195,449,459,112065310,90837180
2020,비뇨의학과,D43,2,3,3,205930,195830
2020,비뇨의학과,D44,7,24,24,2171060,2054460
2020,비뇨의학과,D45,1,4,4,205120,195020
2020,비뇨의학과,D46,5,29,29,1607520,1528520
2020,비뇨의학과,D47,8,40,40,2519150,2394250
2020,비뇨의학과,D48,28,45,45,2218940,1642140
2020,비뇨의학과,D50,173,489,489,19083060,14954390
2020,비뇨의학과,D51,3,10,10,170980,122280
2020,비뇨의학과,D52,7,13,13,175540,144040
2020,비뇨의학과,D53,7,8,8,511290,362190
2020,비뇨의학과,D59,1,1,1,26900,18900
2020,비뇨의학과,D61,3,4,4,194150,138350
2020,비뇨의학과,D62,5,6,6,190420,136720
2020,비뇨의학과,D64,56,121,121,3766830,2742530
2020,비뇨의학과,D65,1,1,1,16140,11340
2020,비뇨의학과,D68,2,4,4,220650,195550
2020,비뇨의학과,D69,1176,1948,1948,32999510,26072610
2020,비뇨의학과,D72,3,4,4,78900,63700
2020,비뇨의학과,D75,6,6,6,211260,150160
2020,비뇨의학과,D76,6,7,7,213470,152970
2020,비뇨의학과,D81,1,1,1,16140,11340
2020,비뇨의학과,D84,1,1,1,13500,12000
2020,비뇨의학과,D89,1,1,1,16140,11340
2020,비뇨의학과,E01,1,1,1,20140,14140
2020,비뇨의학과,E02,3,8,8,149580,119780
2020,비뇨의학과,E03,95,336,336,7236130,5253840
2020,비뇨의학과,E05,21,45,45,2137840,1502040
2020,비뇨의학과,E06,2,2,2,84450,62150
2020,비뇨의학과,E07,23,41,41,1995560,1489360
2020,비뇨의학과,E10,64,142,142,3225870,2488870
2020,비뇨의학과,E11,455,1477,1477,30959820,23449340
2020,비뇨의학과,E12,20,28,28,1915790,1422290
2020,비뇨의학과,E13,145,363,363,12722060,9382000
2020,비뇨의학과,E14,210,754,754,15207180,11670980
2020,비뇨의학과,E16,1,1,1,177680,124380
2020,비뇨의학과,E21,3,3,3,75380,52880
2020,비뇨의학과,E22,77,125,123,2918430,2187530
2020,비뇨의학과,E23,133,457,457,9488190,7149990
2020,비뇨의학과,E24,1,2,2,34500,28700
2020,비뇨의학과,E27,4,9,9,666120,598120
2020,비뇨의학과,E28,18,51,51,1135640,832440
2020,비뇨의학과,E29,2398,5218,5218,197119400,140120870
2020,비뇨의학과,E30,4,5,5,93320,65520
2020,비뇨의학과,E32,1,2,2,27880,19580
2020,비뇨의학과,E34,275,451,451,14580410,10326510
2020,비뇨의학과,E35,13,19,19,811100,570600
2020,비뇨의학과,E41,1,2,2,27680,24580
2020,비뇨의학과,E50,158,343,343,7459040,5332540
2020,비뇨의학과,E53,39,54,54,11492910,8064210
2020,비뇨의학과,E55,607,1725,1725,87240500,63575800
2020,비뇨의학과,E56,3,4,4,51400,38100
2020,비뇨의학과,E58,15,70,70,2381490,2174670
2020,비뇨의학과,E61,1,1,1,16140,11340
2020,비뇨의학과,E63,7,9,9,261210,188310
2020,비뇨의학과,E65,5,5,5,80700,56700
2020,비뇨의학과,E66,188,321,321,4406850,3126650
2020,비뇨의학과,E70,2,2,2,36280,28680
2020,비뇨의학과,E71,1,1,1,20140,14140
2020,비뇨의학과,E72,2,2,2,45650,35250
2020,비뇨의학과,E75,4,10,10,173500,129700
2020,비뇨의학과,E78,1471,3970,3970,99429900,72847960
2020,비뇨의학과,E79,85,149,149,6964150,4978630
2020,비뇨의학과,E80,2,2,2,27720,21420
2020,비뇨의학과,E83,12,23,23,302660,229560
2020,비뇨의학과,E85,2,6,6,461000,323000
2020,비뇨의학과,E86,29,51,51,5861910,4115850
2020,비뇨의학과,E87,99,281,281,6691330,5185330
2020,비뇨의학과,E88,12,17,17,751160,526560
2020,비뇨의학과,E89,11,44,44,808640,597640
2020,비뇨의학과,E90,3,3,3,66380,44620
2020,비뇨의학과,F00,39,208,208,2590400,2208500
2020,비뇨의학과,F01,16,23,23,305850,245950
2020,비뇨의학과,F02,11,19,19,369910,301110
2020,비뇨의학과,F03,23,44,44,870400,691900
2020,비뇨의학과,F05,3,6,6,55220,46020
2020,비뇨의학과,F06,682,1613,1613,23997780,19853280
2020,비뇨의학과,F07,1,3,3,34620,30120
2020,비뇨의학과,F10,4,7,7,67340,54640
2020,비뇨의학과,F17,7,12,12,162800,114600
2020,비뇨의학과,F20,11,56,56,623250,531950
2020,비뇨의학과,F25,1,1,1,11540,8140
2020,비뇨의학과,F30,3,5,5,60530,46630
2020,비뇨의학과,F31,8,20,20,446820,335920
2020,비뇨의학과,F32,276,697,697,10168740,7903040
2020,비뇨의학과,F33,8,30,30,508000,391000
2020,비뇨의학과,F34,20,37,37,514320,420520
2020,비뇨의학과,F38,44,77,77,946700,687500
2020,비뇨의학과,F39,10,23,23,359730,278030
2020,비뇨의학과,F40,9,23,23,296000,237400
2020,비뇨의학과,F41,333,657,657,13691670,10610230
2020,비뇨의학과,F42,5,11,11,145510,102510
2020,비뇨의학과,F43,8,23,23,209990,161290
2020,비뇨의학과,F45,241,454,454,8320370,6456870
2020,비뇨의학과,F48,160,321,321,6413920,4811220
2020,비뇨의학과,F50,16,37,37,1674610,1177210
2020,비뇨의학과,F51,924,2438,2438,39713060,30440340
2020,비뇨의학과,F52,1419,2107,2107,78678240,54491410
2020,비뇨의학과,F54,3,11,11,132890,109290
2020,비뇨의학과,F55,1,1,1,20140,14140
2020,비뇨의학과,F60,3,4,4,50410,42510
2020,비뇨의학과,F63,9,10,10,156200,116000
2020,비뇨의학과,F64,9,79,79,1056980,742980
2020,비뇨의학과,F66,69,147,147,2351750,1772750
2020,비뇨의학과,F68,1,1,1,16140,11340
2020,비뇨의학과,F84,2,2,2,36370,25570
2020,비뇨의학과,F90,1,1,1,16140,11340
2020,비뇨의학과,F91,1,1,1,16140,11340
2020,비뇨의학과,F92,14,57,57,1822070,1319970
2020,비뇨의학과,F95,1,5,5,73860,51860
2020,비뇨의학과,F98,551,1464,1464,31366090,22297220
2020,비뇨의학과,F99,1,1,1,16140,11340
2020,비뇨의학과,G05,5,6,6,82840,65040
2020,비뇨의학과,G11,4,12,12,701970,628670
2020,비뇨의학과,G12,1,25,25,5189610,4671910
2020,비뇨의학과,G20,54,190,190,11053330,9852630
2020,비뇨의학과,G21,2,4,4,54880,42680
2020,비뇨의학과,G22,2,12,12,227980,187280
2020,비뇨의학과,G23,4,4,4,116470,82870
2020,비뇨의학과,G24,3,3,3,39220,32720
2020,비뇨의학과,G25,11,26,26,350780,295280
2020,비뇨의학과,G30,4,20,20,251540,214640
2020,비뇨의학과,G31,2425,5923,5923,86125630,69729850
2020,비뇨의학과,G32,1,1,1,11540,10040
2020,비뇨의학과,G35,5,8,8,473040,427240
2020,비뇨의학과,G37,1,1,1,16140,11340
2020,비뇨의학과,G40,9,32,32,387380,313580
2020,비뇨의학과,G41,1,1,1,140520,126520
2020,비뇨의학과,G43,187,379,379,5488560,4168360
2020,비뇨의학과,G44,187,477,477,36781110,26069910
2020,비뇨의학과,G45,4,28,28,423090,315590
2020,비뇨의학과,G46,4,9,9,122100,100300
2020,비뇨의학과,G47,2147,5565,5565,80898440,62525430
2020,비뇨의학과,G50,51,124,124,2086400,1643400
2020,비뇨의학과,G51,5,5,5,80100,64600
2020,비뇨의학과,G52,5,8,8,145140,114340
2020,비뇨의학과,G53,7719,24709,24723,390740760,314072920
2020,비뇨의학과,G54,1,6,6,69240,60240
2020,비뇨의학과,G55,3,4,4,39220,27620
2020,비뇨의학과,G56,29,121,121,2832620,1835560
2020,비뇨의학과,G57,7,11,11,331460,239360
2020,비뇨의학과,G58,21,58,58,4315840,3203720
2020,비뇨의학과,G59,16,32,32,383060,331060
2020,비뇨의학과,G60,1,4,4,23080,21080
2020,비뇨의학과,G61,1,4,4,62040,55940
2020,비뇨의학과,G62,20,80,80,1061740,902840
2020,비뇨의학과,G63,11,35,35,428590,312590
2020,비뇨의학과,G64,18,30,30,441560,372960
2020,비뇨의학과,G70,1,1,1,11540,10440
2020,비뇨의학과,G71,2,2,2,36280,25480
2020,비뇨의학과,G72,1,1,1,11540,10040
2020,비뇨의학과,G81,1,8,8,267160,187560
2020,비뇨의학과,G82,6,11,11,191050,134250
2020,비뇨의학과,G83,3,18,18,1234600,868300
2020,비뇨의학과,G90,14,39,39,587470,487170
2020,비뇨의학과,G91,5,14,14,202020,142120
2020,비뇨의학과,G93,2,3,3,37900,33300
2020,비뇨의학과,G95,8,46,46,1471520,1200320
2020,비뇨의학과,G98,1,1,1,16140,14540
2020,비뇨의학과,G99,5,5,5,331620,236020
2020,비뇨의학과,H00,453,586,586,12619570,9444770
2020,비뇨의학과,H01,1573,1967,1967,34581900,25443600
2020,비뇨의학과,H02,131,163,163,6547250,4689750
2020,비뇨의학과,H03,7,9,9,200890,143190
2020,비뇨의학과,H04,396,690,690,10618700,7885600
2020,비뇨의학과,H05,5,8,8,304990,225690
2020,비뇨의학과,H06,1,7,7,80780,70280
2020,비뇨의학과,H10,1472,2083,2083,32944810,25018410
2020,비뇨의학과,H11,156,330,330,4446580,3185580
2020,비뇨의학과,H13,17,18,18,291820,228520
2020,비뇨의학과,H16,349,476,476,7341860,5464960
2020,비뇨의학과,H18,3,3,3,46240,35940
2020,비뇨의학과,H19,66,88,88,1569930,1185030
2020,비뇨의학과,H20,1,11,11,130920,92020
2020,비뇨의학과,H25,54,90,90,1543850,1275150
2020,비뇨의학과,H26,8,15,15,457310,333910
2020,비뇨의학과,H33,2,2,2,30200,23900
2020,비뇨의학과,H34,2,3,3,87250,65850
2020,비뇨의학과,H35,22,23,23,383230,294830
2020,비뇨의학과,H36,9,18,18,225910,195210
2020,비뇨의학과,H40,45,87,87,1115340,954840
2020,비뇨의학과,H42,2,7,7,89380,76380
2020,비뇨의학과,H44,7,9,9,134860,108960
2020,비뇨의학과,H47,1,1,1,16140,11340
2020,비뇨의학과,H48,1,1,1,16140,14540
2020,비뇨의학과,H50,1,1,1,20140,14140
2020,비뇨의학과,H52,2,2,2,29490,20690
2020,비뇨의학과,H54,1,1,1,16140,14540
2020,비뇨의학과,H57,1,1,1,16140,11340
2020,비뇨의학과,H60,713,1202,1202,24983330,18517410
2020,비뇨의학과,H61,69,105,105,3662460,2720660
2020,비뇨의학과,H62,19,32,32,485490,378890
2020,비뇨의학과,H65,92,158,158,2536320,2090920
2020,비뇨의학과,H66,119,170,170,2784410,2270510
2020,비뇨의학과,H67,2,2,2,32280,29080
2020,비뇨의학과,H68,1,1,1,11540,8140
2020,비뇨의학과,H70,1,1,1,16140,11340
2020,비뇨의학과,H71,1,1,1,5770,4070
2020,비뇨의학과,H72,2,2,2,32280,25880
2020,비뇨의학과,H81,84,259,259,3485130,2833210
2020,비뇨의학과,H82,1,1,1,11540,8140
2020,비뇨의학과,H83,5,13,13,195460,173160
2020,비뇨의학과,H90,3,6,6,81220,63620
2020,비뇨의학과,H91,23,23,23,560550,423250
2020,비뇨의학과,H92,11,11,11,179460,145260
2020,비뇨의학과,H93,119,260,259,3785290,3080190
2020,비뇨의학과,H94,1,1,1,16140,11340
2020,비뇨의학과,I00,2,6,6,123140,96440
2020,비뇨의학과,I10,3381,13800,13799,222596560,173989860
2020,비뇨의학과,I11,221,1009,1009,16443470,13027970
2020,비뇨의학과,I12,14,39,39,638650,527450
2020,비뇨의학과,I13,11,40,40,807770,624970
2020,비뇨의학과,I15,153,593,593,8324710,6563010
2020,비뇨의학과,I20,49,148,148,2452400,1904710
2020,비뇨의학과,I21,3,15,15,89980,63380
2020,비뇨의학과,I23,1,1,1,16140,14540
2020,비뇨의학과,I24,2,2,2,27680,19480
2020,비뇨의학과,I25,8,16,16,492340,350540
2020,비뇨의학과,I26,1,2,2,23080,20080
2020,비뇨의학과,I27,1,1,1,16140,11340
2020,비뇨의학과,I34,1,8,8,92320,80320
2020,비뇨의학과,I35,1,1,1,14060,12560
2020,비뇨의학과,I42,7,31,31,1189360,1066760
2020,비뇨의학과,I45,1,1,1,16140,11340
2020,비뇨의학과,I47,1,1,1,16140,11340
2020,비뇨의학과,I48,7,16,16,199410,164510
2020,비뇨의학과,I49,21,77,77,774290,623490
2020,비뇨의학과,I50,12,47,47,594620,515220
2020,비뇨의학과,I51,6,9,9,295030,205510
2020,비뇨의학과,I61,1,1,1,16140,11340
2020,비뇨의학과,I63,20,81,81,855190,720090
2020,비뇨의학과,I64,3,14,14,196020,143320
2020,비뇨의학과,I65,3,17,17,209980,182280
2020,비뇨의학과,I67,8,16,16,200780,160080
2020,비뇨의학과,I68,1,1,1,5770,4070
2020,비뇨의학과,I69,7,29,29,400060,356360
2020,비뇨의학과,I70,15,36,36,699660,553240
2020,비뇨의학과,I71,1,1,1,11540,10040
2020,비뇨의학과,I72,3,3,3,34620,26320
2020,비뇨의학과,I73,775,1665,1665,28829920,22050420
2020,비뇨의학과,I74,3,3,3,53310,39410
2020,비뇨의학과,I77,1,1,1,119880,83980
2020,비뇨의학과,I78,354,389,389,6479230,5000030
2020,비뇨의학과,I79,3,4,4,512350,362750
2020,비뇨의학과,I80,46,67,67,2030720,1466860
2020,비뇨의학과,I82,9,12,12,171110,126010
2020,비뇨의학과,I83,99,226,226,4298420,3241620
2020,비뇨의학과,I84,3,3,3,44250,39550
2020,비뇨의학과,I86,6348,10794,10795,1462642240,1039090600
2020,비뇨의학과,I87,186,397,397,6626600,5053400
2020,비뇨의학과,I88,304,584,584,38457510,26937090
2020,비뇨의학과,I89,197,342,342,13464330,9636630
2020,비뇨의학과,I95,7,7,7,101100,80800
2020,비뇨의학과,I98,1,2,2,25840,22840
2020,비뇨의학과,I99,2,4,4,57180,51080
2020,비뇨의학과,J00,2700,5903,5903,97857960,75465540
2020,비뇨의학과,J01,76,150,150,2176810,1627610
2020,비뇨의학과,J02,493,1139,1139,18277800,14251840
2020,비뇨의학과,J03,718,1413,1413,21353680,16326590
2020,비뇨의학과,J04,302,705,705,11832200,9091400
2020,비뇨의학과,J06,977,1873,1873,30565140,23198420
2020,비뇨의학과,J09,2,3,3,93530,65630
2020,비뇨의학과,J10,18,36,36,508070,411470
2020,비뇨의학과,J11,49,77,77,1779530,1322430
2020,비뇨의학과,J12,5,5,5,90770,69070
2020,비뇨의학과,J17,1,3,3,52420,36820
2020,비뇨의학과,J18,2,2,2,141380,98980
2020,비뇨의학과,J20,1139,2819,2819,41530680,32399260
2020,비뇨의학과,J21,93,186,186,2852960,2248360
2020,비뇨의학과,J22,15,24,24,349220,252520
2020,비뇨의학과,J30,1998,4033,4033,72368580,54019080
2020,비뇨의학과,J31,68,166,166,2185490,1627050
2020,비뇨의학과,J32,60,107,107,1665590,1274890
2020,비뇨의학과,J33,3,3,3,48420,37220
2020,비뇨의학과,J34,317,565,565,10785960,7809760
2020,비뇨의학과,J35,4,7,7,102480,73880
2020,비뇨의학과,J36,12,17,17,267620,193120
2020,비뇨의학과,J37,9,37,37,832790,593690
2020,비뇨의학과,J38,3,3,3,46340,39540
2020,비뇨의학과,J39,114,186,186,2792440,2091640
2020,비뇨의학과,J40,202,463,463,6379820,4922020
2020,비뇨의학과,J41,83,246,246,3720030,2994930
2020,비뇨의학과,J42,42,135,135,1739300,1366100
2020,비뇨의학과,J44,49,81,81,2398270,1768570
2020,비뇨의학과,J45,121,331,331,4424240,3453020
2020,비뇨의학과,J46,6,17,17,207430,152530
2020,비뇨의학과,J47,6,9,9,143800,108000
2020,비뇨의학과,J84,1,10,10,325740,293740
2020,비뇨의학과,J85,1,6,6,78440,69240
2020,비뇨의학과,J98,2,2,2,36280,27480
2020,비뇨의학과,K00,1,1,1,16140,11340
2020,비뇨의학과,K03,1,1,1,20140,14140
2020,비뇨의학과,K04,39,112,112,2517120,1851920
2020,비뇨의학과,K05,69,139,139,1724980,1425980
2020,비뇨의학과,K06,5,5,5,76100,55400
2020,비뇨의학과,K07,4,7,7,99180,75480
2020,비뇨의학과,K08,27,28,28,499790,392190
2020,비뇨의학과,K09,4,4,4,111360,78160
2020,비뇨의학과,K10,3,3,3,54560,41560
2020,비뇨의학과,K11,11,20,20,550700,405600
2020,비뇨의학과,K12,1136,2239,2239,34840580,28075780
2020,비뇨의학과,K13,1245,1795,1795,29257640,21941440
2020,비뇨의학과,K14,124,273,273,4018120,3472020
2020,비뇨의학과,K20,6,10,10,124800,97900
2020,비뇨의학과,K21,2306,4276,4276,90258600,66470460
2020,비뇨의학과,K22,7,23,23,1303460,915160
2020,비뇨의학과,K23,8,9,9,153260,113360
2020,비뇨의학과,K25,996,1736,1736,27696560,21719690
2020,비뇨의학과,K26,71,172,172,2908970,2135370
2020,비뇨의학과,K27,254,487,487,9240130,6875830
2020,비뇨의학과,K28,2,2,2,36280,25480
2020,비뇨의학과,K29,15899,27797,27810,969887190,712705860
2020,비뇨의학과,K30,4383,7745,7745,189580900,138686840
2020,비뇨의학과,K31,21,91,91,2025720,1604620
2020,비뇨의학과,K35,21,21,21,2185220,1530520
2020,비뇨의학과,K37,6,6,6,199860,140260
2020,비뇨의학과,K38,1,1,1,100480,70380
2020,비뇨의학과,K40,2816,3286,3282,152333990,114137790
2020,비뇨의학과,K41,34,36,36,975530,722730
2020,비뇨의학과,K42,8,9,9,224590,162390
2020,비뇨의학과,K43,85,108,108,3535790,2596420
2020,비뇨의학과,K45,43,49,49,1336870,1007370
2020,비뇨의학과,K46,280,305,305,13278510,9648190
2020,비뇨의학과,K50,14,16,16,1413620,1245620
2020,비뇨의학과,K51,8,26,26,1443700,1254000
2020,비뇨의학과,K52,60,93,93,1965630,1456810
2020,비뇨의학과,K56,4,12,12,188990,132790
2020,비뇨의학과,K57,6,6,6,322770,228470
2020,비뇨의학과,K58,224,386,386,7287940,5453820
2020,비뇨의학과,K59,1336,2506,2506,44251160,34365920
2020,비뇨의학과,K60,44,50,50,1201270,879970
2020,비뇨의학과,K61,179,428,442,14466990,10660230
2020,비뇨의학과,K62,90,116,116,2631400,1950500
2020,비뇨의학과,K63,19,57,57,2646450,1922490
2020,비뇨의학과,K64,889,1376,1376,23700910,17947610
2020,비뇨의학과,K65,2,4,4,54120,44420
2020,비뇨의학과,K70,62,104,104,2538820,1804120
2020,비뇨의학과,K71,15,65,65,973290,715390
2020,비뇨의학과,K72,17,25,25,404240,289740
2020,비뇨의학과,K73,134,334,334,6122860,4495360
2020,비뇨의학과,K74,31,73,73,1258630,1035030
2020,비뇨의학과,K75,127,223,223,11440690,8368190
2020,비뇨의학과,K76,686,1409,1409,78249650,56127490
2020,비뇨의학과,K77,1,1,1,161690,113190
2020,비뇨의학과,K80,61,141,141,3420610,2587410
2020,비뇨의학과,K81,10,12,12,607860,435860
2020,비뇨의학과,K82,9,9,9,144320,101420
2020,비뇨의학과,K83,1,2,2,37360,26160
2020,비뇨의학과,K85,2,3,3,125130,89630
2020,비뇨의학과,K86,3,3,3,59660,41860
2020,비뇨의학과,K87,1,1,1,11540,8140
2020,비뇨의학과,K91,1,5,5,62740,44140
2020,비뇨의학과,K92,18,29,29,786130,589430
2020,비뇨의학과,K93,1,1,1,14790,10390
2020,비뇨의학과,L00,12,13,13,215060,154360
2020,비뇨의학과,L01,20569,35690,35689,727516330,540567580
2020,비뇨의학과,L02,120530,240996,240988,4880152310,3538378160
2020,비뇨의학과,L03,59012,108328,108332,2189107800,1614223290
2020,비뇨의학과,L04,775,1403,1419,46980280,33439090
2020,비뇨의학과,L05,4364,8854,8854,153291070,111028170
2020,비뇨의학과,L08,52692,97911,97914,1797359030,1332505330
2020,비뇨의학과,L10,48,110,110,1620710,1301310
2020,비뇨의학과,L11,318,365,365,6720720,4800920
2020,비뇨의학과,L12,19,43,43,524020,423720
2020,비뇨의학과,L13,1434,2668,2668,56537340,41727710
2020,비뇨의학과,L14,3,5,5,79360,55760
2020,비뇨의학과,L20,44803,101678,101671,1747069600,1283796660
2020,비뇨의학과,L21,112433,224826,224824,3686707950,2811196970
2020,비뇨의학과,L22,38,48,48,751720,627120
2020,비뇨의학과,L23,631502,1338684,1338668,23238693870,17760407660
2020,비뇨의학과,L24,135119,256064,256105,4265538510,3264780920
2020,비뇨의학과,L25,57663,109293,109293,1796499690,1373116390
2020,비뇨의학과,L26,297,408,408,6661180,4946080
2020,비뇨의학과,L27,4728,9344,9344,159656040,122820370
2020,비뇨의학과,L28,30097,62246,62246,1201779060,907607600
2020,비뇨의학과,L29,26319,54546,54544,923185930,718462150
2020,비뇨의학과,L30,130979,243635,243633,4189657200,3166450670
2020,비뇨의학과,L40,17270,50545,50541,782985620,592095990
2020,비뇨의학과,L41,147,338,338,5872920,4381820
2020,비뇨의학과,L42,1664,2864,2864,47643000,34091100
2020,비뇨의학과,L43,1493,2954,2954,58161980,43290680
2020,비뇨의학과,L44,498,808,808,13928840,10159240
2020,비뇨의학과,L45,45,75,75,1214550,938050
2020,비뇨의학과,L50,158102,367696,367695,6856377680,5178410760
2020,비뇨의학과,L51,542,1161,1161,18870050,14276050
2020,비뇨의학과,L52,274,666,666,12563090,9287590
2020,비뇨의학과,L53,741,1381,1381,26432910,19686610
2020,비뇨의학과,L54,4,6,6,94210,76010
2020,비뇨의학과,L55,368,436,436,8223120,5934820
2020,비뇨의학과,L56,755,1054,1054,18321040,13795740
2020,비뇨의학과,L57,1299,1974,1974,60327350,45219950
2020,비뇨의학과,L58,2,8,8,156360,147860
2020,비뇨의학과,L59,72,88,88,1481250,1095950
2020,비뇨의학과,L60,9183,18521,18520,517760790,377273880
2020,비뇨의학과,L62,61,71,71,1158130,842930
2020,비뇨의학과,L63,18119,69397,69394,2413071610,1697644630
2020,비뇨의학과,L64,881,1475,1475,29443030,20705320
2020,비뇨의학과,L65,662,1011,1011,22112490,15903990
2020,비뇨의학과,L66,3611,7456,7455,127907720,91727520
2020,비뇨의학과,L67,4,4,4,48420,37220
2020,비뇨의학과,L68,7,8,8,144950,101850
2020,비뇨의학과,L70,7522,18720,18720,303334080,215043780
2020,비뇨의학과,L71,3012,6343,6343,99502510,73307110
2020,비뇨의학과,L72,15550,30010,30008,1719530750,1221393210
2020,비뇨의학과,L73,23892,49237,49237,795337750,574093230
2020,비뇨의학과,L74,1059,1459,1459,24237770,18087470
2020,비뇨의학과,L75,25,25,25,399130,294630
2020,비뇨의학과,L80,2085,3204,3203,62291120,47429520
2020,비뇨의학과,L81,3173,3653,3649,61754830,45996480
2020,비뇨의학과,L82,1778,2383,2381,62977890,47551090
2020,비뇨의학과,L83,352,543,543,29838850,20921250
2020,비뇨의학과,L84,42438,80526,80526,3584064440,2548794320
2020,비뇨의학과,L85,24036,43279,43279,710031660,559835430
2020,비뇨의학과,L86,138,177,177,2971660,2217260
2020,비뇨의학과,L87,73,110,110,1935320,1435020
2020,비뇨의학과,L88,137,456,455,7642690,5736590
2020,비뇨의학과,L89,341,1074,1073,21121060,16933680
2020,비뇨의학과,L90,597,1014,1014,26031140,18426640
2020,비뇨의학과,L91,9500,23816,23814,848828210,599031110
2020,비뇨의학과,L92,742,1076,1076,59547460,42296030
2020,비뇨의학과,L93,15,36,36,774920,564720
2020,비뇨의학과,L94,20,41,41,1865160,1357860
2020,비뇨의학과,L95,242,513,513,10491830,7780930
2020,비뇨의학과,L97,11,47,47,973650,735150
2020,비뇨의학과,L98,2499,5514,5514,143644360,106574570
2020,비뇨의학과,L99,10,10,10,154120,124320
2020,비뇨의학과,M00,7,17,17,240390,194690
2020,비뇨의학과,M02,18,57,57,1114690,825790
2020,비뇨의학과,M05,16,44,44,2454880,2172480
2020,비뇨의학과,M06,112,273,273,4068420,3331720
2020,비뇨의학과,M07,6,10,10,165840,131440
2020,비뇨의학과,M08,3,6,6,78440,59040
2020,비뇨의학과,M10,293,832,832,14272100,10736300
2020,비뇨의학과,M11,7,27,27,366890,316690
2020,비뇨의학과,M12,12,23,23,414090,306190
2020,비뇨의학과,M13,545,1594,1594,21887740,17936820
2020,비뇨의학과,M14,4,4,4,64580,54980
2020,비뇨의학과,M15,191,479,479,7218830,6029130
2020,비뇨의학과,M16,9,27,27,476910,384410
2020,비뇨의학과,M17,311,828,828,12512890,10144790
2020,비뇨의학과,M18,1,1,1,0,0
2020,비뇨의학과,M19,126,286,286,4065470,3275270
2020,비뇨의학과,M20,7,10,10,160590,116690
2020,비뇨의학과,M22,1,1,1,11540,10040
2020,비뇨의학과,M23,5,6,6,116760,82060
2020,비뇨의학과,M24,107,496,496,25683170,18088370
2020,비뇨의학과,M25,345,648,648,10418210,8162610
2020,비뇨의학과,M30,2,3,3,384640,262820
2020,비뇨의학과,M31,12,22,22,358330,285730
2020,비뇨의학과,M32,12,32,32,621120,511420
2020,비뇨의학과,M33,2,6,6,100160,70360
2020,비뇨의학과,M34,2,2,2,41170,32070
2020,비뇨의학과,M35,29,80,80,8330670,7229870
2020,비뇨의학과,M40,2,3,3,351120,245920
2020,비뇨의학과,M43,16,48,48,643180,492180
2020,비뇨의학과,M45,6,12,12,284510,217710
2020,비뇨의학과,M46,2,2,2,32280,25880
2020,비뇨의학과,M47,26,84,84,1257220,974420
2020,비뇨의학과,M48,113,272,272,14396480,10380180
2020,비뇨의학과,M49,3,10,10,105210,91610
2020,비뇨의학과,M50,14,35,35,731010,540810
2020,비뇨의학과,M51,123,401,401,8003860,6696660
2020,비뇨의학과,M53,5,11,11,159710,128210
2020,비뇨의학과,M54,4705,7951,7951,430818480,304078040
2020,비뇨의학과,M60,165,236,236,8238280,5967660
2020,비뇨의학과,M61,3,3,3,43820,37220
2020,비뇨의학과,M62,430,843,843,41629000,29596600
2020,비뇨의학과,M63,8,11,11,1135360,794840
2020,비뇨의학과,M65,214,628,628,11240110,9244010
2020,비뇨의학과,M67,242,490,490,20383120,14687220
2020,비뇨의학과,M70,23,48,48,833220,675320
2020,비뇨의학과,M71,26,66,66,1826870,1409170
2020,비뇨의학과,M72,118,249,249,10511780,7778360
2020,비뇨의학과,M73,21,50,50,1137200,804100
2020,비뇨의학과,M75,204,442,442,12627940,9420840
2020,비뇨의학과,M76,3,6,6,78440,55240
2020,비뇨의학과,M77,15,52,52,1683090,1093590
2020,비뇨의학과,M79,4155,7542,7542,223049010,165691210
2020,비뇨의학과,M80,10,31,31,472820,388620
2020,비뇨의학과,M81,68,204,204,2945080,2355980
2020,비뇨의학과,M82,11,14,14,1362020,1252000
2020,비뇨의학과,M83,1,1,1,16140,11340
2020,비뇨의학과,M86,4,23,23,1854070,1304970
2020,비뇨의학과,M87,1,1,1,16140,14540
2020,비뇨의학과,M88,1,1,1,16120,14520
2020,비뇨의학과,M89,188,311,311,5779360,4309360
2020,비뇨의학과,M90,1,1,1,11540,10040
2020,비뇨의학과,M94,7,13,13,280840,215540
2020,비뇨의학과,M96,5,12,12,83470,70970
2020,비뇨의학과,M99,1,1,1,16140,11340
2020,비뇨의학과,N00,174,393,393,14458640,10462320
2020,비뇨의학과,N01,42,99,99,2124050,1620450
2020,비뇨의학과,N02,5249,9419,9508,1152268080,816127790
2020,비뇨의학과,N03,30,85,84,1787840,1429740
2020,비뇨의학과,N04,19,30,30,1018230,746130
2020,비뇨의학과,N05,29,46,46,1184180,874880
2020,비뇨의학과,N06,30,40,40,1637520,1168020
2020,비뇨의학과,N08,3,3,3,58050,48350
2020,비뇨의학과,N10,8830,21055,21295,995318770,719848510
2020,비뇨의학과,N11,383,1043,1043,34372770,25278670
2020,비뇨의학과,N12,860,1839,1839,99053270,70767020
2020,비뇨의학과,N13,1686,3193,3193,1270250120,895639790
2020,비뇨의학과,N14,5,8,8,214060,161160
2020,비뇨의학과,N15,4,4,4,173860,124760
2020,비뇨의학과,N17,19,43,43,1456970,1104370
2020,비뇨의학과,N18,104,296,296,12831420,9970540
2020,비뇨의학과,N19,67,97,97,4107630,2954930
2020,비뇨의학과,N20,112192,273142,273334,1.35949E+11,95640033370
2020,비뇨의학과,N21,3283,5994,6011,1710230290,1220522940
2020,비뇨의학과,N22,22,40,40,1777490,1249690
2020,비뇨의학과,N23,2107,2872,2872,577460880,404818480
2020,비뇨의학과,N25,6,14,14,867970,762570
2020,비뇨의학과,N26,20,37,37,1984460,1424260
2020,비뇨의학과,N27,10,12,12,1151780,809780
2020,비뇨의학과,N28,742,1212,1211,142542740,100759450
2020,비뇨의학과,N29,23,36,36,1727860,1404260
2020,비뇨의학과,N30,303915,764990,764994,27001474310,19507809550
2020,비뇨의학과,N31,204319,582913,582978,23502725150,16967048830
2020,비뇨의학과,N32,15041,38414,38428,1232999220,911206680
2020,비뇨의학과,N33,100,361,361,6478270,5124870
2020,비뇨의학과,N34,351116,849564,849559,52522757490,36734489480
2020,비뇨의학과,N35,1029,3730,3740,539601130,393593340
2020,비뇨의학과,N36,1033,2463,2481,268807090,196408860
2020,비뇨의학과,N37,1318,2551,2551,135973300,95823960
2020,비뇨의학과,N39,49623,105419,105708,6627345950,4855411770
2020,비뇨의학과,N40,615630,2976740,2977630,1.12873E+11,82595102380
2020,비뇨의학과,N41,192250,629799,629921,35467536190,24509486230
2020,비뇨의학과,N42,1466,2826,2826,172139110,121333220
2020,비뇨의학과,N43,5203,10166,10210,995219620,730455430
2020,비뇨의학과,N44,804,959,957,56538520,40063680
2020,비뇨의학과,N45,41658,98506,98600,5448481430,3817205350
2020,비뇨의학과,N46,6655,11384,11392,1054388950,748258290
2020,비뇨의학과,N47,5010,7272,7272,271327600,195035860
2020,비뇨의학과,N48,66930,100243,100255,3292133090,2375079960
2020,비뇨의학과,N49,5130,10133,10133,494490430,340446530
2020,비뇨의학과,N50,3086,6231,6233,208072310,149083620
2020,비뇨의학과,N51,825,1258,1259,50776700,36377010
2020,비뇨의학과,N60,3,4,4,55360,40860
2020,비뇨의학과,N61,11,12,12,195610,149810
2020,비뇨의학과,N62,595,870,870,567652640,449997510
2020,비뇨의학과,N63,1,1,1,16140,11340
2020,비뇨의학과,N64,11,25,25,816570,602570
2020,비뇨의학과,N70,3,5,5,92700,70500
2020,비뇨의학과,N71,10,20,20,572530,417930
2020,비뇨의학과,N72,446,1245,1245,82757590,57984950
2020,비뇨의학과,N73,124,248,248,14886320,10235280
2020,비뇨의학과,N74,47,73,73,3007310,2268610
2020,비뇨의학과,N75,23,47,47,2918840,2148350
2020,비뇨의학과,N76,4487,9509,9509,454262390,322122990
2020,비뇨의학과,N77,724,1457,1457,62913450,44768600
2020,비뇨의학과,N80,9,14,14,674360,475260
2020,비뇨의학과,N81,408,1026,1027,275826090,215564390
2020,비뇨의학과,N82,6,7,7,554390,388390
2020,비뇨의학과,N83,13,22,22,1701920,1193700
2020,비뇨의학과,N84,13,27,27,2924190,2085650
2020,비뇨의학과,N85,4,6,6,119310,88810
2020,비뇨의학과,N86,20,42,42,2232040,1564140
2020,비뇨의학과,N87,4,5,5,342640,240040
2020,비뇨의학과,N88,2,2,2,31680,22280
2020,비뇨의학과,N89,7,8,8,904420,645320
2020,비뇨의학과,N90,80,340,340,13100220,9230260
2020,비뇨의학과,N91,17,24,24,1447530,1014630
2020,비뇨의학과,N92,17,28,28,1351360,952560
2020,비뇨의학과,N93,36,72,72,3948000,2791340
2020,비뇨의학과,N94,57,84,84,4288080,3007880
2020,비뇨의학과,N95,627,1750,1750,37531970,27629110
2020,비뇨의학과,N96,1,2,2,115250,81850
2020,비뇨의학과,N97,2,5,5,69420,48820
2020,비뇨의학과,N99,447,509,512,16315850,12019980
2020,비뇨의학과,O13,1,1,1,16140,11340
2020,비뇨의학과,O21,1,1,1,24190,16990
2020,비뇨의학과,O60,1,1,1,16140,11340
2020,비뇨의학과,O86,1,1,1,40840,28640
2020,비뇨의학과,P07,1,1,1,21070,20070
2020,비뇨의학과,P23,30,80,80,2742380,1923180
2020,비뇨의학과,P35,2,5,5,124510,87410
2020,비뇨의학과,P78,1,1,1,12130,9630
2020,비뇨의학과,P83,205,252,251,14350480,11450980
2020,비뇨의학과,Q01,1,2,2,32280,22680
2020,비뇨의학과,Q05,44,103,103,1925780,1704980
2020,비뇨의학과,Q06,1,2,2,40280,28280
2020,비뇨의학과,Q17,1,1,1,20140,14140
2020,비뇨의학과,Q18,3,3,3,59490,41790
2020,비뇨의학과,Q21,1,1,1,16140,11340
2020,비뇨의학과,Q23,1,1,1,11540,10040
2020,비뇨의학과,Q24,1,6,6,74280,67080
2020,비뇨의학과,Q27,2,2,2,116400,81500
2020,비뇨의학과,Q36,4,6,6,83040,65440
2020,비뇨의학과,Q40,5,5,5,78620,67520
2020,비뇨의학과,Q50,1,4,4,49880,35180
2020,비뇨의학과,Q52,5,5,5,124060,99860
2020,비뇨의학과,Q53,1344,1545,1544,92152470,71853650
2020,비뇨의학과,Q54,154,200,199,8765480,6221810
2020,비뇨의학과,Q55,1139,1898,1901,173553300,126277590
2020,비뇨의학과,Q60,10,13,13,930500,652100
2020,비뇨의학과,Q61,241,506,506,29299790,21150170
2020,비뇨의학과,Q62,148,221,220,27632660,23399670
2020,비뇨의학과,Q63,13,17,17,1511040,1115140
2020,비뇨의학과,Q64,50,118,118,14102350,10315700
2020,비뇨의학과,Q80,160,258,258,4157840,3204640
2020,비뇨의학과,Q81,3,3,3,60760,42660
2020,비뇨의학과,Q82,249,291,291,6145440,4450840
2020,비뇨의학과,Q83,3,4,4,145140,106240
2020,비뇨의학과,Q84,7,8,8,123920,87120
2020,비뇨의학과,Q85,109,131,131,3055620,2329220
2020,비뇨의학과,Q87,1,2,2,126780,88880
2020,비뇨의학과,Q90,1,1,1,21070,16670
2020,비뇨의학과,Q98,110,332,332,17368890,13298420
2020,비뇨의학과,R00,65,114,114,2169110,1563210
2020,비뇨의학과,R02,27,100,100,1988420,1549620
2020,비뇨의학과,R03,3,3,3,48420,40420
2020,비뇨의학과,R04,29,30,30,640870,506870
2020,비뇨의학과,R05,119,236,236,3311810,2635410
2020,비뇨의학과,R06,13,14,14,192630,160430
2020,비뇨의학과,R07,27,38,38,758060,564540
2020,비뇨의학과,R09,20,42,42,708910,576910
2020,비뇨의학과,R10,10244,21537,21560,1833935820,1288109390
2020,비뇨의학과,R11,280,572,572,17361450,12875270
2020,비뇨의학과,R12,185,305,305,6371590,4763190
2020,비뇨의학과,R13,2,20,20,245630,215530
2020,비뇨의학과,R14,5,5,5,1346650,942890
2020,비뇨의학과,R15,18,28,28,412980,354280
2020,비뇨의학과,R17,6,6,6,371960,264460
2020,비뇨의학과,R18,8,8,8,608220,428120
2020,비뇨의학과,R19,13,18,18,511570,368570
2020,비뇨의학과,R20,92,103,103,1855680,1409080
2020,비뇨의학과,R21,110,180,180,4492950,3339150
2020,비뇨의학과,R22,495,829,829,40802430,29202130
2020,비뇨의학과,R23,851,963,963,17071410,12650220
2020,비뇨의학과,R25,14,25,25,503710,377610
2020,비뇨의학과,R26,1,1,1,11540,8140
2020,비뇨의학과,R29,1,1,1,16140,11340
2020,비뇨의학과,R30,6119,9875,9875,433799200,310116530
2020,비뇨의학과,R31,44767,80348,80314,9417362830,6665322840
2020,비뇨의학과,R32,1339,3728,3727,85649010,66077810
2020,비뇨의학과,R33,2141,6565,6589,373352050,269060730
2020,비뇨의학과,R34,16,19,19,476900,357100
2020,비뇨의학과,R35,16757,39861,39860,1057843690,781641370
2020,비뇨의학과,R36,1271,3739,3739,193886640,135471850
2020,비뇨의학과,R39,6215,9640,9639,309315260,221546190
2020,비뇨의학과,R41,92,344,344,4934360,4041860
2020,비뇨의학과,R42,138,203,202,3052760,2478960
2020,비뇨의학과,R43,4,4,4,55360,44060
2020,비뇨의학과,R44,1,1,1,16140,14540
2020,비뇨의학과,R45,44,104,104,1946340,1570140
2020,비뇨의학과,R46,1,1,1,16140,11340
2020,비뇨의학과,R50,81,149,149,6326740,4568540
2020,비뇨의학과,R51,258,401,401,5974350,4583750
2020,비뇨의학과,R52,3310,5847,5848,2107756160,1483284390
2020,비뇨의학과,R53,178,302,302,7676600,5533500
2020,비뇨의학과,R54,3,3,3,57870,43870
2020,비뇨의학과,R55,1,1,1,16140,14540
2020,비뇨의학과,R56,8,10,10,149280,109680
2020,비뇨의학과,R57,6,7,7,309280,220680
2020,비뇨의학과,R58,7,12,12,1349110,1035850
2020,비뇨의학과,R59,100,170,170,10619690,7454060
2020,비뇨의학과,R60,877,1451,1451,37963400,28030380
2020,비뇨의학과,R61,202,236,235,4154160,3001060
2020,비뇨의학과,R62,1,2,2,26440,23040
2020,비뇨의학과,R63,14,17,17,739330,545430
2020,비뇨의학과,R68,37,48,48,818120,585620
2020,비뇨의학과,R73,88,103,103,2208650,1691630
2020,비뇨의학과,R75,1,1,1,11540,8140
2020,비뇨의학과,R76,57,76,76,3603330,2547930
2020,비뇨의학과,R79,40,57,57,2185980,1558380
2020,비뇨의학과,R80,382,448,447,14802780,10546080
2020,비뇨의학과,R81,214,370,369,12259040,9013650
2020,비뇨의학과,R82,168,193,193,4944250,3587150
2020,비뇨의학과,R84,1,1,1,14060,9860
2020,비뇨의학과,R86,1632,2745,2746,177499740,124194140
2020,비뇨의학과,R87,14,20,20,1069240,797340
2020,비뇨의학과,R89,3,7,7,98840,69150
2020,비뇨의학과,R91,3,5,5,68710,48310
2020,비뇨의학과,R93,6,6,6,195190,146490
2020,비뇨의학과,R94,176,249,249,8450630,6028630
2020,비뇨의학과,S00,3684,7496,7496,154605290,114755300
2020,비뇨의학과,S01,1308,2856,2856,67189120,49195000
2020,비뇨의학과,S02,1,1,1,25150,17650
2020,비뇨의학과,S03,2,3,3,45690,32190
2020,비뇨의학과,S04,1,3,3,34620,30120
2020,비뇨의학과,S05,7,10,10,191940,148140
2020,비뇨의학과,S06,2,5,5,62300,50900
2020,비뇨의학과,S07,103,269,269,5657810,4119210
2020,비뇨의학과,S08,4,30,30,1045560,760360
2020,비뇨의학과,S09,48,139,139,3026350,2303350
2020,비뇨의학과,S10,124,189,189,3840820,2849520
2020,비뇨의학과,S11,21,39,39,877550,615610
2020,비뇨의학과,S12,1,1,1,22610,18110
2020,비뇨의학과,S13,31,49,49,2906110,2050310
2020,비뇨의학과,S14,2,3,3,27680,19480
2020,비뇨의학과,S17,1,1,1,18380,12880
2020,비뇨의학과,S19,2,2,2,39680,29980
2020,비뇨의학과,S20,138,256,256,4690350,3625470
2020,비뇨의학과,S21,32,86,86,1736490,1278290
2020,비뇨의학과,S22,3,3,3,45740,34540
2020,비뇨의학과,S23,6,13,13,334600,240100
2020,비뇨의학과,S29,2,4,4,78770,55270
2020,비뇨의학과,S30,1906,2595,2595,116404200,82896180
2020,비뇨의학과,S31,1234,2915,2915,75812820,54127030
2020,비뇨의학과,S32,3,4,4,54840,43740
2020,비뇨의학과,S33,299,468,468,17138580,12512900
2020,비뇨의학과,S34,24,34,34,616910,458810
2020,비뇨의학과,S35,4,5,5,1382190,972190
2020,비뇨의학과,S37,265,455,455,25700950,17824500
2020,비뇨의학과,S38,44,78,78,4336640,3162060
2020,비뇨의학과,S39,16,18,18,792040,557340
2020,비뇨의학과,S40,190,353,353,7270050,5579050
2020,비뇨의학과,S41,39,111,111,2461390,1850390
2020,비뇨의학과,S42,3,9,9,83160,58360
2020,비뇨의학과,S43,19,22,22,336690,252790
2020,비뇨의학과,S45,1,4,4,87170,67370
2020,비뇨의학과,S46,6,6,6,100570,70670
2020,비뇨의학과,S47,3,3,3,63600,48400
2020,비뇨의학과,S49,24,94,94,2005110,1492010
2020,비뇨의학과,S50,645,1539,1539,32515650,24868460
2020,비뇨의학과,S51,222,530,530,11913240,8808240
2020,비뇨의학과,S52,1,1,1,22100,15500
2020,비뇨의학과,S53,7,20,20,300920,217220
2020,비뇨의학과,S57,15,39,39,891970,653470
2020,비뇨의학과,S59,10,23,23,468010,348210
2020,비뇨의학과,S60,1690,2558,2558,65792520,48031740
2020,비뇨의학과,S61,1641,3715,3715,86312990,62983560
2020,비뇨의학과,S62,3,3,3,69780,51280
2020,비뇨의학과,S63,15,25,25,402890,301590
2020,비뇨의학과,S65,75,140,140,3955670,2889770
2020,비뇨의학과,S66,10,38,38,752970,544670
2020,비뇨의학과,S67,48,88,88,2112540,1550740
2020,비뇨의학과,S69,25,42,42,931060,680360
2020,비뇨의학과,S70,354,788,788,15844890,12382050
2020,비뇨의학과,S71,78,185,185,4082440,3056240
2020,비뇨의학과,S73,5,5,5,94840,73740
2020,비뇨의학과,S74,1,1,1,16140,11340
2020,비뇨의학과,S75,1,1,1,31900,22400
2020,비뇨의학과,S77,4,5,5,84320,65220
2020,비뇨의학과,S79,23,95,95,1912330,1353730
2020,비뇨의학과,S80,1416,3437,3437,73069130,53537060
2020,비뇨의학과,S81,447,1224,1224,27053860,20100390
2020,비뇨의학과,S83,5,9,9,172870,129670
2020,비뇨의학과,S85,2,4,4,94510,66310
2020,비뇨의학과,S86,3,5,5,117010,85210
2020,비뇨의학과,S87,63,167,167,3415790,2466090
2020,비뇨의학과,S89,19,49,49,1264140,891040
2020,비뇨의학과,S90,1383,2544,2544,57941500,43042220
2020,비뇨의학과,S91,568,1229,1229,26744050,19721670
2020,비뇨의학과,S92,3,3,3,20140,14140
2020,비뇨의학과,S93,28,49,49,827980,609880
2020,비뇨의학과,S95,7,17,17,363970,278170
2020,비뇨의학과,S96,1,1,1,0,0
2020,비뇨의학과,S97,21,38,38,783330,576530
2020,비뇨의학과,S99,30,38,38,710250,541450
2020,비뇨의학과,T00,1887,3621,3621,74149340,55457010
2020,비뇨의학과,T01,261,571,571,13483280,9919280
2020,비뇨의학과,T03,1,3,3,72450,48690
2020,비뇨의학과,T09,103,168,168,4623450,3432530
2020,비뇨의학과,T11,68,100,100,1995420,1447320
2020,비뇨의학과,T13,80,171,171,3683000,2667890
2020,비뇨의학과,T14,6796,11014,11014,229050080,169559460
2020,비뇨의학과,T15,1,1,1,0,0
2020,비뇨의학과,T16,33,40,40,1080430,802130
2020,비뇨의학과,T17,6,6,6,230320,166620
2020,비뇨의학과,T18,1,1,1,11540,8140
2020,비뇨의학과,T19,89,190,190,30908420,22748840
2020,비뇨의학과,T20,1736,3803,3803,148379310,105802400
2020,비뇨의학과,T21,1589,4674,4674,171979340,122999680
2020,비뇨의학과,T22,4459,12702,12702,477549560,338254240
2020,비뇨의학과,T23,7330,17780,17780,742660820,532338210
2020,비뇨의학과,T24,3064,10208,10208,373979900,266242310
2020,비뇨의학과,T25,1712,5730,5730,233082290,166700740
2020,비뇨의학과,T26,53,97,97,3858590,2714290
2020,비뇨의학과,T28,15,95,95,3496390,2457490
2020,비뇨의학과,T29,184,425,425,19169220,13625420
2020,비뇨의학과,T30,4540,12312,12312,479086950,341895320
2020,비뇨의학과,T31,1287,2948,2948,116130180,82429000
2020,비뇨의학과,T33,363,538,538,9115950,6900950
2020,비뇨의학과,T34,2,2,2,44660,33360
2020,비뇨의학과,T35,102,159,159,2488330,1855330
2020,비뇨의학과,T39,1,1,1,22220,17820
2020,비뇨의학과,T52,1,1,1,180540,126440
2020,비뇨의학과,T53,1,1,1,22050,15450
2020,비뇨의학과,T62,2,6,6,204050,196750
2020,비뇨의학과,T63,1890,2529,2529,44560370,33913870
2020,비뇨의학과,T64,1,1,1,18300,12900
2020,비뇨의학과,T69,575,835,835,13845480,10452580
2020,비뇨의학과,T73,1,1,1,16140,11340
2020,비뇨의학과,T75,5,6,6,73870,60170
2020,비뇨의학과,T78,5396,11556,11556,262278750,194678510
2020,비뇨의학과,T79,662,1145,1145,28535710,20776920
2020,비뇨의학과,T81,69,122,122,3688110,2733900
2020,비뇨의학과,T83,29,51,51,2081500,1605000
2020,비뇨의학과,T88,350,669,669,12876120,9762300
2020,비뇨의학과,T90,1,1,1,16140,11340
2020,비뇨의학과,T91,2,2,2,38890,28390
2020,비뇨의학과,T92,1,3,3,111520,78220
2020,비뇨의학과,T93,1,1,1,11540,8140
2020,비뇨의학과,T95,43,71,71,1608190,1111290
2020,비뇨의학과,T98,1,1,1,66760,46760
2020,비뇨의학과,U82,1,1,1,75340,43820
2020,비뇨의학과,Z00,634,806,806,16813220,11956820
2020,비뇨의학과,Z01,10,11,11,1528150,1070150
2020,비뇨의학과,Z02,14,15,15,192960,139250
2020,비뇨의학과,Z03,1382,2903,2903,225976980,164245180
2020,비뇨의학과,Z04,403,471,471,7975130,5868830
2020,비뇨의학과,Z08,2,5,5,66910,59310
2020,비뇨의학과,Z11,196,353,353,19065840,13464440
2020,비뇨의학과,Z12,860,1128,1128,213020830,149982730
2020,비뇨의학과,Z13,10,22,22,608160,454960
2020,비뇨의학과,Z20,724,956,956,68449940,48045340
2020,비뇨의학과,Z21,2,2,2,27680,19480
2020,비뇨의학과,Z22,37,77,77,4555490,3212990
2020,비뇨의학과,Z23,2,2,2,73680,51680
2020,비뇨의학과,Z24,3,3,3,23080,18180
2020,비뇨의학과,Z25,27,30,30,624070,444270
2020,비뇨의학과,Z26,29,36,36,771910,554210
2020,비뇨의학과,Z27,4,4,4,184160,129060
2020,비뇨의학과,Z30,376,436,436,22335280,15656080
2020,비뇨의학과,Z31,249,568,572,149600470,116207100
2020,비뇨의학과,Z32,1,1,1,16140,11340
2020,비뇨의학과,Z34,1,1,1,55540,52840
2020,비뇨의학과,Z36,1,1,1,11540,8140
2020,비뇨의학과,Z41,50,60,60,1930640,1369040
2020,비뇨의학과,Z42,2,4,4,215240,152640
2020,비뇨의학과,Z43,3,10,10,462230,325830
2020,비뇨의학과,Z48,653,1372,1372,27148620,20049320
2020,비뇨의학과,Z49,2,2,2,32280,29080
2020,비뇨의학과,Z52,3,5,5,292050,208450
2020,비뇨의학과,Z54,13,24,24,550690,418390
2020,비뇨의학과,Z63,1,3,3,364330,255230
2020,비뇨의학과,Z70,684,1014,1014,23443260,16095840
2020,비뇨의학과,Z71,1908,2267,2267,38393660,28042460
2020,비뇨의학과,Z72,15,15,15,248580,183080
2020,비뇨의학과,Z82,4,29,29,504320,422920
2020,비뇨의학과,Z83,1,2,2,50760,35660
2020,비뇨의학과,Z90,5,6,6,531960,372660
2020,비뇨의학과,Z91,1,5,5,263920,118320
2020,비뇨의학과,Z92,109,300,300,11982580,8403080
2020,비뇨의학과,Z93,56,394,394,23653960,18019140
2020,비뇨의학과,Z94,8,21,21,694760,529060
2020,비뇨의학과,Z95,4,5,5,76100,58600
2020,비뇨의학과,Z96,5,11,11,512340,359240
2020,비뇨의학과,Z98,297,486,486,12957540,9381090
2020,비뇨의학과,Z99,1,7,7,107420,96820
2020,"진단방사선과,영상의학과",A02,1,1,1,122410,85710
2020,"진단방사선과,영상의학과",A04,506,713,713,18305550,13432650
2020,"진단방사선과,영상의학과",A06,5,5,5,646210,454510
2020,"진단방사선과,영상의학과",A08,41,41,41,6539660,4666460
2020,"진단방사선과,영상의학과",A09,1504,1818,1818,144947130,103479930
2020,"진단방사선과,영상의학과",A15,43,47,47,5638570,4113170
2020,"진단방사선과,영상의학과",A16,610,652,652,89351440,63842740
2020,"진단방사선과,영상의학과",A18,23,24,24,5987160,4325120
2020,"진단방사선과,영상의학과",A28,1,4,4,216220,151420
2020,"진단방사선과,영상의학과",A31,91,94,94,12819690,9002390
2020,"진단방사선과,영상의학과",A41,2,10,10,868170,626370
2020,"진단방사선과,영상의학과",A42,4,4,4,814600,570300
2020,"진단방사선과,영상의학과",A49,5,6,6,362690,254190
2020,"진단방사선과,영상의학과",A51,1,1,1,11540,8140
2020,"진단방사선과,영상의학과",A53,7,9,9,255370,179170
2020,"진단방사선과,영상의학과",A56,2,3,3,267850,187650
2020,"진단방사선과,영상의학과",A58,1,1,1,211380,147980
2020,"진단방사선과,영상의학과",A59,11,18,18,221760,158060
2020,"진단방사선과,영상의학과",A60,28,42,42,1194230,858630
2020,"진단방사선과,영상의학과",A63,3,5,5,323610,226810
2020,"진단방사선과,영상의학과",A64,2,2,2,36280,25480
2020,"진단방사선과,영상의학과",A69,3,12,12,155330,132430
2020,"진단방사선과,영상의학과",A75,2,2,2,414150,289950
2020,"진단방사선과,영상의학과",A86,1,1,1,547700,383400
2020,"진단방사선과,영상의학과",A87,1,1,1,595330,416830
2020,"진단방사선과,영상의학과",B00,131,169,169,2567470,1870170
2020,"진단방사선과,영상의학과",B02,383,794,822,21721650,16124110
2020,"진단방사선과,영상의학과",B07,5,6,6,347600,243700
2020,"진단방사선과,영상의학과",B15,4,6,6,564290,395290
2020,"진단방사선과,영상의학과",B16,5,5,5,736160,513320
2020,"진단방사선과,영상의학과",B17,59,69,68,10039360,7115780
2020,"진단방사선과,영상의학과",B18,2939,4528,4526,602827420,419475880
2020,"진단방사선과,영상의학과",B19,23,30,30,3138400,2210200
2020,"진단방사선과,영상의학과",B26,6,6,6,710270,496870
2020,"진단방사선과,영상의학과",B30,4,8,8,164720,115720
2020,"진단방사선과,영상의학과",B33,1,1,1,20140,14140
2020,"진단방사선과,영상의학과",B35,247,536,536,8990470,6710270
2020,"진단방사선과,영상의학과",B36,9,13,13,173950,130950
2020,"진단방사선과,영상의학과",B37,159,194,194,8363990,5922390
2020,"진단방사선과,영상의학과",B44,20,20,20,3194040,2267140
2020,"진단방사선과,영상의학과",B46,4,5,5,492540,345040
2020,"진단방사선과,영상의학과",B47,8,8,8,1189140,832640
2020,"진단방사선과,영상의학과",B48,1,1,1,16140,14540
2020,"진단방사선과,영상의학과",B49,3,4,4,90910,63710
2020,"진단방사선과,영상의학과",B55,1,1,1,17070,13570
2020,"진단방사선과,영상의학과",B59,2,2,2,270240,189240
2020,"진단방사선과,영상의학과",B66,18,20,20,3104100,2176860
2020,"진단방사선과,영상의학과",B69,4,4,4,2391570,1674270
2020,"진단방사선과,영상의학과",B79,1,1,1,75470,52870
2020,"진단방사선과,영상의학과",B81,1,1,1,52590,36890
2020,"진단방사선과,영상의학과",B85,2,2,2,32280,22680
2020,"진단방사선과,영상의학과",B86,1,1,1,16140,14540
2020,"진단방사선과,영상의학과",B88,3,4,4,70300,52300
2020,"진단방사선과,영상의학과",B89,1,1,1,199080,139380
2020,"진단방사선과,영상의학과",B90,755,791,791,92522630,64730530
2020,"진단방사선과,영상의학과",B94,1,1,1,245740,172040
2020,"진단방사선과,영상의학과",B96,1,2,2,371060,259860
2020,"진단방사선과,영상의학과",B98,101,113,113,3702290,2378390
2020,"진단방사선과,영상의학과",C00,5,5,5,2527130,2126790
2020,"진단방사선과,영상의학과",C01,7,8,8,3344720,3125820
2020,"진단방사선과,영상의학과",C02,96,129,129,57507080,53548380
2020,"진단방사선과,영상의학과",C03,53,74,74,43593090,40858750
2020,"진단방사선과,영상의학과",C04,9,11,11,5481160,5204420
2020,"진단방사선과,영상의학과",C05,18,20,20,10893040,10146040
2020,"진단방사선과,영상의학과",C06,67,78,78,40537180,35680380
2020,"진단방사선과,영상의학과",C07,21,21,21,6556640,5542640
2020,"진단방사선과,영상의학과",C08,18,18,18,5065250,4288710
2020,"진단방사선과,영상의학과",C09,29,30,30,8982150,7926250
2020,"진단방사선과,영상의학과",C10,7,8,8,2553210,2287810
2020,"진단방사선과,영상의학과",C11,19,22,22,7957880,7028240
2020,"진단방사선과,영상의학과",C12,2,2,2,471760,385880
2020,"진단방사선과,영상의학과",C13,10,12,12,3569220,3028880
2020,"진단방사선과,영상의학과",C14,4,5,5,983270,879070
2020,"진단방사선과,영상의학과",C15,35,39,39,9547040,8679120
2020,"진단방사선과,영상의학과",C16,457,590,584,130772430,115739670
2020,"진단방사선과,영상의학과",C17,18,20,20,6928590,5760950
2020,"진단방사선과,영상의학과",C18,405,516,514,126531780,110452460
2020,"진단방사선과,영상의학과",C19,52,65,65,20898450,18655770
2020,"진단방사선과,영상의학과",C20,271,312,312,127247670,115730410
2020,"진단방사선과,영상의학과",C21,12,14,14,5343970,4810890
2020,"진단방사선과,영상의학과",C22,930,1132,1128,318420310,248516730
2020,"진단방사선과,영상의학과",C23,119,126,126,31474330,24380370
2020,"진단방사선과,영상의학과",C24,190,215,215,57943440,44799940
2020,"진단방사선과,영상의학과",C25,485,549,547,160772150,125238130
2020,"진단방사선과,영상의학과",C26,12,12,11,2966480,2306480
2020,"진단방사선과,영상의학과",C30,7,7,7,2818380,2403180
2020,"진단방사선과,영상의학과",C31,20,28,28,12229870,10421430
2020,"진단방사선과,영상의학과",C32,52,59,59,14339180,12938500
2020,"진단방사선과,영상의학과",C33,3,3,3,1027530,946330
2020,"진단방사선과,영상의학과",C34,1259,1711,1708,376726990,316595760
2020,"진단방사선과,영상의학과",C37,11,12,12,3113880,2715200
2020,"진단방사선과,영상의학과",C38,14,15,15,4084290,3497490
2020,"진단방사선과,영상의학과",C39,2,3,3,525710,368110
2020,"진단방사선과,영상의학과",C40,18,19,19,7178780,5292280
2020,"진단방사선과,영상의학과",C41,80,90,90,38986180,33548720
2020,"진단방사선과,영상의학과",C43,12,21,21,5575280,5085180
2020,"진단방사선과,영상의학과",C44,34,51,51,14691820,13773180
2020,"진단방사선과,영상의학과",C45,2,2,2,367650,320550
2020,"진단방사선과,영상의학과",C46,5,6,6,1685300,1496900
2020,"진단방사선과,영상의학과",C47,4,4,4,1081910,860310
2020,"진단방사선과,영상의학과",C48,28,33,33,10703920,8857500
2020,"진단방사선과,영상의학과",C49,74,81,81,27859550,23638570
2020,"진단방사선과,영상의학과",C50,2362,3191,3172,734912320,663789820
2020,"진단방사선과,영상의학과",C51,3,3,3,2295390,2180790
2020,"진단방사선과,영상의학과",C52,3,3,3,1220590,1026790
2020,"진단방사선과,영상의학과",C53,91,106,106,42897150,38330410
2020,"진단방사선과,영상의학과",C54,131,166,166,60271360,54219640
2020,"진단방사선과,영상의학과",C55,15,16,16,4656330,3900490
2020,"진단방사선과,영상의학과",C56,157,182,180,49321970,39343950
2020,"진단방사선과,영상의학과",C57,9,9,9,3049350,2509750
2020,"진단방사선과,영상의학과",C61,456,673,673,228470680,200997220
2020,"진단방사선과,영상의학과",C62,13,17,17,3588080,2964800
2020,"진단방사선과,영상의학과",C63,3,3,3,612920,428980
2020,"진단방사선과,영상의학과",C64,304,347,347,94096100,73592260
2020,"진단방사선과,영상의학과",C65,25,28,28,8391000,7023180
2020,"진단방사선과,영상의학과",C66,29,33,33,8330330,6569430
2020,"진단방사선과,영상의학과",C67,268,344,344,84307440,70136440
2020,"진단방사선과,영상의학과",C68,6,8,8,2744000,2360200
2020,"진단방사선과,영상의학과",C69,7,7,7,2530510,2208910
2020,"진단방사선과,영상의학과",C70,6,6,6,3177770,2342870
2020,"진단방사선과,영상의학과",C71,144,171,171,94309980,78794690
2020,"진단방사선과,영상의학과",C72,147,149,149,62590560,44682960
2020,"진단방사선과,영상의학과",C73,1451,1722,1717,269380930,239659360
2020,"진단방사선과,영상의학과",C74,9,12,12,3772730,3412830
2020,"진단방사선과,영상의학과",C75,3,4,4,2172730,1953230
2020,"진단방사선과,영상의학과",C76,19,21,21,7461460,5990420
2020,"진단방사선과,영상의학과",C77,246,268,268,41273050,36516270
2020,"진단방사선과,영상의학과",C78,183,204,204,52803960,41732240
2020,"진단방사선과,영상의학과",C79,172,186,186,75676470,61615710
2020,"진단방사선과,영상의학과",C80,14,23,23,4627400,4331700
2020,"진단방사선과,영상의학과",C81,5,7,7,2171200,1837700
2020,"진단방사선과,영상의학과",C82,4,5,5,1179890,1064590
2020,"진단방사선과,영상의학과",C83,27,38,37,11458720,10675920
2020,"진단방사선과,영상의학과",C84,3,3,3,1206000,1142860
2020,"진단방사선과,영상의학과",C85,57,68,68,21961520,18424280
2020,"진단방사선과,영상의학과",C86,1,1,1,266780,250540
2020,"진단방사선과,영상의학과",C88,11,14,14,2609840,2282140
2020,"진단방사선과,영상의학과",C90,32,38,38,18498410,15265850
2020,"진단방사선과,영상의학과",C91,10,14,14,3025030,2865390
2020,"진단방사선과,영상의학과",C92,16,31,31,3812840,3490200
2020,"진단방사선과,영상의학과",C93,1,1,1,189420,180020
2020,"진단방사선과,영상의학과",C95,3,3,3,653180,563880
2020,"진단방사선과,영상의학과",C96,8,8,22,2545100,1944460
2020,"진단방사선과,영상의학과",D00,8,8,8,2455310,2266630
2020,"진단방사선과,영상의학과",D01,149,187,186,45138870,38732330
2020,"진단방사선과,영상의학과",D02,11,23,23,1583100,1127500
2020,"진단방사선과,영상의학과",D03,2,3,3,690630,656230
2020,"진단방사선과,영상의학과",D04,8,24,24,4347190,3912690
2020,"진단방사선과,영상의학과",D05,142,178,177,32574610,29816150
2020,"진단방사선과,영상의학과",D06,36,37,37,10658520,9964940
2020,"진단방사선과,영상의학과",D07,7,8,8,1596270,1260870
2020,"진단방사선과,영상의학과",D09,28,31,31,6971050,6040370
2020,"진단방사선과,영상의학과",D10,121,124,124,28331010,19642210
2020,"진단방사선과,영상의학과",D11,359,382,380,73196340,51486160
2020,"진단방사선과,영상의학과",D12,4483,4804,4803,1450545670,1015207660
2020,"진단방사선과,영상의학과",D13,10443,10862,10849,2601286340,1824706100
2020,"진단방사선과,영상의학과",D14,6662,6969,6968,1117630210,780968470
2020,"진단방사선과,영상의학과",D15,323,337,337,66325500,46533740
2020,"진단방사선과,영상의학과",D16,969,997,996,115592550,81319090
2020,"진단방사선과,영상의학과",D17,1158,1225,1225,114143950,78837530
2020,"진단방사선과,영상의학과",D18,5900,6042,6041,1434811240,1002785530
2020,"진단방사선과,영상의학과",D19,22,22,22,3928940,2751340
2020,"진단방사선과,영상의학과",D20,84,84,84,20905290,14720450
2020,"진단방사선과,영상의학과",D21,919,964,964,93354750,65660950
2020,"진단방사선과,영상의학과",D22,2,3,3,65480,48780
2020,"진단방사선과,영상의학과",D23,252,584,584,42258450,29618430
2020,"진단방사선과,영상의학과",D24,5823,7179,7176,346115890,243285040
2020,"진단방사선과,영상의학과",D25,2300,2402,2404,533934240,369946060
2020,"진단방사선과,영상의학과",D26,353,359,359,58258320,40810520
2020,"진단방사선과,영상의학과",D27,1575,1622,1620,366109860,256823610
2020,"진단방사선과,영상의학과",D28,8,8,8,2704700,1893600
2020,"진단방사선과,영상의학과",D29,150,155,155,29787840,20916860
2020,"진단방사선과,영상의학과",D30,3862,3928,3928,920819350,645414410
2020,"진단방사선과,영상의학과",D31,53,53,53,13638910,9547870
2020,"진단방사선과,영상의학과",D32,522,575,575,287034230,212276260
2020,"진단방사선과,영상의학과",D33,763,808,811,367116910,261591410
2020,"진단방사선과,영상의학과",D34,5142,6390,6387,366855560,259043550
2020,"진단방사선과,영상의학과",D35,1296,1348,1347,536834000,376115650
2020,"진단방사선과,영상의학과",D36,398,408,407,56252840,39154060
2020,"진단방사선과,영상의학과",D37,4014,4203,4201,962919410,680159130
2020,"진단방사선과,영상의학과",D38,2256,2398,2394,410258270,290000810
2020,"진단방사선과,영상의학과",D39,752,784,783,229522880,161718440
2020,"진단방사선과,영상의학과",D40,98,102,102,26238570,18481510
2020,"진단방사선과,영상의학과",D41,884,960,958,204872490,144592450
2020,"진단방사선과,영상의학과",D42,53,57,57,20803630,15766530
2020,"진단방사선과,영상의학과",D43,546,561,561,159964310,120355640
2020,"진단방사선과,영상의학과",D44,1655,1952,1942,240119090,170198820
2020,"진단방사선과,영상의학과",D45,3,9,9,310720,295720
2020,"진단방사선과,영상의학과",D46,8,8,8,3043020,2885340
2020,"진단방사선과,영상의학과",D47,59,74,74,10927170,8772770
2020,"진단방사선과,영상의학과",D48,1504,1876,1865,256477020,182815410
2020,"진단방사선과,영상의학과",D50,754,1407,1406,57013710,40837230
2020,"진단방사선과,영상의학과",D51,6,11,11,291390,214990
2020,"진단방사선과,영상의학과",D52,5,11,11,196540,154040
2020,"진단방사선과,영상의학과",D53,8,29,29,569090,401090
2020,"진단방사선과,영상의학과",D58,2,2,2,270520,189520
2020,"진단방사선과,영상의학과",D59,2,2,2,142940,29540
2020,"진단방사선과,영상의학과",D61,4,9,9,2667650,1891550
2020,"진단방사선과,영상의학과",D64,293,369,369,20443300,14569980
2020,"진단방사선과,영상의학과",D68,3,3,3,933560,831060
2020,"진단방사선과,영상의학과",D69,48,66,65,3118440,2229240
2020,"진단방사선과,영상의학과",D72,22,24,23,1129890,800290
2020,"진단방사선과,영상의학과",D73,134,141,141,31677420,22153850
2020,"진단방사선과,영상의학과",D75,16,17,17,1838940,1287940
2020,"진단방사선과,영상의학과",D76,1,1,1,782400,547700
2020,"진단방사선과,영상의학과",D84,6,18,18,221520,156120
2020,"진단방사선과,영상의학과",D86,12,12,11,2195400,1670100
2020,"진단방사선과,영상의학과",E01,1,1,1,20140,14140
2020,"진단방사선과,영상의학과",E02,3,13,13,242050,170150
2020,"진단방사선과,영상의학과",E03,1452,4091,4090,145507350,103249910
2020,"진단방사선과,영상의학과",E04,3780,4429,4418,266271540,186433050
2020,"진단방사선과,영상의학과",E05,541,1958,1958,71543060,50989160
2020,"진단방사선과,영상의학과",E06,1053,1786,1786,82862550,57905030
2020,"진단방사선과,영상의학과",E07,1666,2004,2004,87477550,61857350
2020,"진단방사선과,영상의학과",E10,21,46,46,11392120,8006620
2020,"진단방사선과,영상의학과",E11,3361,16165,16165,449840950,335254640
2020,"진단방사선과,영상의학과",E12,1,3,3,37740,26640
2020,"진단방사선과,영상의학과",E13,185,603,603,21708670,15688670
2020,"진단방사선과,영상의학과",E14,803,2988,2988,83188500,60633020
2020,"진단방사선과,영상의학과",E16,34,34,34,7943390,5562850
2020,"진단방사선과,영상의학과",E20,2,2,2,23080,16280
2020,"진단방사선과,영상의학과",E21,8,14,14,1172810,821710
2020,"진단방사선과,영상의학과",E22,2461,2568,2568,1140247150,800571990
2020,"진단방사선과,영상의학과",E23,252,264,264,88653570,60588060
2020,"진단방사선과,영상의학과",E24,1,1,1,122410,85710
2020,"진단방사선과,영상의학과",E25,1,1,1,16140,11340
2020,"진단방사선과,영상의학과",E26,4,4,4,894050,625950
2020,"진단방사선과,영상의학과",E27,37,110,110,6869860,4921180
2020,"진단방사선과,영상의학과",E28,69,80,80,6890870,4837030
2020,"진단방사선과,영상의학과",E29,3,3,3,140910,102010
2020,"진단방사선과,영상의학과",E30,755,771,771,168904340,118554820
2020,"진단방사선과,영상의학과",E32,30,30,30,5983410,4225010
2020,"진단방사선과,영상의학과",E34,20,23,23,3357330,2357430
2020,"진단방사선과,영상의학과",E35,7,8,8,326400,230700
2020,"진단방사선과,영상의학과",E46,1,1,1,16140,11340
2020,"진단방사선과,영상의학과",E50,103,164,164,2428820,1734320
2020,"진단방사선과,영상의학과",E51,6,6,6,3242900,2270500
2020,"진단방사선과,영상의학과",E53,2,4,4,53630,47030
2020,"진단방사선과,영상의학과",E55,676,994,993,25180680,17816500
2020,"진단방사선과,영상의학과",E56,26,33,33,662690,488290
2020,"진단방사선과,영상의학과",E58,141,329,329,5839870,4126870
2020,"진단방사선과,영상의학과",E61,2,2,2,23080,18180
2020,"진단방사선과,영상의학과",E63,2,2,2,44460,33260
2020,"진단방사선과,영상의학과",E65,4,4,4,77260,57460
2020,"진단방사선과,영상의학과",E66,22,53,53,1266810,889610
2020,"진단방사선과,영상의학과",E75,6,7,7,980030,690430
2020,"진단방사선과,영상의학과",E78,11056,24257,24256,663557180,473675830
2020,"진단방사선과,영상의학과",E79,14,20,20,940690,662490
2020,"진단방사선과,영상의학과",E80,14,15,15,2000890,1402490
2020,"진단방사선과,영상의학과",E83,18,19,19,970560,696960
2020,"진단방사선과,영상의학과",E86,56,79,79,2366420,1698020
2020,"진단방사선과,영상의학과",E87,75,145,145,3301980,2584180
2020,"진단방사선과,영상의학과",E88,16,16,16,1428270,1005070
2020,"진단방사선과,영상의학과",E89,145,426,426,14977280,10735090
2020,"진단방사선과,영상의학과",F00,1158,1635,1635,372020910,264045720
2020,"진단방사선과,영상의학과",F01,214,224,224,67887950,46896560
2020,"진단방사선과,영상의학과",F02,19,24,23,8190930,5628220
2020,"진단방사선과,영상의학과",F03,817,828,828,283748780,198045290
2020,"진단방사선과,영상의학과",F04,1,1,1,100130,70130
2020,"진단방사선과,영상의학과",F05,10,10,10,3877180,2717780
2020,"진단방사선과,영상의학과",F06,530,867,867,141154760,96660920
2020,"진단방사선과,영상의학과",F07,150,150,150,15846240,10795630
2020,"진단방사선과,영상의학과",F09,1,1,1,514910,360510
2020,"진단방사선과,영상의학과",F10,19,31,31,7738510,4970970
2020,"진단방사선과,영상의학과",F17,4,7,7,102580,75380
2020,"진단방사선과,영상의학과",F20,21,21,21,5791870,4399770
2020,"진단방사선과,영상의학과",F22,4,4,4,504410,358510
2020,"진단방사선과,영상의학과",F23,5,5,5,1310440,917640
2020,"진단방사선과,영상의학과",F25,6,6,6,2061740,1568440
2020,"진단방사선과,영상의학과",F28,1,1,1,330850,231650
2020,"진단방사선과,영상의학과",F29,5,5,5,1860370,1180370
2020,"진단방사선과,영상의학과",F31,10,17,17,1450390,1027590
2020,"진단방사선과,영상의학과",F32,45,90,90,4538020,3288880
2020,"진단방사선과,영상의학과",F33,2,2,2,36280,25480
2020,"진단방사선과,영상의학과",F34,5,7,7,313780,293580
2020,"진단방사선과,영상의학과",F38,1,2,2,27680,24580
2020,"진단방사선과,영상의학과",F39,18,20,20,1118730,809430
2020,"진단방사선과,영상의학과",F40,7,11,11,180490,136390
2020,"진단방사선과,영상의학과",F41,187,349,349,9828690,7013320
2020,"진단방사선과,영상의학과",F42,2,2,2,23080,16280
2020,"진단방사선과,영상의학과",F43,6,12,12,1150070,805570
2020,"진단방사선과,영상의학과",F44,4,4,4,1981260,1023950
2020,"진단방사선과,영상의학과",F45,19,22,22,2935660,2073260
2020,"진단방사선과,영상의학과",F48,60,77,77,4237440,2999040
2020,"진단방사선과,영상의학과",F50,3,3,3,58810,43210
2020,"진단방사선과,영상의학과",F51,100,205,205,3540960,2593360
2020,"진단방사선과,영상의학과",F52,6,11,11,190720,134020
2020,"진단방사선과,영상의학과",F54,2,2,2,32280,25880
2020,"진단방사선과,영상의학과",F63,1,1,1,342190,239590
2020,"진단방사선과,영상의학과",F66,1,1,1,20140,14140
2020,"진단방사선과,영상의학과",F80,26,27,27,11575230,7389730
2020,"진단방사선과,영상의학과",F84,4,4,4,1297420,908520
2020,"진단방사선과,영상의학과",F89,1,1,1,313230,270730
2020,"진단방사선과,영상의학과",F90,3,3,3,135000,115900
2020,"진단방사선과,영상의학과",F91,5,5,5,3014080,2110080
2020,"진단방사선과,영상의학과",F92,2,2,2,790920,553720
2020,"진단방사선과,영상의학과",F95,1,2,2,34200,24000
2020,"진단방사선과,영상의학과",F98,2,2,2,159000,130200
2020,"진단방사선과,영상의학과",G00,2,2,2,717530,502430
2020,"진단방사선과,영상의학과",G03,18,18,18,8275990,5793990
2020,"진단방사선과,영상의학과",G04,18,25,25,7501890,5267990
2020,"진단방사선과,영상의학과",G05,4,5,5,76100,53500
2020,"진단방사선과,영상의학과",G06,6,6,6,2177780,1527280
2020,"진단방사선과,영상의학과",G08,1,1,1,777400,544200
2020,"진단방사선과,영상의학과",G09,1,1,1,408300,285900
2020,"진단방사선과,영상의학과",G11,14,14,14,6680770,4907670
2020,"진단방사선과,영상의학과",G12,2,2,2,296560,263260
2020,"진단방사선과,영상의학과",G13,2,2,2,514520,463120
2020,"진단방사선과,영상의학과",G14,1,1,1,11540,10040
2020,"진단방사선과,영상의학과",G20,304,313,313,145196460,110247960
2020,"진단방사선과,영상의학과",G21,24,24,24,11003550,7270120
2020,"진단방사선과,영상의학과",G22,25,26,26,10347500,7537800
2020,"진단방사선과,영상의학과",G23,56,56,56,23942990,15859240
2020,"진단방사선과,영상의학과",G24,48,50,50,11501880,8066980
2020,"진단방사선과,영상의학과",G25,159,242,242,33035160,23113200
2020,"진단방사선과,영상의학과",G30,640,650,650,212986890,150032510
2020,"진단방사선과,영상의학과",G31,1971,2975,2975,514342110,258256870
2020,"진단방사선과,영상의학과",G32,22,22,22,7714390,2559010
2020,"진단방사선과,영상의학과",G35,42,49,49,26445980,22973580
2020,"진단방사선과,영상의학과",G36,5,5,5,2991950,2543250
2020,"진단방사선과,영상의학과",G37,46,50,50,22593140,14699480
2020,"진단방사선과,영상의학과",G40,214,219,219,96377540,67372940
2020,"진단방사선과,영상의학과",G41,10,10,10,3859790,2911390
2020,"진단방사선과,영상의학과",G43,3371,3701,3699,960688140,425551460
2020,"진단방사선과,영상의학과",G44,7589,8315,8347,2720173330,1236673150
2020,"진단방사선과,영상의학과",G45,1946,1987,1986,918643220,619676380
2020,"진단방사선과,영상의학과",G46,153,154,154,57695800,39702690
2020,"진단방사선과,영상의학과",G47,518,1356,1356,29265230,20591620
2020,"진단방사선과,영상의학과",G50,383,394,394,155575600,103758930
2020,"진단방사선과,영상의학과",G51,719,739,739,316092160,204928730
2020,"진단방사선과,영상의학과",G52,263,276,276,91029250,63272460
2020,"진단방사선과,영상의학과",G53,81,142,142,6360700,4636400
2020,"진단방사선과,영상의학과",G54,255,261,261,6699020,6107820
2020,"진단방사선과,영상의학과",G55,2307,2418,2418,264102240,186088440
2020,"진단방사선과,영상의학과",G56,77,97,97,7200470,5136070
2020,"진단방사선과,영상의학과",G57,52,62,62,2532140,1950140
2020,"진단방사선과,영상의학과",G58,44,76,76,6356240,4547240
2020,"진단방사선과,영상의학과",G61,5,9,9,1348320,959520
2020,"진단방사선과,영상의학과",G62,9,11,14,1114110,805280
2020,"진단방사선과,영상의학과",G63,19,45,45,781160,645260
2020,"진단방사선과,영상의학과",G64,9,16,16,1103530,369160
2020,"진단방사선과,영상의학과",G70,13,13,13,2541350,2026750
2020,"진단방사선과,영상의학과",G71,5,6,6,2086230,1735830
2020,"진단방사선과,영상의학과",G72,7,9,9,1475720,1035420
2020,"진단방사선과,영상의학과",G73,2,3,3,41300,33500
2020,"진단방사선과,영상의학과",G80,6,7,7,1923120,1531620
2020,"진단방사선과,영상의학과",G81,258,263,263,89709110,61586200
2020,"진단방사선과,영상의학과",G82,7,9,9,2671480,1870580
2020,"진단방사선과,영상의학과",G83,52,52,52,22011550,15062740
2020,"진단방사선과,영상의학과",G90,26,66,66,1598550,1218550
2020,"진단방사선과,영상의학과",G91,233,254,254,91287610,62805750
2020,"진단방사선과,영상의학과",G92,2,2,2,722700,506000
2020,"진단방사선과,영상의학과",G93,2544,2575,2575,986198570,651179420
2020,"진단방사선과,영상의학과",G94,2,2,2,195660,137060
2020,"진단방사선과,영상의학과",G95,87,97,97,27654320,20392920
2020,"진단방사선과,영상의학과",G96,10,10,10,5262410,3684210
2020,"진단방사선과,영상의학과",G97,3,3,3,1059240,474870
2020,"진단방사선과,영상의학과",G98,1,2,2,518020,362720
2020,"진단방사선과,영상의학과",G99,25,25,25,7063550,4945250
2020,"진단방사선과,영상의학과",H00,27,29,29,1520520,1067720
2020,"진단방사선과,영상의학과",H01,38,46,46,1087140,791340
2020,"진단방사선과,영상의학과",H02,62,62,61,19200640,12957240
2020,"진단방사선과,영상의학과",H04,570,601,601,55471600,39045460
2020,"진단방사선과,영상의학과",H05,234,246,246,47642770,33152850
2020,"진단방사선과,영상의학과",H06,68,76,76,15332000,10734800
2020,"진단방사선과,영상의학과",H10,66,78,78,1207610,870510
2020,"진단방사선과,영상의학과",H11,57,88,88,1985660,1431460
2020,"진단방사선과,영상의학과",H16,31,51,51,789560,601260
2020,"진단방사선과,영상의학과",H19,2,5,5,23170,16370
2020,"진단방사선과,영상의학과",H20,1,1,1,28840,20240
2020,"진단방사선과,영상의학과",H21,1,1,1,125940,88240
2020,"진단방사선과,영상의학과",H25,93,117,117,5366500,3827800
2020,"진단방사선과,영상의학과",H26,204,209,209,8690930,6141930
2020,"진단방사선과,영상의학과",H31,3,3,3,1146780,802880
2020,"진단방사선과,영상의학과",H32,2,2,2,434430,304230
2020,"진단방사선과,영상의학과",H34,9,11,11,3032440,2131140
2020,"진단방사선과,영상의학과",H35,31,31,31,3039130,1911710
2020,"진단방사선과,영상의학과",H36,1,2,2,23080,20080
2020,"진단방사선과,영상의학과",H40,26,62,62,4207050,2238810
2020,"진단방사선과,영상의학과",H43,1,1,1,45540,31940
2020,"진단방사선과,영상의학과",H44,25,49,49,6730400,4770600
2020,"진단방사선과,영상의학과",H46,19,19,19,7447950,5216450
2020,"진단방사선과,영상의학과",H47,57,59,59,25045820,15714280
2020,"진단방사선과,영상의학과",H48,4,4,4,1530770,1071670
2020,"진단방사선과,영상의학과",H49,109,112,112,55260440,37847970
2020,"진단방사선과,영상의학과",H50,48,48,48,13345110,8765710
2020,"진단방사선과,영상의학과",H51,2,2,2,863290,604390
2020,"진단방사선과,영상의학과",H53,769,784,784,394337260,259398480
2020,"진단방사선과,영상의학과",H54,56,58,58,28470520,16346660
2020,"진단방사선과,영상의학과",H55,47,47,47,22456670,15137000
2020,"진단방사선과,영상의학과",H57,43,43,43,5858910,3631180
2020,"진단방사선과,영상의학과",H60,32,38,38,2165770,1533670
2020,"진단방사선과,영상의학과",H61,7,7,7,252660,182360
2020,"진단방사선과,영상의학과",H62,2,8,8,117200,82100
2020,"진단방사선과,영상의학과",H65,22,24,24,2804870,1964770
2020,"진단방사선과,영상의학과",H66,258,264,264,28931850,20357950
2020,"진단방사선과,영상의학과",H67,1,1,1,14060,9860
2020,"진단방사선과,영상의학과",H69,2,2,2,236990,165990
2020,"진단방사선과,영상의학과",H70,73,73,73,10615710,7439610
2020,"진단방사선과,영상의학과",H71,60,61,61,8970800,6331100
2020,"진단방사선과,영상의학과",H72,2,2,2,249110,174510
2020,"진단방사선과,영상의학과",H73,5,5,5,510490,357490
2020,"진단방사선과,영상의학과",H74,35,36,36,3798520,2660420
2020,"진단방사선과,영상의학과",H75,2,2,2,212730,149030
2020,"진단방사선과,영상의학과",H81,2623,2951,2951,1064208200,636363120
2020,"진단방사선과,영상의학과",H82,139,210,210,27285910,16207380
2020,"진단방사선과,영상의학과",H83,6,6,6,1771150,809230
2020,"진단방사선과,영상의학과",H90,223,223,223,106322510,73591140
2020,"진단방사선과,영상의학과",H91,325,330,330,150764970,87759900
2020,"진단방사선과,영상의학과",H92,43,44,44,5091100,2742940
2020,"진단방사선과,영상의학과",H93,388,397,397,131760160,76294570
2020,"진단방사선과,영상의학과",I00,4,4,4,177830,142530
2020,"진단방사선과,영상의학과",I05,7,7,7,178690,125390
2020,"진단방사선과,영상의학과",I07,1,1,1,29640,20840
2020,"진단방사선과,영상의학과",I08,2,2,2,326180,230380
2020,"진단방사선과,영상의학과",I10,9230,43670,43668,947193790,710444870
2020,"진단방사선과,영상의학과",I11,58,239,239,5419620,4188720
2020,"진단방사선과,영상의학과",I12,8,11,11,951720,677620
2020,"진단방사선과,영상의학과",I13,8,14,14,589960,415960
2020,"진단방사선과,영상의학과",I15,91,290,290,6718590,4983050
2020,"진단방사선과,영상의학과",I20,689,1026,1021,115171420,81212700
2020,"진단방사선과,영상의학과",I21,4,14,14,249480,185180
2020,"진단방사선과,영상의학과",I24,10,25,25,1979120,1396280
2020,"진단방사선과,영상의학과",I25,480,808,806,53490400,37807220
2020,"진단방사선과,영상의학과",I26,55,65,65,12093940,8495640
2020,"진단방사선과,영상의학과",I27,6,6,6,1063610,780310
2020,"진단방사선과,영상의학과",I28,36,38,38,8563320,5996680
2020,"진단방사선과,영상의학과",I30,1,1,1,225800,158100
2020,"진단방사선과,영상의학과",I31,17,18,18,2765810,1953610
2020,"진단방사선과,영상의학과",I34,2,2,2,241200,169000
2020,"진단방사선과,영상의학과",I35,3,7,7,591790,425490
2020,"진단방사선과,영상의학과",I36,2,2,2,32280,22680
2020,"진단방사선과,영상의학과",I42,3,4,4,247790,184290
2020,"진단방사선과,영상의학과",I44,2,2,2,168380,117980
2020,"진단방사선과,영상의학과",I45,19,25,25,736260,550160
2020,"진단방사선과,영상의학과",I47,8,15,15,577270,431470
2020,"진단방사선과,영상의학과",I48,46,73,69,1780170,1399770
2020,"진단방사선과,영상의학과",I49,179,253,243,8545460,6030540
2020,"진단방사선과,영상의학과",I50,61,107,107,5322500,3879200
2020,"진단방사선과,영상의학과",I51,695,784,784,37040010,26497420
2020,"진단방사선과,영상의학과",I60,49,53,53,16968590,11703990
2020,"진단방사선과,영상의학과",I61,311,332,332,111386090,76865170
2020,"진단방사선과,영상의학과",I62,136,147,147,53151860,37312160
2020,"진단방사선과,영상의학과",I63,6089,6863,6863,2742873140,1863132760
2020,"진단방사선과,영상의학과",I64,147,147,147,69567400,48930700
2020,"진단방사선과,영상의학과",I65,897,1058,1058,363943100,242933320
2020,"진단방사선과,영상의학과",I66,1371,2144,2144,699131040,464859400
2020,"진단방사선과,영상의학과",I67,6513,6870,6886,3085916910,1967315500
2020,"진단방사선과,영상의학과",I68,59,64,64,31835420,21940770
2020,"진단방사선과,영상의학과",I69,652,802,802,269828290,160530450
2020,"진단방사선과,영상의학과",I70,752,1468,1465,167516400,98827260
2020,"진단방사선과,영상의학과",I71,292,305,305,66426200,46322380
2020,"진단방사선과,영상의학과",I72,124,130,130,47772270,33508510
2020,"진단방사선과,영상의학과",I73,435,1653,1653,34606510,26064370
2020,"진단방사선과,영상의학과",I74,31,40,40,6351020,4452200
2020,"진단방사선과,영상의학과",I77,80,116,119,70391820,54555450
2020,"진단방사선과,영상의학과",I78,7,26,26,805980,595980
2020,"진단방사선과,영상의학과",I79,22,26,26,3721250,2621250
2020,"진단방사선과,영상의학과",I80,63,82,82,9731470,6884270
2020,"진단방사선과,영상의학과",I81,7,7,7,1657360,1160560
2020,"진단방사선과,영상의학과",I82,25,29,29,3835000,2708900
2020,"진단방사선과,영상의학과",I83,499,932,932,80879270,57267370
2020,"진단방사선과,영상의학과",I85,5,6,6,969400,679000
2020,"진단방사선과,영상의학과",I86,317,414,414,189891220,148684870
2020,"진단방사선과,영상의학과",I87,262,599,599,28634780,22050880
2020,"진단방사선과,영상의학과",I88,1348,1382,1382,208440150,149208530
2020,"진단방사선과,영상의학과",I89,42,77,77,3236820,2119260
2020,"진단방사선과,영상의학과",I95,20,20,20,1307880,524810
2020,"진단방사선과,영상의학과",I98,3,3,3,832190,582690
2020,"진단방사선과,영상의학과",I99,490,2234,2234,70122140,50457840
2020,"진단방사선과,영상의학과",J00,1585,1830,1830,43712160,34184750
2020,"진단방사선과,영상의학과",J01,1988,2205,2205,98775490,69961350
2020,"진단방사선과,영상의학과",J02,719,930,930,18951300,13956700
2020,"진단방사선과,영상의학과",J03,265,350,350,9007240,6414640
2020,"진단방사선과,영상의학과",J04,473,504,504,16894620,11953920
2020,"진단방사선과,영상의학과",J05,5,5,5,134470,105270
2020,"진단방사선과,영상의학과",J06,1726,2613,2613,56910110,41658510
2020,"진단방사선과,영상의학과",J09,1,1,1,18390,12890
2020,"진단방사선과,영상의학과",J10,28,29,29,549440,390540
2020,"진단방사선과,영상의학과",J11,45,50,50,1090270,758670
2020,"진단방사선과,영상의학과",J12,89,98,98,7784220,5505920
2020,"진단방사선과,영상의학과",J15,586,712,710,78894200,55780200
2020,"진단방사선과,영상의학과",J16,1,1,1,25200,17700
2020,"진단방사선과,영상의학과",J17,132,155,155,6302260,4627760
2020,"진단방사선과,영상의학과",J18,4891,5744,5744,598010310,421808080
2020,"진단방사선과,영상의학과",J20,8413,10860,10860,308801290,224635890
2020,"진단방사선과,영상의학과",J21,484,541,541,66532150,46924370
2020,"진단방사선과,영상의학과",J22,182,189,189,13329820,9425320
2020,"진단방사선과,영상의학과",J30,992,1450,1450,32450730,23596930
2020,"진단방사선과,영상의학과",J31,594,672,672,23241120,16577920
2020,"진단방사선과,영상의학과",J32,4803,5261,5261,358739290,252152570
2020,"진단방사선과,영상의학과",J33,430,439,439,53054510,37471010
2020,"진단방사선과,영상의학과",J34,1088,1131,1131,88057480,61875640
2020,"진단방사선과,영상의학과",J35,122,126,126,7184330,5116990
2020,"진단방사선과,영상의학과",J36,589,1098,1098,38598880,27889740
2020,"진단방사선과,영상의학과",J37,18,25,25,2409700,1690800
2020,"진단방사선과,영상의학과",J38,122,124,124,24134180,16962980
2020,"진단방사선과,영상의학과",J39,43,45,45,7328810,5128890
2020,"진단방사선과,영상의학과",J40,4122,4711,4711,271999020,192438070
2020,"진단방사선과,영상의학과",J41,2805,3053,3053,158970220,112461560
2020,"진단방사선과,영상의학과",J42,2322,2942,2942,162175220,114759970
2020,"진단방사선과,영상의학과",J43,2970,3102,3102,485684670,340251890
2020,"진단방사선과,영상의학과",J44,745,863,863,94781140,66502950
2020,"진단방사선과,영상의학과",J45,702,1062,1061,40165180,28981600
2020,"진단방사선과,영상의학과",J46,4,16,16,312470,251270
2020,"진단방사선과,영상의학과",J47,3572,3749,3748,528126150,371196600
2020,"진단방사선과,영상의학과",J60,41,43,43,10768630,7513610
2020,"진단방사선과,영상의학과",J62,8,10,10,1667590,1167790
2020,"진단방사선과,영상의학과",J63,5,5,5,662890,464190
2020,"진단방사선과,영상의학과",J64,42,46,45,5677330,4049130
2020,"진단방사선과,영상의학과",J67,44,47,47,5759450,4033050
2020,"진단방사선과,영상의학과",J68,4,4,4,499250,349550
2020,"진단방사선과,영상의학과",J69,4,4,4,1292170,904670
2020,"진단방사선과,영상의학과",J70,20,20,20,3556290,2490390
2020,"진단방사선과,영상의학과",J81,69,71,71,11232030,7927890
2020,"진단방사선과,영상의학과",J82,20,23,23,2769970,1935530
2020,"진단방사선과,영상의학과",J84,1890,1949,1947,285095990,201164640
2020,"진단방사선과,영상의학과",J85,104,109,109,21843820,15411380
2020,"진단방사선과,영상의학과",J86,7,7,7,1645610,1152210
2020,"진단방사선과,영상의학과",J90,327,360,360,48761800,35026640
2020,"진단방사선과,영상의학과",J91,39,39,39,5887730,4168190
2020,"진단방사선과,영상의학과",J92,184,185,184,24546760,17400540
2020,"진단방사선과,영상의학과",J93,183,210,210,18009020,12676920
2020,"진단방사선과,영상의학과",J94,510,522,522,64763830,45583130
2020,"진단방사선과,영상의학과",J96,1,1,1,25200,17700
2020,"진단방사선과,영상의학과",J98,12328,12925,12925,1835763430,1289442950
2020,"진단방사선과,영상의학과",J99,18,18,18,2527620,1840420
2020,"진단방사선과,영상의학과",K01,14,14,14,777280,551380
2020,"진단방사선과,영상의학과",K02,24,25,25,1694800,1188300
2020,"진단방사선과,영상의학과",K04,112,117,117,5071650,3664270
2020,"진단방사선과,영상의학과",K05,54,86,86,2789320,2066920
2020,"진단방사선과,영상의학과",K06,2,2,2,277520,192180
2020,"진단방사선과,영상의학과",K07,592,633,633,34505680,24356380
2020,"진단방사선과,영상의학과",K08,4,4,4,254920,178620
2020,"진단방사선과,영상의학과",K09,15,15,15,2044740,1432100
2020,"진단방사선과,영상의학과",K10,24,25,25,4381870,3071670
2020,"진단방사선과,영상의학과",K11,862,895,895,138075130,96825930
2020,"진단방사선과,영상의학과",K12,46,59,59,4714560,3459960
2020,"진단방사선과,영상의학과",K13,4,4,4,474180,333980
2020,"진단방사선과,영상의학과",K14,19,26,26,1565210,1116710
2020,"진단방사선과,영상의학과",K20,63,95,95,5485490,3877450
2020,"진단방사선과,영상의학과",K21,16456,26183,26181,1054610760,747314030
2020,"진단방사선과,영상의학과",K22,80,89,89,9706960,6819360
2020,"진단방사선과,영상의학과",K23,1,1,1,114280,80080
2020,"진단방사선과,영상의학과",K25,2743,3962,3961,195536730,136935820
2020,"진단방사선과,영상의학과",K26,975,1370,1370,62652060,44026830
2020,"진단방사선과,영상의학과",K27,339,483,483,21476560,14957920
2020,"진단방사선과,영상의학과",K28,2,2,2,27680,21380
2020,"진단방사선과,영상의학과",K29,11850,15351,15345,697575680,475583790
2020,"진단방사선과,영상의학과",K30,1116,1446,1446,92847880,64655760
2020,"진단방사선과,영상의학과",K31,330,395,395,43242800,30326080
2020,"진단방사선과,영상의학과",K35,1049,1060,1060,219220860,153618460
2020,"진단방사선과,영상의학과",K36,132,134,134,25557920,17981600
2020,"진단방사선과,영상의학과",K37,376,377,377,75950860,53369600
2020,"진단방사선과,영상의학과",K38,131,134,134,26417570,18249640
2020,"진단방사선과,영상의학과",K40,326,332,332,40064590,30140590
2020,"진단방사선과,영상의학과",K41,7,7,7,507830,376330
2020,"진단방사선과,영상의학과",K42,38,39,39,6326410,4564570
2020,"진단방사선과,영상의학과",K43,30,31,31,4162860,2988460
2020,"진단방사선과,영상의학과",K44,63,73,73,10435980,7401300
2020,"진단방사선과,영상의학과",K45,8,8,8,1491900,1047900
2020,"진단방사선과,영상의학과",K46,26,27,27,4861330,3426050
2020,"진단방사선과,영상의학과",K50,110,117,117,24152240,18349180
2020,"진단방사선과,영상의학과",K51,62,99,99,10675880,8734200
2020,"진단방사선과,영상의학과",K52,759,928,928,67651890,47992880
2020,"진단방사선과,영상의학과",K55,31,36,35,6346060,4449620
2020,"진단방사선과,영상의학과",K56,358,364,364,68777650,49658530
2020,"진단방사선과,영상의학과",K57,1804,1869,1869,390426730,273327600
2020,"진단방사선과,영상의학과",K58,7413,9547,9547,694221100,481873100
2020,"진단방사선과,영상의학과",K59,4090,5608,5608,468723990,322455480
2020,"진단방사선과,영상의학과",K60,28,28,28,1753350,1264450
2020,"진단방사선과,영상의학과",K61,44,71,71,9326760,6942190
2020,"진단방사선과,영상의학과",K62,194,215,213,39625880,27727540
2020,"진단방사선과,영상의학과",K63,5148,6164,6152,1753532320,1224952910
2020,"진단방사선과,영상의학과",K64,189,238,238,24315220,16610620
2020,"진단방사선과,영상의학과",K65,395,402,402,88606570,62227230
2020,"진단방사선과,영상의학과",K66,91,91,91,22241680,15560840
2020,"진단방사선과,영상의학과",K67,5,5,5,768130,538030
2020,"진단방사선과,영상의학과",K70,1017,1165,1163,163450880,114339970
2020,"진단방사선과,영상의학과",K71,139,201,201,17760620,12519220
2020,"진단방사선과,영상의학과",K72,68,136,136,7503240,4806330
2020,"진단방사선과,영상의학과",K73,1096,1576,1576,146687220,102099400
2020,"진단방사선과,영상의학과",K74,1464,1655,1655,372669330,261890030
2020,"진단방사선과,영상의학과",K75,1472,2128,2128,198483500,139632490
2020,"진단방사선과,영상의학과",K76,21638,23016,23015,3714908660,2598708290
2020,"진단방사선과,영상의학과",K77,19,20,20,3834600,2740200
2020,"진단방사선과,영상의학과",K80,4194,4500,4498,855129050,598906100
2020,"진단방사선과,영상의학과",K81,1374,1420,1419,314171870,219547830
2020,"진단방사선과,영상의학과",K82,2994,3127,3124,552797620,385230290
2020,"진단방사선과,영상의학과",K83,1301,1325,1325,297708780,208803080
2020,"진단방사선과,영상의학과",K85,660,678,678,162352590,114516650
2020,"진단방사선과,영상의학과",K86,3327,3455,3452,797656990,559700190
2020,"진단방사선과,영상의학과",K87,302,321,321,73835160,51582900
2020,"진단방사선과,영상의학과",K90,2,2,2,323320,226420
2020,"진단방사선과,영상의학과",K91,90,100,100,15432300,10874360
2020,"진단방사선과,영상의학과",K92,150,171,171,17730300,12462150
2020,"진단방사선과,영상의학과",K93,4,4,4,740060,518160
2020,"진단방사선과,영상의학과",L01,2,3,3,52160,36560
2020,"진단방사선과,영상의학과",L02,216,286,286,12765350,9106530
2020,"진단방사선과,영상의학과",L03,528,873,873,34068950,24486430
2020,"진단방사선과,영상의학과",L04,1597,1813,1813,105486760,74573690
2020,"진단방사선과,영상의학과",L05,5,7,7,120240,84540
2020,"진단방사선과,영상의학과",L08,72,118,118,2838420,2054720
2020,"진단방사선과,영상의학과",L11,1,2,2,34200,24000
2020,"진단방사선과,영상의학과",L13,6,7,7,124280,92280
2020,"진단방사선과,영상의학과",L20,124,169,169,3462030,2538930
2020,"진단방사선과,영상의학과",L21,35,84,84,1315920,1038720
2020,"진단방사선과,영상의학과",L23,178,270,270,6193300,4543200
2020,"진단방사선과,영상의학과",L24,13,19,19,280670,214770
2020,"진단방사선과,영상의학과",L25,85,213,213,4778940,3598340
2020,"진단방사선과,영상의학과",L27,16,17,17,536950,389750
2020,"진단방사선과,영상의학과",L28,23,50,50,1028540,738640
2020,"진단방사선과,영상의학과",L29,156,185,185,3762030,2698520
2020,"진단방사선과,영상의학과",L30,146,202,202,3165060,2364760
2020,"진단방사선과,영상의학과",L40,11,20,20,1193840,839240
2020,"진단방사선과,영상의학과",L50,630,1094,1094,34821250,25387420
2020,"진단방사선과,영상의학과",L53,2,2,2,27680,22680
2020,"진단방사선과,영상의학과",L55,3,3,3,36020,28820
2020,"진단방사선과,영상의학과",L56,28,29,29,8905680,5560970
2020,"진단방사선과,영상의학과",L60,44,148,148,4137540,3032940
2020,"진단방사선과,영상의학과",L63,8,22,22,574380,425380
2020,"진단방사선과,영상의학과",L64,7,9,9,139710,98110
2020,"진단방사선과,영상의학과",L65,16,43,43,619660,437760
2020,"진단방사선과,영상의학과",L66,2,3,3,48610,38710
2020,"진단방사선과,영상의학과",L70,24,40,40,558560,392760
2020,"진단방사선과,영상의학과",L72,194,197,197,4271720,3071720
2020,"진단방사선과,영상의학과",L73,1,1,1,11580,8180
2020,"진단방사선과,영상의학과",L74,1,1,1,20140,14140
2020,"진단방사선과,영상의학과",L80,1,1,1,11540,8140
2020,"진단방사선과,영상의학과",L81,1,1,1,16140,11340
2020,"진단방사선과,영상의학과",L83,2,2,2,397460,278260
2020,"진단방사선과,영상의학과",L84,32,101,101,4432610,3159310
2020,"진단방사선과,영상의학과",L85,15,18,18,353030,257530
2020,"진단방사선과,영상의학과",L89,4,10,10,831540,602540
2020,"진단방사선과,영상의학과",L90,7,7,7,134130,120930
2020,"진단방사선과,영상의학과",L91,11,26,26,474410,336610
2020,"진단방사선과,영상의학과",L92,58,66,66,2222810,1602510
2020,"진단방사선과,영상의학과",L93,1,1,1,16140,11340
2020,"진단방사선과,영상의학과",L94,5,5,5,214670,150570
2020,"진단방사선과,영상의학과",L95,2,2,2,32280,22680
2020,"진단방사선과,영상의학과",L98,53,56,56,1957910,1541610
2020,"진단방사선과,영상의학과",L99,4,4,4,164450,148350
2020,"진단방사선과,영상의학과",M00,74,84,84,23700320,16739720
2020,"진단방사선과,영상의학과",M01,5,8,18,2698870,1989100
2020,"진단방사선과,영상의학과",M02,12,14,14,373530,264430
2020,"진단방사선과,영상의학과",M03,1,1,1,115220,80720
2020,"진단방사선과,영상의학과",M05,22,32,32,3079370,2725370
2020,"진단방사선과,영상의학과",M06,134,226,226,6677550,4986150
2020,"진단방사선과,영상의학과",M07,2,2,2,32280,22680
2020,"진단방사선과,영상의학과",M08,3,3,3,377420,264320
2020,"진단방사선과,영상의학과",M10,246,526,526,12414030,8986330
2020,"진단방사선과,영상의학과",M11,11,11,11,724110,507310
2020,"진단방사선과,영상의학과",M12,74,76,76,4832270,3397070
2020,"진단방사선과,영상의학과",M13,2166,4161,4161,129216160,93449360
2020,"진단방사선과,영상의학과",M14,2,2,2,207860,154760
2020,"진단방사선과,영상의학과",M15,415,515,515,18042370,12975770
2020,"진단방사선과,영상의학과",M16,372,420,420,13727620,9859720
2020,"진단방사선과,영상의학과",M17,5719,10010,10064,354713190,255703040
2020,"진단방사선과,영상의학과",M18,4,4,4,80160,56260
2020,"진단방사선과,영상의학과",M19,1361,1760,1759,94464520,67147520
2020,"진단방사선과,영상의학과",M20,29,46,46,2147900,1543000
2020,"진단방사선과,영상의학과",M21,391,471,471,50646560,35597860
2020,"진단방사선과,영상의학과",M22,351,389,389,8186470,5815410
2020,"진단방사선과,영상의학과",M23,3022,3187,3187,84479190,60835390
2020,"진단방사선과,영상의학과",M24,2089,3341,3348,108433310,78732440
2020,"진단방사선과,영상의학과",M25,10474,10914,10914,781453840,552472960
2020,"진단방사선과,영상의학과",M30,3,3,3,49350,39450
2020,"진단방사선과,영상의학과",M31,4,5,5,1658900,1361100
2020,"진단방사선과,영상의학과",M32,10,11,11,2358440,1904340
2020,"진단방사선과,영상의학과",M33,4,4,4,99280,75880
2020,"진단방사선과,영상의학과",M34,3,3,3,957690,837590
2020,"진단방사선과,영상의학과",M35,27,34,34,4837290,3966990
2020,"진단방사선과,영상의학과",M40,650,662,662,36625060,24848450
2020,"진단방사선과,영상의학과",M41,3897,4174,4174,231709020,163028520
2020,"진단방사선과,영상의학과",M42,18,18,18,1012330,715930
2020,"진단방사선과,영상의학과",M43,1252,1649,1668,97880280,69855190
2020,"진단방사선과,영상의학과",M45,186,200,200,55002800,39974000
2020,"진단방사선과,영상의학과",M46,356,651,651,56594160,40107760
2020,"진단방사선과,영상의학과",M47,3551,6125,6305,266172810,189719250
2020,"진단방사선과,영상의학과",M48,6729,8628,8628,662622050,474184240
2020,"진단방사선과,영상의학과",M49,550,628,628,25051860,18391020
2020,"진단방사선과,영상의학과",M50,10733,13458,13544,1000712360,707062720
2020,"진단방사선과,영상의학과",M51,25375,29972,30049,2278342870,1609872530
2020,"진단방사선과,영상의학과",M53,1121,1157,1157,62503790,43398590
2020,"진단방사선과,영상의학과",M54,24250,34980,35010,1390435690,991438470
2020,"진단방사선과,영상의학과",M60,261,354,354,21787030,15418370
2020,"진단방사선과,영상의학과",M61,27,27,27,1914550,1341050
2020,"진단방사선과,영상의학과",M62,321,368,371,16589560,11721890
2020,"진단방사선과,영상의학과",M65,793,1100,1103,32670760,23377550
2020,"진단방사선과,영상의학과",M66,86,93,93,3463760,2476460
2020,"진단방사선과,영상의학과",M67,636,659,659,16889460,12101560
2020,"진단방사선과,영상의학과",M68,1,1,1,16140,11340
2020,"진단방사선과,영상의학과",M70,142,190,193,5471980,3921370
2020,"진단방사선과,영상의학과",M71,372,395,395,10312480,7407080
2020,"진단방사선과,영상의학과",M72,187,381,381,11283260,8065760
2020,"진단방사선과,영상의학과",M73,3,3,3,58690,46790
2020,"진단방사선과,영상의학과",M75,6271,7953,7980,233234560,167816750
2020,"진단방사선과,영상의학과",M76,202,221,221,4801120,3418720
2020,"진단방사선과,영상의학과",M77,1522,2311,2357,58849660,41968860
2020,"진단방사선과,영상의학과",M79,3581,4962,4963,130475570,94202240
2020,"진단방사선과,영상의학과",M80,99,345,345,11749070,8744170
2020,"진단방사선과,영상의학과",M81,9982,20865,20864,956651280,687730440
2020,"진단방사선과,영상의학과",M82,22,27,27,1157260,822060
2020,"진단방사선과,영상의학과",M83,60,81,81,3212650,2295250
2020,"진단방사선과,영상의학과",M84,328,398,398,37733960,26622960
2020,"진단방사선과,영상의학과",M85,159,180,180,13851840,9734440
2020,"진단방사선과,영상의학과",M86,87,88,88,25866500,18133000
2020,"진단방사선과,영상의학과",M87,324,356,356,16363620,11794320
2020,"진단방사선과,영상의학과",M88,1,1,1,120370,84270
2020,"진단방사선과,영상의학과",M89,397,510,510,14054800,9946600
2020,"진단방사선과,영상의학과",M90,13,14,14,1060770,745370
2020,"진단방사선과,영상의학과",M91,11,11,11,731530,528530
2020,"진단방사선과,영상의학과",M92,143,198,198,17442810,12224410
2020,"진단방사선과,영상의학과",M93,160,169,169,8770870,6252970
2020,"진단방사선과,영상의학과",M94,630,797,810,26208870,18599020
2020,"진단방사선과,영상의학과",M95,27,28,28,2175910,1540410
2020,"진단방사선과,영상의학과",M96,5,9,9,457540,327640
2020,"진단방사선과,영상의학과",M99,1495,1562,1562,117263450,83080550
2020,"진단방사선과,영상의학과",N00,9,17,17,952690,683990
2020,"진단방사선과,영상의학과",N01,1,1,0,14900,14900
2020,"진단방사선과,영상의학과",N02,929,952,952,209585700,146943420
2020,"진단방사선과,영상의학과",N03,7,7,7,1078910,753410
2020,"진단방사선과,영상의학과",N04,6,6,6,857760,598460
2020,"진단방사선과,영상의학과",N05,67,113,113,3212390,2416790
2020,"진단방사선과,영상의학과",N07,1,1,1,113720,79620
2020,"진단방사선과,영상의학과",N08,6,6,6,546790,414090
2020,"진단방사선과,영상의학과",N10,306,400,400,46916070,34229210
2020,"진단방사선과,영상의학과",N11,88,101,101,25051440,17534680
2020,"진단방사선과,영상의학과",N12,168,184,184,27492740,20397560
2020,"진단방사선과,영상의학과",N13,2417,2545,2544,538260150,379048270
2020,"진단방사선과,영상의학과",N14,1,1,1,107370,75170
2020,"진단방사선과,영상의학과",N15,36,37,37,7398250,5169290
2020,"진단방사선과,영상의학과",N17,12,12,12,1130270,794970
2020,"진단방사선과,영상의학과",N18,1725,3336,3336,5763987840,5200640820
2020,"진단방사선과,영상의학과",N19,99,132,132,9614410,7258370
2020,"진단방사선과,영상의학과",N20,6920,8650,8649,1276207950,895006810
2020,"진단방사선과,영상의학과",N21,445,459,459,85820800,60081360
2020,"진단방사선과,영상의학과",N22,5,5,5,1047200,733300
2020,"진단방사선과,영상의학과",N23,150,157,157,23536500,16461000
2020,"진단방사선과,영상의학과",N25,1,1,1,89410,62610
2020,"진단방사선과,영상의학과",N26,17,17,17,2780840,1947440
2020,"진단방사선과,영상의학과",N27,18,19,19,3313950,2328370
2020,"진단방사선과,영상의학과",N28,2533,2583,2583,516093970,362577770
2020,"진단방사선과,영상의학과",N29,12,12,12,1991780,1397180
2020,"진단방사선과,영상의학과",N30,989,1540,1540,74031950,53226670
2020,"진단방사선과,영상의학과",N31,261,339,339,10106280,7312880
2020,"진단방사선과,영상의학과",N32,92,104,104,11088780,7955760
2020,"진단방사선과,영상의학과",N33,3,4,4,124710,88910
2020,"진단방사선과,영상의학과",N34,15,24,24,940360,707260
2020,"진단방사선과,영상의학과",N35,2,2,2,159180,111480
2020,"진단방사선과,영상의학과",N36,6,7,7,412580,288980
2020,"진단방사선과,영상의학과",N39,522,601,601,54332110,41430150
2020,"진단방사선과,영상의학과",N40,2310,3666,3665,1150858800,440857630
2020,"진단방사선과,영상의학과",N41,71,180,180,11006430,7837750
2020,"진단방사선과,영상의학과",N42,78,95,95,9306800,6626800
2020,"진단방사선과,영상의학과",N43,137,140,140,14017970,11104130
2020,"진단방사선과,영상의학과",N44,18,19,19,1632980,1176480
2020,"진단방사선과,영상의학과",N45,403,413,413,32128690,22612010
2020,"진단방사선과,영상의학과",N46,3,3,3,163080,114280
2020,"진단방사선과,영상의학과",N48,21,21,21,1179980,829880
2020,"진단방사선과,영상의학과",N49,18,18,18,1666500,1170600
2020,"진단방사선과,영상의학과",N50,57,60,60,4220080,2962280
2020,"진단방사선과,영상의학과",N51,33,34,34,3038370,2089850
2020,"진단방사선과,영상의학과",N60,4183,4647,4646,223887320,157410670
2020,"진단방사선과,영상의학과",N61,237,373,372,12183760,8661460
2020,"진단방사선과,영상의학과",N62,285,318,318,13623200,9666000
2020,"진단방사선과,영상의학과",N63,4612,5915,5902,492216590,346487190
2020,"진단방사선과,영상의학과",N64,17387,19610,19582,996496030,702208060
2020,"진단방사선과,영상의학과",N70,87,89,89,16388110,11511870
2020,"진단방사선과,영상의학과",N71,32,34,34,1659150,1167350
2020,"진단방사선과,영상의학과",N72,19,21,21,595910,430810
2020,"진단방사선과,영상의학과",N73,163,179,179,33727650,23577710
2020,"진단방사선과,영상의학과",N74,19,23,23,2867200,2017700
2020,"진단방사선과,영상의학과",N75,2,2,2,64680,45380
2020,"진단방사선과,영상의학과",N76,362,655,655,15543850,11258560
2020,"진단방사선과,영상의학과",N77,19,28,28,811370,569370
2020,"진단방사선과,영상의학과",N80,401,414,414,104371380,72477640
2020,"진단방사선과,영상의학과",N81,4,4,4,787900,555700
2020,"진단방사선과,영상의학과",N83,689,723,723,116554210,81413590
2020,"진단방사선과,영상의학과",N84,51,56,56,8556680,5792690
2020,"진단방사선과,영상의학과",N85,57,62,62,7824120,5369580
2020,"진단방사선과,영상의학과",N86,1,1,1,23090,16190
2020,"진단방사선과,영상의학과",N87,65,81,81,4943240,3484540
2020,"진단방사선과,영상의학과",N88,10,14,14,681170,485070
2020,"진단방사선과,영상의학과",N89,5,6,6,569010,405310
2020,"진단방사선과,영상의학과",N91,49,49,49,8572910,5944790
2020,"진단방사선과,영상의학과",N92,122,145,147,22454490,15880390
2020,"진단방사선과,영상의학과",N93,55,61,61,6774580,4628610
2020,"진단방사선과,영상의학과",N94,64,71,71,6326840,4423390
2020,"진단방사선과,영상의학과",N95,821,1678,1678,48811500,34731180
2020,"진단방사선과,영상의학과",N97,10391,10445,10445,1158619310,808807400
2020,"진단방사선과,영상의학과",N99,2,2,2,222250,155650
2020,"진단방사선과,영상의학과",O00,3,3,3,423810,296810
2020,"진단방사선과,영상의학과",O01,1,1,1,147250,103150
2020,"진단방사선과,영상의학과",O21,1,1,1,16140,11340
2020,"진단방사선과,영상의학과",O26,2,2,2,354840,248540
2020,"진단방사선과,영상의학과",O28,298,305,305,79061220,71175320
2020,"진단방사선과,영상의학과",O30,30,31,31,11891890,10703890
2020,"진단방사선과,영상의학과",O33,1,1,1,24340,21940
2020,"진단방사선과,영상의학과",O35,1,1,1,16140,11340
2020,"진단방사선과,영상의학과",O66,1,1,1,16140,11340
2020,"진단방사선과,영상의학과",O72,1,1,1,218580,153080
2020,"진단방사선과,영상의학과",O91,15,23,23,966640,677740
2020,"진단방사선과,영상의학과",O92,5,5,5,554600,388400
2020,"진단방사선과,영상의학과",O99,2,3,3,37140,26140
2020,"진단방사선과,영상의학과",P07,6,8,8,151280,143880
2020,"진단방사선과,영상의학과",P12,1,1,1,18410,17510
2020,"진단방사선과,영상의학과",P13,2,3,3,76900,69500
2020,"진단방사선과,영상의학과",P23,1,1,1,11970,8470
2020,"진단방사선과,영상의학과",P27,1,1,1,245790,221290
2020,"진단방사선과,영상의학과",P28,89,93,93,14384590,10248190
2020,"진단방사선과,영상의학과",P39,27,28,28,3427480,3221480
2020,"진단방사선과,영상의학과",P54,1,1,1,265430,209730
2020,"진단방사선과,영상의학과",P59,9,9,9,1625100,1520700
2020,"진단방사선과,영상의학과",P83,31,33,33,2416800,2183500
2020,"진단방사선과,영상의학과",P91,1,1,1,157990,150190
2020,"진단방사선과,영상의학과",P92,30,30,30,4687970,4367590
2020,"진단방사선과,영상의학과",Q03,1,1,1,18410,17510
2020,"진단방사선과,영상의학과",Q04,47,48,48,20305220,12814740
2020,"진단방사선과,영상의학과",Q05,22,22,22,1532180,1418380
2020,"진단방사선과,영상의학과",Q06,5,5,5,615360,584760
2020,"진단방사선과,영상의학과",Q07,7,8,8,1513530,1237830
2020,"진단방사선과,영상의학과",Q15,1,3,3,0,0
2020,"진단방사선과,영상의학과",Q16,12,12,12,1767260,1263360
2020,"진단방사선과,영상의학과",Q17,17,17,17,2647910,2321810
2020,"진단방사선과,영상의학과",Q18,40,42,42,5104620,4127840
2020,"진단방사선과,영상의학과",Q20,3,3,3,547960,383760
2020,"진단방사선과,영상의학과",Q21,4,4,4,78880,55280
2020,"진단방사선과,영상의학과",Q23,1,1,1,426070,298270
2020,"진단방사선과,영상의학과",Q24,3,3,3,505310,406110
2020,"진단방사선과,영상의학과",Q25,15,16,16,3510750,2458250
2020,"진단방사선과,영상의학과",Q26,20,21,21,5359250,3818230
2020,"진단방사선과,영상의학과",Q27,28,32,32,7248170,5189830
2020,"진단방사선과,영상의학과",Q28,208,221,221,109048680,73919550
2020,"진단방사선과,영상의학과",Q31,3,3,3,383850,268850
2020,"진단방사선과,영상의학과",Q32,4,4,4,781310,547110
2020,"진단방사선과,영상의학과",Q33,12,12,12,2057200,1440400
2020,"진단방사선과,영상의학과",Q34,9,9,9,2042100,1429900
2020,"진단방사선과,영상의학과",Q38,1,2,2,237410,169210
2020,"진단방사선과,영상의학과",Q39,8,8,8,1051300,772900
2020,"진단방사선과,영상의학과",Q40,16,18,18,3148420,2780920
2020,"진단방사선과,영상의학과",Q43,5,6,6,1246760,1021260
2020,"진단방사선과,영상의학과",Q44,1098,1140,1139,251368950,176738110
2020,"진단방사선과,영상의학과",Q45,16,16,16,3453610,2413610
2020,"진단방사선과,영상의학과",Q50,13,15,15,2135950,1385210
2020,"진단방사선과,영상의학과",Q51,25,25,25,7451640,5219740
2020,"진단방사선과,영상의학과",Q52,4,4,4,279490,195790
2020,"진단방사선과,영상의학과",Q53,42,42,42,4757980,3795040
2020,"진단방사선과,영상의학과",Q55,8,9,9,1502930,1093330
2020,"진단방사선과,영상의학과",Q60,21,21,21,4328020,3037280
2020,"진단방사선과,영상의학과",Q61,361,383,383,73659160,52008700
2020,"진단방사선과,영상의학과",Q62,108,121,121,22166770,17385770
2020,"진단방사선과,영상의학과",Q63,60,61,61,13345220,9365920
2020,"진단방사선과,영상의학과",Q64,25,25,25,5785990,4064350
2020,"진단방사선과,영상의학과",Q65,36,37,37,1466770,1304270
2020,"진단방사선과,영상의학과",Q66,11,12,12,1145790,822990
2020,"진단방사선과,영상의학과",Q67,23,23,23,2004720,1474020
2020,"진단방사선과,영상의학과",Q68,14,14,14,1002860,741260
2020,"진단방사선과,영상의학과",Q69,1,1,1,32170,25470
2020,"진단방사선과,영상의학과",Q70,1,1,1,16140,11340
2020,"진단방사선과,영상의학과",Q74,3,3,3,242670,170070
2020,"진단방사선과,영상의학과",Q75,6,6,6,487320,359920
2020,"진단방사선과,영상의학과",Q76,95,97,97,4934610,3784110
2020,"진단방사선과,영상의학과",Q77,1,1,1,29270,20570
2020,"진단방사선과,영상의학과",Q78,15,15,15,2457050,1720750
2020,"진단방사선과,영상의학과",Q79,9,9,9,1465640,1050140
2020,"진단방사선과,영상의학과",Q82,107,107,107,14610890,13868290
2020,"진단방사선과,영상의학과",Q83,79,83,82,2524320,1777720
2020,"진단방사선과,영상의학과",Q85,31,33,33,11177190,9358830
2020,"진단방사선과,영상의학과",Q87,2,2,2,147210,132510
2020,"진단방사선과,영상의학과",Q89,86,94,94,15165830,10637350
2020,"진단방사선과,영상의학과",Q96,4,6,6,899280,665780
2020,"진단방사선과,영상의학과",Q98,1,1,1,61720,43220
2020,"진단방사선과,영상의학과",Q99,1,1,1,313230,219330
2020,"진단방사선과,영상의학과",R00,244,269,269,12313920,8804280
2020,"진단방사선과,영상의학과",R03,202,229,229,5055170,3912270
2020,"진단방사선과,영상의학과",R04,990,1019,1019,129336420,91030440
2020,"진단방사선과,영상의학과",R05,11586,12203,12203,613667280,433214520
2020,"진단방사선과,영상의학과",R06,2133,2495,2495,157907110,114246770
2020,"진단방사선과,영상의학과",R07,17133,18364,18363,1053718950,745155230
2020,"진단방사선과,영상의학과",R09,714,755,755,62869030,44336650
2020,"진단방사선과,영상의학과",R10,21552,23025,23023,3429865840,2406789390
2020,"진단방사선과,영상의학과",R11,392,493,493,53670790,38079230
2020,"진단방사선과,영상의학과",R12,51,61,61,2443740,1754440
2020,"진단방사선과,영상의학과",R13,78,84,84,8415710,5913070
2020,"진단방사선과,영상의학과",R14,207,231,231,20593140,14649540
2020,"진단방사선과,영상의학과",R15,2,2,2,37570,29570
2020,"진단방사선과,영상의학과",R16,171,174,174,33652340,23679560
2020,"진단방사선과,영상의학과",R17,188,198,198,36910600,25957620
2020,"진단방사선과,영상의학과",R18,136,139,139,29529930,20685450
2020,"진단방사선과,영상의학과",R19,912,1167,1167,129972680,89254440
2020,"진단방사선과,영상의학과",R20,151,151,151,56821060,32172000
2020,"진단방사선과,영상의학과",R21,1,2,2,27680,24580
2020,"진단방사선과,영상의학과",R22,2558,2664,2664,249979920,177483960
2020,"진단방사선과,영상의학과",R23,63,64,64,1181670,1028470
2020,"진단방사선과,영상의학과",R25,246,255,254,91668290,57514250
2020,"진단방사선과,영상의학과",R26,158,167,167,64315950,42605100
2020,"진단방사선과,영상의학과",R27,51,51,51,28538830,19667270
2020,"진단방사선과,영상의학과",R29,52,52,52,17434170,11909050
2020,"진단방사선과,영상의학과",R30,144,186,186,12231300,8725000
2020,"진단방사선과,영상의학과",R31,4442,4577,4577,903576580,634253940
2020,"진단방사선과,영상의학과",R32,23,25,25,1147500,791700
2020,"진단방사선과,영상의학과",R33,5,5,5,87900,64900
2020,"진단방사선과,영상의학과",R35,65,85,85,6320610,4500230
2020,"진단방사선과,영상의학과",R39,64,78,78,5476000,3824570
2020,"진단방사선과,영상의학과",R40,12,12,12,3747430,2624830
2020,"진단방사선과,영상의학과",R41,957,970,970,249596250,169453940
2020,"진단방사선과,영상의학과",R42,5081,5307,5306,1650080370,862581100
2020,"진단방사선과,영상의학과",R43,18,18,18,4780390,2710610
2020,"진단방사선과,영상의학과",R44,121,122,122,42687310,18276270
2020,"진단방사선과,영상의학과",R45,29,34,34,2228470,1581570
2020,"진단방사선과,영상의학과",R46,1,1,1,16140,11340
2020,"진단방사선과,영상의학과",R47,190,192,192,94718870,63202370
2020,"진단방사선과,영상의학과",R48,2,2,2,919810,641770
2020,"진단방사선과,영상의학과",R49,40,40,40,5190630,3328630
2020,"진단방사선과,영상의학과",R50,174,181,181,18438410,13326690
2020,"진단방사선과,영상의학과",R51,12318,12994,12994,3927034350,1955549240
2020,"진단방사선과,영상의학과",R52,426,472,472,29006220,20135570
2020,"진단방사선과,영상의학과",R53,494,553,553,77549840,52503250
2020,"진단방사선과,영상의학과",R55,564,569,569,261764640,175977760
2020,"진단방사선과,영상의학과",R56,40,41,41,15555160,10495060
2020,"진단방사선과,영상의학과",R57,4,11,11,434160,315360
2020,"진단방사선과,영상의학과",R58,1,6,6,202680,152480
2020,"진단방사선과,영상의학과",R59,1084,1148,1146,98699510,69617950
2020,"진단방사선과,영상의학과",R60,265,399,397,19278450,13709270
2020,"진단방사선과,영상의학과",R61,5,5,5,123240,91540
2020,"진단방사선과,영상의학과",R62,3,3,3,949830,758230
2020,"진단방사선과,영상의학과",R63,415,496,496,81076600,56524000
2020,"진단방사선과,영상의학과",R68,156,185,185,3807230,2832830
2020,"진단방사선과,영상의학과",R71,4,4,4,94310,70110
2020,"진단방사선과,영상의학과",R72,44,50,50,1448650,1042050
2020,"진단방사선과,영상의학과",R73,740,991,990,27244440,20257360
2020,"진단방사선과,영상의학과",R74,213,220,220,36623890,25707050
2020,"진단방사선과,영상의학과",R76,104,126,126,17613690,12344390
2020,"진단방사선과,영상의학과",R77,244,286,286,44969910,31287950
2020,"진단방사선과,영상의학과",R78,2,2,2,37400,26300
2020,"진단방사선과,영상의학과",R79,104,114,114,16696810,11672350
2020,"진단방사선과,영상의학과",R80,124,141,141,6501050,4669150
2020,"진단방사선과,영상의학과",R81,63,79,79,2514260,1848860
2020,"진단방사선과,영상의학과",R82,42,53,53,3248150,2442350
2020,"진단방사선과,영상의학과",R83,1,1,1,100130,70130
2020,"진단방사선과,영상의학과",R84,7,7,7,357450,253650
2020,"진단방사선과,영상의학과",R85,1,1,1,219560,151520
2020,"진단방사선과,영상의학과",R86,5,5,5,1146830,803030
2020,"진단방사선과,영상의학과",R87,37,64,64,4512890,3170590
2020,"진단방사선과,영상의학과",R89,244,411,409,54501210,38277410
2020,"진단방사선과,영상의학과",R90,452,466,466,145647970,79838160
2020,"진단방사선과,영상의학과",R91,11944,12244,12240,1778870200,1242283110
2020,"진단방사선과,영상의학과",R92,4217,4507,4500,242841610,170686650
2020,"진단방사선과,영상의학과",R93,9630,9804,9804,2035966610,1421999120
2020,"진단방사선과,영상의학과",R94,3276,3552,3552,418592470,293093380
2020,"진단방사선과,영상의학과",S00,2059,2119,2122,197032290,138335460
2020,"진단방사선과,영상의학과",S01,118,219,219,10654750,7649350
2020,"진단방사선과,영상의학과",S02,2074,2111,2110,261153460,184348460
2020,"진단방사선과,영상의학과",S03,77,83,83,4261140,3030740
2020,"진단방사선과,영상의학과",S04,5,5,5,2647900,1853800
2020,"진단방사선과,영상의학과",S05,377,381,381,44754500,31163170
2020,"진단방사선과,영상의학과",S06,4889,5040,5055,665977150,451165180
2020,"진단방사선과,영상의학과",S07,11,13,13,1144780,801780
2020,"진단방사선과,영상의학과",S09,146,153,153,14867300,10336300
2020,"진단방사선과,영상의학과",S10,20,21,21,1353700,951000
2020,"진단방사선과,영상의학과",S11,2,2,2,64480,45280
2020,"진단방사선과,영상의학과",S12,82,84,84,17537790,12280190
2020,"진단방사선과,영상의학과",S13,4663,5297,5378,255145700,179078280
2020,"진단방사선과,영상의학과",S14,18,19,19,4767830,3338030
2020,"진단방사선과,영상의학과",S15,2,2,2,225290,157790
2020,"진단방사선과,영상의학과",S17,2,2,2,141570,99170
2020,"진단방사선과,영상의학과",S19,3,3,3,43820,34020
2020,"진단방사선과,영상의학과",S20,1768,1915,1922,149411400,104985780
2020,"진단방사선과,영상의학과",S21,6,16,16,378560,283260
2020,"진단방사선과,영상의학과",S22,13987,15200,15247,2296232960,1614208600
2020,"진단방사선과,영상의학과",S23,3127,3460,3464,234279170,165361830
2020,"진단방사선과,영상의학과",S24,3,3,3,307300,215200
2020,"진단방사선과,영상의학과",S27,80,90,90,13288080,8874840
2020,"진단방사선과,영상의학과",S29,159,160,160,19530940,13682440
2020,"진단방사선과,영상의학과",S30,388,444,444,40841280,28926400
2020,"진단방사선과,영상의학과",S31,12,38,38,1011980,765280
2020,"진단방사선과,영상의학과",S32,8510,8847,8870,1819488300,1280242940
2020,"진단방사선과,영상의학과",S33,6201,7141,7296,389305340,275776100
2020,"진단방사선과,영상의학과",S34,1,1,1,11540,10040
2020,"진단방사선과,영상의학과",S35,7,9,9,1068410,748310
2020,"진단방사선과,영상의학과",S36,26,27,27,8568380,6038120
2020,"진단방사선과,영상의학과",S37,23,24,24,4821910,3371870
2020,"진단방사선과,영상의학과",S39,59,62,62,4785050,3375710
2020,"진단방사선과,영상의학과",S40,226,257,257,13342310,9445310
2020,"진단방사선과,영상의학과",S41,5,11,11,223130,160130
2020,"진단방사선과,영상의학과",S42,1315,1446,1459,165930460,117198430
2020,"진단방사선과,영상의학과",S43,3282,3642,3666,123805680,87790380
2020,"진단방사선과,영상의학과",S45,2,6,6,214010,156010
2020,"진단방사선과,영상의학과",S46,2546,3072,3174,96944160,70403730
2020,"진단방사선과,영상의학과",S49,94,96,96,3398250,2416250
2020,"진단방사선과,영상의학과",S50,435,475,475,27884690,19718490
2020,"진단방사선과,영상의학과",S51,8,39,39,869030,623130
2020,"진단방사선과,영상의학과",S52,2706,2803,2803,356671670,250788170
2020,"진단방사선과,영상의학과",S53,1042,1321,1321,54468050,38471350
2020,"진단방사선과,영상의학과",S54,6,14,14,853700,312600
2020,"진단방사선과,영상의학과",S55,1,1,1,16140,11340
2020,"진단방사선과,영상의학과",S56,93,134,145,5456330,3981250
2020,"진단방사선과,영상의학과",S59,11,11,11,563720,397720
2020,"진단방사선과,영상의학과",S60,863,943,943,61409000,43243000
2020,"진단방사선과,영상의학과",S61,153,426,438,15636950,11315320
2020,"진단방사선과,영상의학과",S62,2876,3010,3010,361056790,253540050
2020,"진단방사선과,영상의학과",S63,2692,3095,3103,154352630,108949710
2020,"진단방사선과,영상의학과",S64,4,4,13,1413300,1094030
2020,"진단방사선과,영상의학과",S65,9,35,35,681010,517610
2020,"진단방사선과,영상의학과",S66,157,180,180,8973200,6364100
2020,"진단방사선과,영상의학과",S67,9,20,70,8229020,6348640
2020,"진단방사선과,영상의학과",S68,11,13,31,4199780,3199020
2020,"진단방사선과,영상의학과",S69,138,140,140,5414330,3854830
2020,"진단방사선과,영상의학과",S70,361,400,400,29070600,20635600
2020,"진단방사선과,영상의학과",S71,2,2,2,49220,34620
2020,"진단방사선과,영상의학과",S72,505,616,616,74185290,52776650
2020,"진단방사선과,영상의학과",S73,497,592,592,24382730,17416730
2020,"진단방사선과,영상의학과",S74,1,1,1,16140,11340
2020,"진단방사선과,영상의학과",S75,4,4,4,101090,70890
2020,"진단방사선과,영상의학과",S76,391,457,457,21449930,15103130
2020,"진단방사선과,영상의학과",S79,26,26,26,1535190,1075690
2020,"진단방사선과,영상의학과",S80,1714,1862,1865,78652300,55792510
2020,"진단방사선과,영상의학과",S81,37,113,113,3686440,2662240
2020,"진단방사선과,영상의학과",S82,2837,2963,2963,430545630,302723930
2020,"진단방사선과,영상의학과",S83,10250,10663,10711,2352274360,1649431230
2020,"진단방사선과,영상의학과",S84,2,2,2,36280,28680
2020,"진단방사선과,영상의학과",S85,4,4,4,493320,348720
2020,"진단방사선과,영상의학과",S86,446,532,532,19140550,13588550
2020,"진단방사선과,영상의학과",S87,2,2,2,32280,25880
2020,"진단방사선과,영상의학과",S89,174,182,182,4790770,3386870
2020,"진단방사선과,영상의학과",S90,1467,1566,1566,85970790,60304920
2020,"진단방사선과,영상의학과",S91,27,49,49,1450150,1060150
2020,"진단방사선과,영상의학과",S92,4840,5167,5167,624713020,438457720
2020,"진단방사선과,영상의학과",S93,4553,5177,5217,275588480,194773650
2020,"진단방사선과,영상의학과",S94,1,1,1,290400,203300
2020,"진단방사선과,영상의학과",S95,2,6,6,132940,105640
2020,"진단방사선과,영상의학과",S96,332,340,340,18159320,12774620
2020,"진단방사선과,영상의학과",S97,8,8,8,879970,616170
2020,"진단방사선과,영상의학과",S98,1,1,1,252590,176890
2020,"진단방사선과,영상의학과",S99,110,117,117,5960290,4210090
2020,"진단방사선과,영상의학과",T00,19,75,75,3949650,2777150
2020,"진단방사선과,영상의학과",T03,231,249,249,10027570,7136270
2020,"진단방사선과,영상의학과",T08,28,29,29,5202040,3651440
2020,"진단방사선과,영상의학과",T09,1,1,1,119820,83920
2020,"진단방사선과,영상의학과",T10,3,3,3,361110,252810
2020,"진단방사선과,영상의학과",T11,3,3,3,73410,53710
2020,"진단방사선과,영상의학과",T12,1,1,1,34620,24320
2020,"진단방사선과,영상의학과",T13,10,10,10,455280,324480
2020,"진단방사선과,영상의학과",T14,187,197,197,31064620,21778800
2020,"진단방사선과,영상의학과",T15,8,8,8,703970,495370
2020,"진단방사선과,영상의학과",T17,66,69,69,5893270,4363970
2020,"진단방사선과,영상의학과",T18,153,172,172,6809950,4913650
2020,"진단방사선과,영상의학과",T19,7,7,7,271480,190380
2020,"진단방사선과,영상의학과",T20,5,14,14,840260,588760
2020,"진단방사선과,영상의학과",T21,3,3,3,195910,137310
2020,"진단방사선과,영상의학과",T22,12,40,40,2215300,1664300
2020,"진단방사선과,영상의학과",T23,24,52,52,2555640,1799240
2020,"진단방사선과,영상의학과",T24,7,20,20,1019720,714520
2020,"진단방사선과,영상의학과",T25,12,34,34,2211730,1555530
2020,"진단방사선과,영상의학과",T29,2,2,2,119330,83630
2020,"진단방사선과,영상의학과",T30,4,5,5,317020,223920
2020,"진단방사선과,영상의학과",T33,1,1,1,20140,14140
2020,"진단방사선과,영상의학과",T56,1,1,1,16140,11340
2020,"진단방사선과,영상의학과",T67,10,20,20,319550,224550
2020,"진단방사선과,영상의학과",T70,1,1,1,119790,83890
2020,"진단방사선과,영상의학과",T73,16,18,18,286640,201440
2020,"진단방사선과,영상의학과",T75,8,9,9,169180,118780
2020,"진단방사선과,영상의학과",T78,36,40,40,3217400,2258120
2020,"진단방사선과,영상의학과",T79,4,4,4,252770,177070
2020,"진단방사선과,영상의학과",T80,2,3,3,39240,27640
2020,"진단방사선과,영상의학과",T81,51,55,55,1549950,1091150
2020,"진단방사선과,영상의학과",T82,1,4,4,1518570,1366870
2020,"진단방사선과,영상의학과",T83,4,4,4,195510,137110
2020,"진단방사선과,영상의학과",T84,8,8,8,863630,604830
2020,"진단방사선과,영상의학과",T85,12,14,14,392460,275360
2020,"진단방사선과,영상의학과",T87,1,1,1,16140,11340
2020,"진단방사선과,영상의학과",T88,4,4,4,630070,441170
2020,"진단방사선과,영상의학과",T90,8,8,8,1431940,1002540
2020,"진단방사선과,영상의학과",T91,48,54,54,3799520,2738620
2020,"진단방사선과,영상의학과",T92,6,7,7,265560,189960
2020,"진단방사선과,영상의학과",T93,7,7,7,656240,462840
2020,"진단방사선과,영상의학과",T98,2,2,2,32280,22680
2020,"진단방사선과,영상의학과",Z00,1262,1294,1294,136361400,95771360
2020,"진단방사선과,영상의학과",Z01,944,991,990,35502830,25489930
2020,"진단방사선과,영상의학과",Z02,4,4,4,0,0
2020,"진단방사선과,영상의학과",Z03,1270,1322,1322,165959940,116808250
2020,"진단방사선과,영상의학과",Z04,73,74,74,1833600,1325000
2020,"진단방사선과,영상의학과",Z08,82,85,85,15378870,12651110
2020,"진단방사선과,영상의학과",Z09,1160,1172,1171,31721960,22857970
2020,"진단방사선과,영상의학과",Z10,289,289,289,10091420,7084220
2020,"진단방사선과,영상의학과",Z11,92,95,95,8171080,5782180
2020,"진단방사선과,영상의학과",Z12,2,2,2,32280,22680
2020,"진단방사선과,영상의학과",Z13,44,44,44,8582080,6023780
2020,"진단방사선과,영상의학과",Z20,46,46,46,2926430,2055230
2020,"진단방사선과,영상의학과",Z22,8,10,10,1278990,897790
2020,"진단방사선과,영상의학과",Z24,3,3,3,88330,61930
2020,"진단방사선과,영상의학과",Z25,4,4,4,151140,111140
2020,"진단방사선과,영상의학과",Z26,25,25,25,600610,432210
2020,"진단방사선과,영상의학과",Z30,10,10,10,302250,212150
2020,"진단방사선과,영상의학과",Z31,1,1,1,34110,23910
2020,"진단방사선과,영상의학과",Z33,2,2,2,126000,93200
2020,"진단방사선과,영상의학과",Z34,56,56,56,1494120,1311820
2020,"진단방사선과,영상의학과",Z36,3,4,4,231110,162010
2020,"진단방사선과,영상의학과",Z41,3,3,3,142020,99520
2020,"진단방사선과,영상의학과",Z47,3,4,4,388290,275190
2020,"진단방사선과,영상의학과",Z48,2,3,3,147560,107860
2020,"진단방사선과,영상의학과",Z49,2,2,2,270240,189240
2020,"진단방사선과,영상의학과",Z51,9,9,9,545120,379720
2020,"진단방사선과,영상의학과",Z52,16,17,17,2015220,1411420
2020,"진단방사선과,영상의학과",Z54,2,2,2,147250,103150
2020,"진단방사선과,영상의학과",Z71,1748,1833,1833,29345810,21929110
2020,"진단방사선과,영상의학과",Z72,1,1,1,24450,17150
2020,"진단방사선과,영상의학과",Z80,73,84,84,7553690,5317790
2020,"진단방사선과,영상의학과",Z82,14,14,14,6631370,4318300
2020,"진단방사선과,영상의학과",Z84,1,1,1,16140,11340
2020,"진단방사선과,영상의학과",Z85,107,111,111,22631790,16102590
2020,"진단방사선과,영상의학과",Z86,1,1,1,26580,18680
2020,"진단방사선과,영상의학과",Z87,1,1,1,123150,86250
2020,"진단방사선과,영상의학과",Z88,2,2,2,25270,20370
2020,"진단방사선과,영상의학과",Z90,5,5,5,494880,346680
2020,"진단방사선과,영상의학과",Z91,2,2,2,819110,573410
2020,"진단방사선과,영상의학과",Z92,2,2,2,141860,103260
2020,"진단방사선과,영상의학과",Z94,19,29,29,3545990,2594990
2020,"진단방사선과,영상의학과",Z95,11,17,17,1826770,1273050
2020,"진단방사선과,영상의학과",Z96,19,20,20,761830,547630
2020,"진단방사선과,영상의학과",Z97,2,2,2,45960,32260
2020,"진단방사선과,영상의학과",Z98,123,132,132,16540060,11859620
2020,"진단방사선과,영상의학과",Z99,3,3,3,465630,326130
2020,병리과,E05,2,3,3,292960,205260
2020,병리과,E14,1,1,1,51560,36160
2020,병리과,E50,1,1,1,11540,8140
2020,병리과,E78,3,7,7,111090,78090
2020,병리과,F51,3,16,16,189240,146140
2020,병리과,G43,1,4,4,53280,37480
2020,병리과,I10,3,10,10,48680,34280
2020,병리과,J03,3,4,4,37140,26140
2020,병리과,J20,1,3,3,43820,30820
2020,병리과,J30,1,1,1,16140,11340
2020,병리과,K76,23,28,28,2526730,1769930
2020,병리과,M17,2,2,2,36000,25300
2020,병리과,N40,2,5,5,80700,56700
2020,병리과,R60,1,1,1,23870,16770
2020,진단검사의학과,A09,122,151,151,2332760,1710760
2020,진단검사의학과,A56,2,4,4,55420,39020
2020,진단검사의학과,A59,1,1,1,16140,14540
2020,진단검사의학과,A60,3,3,3,137470,96370
2020,진단검사의학과,A63,4,4,4,320490,224590
2020,진단검사의학과,A75,1,4,4,67670,47470
2020,진단검사의학과,B00,52,110,110,1820610,1373010
2020,진단검사의학과,B02,31,133,133,2097320,1649920
2020,진단검사의학과,B18,24,66,66,2987490,2146090
2020,진단검사의학과,B35,163,668,668,9434580,7423480
2020,진단검사의학과,B36,1,3,3,39220,27620
2020,진단검사의학과,B37,5,6,6,179010,127810
2020,진단검사의학과,C16,1,1,1,37970,26670
2020,진단검사의학과,C22,1,1,1,45280,36280
2020,진단검사의학과,C24,1,1,1,16140,14540
2020,진단검사의학과,C25,1,1,1,14060,12560
2020,진단검사의학과,C61,3,8,8,378720,300420
2020,진단검사의학과,D17,3,3,3,51700,43400
2020,진단검사의학과,D21,1,1,1,16140,11340
2020,진단검사의학과,D23,13,18,18,749780,534080
2020,진단검사의학과,D50,44,90,90,2134510,1555910
2020,진단검사의학과,D51,3,7,7,147090,118990
2020,진단검사의학과,D53,21,21,21,619890,451790
2020,진단검사의학과,D64,2,2,2,91290,63990
2020,진단검사의학과,D69,7,8,8,393520,275920
2020,진단검사의학과,E03,31,72,72,2277280,1619580
2020,진단검사의학과,E04,1,1,1,13620,9620
2020,진단검사의학과,E05,9,25,25,578700,446300
2020,진단검사의학과,E06,4,9,9,305110,214210
2020,진단검사의학과,E10,10,30,30,582860,476860
2020,진단검사의학과,E11,235,2730,2730,56466800,48545100
2020,진단검사의학과,E14,3,4,4,109060,81660
2020,진단검사의학과,E23,1,12,12,182260,128160
2020,진단검사의학과,E55,33,40,40,578760,435360
2020,진단검사의학과,E78,272,797,797,15650560,11567460
2020,진단검사의학과,E79,7,13,13,184220,135320
2020,진단검사의학과,F00,6,31,31,589190,474490
2020,진단검사의학과,F06,2,3,3,43820,39120
2020,진단검사의학과,F32,3,7,7,91320,66220
2020,진단검사의학과,F41,18,41,41,576350,466750
2020,진단검사의학과,F45,4,4,4,55440,39040
2020,진단검사의학과,F51,5,39,39,479180,412280
2020,진단검사의학과,F52,3,4,4,0,0
2020,진단검사의학과,G10,1,1,1,16140,11340
2020,진단검사의학과,G20,1,6,6,71760,62760
2020,진단검사의학과,G24,2,2,2,32290,25890
2020,진단검사의학과,G25,13,20,20,308080,226780
2020,진단검사의학과,G31,111,545,545,7904820,6576420
2020,진단검사의학과,G40,1,3,3,44990,40290
2020,진단검사의학과,G43,5,15,15,250300,183100
2020,진단검사의학과,G44,28,56,56,1273810,922610
2020,진단검사의학과,G45,2,4,4,50760,42760
2020,진단검사의학과,G47,93,264,264,4025380,3166580
2020,진단검사의학과,G51,1,17,17,205820,180220
2020,진단검사의학과,G53,2,2,2,32280,22680
2020,진단검사의학과,G54,4,22,22,734690,515790
2020,진단검사의학과,G71,1,1,1,11540,8140
2020,진단검사의학과,H00,11,13,13,204900,144100
2020,진단검사의학과,H04,12,21,21,295330,217430
2020,진단검사의학과,H10,24,40,40,606830,482030
2020,진단검사의학과,H18,1,1,1,11540,10040
2020,진단검사의학과,H25,6,16,16,234890,203190
2020,진단검사의학과,H35,1,1,1,11540,8140
2020,진단검사의학과,H60,3,3,3,50870,35870
2020,진단검사의학과,H66,2,3,3,59210,41610
2020,진단검사의학과,H73,1,1,1,16140,11340
2020,진단검사의학과,H81,36,63,63,910610,716610
2020,진단검사의학과,H93,1,1,1,14060,9860
2020,진단검사의학과,I10,552,5696,5696,107926420,92600620
2020,진단검사의학과,I11,2,3,3,53390,51390
2020,진단검사의학과,I20,5,7,7,171320,125020
2020,진단검사의학과,I48,1,1,1,24050,16850
2020,진단검사의학과,I49,5,6,6,95750,83750
2020,진단검사의학과,I63,2,3,3,41300,36700
2020,진단검사의학과,I64,2,2,2,33150,27550
2020,진단검사의학과,I65,1,3,3,47690,40290
2020,진단검사의학과,I67,1,2,2,64320,47520
2020,진단검사의학과,I69,2,3,3,67230,52830
2020,진단검사의학과,I70,1,3,3,40940,28840
2020,진단검사의학과,I83,1,2,2,23080,20080
2020,진단검사의학과,I87,4,6,6,101790,81890
2020,진단검사의학과,I99,1,1,1,16140,11340
2020,진단검사의학과,J00,3,3,3,34620,28220
2020,진단검사의학과,J01,3,8,8,135650,95450
2020,진단검사의학과,J02,3,3,3,42820,35020
2020,진단검사의학과,J03,28,36,36,524070,392470
2020,진단검사의학과,J04,1,2,2,25640,22640
2020,진단검사의학과,J10,2,2,2,35060,24660
2020,진단검사의학과,J11,7,9,9,128590,90490
2020,진단검사의학과,J15,4,13,13,263620,185120
2020,진단검사의학과,J20,757,1690,1690,25567840,19217740
2020,진단검사의학과,J30,71,131,131,1892690,1479190
2020,진단검사의학과,J31,2,2,2,32280,22680
2020,진단검사의학과,J32,4,10,10,149960,108560
2020,진단검사의학과,J41,1,1,1,22910,16110
2020,진단검사의학과,J42,2,2,2,29790,26490
2020,진단검사의학과,J45,23,71,71,1011260,799960
2020,진단검사의학과,K05,1,1,1,13620,12120
2020,진단검사의학과,K07,3,8,8,101960,80160
2020,진단검사의학과,K11,1,1,1,20140,14140
2020,진단검사의학과,K12,16,27,27,392030,312230
2020,진단검사의학과,K14,1,3,3,48420,34020
2020,진단검사의학과,K21,78,174,174,2746820,2043920
2020,진단검사의학과,K25,6,20,20,305500,243400
2020,진단검사의학과,K27,73,224,224,3108560,2423760
2020,진단검사의학과,K29,344,563,563,8844350,6613850
2020,진단검사의학과,K30,5,6,6,82920,70520
2020,진단검사의학과,K31,5,6,6,87560,64760
2020,진단검사의학과,K52,2,3,3,54290,38190
2020,진단검사의학과,K56,1,3,3,37140,32640
2020,진단검사의학과,K58,63,97,97,1427640,1112840
2020,진단검사의학과,K59,25,43,43,635570,501170
2020,진단검사의학과,K64,4,16,16,224050,175150
2020,진단검사의학과,K66,1,1,1,23420,18820
2020,진단검사의학과,K71,55,174,174,3766830,2733530
2020,진단검사의학과,K73,4,12,12,392750,278750
2020,진단검사의학과,K74,10,11,11,414250,297550
2020,진단검사의학과,K75,23,57,57,1741190,1245090
2020,진단검사의학과,K76,118,172,172,5602300,3938000
2020,진단검사의학과,K86,1,1,1,11540,10040
2020,진단검사의학과,K92,1,1,1,64490,45190
2020,진단검사의학과,L01,1,1,1,18190,12790
2020,진단검사의학과,L02,79,207,207,4016250,2961750
2020,진단검사의학과,L03,85,269,269,5292280,4148680
2020,진단검사의학과,L04,33,58,58,914070,677970
2020,진단검사의학과,L08,54,113,113,1973640,1536240
2020,진단검사의학과,L20,10,18,18,274640,196740
2020,진단검사의학과,L21,25,55,55,849550,668650
2020,진단검사의학과,L23,461,1878,1878,28582660,22188860
2020,진단검사의학과,L26,1,4,4,65440,46040
2020,진단검사의학과,L29,2,2,2,23080,18180
2020,진단검사의학과,L30,7,12,12,160390,131390
2020,진단검사의학과,L40,3,30,30,447830,396730
2020,진단검사의학과,L50,13,28,28,445440,323040
2020,진단검사의학과,L51,1,4,4,99960,70160
2020,진단검사의학과,L60,3,13,13,352480,270680
2020,진단검사의학과,L63,6,21,21,685250,480550
2020,진단검사의학과,L65,2,5,5,66900,47100
2020,진단검사의학과,L70,6,19,19,285140,200540
2020,진단검사의학과,L72,3,3,3,43820,39120
2020,진단검사의학과,L80,1,1,1,20140,14140
2020,진단검사의학과,L81,2,2,2,32280,25880
2020,진단검사의학과,L82,1,1,1,20140,16140
2020,진단검사의학과,L84,20,62,62,1913250,1401050
2020,진단검사의학과,L85,2,5,5,67980,47880
2020,진단검사의학과,L89,2,4,4,103770,74770
2020,진단검사의학과,L91,1,1,1,16140,11340
2020,진단검사의학과,L94,1,1,1,16140,11340
2020,진단검사의학과,L95,1,1,1,16140,11340
2020,진단검사의학과,M06,2,3,3,111470,78270
2020,진단검사의학과,M10,17,88,88,1309820,951520
2020,진단검사의학과,M13,111,337,337,4825590,3921690
2020,진단검사의학과,M16,1,5,5,129710,91010
2020,진단검사의학과,M17,95,367,367,7151220,5414120
2020,진단검사의학과,M19,34,99,99,1656980,1283080
2020,진단검사의학과,M23,1,1,1,16140,11340
2020,진단검사의학과,M24,67,388,388,7820860,5732960
2020,진단검사의학과,M25,12,21,21,591760,433460
2020,진단검사의학과,M41,1,1,1,20140,14140
2020,진단검사의학과,M47,36,182,182,3220670,2546270
2020,진단검사의학과,M48,27,134,134,2512570,2038670
2020,진단검사의학과,M50,1,3,3,60840,42740
2020,진단검사의학과,M51,8,60,60,971010,683310
2020,진단검사의학과,M54,283,1141,1141,21735930,16075030
2020,진단검사의학과,M62,4,4,4,59960,50460
2020,진단검사의학과,M65,6,19,19,363090,261390
2020,진단검사의학과,M67,2,3,3,106600,74800
2020,진단검사의학과,M70,1,9,9,119650,84250
2020,진단검사의학과,M71,1,1,1,20140,16140
2020,진단검사의학과,M72,2,7,7,89780,79280
2020,진단검사의학과,M75,178,879,879,17012550,12475650
2020,진단검사의학과,M76,2,4,4,55360,38960
2020,진단검사의학과,M77,184,618,618,10413360,7652860
2020,진단검사의학과,M79,48,136,136,2854220,2058620
2020,진단검사의학과,M81,11,23,23,202380,171480
2020,진단검사의학과,M92,1,8,8,123200,86600
2020,진단검사의학과,N05,1,1,1,47060,32960
2020,진단검사의학과,N18,1,2,2,97520,68320
2020,진단검사의학과,N19,5,8,8,165950,128650
2020,진단검사의학과,N21,1,1,1,16140,14540
2020,진단검사의학과,N30,164,780,780,15790220,12064020
2020,진단검사의학과,N31,52,187,187,2613320,2132420
2020,진단검사의학과,N32,7,17,17,247250,196750
2020,진단검사의학과,N34,92,475,475,11333910,8375110
2020,진단검사의학과,N40,135,597,597,9076530,7195130
2020,진단검사의학과,N41,5,28,28,561210,400010
2020,진단검사의학과,N76,3,4,4,50790,35790
2020,진단검사의학과,N91,1,3,3,12630,9030
2020,진단검사의학과,N94,12,15,15,242940,170740
2020,진단검사의학과,N95,22,113,113,1520960,1206660
2020,진단검사의학과,R00,8,10,10,212000,154500
2020,진단검사의학과,R01,1,1,1,24050,16850
2020,진단검사의학과,R03,17,23,23,370370,289970
2020,진단검사의학과,R06,3,3,3,100610,76410
2020,진단검사의학과,R07,18,24,24,536340,386340
2020,진단검사의학과,R10,5,14,14,211740,173640
2020,진단검사의학과,R20,1,1,1,16140,11340
2020,진단검사의학과,R23,1,1,1,16140,11340
2020,진단검사의학과,R31,8,21,21,309070,264070
2020,진단검사의학과,R35,1,6,6,71760,62760
2020,진단검사의학과,R41,3,7,7,96820,82120
2020,진단검사의학과,R42,87,100,100,2002690,1480090
2020,진단검사의학과,R50,1,1,1,11540,10040
2020,진단검사의학과,R51,14,21,21,436050,320850
2020,진단검사의학과,R60,8,19,19,390410,281810
2020,진단검사의학과,R61,1,1,1,16140,11340
2020,진단검사의학과,R73,213,430,430,6420910,5275610
2020,진단검사의학과,R80,1,1,1,13560,9560
2020,진단검사의학과,R82,2,2,2,36320,25520
2020,진단검사의학과,S00,2,2,2,38750,30450
2020,진단검사의학과,S01,15,33,33,718950,521050
2020,진단검사의학과,S03,6,24,24,316070,251270
2020,진단검사의학과,S11,1,1,1,18010,12610
2020,진단검사의학과,S13,10,14,14,311600,221200
2020,진단검사의학과,S20,6,10,10,209310,152210
2020,진단검사의학과,S21,5,11,11,230690,171190
2020,진단검사의학과,S22,2,26,26,390370,337470
2020,진단검사의학과,S23,35,54,54,1148010,830410
2020,진단검사의학과,S31,7,9,9,198890,150090
2020,진단검사의학과,S32,1,2,2,36380,25580
2020,진단검사의학과,S33,79,225,225,4239080,3033280
2020,진단검사의학과,S40,1,5,5,90050,63050
2020,진단검사의학과,S41,1,2,2,38540,32640
2020,진단검사의학과,S42,1,11,11,147250,103650
2020,진단검사의학과,S43,23,106,106,1824330,1389730
2020,진단검사의학과,S50,1,1,1,27970,19670
2020,진단검사의학과,S51,2,4,4,91310,66610
2020,진단검사의학과,S52,5,21,21,578520,405920
2020,진단검사의학과,S53,26,71,71,1244590,917190
2020,진단검사의학과,S61,36,119,119,2320470,1739970
2020,진단검사의학과,S63,97,245,245,4624610,3312310
2020,진단검사의학과,S67,4,8,8,180580,139380
2020,진단검사의학과,S70,2,4,4,60570,52170
2020,진단검사의학과,S71,2,6,6,129960,91160
2020,진단검사의학과,S73,21,96,96,1740520,1275320
2020,진단검사의학과,S76,1,1,1,18440,12940
2020,진단검사의학과,S80,9,26,26,442240,314040
2020,진단검사의학과,S81,17,37,37,751650,547650
2020,진단검사의학과,S82,2,10,10,354490,248590
2020,진단검사의학과,S83,45,172,172,3056570,2233470
2020,진단검사의학과,S86,1,12,12,147080,126580
2020,진단검사의학과,S89,1,1,1,13840,9740
2020,진단검사의학과,S90,1,1,1,16140,11340
2020,진단검사의학과,S91,18,42,42,849400,645800
2020,진단검사의학과,S92,5,18,18,497030,362130
2020,진단검사의학과,S93,127,318,318,5218390,3879190
2020,진단검사의학과,S97,2,4,4,95030,69130
2020,진단검사의학과,T14,3,5,5,78390,60390
2020,진단검사의학과,T22,1,1,1,46990,32990
2020,진단검사의학과,T30,5,25,25,834220,603520
2020,진단검사의학과,T81,1,2,2,40620,34320
2020,진단검사의학과,Z03,1,1,1,11540,10040
2020,결핵과,A09,23,36,36,571200,411700
2020,결핵과,B00,16,16,16,255350,194750
2020,결핵과,B02,21,50,50,719160,558960
2020,결핵과,B35,125,164,164,2196540,1666340
2020,결핵과,C34,1,1,1,16140,14540
2020,결핵과,C49,1,2,2,29760,28360
2020,결핵과,C50,1,1,1,11540,10040
2020,결핵과,D17,1,1,1,16140,11340
2020,결핵과,D50,12,21,21,282760,216360
2020,결핵과,D64,1,1,1,13620,12120
2020,결핵과,E03,6,46,46,639120,451120
2020,결핵과,E05,2,9,9,190880,134280
2020,결핵과,E06,1,4,4,102570,72070
2020,결핵과,E07,10,13,13,549660,402860
2020,결핵과,E11,171,1243,1243,20268940,15944640
2020,결핵과,E58,1,1,1,16140,11340
2020,결핵과,E78,87,378,378,5357820,4028820
2020,결핵과,E89,2,7,7,94580,80580
2020,결핵과,F03,1,1,1,11540,10040
2020,결핵과,F06,9,17,17,240820,192620
2020,결핵과,F41,4,6,6,87370,64770
2020,결핵과,F51,49,173,173,2377880,1853480
2020,결핵과,F52,1,1,1,0,0
2020,결핵과,F63,1,1,1,16140,11340
2020,결핵과,G43,16,47,47,723170,508770
2020,결핵과,G47,1,1,1,16140,14540
2020,결핵과,G51,1,1,1,16140,11340
2020,결핵과,H10,6,6,6,96840,71240
2020,결핵과,H65,2,3,3,45760,34060
2020,결핵과,H81,2,5,5,76100,66300
2020,결핵과,H93,1,1,1,11540,8140
2020,결핵과,I10,523,4345,4345,65373440,51224940
2020,결핵과,I11,1,6,6,73400,64400
2020,결핵과,I20,2,2,2,32280,22680
2020,결핵과,I47,2,7,7,97860,69060
2020,결핵과,I48,1,4,4,52840,46740
2020,결핵과,I49,4,4,4,63270,44470
2020,결핵과,I64,1,1,1,17210,12110
2020,결핵과,I73,24,34,34,530730,421130
2020,결핵과,I82,1,1,1,14060,9860
2020,결핵과,J00,377,651,651,9839760,7573160
2020,결핵과,J01,5,11,11,153960,108360
2020,결핵과,J02,3,4,4,45920,33920
2020,결핵과,J03,6,10,10,92740,65240
2020,결핵과,J04,1,2,2,31700,22300
2020,결핵과,J10,6,7,7,130430,91630
2020,결핵과,J15,5,12,12,207540,158440
2020,결핵과,J18,3,10,10,152200,131300
2020,결핵과,J20,270,743,743,10865100,8551100
2020,결핵과,J30,59,160,160,2264220,1696920
2020,결핵과,J41,2131,8386,8386,115852650,96313550
2020,결핵과,J42,8,20,20,267810,211410
2020,결핵과,J43,2,11,11,136580,118080
2020,결핵과,J44,6,82,82,1028960,889760
2020,결핵과,J45,200,858,858,11593890,9601490
2020,결핵과,J47,13,68,68,995380,743180
2020,결핵과,J90,2,2,2,36470,28870
2020,결핵과,K14,1,2,2,27680,24580
2020,결핵과,K21,71,348,348,4504100,3425800
2020,결핵과,K25,6,8,8,110720,84920
2020,결핵과,K26,1,6,6,77980,55380
2020,결핵과,K29,810,1953,1953,28490780,21884980
2020,결핵과,K30,1,1,1,11540,10040
2020,결핵과,K37,1,1,1,16140,14540
2020,결핵과,K52,7,10,10,128400,109000
2020,결핵과,K56,1,1,1,16140,11340
2020,결핵과,K58,3,5,5,80100,66600
2020,결핵과,K59,17,41,41,532610,437910
2020,결핵과,K62,1,2,2,32280,22680
2020,결핵과,K64,1,1,1,16140,11340
2020,결핵과,K75,155,324,324,6562540,4726440
2020,결핵과,K92,1,1,1,20590,14490
2020,결핵과,L01,3,4,4,11540,8140
2020,결핵과,L02,19,32,32,453110,335210
2020,결핵과,L04,228,377,377,5971080,4394280
2020,결핵과,L20,10,19,19,275780,197780
2020,결핵과,L21,3,5,5,67830,55030
2020,결핵과,L23,15,26,26,300450,247350
2020,결핵과,L25,1,1,1,16140,11340
2020,결핵과,L30,1,1,1,16140,11340
2020,결핵과,L40,5,5,5,81920,57620
2020,결핵과,L50,32,50,50,811050,605850
2020,결핵과,M06,3,4,4,57640,42440
2020,결핵과,M10,6,14,14,209310,147310
2020,결핵과,M13,1,1,1,20140,14140
2020,결핵과,M17,7,24,24,215150,166850
2020,결핵과,M25,6,16,16,215680,185680
2020,결핵과,M48,3,20,20,230800,172300
2020,결핵과,M54,10,21,21,286420,241520
2020,결핵과,M79,33,73,73,1085100,854800
2020,결핵과,M81,3,5,5,57700,44500
2020,결핵과,N10,1,1,1,16140,11340
2020,결핵과,N19,1,2,2,23080,16280
2020,결핵과,N30,30,63,63,914960,701260
2020,결핵과,N39,2,3,3,37140,32640
2020,결핵과,N40,11,63,63,700540,565540
2020,결핵과,N94,2,3,3,48420,34020
2020,결핵과,R00,3,3,3,36730,27830
2020,결핵과,R03,11,14,14,231650,179550
2020,결핵과,R04,1,1,1,31360,21960
2020,결핵과,R06,1,1,1,17210,16210
2020,결핵과,R07,4,4,4,59980,45380
2020,결핵과,R17,3,6,6,201490,141390
2020,결핵과,R31,2,2,2,25600,18000
2020,결핵과,R41,27,84,84,1172290,983390
2020,결핵과,R42,15,20,20,371560,282860
2020,결핵과,R50,4,4,4,59360,41760
2020,결핵과,R51,15,18,18,261110,192410
2020,결핵과,R55,1,1,1,17220,12120
2020,결핵과,R60,15,54,54,734020,591220
2020,결핵과,R61,1,1,1,16140,11340
2020,결핵과,R63,12,13,13,237190,186890
2020,결핵과,R76,1,1,1,20140,14140
2020,결핵과,R80,2,4,4,62080,43680
2020,결핵과,R94,1,1,1,16140,14540
2020,결핵과,S13,7,12,12,184680,134880
2020,결핵과,S23,5,22,22,315570,279570
2020,결핵과,S24,25,60,60,839530,703930
2020,결핵과,S33,13,51,51,690660,530160
2020,결핵과,S43,7,34,34,443460,374960
2020,결핵과,T21,1,1,1,11540,10040
2020,결핵과,Z03,17,19,19,424960,321960
2020,결핵과,Z20,1,1,1,16140,11340
2020,재활의학과,A04,23,35,35,697160,538760
2020,재활의학과,A05,9,15,15,245340,185740
2020,재활의학과,A08,49,66,66,1070830,771130
2020,재활의학과,A09,1796,2415,2415,50023610,36150410
2020,재활의학과,A18,1,1,1,52310,52310
2020,재활의학과,A28,1,1,1,20140,14140
2020,재활의학과,A35,3,3,3,88070,61870
2020,재활의학과,A41,1,1,1,14060,12560
2020,재활의학과,A49,4,5,5,77950,54750
2020,재활의학과,A52,1,1,1,21900,19800
2020,재활의학과,A54,2,2,2,32280,26480
2020,재활의학과,A56,1,1,1,24670,19770
2020,재활의학과,A59,3,4,4,42350,29850
2020,재활의학과,A60,6,7,7,110330,80230
2020,재활의학과,A63,1,2,2,25600,18000
2020,재활의학과,A69,2,2,2,42270,29770
2020,재활의학과,A75,1,7,7,131110,113910
2020,재활의학과,A81,1,1,4,1159680,1150100
2020,재활의학과,A86,1,1,1,16140,14540
2020,재활의학과,B00,463,702,702,12706270,9371270
2020,재활의학과,B01,1,1,1,11550,8150
2020,재활의학과,B02,1394,3555,3615,93851420,69650800
2020,재활의학과,B07,30,49,49,1354460,989560
2020,재활의학과,B08,4,4,4,87010,62410
2020,재활의학과,B09,1,2,2,27680,19480
2020,재활의학과,B15,1,1,1,36550,25650
2020,재활의학과,B17,8,13,13,806540,677540
2020,재활의학과,B18,64,166,166,10137480,7115480
2020,재활의학과,B19,3,6,6,104220,73320
2020,재활의학과,B25,4,208,208,7478850,6726950
2020,재활의학과,B26,1,1,1,16140,11340
2020,재활의학과,B30,10,15,15,191270,134570
2020,재활의학과,B33,18,27,27,425090,311290
2020,재활의학과,B34,5,5,5,76100,53500
2020,재활의학과,B35,2620,6553,6553,103600570,78598870
2020,재활의학과,B36,44,109,109,1868350,1416750
2020,재활의학과,B37,19,22,22,1139910,808910
2020,재활의학과,B43,3,3,3,39220,29520
2020,재활의학과,B47,2,7,7,88290,62090
2020,재활의학과,B49,4,7,7,118100,94000
2020,재활의학과,B65,1,1,1,14060,9860
2020,재활의학과,B66,3,3,3,38050,26750
2020,재활의학과,B69,1,1,1,23080,18480
2020,재활의학과,B80,1,1,1,11540,10040
2020,재활의학과,B81,1,1,1,18180,12780
2020,재활의학과,B83,1,1,1,13650,12150
2020,재활의학과,B86,12,17,17,335990,250390
2020,재활의학과,B88,14,16,16,394670,285670
2020,재활의학과,B90,1,1,1,27590,19390
2020,재활의학과,B91,40,70,70,2490430,1923730
2020,재활의학과,B94,1,146,146,2363640,1660140
2020,재활의학과,B98,1,1,1,16140,11340
2020,재활의학과,C02,1,10,10,362770,317550
2020,재활의학과,C06,1,20,20,320750,306150
2020,재활의학과,C07,2,2,2,38040,32240
2020,재활의학과,C08,2,14,14,242230,239530
2020,재활의학과,C09,2,4,4,106220,101120
2020,재활의학과,C11,2,11,11,181590,172790
2020,재활의학과,C14,1,1,1,29660,28260
2020,재활의학과,C15,2,3,3,50290,47890
2020,재활의학과,C16,54,463,463,20583810,18908890
2020,재활의학과,C17,1,3,3,48460,34060
2020,재활의학과,C18,33,148,148,8289120,7831070
2020,재활의학과,C19,2,8,8,155170,147470
2020,재활의학과,C20,15,89,89,3517090,3187330
2020,재활의학과,C21,1,1,1,16140,15340
2020,재활의학과,C22,22,189,225,8259420,7602140
2020,재활의학과,C23,2,17,17,711060,676160
2020,재활의학과,C24,6,47,47,1991200,1821070
2020,재활의학과,C25,8,116,116,2302240,2003080
2020,재활의학과,C26,2,4,4,100420,95620
2020,재활의학과,C30,1,18,18,761180,723680
2020,재활의학과,C34,51,314,314,14636740,13787140
2020,재활의학과,C40,2,68,68,1197170,1141770
2020,재활의학과,C41,4,80,80,1159270,1099070
2020,재활의학과,C43,5,286,286,8348920,7936420
2020,재활의학과,C44,12,96,96,2759360,2559960
2020,재활의학과,C48,1,4,4,279290,210170
2020,재활의학과,C49,9,27,27,974500,923500
2020,재활의학과,C50,162,1290,1290,37656060,34021480
2020,재활의학과,C53,8,107,107,3383210,3213810
2020,재활의학과,C54,7,48,48,2825860,2646810
2020,재활의학과,C55,1,8,8,442980,421480
2020,재활의학과,C56,16,165,165,9175070,8640800
2020,재활의학과,C57,3,16,16,414430,368230
2020,재활의학과,C60,1,2,2,43470,41370
2020,재활의학과,C61,38,388,388,11870010,11080480
2020,재활의학과,C64,7,116,116,5840930,5382630
2020,재활의학과,C66,3,14,14,1726350,1641050
2020,재활의학과,C67,8,54,54,2902390,2687790
2020,재활의학과,C69,2,54,54,934860,888660
2020,재활의학과,C70,2,6,6,182740,153940
2020,재활의학과,C71,30,726,730,52819360,49977330
2020,재활의학과,C72,6,229,229,10881110,10351310
2020,재활의학과,C73,52,473,473,14679020,13244340
2020,재활의학과,C75,1,69,69,1280860,899260
2020,재활의학과,C76,1,16,16,460080,437380
2020,재활의학과,C77,2,11,11,888840,844840
2020,재활의학과,C78,4,20,20,584150,502800
2020,재활의학과,C79,13,157,282,21648150,19802560
2020,재활의학과,C80,8,11,11,230150,214950
2020,재활의학과,C81,1,1,1,260600,230750
2020,재활의학과,C82,1,1,1,18460,16660
2020,재활의학과,C83,5,26,26,855600,712850
2020,재활의학과,C85,5,13,13,356000,332300
2020,재활의학과,C90,6,55,55,2051450,1897350
2020,재활의학과,C91,5,57,57,1430470,1356470
2020,재활의학과,C92,6,19,19,494960,471160
2020,재활의학과,C95,1,1,1,16140,11340
2020,재활의학과,C96,3,83,83,13970810,13134990
2020,재활의학과,D00,7,28,28,2079330,1928530
2020,재활의학과,D01,4,15,15,964630,911730
2020,재활의학과,D02,5,10,10,1164630,1106830
2020,재활의학과,D03,2,9,9,108460,99660
2020,재활의학과,D04,5,36,36,1034160,984760
2020,재활의학과,D05,18,193,193,6683800,6258320
2020,재활의학과,D06,7,27,27,1669110,1559660
2020,재활의학과,D07,8,14,14,1426700,1297900
2020,재활의학과,D09,6,7,7,952160,904760
2020,재활의학과,D11,3,3,3,43820,30820
2020,재활의학과,D12,2,2,2,23080,18180
2020,재활의학과,D13,1,1,1,16140,14540
2020,재활의학과,D16,15,28,28,795110,564810
2020,재활의학과,D17,248,443,465,16752150,11861330
2020,재활의학과,D18,24,35,51,2102790,1454580
2020,재활의학과,D21,24,24,24,548700,387900
2020,재활의학과,D22,1,4,4,79160,55560
2020,재활의학과,D23,32,61,61,3412270,2428670
2020,재활의학과,D24,3,5,5,99160,69560
2020,재활의학과,D25,3,3,3,66290,46590
2020,재활의학과,D27,1,2,2,54460,38260
2020,재활의학과,D29,2,2,2,32280,22680
2020,재활의학과,D32,17,318,355,19667320,18234820
2020,재활의학과,D33,13,161,281,16616330,14876120
2020,재활의학과,D34,7,63,63,1344270,937340
2020,재활의학과,D35,5,24,24,1410510,1252360
2020,재활의학과,D36,7,7,7,178010,124910
2020,재활의학과,D37,4,37,37,1227460,1117060
2020,재활의학과,D38,1,21,21,2247110,2135210
2020,재활의학과,D40,1,1,1,49160,46760
2020,재활의학과,D41,1,4,4,506720,481420
2020,재활의학과,D42,2,52,80,6568120,5626600
2020,재활의학과,D43,4,143,143,9155780,8706180
2020,재활의학과,D44,1,1,1,42230,29630
2020,재활의학과,D46,7,81,81,3365960,3185410
2020,재활의학과,D47,1,2,2,23080,16280
2020,재활의학과,D48,18,86,117,4086070,3210120
2020,재활의학과,D50,180,413,427,14434620,10260240
2020,재활의학과,D51,6,18,18,303480,242880
2020,재활의학과,D52,2,2,2,23080,18180
2020,재활의학과,D53,3,3,3,44370,34370
2020,재활의학과,D55,2,2,2,23080,18180
2020,재활의학과,D64,116,224,224,10482690,7431990
2020,재활의학과,D66,75,1336,1336,11518153190,10394704670
2020,재활의학과,D67,17,166,166,3004656190,2704199090
2020,재활의학과,D68,7,288,288,1478452930,1331634730
2020,재활의학과,D69,113,233,233,3454890,2757590
2020,재활의학과,D72,2,4,4,46160,38260
2020,재활의학과,D75,2,2,2,23080,18180
2020,재활의학과,D76,2,72,72,5264840,4849140
2020,재활의학과,D82,2,43,43,4415860,4120570
2020,재활의학과,D83,1,143,195,24168330,20605210
2020,재활의학과,D84,3,31,31,411570,305870
2020,재활의학과,E01,6,8,8,684580,428810
2020,재활의학과,E03,242,928,928,27884000,20293200
2020,재활의학과,E04,22,26,26,943340,667740
2020,재활의학과,E05,56,158,158,5952750,4195600
2020,재활의학과,E06,12,57,57,1708310,1198930
2020,재활의학과,E07,92,139,137,6679180,4784480
2020,재활의학과,E10,73,169,169,5532480,4158280
2020,재활의학과,E11,2057,11465,11484,269126640,206190370
2020,재활의학과,E12,2,9,9,369250,282550
2020,재활의학과,E13,201,961,961,27991010,21525670
2020,재활의학과,E14,612,2129,2127,58584930,43725670
2020,재활의학과,E16,6,7,7,419260,291310
2020,재활의학과,E22,5,51,51,1166210,1031710
2020,재활의학과,E23,4,4,4,468740,331940
2020,재활의학과,E24,5,65,65,827640,627140
2020,재활의학과,E27,10,32,32,884590,626190
2020,재활의학과,E28,8,22,22,607760,414660
2020,재활의학과,E30,16,40,40,1559120,1068520
2020,재활의학과,E34,24,64,64,976290,689690
2020,재활의학과,E44,1,20,20,639920,448520
2020,재활의학과,E50,89,154,302,22103860,20379050
2020,재활의학과,E53,10,41,41,683160,555960
2020,재활의학과,E55,939,1733,1733,44996710,33124140
2020,재활의학과,E56,23,33,33,947540,669040
2020,재활의학과,E58,11,19,19,272630,218630
2020,재활의학과,E60,2,2,2,25600,18000
2020,재활의학과,E61,17,48,48,1806420,1275920
2020,재활의학과,E63,13,18,18,351620,277820
2020,재활의학과,E64,4,7,7,315570,235170
2020,재활의학과,E66,56,86,86,1350330,951330
2020,재활의학과,E72,7,88,98,4994010,4499180
2020,재활의학과,E74,1,34,34,2419860,2179060
2020,재활의학과,E75,5,258,286,24995610,22925640
2020,재활의학과,E76,3,163,163,6773110,6105210
2020,재활의학과,E77,2,53,53,2829520,2548520
2020,재활의학과,E78,2170,6214,6223,148916180,109625470
2020,재활의학과,E79,18,38,38,1102680,824580
2020,재활의학과,E80,2,21,21,302120,248720
2020,재활의학과,E83,55,127,127,4582210,3696610
2020,재활의학과,E85,2,24,24,868170,782770
2020,재활의학과,E86,145,234,234,6920740,4988540
2020,재활의학과,E87,5,7,7,259530,182510
2020,재활의학과,E88,50,114,114,3512900,2406550
2020,재활의학과,E89,6,25,25,988860,674050
2020,재활의학과,F00,574,6117,6125,109330240,85286110
2020,재활의학과,F01,20,63,66,2236550,1739990
2020,재활의학과,F02,4,4,4,80290,62090
2020,재활의학과,F03,66,229,229,8666720,6910320
2020,재활의학과,F05,1,3,3,75600,72600
2020,재활의학과,F06,729,2098,2097,45215190,37016210
2020,재활의학과,F07,22,54,54,1062040,813340
2020,재활의학과,F09,1,2,2,27680,19480
2020,재활의학과,F10,8,32,32,1136560,812860
2020,재활의학과,F13,1,1,1,11540,10040
2020,재활의학과,F17,9,19,19,271180,195880
2020,재활의학과,F20,6,38,38,1437320,1245770
2020,재활의학과,F21,2,45,45,1245150,1121150
2020,재활의학과,F22,1,5,5,46160,38660
2020,재활의학과,F23,1,4,4,57280,48780
2020,재활의학과,F28,1,8,8,137190,114190
2020,재활의학과,F30,1,1,1,16250,11450
2020,재활의학과,F31,16,91,91,925020,709420
2020,재활의학과,F32,182,452,452,7487430,5850230
2020,재활의학과,F33,12,22,22,299080,224580
2020,재활의학과,F34,14,27,27,564580,427080
2020,재활의학과,F38,13,28,28,591100,495100
2020,재활의학과,F39,7,27,27,330430,245730
2020,재활의학과,F40,11,18,18,193770,153070
2020,재활의학과,F41,350,889,889,13975250,10761950
2020,재활의학과,F42,1,1,1,20140,14140
2020,재활의학과,F43,5,5,5,182340,127840
2020,재활의학과,F45,44,55,55,872810,671310
2020,재활의학과,F48,190,291,291,8845920,6449020
2020,재활의학과,F50,3,3,3,37900,29900
2020,재활의학과,F51,394,1067,1067,16577990,12819590
2020,재활의학과,F52,4,5,5,137740,96540
2020,재활의학과,F54,1,1,1,16140,14540
2020,재활의학과,F60,1,2,2,34600,31200
2020,재활의학과,F71,3,3,3,126510,100210
2020,재활의학과,F72,2,19,19,1972000,1850240
2020,재활의학과,F73,4,18,18,691080,484280
2020,재활의학과,F78,1,1,1,60970,42770
2020,재활의학과,F79,19,755,755,20190510,14411210
2020,재활의학과,F80,59,171,171,1727700,1326100
2020,재활의학과,F81,4,4,4,63340,50340
2020,재활의학과,F82,2,25,25,1107660,780560
2020,재활의학과,F83,1,1,1,87220,61120
2020,재활의학과,F84,90,3649,3649,168063750,130793030
2020,재활의학과,F89,6,197,197,6185050,4733550
2020,재활의학과,F90,12,20,20,303850,216950
2020,재활의학과,F92,6,6,6,103680,80780
2020,재활의학과,F95,3,3,3,68920,57520
2020,재활의학과,F98,1,1,1,17070,13570
2020,재활의학과,G00,1,2,2,36020,25320
2020,재활의학과,G03,2,7,7,95020,70020
2020,재활의학과,G04,10,116,116,7908640,6553040
2020,재활의학과,G05,9,16,16,1134880,800280
2020,재활의학과,G06,2,47,83,7734000,6893040
2020,재활의학과,G11,44,1203,1203,88184740,79762330
2020,재활의학과,G12,48,524,524,38216150,33706180
2020,재활의학과,G13,1,2,2,31470,22170
2020,재활의학과,G14,116,235,235,10712910,8346610
2020,재활의학과,G20,342,4700,5229,292679430,257561930
2020,재활의학과,G21,16,106,106,5484060,4890260
2020,재활의학과,G22,13,77,77,1869250,1649150
2020,재활의학과,G23,12,171,171,11292880,8727280
2020,재활의학과,G24,117,386,386,28831150,24968650
2020,재활의학과,G25,465,1951,1951,50124020,37232030
2020,재활의학과,G30,45,298,298,16870760,13446150
2020,재활의학과,G31,1008,3587,3636,103240260,83557460
2020,재활의학과,G32,3,5,5,593020,424320
2020,재활의학과,G35,7,192,274,18388800,15798170
2020,재활의학과,G36,3,62,116,10193650,9315230
2020,재활의학과,G37,18,423,423,18985680,13373880
2020,재활의학과,G40,152,3792,4784,413676020,379165720
2020,재활의학과,G41,28,1261,1261,138709330,130160230
2020,재활의학과,G43,1005,2701,2701,97421410,69380230
2020,재활의학과,G44,1966,4499,4510,197430560,140092780
2020,재활의학과,G45,29,65,65,1724630,1309730
2020,재활의학과,G46,20,174,174,5985650,4785550
2020,재활의학과,G47,1952,5842,5841,100797300,77147490
2020,재활의학과,G50,161,521,521,19619790,14241090
2020,재활의학과,G51,690,5448,5462,135453050,99222940
2020,재활의학과,G52,4,17,17,454360,318960
2020,재활의학과,G53,627,2467,2469,75804780,57514490
2020,재활의학과,G54,3118,12979,13190,976315360,696961540
2020,재활의학과,G55,934,4023,4187,249597070,180922910
2020,재활의학과,G56,14571,34078,34126,2843223140,2011697230
2020,재활의학과,G57,2668,8834,8838,404712290,288747130
2020,재활의학과,G58,941,2474,2474,115341480,83621980
2020,재활의학과,G59,22,56,56,3723600,2649500
2020,재활의학과,G60,39,311,311,21095470,17792870
2020,재활의학과,G61,39,372,567,34975760,29611890
2020,재활의학과,G62,640,1959,1966,206692850,150060450
2020,재활의학과,G63,944,3547,3547,244225390,179636040
2020,재활의학과,G64,276,744,754,47141830,34237850
2020,재활의학과,G70,15,34,34,1246720,1070920
2020,재활의학과,G71,88,2953,3477,259954990,234915850
2020,재활의학과,G72,17,72,72,2850750,2259930
2020,재활의학과,G73,2,2,2,27680,19480
2020,재활의학과,G80,758,30032,39760,3849661430,3412593370
2020,재활의학과,G81,1148,16914,24666,1777164830,1401043310
2020,재활의학과,G82,370,5170,6659,422255200,330892620
2020,재활의학과,G83,224,868,919,42007530,31470980
2020,재활의학과,G90,37,186,186,10065910,8570780
2020,재활의학과,G91,26,955,1162,103490240,92673080
2020,재활의학과,G93,121,5384,5757,476452490,415796930
2020,재활의학과,G94,1,1,1,18410,17510
2020,재활의학과,G95,80,1068,1311,71521750,58086430
2020,재활의학과,G96,3,16,16,184630,130230
2020,재활의학과,G98,1,2,2,29800,29800
2020,재활의학과,G99,79,261,261,20928790,15031690
2020,재활의학과,H00,150,194,194,3479910,2456660
2020,재활의학과,H01,155,209,209,3022840,2281640
2020,재활의학과,H02,6,6,6,104840,82040
2020,재활의학과,H04,346,623,623,9063280,6826380
2020,재활의학과,H05,1,1,1,28640,20140
2020,재활의학과,H10,372,507,507,7426790,5723490
2020,재활의학과,H11,136,268,268,3196430,2298830
2020,재활의학과,H16,48,62,62,899280,689980
2020,재활의학과,H19,11,25,25,278930,208630
2020,재활의학과,H21,1,1,1,11540,10040
2020,재활의학과,H25,38,95,95,1432730,1190130
2020,재활의학과,H26,9,11,11,155700,136600
2020,재활의학과,H28,1,2,2,25320,22320
2020,재활의학과,H33,1,1,1,32710,22910
2020,재활의학과,H34,1,2,1,25970,19570
2020,재활의학과,H35,1,1,1,11540,10040
2020,재활의학과,H36,5,11,11,131350,112650
2020,재활의학과,H40,35,80,79,1168480,937360
2020,재활의학과,H42,1,1,1,5770,4270
2020,재활의학과,H46,1,1,1,16140,11340
2020,재활의학과,H47,1,1,1,16140,14540
2020,재활의학과,H50,3,4,4,55360,38960
2020,재활의학과,H53,4,4,4,68560,50160
2020,재활의학과,H54,1,5,5,108140,75840
2020,재활의학과,H60,170,266,266,5417280,3980580
2020,재활의학과,H61,8,13,13,490180,350280
2020,재활의학과,H62,5,25,25,569850,404250
2020,재활의학과,H65,35,51,51,696790,511790
2020,재활의학과,H66,52,157,157,2214720,1737820
2020,재활의학과,H67,3,3,3,48420,34020
2020,재활의학과,H69,4,4,4,78210,54910
2020,재활의학과,H70,2,2,2,60040,45340
2020,재활의학과,H72,2,4,4,55360,38960
2020,재활의학과,H73,1,2,2,27680,24580
2020,재활의학과,H81,738,1848,1848,34146980,27070420
2020,재활의학과,H82,1,1,1,16140,11340
2020,재활의학과,H83,1,1,1,14090,9890
2020,재활의학과,H90,9,10,10,485040,345140
2020,재활의학과,H91,19,109,109,18010230,12615830
2020,재활의학과,H92,3,3,3,43820,32720
2020,재활의학과,H93,53,146,146,4907380,3391640
2020,재활의학과,I00,24,67,67,2285730,1626030
2020,재활의학과,I05,1,1,1,21900,15400
2020,재활의학과,I08,1,1,1,35630,25030
2020,재활의학과,I10,11238,56441,56486,1087764480,845649050
2020,재활의학과,I11,67,366,366,6003720,5069220
2020,재활의학과,I12,2,2,2,32280,24280
2020,재활의학과,I13,3,6,6,94250,68450
2020,재활의학과,I15,79,331,331,5088350,3924250
2020,재활의학과,I20,101,244,244,4538300,3529020
2020,재활의학과,I21,8,19,19,287580,234280
2020,재활의학과,I24,5,32,32,1740860,1216510
2020,재활의학과,I25,26,143,143,1754720,1396420
2020,재활의학과,I26,2,2,2,49550,37450
2020,재활의학과,I33,1,3,3,75130,52730
2020,재활의학과,I35,2,3,3,84310,61110
2020,재활의학과,I42,6,37,37,602310,504610
2020,재활의학과,I44,1,1,1,41920,29420
2020,재활의학과,I45,4,15,15,161010,129110
2020,재활의학과,I47,8,10,10,147220,112420
2020,재활의학과,I48,14,40,40,885190,680390
2020,재활의학과,I49,60,122,122,2139410,1673960
2020,재활의학과,I50,19,63,63,865730,703730
2020,재활의학과,I51,5,6,6,159450,120150
2020,재활의학과,I60,19,197,441,44649250,33902410
2020,재활의학과,I61,177,4367,7401,666191740,525994230
2020,재활의학과,I62,17,424,844,90152240,69015320
2020,재활의학과,I63,842,11996,19380,1502414140,1165470370
2020,재활의학과,I64,17,37,37,966110,707510
2020,재활의학과,I65,12,37,37,802470,583470
2020,재활의학과,I66,8,79,79,3154590,2471590
2020,재활의학과,I67,78,1048,1422,105423140,89538900
2020,재활의학과,I68,6,23,23,394030,311030
2020,재활의학과,I69,302,3260,3705,162666620,122238560
2020,재활의학과,I70,58,293,294,5708490,4232480
2020,재활의학과,I71,4,12,12,345860,273060
2020,재활의학과,I72,2,2,2,27680,22680
2020,재활의학과,I73,860,2360,2360,54163810,40537000
2020,재활의학과,I74,13,14,14,208680,173580
2020,재활의학과,I77,2,2,2,38980,27380
2020,재활의학과,I78,6,7,7,94580,70380
2020,재활의학과,I79,3,11,11,299480,217380
2020,재활의학과,I80,37,57,57,1887770,1368670
2020,재활의학과,I82,13,14,14,560560,396260
2020,재활의학과,I83,256,523,523,16962950,12371550
2020,재활의학과,I86,19,26,26,809400,592600
2020,재활의학과,I87,1065,2078,2077,60983190,44782690
2020,재활의학과,I88,27,40,40,1251470,885970
2020,재활의학과,I89,204,549,549,14401680,11145530
2020,재활의학과,I95,17,18,18,379820,292320
2020,재활의학과,I97,64,245,245,5547930,4421330
2020,재활의학과,I98,1,7,7,652020,456720
2020,재활의학과,J00,2648,4757,4756,79506900,60090320
2020,재활의학과,J01,188,323,323,5349400,3955700
2020,재활의학과,J02,1648,3127,3127,55899310,42724140
2020,재활의학과,J03,1900,2786,2786,49483710,35498140
2020,재활의학과,J04,218,446,446,7222740,5520510
2020,재활의학과,J06,2857,5263,5284,93737070,71486650
2020,재활의학과,J09,5,5,5,80430,56530
2020,재활의학과,J10,105,136,136,2167410,1570910
2020,재활의학과,J11,170,187,187,4128510,2954110
2020,재활의학과,J12,4,5,5,111310,98210
2020,재활의학과,J15,272,402,402,11798440,8913340
2020,재활의학과,J18,185,298,298,4951430,3860130
2020,재활의학과,J20,4694,10092,10092,166440290,125147720
2020,재활의학과,J21,411,541,546,11367730,8564690
2020,재활의학과,J22,88,141,140,3038700,2219390
2020,재활의학과,J30,2573,5162,5169,86747790,65158110
2020,재활의학과,J31,52,60,60,1208920,888720
2020,재활의학과,J32,95,127,127,2849130,2050130
2020,재활의학과,J34,832,1467,1467,47200170,33115590
2020,재활의학과,J35,12,22,22,282140,198540
2020,재활의학과,J36,62,99,99,1517740,1096940
2020,재활의학과,J37,1,37,37,745410,629110
2020,재활의학과,J38,9,12,12,282320,216120
2020,재활의학과,J39,202,558,558,8046730,6432730
2020,재활의학과,J40,1447,3206,3206,53921050,43324600
2020,재활의학과,J41,29,80,80,2584880,1918280
2020,재활의학과,J42,132,334,334,5980210,4956310
2020,재활의학과,J43,2,2,2,51830,36430
2020,재활의학과,J44,25,69,69,909570,737970
2020,재활의학과,J45,256,730,730,11358600,8924450
2020,재활의학과,J46,5,6,6,105690,76490
2020,재활의학과,J47,10,22,22,330830,254630
2020,재활의학과,J68,1,1,1,11540,8140
2020,재활의학과,J69,1,1,1,3130,2230
2020,재활의학과,J81,1,1,1,14060,12560
2020,재활의학과,J84,1,1,1,16140,11340
2020,재활의학과,J86,1,11,11,285920,222320
2020,재활의학과,J90,2,2,2,70390,56590
2020,재활의학과,J93,11,12,12,352080,249680
2020,재활의학과,J98,3,3,3,49590,42190
2020,재활의학과,K02,1,1,1,11540,10040
2020,재활의학과,K04,4,5,5,83480,68580
2020,재활의학과,K05,202,342,342,5089950,4037850
2020,재활의학과,K07,1034,2333,2333,61159150,44205250
2020,재활의학과,K08,19,27,27,423800,317400
2020,재활의학과,K09,5,5,5,89770,69670
2020,재활의학과,K10,40,122,122,2348530,1672230
2020,재활의학과,K11,20,28,28,570890,413490
2020,재활의학과,K12,177,284,284,4749220,3568270
2020,재활의학과,K13,5,6,6,91040,67240
2020,재활의학과,K14,8,12,12,174190,126390
2020,재활의학과,K20,3,4,4,94890,66590
2020,재활의학과,K21,4138,9165,9165,248832810,182206810
2020,재활의학과,K25,470,823,823,35656030,25696930
2020,재활의학과,K26,84,154,154,5601500,4054400
2020,재활의학과,K27,472,1134,1134,32264200,23683200
2020,재활의학과,K28,21,34,34,457160,351160
2020,재활의학과,K29,11349,30031,30044,988581050,716371080
2020,재활의학과,K30,842,1876,1875,51409490,38120340
2020,재활의학과,K31,12,27,27,822800,583200
2020,재활의학과,K35,18,27,26,564700,408700
2020,재활의학과,K37,5,6,5,95690,71690
2020,재활의학과,K38,2,2,2,42750,30050
2020,재활의학과,K40,15,47,46,843680,620080
2020,재활의학과,K41,1,1,1,20140,16140
2020,재활의학과,K43,1,1,1,16140,14540
2020,재활의학과,K45,1,1,1,16140,11340
2020,재활의학과,K46,5,9,9,180470,139570
2020,재활의학과,K50,15,46,46,1587760,1374060
2020,재활의학과,K51,12,24,24,1218530,918030
2020,재활의학과,K52,609,1084,1084,17519270,13680770
2020,재활의학과,K56,6,9,9,192240,140440
2020,재활의학과,K57,6,14,14,258760,184460
2020,재활의학과,K58,861,2040,2040,71100330,48595660
2020,재활의학과,K59,1107,1916,1916,31591510,24405310
2020,재활의학과,K60,2,3,3,61580,43280
2020,재활의학과,K61,13,25,25,454880,322580
2020,재활의학과,K62,3,7,7,191500,141500
2020,재활의학과,K63,75,87,87,39726780,27835880
2020,재활의학과,K64,98,178,178,2525310,2001510
2020,재활의학과,K70,26,60,60,1025380,732780
2020,재활의학과,K71,1,1,1,5770,4070
2020,재활의학과,K72,2,2,2,36280,25480
2020,재활의학과,K73,37,137,137,2332760,1777960
2020,재활의학과,K74,10,18,18,588700,459100
2020,재활의학과,K75,132,258,273,7851550,5550670
2020,재활의학과,K76,364,671,671,21444760,15377500
2020,재활의학과,K77,1,1,1,35660,25060
2020,재활의학과,K80,25,63,63,1402550,1044850
2020,재활의학과,K81,12,22,22,775190,571590
2020,재활의학과,K82,18,40,40,633340,489440
2020,재활의학과,K83,2,4,4,54760,44260
2020,재활의학과,K85,1,1,1,73810,51710
2020,재활의학과,K86,9,14,14,270470,190170
2020,재활의학과,K87,1,1,1,22610,18110
2020,재활의학과,K90,2,3,3,47820,36820
2020,재활의학과,K91,4,5,5,485400,339800
2020,재활의학과,K92,38,57,57,802460,671960
2020,재활의학과,L01,14,33,33,613430,535530
2020,재활의학과,L02,589,1229,1229,24405100,17924390
2020,재활의학과,L03,5211,11647,11654,272252800,198498750
2020,재활의학과,L04,771,1211,1211,20424840,14909740
2020,재활의학과,L05,59,106,106,1639440,1326640
2020,재활의학과,L08,298,568,568,12497780,9632140
2020,재활의학과,L10,1,2,2,30540,27440
2020,재활의학과,L13,23,42,42,789470,619170
2020,재활의학과,L14,1,1,1,16140,11340
2020,재활의학과,L20,271,668,668,12943560,9200700
2020,재활의학과,L21,196,302,302,5166740,4014440
2020,재활의학과,L22,2,2,2,23080,20080
2020,재활의학과,L23,1797,3386,3386,53690420,42092220
2020,재활의학과,L24,437,780,780,14270020,10846350
2020,재활의학과,L25,405,736,754,14565620,11570120
2020,재활의학과,L26,1,1,1,16140,11340
2020,재활의학과,L27,9,27,27,174940,128640
2020,재활의학과,L28,58,97,97,1559310,1196510
2020,재활의학과,L29,420,873,875,17468430,13408740
2020,재활의학과,L30,840,1437,1437,27062840,20635080
2020,재활의학과,L40,54,119,119,2617880,1900780
2020,재활의학과,L41,1,6,6,75390,66390
2020,재활의학과,L42,2,3,3,39660,29760
2020,재활의학과,L43,2,2,2,26440,23040
2020,재활의학과,L50,1059,2143,2143,47161600,34871480
2020,재활의학과,L51,1,1,1,20140,14140
2020,재활의학과,L53,1,2,2,88270,61970
2020,재활의학과,L55,2,2,2,29550,24350
2020,재활의학과,L56,1,1,1,20140,14140
2020,재활의학과,L57,2,3,3,47820,38720
2020,재활의학과,L59,1,3,3,60310,48410
2020,재활의학과,L60,890,2436,2436,72504020,52591060
2020,재활의학과,L62,1,1,1,16140,11340
2020,재활의학과,L63,22,57,57,1483500,1043200
2020,재활의학과,L64,21,45,45,1254280,880080
2020,재활의학과,L65,49,89,89,1313490,930690
2020,재활의학과,L66,5,12,12,162790,114490
2020,재활의학과,L70,80,152,152,2807570,1972070
2020,재활의학과,L71,2,2,2,32630,24830
2020,재활의학과,L72,47,82,82,3197690,2300190
2020,재활의학과,L73,4,81,81,1157500,819600
2020,재활의학과,L74,3,3,3,48770,35670
2020,재활의학과,L80,5,7,7,121790,87790
2020,재활의학과,L81,6,6,6,31680,24280
2020,재활의학과,L84,232,422,422,18978530,13626130
2020,재활의학과,L85,77,136,136,2288460,1727660
2020,재활의학과,L87,1,1,1,16140,11340
2020,재활의학과,L88,5,16,16,491320,344420
2020,재활의학과,L89,63,431,431,12097730,8999520
2020,재활의학과,L90,8,8,8,126380,89880
2020,재활의학과,L91,2,7,7,234400,164400
2020,재활의학과,L92,4,21,21,621950,438350
2020,재활의학과,L93,2,2,2,32280,22680
2020,재활의학과,L95,4,4,4,61370,46370
2020,재활의학과,L97,2,21,21,639610,477710
2020,재활의학과,L98,16,31,31,656230,479830
2020,재활의학과,M00,54,232,270,8977090,6649580
2020,재활의학과,M01,4,9,9,240940,172640
2020,재활의학과,M02,324,1029,1029,25134940,18479640
2020,재활의학과,M05,389,3945,3945,123362130,109826150
2020,재활의학과,M06,787,3708,3707,100014950,75533880
2020,재활의학과,M07,27,63,63,1314480,1059280
2020,재활의학과,M08,14,68,68,1341950,1182750
2020,재활의학과,M09,3,4,4,72390,50890
2020,재활의학과,M10,4878,14943,14968,332121000,239749770
2020,재활의학과,M11,14,37,37,1272470,944670
2020,재활의학과,M12,2768,8682,8745,293638220,200867140
2020,재활의학과,M13,26168,97776,97905,3207621430,2333588520
2020,재활의학과,M14,199,2697,2697,102541840,76804790
2020,재활의학과,M15,1986,8485,8485,215630960,163091260
2020,재활의학과,M16,2047,8837,9204,275679410,203348480
2020,재활의학과,M17,117077,647164,659552,27624785830,19588283150
2020,재활의학과,M18,193,837,837,24612320,17695520
2020,재활의학과,M19,27054,95185,96114,3017277700,2191338360
2020,재활의학과,M20,850,2243,2564,80270080,58900870
2020,재활의학과,M21,3903,10472,10639,230633120,169779820
2020,재활의학과,M22,3335,9397,9760,289102830,204316740
2020,재활의학과,M23,3776,14462,16318,573471970,412571110
2020,재활의학과,M24,8833,43034,43963,1186610550,868737350
2020,재활의학과,M25,51662,183831,183937,6156962100,4431211440
2020,재활의학과,M30,6,59,59,3427560,3081760
2020,재활의학과,M31,4,45,45,2279660,2047460
2020,재활의학과,M32,37,334,334,13159440,11256590
2020,재활의학과,M33,11,34,71,3035080,2531550
2020,재활의학과,M34,5,16,16,615960,481560
2020,재활의학과,M35,41,304,304,10709290,9511090
2020,재활의학과,M36,2,4,4,106900,75000
2020,재활의학과,M40,1059,4888,4934,122185040,88860080
2020,재활의학과,M41,4317,25740,25883,651138480,465801110
2020,재활의학과,M43,5596,27070,27716,1087175500,806245220
2020,재활의학과,M45,276,2117,2209,69095340,58736740
2020,재활의학과,M46,784,5390,5460,208230950,155327500
2020,재활의학과,M47,61807,352251,354324,19315875330,14050136470
2020,재활의학과,M48,48913,315679,318262,14214144950,10651204390
2020,재활의학과,M49,402,4758,4778,153854390,116104570
2020,재활의학과,M50,51256,259802,261398,11446553130,8260853400
2020,재활의학과,M51,88730,514697,521760,22659278540,16502461690
2020,재활의학과,M53,20341,82479,82496,3985384250,2848915810
2020,재활의학과,M54,269432,1227373,1228122,53233465770,38306448550
2020,재활의학과,M60,102,252,252,7072130,5009530
2020,재활의학과,M61,189,875,875,26618990,18887790
2020,재활의학과,M62,13608,48310,48335,1536604620,1104330850
2020,재활의학과,M65,40093,125050,125142,3542822310,2543924290
2020,재활의학과,M66,871,2581,2654,84935290,61414930
2020,재활의학과,M67,3233,7483,7486,219707450,156612290
2020,재활의학과,M70,4469,13022,13025,357726470,256981830
2020,재활의학과,M71,2555,7012,7080,223748080,159837490
2020,재활의학과,M72,13434,50153,50175,1199923840,865873350
2020,재활의학과,M73,1,1,1,18540,13040
2020,재활의학과,M75,116670,555755,557861,20584725730,14793690270
2020,재활의학과,M76,12453,37552,37651,1006930450,713847450
2020,재활의학과,M77,55541,212097,212350,6301512900,4479758490
2020,재활의학과,M79,74604,257927,257998,7188633990,5216675160
2020,재활의학과,M80,371,2384,2384,71659520,55884240
2020,재활의학과,M81,10023,33902,33901,1735975360,1263248240
2020,재활의학과,M82,4,10,10,191340,152940
2020,재활의학과,M83,39,147,147,2906420,2223120
2020,재활의학과,M84,115,391,440,14290130,10425350
2020,재활의학과,M85,35,73,73,2436410,1753110
2020,재활의학과,M86,13,56,56,1021230,719130
2020,재활의학과,M87,131,661,961,36140910,26592110
2020,재활의학과,M89,222,1136,1317,50160170,38973590
2020,재활의학과,M90,6,7,7,132840,98240
2020,재활의학과,M91,9,44,44,772790,545390
2020,재활의학과,M92,650,1997,2080,50597740,36394190
2020,재활의학과,M93,33,137,181,6410550,4806480
2020,재활의학과,M94,849,3266,3488,101354940,72303020
2020,재활의학과,M95,211,306,299,5282860,4897660
2020,재활의학과,M96,868,6153,6278,297486920,221308510
2020,재활의학과,M99,3115,18924,19137,522131220,385960190
2020,재활의학과,N00,1,1,1,15000,13500
2020,재활의학과,N02,1,1,1,11540,8140
2020,재활의학과,N04,2,2,2,77330,54230
2020,재활의학과,N10,53,91,120,5026850,3789790
2020,재활의학과,N12,3,5,5,192090,134690
2020,재활의학과,N13,2,2,2,131940,92440
2020,재활의학과,N17,5,41,41,1686980,1252380
2020,재활의학과,N18,34,184,184,5753290,5153190
2020,재활의학과,N19,6,9,9,131940,110440
2020,재활의학과,N20,20,54,54,1400340,1010840
2020,재활의학과,N21,15,22,22,418270,296570
2020,재활의학과,N22,2,2,2,27680,24580
2020,재활의학과,N27,1,1,1,16140,11340
2020,재활의학과,N28,2,2,2,26440,23040
2020,재활의학과,N29,1,4,4,48680,42680
2020,재활의학과,N30,690,1306,1306,25348990,19189600
2020,재활의학과,N31,152,488,488,8281220,6983320
2020,재활의학과,N32,33,86,86,1985270,1577470
2020,재활의학과,N34,35,57,57,952900,701700
2020,재활의학과,N37,4,10,10,318600,248800
2020,재활의학과,N39,72,143,143,2558200,2140800
2020,재활의학과,N40,732,2540,2540,37258340,30288480
2020,재활의학과,N41,22,49,49,853220,627670
2020,재활의학과,N42,18,35,35,696080,526830
2020,재활의학과,N45,3,4,4,66000,46400
2020,재활의학과,N48,131,185,185,2860390,2364290
2020,재활의학과,N50,1,1,1,11540,8140
2020,재활의학과,N51,1,1,1,16140,14540
2020,재활의학과,N61,2,2,2,32280,22680
2020,재활의학과,N62,3,3,3,43820,30820
2020,재활의학과,N63,1,1,1,14060,9860
2020,재활의학과,N64,4,4,4,134550,103250
2020,재활의학과,N71,1,1,1,14060,9860
2020,재활의학과,N72,3,4,4,61880,43480
2020,재활의학과,N73,1,1,1,11540,8140
2020,재활의학과,N74,1,6,6,113030,79530
2020,재활의학과,N76,20,34,34,365680,270380
2020,재활의학과,N77,1,1,1,5770,4070
2020,재활의학과,N80,2,2,2,23080,16280
2020,재활의학과,N89,1,5,5,57700,40700
2020,재활의학과,N91,5,15,15,581350,423100
2020,재활의학과,N92,3,4,4,78130,54930
2020,재활의학과,N93,4,6,6,85400,60000
2020,재활의학과,N94,49,62,62,1287380,882500
2020,재활의학과,N95,232,670,670,13419100,9666920
2020,재활의학과,N97,3,11,11,156580,109980
2020,재활의학과,O12,2,2,2,64540,45240
2020,재활의학과,O21,1,5,5,76380,53580
2020,재활의학과,O24,1,2,2,71770,50370
2020,재활의학과,O91,2,2,2,32280,22680
2020,재활의학과,O94,1,4,4,75110,52810
2020,재활의학과,P07,30,703,703,57885000,54290040
2020,재활의학과,P11,2,2,2,36280,25480
2020,재활의학과,P14,4,35,35,770520,615420
2020,재활의학과,P21,1,11,11,790490,624890
2020,재활의학과,P22,119,4013,5461,526545170,488769530
2020,재활의학과,P27,2,26,26,1429540,1315140
2020,재활의학과,P52,6,162,162,18492240,17036870
2020,재활의학과,P59,1,27,27,1434640,1365440
2020,재활의학과,P76,1,1,1,21070,20070
2020,재활의학과,P91,38,1111,1111,127844160,117976700
2020,재활의학과,P94,11,206,322,34459960,31704600
2020,재활의학과,Q02,1,83,83,8546410,7697610
2020,재활의학과,Q03,6,230,230,29453840,27588620
2020,재활의학과,Q04,14,812,812,54640010,48503550
2020,재활의학과,Q05,22,411,424,18109570,16502040
2020,재활의학과,Q06,3,159,159,9959050,8970350
2020,재활의학과,Q07,7,552,552,35323600,34364200
2020,재활의학과,Q13,1,1,1,36640,33040
2020,재활의학과,Q15,1,16,16,786150,621650
2020,재활의학과,Q17,1,4,4,207960,187560
2020,재활의학과,Q21,9,234,234,8667880,8151680
2020,재활의학과,Q22,3,145,145,11079410,10365580
2020,재활의학과,Q23,7,316,316,24151350,22417020
2020,재활의학과,Q25,2,28,28,1113970,1018970
2020,재활의학과,Q27,1,12,12,182160,128160
2020,재활의학과,Q28,3,108,108,6834360,4796860
2020,재활의학과,Q31,2,18,189,34609420,32432020
2020,재활의학과,Q32,1,90,90,8801840,8014680
2020,재활의학과,Q38,2,19,19,486270,458170
2020,재활의학과,Q39,1,2,2,21280,18780
2020,재활의학과,Q40,1,15,15,982160,885160
2020,재활의학과,Q41,1,1,1,22960,16160
2020,재활의학과,Q43,1,82,82,10236690,9727760
2020,재활의학과,Q44,1,9,9,177730,160230
2020,재활의학과,Q65,22,70,70,1195460,946560
2020,재활의학과,Q66,335,904,904,22758210,16406010
2020,재활의학과,Q67,27,30,30,654670,510670
2020,재활의학과,Q68,126,1510,1510,20506270,19222370
2020,재활의학과,Q69,2,2,2,43550,37450
2020,재활의학과,Q70,2,2,2,32280,22680
2020,재활의학과,Q71,1,2,2,27680,19480
2020,재활의학과,Q72,2,6,6,216810,168010
2020,재활의학과,Q73,1,2,2,36880,25880
2020,재활의학과,Q74,38,133,139,4573460,3748840
2020,재활의학과,Q75,12,423,431,25011230,23108750
2020,재활의학과,Q76,11,32,32,1047900,739100
2020,재활의학과,Q77,7,263,263,15121240,13792740
2020,재활의학과,Q78,10,31,31,1078990,1000490
2020,재활의학과,Q79,3,42,42,2243210,2020310
2020,재활의학과,Q82,3,6,6,176960,144560
2020,재활의학과,Q84,1,1,1,16140,11340
2020,재활의학과,Q85,12,351,351,24150210,22578350
2020,재활의학과,Q87,59,3060,3076,263647990,243931730
2020,재활의학과,Q90,51,1349,1349,100430520,92841830
2020,재활의학과,Q91,2,124,124,10467350,9685040
2020,재활의학과,Q92,2,91,91,6910750,6566650
2020,재활의학과,Q93,46,2309,2351,205831450,192200580
2020,재활의학과,Q96,1,71,71,3503230,3157330
2020,재활의학과,Q99,9,328,328,23953040,21706120
2020,재활의학과,R00,25,28,28,724740,525740
2020,재활의학과,R01,1,1,1,22610,15910
2020,재활의학과,R03,29,32,32,520160,368960
2020,재활의학과,R04,15,18,18,325120,258020
2020,재활의학과,R05,232,299,299,7690190,5135850
2020,재활의학과,R06,150,215,215,8815500,6345300
2020,재활의학과,R07,446,564,571,16401760,11808680
2020,재활의학과,R09,7,9,9,142100,108500
2020,재활의학과,R10,420,606,642,13202220,9967500
2020,재활의학과,R11,250,346,346,6451010,4858810
2020,재활의학과,R12,128,233,233,8103920,5845420
2020,재활의학과,R13,31,454,489,26594910,22590000
2020,재활의학과,R14,3,3,3,46120,32420
2020,재활의학과,R15,1,1,1,17300,15600
2020,재활의학과,R17,5,28,28,527800,378200
2020,재활의학과,R19,5,6,6,95430,73130
2020,재활의학과,R20,75,96,96,5724250,4053290
2020,재활의학과,R21,4,12,12,1355850,949850
2020,재활의학과,R22,110,167,167,5044180,3562220
2020,재활의학과,R23,8,44,44,3988690,3906590
2020,재활의학과,R25,208,378,378,17688180,12791920
2020,재활의학과,R26,766,2467,2527,83675270,64795330
2020,재활의학과,R27,3,43,43,1610690,1128290
2020,재활의학과,R29,540,761,758,34206400,25338160
2020,재활의학과,R30,4,6,6,131360,96060
2020,재활의학과,R31,15,19,19,429580,315680
2020,재활의학과,R32,34,117,117,2627720,2103320
2020,재활의학과,R35,51,126,126,1864170,1505570
2020,재활의학과,R36,2,2,2,36280,25480
2020,재활의학과,R39,4,24,24,547430,413530
2020,재활의학과,R41,45,124,124,2242350,1911650
2020,재활의학과,R42,611,1153,1153,37833040,27468160
2020,재활의학과,R44,1,2,2,23080,16280
2020,재활의학과,R45,9,53,53,659190,561390
2020,재활의학과,R46,2,4,4,434050,303950
2020,재활의학과,R47,806,13528,13525,195555490,156563170
2020,재활의학과,R50,40,51,50,1229460,896480
2020,재활의학과,R51,1208,3108,3108,103098630,74559670
2020,재활의학과,R52,213,511,511,14192280,10102220
2020,재활의학과,R53,122,246,246,5872360,4215860
2020,재활의학과,R54,2,4,4,50760,44660
2020,재활의학과,R55,14,14,14,312520,223720
2020,재활의학과,R56,12,40,40,2007020,1578220
2020,재활의학과,R57,3,3,3,60770,45870
2020,재활의학과,R58,2,5,5,62300,51500
2020,재활의학과,R59,11,13,13,391830,274930
2020,재활의학과,R60,423,1159,1159,25558780,19257580
2020,재활의학과,R61,5,8,8,215700,151400
2020,재활의학과,R62,2518,70143,77116,4792755100,4275542970
2020,재활의학과,R63,180,282,282,5312040,4125040
2020,재활의학과,R68,15,17,17,346520,243320
2020,재활의학과,R69,2,2,2,38980,27380
2020,재활의학과,R73,151,219,219,5904670,4436450
2020,재활의학과,R74,1,1,1,22510,15810
2020,재활의학과,R76,5,5,5,230000,161300
2020,재활의학과,R79,1,7,7,92890,65490
2020,재활의학과,R80,4,4,4,294750,200000
2020,재활의학과,R81,27,52,52,1474550,1076500
2020,재활의학과,R82,1,1,1,22240,15640
2020,재활의학과,R89,1,1,1,16140,11340
2020,재활의학과,R91,2,3,3,111290,81690
2020,재활의학과,R93,1,1,1,26110,24810
2020,재활의학과,R94,43,79,79,2324690,1687220
2020,재활의학과,S00,1951,2857,2857,73077220,53284940
2020,재활의학과,S01,1324,3049,3088,79652470,59081840
2020,재활의학과,S02,246,742,772,23329030,16975550
2020,재활의학과,S03,521,1247,1247,32142560,23392180
2020,재활의학과,S04,38,219,219,5338970,4147270
2020,재활의학과,S05,32,43,43,1300360,939760
2020,재활의학과,S06,170,997,1716,137294500,109567410
2020,재활의학과,S07,12,15,15,449300,328700
2020,재활의학과,S08,3,5,5,167720,117720
2020,재활의학과,S09,89,164,162,3948390,3009290
2020,재활의학과,S10,55,94,94,2752380,1954680
2020,재활의학과,S11,48,96,96,2294270,1678110
2020,재활의학과,S12,32,162,192,6266160,4435650
2020,재활의학과,S13,32643,114466,114962,3875082650,2746343470
2020,재활의학과,S14,184,1884,2625,129030210,94630650
2020,재활의학과,S15,2,9,9,290400,210800
2020,재활의학과,S17,1,1,1,21830,17530
2020,재활의학과,S19,2,6,6,85420,64820
2020,재활의학과,S20,2379,4174,4191,137543760,99919700
2020,재활의학과,S21,109,334,334,7617700,5812420
2020,재활의학과,S22,3800,11642,12747,473152670,346971200
2020,재활의학과,S23,14426,28326,28465,940512610,677348920
2020,재활의학과,S24,9,21,52,3353230,2505520
2020,재활의학과,S25,2,3,3,67620,47420
2020,재활의학과,S27,1,1,1,21910,17610
2020,재활의학과,S28,2,4,4,81270,57070
2020,재활의학과,S29,13,31,31,602420,423120
2020,재활의학과,S30,943,2003,2003,54672560,40038160
2020,재활의학과,S31,262,810,810,17325980,13403460
2020,재활의학과,S32,1535,5612,7413,339383200,251380850
2020,재활의학과,S33,72109,245657,247912,9302086880,6627825150
2020,재활의학과,S34,134,604,682,42145510,30038380
2020,재활의학과,S35,1,1,1,11540,8140
2020,재활의학과,S39,49,168,194,5603680,4098840
2020,재활의학과,S40,963,3127,3126,99835900,71965420
2020,재활의학과,S41,203,480,480,11180060,8289790
2020,재활의학과,S42,1041,5739,5964,155631250,114437930
2020,재활의학과,S43,21725,84493,84719,2621169520,1873836030
2020,재활의학과,S44,853,3569,3569,133839830,95657530
2020,재활의학과,S45,4,10,10,206390,144890
2020,재활의학과,S46,10913,53829,54591,1660430770,1198928890
2020,재활의학과,S47,1,1,1,226000,158200
2020,재활의학과,S48,4,8,8,121240,85240
2020,재활의학과,S49,688,2421,2421,78149380,55405680
2020,재활의학과,S50,1733,3787,3787,109406300,77809250
2020,재활의학과,S51,481,1405,1405,35448340,26125090
2020,재활의학과,S52,2349,13061,13493,415397270,303905340
2020,재활의학과,S53,10074,32219,32261,880049940,629196010
2020,재활의학과,S54,566,1937,1948,81290630,57690790
2020,재활의학과,S55,8,32,32,492310,349510
2020,재활의학과,S56,1063,4299,4312,97577790,68942440
2020,재활의학과,S57,3,42,42,887270,760270
2020,재활의학과,S58,24,42,42,691690,534890
2020,재활의학과,S59,20,103,103,2745270,1930170
2020,재활의학과,S60,4400,7895,7895,244067680,173885290
2020,재활의학과,S61,4599,12119,12136,318299440,229165480
2020,재활의학과,S62,3672,12615,12713,405724250,289241200
2020,재활의학과,S63,41246,104417,104557,3052719350,2171115570
2020,재활의학과,S64,253,673,673,36373330,25954130
2020,재활의학과,S65,34,83,83,2753780,1966680
2020,재활의학과,S66,1949,6794,6876,200155060,143117720
2020,재활의학과,S67,77,157,171,6677760,4843320
2020,재활의학과,S68,52,181,181,3534490,2560790
2020,재활의학과,S69,246,641,659,20684000,14810820
2020,재활의학과,S70,1489,3431,3440,97741970,71375380
2020,재활의학과,S71,216,707,707,14810700,11235740
2020,재활의학과,S72,386,2899,4770,201632120,151629660
2020,재활의학과,S73,3800,11596,11694,347169440,248150240
2020,재활의학과,S74,94,1153,1171,45181450,31964270
2020,재활의학과,S75,3,4,4,95520,69420
2020,재활의학과,S76,2939,10693,11066,293981900,208418000
2020,재활의학과,S78,23,40,40,639870,479970
2020,재활의학과,S79,34,132,132,4143810,2944710
2020,재활의학과,S80,5429,12909,12949,377278780,270322610
2020,재활의학과,S81,1299,3937,3937,96741810,70206610
2020,재활의학과,S82,2251,12138,14181,479166080,349168180
2020,재활의학과,S83,26663,95995,98410,2679760060,1895880770
2020,재활의학과,S84,261,1671,1685,63703960,46378430
2020,재활의학과,S85,22,61,61,2422160,1750860
2020,재활의학과,S86,3428,13525,13798,335012550,238787630
2020,재활의학과,S87,39,115,115,3972900,2849000
2020,재활의학과,S88,75,146,146,2391100,1798100
2020,재활의학과,S89,87,450,450,9552970,6771670
2020,재활의학과,S90,4823,8391,8390,249977290,178806580
2020,재활의학과,S91,1460,3850,3850,94486370,69215110
2020,재활의학과,S92,5353,19323,20160,746516080,532762120
2020,재활의학과,S93,57003,160600,161828,4740102410,3369003760
2020,재활의학과,S94,54,325,325,11105020,7809420
2020,재활의학과,S95,13,19,19,595000,420800
2020,재활의학과,S96,2236,7674,7823,206964130,149053730
2020,재활의학과,S97,30,72,84,3382630,2450730
2020,재활의학과,S98,13,24,24,504020,385320
2020,재활의학과,S99,406,1101,1101,37767690,26900390
2020,재활의학과,T00,96,191,191,4268300,3035200
2020,재활의학과,T01,58,151,151,3574000,2589720
2020,재활의학과,T02,1,12,12,248820,175120
2020,재활의학과,T03,12,17,17,407000,288300
2020,재활의학과,T08,57,277,277,9899470,7600470
2020,재활의학과,T09,63,239,239,11681130,8309440
2020,재활의학과,T10,11,30,30,860770,648470
2020,재활의학과,T11,29,70,70,2006370,1462970
2020,재활의학과,T12,2,2,2,27680,19480
2020,재활의학과,T13,73,203,203,4929000,3725300
2020,재활의학과,T14,1378,3122,3137,79611850,57130200
2020,재활의학과,T15,1,1,1,32550,22850
2020,재활의학과,T16,11,11,11,252160,186260
2020,재활의학과,T17,16,16,16,584260,414960
2020,재활의학과,T18,11,15,15,376800,283100
2020,재활의학과,T20,31,49,49,2305340,1631230
2020,재활의학과,T21,47,164,164,6326770,4383590
2020,재활의학과,T22,117,482,482,17611240,12160460
2020,재활의학과,T23,306,1057,1057,47531020,33849600
2020,재활의학과,T24,92,376,376,14702810,10511820
2020,재활의학과,T25,77,334,334,13778190,10104320
2020,재활의학과,T26,2,11,11,583930,551630
2020,재활의학과,T29,7,19,19,745740,522940
2020,재활의학과,T30,157,414,414,13724700,10002020
2020,재활의학과,T31,7,23,23,1126340,790140
2020,재활의학과,T33,6,10,10,190130,136930
2020,재활의학과,T35,2,4,4,67880,57880
2020,재활의학과,T37,2,5,5,69420,48820
2020,재활의학과,T56,14,118,118,2737600,1942600
2020,재활의학과,T63,1,1,1,18100,12700
2020,재활의학과,T66,2,2,2,84550,59250
2020,재활의학과,T67,13,19,19,743670,531270
2020,재활의학과,T68,1,1,1,14060,9860
2020,재활의학과,T70,2,2,2,27680,19480
2020,재활의학과,T73,86,156,156,2497850,1841150
2020,재활의학과,T75,5,6,6,110820,77820
2020,재활의학과,T78,23,43,43,731980,524280
2020,재활의학과,T79,18,24,24,944000,667300
2020,재활의학과,T81,16,47,104,5719780,4335920
2020,재활의학과,T84,4,14,47,2633710,1982980
2020,재활의학과,T85,1,1,11,829330,617900
2020,재활의학과,T88,1,2,2,28270,25270
2020,재활의학과,T90,4,12,12,947180,730580
2020,재활의학과,T91,49,213,224,7587600,5914240
2020,재활의학과,T92,66,463,463,10615770,7818170
2020,재활의학과,T93,76,490,490,10822530,8716930
2020,재활의학과,T95,1,2,2,85880,60280
2020,재활의학과,Z00,78,88,88,2913800,2080100
2020,재활의학과,Z01,19,19,19,398830,283530
2020,재활의학과,Z02,4,4,4,47160,33160
2020,재활의학과,Z03,1,1,1,17070,13570
2020,재활의학과,Z04,77,111,111,4460490,3226990
2020,재활의학과,Z09,2,12,12,375820,263720
2020,재활의학과,Z10,1,5,5,127040,89240
2020,재활의학과,Z11,15,15,15,353160,255060
2020,재활의학과,Z13,3,23,23,2835240,2690020
2020,재활의학과,Z20,1,1,1,38310,26910
2020,재활의학과,Z23,7,8,8,252450,177050
2020,재활의학과,Z25,109,199,199,4641110,3437710
2020,재활의학과,Z26,73,82,82,1961170,1430370
2020,재활의학과,Z29,25,28,28,743250,537450
2020,재활의학과,Z30,1,1,1,14060,9860
2020,재활의학과,Z33,1,1,1,18300,12900
2020,재활의학과,Z34,86,87,87,2096390,1878990
2020,재활의학과,Z35,1,1,1,14050,9850
2020,재활의학과,Z36,1,2,2,45960,32260
2020,재활의학과,Z47,23,80,80,1583010,1197510
2020,재활의학과,Z48,383,926,926,20028080,14762680
2020,재활의학과,Z49,2,3,3,75530,63630
2020,재활의학과,Z50,1,1,1,17070,13570
2020,재활의학과,Z51,11,14,14,551830,387030
2020,재활의학과,Z54,34,188,188,2839500,2134700
2020,재활의학과,Z70,2,2,2,32280,25880
2020,재활의학과,Z71,115,122,122,2536910,1569560
2020,재활의학과,Z73,1,1,1,16140,11340
2020,재활의학과,Z82,2,2,2,69120,48520
2020,재활의학과,Z92,1,1,1,16140,11340
2020,재활의학과,Z93,2,4,4,59100,52500
2020,재활의학과,Z94,5,17,17,312200,247900
2020,재활의학과,Z96,48,386,465,15638290,12305370
2020,재활의학과,Z98,521,2131,2213,46974920,34546410
2020,재활의학과,Z99,1,1,1,41920,37820
2020,핵의학과,C15,1,1,1,974380,925680
2020,핵의학과,C16,3,3,3,2923140,2777040
2020,핵의학과,C18,10,12,12,7154410,6797110
2020,핵의학과,C19,1,1,1,974380,925680
2020,핵의학과,C20,15,16,16,14600130,13919130
2020,핵의학과,C22,1,1,1,974380,925680
2020,핵의학과,C25,2,2,2,1750770,1663270
2020,핵의학과,C34,22,22,22,20770300,19732900
2020,핵의학과,C43,1,1,1,187570,178270
2020,핵의학과,C50,580,739,739,242666810,223160210
2020,핵의학과,C53,6,18,18,2892810,2734910
2020,핵의학과,C54,7,7,7,6226690,5915490
2020,핵의학과,C56,5,5,5,4277930,4064130
2020,핵의학과,C61,6,6,6,1111920,1056720
2020,핵의학과,C73,329,1242,1278,80896010,65764210
2020,핵의학과,C77,11,31,31,2582350,2167150
2020,핵의학과,C78,6,42,42,2209320,1702620
2020,핵의학과,C79,3,9,9,1510550,1355650
2020,핵의학과,C81,1,2,2,1739300,1652500
2020,핵의학과,C85,1,1,1,1067630,1014330
2020,핵의학과,D05,121,146,146,57434390,54048890
2020,핵의학과,D06,1,1,1,974380,925680
2020,핵의학과,D09,1,1,1,974380,925680
2020,핵의학과,E03,14,43,43,1384440,1000340
2020,핵의학과,E04,15,25,25,976640,689440
2020,핵의학과,E05,4,12,12,552540,387540
2020,핵의학과,E06,17,43,43,1261200,918000
2020,핵의학과,E21,1,1,1,378930,265330
2020,핵의학과,E78,2,3,3,86910,61010
2020,핵의학과,E89,1,2,2,116820,111120
2020,핵의학과,G44,1,1,1,16140,11340
2020,핵의학과,I10,12,44,44,459620,368560
2020,핵의학과,J02,2,3,3,61150,42950
2020,핵의학과,J03,11,14,14,331000,234800
2020,핵의학과,K21,2,6,6,111760,87460
2020,핵의학과,K30,1,1,1,15720,11020
2020,핵의학과,K76,1,4,4,122810,117010
2020,핵의학과,L04,1,2,2,37120,33520
2020,핵의학과,L29,1,16,16,232920,207320
2020,핵의학과,M54,1,2,2,25160,22160
2020,핵의학과,M81,1,1,1,13620,13020
2020,핵의학과,N95,6,14,14,311560,272160
2020,핵의학과,R68,1,1,1,16140,11340
2020,핵의학과,Z02,3,3,3,0,0
2020,핵의학과,Z10,1,1,1,0,0
2020,가정의학과,A01,3,9,9,208910,146710
2020,가정의학과,A02,6,46,46,817080,593280
2020,가정의학과,A04,17551,25441,25441,664704230,479885140
2020,가정의학과,A05,1857,2789,2787,54465380,39849080
2020,가정의학과,A06,14,19,19,248490,197790
2020,가정의학과,A07,1,1,1,15040,10540
2020,가정의학과,A08,13941,21098,21098,341258260,254487510
2020,가정의학과,A09,110027,158423,158423,2722423950,2009335590
2020,가정의학과,A15,19,206,205,3022700,2815800
2020,가정의학과,A16,21,30,30,1095500,856500
2020,가정의학과,A17,1,1,1,16140,16140
2020,가정의학과,A18,2,2,2,35590,24990
2020,가정의학과,A26,8,15,15,258810,210810
2020,가정의학과,A28,2,2,2,53300,37500
2020,가정의학과,A31,27,227,227,3452240,2672440
2020,가정의학과,A35,38,38,38,1995880,1398880
2020,가정의학과,A37,1,1,1,21510,15110
2020,가정의학과,A38,15,24,24,312820,247420
2020,가정의학과,A39,1,1,1,14060,12560
2020,가정의학과,A41,17,23,23,855390,607890
2020,가정의학과,A46,32,65,65,1259420,924420
2020,가정의학과,A48,1,1,1,20140,14140
2020,가정의학과,A49,254,353,353,5803870,4316070
2020,가정의학과,A51,9,19,19,638380,447380
2020,가정의학과,A52,2,3,3,61290,44990
2020,가정의학과,A53,5,7,7,349810,251010
2020,가정의학과,A54,49,72,72,1559090,1146990
2020,가정의학과,A55,1,1,1,20300,16300
2020,가정의학과,A56,51,81,81,2473490,1751990
2020,가정의학과,A57,3,4,4,55400,47400
2020,가정의학과,A58,2,2,2,44900,31500
2020,가정의학과,A59,99,142,142,2376500,1726400
2020,가정의학과,A60,776,1454,1454,22072520,16675020
2020,가정의학과,A63,14,33,33,1089910,764610
2020,가정의학과,A64,20,39,39,2080480,1474080
2020,가정의학과,A69,563,796,796,12654150,9681350
2020,가정의학과,A74,10,14,14,189330,137730
2020,가정의학과,A75,31,65,65,2100570,1511670
2020,가정의학과,A79,4,6,6,106330,74630
2020,가정의학과,A86,1,1,1,13580,9580
2020,가정의학과,A87,2,3,3,53620,37620
2020,가정의학과,A88,109,162,162,3198250,2484450
2020,가정의학과,A93,1,1,1,16140,14540
2020,가정의학과,A97,1,1,1,16140,11340
2020,가정의학과,B00,27082,38164,38164,606384430,450570800
2020,가정의학과,B01,705,1232,1232,17657800,12796200
2020,가정의학과,B02,24030,51635,51632,904510740,681241830
2020,가정의학과,B05,4,4,4,74200,52200
2020,가정의학과,B06,3,3,3,46460,33760
2020,가정의학과,B07,2721,5585,5580,246893640,175292020
2020,가정의학과,B08,1465,1947,1947,55993900,41300500
2020,가정의학과,B09,188,235,235,3762420,2915120
2020,가정의학과,B15,34,56,56,2351200,1662700
2020,가정의학과,B16,45,54,54,3910300,2743900
2020,가정의학과,B17,761,1017,1017,61914010,43489120
2020,가정의학과,B18,2704,9151,9149,456354740,326203750
2020,가정의학과,B19,61,82,82,3625750,2577050
2020,가정의학과,B20,1,1,1,18440,16640
2020,가정의학과,B24,1,1,1,29380,20580
2020,가정의학과,B25,1,8,8,129400,91200
2020,가정의학과,B26,139,217,217,4569810,3272330
2020,가정의학과,B27,8,14,14,617930,399030
2020,가정의학과,B30,526,665,665,11020520,8460920
2020,가정의학과,B33,144,180,180,2836590,2142890
2020,가정의학과,B34,185,252,252,3891750,2903850
2020,가정의학과,B35,63733,135043,135043,2068489840,1561559610
2020,가정의학과,B36,1087,1602,1602,25690410,18867510
2020,가정의학과,B37,2236,3418,3418,57203710,43392290
2020,가정의학과,B43,149,245,245,6038090,4354890
2020,가정의학과,B44,1,10,10,0,0
2020,가정의학과,B45,1,1,1,23620,21320
2020,가정의학과,B47,3,5,5,69110,48610
2020,가정의학과,B48,179,352,352,5665690,4248190
2020,가정의학과,B49,70,113,113,1929010,1440210
2020,가정의학과,B50,4,4,4,68560,48160
2020,가정의학과,B51,1,1,1,16140,11340
2020,가정의학과,B53,1,1,1,13430,11930
2020,가정의학과,B54,13,13,13,223140,158640
2020,가정의학과,B65,3,3,3,51820,36420
2020,가정의학과,B66,177,189,189,5066630,3623130
2020,가정의학과,B68,4,4,4,57880,40680
2020,가정의학과,B69,1,1,1,11540,8140
2020,가정의학과,B70,1,2,2,25600,18000
2020,가정의학과,B71,7,7,7,101320,73820
2020,가정의학과,B76,3,3,3,52420,36820
2020,가정의학과,B77,5,5,5,84700,59500
2020,가정의학과,B79,1,1,1,16140,11340
2020,가정의학과,B80,20,22,22,501820,373320
2020,가정의학과,B81,3,4,3,614550,430350
2020,가정의학과,B82,8,9,9,139610,109410
2020,가정의학과,B83,14,15,15,393710,287310
2020,가정의학과,B85,87,97,97,1508010,1089210
2020,가정의학과,B86,432,528,528,7355680,5506380
2020,가정의학과,B88,256,337,337,20518910,14525310
2020,가정의학과,B89,18,20,20,566830,408430
2020,가정의학과,B90,4,5,5,103780,79280
2020,가정의학과,B94,1,1,1,11540,10040
2020,가정의학과,B97,3,3,3,48420,34020
2020,가정의학과,B98,78,100,100,1686490,1221890
2020,가정의학과,B99,2,2,2,27680,21380
2020,가정의학과,C00,1,10,10,117920,102920
2020,가정의학과,C01,2,2,2,34200,32500
2020,가정의학과,C02,16,41,41,1976910,1868910
2020,가정의학과,C03,5,7,7,287720,272720
2020,가정의학과,C05,5,74,74,1796790,1690790
2020,가정의학과,C06,4,17,17,281170,234570
2020,가정의학과,C07,6,15,15,308200,283000
2020,가정의학과,C08,7,38,38,1262240,1175980
2020,가정의학과,C09,13,81,81,2443220,2255070
2020,가정의학과,C10,1,5,5,152130,144930
2020,가정의학과,C11,14,58,58,1544750,1471450
2020,가정의학과,C13,4,47,47,779790,743390
2020,가정의학과,C14,1,23,23,356950,340250
2020,가정의학과,C15,48,234,234,7786490,7305790
2020,가정의학과,C16,543,3484,3484,100083080,93363050
2020,가정의학과,C17,21,224,224,5648440,5354800
2020,가정의학과,C18,279,1968,1968,52316370,48950500
2020,가정의학과,C19,25,120,120,3794110,3600610
2020,가정의학과,C20,152,1628,1628,46351770,43680290
2020,가정의학과,C21,9,36,36,763810,725110
2020,가정의학과,C22,243,1364,1363,42714980,40047170
2020,가정의학과,C23,27,74,74,2828500,2656240
2020,가정의학과,C24,98,885,884,25819830,24384140
2020,가정의학과,C25,210,1735,1733,51454980,47451160
2020,가정의학과,C26,13,107,107,3023200,2841420
2020,가정의학과,C30,8,54,54,1745000,1657000
2020,가정의학과,C31,4,35,35,892080,848480
2020,가정의학과,C32,14,116,116,3976880,3771280
2020,가정의학과,C33,4,9,9,267300,254400
2020,가정의학과,C34,461,4026,4024,110931850,104336820
2020,가정의학과,C37,18,114,114,3123530,2947540
2020,가정의학과,C38,3,5,5,272910,259510
2020,가정의학과,C39,5,24,24,390590,372690
2020,가정의학과,C40,5,8,8,484420,404600
2020,가정의학과,C41,5,112,112,3200800,3047900
2020,가정의학과,C43,19,124,123,3543750,3302970
2020,가정의학과,C44,56,279,279,7101580,6688080
2020,가정의학과,C45,2,8,8,105420,100720
2020,가정의학과,C46,5,51,51,1119290,1065890
2020,가정의학과,C47,1,18,18,362870,286970
2020,가정의학과,C48,14,235,235,5575750,5309150
2020,가정의학과,C49,27,258,258,8221430,7747580
2020,가정의학과,C50,789,6486,6486,208079070,191849800
2020,가정의학과,C51,1,2,2,44180,42080
2020,가정의학과,C53,74,642,640,22034050,20598540
2020,가정의학과,C54,70,595,594,18250490,17135250
2020,가정의학과,C55,7,15,15,795800,734420
2020,가정의학과,C56,123,1611,1611,53247160,49944840
2020,가정의학과,C57,15,110,110,2389720,2276520
2020,가정의학과,C58,1,3,3,396180,376480
2020,가정의학과,C61,295,2136,2134,57970860,54353310
2020,가정의학과,C62,3,17,17,841790,658490
2020,가정의학과,C63,3,5,5,86170,81970
2020,가정의학과,C64,84,612,612,19844390,18376100
2020,가정의학과,C65,11,58,58,2214930,2106430
2020,가정의학과,C66,7,32,32,1776150,1687250
2020,가정의학과,C67,98,656,656,19365540,18217170
2020,가정의학과,C68,3,8,8,300890,286090
2020,가정의학과,C69,3,27,27,947580,901280
2020,가정의학과,C70,4,95,95,2239070,2123370
2020,가정의학과,C71,53,572,572,17682240,16655720
2020,가정의학과,C72,6,60,60,1876700,1765220
2020,가정의학과,C73,507,2248,2248,72046640,65418920
2020,가정의학과,C74,3,5,5,90630,86230
2020,가정의학과,C75,11,48,48,920270,778770
2020,가정의학과,C76,8,40,40,682990,624890
2020,가정의학과,C77,14,90,90,2449060,2268940
2020,가정의학과,C78,52,616,616,15407180,14587250
2020,가정의학과,C79,15,41,41,1079820,1026320
2020,가정의학과,C80,22,230,230,6214370,5898570
2020,가정의학과,C81,7,18,18,451930,398630
2020,가정의학과,C82,11,63,63,1534830,1430930
2020,가정의학과,C83,34,290,289,9075560,8622160
2020,가정의학과,C84,4,4,4,68750,61350
2020,가정의학과,C85,48,345,345,9166520,8670520
2020,가정의학과,C86,2,2,2,37630,32630
2020,가정의학과,C88,18,164,164,4883870,4271800
2020,가정의학과,C90,26,156,156,5662390,5387230
2020,가정의학과,C91,17,101,101,2565830,2426650
2020,가정의학과,C92,37,477,477,11867670,11267130
2020,가정의학과,C93,1,1,1,16140,15340
2020,가정의학과,C94,5,75,75,1307970,1247670
2020,가정의학과,C95,11,77,77,2799380,2604460
2020,가정의학과,C96,10,55,55,1959970,1611470
2020,가정의학과,D00,19,70,70,2841380,2602900
2020,가정의학과,D01,37,214,214,6480570,6015890
2020,가정의학과,D02,4,37,37,789300,751100
2020,가정의학과,D03,14,25,25,747440,679840
2020,가정의학과,D04,14,69,69,1295790,1225690
2020,가정의학과,D05,46,355,355,10216500,9274670
2020,가정의학과,D06,24,57,57,1697920,1625820
2020,가정의학과,D07,11,54,54,1518370,1385780
2020,가정의학과,D09,19,101,101,2021640,1907240
2020,가정의학과,D10,58,68,67,2028640,1495240
2020,가정의학과,D11,18,23,22,519690,379390
2020,가정의학과,D12,624,780,778,225077250,156832230
2020,가정의학과,D13,100,162,160,6889060,4860060
2020,가정의학과,D14,28,46,45,791280,607380
2020,가정의학과,D15,5,5,5,68000,55700
2020,가정의학과,D16,8,8,8,254230,177870
2020,가정의학과,D17,1652,3631,3629,297911140,213617010
2020,가정의학과,D18,168,224,224,12087240,8646240
2020,가정의학과,D20,2,2,2,34150,26250
2020,가정의학과,D21,425,962,962,60973700,43781600
2020,가정의학과,D22,80,93,93,1705610,1315210
2020,가정의학과,D23,1532,3003,3001,203179420,145100550
2020,가정의학과,D24,174,214,214,7886870,5694780
2020,가정의학과,D25,63,72,71,3628000,2543780
2020,가정의학과,D26,10,11,11,198710,143610
2020,가정의학과,D27,22,28,28,796510,560660
2020,가정의학과,D28,2,2,2,32280,25880
2020,가정의학과,D29,71,214,214,4040100,3092400
2020,가정의학과,D30,47,55,55,3264240,2310690
2020,가정의학과,D31,2,2,2,30200,21200
2020,가정의학과,D32,41,190,189,7696690,7267750
2020,가정의학과,D33,33,171,171,5747730,5377630
2020,가정의학과,D34,357,450,444,16939880,12215080
2020,가정의학과,D35,42,101,101,3755390,3156690
2020,가정의학과,D36,160,253,252,16969720,12231130
2020,가정의학과,D37,54,90,89,5004230,4014240
2020,가정의학과,D38,11,16,16,330150,289350
2020,가정의학과,D39,7,12,12,465390,431490
2020,가정의학과,D40,5,40,40,736500,680000
2020,가정의학과,D41,12,15,15,936500,747700
2020,가정의학과,D42,4,9,9,286730,269630
2020,가정의학과,D43,15,73,73,2707650,2568150
2020,가정의학과,D44,73,216,214,6371390,4941090
2020,가정의학과,D45,10,25,24,798160,696860
2020,가정의학과,D46,20,97,97,2040200,1875100
2020,가정의학과,D47,30,63,63,2029710,1882110
2020,가정의학과,D48,55,108,108,2980490,2568390
2020,가정의학과,D50,13076,24530,24526,779020460,557771170
2020,가정의학과,D51,159,453,453,8950310,6965230
2020,가정의학과,D52,51,95,95,1422710,1129010
2020,가정의학과,D53,91,199,199,4719160,3468960
2020,가정의학과,D55,2,11,11,142340,125840
2020,가정의학과,D59,6,10,10,151600,125400
2020,가정의학과,D60,2,2,2,50580,37380
2020,가정의학과,D61,11,19,19,472000,399500
2020,가정의학과,D62,6,9,9,234860,168660
2020,가정의학과,D63,28,79,79,1303500,1051800
2020,가정의학과,D64,5019,6950,6947,350486290,250317090
2020,가정의학과,D66,3,93,93,764550,693650
2020,가정의학과,D67,1,2,2,154510,139210
2020,가정의학과,D68,22,200,200,2117990,1598790
2020,가정의학과,D69,461,713,711,16694250,12477050
2020,가정의학과,D70,1,7,7,83300,72800
2020,가정의학과,D72,194,366,365,8282290,5999810
2020,가정의학과,D73,5,8,8,207130,153630
2020,가정의학과,D75,41,45,45,1507300,1059820
2020,가정의학과,D76,1,1,1,11540,8140
2020,가정의학과,D80,4,13,13,205000,153100
2020,가정의학과,D81,1,1,1,109180,76480
2020,가정의학과,D82,1,1,1,16140,14540
2020,가정의학과,D84,47,126,126,3018050,2179150
2020,가정의학과,D89,5,7,7,96570,67970
2020,가정의학과,E00,6,13,13,219640,162840
2020,가정의학과,E01,6,11,11,339780,251080
2020,가정의학과,E02,43,149,149,4771500,3417500
2020,가정의학과,E03,13953,49184,49183,1427637440,1029835880
2020,가정의학과,E04,564,900,896,35990000,25718660
2020,가정의학과,E05,3391,12605,12596,418256960,297938290
2020,가정의학과,E06,524,1243,1242,47158830,33485380
2020,가정의학과,E07,2527,3652,3651,204732160,144517010
2020,가정의학과,E10,953,4158,4158,84583000,64449590
2020,가정의학과,E11,97603,679468,679451,14693321250,11452951360
2020,가정의학과,E12,32,182,182,4182080,2975920
2020,가정의학과,E13,1522,8571,8571,193693480,151262160
2020,가정의학과,E14,9021,50634,50632,1193371290,916184720
2020,가정의학과,E16,372,535,535,9447210,7507610
2020,가정의학과,E20,50,80,80,3270750,2299650
2020,가정의학과,E21,14,20,20,568360,406460
2020,가정의학과,E22,72,205,205,5160570,3744170
2020,가정의학과,E23,64,412,412,8048710,6424020
2020,가정의학과,E24,12,36,36,1282270,1048670
2020,가정의학과,E25,3,3,3,49960,35060
2020,가정의학과,E26,1,1,1,11540,8140
2020,가정의학과,E27,362,1037,1037,53091340,38533890
2020,가정의학과,E28,122,252,252,11109040,7785040
2020,가정의학과,E29,43,126,126,4283950,3160760
2020,가정의학과,E30,441,1205,1197,23936690,16953390
2020,가정의학과,E32,3,3,3,39220,27620
2020,가정의학과,E34,148,268,268,4426730,3246730
2020,가정의학과,E35,13,29,29,1138940,806640
2020,가정의학과,E40,6,8,8,100920,85020
2020,가정의학과,E41,82,201,201,1689720,1335320
2020,가정의학과,E44,99,143,143,2443340,1813540
2020,가정의학과,E45,2,2,2,66360,51060
2020,가정의학과,E46,95,145,145,3548140,2686840
2020,가정의학과,E50,716,1308,1308,19716700,15487500
2020,가정의학과,E51,8,9,9,220830,167530
2020,가정의학과,E53,103,185,185,5177500,3728750
2020,가정의학과,E54,8,8,8,120480,91780
2020,가정의학과,E55,9238,14493,14492,330263190,239424620
2020,가정의학과,E56,190,313,313,14392800,10028750
2020,가정의학과,E58,201,419,419,6460600,5001800
2020,가정의학과,E59,47,72,72,10207030,6396570
2020,가정의학과,E60,1,1,1,72040,50440
2020,가정의학과,E61,361,601,601,14598270,10244790
2020,가정의학과,E63,246,369,369,8117020,6329340
2020,가정의학과,E64,14,30,30,770060,563560
2020,가정의학과,E65,5,5,5,86570,60870
2020,가정의학과,E66,515,899,899,14800150,10416110
2020,가정의학과,E67,6,6,6,93620,66820
2020,가정의학과,E68,5,12,12,177150,146050
2020,가정의학과,E70,1,1,1,16140,14540
2020,가정의학과,E71,1,1,1,0,0
2020,가정의학과,E72,2,6,6,84320,73420
2020,가정의학과,E73,1,1,1,11540,8140
2020,가정의학과,E74,53,127,127,1916240,1485340
2020,가정의학과,E75,38,65,65,1675370,1221970
2020,가정의학과,E76,1,1,1,8410,5910
2020,가정의학과,E78,76591,259623,259620,5537922660,4064916540
2020,가정의학과,E79,220,429,429,9644970,6963670
2020,가정의학과,E80,34,38,38,1241560,888160
2020,가정의학과,E83,805,1640,1640,33864290,24981620
2020,가정의학과,E84,2,2,2,129760,92860
2020,가정의학과,E85,3,3,3,40290,30890
2020,가정의학과,E86,1280,1920,1920,45751080,34808080
2020,가정의학과,E87,627,1045,1045,36441800,28138700
2020,가정의학과,E88,62,99,99,3930130,2856830
2020,가정의학과,E89,299,883,883,18774430,13573590
2020,가정의학과,F00,6798,45929,45929,585752560,464441230
2020,가정의학과,F01,302,856,856,17748390,13990450
2020,가정의학과,F02,93,283,283,6360730,4627230
2020,가정의학과,F03,365,670,667,15111150,11998550
2020,가정의학과,F04,1,1,1,14060,9860
2020,가정의학과,F05,25,59,58,543900,443000
2020,가정의학과,F06,11400,32621,32619,524846620,436650040
2020,가정의학과,F07,93,356,356,3046150,2461950
2020,가정의학과,F09,14,47,47,620180,530480
2020,가정의학과,F10,107,163,162,3122050,2283250
2020,가정의학과,F17,59,99,99,1471390,1045990
2020,가정의학과,F19,3,3,3,43820,35920
2020,가정의학과,F20,134,561,561,5817720,4922220
2020,가정의학과,F21,2,14,14,195720,176920
2020,가정의학과,F22,4,7,7,95730,75830
2020,가정의학과,F23,13,25,25,266890,196990
2020,가정의학과,F25,7,28,28,287100,247300
2020,가정의학과,F28,2,4,4,59520,45120
2020,가정의학과,F29,5,17,17,241820,189020
2020,가정의학과,F30,12,40,40,574270,458870
2020,가정의학과,F31,365,1412,1412,12298670,9726270
2020,가정의학과,F32,4389,13651,13646,211886920,166022550
2020,가정의학과,F33,530,1599,1598,22180490,17603290
2020,가정의학과,F34,180,507,507,8241540,6399440
2020,가정의학과,F38,275,564,564,9308940,7249040
2020,가정의학과,F39,315,664,664,9461530,7482630
2020,가정의학과,F40,396,1197,1197,16522560,12467760
2020,가정의학과,F41,16277,41850,41845,635024320,498176250
2020,가정의학과,F42,66,151,151,2345150,1714850
2020,가정의학과,F43,1207,1962,1962,32023810,23874110
2020,가정의학과,F44,3,10,10,138390,97390
2020,가정의학과,F45,1901,3672,3672,66808080,50564580
2020,가정의학과,F48,1762,3187,3186,71864710,53709150
2020,가정의학과,F50,235,515,515,11828510,9399010
2020,가정의학과,F51,15245,48303,48302,687798610,534285580
2020,가정의학과,F52,33,45,45,495450,376150
2020,가정의학과,F54,99,137,137,1991130,1563430
2020,가정의학과,F59,15,25,25,385000,271800
2020,가정의학과,F60,8,12,10,170580,126580
2020,가정의학과,F63,6,7,7,130580,93680
2020,가정의학과,F64,2,6,6,104950,73750
2020,가정의학과,F65,1,1,1,20140,14140
2020,가정의학과,F66,6,11,11,107970,76170
2020,가정의학과,F68,1,1,1,14060,9860
2020,가정의학과,F69,1,2,2,72140,55040
2020,가정의학과,F70,2,2,2,32280,29680
2020,가정의학과,F78,1,1,1,16140,11340
2020,가정의학과,F79,3,8,8,104610,89010
2020,가정의학과,F80,59,70,69,1083900,868300
2020,가정의학과,F81,3,5,5,74860,57060
2020,가정의학과,F83,1,1,1,20140,14140
2020,가정의학과,F84,19,35,35,1101840,752020
2020,가정의학과,F88,2,2,2,31130,23430
2020,가정의학과,F89,8,9,9,224470,167270
2020,가정의학과,F90,66,242,241,3393370,2426670
2020,가정의학과,F91,4,6,6,105770,77270
2020,가정의학과,F92,34,122,122,1635380,1358280
2020,가정의학과,F93,3,4,4,57470,44170
2020,가정의학과,F94,1,1,1,16140,11340
2020,가정의학과,F95,48,62,62,934180,673480
2020,가정의학과,F98,25,40,40,594990,433490
2020,가정의학과,F99,1,1,1,16140,11340
2020,가정의학과,G00,1,1,1,16140,11340
2020,가정의학과,G02,1,1,1,11540,8140
2020,가정의학과,G03,6,7,7,118000,83000
2020,가정의학과,G04,3,3,3,45710,35710
2020,가정의학과,G05,17,32,32,494600,381400
2020,가정의학과,G08,2,6,6,83130,65530
2020,가정의학과,G11,9,54,54,1574840,1415240
2020,가정의학과,G12,16,96,96,1938010,1737320
2020,가정의학과,G14,2,5,5,233240,189040
2020,가정의학과,G20,528,2529,2526,40336770,35134840
2020,가정의학과,G21,59,182,182,2293560,1917860
2020,가정의학과,G22,38,110,110,1663640,1386440
2020,가정의학과,G23,110,320,320,4673920,3968220
2020,가정의학과,G24,554,742,740,12517650,9307490
2020,가정의학과,G25,1827,4194,4193,71263130,55936710
2020,가정의학과,G26,1,1,1,14060,12560
2020,가정의학과,G30,400,1599,1599,29127190,23711290
2020,가정의학과,G31,13383,40896,40896,670745410,551406780
2020,가정의학과,G32,24,69,69,983540,845740
2020,가정의학과,G35,9,31,31,1997070,1758770
2020,가정의학과,G36,2,2,2,25600,23100
2020,가정의학과,G40,514,1853,1852,24869500,19595600
2020,가정의학과,G41,146,382,382,5986960,4659400
2020,가정의학과,G43,16847,34237,34234,631159890,460573120
2020,가정의학과,G44,13409,22399,22397,619286830,455601290
2020,가정의학과,G45,292,828,828,13608130,10950890
2020,가정의학과,G46,79,456,456,8185420,6883620
2020,가정의학과,G47,36566,110055,110054,1634250220,1255779340
2020,가정의학과,G50,1370,2343,2343,44206710,34167940
2020,가정의학과,G51,523,1051,1049,21751820,16133440
2020,가정의학과,G52,37,53,52,1267770,933470
2020,가정의학과,G53,5809,16646,16645,282848180,223998620
2020,가정의학과,G54,257,694,694,33419780,24563180
2020,가정의학과,G55,234,600,600,25275390,18640150
2020,가정의학과,G56,1640,3635,3633,136741020,99226220
2020,가정의학과,G57,1941,4993,4992,258995980,184394900
2020,가정의학과,G58,2038,4089,4089,258814860,189099520
2020,가정의학과,G59,55,176,176,3376430,2660930
2020,가정의학과,G60,6,16,16,739760,629300
2020,가정의학과,G61,3,17,17,223790,195590
2020,가정의학과,G62,178,462,462,7271600,6165100
2020,가정의학과,G63,619,2181,2181,41881610,33389490
2020,가정의학과,G64,503,924,923,15006240,11868390
2020,가정의학과,G70,22,181,180,4011900,3505420
2020,가정의학과,G71,16,36,36,618770,502670
2020,가정의학과,G72,10,23,23,874070,620870
2020,가정의학과,G73,8,23,23,442180,328980
2020,가정의학과,G80,13,53,53,927510,706510
2020,가정의학과,G81,32,482,482,7671870,6273770
2020,가정의학과,G82,6,63,63,972590,717490
2020,가정의학과,G83,6,20,20,281070,203070
2020,가정의학과,G90,1297,3399,3399,109545350,79031650
2020,가정의학과,G91,6,31,31,451620,355820
2020,가정의학과,G93,391,767,767,16413310,11687560
2020,가정의학과,G95,25,97,97,1794770,1568170
2020,가정의학과,G96,1,3,3,46670,39470
2020,가정의학과,G98,3,4,4,62090,52490
2020,가정의학과,G99,83,149,149,1976130,1523530
2020,가정의학과,H00,13278,16853,16853,286728820,207653330
2020,가정의학과,H01,4278,5032,5032,78490470,58695730
2020,가정의학과,H02,407,837,836,19181930,14940130
2020,가정의학과,H03,25,34,34,825600,614800
2020,가정의학과,H04,10302,16699,16699,247741580,191112030
2020,가정의학과,H05,128,172,172,3155910,2301310
2020,가정의학과,H06,5,8,8,164840,129340
2020,가정의학과,H10,29706,38863,38862,608284450,463959110
2020,가정의학과,H11,2597,4041,4041,60734040,46256240
2020,가정의학과,H13,9,10,10,154530,122630
2020,가정의학과,H15,44,51,51,831080,628880
2020,가정의학과,H16,2827,4044,4044,63585170,49553070
2020,가정의학과,H17,5,7,7,118360,96160
2020,가정의학과,H18,26,44,44,625170,503370
2020,가정의학과,H19,251,372,372,5289290,4140990
2020,가정의학과,H20,24,42,42,779940,583440
2020,가정의학과,H21,4,4,4,55360,40860
2020,가정의학과,H22,1,1,1,19640,13840
2020,가정의학과,H25,1551,3102,3101,45091460,38418160
2020,가정의학과,H26,262,447,446,6328770,5242470
2020,가정의학과,H27,1,1,1,17210,15510
2020,가정의학과,H28,13,26,26,353570,302870
2020,가정의학과,H30,3,7,7,98580,81580
2020,가정의학과,H31,1,1,1,14060,9860
2020,가정의학과,H33,4,4,4,64560,48560
2020,가정의학과,H34,42,109,109,1554170,1288570
2020,가정의학과,H35,106,303,303,7617770,6462870
2020,가정의학과,H36,475,1448,1448,23360840,19374440
2020,가정의학과,H40,926,1989,1989,27372490,22681690
2020,가정의학과,H42,40,70,70,897440,739140
2020,가정의학과,H43,10,12,12,239870,176770
2020,가정의학과,H44,19,22,22,342010,254610
2020,가정의학과,H46,2,2,2,32280,22680
2020,가정의학과,H47,2,2,2,32280,25880
2020,가정의학과,H48,1,1,1,19130,13430
2020,가정의학과,H49,3,7,7,91900,72400
2020,가정의학과,H50,14,18,17,272810,203910
2020,가정의학과,H52,27,31,31,475060,359860
2020,가정의학과,H53,89,110,110,2464050,1840350
2020,가정의학과,H54,41,57,57,998120,792920
2020,가정의학과,H55,2,2,2,34550,32050
2020,가정의학과,H57,105,135,135,2392340,1767540
2020,가정의학과,H59,6,8,8,116100,96200
2020,가정의학과,H60,14658,22134,22134,365306970,273156360
2020,가정의학과,H61,2006,2577,2577,71935990,53443730
2020,가정의학과,H62,256,495,495,8007520,6042220
2020,가정의학과,H65,4704,12984,12984,193815370,148362170
2020,가정의학과,H66,14337,30944,30941,469594190,359147290
2020,가정의학과,H67,72,133,132,2008550,1522850
2020,가정의학과,H68,238,305,305,4830690,3573590
2020,가정의학과,H69,224,372,372,5348160,4015060
2020,가정의학과,H70,31,41,41,655630,479830
2020,가정의학과,H71,4,5,5,131200,98400
2020,가정의학과,H72,64,89,89,1647080,1231180
2020,가정의학과,H73,253,479,479,10094790,7355090
2020,가정의학과,H74,1,4,4,48680,34280
2020,가정의학과,H80,4,4,4,108140,79040
2020,가정의학과,H81,20803,36565,36561,648377810,502726510
2020,가정의학과,H82,365,582,582,12569850,9476050
2020,가정의학과,H83,65,97,96,1384430,1106330
2020,가정의학과,H90,99,108,108,2682400,2037300
2020,가정의학과,H91,311,404,403,6797420,5401920
2020,가정의학과,H92,574,677,677,10784570,8048270
2020,가정의학과,H93,1779,2872,2869,49551390,38024150
2020,가정의학과,I00,17,72,72,1592820,1133420
2020,가정의학과,I01,8,9,9,139980,100980
2020,가정의학과,I02,1,1,1,52490,36790
2020,가정의학과,I05,10,41,41,788690,579090
2020,가정의학과,I06,1,1,1,16140,14540
2020,가정의학과,I07,2,3,3,42580,34380
2020,가정의학과,I08,24,92,91,1766290,1415390
2020,가정의학과,I09,1,1,1,16140,11340
2020,가정의학과,I10,315282,2137121,2137061,39219583270,30851035370
2020,가정의학과,I11,2828,18218,18215,339778020,276388240
2020,가정의학과,I12,311,830,829,22938770,17149470
2020,가정의학과,I13,560,4097,4097,85384480,67891080
2020,가정의학과,I15,90,327,327,6407550,4767860
2020,가정의학과,I20,3531,10063,10052,203216630,159828780
2020,가정의학과,I21,145,387,386,8122830,6226780
2020,가정의학과,I22,6,13,13,187160,160960
2020,가정의학과,I23,15,35,35,612420,488620
2020,가정의학과,I24,68,227,227,4787760,3950260
2020,가정의학과,I25,475,1634,1633,32300550,25425350
2020,가정의학과,I26,11,29,29,489890,392390
2020,가정의학과,I27,7,24,24,490200,423100
2020,가정의학과,I28,1,2,2,138580,99780
2020,가정의학과,I31,5,14,14,401990,306590
2020,가정의학과,I34,36,70,70,13785980,9770980
2020,가정의학과,I35,28,76,75,2303500,1740200
2020,가정의학과,I36,1,5,5,70620,63020
2020,가정의학과,I38,1,3,3,47820,33620
2020,가정의학과,I39,2,2,1,26210,18410
2020,가정의학과,I42,48,220,220,5241630,4590530
2020,가정의학과,I44,179,263,263,7345930,5396130
2020,가정의학과,I45,157,248,248,6463580,4864280
2020,가정의학과,I46,1,1,1,16140,14540
2020,가정의학과,I47,486,861,860,17880670,13331970
2020,가정의학과,I48,586,1761,1760,35465540,27794280
2020,가정의학과,I49,1849,3122,3117,72140520,54256880
2020,가정의학과,I50,1094,3174,3170,62151740,50018980
2020,가정의학과,I51,220,347,346,8072280,6184780
2020,가정의학과,I52,1,1,1,21070,16670
2020,가정의학과,I60,10,30,30,531720,396420
2020,가정의학과,I61,22,77,77,1469430,1167630
2020,가정의학과,I62,3,15,15,309270,234370
2020,가정의학과,I63,1439,6047,6045,103563980,84836200
2020,가정의학과,I64,48,145,144,2398910,1986210
2020,가정의학과,I65,440,1416,1416,38913080,28381390
2020,가정의학과,I66,41,135,135,2693690,2070980
2020,가정의학과,I67,985,3117,3113,50750360,41853360
2020,가정의학과,I68,196,1101,1101,18778150,16134550
2020,가정의학과,I69,644,2051,2051,31236430,25847390
2020,가정의학과,I70,851,2182,2182,44377060,34325810
2020,가정의학과,I71,37,149,149,2919990,2426290
2020,가정의학과,I72,14,40,40,701690,510990
2020,가정의학과,I73,10672,22414,22412,380521330,297383630
2020,가정의학과,I74,179,593,593,9368180,7331880
2020,가정의학과,I77,7,9,9,143180,108380
2020,가정의학과,I78,80,133,133,2064890,1627190
2020,가정의학과,I79,28,52,52,1019120,789520
2020,가정의학과,I80,282,519,519,8083590,6450490
2020,가정의학과,I82,54,94,94,1839510,1410110
2020,가정의학과,I83,1765,3769,3765,59198440,45048020
2020,가정의학과,I85,1,1,1,16140,14540
2020,가정의학과,I86,58,96,96,1860170,1338020
2020,가정의학과,I87,6698,18153,18152,277863990,205490430
2020,가정의학과,I88,518,716,716,13285490,9569420
2020,가정의학과,I89,1801,5408,5407,99138150,71287150
2020,가정의학과,I95,1010,1338,1338,32490140,23944640
2020,가정의학과,I97,7,19,19,280610,218110
2020,가정의학과,I98,1,2,2,19610,16610
2020,가정의학과,I99,47,122,122,2148300,1715200
2020,가정의학과,J00,81667,136754,136752,2144856630,1619808610
2020,가정의학과,J01,35726,72317,72317,1130751750,849010120
2020,가정의학과,J02,90543,154597,154597,2395125480,1785792300
2020,가정의학과,J03,110660,204864,204864,3231889560,2403701190
2020,가정의학과,J04,37524,70689,70689,1098570060,834621180
2020,가정의학과,J05,46,66,66,1036740,803140
2020,가정의학과,J06,110418,188579,188577,2964755960,2232671640
2020,가정의학과,J09,1200,1901,1901,31370050,22557050
2020,가정의학과,J10,13562,18577,18577,294699950,213421350
2020,가정의학과,J11,9457,12903,12902,208077930,151074930
2020,가정의학과,J12,105,240,240,5535090,4078890
2020,가정의학과,J13,1,1,1,16140,11340
2020,가정의학과,J15,3101,6110,6109,105076420,79687270
2020,가정의학과,J16,530,1704,1704,27038880,22435080
2020,가정의학과,J17,11,18,18,280620,231920
2020,가정의학과,J18,5806,10989,10988,192142380,146629060
2020,가정의학과,J20,405002,877091,877072,13482940860,10207865660
2020,가정의학과,J21,23438,50149,50148,829913050,620458650
2020,가정의학과,J22,19154,37230,37230,560267990,424925730
2020,가정의학과,J30,170868,336979,336972,5420511240,4060242750
2020,가정의학과,J31,3302,5906,5906,89930800,66850800
2020,가정의학과,J32,8623,17733,17733,259489260,193287000
2020,가정의학과,J33,36,44,44,709160,529760
2020,가정의학과,J34,2313,3177,3177,78638590,59089790
2020,가정의학과,J35,3811,6084,6083,94335120,69725420
2020,가정의학과,J36,15790,27603,27603,440501430,326649450
2020,가정의학과,J37,532,930,930,15886710,11775810
2020,가정의학과,J38,231,435,435,12917160,9252760
2020,가정의학과,J39,8735,16107,16107,256541570,188326770
2020,가정의학과,J40,30524,62773,62769,972820530,745484240
2020,가정의학과,J41,5811,13460,13460,199821410,156312780
2020,가정의학과,J42,4856,13154,13152,191534620,157288270
2020,가정의학과,J43,53,220,220,3627110,3084510
2020,가정의학과,J44,1298,4439,4439,71392430,59044790
2020,가정의학과,J45,22329,65567,65564,1135475200,881792660
2020,가정의학과,J46,357,1299,1299,19993360,15819360
2020,가정의학과,J47,288,820,819,12387290,10111790
2020,가정의학과,J60,1,1,1,16140,11340
2020,가정의학과,J61,2,2,2,23080,20080
2020,가정의학과,J63,1,1,1,14060,9860
2020,가정의학과,J64,12,51,51,943970,790270
2020,가정의학과,J68,3,3,3,39220,30820
2020,가정의학과,J69,5,48,48,1765620,1288220
2020,가정의학과,J70,4,4,4,60550,43650
2020,가정의학과,J80,4,4,4,161720,116620
2020,가정의학과,J81,8,9,9,139630,108730
2020,가정의학과,J82,3,30,30,130620,92420
2020,가정의학과,J84,58,251,251,6313540,5348140
2020,가정의학과,J85,5,5,5,77650,60750
2020,가정의학과,J90,30,50,50,2231990,1633490
2020,가정의학과,J91,1,2,2,46060,36760
2020,가정의학과,J93,86,107,106,2456360,1772960
2020,가정의학과,J94,13,19,19,316930,240630
2020,가정의학과,J96,5,7,7,125310,100510
2020,가정의학과,J98,192,248,244,5742610,4338110
2020,가정의학과,K00,3,4,4,61390,47690
2020,가정의학과,K01,3,4,4,61070,47970
2020,가정의학과,K02,7,7,7,97100,72900
2020,가정의학과,K03,2,2,2,29730,23430
2020,가정의학과,K04,301,523,523,8492070,6712770
2020,가정의학과,K05,4513,7607,7607,114136700,90314300
2020,가정의학과,K06,18,19,19,309230,227430
2020,가정의학과,K07,763,1277,1275,21314520,15975520
2020,가정의학과,K08,132,192,191,2963480,2301980
2020,가정의학과,K09,20,23,23,494730,376630
2020,가정의학과,K10,33,58,58,802230,651330
2020,가정의학과,K11,781,1090,1090,20239640,14862260
2020,가정의학과,K12,14652,21713,21713,358397970,271664450
2020,가정의학과,K13,743,1065,1063,16689700,13003000
2020,가정의학과,K14,965,1353,1350,22269200,17304000
2020,가정의학과,K20,120,168,168,3050510,2250110
2020,가정의학과,K21,120085,240414,240407,3931907690,2962779570
2020,가정의학과,K22,197,519,518,17407150,12738150
2020,가정의학과,K23,2,2,2,40280,36280
2020,가정의학과,K25,13365,27765,27764,608733840,454961470
2020,가정의학과,K26,984,1894,1894,56368270,40725400
2020,가정의학과,K27,13195,23239,23239,371064340,279129500
2020,가정의학과,K28,29,69,69,924580,717380
2020,가정의학과,K29,157800,275495,275487,4982923010,3736944350
2020,가정의학과,K30,20098,30676,30674,493674570,374858510
2020,가정의학과,K31,3891,5843,5841,114749200,86742200
2020,가정의학과,K35,498,545,540,13267460,9530860
2020,가정의학과,K36,34,38,38,643040,484940
2020,가정의학과,K37,263,278,277,10500360,7451560
2020,가정의학과,K38,46,48,48,940620,667620
2020,가정의학과,K40,174,217,214,3978620,3162120
2020,가정의학과,K41,10,35,35,484350,412750
2020,가정의학과,K42,9,11,11,185540,154440
2020,가정의학과,K43,32,40,40,637010,529210
2020,가정의학과,K44,3,3,3,34620,26320
2020,가정의학과,K45,10,12,12,167530,136230
2020,가정의학과,K46,36,41,41,604610,496210
2020,가정의학과,K50,88,270,270,8186470,6614880
2020,가정의학과,K51,251,420,420,14861440,11142890
2020,가정의학과,K52,46915,67601,67601,1254871210,929249290
2020,가정의학과,K55,4,13,13,172630,144330
2020,가정의학과,K56,197,253,252,6976910,5055310
2020,가정의학과,K57,97,140,140,3727230,2673730
2020,가정의학과,K58,36367,59930,59929,1397120130,1039914780
2020,가정의학과,K59,42131,73456,73451,1143192350,887722950
2020,가정의학과,K60,87,155,155,2463470,1949670
2020,가정의학과,K61,163,366,366,6851230,5216730
2020,가정의학과,K62,319,452,452,30930610,22235010
2020,가정의학과,K63,1524,2045,2043,335658810,237330710
2020,가정의학과,K64,3477,5512,5510,94980430,72278830
2020,가정의학과,K65,20,30,30,485010,371610
2020,가정의학과,K66,1,1,1,16140,11340
2020,가정의학과,K70,1761,3557,3556,110941140,78870480
2020,가정의학과,K71,1416,2689,2689,74044660,53044620
2020,가정의학과,K72,116,241,241,6083030,4324930
2020,가정의학과,K73,3250,7535,7534,191151080,138573560
2020,가정의학과,K74,277,783,782,22550460,16573930
2020,가정의학과,K75,6670,14213,14205,415635690,298523720
2020,가정의학과,K76,15031,24995,24993,1043437450,737774470
2020,가정의학과,K77,101,153,153,5037900,3579000
2020,가정의학과,K80,1015,2088,2085,64700010,46842120
2020,가정의학과,K81,157,209,209,10143790,7384790
2020,가정의학과,K82,275,368,363,29406900,20318400
2020,가정의학과,K83,190,288,288,6719710,4937610
2020,가정의학과,K85,129,229,229,8158210,5965010
2020,가정의학과,K86,311,629,627,16924080,12463780
2020,가정의학과,K87,107,128,128,7447970,5316770
2020,가정의학과,K90,148,261,261,10246160,7478860
2020,가정의학과,K91,48,120,120,2472190,1789300
2020,가정의학과,K92,357,478,476,10640620,7926120
2020,가정의학과,K93,147,171,171,2502830,1928930
2020,가정의학과,L00,10,11,11,262380,184080
2020,가정의학과,L01,6780,10942,10942,183998610,140246130
2020,가정의학과,L02,34705,72563,72560,1412656530,1048535760
2020,가정의학과,L03,50662,91210,91208,1633641270,1227550800
2020,가정의학과,L04,11584,18776,18773,302176150,219198230
2020,가정의학과,L05,253,398,398,8096820,5799920
2020,가정의학과,L08,13035,20831,20829,378515740,281438390
2020,가정의학과,L10,11,17,17,246690,197590
2020,가정의학과,L11,17,29,29,403990,285890
2020,가정의학과,L12,8,43,43,1107460,948220
2020,가정의학과,L13,368,539,539,8884030,6544430
2020,가정의학과,L20,18120,33397,33392,852039110,621169280
2020,가정의학과,L21,13221,21258,21255,330171440,253780210
2020,가정의학과,L22,256,295,295,4541220,3640720
2020,가정의학과,L23,119424,208758,208755,3394198690,2607614520
2020,가정의학과,L24,20152,36068,36067,566592520,442498330
2020,가정의학과,L25,18138,30303,30303,489919420,374952240
2020,가정의학과,L26,19,19,19,308770,233670
2020,가정의학과,L27,658,968,968,19169800,14304500
2020,가정의학과,L28,3536,5918,5918,104181380,78813220
2020,가정의학과,L29,4776,8138,8138,130678970,102706470
2020,가정의학과,L30,29174,47636,47634,829740160,628142450
2020,가정의학과,L40,2019,4397,4397,88426960,66622280
2020,가정의학과,L41,43,84,84,1230280,950480
2020,가정의학과,L42,165,241,241,4182790,2975490
2020,가정의학과,L43,55,94,94,2077870,1516050
2020,가정의학과,L44,12,14,14,291910,213210
2020,가정의학과,L45,2,2,2,34230,24030
2020,가정의학과,L50,71922,141541,141529,2710845490,2056308640
2020,가정의학과,L51,40,86,86,2179680,1576380
2020,가정의학과,L52,25,66,65,1801380,1270480
2020,가정의학과,L53,72,97,96,1717820,1318520
2020,가정의학과,L55,60,71,71,1225820,897320
2020,가정의학과,L56,46,58,58,916350,693250
2020,가정의학과,L57,88,107,107,2398650,1798850
2020,가정의학과,L58,1,1,1,16120,14520
2020,가정의학과,L59,9,9,9,143150,104150
2020,가정의학과,L60,3566,8019,8019,219331120,160154260
2020,가정의학과,L62,4,5,5,105240,78640
2020,가정의학과,L63,1276,4141,4141,142484910,100173320
2020,가정의학과,L64,185,340,340,5257660,3722760
2020,가정의학과,L65,293,428,428,8519080,6071300
2020,가정의학과,L66,315,564,564,8579160,6149760
2020,가정의학과,L67,1,1,1,16140,11340
2020,가정의학과,L68,2,7,7,69240,48840
2020,가정의학과,L70,4011,8389,8389,131868400,93058100
2020,가정의학과,L71,233,436,436,7287630,5348770
2020,가정의학과,L72,1095,2212,2210,94407850,67771840
2020,가정의학과,L73,526,970,970,14899130,10874930
2020,가정의학과,L74,201,227,227,3726980,2917280
2020,가정의학과,L75,8,9,9,141950,101650
2020,가정의학과,L80,124,146,146,2549200,1966450
2020,가정의학과,L81,347,397,395,5651530,4197530
2020,가정의학과,L82,143,173,173,3462390,2637490
2020,가정의학과,L83,11,11,11,366870,262670
2020,가정의학과,L84,6367,12156,12156,510997570,364434560
2020,가정의학과,L85,3348,4929,4929,77006110,58664370
2020,가정의학과,L86,65,80,80,1158320,878220
2020,가정의학과,L87,5,5,5,69420,48820
2020,가정의학과,L88,15,41,41,1219000,886900
2020,가정의학과,L89,407,1972,1972,42378110,35438790
2020,가정의학과,L90,92,118,118,2861810,2029410
2020,가정의학과,L91,547,1155,1155,39303230,27738970
2020,가정의학과,L92,172,255,255,12429670,9050870
2020,가정의학과,L93,23,57,57,3500990,2438210
2020,가정의학과,L94,4,12,12,169830,126930
2020,가정의학과,L95,68,154,153,5461030,3857260
2020,가정의학과,L97,7,63,63,1447800,1158350
2020,가정의학과,L98,172,576,576,12858200,9882080
2020,가정의학과,L99,1,1,1,16140,11340
2020,가정의학과,M00,69,170,170,4081710,3106320
2020,가정의학과,M01,60,93,93,1537970,1129770
2020,가정의학과,M02,92,164,164,3573500,2742400
2020,가정의학과,M03,1,1,1,11540,8140
2020,가정의학과,M05,346,1960,1959,60429560,51961820
2020,가정의학과,M06,1463,3790,3790,83732570,63913940
2020,가정의학과,M07,327,886,886,13096640,10505540
2020,가정의학과,M08,34,157,157,3663920,3244920
2020,가정의학과,M09,2,3,3,48420,43620
2020,가정의학과,M10,11069,32170,32169,619943180,455756820
2020,가정의학과,M11,29,92,92,1342680,1106580
2020,가정의학과,M12,360,919,919,19923190,15022690
2020,가정의학과,M13,40623,121120,121114,2119726140,1681574100
2020,가정의학과,M14,11,37,37,669440,539040
2020,가정의학과,M15,8372,22681,22681,455330500,358851690
2020,가정의학과,M16,1256,4558,4558,79696380,67231380
2020,가정의학과,M17,56449,279268,279265,6791456030,5260671260
2020,가정의학과,M18,33,145,145,2451120,1755920
2020,가정의학과,M19,11679,41569,41569,822763000,650950270
2020,가정의학과,M20,84,119,118,2153900,1662300
2020,가정의학과,M21,30,53,53,820760,621860
2020,가정의학과,M22,135,360,360,8643800,6400500
2020,가정의학과,M23,611,2060,2060,41273380,31993580
2020,가정의학과,M24,3907,13011,13011,242901430,192569930
2020,가정의학과,M25,19461,50454,50448,1034730530,794966800
2020,가정의학과,M30,9,18,18,252790,197590
2020,가정의학과,M31,11,40,40,931100,752900
2020,가정의학과,M32,65,172,172,7328210,5863220
2020,가정의학과,M33,2,2,2,32280,25880
2020,가정의학과,M34,9,34,34,676720,608520
2020,가정의학과,M35,414,1139,1139,33325020,25808260
2020,가정의학과,M36,1,42,42,624920,565020
2020,가정의학과,M40,43,386,386,6412090,5237090
2020,가정의학과,M41,239,1066,1065,22482270,18074090
2020,가정의학과,M42,811,5435,5435,103982340,82856840
2020,가정의학과,M43,294,1185,1185,31219750,24037950
2020,가정의학과,M45,268,1149,1149,27544380,23016420
2020,가정의학과,M46,68,122,122,2603450,2005550
2020,가정의학과,M47,16219,95773,95773,2228409600,1795922780
2020,가정의학과,M48,20836,139214,139211,3148831700,2575043500
2020,가정의학과,M49,1224,7925,7925,160834650,135402750
2020,가정의학과,M50,4024,15440,15438,436850230,327690780
2020,가정의학과,M51,12757,96811,96808,2124575210,1722726110
2020,가정의학과,M53,8051,20437,20437,954930860,688525660
2020,가정의학과,M54,149832,680392,680384,15214637030,12081543530
2020,가정의학과,M60,2756,8927,8926,164793370,129853670
2020,가정의학과,M61,26,61,61,1960120,1434520
2020,가정의학과,M62,7053,15931,15931,280619280,219667880
2020,가정의학과,M63,1,1,1,16140,11340
2020,가정의학과,M65,10263,29790,29787,721091030,542296560
2020,가정의학과,M66,77,248,248,11730150,8380350
2020,가정의학과,M67,803,1287,1286,34704140,25441640
2020,가정의학과,M68,1,3,3,87280,64480
2020,가정의학과,M70,2413,4788,4788,96884440,72818840
2020,가정의학과,M71,556,1178,1177,31322230,22801650
2020,가정의학과,M72,3015,7114,7113,143303540,107914830
2020,가정의학과,M73,4,13,13,463910,325310
2020,가정의학과,M75,33643,126582,126582,3546683690,2700212130
2020,가정의학과,M76,982,2660,2660,53571530,40285150
2020,가정의학과,M77,8402,23301,23301,555054190,405816730
2020,가정의학과,M79,98939,237800,237795,4940251580,3762819810
2020,가정의학과,M80,891,3458,3458,120624840,91738630
2020,가정의학과,M81,20595,62287,62286,2571830790,1886265200
2020,가정의학과,M82,128,397,397,9018620,6940920
2020,가정의학과,M83,113,269,269,5035440,3908240
2020,가정의학과,M84,17,42,42,961740,765140
2020,가정의학과,M85,124,275,275,4593660,3487960
2020,가정의학과,M86,31,126,126,2509670,1912170
2020,가정의학과,M87,16,93,93,1683510,1356400
2020,가정의학과,M88,1,1,1,31360,21960
2020,가정의학과,M89,316,698,698,11914330,9092040
2020,가정의학과,M91,2,2,2,31040,29440
2020,가정의학과,M92,39,115,115,2199990,1557290
2020,가정의학과,M93,3,4,4,101310,71210
2020,가정의학과,M94,292,379,379,7231280,5294980
2020,가정의학과,M95,11,11,11,197150,143050
2020,가정의학과,M96,108,532,532,10557770,8402470
2020,가정의학과,M99,386,5328,5328,94599070,80826870
2020,가정의학과,N00,337,574,574,13811280,10075680
2020,가정의학과,N01,1,2,2,33780,23780
2020,가정의학과,N02,249,330,327,8866260,6535960
2020,가정의학과,N03,27,47,47,1076640,803040
2020,가정의학과,N04,49,146,146,2188910,1669410
2020,가정의학과,N05,72,209,209,4536060,3425950
2020,가정의학과,N06,217,311,311,7206070,5317370
2020,가정의학과,N07,1,1,1,11540,8140
2020,가정의학과,N08,6,6,6,201680,143380
2020,가정의학과,N10,3356,6926,6925,149994320,110882490
2020,가정의학과,N11,198,511,511,8966540,7023640
2020,가정의학과,N12,1054,1980,1980,37548510,27660010
2020,가정의학과,N13,228,547,546,21578440,16561440
2020,가정의학과,N14,1,1,1,11540,8140
2020,가정의학과,N15,11,19,18,734080,519980
2020,가정의학과,N17,49,77,77,2040120,1523020
2020,가정의학과,N18,225,761,759,17600220,13687420
2020,가정의학과,N19,127,365,364,9144780,6945790
2020,가정의학과,N20,588,831,831,26771090,19430230
2020,가정의학과,N21,441,541,541,12901050,9420650
2020,가정의학과,N22,9,13,13,217170,167370
2020,가정의학과,N23,27,41,41,5786240,4155140
2020,가정의학과,N25,4,11,11,176350,152150
2020,가정의학과,N28,221,301,300,13709560,9826160
2020,가정의학과,N29,4,6,6,151390,116790
2020,가정의학과,N30,49557,92394,92390,1583147730,1195347310
2020,가정의학과,N31,7472,16449,16449,241369160,196689120
2020,가정의학과,N32,1351,2532,2532,44482950,34993050
2020,가정의학과,N33,18,43,43,564480,478780
2020,가정의학과,N34,2913,5274,5274,112230170,82882870
2020,가정의학과,N35,3,3,3,46340,38440
2020,가정의학과,N36,13,13,13,117310,93310
2020,가정의학과,N37,96,170,170,3963310,3005610
2020,가정의학과,N39,8124,15380,15379,283445010,216388240
2020,가정의학과,N40,20790,73005,73001,1104372990,896419870
2020,가정의학과,N41,693,3561,3561,123009580,87058480
2020,가정의학과,N42,110,206,204,6552220,4782570
2020,가정의학과,N43,24,33,31,813380,624480
2020,가정의학과,N44,5,6,6,96530,77030
2020,가정의학과,N45,156,288,288,5925170,4381370
2020,가정의학과,N46,21,24,24,484070,353170
2020,가정의학과,N47,9,10,9,223820,161620
2020,가정의학과,N48,902,1168,1168,19210270,14753870
2020,가정의학과,N49,15,21,21,331230,254530
2020,가정의학과,N50,129,220,220,5004140,3580690
2020,가정의학과,N51,19,25,25,386790,291990
2020,가정의학과,N60,26,28,28,873810,628710
2020,가정의학과,N61,81,140,140,3027290,2244190
2020,가정의학과,N62,51,64,64,1598910,1186510
2020,가정의학과,N63,81,98,98,2711790,1968890
2020,가정의학과,N64,327,373,371,8545130,6220430
2020,가정의학과,N70,31,75,75,1864150,1421550
2020,가정의학과,N71,140,374,374,6795290,5063290
2020,가정의학과,N72,73,105,105,2830390,2044690
2020,가정의학과,N73,242,425,424,8788800,6360320
2020,가정의학과,N74,51,78,78,1812350,1365350
2020,가정의학과,N75,26,36,36,681080,496380
2020,가정의학과,N76,2186,3703,3703,64436720,47349120
2020,가정의학과,N77,183,289,289,4470140,3340740
2020,가정의학과,N80,59,156,155,3175270,2236170
2020,가정의학과,N81,15,22,22,681770,520470
2020,가정의학과,N83,18,29,29,1172320,828420
2020,가정의학과,N84,9,20,20,616750,444150
2020,가정의학과,N85,7,15,15,659040,476240
2020,가정의학과,N86,8,11,11,273490,196390
2020,가정의학과,N87,12,15,15,513310,369010
2020,가정의학과,N88,9,12,12,186450,136550
2020,가정의학과,N89,5,6,6,86400,65200
2020,가정의학과,N90,16,26,26,395410,289410
2020,가정의학과,N91,226,367,366,22759040,15881240
2020,가정의학과,N92,238,327,326,10293980,7248390
2020,가정의학과,N93,93,111,111,2324270,1673370
2020,가정의학과,N94,5721,8807,8807,137855810,97538430
2020,가정의학과,N95,8943,27705,27705,450483550,327811350
2020,가정의학과,N96,3,5,5,107790,81190
2020,가정의학과,N97,104,729,729,8446870,6016870
2020,가정의학과,N98,1,1,1,16140,11340
2020,가정의학과,O00,7,15,15,597930,529630
2020,가정의학과,O01,1,27,27,318700,224700
2020,가정의학과,O02,1,1,1,16140,11340
2020,가정의학과,O13,2,3,3,41740,32140
2020,가정의학과,O16,1,1,1,20980,16180
2020,가정의학과,O20,4,5,5,283460,228760
2020,가정의학과,O21,14,56,56,749090,537290
2020,가정의학과,O24,6,24,24,547460,396360
2020,가정의학과,O25,1,1,1,20140,14140
2020,가정의학과,O26,7,20,20,276040,194240
2020,가정의학과,O30,1,1,1,16140,11340
2020,가정의학과,O75,1,1,1,16140,11340
2020,가정의학과,O90,4,10,10,582960,408560
2020,가정의학과,O91,18,26,26,396520,282220
2020,가정의학과,O92,6,8,8,176690,123990
2020,가정의학과,O99,2,2,2,32280,22680
2020,가정의학과,P07,3,6,6,182340,150340
2020,가정의학과,P12,1,1,1,16140,11340
2020,가정의학과,P22,6,20,20,301760,272860
2020,가정의학과,P23,4,5,5,74120,54320
2020,가정의학과,P28,25,31,31,517110,423610
2020,가정의학과,P29,1,2,2,23080,20080
2020,가정의학과,P38,3,3,3,72170,68670
2020,가정의학과,P39,2,2,2,28610,23610
2020,가정의학과,P57,1,2,2,85830,60130
2020,가정의학과,P59,6,7,7,456680,442480
2020,가정의학과,P71,1,1,1,45770,32070
2020,가정의학과,P78,1,1,1,12970,12370
2020,가정의학과,P80,1,1,1,13610,12110
2020,가정의학과,P83,5,5,5,99200,89300
2020,가정의학과,P90,2,2,2,36820,35020
2020,가정의학과,P92,2,2,2,40820,38820
2020,가정의학과,Q01,1,1,1,13570,9570
2020,가정의학과,Q04,1,2,2,29550,26650
2020,가정의학과,Q05,2,2,2,30540,29040
2020,가정의학과,Q06,1,3,3,55530,50130
2020,가정의학과,Q10,1,1,1,18410,17510
2020,가정의학과,Q11,1,3,3,52420,36820
2020,가정의학과,Q16,2,2,2,38450,27050
2020,가정의학과,Q18,18,21,21,470900,340000
2020,가정의학과,Q20,1,2,2,29760,26860
2020,가정의학과,Q21,13,38,38,598220,477620
2020,가정의학과,Q22,1,2,2,30830,24630
2020,가정의학과,Q23,1,2,2,57450,51850
2020,가정의학과,Q24,4,7,7,105860,77660
2020,가정의학과,Q25,4,8,6,336260,293360
2020,가정의학과,Q26,1,1,1,14060,12660
2020,가정의학과,Q28,10,17,17,596530,440730
2020,가정의학과,Q31,1,1,1,15490,14790
2020,가정의학과,Q35,1,1,1,17070,13570
2020,가정의학과,Q36,16,21,21,308780,237880
2020,가정의학과,Q38,14,22,22,418140,358040
2020,가정의학과,Q40,1,3,3,63760,60760
2020,가정의학과,Q43,1,1,1,18180,12780
2020,가정의학과,Q44,50,64,64,5837770,4233920
2020,가정의학과,Q53,10,11,11,184560,151360
2020,가정의학과,Q54,1,1,1,16140,11340
2020,가정의학과,Q55,3,3,3,49690,38390
2020,가정의학과,Q60,1,1,1,11540,8140
2020,가정의학과,Q61,69,86,84,5985380,4251650
2020,가정의학과,Q62,3,3,3,55770,44470
2020,가정의학과,Q63,1,1,1,16140,11340
2020,가정의학과,Q64,2,3,3,42580,39480
2020,가정의학과,Q65,8,10,10,171200,153600
2020,가정의학과,Q66,9,10,10,179120,142120
2020,가정의학과,Q67,33,34,34,586190,437390
2020,가정의학과,Q68,16,19,19,336900,290500
2020,가정의학과,Q71,1,54,54,1118190,907690
2020,가정의학과,Q74,6,6,6,140600,106800
2020,가정의학과,Q75,4,16,16,197380,140280
2020,가정의학과,Q76,8,8,8,159090,129490
2020,가정의학과,Q77,1,8,8,95630,86430
2020,가정의학과,Q79,2,8,8,156280,114280
2020,가정의학과,Q80,19,33,33,546420,415720
2020,가정의학과,Q81,1,5,5,64420,56920
2020,가정의학과,Q82,134,199,199,3597900,2635300
2020,가정의학과,Q83,10,10,10,259170,189470
2020,가정의학과,Q84,12,28,28,664840,466240
2020,가정의학과,Q85,37,56,56,2202320,1693240
2020,가정의학과,Q87,6,66,66,1614390,1399300
2020,가정의학과,Q89,2,2,2,27680,19480
2020,가정의학과,Q90,4,40,40,1833920,1635320
2020,가정의학과,Q93,1,3,3,39220,35420
2020,가정의학과,Q96,1,2,2,140290,98290
2020,가정의학과,R00,3862,5385,5378,117497420,85552130
2020,가정의학과,R01,35,39,39,810470,680170
2020,가정의학과,R02,1,13,13,253450,177850
2020,가정의학과,R03,3398,3970,3963,80985860,60733480
2020,가정의학과,R04,1100,1350,1349,34021430,25014930
2020,가정의학과,R05,1411,1955,1953,36669950,27819350
2020,가정의학과,R06,1265,1506,1502,50323310,37103850
2020,가정의학과,R07,8128,10693,10676,332859390,241637470
2020,가정의학과,R09,379,527,527,10006090,7463090
2020,가정의학과,R10,23224,34546,34525,783118820,579365760
2020,가정의학과,R11,15695,21707,21705,382807660,286138560
2020,가정의학과,R12,1376,1922,1922,32456080,24425670
2020,가정의학과,R13,115,242,242,14554560,11711360
2020,가정의학과,R14,1087,1674,1674,23663660,18242560
2020,가정의학과,R15,23,29,29,426340,354240
2020,가정의학과,R16,78,99,99,5695250,4007650
2020,가정의학과,R17,198,262,261,9711970,6905570
2020,가정의학과,R18,23,29,29,751860,564760
2020,가정의학과,R19,502,591,591,23766140,16950640
2020,가정의학과,R20,297,370,370,7104800,5308620
2020,가정의학과,R21,785,1134,1133,20060740,15198140
2020,가정의학과,R22,716,853,848,55546530,39437730
2020,가정의학과,R23,255,309,307,7840060,5828720
2020,가정의학과,R25,1674,2467,2466,46211290,34734190
2020,가정의학과,R26,53,62,60,1109330,938830
2020,가정의학과,R27,4,5,5,72780,63380
2020,가정의학과,R29,63,78,77,1491900,1131400
2020,가정의학과,R30,363,472,472,10081470,7569870
2020,가정의학과,R31,1369,1776,1771,40322850,30070130
2020,가정의학과,R32,835,1788,1788,26451650,21895250
2020,가정의학과,R33,24,32,32,694080,523480
2020,가정의학과,R34,13,16,16,314600,242300
2020,가정의학과,R35,1230,2039,2038,35898520,28020900
2020,가정의학과,R36,7,8,8,131030,100530
2020,가정의학과,R39,141,192,192,6561350,5193650
2020,가정의학과,R40,17,21,20,427450,306350
2020,가정의학과,R41,797,1929,1927,27549070,22907480
2020,가정의학과,R42,19357,28287,28276,757573800,560060130
2020,가정의학과,R43,48,57,57,1063570,801070
2020,가정의학과,R44,14,16,16,275860,212760
2020,가정의학과,R45,340,586,586,8874020,6734820
2020,가정의학과,R46,6,6,6,102220,72820
2020,가정의학과,R47,34,37,36,629320,504320
2020,가정의학과,R48,1,1,1,16140,14540
2020,가정의학과,R49,44,47,47,912700,704600
2020,가정의학과,R50,6947,9419,9412,188696630,139806240
2020,가정의학과,R51,20176,27157,27139,460619390,341505380
2020,가정의학과,R52,3130,4838,4837,86738630,64556470
2020,가정의학과,R53,885,1195,1195,31664400,22751300
2020,가정의학과,R54,18,21,21,295180,255280
2020,가정의학과,R55,566,698,692,21556710,15617270
2020,가정의학과,R56,149,252,252,4614070,3507270
2020,가정의학과,R57,78,136,136,2666630,1945830
2020,가정의학과,R58,32,34,34,544680,423380
2020,가정의학과,R59,215,277,276,5841440,4211740
2020,가정의학과,R60,6315,11681,11680,279271460,206655120
2020,가정의학과,R61,207,264,264,5369540,3913250
2020,가정의학과,R62,142,195,191,3365470,2433270
2020,가정의학과,R63,4325,6984,6981,153922380,118072320
2020,가정의학과,R64,13,21,21,318660,255960
2020,가정의학과,R68,11639,13481,13463,230973950,163540280
2020,가정의학과,R69,149,165,165,6288420,4459220
2020,가정의학과,R71,7,8,8,297330,209530
2020,가정의학과,R72,63,82,82,2205800,1602700
2020,가정의학과,R73,13461,19092,19092,421880150,324617750
2020,가정의학과,R74,242,288,288,9472830,6747930
2020,가정의학과,R75,1,1,1,16140,14540
2020,가정의학과,R76,105,198,191,4958910,3265050
2020,가정의학과,R77,3,3,3,46340,36740
2020,가정의학과,R78,12,14,14,960380,676780
2020,가정의학과,R79,146,171,171,4512010,3205110
2020,가정의학과,R80,615,819,817,18204160,13227360
2020,가정의학과,R81,852,1149,1149,18866230,15038930
2020,가정의학과,R82,190,388,388,7210500,5351500
2020,가정의학과,R84,7,7,7,209040,166340
2020,가정의학과,R85,1,1,1,11540,8140
2020,가정의학과,R86,11,18,18,317080,243380
2020,가정의학과,R87,5,12,12,173080,127680
2020,가정의학과,R89,2,2,2,34150,23950
2020,가정의학과,R91,219,307,305,7799890,5849390
2020,가정의학과,R92,112,132,131,5843410,4195510
2020,가정의학과,R93,33,46,46,2289310,1559430
2020,가정의학과,R94,1867,2512,2511,108589160,76634310
2020,가정의학과,S00,5349,8374,8373,170137910,131137840
2020,가정의학과,S01,10349,21928,21928,482024960,365009730
2020,가정의학과,S02,76,96,96,2354350,1758650
2020,가정의학과,S03,286,425,425,7557550,5716650
2020,가정의학과,S04,23,31,31,2717860,1915660
2020,가정의학과,S05,138,161,161,2762080,2100280
2020,가정의학과,S06,148,190,190,3267940,2576260
2020,가정의학과,S07,84,189,189,4104890,3151040
2020,가정의학과,S08,6,9,9,189210,140210
2020,가정의학과,S09,103,187,187,4116330,3394330
2020,가정의학과,S10,212,301,301,6564740,4800060
2020,가정의학과,S11,314,622,622,13908960,10476900
2020,가정의학과,S12,1,9,9,153070,138070
2020,가정의학과,S13,11289,25182,25182,559467130,414006350
2020,가정의학과,S14,30,184,184,4312290,3220890
2020,가정의학과,S15,2,2,2,23080,18180
2020,가정의학과,S16,101,210,210,3159570,2456370
2020,가정의학과,S19,9,9,9,176810,133610
2020,가정의학과,S20,1782,3095,3095,62826820,49262040
2020,가정의학과,S21,501,1386,1386,28722830,21915630
2020,가정의학과,S22,755,1900,1900,45830840,34815140
2020,가정의학과,S23,8079,13532,13532,415432580,311358260
2020,가정의학과,S24,1,1,1,11540,10040
2020,가정의학과,S27,3,3,3,48420,34020
2020,가정의학과,S29,39,78,78,1529200,1175400
2020,가정의학과,S30,709,1346,1346,30407090,24201950
2020,가정의학과,S31,1139,2908,2908,60281800,46471700
2020,가정의학과,S32,130,440,440,9578350,7408050
2020,가정의학과,S33,30514,89876,89876,1847965970,1417363400
2020,가정의학과,S34,14,21,21,262610,206610
2020,가정의학과,S35,2,2,2,28010,19710
2020,가정의학과,S36,4,4,4,178690,127190
2020,가정의학과,S37,8,10,10,148550,116250
2020,가정의학과,S38,2,4,4,78710,66610
2020,가정의학과,S39,19,38,38,725890,552490
2020,가정의학과,S40,1296,1970,1970,41976020,31645700
2020,가정의학과,S41,706,1729,1729,36059920,27362630
2020,가정의학과,S42,109,274,274,6597100,4910930
2020,가정의학과,S43,11121,29812,29812,593636150,448439870
2020,가정의학과,S44,146,477,477,18387720,12982520
2020,가정의학과,S45,6,10,10,218940,174740
2020,가정의학과,S46,1406,4907,4904,133640240,97965320
2020,가정의학과,S47,3,8,8,179670,137770
2020,가정의학과,S48,1,1,1,12610,11110
2020,가정의학과,S49,106,208,208,4039640,2974240
2020,가정의학과,S50,1785,3367,3366,73151820,54998320
2020,가정의학과,S51,2760,8429,8429,187851050,145943440
2020,가정의학과,S52,315,1168,1168,31695840,24510160
2020,가정의학과,S53,2706,6390,6390,135622340,100628440
2020,가정의학과,S54,332,862,862,29541310,21110910
2020,가정의학과,S55,8,16,16,333030,257730
2020,가정의학과,S56,88,283,283,8287560,5955160
2020,가정의학과,S57,34,99,99,2185180,1644480
2020,가정의학과,S59,85,183,183,4192690,3006490
2020,가정의학과,S60,4861,7590,7590,181956090,134676110
2020,가정의학과,S61,23021,54221,54221,1252715090,922207200
2020,가정의학과,S62,626,1464,1464,42068560,30440400
2020,가정의학과,S63,7799,14260,14260,328956540,240094270
2020,가정의학과,S64,19,22,22,625180,448980
2020,가정의학과,S65,115,233,233,5381600,3977600
2020,가정의학과,S66,222,371,371,8374850,6142850
2020,가정의학과,S67,242,532,532,11690960,8756960
2020,가정의학과,S68,8,84,84,1558880,1310580
2020,가정의학과,S69,189,302,302,6656530,4908600
2020,가정의학과,S70,861,1538,1538,31919390,24914890
2020,가정의학과,S71,688,1803,1803,40000910,30255310
2020,가정의학과,S72,38,127,127,2159310,1796010
2020,가정의학과,S73,1436,3294,3294,66485530,51309480
2020,가정의학과,S74,322,1045,1045,42587680,30354680
2020,가정의학과,S75,5,5,5,78130,61330
2020,가정의학과,S76,155,300,300,6836850,5035950
2020,가정의학과,S77,6,8,8,146520,110020
2020,가정의학과,S79,26,61,61,918680,726180
2020,가정의학과,S80,4256,8608,8608,179317350,134797010
2020,가정의학과,S81,6420,17937,17937,398631280,299384100
2020,가정의학과,S82,252,883,883,22608960,17262340
2020,가정의학과,S83,4149,10526,10527,217696270,161836090
2020,가정의학과,S84,23,38,37,1032400,741500
2020,가정의학과,S85,9,21,21,413130,302630
2020,가정의학과,S86,142,437,437,8361310,6156310
2020,가정의학과,S87,182,414,414,8525180,6354180
2020,가정의학과,S89,80,169,169,3489210,2560710
2020,가정의학과,S90,3323,5117,5117,113807080,84341300
2020,가정의학과,S91,7421,17705,17705,385022120,288480900
2020,가정의학과,S92,594,1408,1416,46097480,33310390
2020,가정의학과,S93,10733,21272,21272,484490490,355083800
2020,가정의학과,S94,9,15,15,432470,323270
2020,가정의학과,S95,10,37,37,534230,396230
2020,가정의학과,S96,119,203,203,4039870,2940470
2020,가정의학과,S97,90,153,153,3338960,2444260
2020,가정의학과,S99,149,257,257,5133660,3779750
2020,가정의학과,T00,377,584,584,11573070,8670810
2020,가정의학과,T01,264,640,640,14248610,10666140
2020,가정의학과,T02,2,7,7,108280,76080
2020,가정의학과,T03,57,148,148,2129320,1680720
2020,가정의학과,T04,10,17,17,391390,310990
2020,가정의학과,T06,5,65,65,1245970,895070
2020,가정의학과,T08,8,10,10,171690,137790
2020,가정의학과,T09,370,828,828,17032080,13278880
2020,가정의학과,T10,5,5,5,112960,79360
2020,가정의학과,T11,153,437,437,24228810,17349130
2020,가정의학과,T12,2,2,2,40440,30840
2020,가정의학과,T13,246,513,513,11539990,8563690
2020,가정의학과,T14,4059,8295,8295,171729930,129289240
2020,가정의학과,T15,529,623,622,19541240,14088940
2020,가정의학과,T16,1644,1933,1933,55375600,40043100
2020,가정의학과,T17,1266,1309,1309,37878290,27603090
2020,가정의학과,T18,106,107,107,2584340,1955540
2020,가정의학과,T19,8,9,9,445140,321940
2020,가정의학과,T20,596,1399,1399,56751100,40719300
2020,가정의학과,T21,942,3169,3169,117098690,84095430
2020,가정의학과,T22,2450,7860,7860,282122230,201290920
2020,가정의학과,T23,6021,16728,16728,687242810,493295530
2020,가정의학과,T24,1591,6354,6354,230222730,167256680
2020,가정의학과,T25,1286,5228,5226,211052970,151950010
2020,가정의학과,T26,47,123,123,5902950,4149200
2020,가정의학과,T27,1,1,1,16140,11340
2020,가정의학과,T28,27,40,40,1085720,781720
2020,가정의학과,T29,127,331,331,11423590,8149690
2020,가정의학과,T30,2505,6407,6407,238370070,171938140
2020,가정의학과,T31,235,1052,1052,40114700,28693000
2020,가정의학과,T33,76,106,106,1825470,1351970
2020,가정의학과,T34,2,2,2,32280,25880
2020,가정의학과,T35,27,39,39,571830,418030
2020,가정의학과,T39,1,1,1,8410,6910
2020,가정의학과,T40,1,1,1,11540,10040
2020,가정의학과,T42,1,1,1,71020,49720
2020,가정의학과,T43,1,2,2,27680,19480
2020,가정의학과,T46,1,1,1,16140,11340
2020,가정의학과,T48,1,1,1,16140,11340
2020,가정의학과,T49,2,2,2,32280,22680
2020,가정의학과,T50,1,1,1,16140,11340
2020,가정의학과,T51,1,1,1,17070,13570
2020,가정의학과,T56,68,265,265,15271500,10732900
2020,가정의학과,T57,93,289,289,13980760,9845070
2020,가정의학과,T60,11,21,21,364100,302100
2020,가정의학과,T61,1,1,1,18200,12800
2020,가정의학과,T62,3,4,4,79210,55710
2020,가정의학과,T63,627,815,815,15214330,11282230
2020,가정의학과,T65,11,15,15,420510,299410
2020,가정의학과,T67,330,450,450,8940510,6835810
2020,가정의학과,T68,6,6,6,97320,71820
2020,가정의학과,T69,73,81,81,1331590,963590
2020,가정의학과,T70,3,3,3,49210,34610
2020,가정의학과,T73,62,71,71,1245820,892320
2020,가정의학과,T75,5,6,6,94300,72400
2020,가정의학과,T78,1997,2950,2949,64986770,47832610
2020,가정의학과,T79,2487,5577,5577,113217470,84679380
2020,가정의학과,T80,3,3,3,45420,35120
2020,가정의학과,T81,68,194,194,4259410,3131410
2020,가정의학과,T82,2,5,5,70260,53860
2020,가정의학과,T83,1,1,1,16560,11660
2020,가정의학과,T84,1,1,1,11540,10040
2020,가정의학과,T85,2,5,5,76100,53500
2020,가정의학과,T86,1,1,1,20140,14140
2020,가정의학과,T88,73,86,86,1456030,1065830
2020,가정의학과,T90,2,5,5,116770,95170
2020,가정의학과,T91,22,54,54,1211620,956420
2020,가정의학과,T92,25,38,38,938280,710880
2020,가정의학과,T93,31,96,96,1649980,1224580
2020,가정의학과,T95,7,18,18,520120,364820
2020,가정의학과,T97,1,1,1,17210,12110
2020,가정의학과,U07,3,3,3,43820,32720
2020,가정의학과,Z00,1289,1652,1652,62580370,44614470
2020,가정의학과,Z01,584,700,700,12379580,9465780
2020,가정의학과,Z02,8,8,8,11540,8140
2020,가정의학과,Z03,510,611,611,12221080,9324780
2020,가정의학과,Z04,121,136,136,3706690,2718190
2020,가정의학과,Z10,2,3,3,67400,47300
2020,가정의학과,Z11,1,1,1,25080,17580
2020,가정의학과,Z12,1,1,1,22400,15700
2020,가정의학과,Z13,221,356,356,10926970,8104370
2020,가정의학과,Z20,75,86,86,2499750,1665520
2020,가정의학과,Z22,33,36,36,3973140,2782740
2020,가정의학과,Z23,32,34,33,1148190,814390
2020,가정의학과,Z24,19,22,22,414180,293880
2020,가정의학과,Z25,557,595,595,13031260,9806360
2020,가정의학과,Z26,565,625,625,6139890,4609820
2020,가정의학과,Z27,100,167,167,2862360,2159960
2020,가정의학과,Z28,1,1,1,0,0
2020,가정의학과,Z29,31,32,32,452970,336870
2020,가정의학과,Z30,43,46,46,581470,408470
2020,가정의학과,Z31,17,50,50,602470,441670
2020,가정의학과,Z32,5,6,6,108500,79500
2020,가정의학과,Z33,1,1,1,20140,14140
2020,가정의학과,Z34,7,10,10,282500,243000
2020,가정의학과,Z35,5,30,30,324910,229010
2020,가정의학과,Z36,1,1,1,31160,21860
2020,가정의학과,Z37,1,1,1,26900,18900
2020,가정의학과,Z39,2,2,2,32280,22680
2020,가정의학과,Z40,1,1,1,54200,38000
2020,가정의학과,Z41,4,4,4,70840,53740
2020,가정의학과,Z42,5,10,10,196420,145020
2020,가정의학과,Z43,1,58,58,1060090,941890
2020,가정의학과,Z44,1,1,1,11540,10040
2020,가정의학과,Z48,1118,2501,2501,49945660,37794170
2020,가정의학과,Z49,1,6,6,69240,62240
2020,가정의학과,Z50,1,11,11,209550,146850
2020,가정의학과,Z52,4,6,6,104690,75490
2020,가정의학과,Z54,25,49,49,1000500,726400
2020,가정의학과,Z55,1,1,1,11540,10540
2020,가정의학과,Z58,1,1,1,16140,11340
2020,가정의학과,Z63,1,1,1,16140,11340
2020,가정의학과,Z64,1,2,2,16140,11340
2020,가정의학과,Z70,4,4,4,50340,35340
2020,가정의학과,Z71,3795,4338,4338,62160910,46904510
2020,가정의학과,Z72,9,10,10,188220,135520
2020,가정의학과,Z73,180,249,249,3690600,2809800
2020,가정의학과,Z75,2,2,2,32280,22680
2020,가정의학과,Z76,5,5,5,79500,61100
2020,가정의학과,Z82,5,8,8,107600,93000
2020,가정의학과,Z83,18,21,21,337680,279680
2020,가정의학과,Z85,2,10,10,174220,146720
2020,가정의학과,Z87,1,1,1,16140,11340
2020,가정의학과,Z88,13,14,14,1676830,1084010
2020,가정의학과,Z89,1,1,1,16140,11340
2020,가정의학과,Z90,1,1,1,48490,33990
2020,가정의학과,Z91,7,9,9,117630,93330
2020,가정의학과,Z92,5,12,12,164920,131720
2020,가정의학과,Z93,5,10,10,510340,397040
2020,가정의학과,Z94,17,64,64,1836410,1631310
2020,가정의학과,Z95,14,34,34,529500,430500
2020,가정의학과,Z96,4,8,8,145310,126410
2020,가정의학과,Z97,3,3,3,88870,62370
2020,가정의학과,Z98,540,1230,1230,24664830,18650640
2020,직업환경의학과,A08,26,29,29,452480,318280
2020,직업환경의학과,A09,18,21,21,301820,214120
2020,직업환경의학과,A16,2,2,2,35130,27930
2020,직업환경의학과,A58,1,3,3,157850,110550
2020,직업환경의학과,B00,1,1,1,16140,11340
2020,직업환경의학과,B02,15,18,18,260860,183560
2020,직업환경의학과,B15,1,1,1,43310,30410
2020,직업환경의학과,B18,9,20,20,960320,673120
2020,직업환경의학과,B26,1,1,1,11540,8140
2020,직업환경의학과,B30,4,4,4,50760,35760
2020,직업환경의학과,B35,24,46,46,621280,458480
2020,직업환경의학과,B36,1,1,1,11540,8140
2020,직업환경의학과,B90,1,1,1,16140,11340
2020,직업환경의학과,C86,1,1,1,11540,8140
2020,직업환경의학과,C91,1,1,1,16140,11340
2020,직업환경의학과,D14,1,2,2,39960,28060
2020,직업환경의학과,D50,2,4,4,96820,68020
2020,직업환경의학과,D64,3,3,3,74660,52360
2020,직업환경의학과,D72,5,5,5,107500,75500
2020,직업환경의학과,E03,9,33,33,604830,428230
2020,직업환경의학과,E05,3,9,9,268660,188460
2020,직업환경의학과,E07,6,6,6,399570,279870
2020,직업환경의학과,E11,329,1588,1588,28696110,21977110
2020,직업환경의학과,E21,1,2,2,53690,37690
2020,직업환경의학과,E50,4,4,4,77310,54310
2020,직업환경의학과,E78,414,1137,1137,22490070,15862270
2020,직업환경의학과,E83,1,1,1,21710,15210
2020,직업환경의학과,E89,2,3,3,40950,33150
2020,직업환경의학과,F32,2,2,2,27760,19560
2020,직업환경의학과,F41,9,22,22,333880,257080
2020,직업환경의학과,F48,2,4,4,50760,35760
2020,직업환경의학과,F51,6,21,21,256390,192290
2020,직업환경의학과,G31,1,1,1,11540,8140
2020,직업환경의학과,G40,1,5,5,81600,57300
2020,직업환경의학과,G43,1,7,7,108420,76320
2020,직업환경의학과,G44,15,17,17,238100,167700
2020,직업환경의학과,G47,17,23,23,299820,212920
2020,직업환경의학과,G50,1,1,1,16140,14540
2020,직업환경의학과,G53,2,6,6,76360,53760
2020,직업환경의학과,G54,1,3,3,44570,31470
2020,직업환경의학과,G56,9,40,40,520300,367000
2020,직업환경의학과,G57,1,4,4,163560,114760
2020,직업환경의학과,G62,2,5,5,58800,43400
2020,직업환경의학과,G71,1,1,1,16140,11340
2020,직업환경의학과,H00,3,3,3,39220,27620
2020,직업환경의학과,H04,16,27,27,563650,398550
2020,직업환경의학과,H11,1,1,1,16140,11340
2020,직업환경의학과,H16,2,2,2,23080,16280
2020,직업환경의학과,H53,1,1,1,16140,11340
2020,직업환경의학과,H60,4,7,7,96450,67850
2020,직업환경의학과,H65,3,3,3,105110,73810
2020,직업환경의학과,H81,7,12,12,209170,147070
2020,직업환경의학과,H90,54,65,65,1909460,1353560
2020,직업환경의학과,H91,5,5,5,143220,100420
2020,직업환경의학과,I10,803,2759,2759,40714990,31534790
2020,직업환경의학과,I20,2,5,5,63460,51960
2020,직업환경의학과,I25,1,2,2,27680,19480
2020,직업환경의학과,I48,2,2,2,48100,33700
2020,직업환경의학과,I49,2,2,2,37320,28620
2020,직업환경의학과,I61,1,1,1,20140,14140
2020,직업환경의학과,I70,1,2,2,27680,19480
2020,직업환경의학과,I73,4,5,5,62300,51500
2020,직업환경의학과,I89,3,4,4,59360,41760
2020,직업환경의학과,I95,1,1,1,16140,11340
2020,직업환경의학과,J00,5,5,5,69070,51770
2020,직업환경의학과,J01,1,1,1,14090,9890
2020,직업환경의학과,J03,30,46,46,634490,446490
2020,직업환경의학과,J06,193,255,255,3716720,2668620
2020,직업환경의학과,J11,4,4,4,64610,45410
2020,직업환경의학과,J20,1,1,1,18990,13390
2020,직업환경의학과,J21,7,10,10,300260,215060
2020,직업환경의학과,J30,39,61,61,1771110,1265710
2020,직업환경의학과,J35,1,1,1,11540,8140
2020,직업환경의학과,J43,2,2,2,39730,30230
2020,직업환경의학과,J44,1,1,1,16140,11340
2020,직업환경의학과,J45,6,15,15,192270,144370
2020,직업환경의학과,J47,1,1,1,20140,14140
2020,직업환경의학과,J84,1,1,1,23590,16590
2020,직업환경의학과,J98,9,12,12,241450,169550
2020,직업환경의학과,K04,2,2,2,35650,25050
2020,직업환경의학과,K12,3,3,3,56350,39550
2020,직업환경의학과,K21,66,106,106,1463330,1044930
2020,직업환경의학과,K29,43,60,60,895780,637680
2020,직업환경의학과,K30,3,3,3,48420,37220
2020,직업환경의학과,K56,1,1,1,18360,12860
2020,직업환경의학과,K58,25,30,30,444860,320060
2020,직업환경의학과,K59,2,4,4,57680,49380
2020,직업환경의학과,K64,1,1,1,16140,11340
2020,직업환경의학과,K70,6,7,7,334530,234430
2020,직업환경의학과,K73,72,152,152,3190440,2252930
2020,직업환경의학과,K75,1,1,1,16140,11340
2020,직업환경의학과,K76,38,53,53,1949340,1369540
2020,직업환경의학과,L02,5,7,7,125140,88040
2020,직업환경의학과,L03,11,11,11,177630,124830
2020,직업환경의학과,L04,1,4,4,50760,35760
2020,직업환경의학과,L20,1,1,1,18010,12610
2020,직업환경의학과,L21,2,2,2,32280,25880
2020,직업환경의학과,L23,18,25,25,378620,273020
2020,직업환경의학과,L25,10,20,20,419850,296850
2020,직업환경의학과,L27,7,7,7,100930,70930
2020,직업환경의학과,L28,1,3,3,48600,34200
2020,직업환경의학과,L30,13,15,15,212120,149320
2020,직업환경의학과,L50,8,11,11,168540,118440
2020,직업환경의학과,L60,1,1,1,16140,11340
2020,직업환경의학과,L64,4,9,9,120180,84580
2020,직업환경의학과,L70,1,1,1,16140,11340
2020,직업환경의학과,L92,1,1,1,11540,8140
2020,직업환경의학과,M05,6,22,22,337110,256010
2020,직업환경의학과,M06,1,1,1,20590,14490
2020,직업환경의학과,M10,40,112,112,1897120,1336220
2020,직업환경의학과,M13,42,100,100,2029280,1430880
2020,직업환경의학과,M15,1,1,1,16140,14540
2020,직업환경의학과,M16,1,1,1,31960,22460
2020,직업환경의학과,M17,21,48,48,1066040,758540
2020,직업환경의학과,M19,5,18,18,246590,173990
2020,직업환경의학과,M22,1,1,1,21900,15400
2020,직업환경의학과,M23,7,9,9,172490,121290
2020,직업환경의학과,M43,121,132,132,3671340,2575640
2020,직업환경의학과,M47,7,21,21,339000,250800
2020,직업환경의학과,M48,6,32,32,453720,330420
2020,직업환경의학과,M50,32,177,177,2628980,1857480
2020,직업환경의학과,M51,76,187,187,3360570,2410470
2020,직업환경의학과,M53,46,195,195,2453550,1731750
2020,직업환경의학과,M54,10,30,30,487710,381110
2020,직업환경의학과,M62,2,2,2,46050,32350
2020,직업환경의학과,M65,28,67,67,1202870,846870
2020,직업환경의학과,M67,4,5,5,106810,75110
2020,직업환경의학과,M70,1,1,1,11540,8140
2020,직업환경의학과,M71,1,2,2,48100,33700
2020,직업환경의학과,M72,11,18,18,262550,186750
2020,직업환경의학과,M75,77,305,305,5143930,3623830
2020,직업환경의학과,M76,6,7,7,140760,98960
2020,직업환경의학과,M77,73,329,329,5074120,3580720
2020,직업환경의학과,M79,99,369,369,5733470,4088370
2020,직업환경의학과,M81,3,3,3,23080,18180
2020,직업환경의학과,M92,1,3,3,34620,24420
2020,직업환경의학과,M99,1,1,1,20140,14140
2020,직업환경의학과,N30,7,8,8,131740,92640
2020,직업환경의학과,N39,1,1,1,16140,11340
2020,직업환경의학과,N40,13,33,33,495030,372630
2020,직업환경의학과,N41,2,3,3,42460,29860
2020,직업환경의학과,N42,1,1,1,19380,13580
2020,직업환경의학과,N48,2,2,2,27680,19480
2020,직업환경의학과,N81,1,2,2,23080,16280
2020,직업환경의학과,N85,1,1,1,11540,8140
2020,직업환경의학과,N94,1,3,3,40740,28740
2020,직업환경의학과,P72,1,2,2,72240,50640
2020,직업환경의학과,Q76,2,2,2,52720,37020
2020,직업환경의학과,R00,2,2,2,43500,30500
2020,직업환경의학과,R03,35,36,36,604860,473360
2020,직업환경의학과,R07,6,6,6,162960,114360
2020,직업환경의학과,R10,3,5,5,198100,138900
2020,직업환경의학과,R11,2,2,2,34460,24260
2020,직업환경의학과,R25,1,1,1,16140,11340
2020,직업환경의학과,R31,5,5,5,89310,62810
2020,직업환경의학과,R42,5,6,6,82440,58040
2020,직업환경의학과,R53,1,1,1,0,0
2020,직업환경의학과,R60,5,9,9,117220,84420
2020,직업환경의학과,R68,2,2,2,36280,25480
2020,직업환경의학과,R73,26,29,29,756610,551310
2020,직업환경의학과,R76,1,1,1,16140,11340
2020,직업환경의학과,R80,1,1,1,21570,15170
2020,직업환경의학과,R82,2,2,2,32280,22680
2020,직업환경의학과,R94,14,15,15,333180,240480
2020,직업환경의학과,S00,1,1,1,19980,14080
2020,직업환경의학과,S01,3,4,4,158980,113380
2020,직업환경의학과,S13,21,37,37,755830,531830
2020,직업환경의학과,S20,2,2,2,46600,32700
2020,직업환경의학과,S22,3,5,5,112490,78990
2020,직업환경의학과,S23,18,42,42,648600,459500
2020,직업환경의학과,S30,1,1,1,26360,18460
2020,직업환경의학과,S31,1,1,1,36390,25490
2020,직업환경의학과,S33,143,370,370,6455280,4680380
2020,직업환경의학과,S41,1,1,1,28230,19830
2020,직업환경의학과,S43,5,6,6,116030,81530
2020,직업환경의학과,S46,2,46,46,573740,405540
2020,직업환경의학과,S50,1,1,1,40880,28680
2020,직업환경의학과,S51,1,4,4,72040,50440
2020,직업환경의학과,S53,4,23,23,304530,214830
2020,직업환경의학과,S59,2,2,2,34600,24400
2020,직업환경의학과,S60,5,5,5,130550,91650
2020,직업환경의학과,S61,23,38,38,827770,593670
2020,직업환경의학과,S62,4,4,4,60460,42560
2020,직업환경의학과,S63,28,58,58,971760,694460
2020,직업환경의학과,S64,1,2,2,25640,22640
2020,직업환경의학과,S66,1,2,2,27680,19480
2020,직업환경의학과,S70,1,1,1,21900,15400
2020,직업환경의학과,S73,4,4,4,105970,74370
2020,직업환경의학과,S76,1,2,2,64030,44930
2020,직업환경의학과,S80,7,8,8,160610,113010
2020,직업환경의학과,S81,6,7,7,159010,111710
2020,직업환경의학과,S82,1,1,1,15900,11200
2020,직업환경의학과,S83,15,27,27,499590,368290
2020,직업환경의학과,S86,2,4,4,85380,60080
2020,직업환경의학과,S89,2,3,3,50080,35280
2020,직업환경의학과,S90,4,5,5,111600,82200
2020,직업환경의학과,S91,8,10,10,194550,136650
2020,직업환경의학과,S92,2,2,2,38240,26840
2020,직업환경의학과,S93,32,49,49,1032260,727160
2020,직업환경의학과,S98,1,223,223,1395630,995130
2020,직업환경의학과,T14,4,4,4,87440,61340
2020,직업환경의학과,T20,2,3,3,123800,86700
2020,직업환경의학과,T22,3,5,5,176340,123540
2020,직업환경의학과,T23,2,2,2,86000,60200
2020,직업환경의학과,Z00,1,1,1,11540,8140
2020,직업환경의학과,Z01,1,1,1,16140,11340
2020,직업환경의학과,Z24,1,1,1,0,0
2020,직업환경의학과,Z25,3,3,3,11540,8140
2020,직업환경의학과,Z34,1,1,1,11540,8140
2020,예방의학과,E11,1,1,1,16140,11340
2020,예방의학과,G47,3,7,7,105860,88560
2020,예방의학과,I10,1,1,1,16140,11340
2020,예방의학과,J00,9,13,13,232540,198140
2020,예방의학과,J30,3,4,4,65980,46380
2020,예방의학과,J45,1,1,1,16160,11360
2020,예방의학과,K29,1,1,1,20140,14140
2020,예방의학과,L20,11,11,11,213270,159070
2020,예방의학과,L25,1,1,1,21080,20080
2020,예방의학과,L85,2,3,3,53350,45750
2020,예방의학과,N94,1,1,1,11540,8140
2020,예방의학과,S00,1,4,4,86900,82800
2020,치과,A00,23,25,25,1163070,916170
2020,치과,A04,1,1,1,0,0
2020,치과,A09,6,6,6,147300,103400
2020,치과,A42,71,80,79,2035900,1505800
2020,치과,A48,6,8,8,118110,87310
2020,치과,A69,1954,2442,2439,41379820,31270520
2020,치과,B00,22599,26692,26673,384719370,289562050
2020,치과,B02,17,21,21,385700,284500
2020,치과,B05,15,15,15,529710,378210
2020,치과,B07,6,6,6,87360,64360
2020,치과,B08,4,5,5,64530,47830
2020,치과,B26,183,204,204,4201670,3049870
2020,치과,B30,1,1,1,8390,5890
2020,치과,B35,2,5,5,22620,15920
2020,치과,B37,2336,3280,3272,48936460,37056200
2020,치과,B88,2,2,2,35860,25260
2020,치과,C00,21,24,23,656720,481220
2020,치과,C01,1,1,1,14560,10260
2020,치과,C02,27,27,27,1052940,752440
2020,치과,C03,34,67,67,1321160,1047660
2020,치과,C04,6,11,11,191540,136040
2020,치과,C05,4,4,4,100420,75020
2020,치과,C06,4,4,4,105330,74030
2020,치과,C08,4,5,5,137020,99020
2020,치과,C31,6,7,7,453830,319930
2020,치과,C41,18,23,23,838170,601170
2020,치과,C43,6,6,6,129740,97740
2020,치과,C44,1,1,1,13290,9390
2020,치과,C46,3,6,6,118460,88260
2020,치과,C49,4,5,5,89590,68890
2020,치과,C53,1,1,1,20140,19140
2020,치과,C61,1,2,2,29760,28360
2020,치과,C64,1,1,1,16140,15340
2020,치과,C90,17,20,20,420650,316750
2020,치과,C91,2,2,2,52290,39490
2020,치과,C92,1,1,1,31640,22240
2020,치과,C93,17,19,19,687050,493250
2020,치과,D00,11,26,26,419580,342780
2020,치과,D03,7,8,8,185380,132080
2020,치과,D10,1676,2887,2876,170931610,121086810
2020,치과,D11,3,3,3,112620,81820
2020,치과,D14,2,5,5,750210,525310
2020,치과,D16,307,505,504,54188220,38147220
2020,치과,D17,79,103,102,2918230,2095230
2020,치과,D18,22,24,24,451830,332430
2020,치과,D21,36,42,42,891530,670730
2020,치과,D22,5,5,5,76790,54090
2020,치과,D23,7,9,9,302020,211920
2020,치과,D37,3,4,4,117950,86550
2020,치과,D50,3,3,3,38770,31470
2020,치과,D69,30,37,37,675880,494380
2020,치과,D72,1,2,2,116620,81720
2020,치과,E10,1689,2039,1953,94390030,66978370
2020,치과,E11,87,110,108,4638930,3321450
2020,치과,E13,311,347,324,14109680,9997370
2020,치과,E14,49,57,53,2209590,1576990
2020,치과,E53,7,7,7,127150,93550
2020,치과,E55,20,23,23,606980,444280
2020,치과,E64,5,6,6,324990,229190
2020,치과,E78,6,9,9,209560,150160
2020,치과,F06,1,1,1,4830,3330
2020,치과,F31,2,3,3,43820,39120
2020,치과,F45,1662,1919,1919,35511060,25549360
2020,치과,F50,28,30,30,5393260,4262260
2020,치과,F51,1,1,1,76620,60620
2020,치과,F54,1,1,1,35300,24800
2020,치과,F95,4,6,6,76700,54100
2020,치과,F98,4,4,4,62450,53450
2020,치과,G24,74,86,86,2111230,1502430
2020,치과,G43,11,18,18,177560,126660
2020,치과,G47,30,55,55,769640,550840
2020,치과,G50,2335,4122,4117,64429990,47612790
2020,치과,G51,95,181,181,2278030,1681930
2020,치과,G52,19,33,33,471400,342600
2020,치과,G53,3,5,5,75990,53590
2020,치과,G54,16,41,41,547580,388080
2020,치과,G58,1,8,8,92820,80820
2020,치과,G64,1,1,1,31730,22230
2020,치과,H04,4,4,4,14560,10260
2020,치과,H16,1,1,1,9650,6850
2020,치과,H19,1,1,1,9650,6850
2020,치과,H66,1,1,1,9650,6850
2020,치과,H92,1,1,1,27570,19370
2020,치과,I10,25,40,40,806540,583040
2020,치과,I11,1,2,2,64440,45240
2020,치과,I20,9,13,13,155120,113320
2020,치과,I25,3,4,4,97180,71380
2020,치과,I33,7,11,11,568380,398580
2020,치과,I38,1,1,1,18550,13050
2020,치과,I49,1,1,1,14560,10260
2020,치과,I67,1,1,1,16140,14540
2020,치과,I88,1,1,1,27570,19370
2020,치과,J00,41,46,46,769340,547640
2020,치과,J01,9720,12680,12665,316885250,225809930
2020,치과,J02,2,2,2,49640,38040
2020,치과,J03,159,187,187,2872410,2090810
2020,치과,J04,1,2,2,26730,18830
2020,치과,J06,14,24,24,304690,220990
2020,치과,J20,5,7,7,97010,71510
2020,치과,J30,24,36,36,545900,384300
2020,치과,J31,3,3,3,23420,16520
2020,치과,J32,7622,10295,10232,279260210,198493780
2020,치과,J33,3,5,5,1009750,707050
2020,치과,J34,16,22,22,1041690,737790
2020,치과,J35,41,50,50,712540,512340
2020,치과,J36,52,78,78,1996460,1436560
2020,치과,J39,1,1,1,0,0
2020,치과,J42,2,2,2,239830,167930
2020,치과,J44,2,2,2,33110,23310
2020,치과,J45,2,2,2,54410,38210
2020,치과,J98,1,1,1,9650,6850
2020,치과,K00,1804676,3273426,3272349,1.00061E+11,72774470980
2020,치과,K01,1137850,2235991,2234667,1.1932E+11,83838869920
2020,치과,K02,5765770,9909426,9892688,4.96163E+11,3.5633E+11
2020,치과,K03,1807836,2723030,2711226,1.37008E+11,96858689070
2020,치과,K04,3660651,12224555,12202192,5.41522E+11,3.86864E+11
2020,치과,K05,15293931,31756298,31663676,1.46995E+12,1.03852E+12
2020,치과,K06,122453,170216,169400,5883547260,4215339580
2020,치과,K07,777505,1257737,1255132,43435861050,30872082710
2020,치과,K08,1309895,3926029,3591766,1.41326E+12,9.93187E+11
2020,치과,K09,1183,1843,1842,96786820,68448240
2020,치과,K10,28999,56188,55692,1679277330,1210309690
2020,치과,K11,3477,4663,4657,120276830,87044530
2020,치과,K12,276777,362808,362500,5557067720,4232274640
2020,치과,K13,4827,6909,6890,141441160,106097560
2020,치과,K14,4042,7035,7032,132881210,97680310
2020,치과,K20,4,5,5,76190,53690
2020,치과,K21,248,287,278,9322110,6569030
2020,치과,K25,167,233,232,5914610,4297710
2020,치과,K26,1,1,1,9650,6850
2020,치과,K29,2466,3170,3070,118108840,83836030
2020,치과,K30,597,725,670,24431170,17372470
2020,치과,K50,1,1,1,69560,48760
2020,치과,K52,1,1,1,0,0
2020,치과,K59,1,1,1,0,0
2020,치과,K74,1,2,2,70890,49690
2020,치과,K76,1,2,2,60900,42700
2020,치과,K80,1,1,1,16140,14540
2020,치과,L02,3,5,5,153630,111630
2020,치과,L03,3,3,3,69130,48630
2020,치과,L04,2,2,2,52180,36680
2020,치과,L10,2,2,2,41210,31210
2020,치과,L20,3,3,3,14560,10260
2020,치과,L21,1,1,1,14560,10260
2020,치과,L23,9,12,12,158610,111810
2020,치과,L24,18,21,21,343100,250500
2020,치과,L27,2,3,3,46870,35670
2020,치과,L28,12,23,23,277560,203460
2020,치과,L30,3,4,4,24210,21210
2020,치과,L41,1,1,1,179880,125980
2020,치과,L43,493,1302,1302,18084430,13498630
2020,치과,L50,9,9,9,79920,61420
2020,치과,L51,5,15,15,195450,144750
2020,치과,L70,2,2,2,29120,20520
2020,치과,L71,1,1,1,14560,10260
2020,치과,L81,185,200,200,3281800,2440900
2020,치과,L87,2,2,2,138330,96930
2020,치과,M05,1,2,2,0,0
2020,치과,M06,1,1,1,9650,6850
2020,치과,M10,3,6,6,102030,74930
2020,치과,M12,2,2,2,26720,18820
2020,치과,M32,1,2,2,167230,150630
2020,치과,M35,54,95,95,3649730,2825530
2020,치과,M54,1,1,1,16140,14540
2020,치과,M72,1,2,2,38810,29110
2020,치과,M79,434,505,505,16190830,11567130
2020,치과,M85,1,1,1,31640,22240
2020,치과,M86,5,14,14,623760,453160
2020,치과,M88,1,11,11,161380,146080
2020,치과,N00,1,2,2,63720,44720
2020,치과,N02,1,2,2,63600,44600
2020,치과,N04,1,2,2,72680,52880
2020,치과,N08,4,6,6,182250,131950
2020,치과,N10,1,1,1,0,0
2020,치과,N11,1,1,1,51920,36420
2020,치과,N18,58,236,236,33913450,30033850
2020,치과,N19,1,1,1,20250,16250
2020,치과,N30,1,1,1,0,0
2020,치과,N32,1,3,3,0,0
2020,치과,N94,1,1,1,0,0
2020,치과,P71,7,7,7,129220,102620
2020,치과,Q24,1,1,1,9650,8150
2020,치과,Q35,144,315,315,286185130,200691530
2020,치과,Q36,398,761,761,538279630,385150930
2020,치과,Q37,681,1751,1752,1441806270,1029790130
2020,치과,Q38,5463,9576,9513,292050160,210157560
2020,치과,Q61,2,4,4,104440,73340
2020,치과,Q67,11,11,11,255600,181000
2020,치과,Q74,1,3,3,657890,460690
2020,치과,Q75,5,11,11,9789330,7397950
2020,치과,R05,1,2,2,0,0
2020,치과,R06,23,34,34,1385470,971970
2020,치과,R10,2,2,2,32280,22680
2020,치과,R12,10650,12614,12412,451398960,321201430
2020,치과,R19,1207,1248,1248,22344420,16480420
2020,치과,R20,18,59,59,985970,725170
2020,치과,R23,1,1,1,14560,10260
2020,치과,R25,2,3,3,33950,26650
2020,치과,R43,11,19,19,281860,203760
2020,치과,R44,125,310,310,3953330,3096530
2020,치과,R51,131,147,147,2622850,1899750
2020,치과,R55,1,1,1,15130,10630
2020,치과,R57,1,1,1,13290,11790
2020,치과,R58,334,400,399,10783640,7701780
2020,치과,R59,1,1,1,14560,10260
2020,치과,R63,3,3,3,32600,28100
2020,치과,R68,11,11,11,185170,137870
2020,치과,R73,2,4,4,111000,78000
2020,치과,R80,1,2,2,50730,35530
2020,치과,S00,13479,15611,15607,293987220,225859870
2020,치과,S01,10365,13873,13860,273820970,207520510
2020,치과,S02,584564,987971,984534,34336511260,24517717100
2020,치과,S03,62819,86275,86111,2330453860,1719118410
2020,치과,S04,869,1777,1775,24281380,17688480
2020,치과,S07,2,2,2,46860,35560
2020,치과,S08,24,29,29,831560,610360
2020,치과,S09,12,17,17,401440,284140
2020,치과,S65,1,1,1,12170,8570
2020,치과,T14,1,1,1,9650,8150
2020,치과,T17,4,9,9,1906050,1339750
2020,치과,T18,172,176,176,2936440,2170840
2020,치과,T30,1,1,1,14560,10260
2020,치과,T78,1,1,1,12170,8570
2020,치과,T79,155,172,172,3831640,2889440
2020,치과,T80,4,4,4,43510,32610
2020,치과,T81,30,34,34,779170,556370
2020,치과,T84,1,4,4,71450,50250
2020,치과,T85,358835,432928,431480,14818002230,10597265920
2020,치과,T98,1,1,1,14560,10260
2020,치과,Z01,8681,10441,10441,218645510,160172910
2020,치과,Z02,19,19,19,0,0
2020,치과,Z04,16,19,19,486110,358610
2020,치과,Z10,1,1,1,197380,168880
2020,치과,Z29,453967,584260,584233,50447559970,42405433360
2020,치과,Z46,1141048,1701972,1612889,96587929940,68771184180
2020,치과,Z47,30,37,37,2128240,1514340
2020,치과,Z48,11196,14425,14357,229080110,167022930
2020,치과,Z56,1,1,1,18550,13050
2020,치과,Z71,3,3,3,37630,26430
2020,치과,Z72,19,20,20,310470,251770
2020,치과,Z88,2,3,3,41830,33030
2020,치과,Z94,2,6,6,301710,261710
2020,치과,Z96,3331,4594,4587,269637620,190802130
2020,치과,Z97,17289,19748,19583,798853740,568491550
2020,치과,Z98,4,4,4,58790,41290
